Commit at submit time: 6c36f57b01e272fa1dbf892a1a859205e9f19d23
Running from snapshot: /tmp/mp2025-wikiwatch-2560932
DuckDB memory_limit: 267.0 GiB
2026-09-20 23:20:14.972 INFO starting
2026-09-20 23:20:14.972 INFO Memory logging: False
2026-09-20 23:20:14.972 INFO Less entities: False
2026-09-20 23:20:14.972 INFO Use cache: False
2026-09-20 23:35:41.213 INFO Start timestep 2012-10-29 00:00:00+00:00 -> 2012-11-28 00:00:00+00:00
2026-09-20 23:35:49.408 INFO DuckDB memory logs:
  database_name database_size  block_size  ...  wal_size  memory_usage  memory_limit
0   postgres_db       6.4 TiB           0  ...   0 bytes     558.0 MiB     267.0 GiB
1        memory       0 bytes           0  ...   0 bytes     558.0 MiB     267.0 GiB

[2 rows x 9 columns]
2026-09-20 23:35:49.408 INFO Loading data (2012-10-29 00:00:00+00:00 -> 2012-11-28 00:00:00+00:00) done in 8.19s (real) and 5.09s (process)
2026-09-20 23:35:49.408 INFO Memory usage (start of timestep, peak): 165.78 GiB
2026-09-20 23:35:49.409 INFO Memory usage (start of timestep, current): 152.97 GiB
2026-09-20 23:35:49.409 INFO Calculating metrics
2026-09-20 23:35:49.409 INFO Calculating metric: schema_fulfillment_count
2026-09-20 23:37:26.239 INFO Calculating metric: time_entity_complete
2026-09-20 23:50:13.180 INFO Calculating metric: completeness_currency
Recomputed 0 entities, 0 of them discarded for a negative completion age. Entities in the aggregates: 0.
2026-09-20 23:50:13.847 INFO Memory usage (end of timestep, peak): 165.78 GiB
2026-09-20 23:50:13.848 INFO Memory usage (end of timestep, current): 155.49 GiB
2026-09-20 23:50:13.848 INFO (Iteration 0) schema_fulfillment_count: real 96.83s | cpu 112.28s
2026-09-20 23:50:13.848 INFO (Iteration 0) time_entity_complete: real 766.94s | cpu 766.86s
2026-09-20 23:50:13.848 INFO (Iteration 0) completeness_currency: real 0.66s | cpu 0.22s
2026-09-20 23:50:13.848 INFO Iteration 0 finished in 872.63s (real) and 884.45s (process)
2026-09-20 23:50:13.849 INFO Start timestep 2012-11-28 00:00:00+00:00 -> 2012-12-28 00:00:00+00:00
2026-09-20 23:50:33.515 INFO DuckDB memory logs:
  database_name database_size  block_size  ...  wal_size  memory_usage  memory_limit
0   postgres_db       6.4 TiB           0  ...   0 bytes       1.8 GiB     267.0 GiB
1        memory       0 bytes           0  ...   0 bytes       1.8 GiB     267.0 GiB

[2 rows x 9 columns]
2026-09-20 23:50:33.515 INFO Loading data (2012-11-28 00:00:00+00:00 -> 2012-12-28 00:00:00+00:00) done in 19.67s (real) and 13.66s (process)
2026-09-20 23:50:33.516 INFO Memory usage (start of timestep, peak): 165.78 GiB
2026-09-20 23:50:33.516 INFO Memory usage (start of timestep, current): 156.81 GiB
2026-09-20 23:50:33.516 INFO Calculating metrics
2026-09-20 23:50:33.516 INFO Calculating metric: schema_fulfillment_count
2026-09-20 23:50:56.091 INFO Calculating metric: time_entity_complete
2026-09-20 23:50:57.350 INFO Calculating metric: completeness_currency
Recomputed 227568 entities, 0 of them discarded for a negative completion age. Entities in the aggregates: 0.
2026-09-20 23:50:57.548 INFO Memory usage (end of timestep, peak): 165.78 GiB
2026-09-20 23:50:57.549 INFO Memory usage (end of timestep, current): 156.92 GiB
2026-09-20 23:50:57.549 INFO (Iteration 1) schema_fulfillment_count: real 22.58s | cpu 35.11s
2026-09-20 23:50:57.549 INFO (Iteration 1) time_entity_complete: real 1.26s | cpu 1.26s
2026-09-20 23:50:57.549 INFO (Iteration 1) completeness_currency: real 0.20s | cpu 0.30s
2026-09-20 23:50:57.549 INFO Iteration 1 finished in 43.70s (real) and 50.33s (process)
2026-09-20 23:50:57.549 INFO Start timestep 2012-12-28 00:00:00+00:00 -> 2013-01-27 00:00:00+00:00
2026-09-20 23:51:07.504 INFO DuckDB memory logs:
  database_name database_size  block_size  ...  wal_size  memory_usage  memory_limit
0   postgres_db       6.4 TiB           0  ...   0 bytes       1.1 GiB     267.0 GiB
1        memory       0 bytes           0  ...   0 bytes       1.1 GiB     267.0 GiB

[2 rows x 9 columns]
2026-09-20 23:51:07.504 INFO Loading data (2012-12-28 00:00:00+00:00 -> 2013-01-27 00:00:00+00:00) done in 9.95s (real) and 7.47s (process)
2026-09-20 23:51:07.504 INFO Memory usage (start of timestep, peak): 165.78 GiB
2026-09-20 23:51:07.504 INFO Memory usage (start of timestep, current): 156.18 GiB
2026-09-20 23:51:07.505 INFO Calculating metrics
2026-09-20 23:51:07.505 INFO Calculating metric: schema_fulfillment_count
2026-09-20 23:51:22.588 INFO Calculating metric: time_entity_complete
2026-09-20 23:51:23.461 INFO Calculating metric: completeness_currency
Recomputed 133275 entities, 0 of them discarded for a negative completion age. Entities in the aggregates: 0.
2026-09-20 23:51:23.630 INFO Memory usage (end of timestep, peak): 165.78 GiB
2026-09-20 23:51:23.630 INFO Memory usage (end of timestep, current): 156.24 GiB
2026-09-20 23:51:23.630 INFO (Iteration 2) schema_fulfillment_count: real 15.08s | cpu 29.96s
2026-09-20 23:51:23.630 INFO (Iteration 2) time_entity_complete: real 0.87s | cpu 0.87s
2026-09-20 23:51:23.630 INFO (Iteration 2) completeness_currency: real 0.17s | cpu 0.26s
2026-09-20 23:51:23.630 INFO Iteration 2 finished in 26.08s (real) and 38.56s (process)
2026-09-20 23:51:23.630 INFO Start timestep 2013-01-27 00:00:00+00:00 -> 2013-02-26 00:00:00+00:00
2026-09-20 23:51:31.713 INFO DuckDB memory logs:
  database_name database_size  block_size  ...  wal_size  memory_usage  memory_limit
0   postgres_db       6.4 TiB           0  ...   0 bytes    1011.7 MiB     267.0 GiB
1        memory       0 bytes           0  ...   0 bytes    1011.7 MiB     267.0 GiB

[2 rows x 9 columns]
2026-09-20 23:51:31.713 INFO Loading data (2013-01-27 00:00:00+00:00 -> 2013-02-26 00:00:00+00:00) done in 8.08s (real) and 6.03s (process)
2026-09-20 23:51:31.713 INFO Memory usage (start of timestep, peak): 165.78 GiB
2026-09-20 23:51:31.713 INFO Memory usage (start of timestep, current): 156.02 GiB
2026-09-20 23:51:31.713 INFO Calculating metrics
2026-09-20 23:51:31.713 INFO Calculating metric: schema_fulfillment_count
2026-09-20 23:51:53.076 INFO Calculating metric: time_entity_complete
2026-09-20 23:51:54.498 INFO Calculating metric: completeness_currency
Recomputed 209897 entities, 0 of them discarded for a negative completion age. Entities in the aggregates: 0.
2026-09-20 23:51:54.722 INFO Memory usage (end of timestep, peak): 165.78 GiB
2026-09-20 23:51:54.723 INFO Memory usage (end of timestep, current): 158.13 GiB
2026-09-20 23:51:54.723 INFO (Iteration 3) schema_fulfillment_count: real 21.36s | cpu 49.34s
2026-09-20 23:51:54.723 INFO (Iteration 3) time_entity_complete: real 1.42s | cpu 1.42s
2026-09-20 23:51:54.723 INFO (Iteration 3) completeness_currency: real 0.22s | cpu 0.38s
2026-09-20 23:51:54.723 INFO Iteration 3 finished in 31.09s (real) and 57.17s (process)
2026-09-20 23:51:54.723 INFO Start timestep 2013-02-26 00:00:00+00:00 -> 2013-03-28 00:00:00+00:00
2026-09-20 23:52:21.532 INFO DuckDB memory logs:
  database_name database_size  block_size  ...  wal_size  memory_usage  memory_limit
0   postgres_db       6.4 TiB           0  ...   0 bytes       3.2 GiB     267.0 GiB
1        memory       0 bytes           0  ...   0 bytes       3.2 GiB     267.0 GiB

[2 rows x 9 columns]
2026-09-20 23:52:21.532 INFO Loading data (2013-02-26 00:00:00+00:00 -> 2013-03-28 00:00:00+00:00) done in 26.81s (real) and 18.62s (process)
2026-09-20 23:52:21.532 INFO Memory usage (start of timestep, peak): 165.78 GiB
2026-09-20 23:52:21.533 INFO Memory usage (start of timestep, current): 158.26 GiB
2026-09-20 23:52:21.533 INFO Calculating metrics
2026-09-20 23:52:21.533 INFO Calculating metric: schema_fulfillment_count
2026-09-20 23:54:07.367 INFO Calculating metric: time_entity_complete
2026-09-20 23:54:14.132 INFO Calculating metric: completeness_currency
Recomputed 476164 entities, 0 of them discarded for a negative completion age. Entities in the aggregates: 0.
2026-09-20 23:54:14.466 INFO Memory usage (end of timestep, peak): 165.78 GiB
2026-09-20 23:54:14.466 INFO Memory usage (end of timestep, current): 161.51 GiB
2026-09-20 23:54:14.466 INFO (Iteration 4) schema_fulfillment_count: real 105.83s | cpu 139.88s
2026-09-20 23:54:14.466 INFO (Iteration 4) time_entity_complete: real 6.76s | cpu 6.76s
2026-09-20 23:54:14.466 INFO (Iteration 4) completeness_currency: real 0.33s | cpu 0.76s
2026-09-20 23:54:14.466 INFO Iteration 4 finished in 139.74s (real) and 166.02s (process)
2026-09-20 23:54:14.467 INFO Start timestep 2013-03-28 00:00:00+00:00 -> 2013-04-27 00:00:00+00:00
2026-09-20 23:54:47.199 INFO DuckDB memory logs:
  database_name database_size  block_size  ...  wal_size  memory_usage  memory_limit
0   postgres_db       6.4 TiB           0  ...   0 bytes       4.2 GiB     267.0 GiB
1        memory       0 bytes           0  ...   0 bytes       4.2 GiB     267.0 GiB

[2 rows x 9 columns]
2026-09-20 23:54:47.199 INFO Loading data (2013-03-28 00:00:00+00:00 -> 2013-04-27 00:00:00+00:00) done in 32.73s (real) and 22.78s (process)
2026-09-20 23:54:47.199 INFO Memory usage (start of timestep, peak): 165.78 GiB
2026-09-20 23:54:47.199 INFO Memory usage (start of timestep, current): 159.63 GiB
2026-09-20 23:54:47.199 INFO Calculating metrics
2026-09-20 23:54:47.199 INFO Calculating metric: schema_fulfillment_count
2026-09-20 23:55:32.253 INFO Calculating metric: time_entity_complete
2026-09-20 23:55:35.560 INFO Calculating metric: completeness_currency
Recomputed 117156 entities, 0 of them discarded for a negative completion age. Entities in the aggregates: 0.
2026-09-20 23:55:35.786 INFO Memory usage (end of timestep, peak): 165.78 GiB
2026-09-20 23:55:35.786 INFO Memory usage (end of timestep, current): 161.99 GiB
2026-09-20 23:55:35.786 INFO (Iteration 5) schema_fulfillment_count: real 45.05s | cpu 75.38s
2026-09-20 23:55:35.786 INFO (Iteration 5) time_entity_complete: real 3.31s | cpu 3.31s
2026-09-20 23:55:35.786 INFO (Iteration 5) completeness_currency: real 0.23s | cpu 0.62s
2026-09-20 23:55:35.786 INFO Iteration 5 finished in 81.32s (real) and 102.09s (process)
2026-09-20 23:55:35.788 INFO Start timestep 2013-04-27 00:00:00+00:00 -> 2013-05-27 00:00:00+00:00
2026-09-20 23:56:17.064 INFO DuckDB memory logs:
  database_name database_size  block_size  ...  wal_size  memory_usage  memory_limit
0   postgres_db       6.4 TiB           0  ...   0 bytes       5.6 GiB     267.0 GiB
1        memory       0 bytes           0  ...   0 bytes       5.6 GiB     267.0 GiB

[2 rows x 9 columns]
2026-09-20 23:56:17.064 INFO Loading data (2013-04-27 00:00:00+00:00 -> 2013-05-27 00:00:00+00:00) done in 41.28s (real) and 43.46s (process)
2026-09-20 23:56:17.065 INFO Memory usage (start of timestep, peak): 165.78 GiB
2026-09-20 23:56:17.065 INFO Memory usage (start of timestep, current): 162.63 GiB
2026-09-20 23:56:17.065 INFO Calculating metrics
2026-09-20 23:56:17.065 INFO Calculating metric: schema_fulfillment_count
2026-09-20 23:57:20.488 INFO Calculating metric: time_entity_complete
2026-09-20 23:57:26.113 INFO Calculating metric: completeness_currency
Recomputed 19776 entities, 0 of them discarded for a negative completion age. Entities in the aggregates: 0.
2026-09-20 23:57:26.324 INFO Memory usage (end of timestep, peak): 165.78 GiB
2026-09-20 23:57:26.324 INFO Memory usage (end of timestep, current): 163.10 GiB
2026-09-20 23:57:26.324 INFO (Iteration 6) schema_fulfillment_count: real 63.42s | cpu 95.88s
2026-09-20 23:57:26.324 INFO (Iteration 6) time_entity_complete: real 5.63s | cpu 5.62s
2026-09-20 23:57:26.324 INFO (Iteration 6) completeness_currency: real 0.21s | cpu 0.84s
2026-09-20 23:57:26.324 INFO Iteration 6 finished in 110.54s (real) and 145.81s (process)
2026-09-20 23:57:26.327 INFO Start timestep 2013-05-27 00:00:00+00:00 -> 2013-06-26 00:00:00+00:00
2026-09-20 23:57:41.075 INFO DuckDB memory logs:
  database_name database_size  block_size  ...  wal_size  memory_usage  memory_limit
0   postgres_db       6.4 TiB           0  ...   0 bytes       1.9 GiB     267.0 GiB
1        memory       0 bytes           0  ...   0 bytes       1.9 GiB     267.0 GiB

[2 rows x 9 columns]
2026-09-20 23:57:41.076 INFO Loading data (2013-05-27 00:00:00+00:00 -> 2013-06-26 00:00:00+00:00) done in 14.75s (real) and 13.00s (process)
2026-09-20 23:57:41.076 INFO Memory usage (start of timestep, peak): 165.78 GiB
2026-09-20 23:57:41.076 INFO Memory usage (start of timestep, current): 157.37 GiB
2026-09-20 23:57:41.076 INFO Calculating metrics
2026-09-20 23:57:41.076 INFO Calculating metric: schema_fulfillment_count
2026-09-20 23:58:18.485 INFO Calculating metric: time_entity_complete
2026-09-20 23:58:21.140 INFO Calculating metric: completeness_currency
Time happened changes: 36992. Discarded 2888 coarser than day precision and 33667 before the cutoff date of 2012-10-29. Entities with time_happened: 370.
Recomputed 47881 entities, 223 of them discarded for a negative completion age. Entities in the aggregates: 131.
2026-09-20 23:58:40.024 INFO Registered new metric: 'completeness_currency_avg_age_years' with ID: 220
2026-09-20 23:58:40.044 INFO Registered new metric: 'completeness_currency_avg_score' with ID: 221
2026-09-20 23:58:40.052 INFO Registered new metric: 'completeness_currency_entity_count' with ID: 222
2026-09-20 23:58:40.060 INFO Registered new metric: 'completeness_currency_avg_age_years_per_class' with ID: 223
2026-09-20 23:58:40.065 INFO Registered new metric: 'completeness_currency_avg_score_per_class' with ID: 224
2026-09-20 23:58:40.069 INFO Registered new metric: 'completeness_currency_entity_count_per_class' with ID: 225
2026-09-20 23:58:40.312 INFO Memory usage (end of timestep, peak): 165.78 GiB
2026-09-20 23:58:40.312 INFO Memory usage (end of timestep, current): 157.36 GiB
2026-09-20 23:58:40.312 INFO (Iteration 7) schema_fulfillment_count: real 37.41s | cpu 66.00s
2026-09-20 23:58:40.312 INFO (Iteration 7) time_entity_complete: real 2.65s | cpu 2.65s
2026-09-20 23:58:40.312 INFO (Iteration 7) completeness_currency: real 19.17s | cpu 36.07s
2026-09-20 23:58:40.312 INFO Iteration 7 finished in 73.98s (real) and 117.73s (process)
2026-09-20 23:58:40.313 INFO Start timestep 2013-06-26 00:00:00+00:00 -> 2013-07-26 00:00:00+00:00
2026-09-20 23:59:01.828 INFO DuckDB memory logs:
  database_name database_size  block_size  ...  wal_size  memory_usage  memory_limit
0   postgres_db       6.4 TiB           0  ...   0 bytes       3.2 GiB     267.0 GiB
1        memory       0 bytes           0  ...   0 bytes       3.2 GiB     267.0 GiB

[2 rows x 9 columns]
2026-09-20 23:59:01.828 INFO Loading data (2013-06-26 00:00:00+00:00 -> 2013-07-26 00:00:00+00:00) done in 21.52s (real) and 14.65s (process)
2026-09-20 23:59:01.828 INFO Memory usage (start of timestep, peak): 165.78 GiB
2026-09-20 23:59:01.828 INFO Memory usage (start of timestep, current): 158.60 GiB
2026-09-20 23:59:01.828 INFO Calculating metrics
2026-09-20 23:59:01.828 INFO Calculating metric: schema_fulfillment_count
2026-09-21 00:01:52.542 INFO Calculating metric: time_entity_complete
2026-09-21 00:01:59.992 INFO Calculating metric: completeness_currency
Time happened changes: 1552. Discarded 384 coarser than day precision and 1011 before the cutoff date of 2012-10-29. Entities with time_happened: 443.
Recomputed 15546 entities, 38 of them discarded for a negative completion age. Entities in the aggregates: 141.
2026-09-21 00:02:05.055 INFO Memory usage (end of timestep, peak): 165.78 GiB
2026-09-21 00:02:05.055 INFO Memory usage (end of timestep, current): 159.06 GiB
2026-09-21 00:02:05.055 INFO (Iteration 8) schema_fulfillment_count: real 170.71s | cpu 204.16s
2026-09-21 00:02:05.055 INFO (Iteration 8) time_entity_complete: real 7.45s | cpu 7.45s
2026-09-21 00:02:05.055 INFO (Iteration 8) completeness_currency: real 5.06s | cpu 22.57s
2026-09-21 00:02:05.055 INFO Iteration 8 finished in 204.74s (real) and 248.82s (process)
2026-09-21 00:02:05.056 INFO Start timestep 2013-07-26 00:00:00+00:00 -> 2013-08-25 00:00:00+00:00
2026-09-21 00:02:18.248 INFO DuckDB memory logs:
  database_name database_size  block_size  ...  wal_size  memory_usage  memory_limit
0   postgres_db       6.4 TiB           0  ...   0 bytes       1.8 GiB     267.0 GiB
1        memory       0 bytes           0  ...   0 bytes       1.8 GiB     267.0 GiB

[2 rows x 9 columns]
2026-09-21 00:02:18.249 INFO Loading data (2013-07-26 00:00:00+00:00 -> 2013-08-25 00:00:00+00:00) done in 13.19s (real) and 9.13s (process)
2026-09-21 00:02:18.249 INFO Memory usage (start of timestep, peak): 165.78 GiB
2026-09-21 00:02:18.249 INFO Memory usage (start of timestep, current): 157.44 GiB
2026-09-21 00:02:18.249 INFO Calculating metrics
2026-09-21 00:02:18.249 INFO Calculating metric: schema_fulfillment_count
2026-09-21 00:03:03.044 INFO Calculating metric: time_entity_complete
2026-09-21 00:03:06.213 INFO Calculating metric: completeness_currency
Time happened changes: 1053. Discarded 181 coarser than day precision and 751 before the cutoff date of 2012-10-29. Entities with time_happened: 492.
Recomputed 88129 entities, 22 of them discarded for a negative completion age. Entities in the aggregates: 156.
2026-09-21 00:03:11.512 INFO Memory usage (end of timestep, peak): 168.54 GiB
2026-09-21 00:03:11.512 INFO Memory usage (end of timestep, current): 157.97 GiB
2026-09-21 00:03:11.512 INFO (Iteration 9) schema_fulfillment_count: real 44.80s | cpu 78.25s
2026-09-21 00:03:11.512 INFO (Iteration 9) time_entity_complete: real 3.17s | cpu 3.17s
2026-09-21 00:03:11.512 INFO (Iteration 9) completeness_currency: real 5.30s | cpu 23.78s
2026-09-21 00:03:11.513 INFO Iteration 9 finished in 66.46s (real) and 114.33s (process)
2026-09-21 00:03:11.513 INFO Start timestep 2013-08-25 00:00:00+00:00 -> 2013-09-24 00:00:00+00:00
2026-09-21 00:03:24.257 INFO DuckDB memory logs:
  database_name database_size  block_size  ...  wal_size  memory_usage  memory_limit
0   postgres_db       6.4 TiB           0  ...   0 bytes       1.8 GiB     267.0 GiB
1        memory       0 bytes           0  ...   0 bytes       1.8 GiB     267.0 GiB

[2 rows x 9 columns]
2026-09-21 00:03:24.257 INFO Loading data (2013-08-25 00:00:00+00:00 -> 2013-09-24 00:00:00+00:00) done in 12.74s (real) and 10.93s (process)
2026-09-21 00:03:24.257 INFO Memory usage (start of timestep, peak): 168.54 GiB
2026-09-21 00:03:24.257 INFO Memory usage (start of timestep, current): 157.43 GiB
2026-09-21 00:03:24.257 INFO Calculating metrics
2026-09-21 00:03:24.257 INFO Calculating metric: schema_fulfillment_count
2026-09-21 00:04:14.243 INFO Calculating metric: time_entity_complete
2026-09-21 00:04:18.287 INFO Calculating metric: completeness_currency
Time happened changes: 30576. Discarded 2321 coarser than day precision and 27708 before the cutoff date of 2012-10-29. Entities with time_happened: 868.
Recomputed 142243 entities, 191 of them discarded for a negative completion age. Entities in the aggregates: 307.
2026-09-21 00:04:35.004 INFO Memory usage (end of timestep, peak): 170.55 GiB
2026-09-21 00:04:35.004 INFO Memory usage (end of timestep, current): 158.34 GiB
2026-09-21 00:04:35.004 INFO (Iteration 10) schema_fulfillment_count: real 49.98s | cpu 87.37s
2026-09-21 00:04:35.004 INFO (Iteration 10) time_entity_complete: real 4.04s | cpu 4.04s
2026-09-21 00:04:35.004 INFO (Iteration 10) completeness_currency: real 16.72s | cpu 35.04s
2026-09-21 00:04:35.004 INFO Iteration 10 finished in 83.49s (real) and 137.39s (process)
2026-09-21 00:04:35.005 INFO Start timestep 2013-09-24 00:00:00+00:00 -> 2013-10-24 00:00:00+00:00
2026-09-21 00:04:55.710 INFO DuckDB memory logs:
  database_name database_size  block_size  ...  wal_size  memory_usage  memory_limit
0   postgres_db       6.4 TiB           0  ...   0 bytes       2.9 GiB     267.0 GiB
1        memory       0 bytes           0  ...   0 bytes       2.9 GiB     267.0 GiB

[2 rows x 9 columns]
2026-09-21 00:04:55.710 INFO Loading data (2013-09-24 00:00:00+00:00 -> 2013-10-24 00:00:00+00:00) done in 20.71s (real) and 14.45s (process)
2026-09-21 00:04:55.710 INFO Memory usage (start of timestep, peak): 170.55 GiB
2026-09-21 00:04:55.711 INFO Memory usage (start of timestep, current): 158.61 GiB
2026-09-21 00:04:55.711 INFO Calculating metrics
2026-09-21 00:04:55.711 INFO Calculating metric: schema_fulfillment_count
2026-09-21 00:07:59.206 INFO Calculating metric: time_entity_complete
2026-09-21 00:08:06.860 INFO Calculating metric: completeness_currency
Time happened changes: 76144. Discarded 4986 coarser than day precision and 68234 before the cutoff date of 2012-10-29. Entities with time_happened: 2159.
Recomputed 878047 entities, 396 of them discarded for a negative completion age. Entities in the aggregates: 633.
2026-09-21 00:08:41.884 INFO Memory usage (end of timestep, peak): 192.17 GiB
2026-09-21 00:08:41.884 INFO Memory usage (end of timestep, current): 158.94 GiB
2026-09-21 00:08:41.884 INFO (Iteration 11) schema_fulfillment_count: real 183.49s | cpu 257.88s
2026-09-21 00:08:41.884 INFO (Iteration 11) time_entity_complete: real 7.65s | cpu 7.65s
2026-09-21 00:08:41.884 INFO (Iteration 11) completeness_currency: real 35.02s | cpu 54.49s
2026-09-21 00:08:41.884 INFO Iteration 11 finished in 246.88s (real) and 334.47s (process)
2026-09-21 00:08:41.884 INFO Start timestep 2013-10-24 00:00:00+00:00 -> 2013-11-23 00:00:00+00:00
2026-09-21 00:08:59.990 INFO DuckDB memory logs:
  database_name database_size  block_size  ...  wal_size  memory_usage  memory_limit
0   postgres_db       6.4 TiB           0  ...   0 bytes       2.6 GiB     267.0 GiB
1        memory       0 bytes           0  ...   0 bytes       2.6 GiB     267.0 GiB

[2 rows x 9 columns]
2026-09-21 00:08:59.990 INFO Loading data (2013-10-24 00:00:00+00:00 -> 2013-11-23 00:00:00+00:00) done in 18.11s (real) and 12.49s (process)
2026-09-21 00:08:59.990 INFO Memory usage (start of timestep, peak): 192.17 GiB
2026-09-21 00:08:59.991 INFO Memory usage (start of timestep, current): 158.59 GiB
2026-09-21 00:08:59.991 INFO Calculating metrics
2026-09-21 00:08:59.991 INFO Calculating metric: schema_fulfillment_count
2026-09-21 00:11:59.497 INFO Calculating metric: time_entity_complete
2026-09-21 00:12:07.364 INFO Calculating metric: completeness_currency
Time happened changes: 45113. Discarded 4955 coarser than day precision and 39089 before the cutoff date of 2012-10-29. Entities with time_happened: 2816.
Recomputed 1038522 entities, 200 of them discarded for a negative completion age. Entities in the aggregates: 846.
2026-09-21 00:13:13.955 INFO Memory usage (end of timestep, peak): 192.17 GiB
2026-09-21 00:13:13.956 INFO Memory usage (end of timestep, current): 158.95 GiB
2026-09-21 00:13:13.956 INFO (Iteration 12) schema_fulfillment_count: real 179.51s | cpu 216.03s
2026-09-21 00:13:13.956 INFO (Iteration 12) time_entity_complete: real 7.87s | cpu 7.86s
2026-09-21 00:13:13.956 INFO (Iteration 12) completeness_currency: real 66.59s | cpu 82.99s
2026-09-21 00:13:13.956 INFO Iteration 12 finished in 272.07s (real) and 319.38s (process)
2026-09-21 00:13:13.956 INFO Start timestep 2013-11-23 00:00:00+00:00 -> 2013-12-23 00:00:00+00:00
2026-09-21 00:13:34.328 INFO DuckDB memory logs:
  database_name database_size  block_size  ...  wal_size  memory_usage  memory_limit
0   postgres_db       6.4 TiB           0  ...   0 bytes       3.1 GiB     267.0 GiB
1        memory       0 bytes           0  ...   0 bytes       3.1 GiB     267.0 GiB

[2 rows x 9 columns]
2026-09-21 00:13:34.328 INFO Loading data (2013-11-23 00:00:00+00:00 -> 2013-12-23 00:00:00+00:00) done in 20.37s (real) and 20.56s (process)
2026-09-21 00:13:34.328 INFO Memory usage (start of timestep, peak): 192.17 GiB
2026-09-21 00:13:34.328 INFO Memory usage (start of timestep, current): 160.34 GiB
2026-09-21 00:13:34.328 INFO Calculating metrics
2026-09-21 00:13:34.328 INFO Calculating metric: schema_fulfillment_count
2026-09-21 00:15:33.256 INFO Calculating metric: time_entity_complete
2026-09-21 00:15:40.082 INFO Calculating metric: completeness_currency
Time happened changes: 2588. Discarded 212 coarser than day precision and 2112 before the cutoff date of 2012-10-29. Entities with time_happened: 2957.
Recomputed 276978 entities, 87 of them discarded for a negative completion age. Entities in the aggregates: 884.
2026-09-21 00:15:45.656 INFO Memory usage (end of timestep, peak): 192.17 GiB
2026-09-21 00:15:45.656 INFO Memory usage (end of timestep, current): 159.57 GiB
2026-09-21 00:15:45.656 INFO (Iteration 13) schema_fulfillment_count: real 118.93s | cpu 151.39s
2026-09-21 00:15:45.656 INFO (Iteration 13) time_entity_complete: real 6.83s | cpu 6.82s
2026-09-21 00:15:45.656 INFO (Iteration 13) completeness_currency: real 5.57s | cpu 20.98s
2026-09-21 00:15:45.656 INFO Iteration 13 finished in 151.70s (real) and 199.75s (process)
2026-09-21 00:15:45.657 INFO Start timestep 2013-12-23 00:00:00+00:00 -> 2014-01-22 00:00:00+00:00
2026-09-21 00:16:05.443 INFO DuckDB memory logs:
  database_name database_size  block_size  ...  wal_size  memory_usage  memory_limit
0   postgres_db       6.4 TiB           0  ...   0 bytes       3.0 GiB     267.0 GiB
1        memory       0 bytes           0  ...   0 bytes       3.0 GiB     267.0 GiB

[2 rows x 9 columns]
2026-09-21 00:16:05.443 INFO Loading data (2013-12-23 00:00:00+00:00 -> 2014-01-22 00:00:00+00:00) done in 19.79s (real) and 13.61s (process)
2026-09-21 00:16:05.443 INFO Memory usage (start of timestep, peak): 192.17 GiB
2026-09-21 00:16:05.444 INFO Memory usage (start of timestep, current): 159.73 GiB
2026-09-21 00:16:05.444 INFO Calculating metrics
2026-09-21 00:16:05.444 INFO Calculating metric: schema_fulfillment_count
2026-09-21 00:17:11.782 INFO Calculating metric: time_entity_complete
2026-09-21 00:17:17.680 INFO Calculating metric: completeness_currency
Time happened changes: 2660. Discarded 318 coarser than day precision and 2094 before the cutoff date of 2012-10-29. Entities with time_happened: 3108.
Recomputed 74666 entities, 73 of them discarded for a negative completion age. Entities in the aggregates: 943.
2026-09-21 00:17:23.590 INFO Memory usage (end of timestep, peak): 192.17 GiB
2026-09-21 00:17:23.591 INFO Memory usage (end of timestep, current): 159.63 GiB
2026-09-21 00:17:23.591 INFO (Iteration 14) schema_fulfillment_count: real 66.34s | cpu 100.18s
2026-09-21 00:17:23.591 INFO (Iteration 14) time_entity_complete: real 5.90s | cpu 5.89s
2026-09-21 00:17:23.591 INFO (Iteration 14) completeness_currency: real 5.91s | cpu 23.38s
2026-09-21 00:17:23.591 INFO Iteration 14 finished in 97.93s (real) and 143.07s (process)
2026-09-21 00:17:23.591 INFO Start timestep 2014-01-22 00:00:00+00:00 -> 2014-02-21 00:00:00+00:00
2026-09-21 00:17:42.546 INFO DuckDB memory logs:
  database_name database_size  block_size  ...  wal_size  memory_usage  memory_limit
0   postgres_db       6.4 TiB           0  ...   0 bytes       2.8 GiB     267.0 GiB
1        memory       0 bytes           0  ...   0 bytes       2.8 GiB     267.0 GiB

[2 rows x 9 columns]
2026-09-21 00:17:42.546 INFO Loading data (2014-01-22 00:00:00+00:00 -> 2014-02-21 00:00:00+00:00) done in 18.95s (real) and 13.01s (process)
2026-09-21 00:17:42.547 INFO Memory usage (start of timestep, peak): 192.17 GiB
2026-09-21 00:17:42.547 INFO Memory usage (start of timestep, current): 159.06 GiB
2026-09-21 00:17:42.547 INFO Calculating metrics
2026-09-21 00:17:42.547 INFO Calculating metric: schema_fulfillment_count
2026-09-21 00:18:50.137 INFO Calculating metric: time_entity_complete
2026-09-21 00:18:56.712 INFO Calculating metric: completeness_currency
Time happened changes: 162469. Discarded 4006 coarser than day precision and 155915 before the cutoff date of 2012-10-29. Entities with time_happened: 5434.
Recomputed 171155 entities, 793 of them discarded for a negative completion age. Entities in the aggregates: 2219.
2026-09-21 00:20:55.058 INFO Memory usage (end of timestep, peak): 192.17 GiB
2026-09-21 00:20:55.058 INFO Memory usage (end of timestep, current): 159.16 GiB
2026-09-21 00:20:55.058 INFO (Iteration 15) schema_fulfillment_count: real 67.59s | cpu 97.29s
2026-09-21 00:20:55.058 INFO (Iteration 15) time_entity_complete: real 6.57s | cpu 6.57s
2026-09-21 00:20:55.058 INFO (Iteration 15) completeness_currency: real 118.35s | cpu 135.77s
2026-09-21 00:20:55.058 INFO Iteration 15 finished in 211.47s (real) and 252.65s (process)
2026-09-21 00:20:55.059 INFO Start timestep 2014-02-21 00:00:00+00:00 -> 2014-03-23 00:00:00+00:00
2026-09-21 00:21:16.086 INFO DuckDB memory logs:
  database_name database_size  block_size  ...  wal_size  memory_usage  memory_limit
0   postgres_db       6.4 TiB           0  ...   0 bytes       3.2 GiB     267.0 GiB
1        memory       0 bytes           0  ...   0 bytes       3.2 GiB     267.0 GiB

[2 rows x 9 columns]
2026-09-21 00:21:16.086 INFO Loading data (2014-02-21 00:00:00+00:00 -> 2014-03-23 00:00:00+00:00) done in 21.03s (real) and 14.62s (process)
2026-09-21 00:21:16.087 INFO Memory usage (start of timestep, peak): 192.17 GiB
2026-09-21 00:21:16.087 INFO Memory usage (start of timestep, current): 159.46 GiB
2026-09-21 00:21:16.087 INFO Calculating metrics
2026-09-21 00:21:16.087 INFO Calculating metric: schema_fulfillment_count
2026-09-21 00:23:10.085 INFO Calculating metric: time_entity_complete
2026-09-21 00:23:15.433 INFO Calculating metric: completeness_currency
Time happened changes: 6870. Discarded 750 coarser than day precision and 5447 before the cutoff date of 2012-10-29. Entities with time_happened: 5976.
Recomputed 35925 entities, 275 of them discarded for a negative completion age. Entities in the aggregates: 2431.
2026-09-21 00:23:22.714 INFO Memory usage (end of timestep, peak): 192.17 GiB
2026-09-21 00:23:22.715 INFO Memory usage (end of timestep, current): 159.99 GiB
2026-09-21 00:23:22.715 INFO (Iteration 16) schema_fulfillment_count: real 114.00s | cpu 142.07s
2026-09-21 00:23:22.715 INFO (Iteration 16) time_entity_complete: real 5.35s | cpu 5.35s
2026-09-21 00:23:22.715 INFO (Iteration 16) completeness_currency: real 7.28s | cpu 25.62s
2026-09-21 00:23:22.715 INFO Iteration 16 finished in 147.66s (real) and 187.66s (process)
2026-09-21 00:23:22.716 INFO Start timestep 2014-03-23 00:00:00+00:00 -> 2014-04-22 00:00:00+00:00
2026-09-21 00:23:38.121 INFO DuckDB memory logs:
  database_name database_size  block_size  ...  wal_size  memory_usage  memory_limit
0   postgres_db       6.4 TiB           0  ...   0 bytes       2.1 GiB     267.0 GiB
1        memory       0 bytes           0  ...   0 bytes       2.1 GiB     267.0 GiB

[2 rows x 9 columns]
2026-09-21 00:23:38.121 INFO Loading data (2014-03-23 00:00:00+00:00 -> 2014-04-22 00:00:00+00:00) done in 15.41s (real) and 15.48s (process)
2026-09-21 00:23:38.121 INFO Memory usage (start of timestep, peak): 192.17 GiB
2026-09-21 00:23:38.121 INFO Memory usage (start of timestep, current): 158.95 GiB
2026-09-21 00:23:38.121 INFO Calculating metrics
2026-09-21 00:23:38.122 INFO Calculating metric: schema_fulfillment_count
2026-09-21 00:24:05.585 INFO Calculating metric: time_entity_complete
2026-09-21 00:24:07.306 INFO Calculating metric: completeness_currency
Time happened changes: 17203. Discarded 808 coarser than day precision and 13027 before the cutoff date of 2012-10-29. Entities with time_happened: 9131.
Recomputed 98459 entities, 1048 of them discarded for a negative completion age. Entities in the aggregates: 3373.
2026-09-21 00:24:18.800 INFO Memory usage (end of timestep, peak): 192.17 GiB
2026-09-21 00:24:18.801 INFO Memory usage (end of timestep, current): 159.24 GiB
2026-09-21 00:24:18.801 INFO (Iteration 17) schema_fulfillment_count: real 27.46s | cpu 62.72s
2026-09-21 00:24:18.801 INFO (Iteration 17) time_entity_complete: real 1.72s | cpu 1.72s
2026-09-21 00:24:18.801 INFO (Iteration 17) completeness_currency: real 11.49s | cpu 29.01s
2026-09-21 00:24:18.801 INFO Iteration 17 finished in 56.09s (real) and 108.94s (process)
2026-09-21 00:24:18.801 INFO Start timestep 2014-04-22 00:00:00+00:00 -> 2014-05-22 00:00:00+00:00
2026-09-21 00:24:46.726 INFO DuckDB memory logs:
  database_name database_size  block_size  ...  wal_size  memory_usage  memory_limit
0   postgres_db       6.4 TiB           0  ...   0 bytes       4.3 GiB     267.0 GiB
1        memory       0 bytes           0  ...   0 bytes       4.3 GiB     267.0 GiB

[2 rows x 9 columns]
2026-09-21 00:24:46.727 INFO Loading data (2014-04-22 00:00:00+00:00 -> 2014-05-22 00:00:00+00:00) done in 27.93s (real) and 19.25s (process)
2026-09-21 00:24:46.727 INFO Memory usage (start of timestep, peak): 192.17 GiB
2026-09-21 00:24:46.727 INFO Memory usage (start of timestep, current): 160.47 GiB
2026-09-21 00:24:46.727 INFO Calculating metrics
2026-09-21 00:24:46.727 INFO Calculating metric: schema_fulfillment_count
2026-09-21 00:28:10.614 INFO Calculating metric: time_entity_complete
2026-09-21 00:28:19.130 INFO Calculating metric: completeness_currency
Time happened changes: 48142. Discarded 4260 coarser than day precision and 41997 before the cutoff date of 2012-10-29. Entities with time_happened: 10892.
Recomputed 288357 entities, 375 of them discarded for a negative completion age. Entities in the aggregates: 3795.
2026-09-21 00:28:42.386 INFO Memory usage (end of timestep, peak): 192.17 GiB
2026-09-21 00:28:42.386 INFO Memory usage (end of timestep, current): 160.92 GiB
2026-09-21 00:28:42.386 INFO (Iteration 18) schema_fulfillment_count: real 203.89s | cpu 241.66s
2026-09-21 00:28:42.386 INFO (Iteration 18) time_entity_complete: real 8.51s | cpu 8.51s
2026-09-21 00:28:42.386 INFO (Iteration 18) completeness_currency: real 23.26s | cpu 39.73s
2026-09-21 00:28:42.386 INFO Iteration 18 finished in 263.58s (real) and 309.16s (process)
2026-09-21 00:28:42.387 INFO Start timestep 2014-05-22 00:00:00+00:00 -> 2014-06-21 00:00:00+00:00
2026-09-21 00:29:01.690 INFO DuckDB memory logs:
  database_name database_size  block_size  ...  wal_size  memory_usage  memory_limit
0   postgres_db       6.4 TiB           0  ...   0 bytes       2.7 GiB     267.0 GiB
1        memory       0 bytes           0  ...   0 bytes       2.7 GiB     267.0 GiB

[2 rows x 9 columns]
2026-09-21 00:29:01.691 INFO Loading data (2014-05-22 00:00:00+00:00 -> 2014-06-21 00:00:00+00:00) done in 19.30s (real) and 13.50s (process)
2026-09-21 00:29:01.691 INFO Memory usage (start of timestep, peak): 192.17 GiB
2026-09-21 00:29:01.691 INFO Memory usage (start of timestep, current): 159.10 GiB
2026-09-21 00:29:01.691 INFO Calculating metrics
2026-09-21 00:29:01.691 INFO Calculating metric: schema_fulfillment_count
2026-09-21 00:30:32.065 INFO Calculating metric: time_entity_complete
2026-09-21 00:30:40.096 INFO Calculating metric: completeness_currency
Time happened changes: 78897. Discarded 19251 coarser than day precision and 55795 before the cutoff date of 2012-10-29. Entities with time_happened: 13600.
Recomputed 151071 entities, 879 of them discarded for a negative completion age. Entities in the aggregates: 4612.
2026-09-21 00:31:59.992 INFO Memory usage (end of timestep, peak): 192.17 GiB
2026-09-21 00:31:59.993 INFO Memory usage (end of timestep, current): 159.17 GiB
2026-09-21 00:31:59.993 INFO (Iteration 19) schema_fulfillment_count: real 90.37s | cpu 128.91s
2026-09-21 00:31:59.993 INFO (Iteration 19) time_entity_complete: real 8.03s | cpu 8.03s
2026-09-21 00:31:59.993 INFO (Iteration 19) completeness_currency: real 79.90s | cpu 96.57s
2026-09-21 00:31:59.993 INFO Iteration 19 finished in 197.61s (real) and 247.01s (process)
2026-09-21 00:31:59.993 INFO Start timestep 2014-06-21 00:00:00+00:00 -> 2014-07-21 00:00:00+00:00
2026-09-21 00:32:15.137 INFO DuckDB memory logs:
  database_name database_size  block_size  ...  wal_size  memory_usage  memory_limit
0   postgres_db       6.4 TiB           0  ...   0 bytes       2.2 GiB     267.0 GiB
1        memory       0 bytes           0  ...   0 bytes       2.2 GiB     267.0 GiB

[2 rows x 9 columns]
2026-09-21 00:32:15.137 INFO Loading data (2014-06-21 00:00:00+00:00 -> 2014-07-21 00:00:00+00:00) done in 15.14s (real) and 10.69s (process)
2026-09-21 00:32:15.137 INFO Memory usage (start of timestep, peak): 192.17 GiB
2026-09-21 00:32:15.137 INFO Memory usage (start of timestep, current): 158.59 GiB
2026-09-21 00:32:15.137 INFO Calculating metrics
2026-09-21 00:32:15.137 INFO Calculating metric: schema_fulfillment_count
2026-09-21 00:34:05.850 INFO Calculating metric: time_entity_complete
2026-09-21 00:34:09.346 INFO Calculating metric: completeness_currency
Time happened changes: 131701. Discarded 25529 coarser than day precision and 101427 before the cutoff date of 2012-10-29. Entities with time_happened: 15831.
Recomputed 165061 entities, 512 of them discarded for a negative completion age. Entities in the aggregates: 5072.
2026-09-21 00:35:46.777 INFO Memory usage (end of timestep, peak): 192.17 GiB
2026-09-21 00:35:46.778 INFO Memory usage (end of timestep, current): 158.67 GiB
2026-09-21 00:35:46.778 INFO (Iteration 20) schema_fulfillment_count: real 110.71s | cpu 166.35s
2026-09-21 00:35:46.778 INFO (Iteration 20) time_entity_complete: real 3.50s | cpu 3.50s
2026-09-21 00:35:46.778 INFO (Iteration 20) completeness_currency: real 97.43s | cpu 118.82s
2026-09-21 00:35:46.778 INFO Iteration 20 finished in 226.79s (real) and 299.36s (process)
2026-09-21 00:35:46.778 INFO Start timestep 2014-07-21 00:00:00+00:00 -> 2014-08-20 00:00:00+00:00
2026-09-21 00:35:59.925 INFO DuckDB memory logs:
  database_name database_size  block_size  ...  wal_size  memory_usage  memory_limit
0   postgres_db       6.4 TiB           0  ...   0 bytes       1.9 GiB     267.0 GiB
1        memory       0 bytes           0  ...   0 bytes       1.9 GiB     267.0 GiB

[2 rows x 9 columns]
2026-09-21 00:35:59.925 INFO Loading data (2014-07-21 00:00:00+00:00 -> 2014-08-20 00:00:00+00:00) done in 13.15s (real) and 9.18s (process)
2026-09-21 00:35:59.925 INFO Memory usage (start of timestep, peak): 192.17 GiB
2026-09-21 00:35:59.925 INFO Memory usage (start of timestep, current): 158.24 GiB
2026-09-21 00:35:59.925 INFO Calculating metrics
2026-09-21 00:35:59.925 INFO Calculating metric: schema_fulfillment_count
2026-09-21 00:38:00.647 INFO Calculating metric: time_entity_complete
2026-09-21 00:38:05.082 INFO Calculating metric: completeness_currency
Time happened changes: 108518. Discarded 17020 coarser than day precision and 87489 before the cutoff date of 2012-10-29. Entities with time_happened: 18357.
Recomputed 140418 entities, 846 of them discarded for a negative completion age. Entities in the aggregates: 5710.
2026-09-21 00:39:39.658 INFO Memory usage (end of timestep, peak): 192.17 GiB
2026-09-21 00:39:39.659 INFO Memory usage (end of timestep, current): 158.30 GiB
2026-09-21 00:39:39.659 INFO (Iteration 21) schema_fulfillment_count: real 120.72s | cpu 165.93s
2026-09-21 00:39:39.659 INFO (Iteration 21) time_entity_complete: real 4.43s | cpu 4.43s
2026-09-21 00:39:39.659 INFO (Iteration 21) completeness_currency: real 94.58s | cpu 114.03s
2026-09-21 00:39:39.659 INFO Iteration 21 finished in 232.88s (real) and 293.57s (process)
2026-09-21 00:39:39.659 INFO Start timestep 2014-08-20 00:00:00+00:00 -> 2014-09-19 00:00:00+00:00
2026-09-21 00:39:54.198 INFO DuckDB memory logs:
  database_name database_size  block_size  ...  wal_size  memory_usage  memory_limit
0   postgres_db       6.4 TiB           0  ...   0 bytes       2.1 GiB     267.0 GiB
1        memory       0 bytes           0  ...   0 bytes       2.1 GiB     267.0 GiB

[2 rows x 9 columns]
2026-09-21 00:39:54.198 INFO Loading data (2014-08-20 00:00:00+00:00 -> 2014-09-19 00:00:00+00:00) done in 14.54s (real) and 10.11s (process)
2026-09-21 00:39:54.198 INFO Memory usage (start of timestep, peak): 192.17 GiB
2026-09-21 00:39:54.198 INFO Memory usage (start of timestep, current): 158.46 GiB
2026-09-21 00:39:54.198 INFO Calculating metrics
2026-09-21 00:39:54.199 INFO Calculating metric: schema_fulfillment_count
2026-09-21 00:41:36.310 INFO Calculating metric: time_entity_complete
2026-09-21 00:41:40.218 INFO Calculating metric: completeness_currency
Time happened changes: 36739. Discarded 7149 coarser than day precision and 24987 before the cutoff date of 2012-10-29. Entities with time_happened: 19917.
Recomputed 50318 entities, 415 of them discarded for a negative completion age. Entities in the aggregates: 6032.
2026-09-21 00:41:57.738 INFO Memory usage (end of timestep, peak): 192.17 GiB
2026-09-21 00:41:57.738 INFO Memory usage (end of timestep, current): 158.47 GiB
2026-09-21 00:41:57.738 INFO (Iteration 22) schema_fulfillment_count: real 102.11s | cpu 137.17s
2026-09-21 00:41:57.739 INFO (Iteration 22) time_entity_complete: real 3.91s | cpu 3.91s
2026-09-21 00:41:57.739 INFO (Iteration 22) completeness_currency: real 17.52s | cpu 36.56s
2026-09-21 00:41:57.739 INFO Iteration 22 finished in 138.08s (real) and 187.75s (process)
2026-09-21 00:41:57.739 INFO Start timestep 2014-09-19 00:00:00+00:00 -> 2014-10-19 00:00:00+00:00
2026-09-21 00:42:15.841 INFO DuckDB memory logs:
  database_name database_size  block_size  ...  wal_size  memory_usage  memory_limit
0   postgres_db       6.4 TiB           0  ...   0 bytes       2.5 GiB     267.0 GiB
1        memory       0 bytes           0  ...   0 bytes       2.5 GiB     267.0 GiB

[2 rows x 9 columns]
2026-09-21 00:42:15.841 INFO Loading data (2014-09-19 00:00:00+00:00 -> 2014-10-19 00:00:00+00:00) done in 18.10s (real) and 17.14s (process)
2026-09-21 00:42:15.841 INFO Memory usage (start of timestep, peak): 192.17 GiB
2026-09-21 00:42:15.841 INFO Memory usage (start of timestep, current): 158.87 GiB
2026-09-21 00:42:15.841 INFO Calculating metrics
2026-09-21 00:42:15.841 INFO Calculating metric: schema_fulfillment_count
Warning: (SchemaFulfillmentCount) Unsupported IriStem prefix https://stackoverflow.com/tags
Warning: (SchemaFulfillmentCount) Unsupported IriStem prefix https://stackoverflow.com/tags
Warning: (SchemaFulfillmentCount) Unsupported IriStem prefix https://stackoverflow.com/tags
Warning: (SchemaFulfillmentCount) Unsupported IriStem prefix https://stackoverflow.com/tags
2026-09-21 00:42:58.254 INFO Calculating metric: time_entity_complete
2026-09-21 00:43:01.258 INFO Calculating metric: completeness_currency
Time happened changes: 29159. Discarded 7435 coarser than day precision and 20013 before the cutoff date of 2012-10-29. Entities with time_happened: 21179.
Recomputed 186835 entities, 336 of them discarded for a negative completion age. Entities in the aggregates: 7157.
2026-09-21 00:44:06.104 INFO Memory usage (end of timestep, peak): 192.17 GiB
2026-09-21 00:44:06.104 INFO Memory usage (end of timestep, current): 159.68 GiB
2026-09-21 00:44:06.104 INFO (Iteration 23) schema_fulfillment_count: real 42.41s | cpu 78.27s
2026-09-21 00:44:06.104 INFO (Iteration 23) time_entity_complete: real 3.00s | cpu 3.00s
2026-09-21 00:44:06.104 INFO (Iteration 23) completeness_currency: real 64.85s | cpu 83.02s
2026-09-21 00:44:06.104 INFO Iteration 23 finished in 128.36s (real) and 181.43s (process)
2026-09-21 00:44:06.104 INFO Start timestep 2014-10-19 00:00:00+00:00 -> 2014-11-18 00:00:00+00:00
2026-09-21 00:44:31.325 INFO DuckDB memory logs:
  database_name database_size  block_size  ...  wal_size  memory_usage  memory_limit
0   postgres_db       6.4 TiB           0  ...   0 bytes       3.6 GiB     267.0 GiB
1        memory       0 bytes           0  ...   0 bytes       3.6 GiB     267.0 GiB

[2 rows x 9 columns]
2026-09-21 00:44:31.326 INFO Loading data (2014-10-19 00:00:00+00:00 -> 2014-11-18 00:00:00+00:00) done in 25.22s (real) and 17.74s (process)
2026-09-21 00:44:31.326 INFO Memory usage (start of timestep, peak): 192.17 GiB
2026-09-21 00:44:31.326 INFO Memory usage (start of timestep, current): 159.88 GiB
2026-09-21 00:44:31.326 INFO Calculating metrics
2026-09-21 00:44:31.326 INFO Calculating metric: schema_fulfillment_count
2026-09-21 00:45:55.399 INFO Calculating metric: time_entity_complete
2026-09-21 00:45:57.836 INFO Calculating metric: completeness_currency
Time happened changes: 26632. Discarded 5784 coarser than day precision and 18865 before the cutoff date of 2012-10-29. Entities with time_happened: 22819.
Recomputed 62384 entities, 514 of them discarded for a negative completion age. Entities in the aggregates: 7462.
2026-09-21 00:46:12.674 INFO Memory usage (end of timestep, peak): 192.17 GiB
2026-09-21 00:46:12.674 INFO Memory usage (end of timestep, current): 159.90 GiB
2026-09-21 00:46:12.675 INFO (Iteration 24) schema_fulfillment_count: real 84.07s | cpu 118.72s
2026-09-21 00:46:12.675 INFO (Iteration 24) time_entity_complete: real 2.44s | cpu 2.43s
2026-09-21 00:46:12.675 INFO (Iteration 24) completeness_currency: real 14.84s | cpu 32.52s
2026-09-21 00:46:12.675 INFO Iteration 24 finished in 126.57s (real) and 171.42s (process)
2026-09-21 00:46:12.675 INFO Start timestep 2014-11-18 00:00:00+00:00 -> 2014-12-18 00:00:00+00:00
2026-09-21 00:46:28.017 INFO DuckDB memory logs:
  database_name database_size  block_size  ...  wal_size  memory_usage  memory_limit
0   postgres_db       6.4 TiB           0  ...   0 bytes       2.2 GiB     267.0 GiB
1        memory       0 bytes           0  ...   0 bytes       2.2 GiB     267.0 GiB

[2 rows x 9 columns]
2026-09-21 00:46:28.017 INFO Loading data (2014-11-18 00:00:00+00:00 -> 2014-12-18 00:00:00+00:00) done in 15.34s (real) and 14.88s (process)
2026-09-21 00:46:28.017 INFO Memory usage (start of timestep, peak): 192.17 GiB
2026-09-21 00:46:28.017 INFO Memory usage (start of timestep, current): 158.53 GiB
2026-09-21 00:46:28.017 INFO Calculating metrics
2026-09-21 00:46:28.017 INFO Calculating metric: schema_fulfillment_count
2026-09-21 00:48:43.807 INFO Calculating metric: time_entity_complete
2026-09-21 00:48:47.063 INFO Calculating metric: completeness_currency
Time happened changes: 20205. Discarded 6475 coarser than day precision and 12143 before the cutoff date of 2012-10-29. Entities with time_happened: 24166.
Recomputed 69128 entities, 426 of them discarded for a negative completion age. Entities in the aggregates: 7831.
2026-09-21 00:48:58.901 INFO Memory usage (end of timestep, peak): 192.17 GiB
2026-09-21 00:48:58.901 INFO Memory usage (end of timestep, current): 158.63 GiB
2026-09-21 00:48:58.902 INFO (Iteration 25) schema_fulfillment_count: real 135.79s | cpu 168.34s
2026-09-21 00:48:58.902 INFO (Iteration 25) time_entity_complete: real 3.26s | cpu 3.25s
2026-09-21 00:48:58.902 INFO (Iteration 25) completeness_currency: real 11.84s | cpu 28.70s
2026-09-21 00:48:58.902 INFO Iteration 25 finished in 166.23s (real) and 215.17s (process)
2026-09-21 00:48:58.902 INFO Start timestep 2014-12-18 00:00:00+00:00 -> 2015-01-17 00:00:00+00:00
2026-09-21 00:49:13.817 INFO DuckDB memory logs:
  database_name database_size  block_size  ...  wal_size  memory_usage  memory_limit
0   postgres_db       6.4 TiB           0  ...   0 bytes       2.0 GiB     267.0 GiB
1        memory       0 bytes           0  ...   0 bytes       2.0 GiB     267.0 GiB

[2 rows x 9 columns]
2026-09-21 00:49:13.817 INFO Loading data (2014-12-18 00:00:00+00:00 -> 2015-01-17 00:00:00+00:00) done in 14.91s (real) and 10.44s (process)
2026-09-21 00:49:13.817 INFO Memory usage (start of timestep, peak): 192.17 GiB
2026-09-21 00:49:13.817 INFO Memory usage (start of timestep, current): 158.30 GiB
2026-09-21 00:49:13.817 INFO Calculating metrics
2026-09-21 00:49:13.817 INFO Calculating metric: schema_fulfillment_count
Warning: (SchemaFulfillmentCount) Unsupported type of allowed value constraint in entity schemas: http://www.w3.org/2001/XMLSchema#dateTime
Warning: (SchemaFulfillmentCount) Unsupported IriStem prefix https:/
2026-09-21 00:49:39.139 INFO Calculating metric: time_entity_complete
2026-09-21 00:49:40.760 INFO Calculating metric: completeness_currency
Time happened changes: 16542. Discarded 5273 coarser than day precision and 9879 before the cutoff date of 2012-10-29. Entities with time_happened: 25353.
Recomputed 64063 entities, 481 of them discarded for a negative completion age. Entities in the aggregates: 8213.
2026-09-21 00:49:51.401 INFO Memory usage (end of timestep, peak): 192.17 GiB
2026-09-21 00:49:51.401 INFO Memory usage (end of timestep, current): 159.98 GiB
2026-09-21 00:49:51.401 INFO (Iteration 26) schema_fulfillment_count: real 25.32s | cpu 60.33s
2026-09-21 00:49:51.401 INFO (Iteration 26) time_entity_complete: real 1.62s | cpu 1.62s
2026-09-21 00:49:51.401 INFO (Iteration 26) completeness_currency: real 10.64s | cpu 28.26s
2026-09-21 00:49:51.401 INFO Iteration 26 finished in 52.50s (real) and 100.65s (process)
2026-09-21 00:49:51.402 INFO Start timestep 2015-01-17 00:00:00+00:00 -> 2015-02-16 00:00:00+00:00
2026-09-21 00:50:12.752 INFO DuckDB memory logs:
  database_name database_size  block_size  ...  wal_size  memory_usage  memory_limit
0   postgres_db       6.4 TiB           0  ...   0 bytes       3.0 GiB     267.0 GiB
1        memory       0 bytes           0  ...   0 bytes       3.0 GiB     267.0 GiB

[2 rows x 9 columns]
2026-09-21 00:50:12.752 INFO Loading data (2015-01-17 00:00:00+00:00 -> 2015-02-16 00:00:00+00:00) done in 21.35s (real) and 15.01s (process)
2026-09-21 00:50:12.752 INFO Memory usage (start of timestep, peak): 192.17 GiB
2026-09-21 00:50:12.752 INFO Memory usage (start of timestep, current): 159.36 GiB
2026-09-21 00:50:12.752 INFO Calculating metrics
2026-09-21 00:50:12.753 INFO Calculating metric: schema_fulfillment_count
2026-09-21 00:51:02.855 INFO Calculating metric: time_entity_complete
2026-09-21 00:51:06.394 INFO Calculating metric: completeness_currency
Time happened changes: 42217. Discarded 10435 coarser than day precision and 29583 before the cutoff date of 2012-10-29. Entities with time_happened: 27211.
Recomputed 134629 entities, 567 of them discarded for a negative completion age. Entities in the aggregates: 8960.
2026-09-21 00:52:15.749 INFO Memory usage (end of timestep, peak): 192.17 GiB
2026-09-21 00:52:15.749 INFO Memory usage (end of timestep, current): 159.40 GiB
2026-09-21 00:52:15.749 INFO (Iteration 27) schema_fulfillment_count: real 50.10s | cpu 86.28s
2026-09-21 00:52:15.749 INFO (Iteration 27) time_entity_complete: real 3.54s | cpu 3.54s
2026-09-21 00:52:15.749 INFO (Iteration 27) completeness_currency: real 69.35s | cpu 88.08s
2026-09-21 00:52:15.749 INFO Iteration 27 finished in 144.35s (real) and 192.91s (process)
2026-09-21 00:52:15.750 INFO Start timestep 2015-02-16 00:00:00+00:00 -> 2015-03-18 00:00:00+00:00
2026-09-21 00:52:34.697 INFO DuckDB memory logs:
  database_name database_size  block_size  ...  wal_size  memory_usage  memory_limit
0   postgres_db       6.4 TiB           0  ...   0 bytes       2.7 GiB     267.0 GiB
1        memory       0 bytes           0  ...   0 bytes       2.7 GiB     267.0 GiB

[2 rows x 9 columns]
2026-09-21 00:52:34.698 INFO Loading data (2015-02-16 00:00:00+00:00 -> 2015-03-18 00:00:00+00:00) done in 18.95s (real) and 19.14s (process)
2026-09-21 00:52:34.698 INFO Memory usage (start of timestep, peak): 192.17 GiB
2026-09-21 00:52:34.698 INFO Memory usage (start of timestep, current): 159.01 GiB
2026-09-21 00:52:34.698 INFO Calculating metrics
2026-09-21 00:52:34.698 INFO Calculating metric: schema_fulfillment_count
2026-09-21 00:54:21.556 INFO Calculating metric: time_entity_complete
2026-09-21 00:54:25.292 INFO Calculating metric: completeness_currency
Time happened changes: 40864. Discarded 12038 coarser than day precision and 26945 before the cutoff date of 2012-10-29. Entities with time_happened: 28796.
Recomputed 227668 entities, 495 of them discarded for a negative completion age. Entities in the aggregates: 10714.
2026-09-21 00:54:45.256 INFO Memory usage (end of timestep, peak): 192.17 GiB
2026-09-21 00:54:45.256 INFO Memory usage (end of timestep, current): 159.10 GiB
2026-09-21 00:54:45.256 INFO (Iteration 28) schema_fulfillment_count: real 106.86s | cpu 144.20s
2026-09-21 00:54:45.256 INFO (Iteration 28) time_entity_complete: real 3.74s | cpu 3.74s
2026-09-21 00:54:45.256 INFO (Iteration 28) completeness_currency: real 19.96s | cpu 38.49s
2026-09-21 00:54:45.256 INFO Iteration 28 finished in 149.51s (real) and 205.56s (process)
2026-09-21 00:54:45.257 INFO Start timestep 2015-03-18 00:00:00+00:00 -> 2015-04-17 00:00:00+00:00
2026-09-21 00:55:01.689 INFO DuckDB memory logs:
  database_name database_size  block_size  ...  wal_size  memory_usage  memory_limit
0   postgres_db       6.4 TiB           0  ...   0 bytes       2.4 GiB     267.0 GiB
1        memory       0 bytes           0  ...   0 bytes       2.4 GiB     267.0 GiB

[2 rows x 9 columns]
2026-09-21 00:55:01.689 INFO Loading data (2015-03-18 00:00:00+00:00 -> 2015-04-17 00:00:00+00:00) done in 16.43s (real) and 16.59s (process)
2026-09-21 00:55:01.690 INFO Memory usage (start of timestep, peak): 192.17 GiB
2026-09-21 00:55:01.690 INFO Memory usage (start of timestep, current): 159.98 GiB
2026-09-21 00:55:01.690 INFO Calculating metrics
2026-09-21 00:55:01.690 INFO Calculating metric: schema_fulfillment_count
2026-09-21 00:55:29.808 INFO Calculating metric: time_entity_complete
2026-09-21 00:55:31.308 INFO Calculating metric: completeness_currency
Time happened changes: 17463. Discarded 4842 coarser than day precision and 11189 before the cutoff date of 2012-10-29. Entities with time_happened: 30007.
Recomputed 76559 entities, 482 of them discarded for a negative completion age. Entities in the aggregates: 11292.
2026-09-21 00:55:42.736 INFO Memory usage (end of timestep, peak): 192.17 GiB
2026-09-21 00:55:42.736 INFO Memory usage (end of timestep, current): 160.16 GiB
2026-09-21 00:55:42.737 INFO (Iteration 29) schema_fulfillment_count: real 28.12s | cpu 69.11s
2026-09-21 00:55:42.737 INFO (Iteration 29) time_entity_complete: real 1.50s | cpu 1.50s
2026-09-21 00:55:42.737 INFO (Iteration 29) completeness_currency: real 11.43s | cpu 30.46s
2026-09-21 00:55:42.737 INFO Iteration 29 finished in 57.48s (real) and 117.66s (process)
2026-09-21 00:55:42.737 INFO Start timestep 2015-04-17 00:00:00+00:00 -> 2015-05-17 00:00:00+00:00
2026-09-21 00:55:58.695 INFO DuckDB memory logs:
  database_name database_size  block_size  ...  wal_size  memory_usage  memory_limit
0   postgres_db       6.4 TiB           0  ...   0 bytes       2.2 GiB     267.0 GiB
1        memory       0 bytes           0  ...   0 bytes       2.2 GiB     267.0 GiB

[2 rows x 9 columns]
2026-09-21 00:55:58.696 INFO Loading data (2015-04-17 00:00:00+00:00 -> 2015-05-17 00:00:00+00:00) done in 15.96s (real) and 16.13s (process)
2026-09-21 00:55:58.696 INFO Memory usage (start of timestep, peak): 192.17 GiB
2026-09-21 00:55:58.696 INFO Memory usage (start of timestep, current): 158.57 GiB
2026-09-21 00:55:58.696 INFO Calculating metrics
2026-09-21 00:55:58.696 INFO Calculating metric: schema_fulfillment_count
2026-09-21 00:58:11.772 INFO Calculating metric: time_entity_complete
2026-09-21 00:58:14.633 INFO Calculating metric: completeness_currency
Time happened changes: 9590. Discarded 2824 coarser than day precision and 5595 before the cutoff date of 2012-10-29. Entities with time_happened: 30932.
Recomputed 315124 entities, 429 of them discarded for a negative completion age. Entities in the aggregates: 14681.
2026-09-21 00:58:23.015 INFO Memory usage (end of timestep, peak): 192.17 GiB
2026-09-21 00:58:23.015 INFO Memory usage (end of timestep, current): 158.61 GiB
2026-09-21 00:58:23.015 INFO (Iteration 30) schema_fulfillment_count: real 133.08s | cpu 162.63s
2026-09-21 00:58:23.015 INFO (Iteration 30) time_entity_complete: real 2.86s | cpu 2.86s
2026-09-21 00:58:23.015 INFO (Iteration 30) completeness_currency: real 8.38s | cpu 25.71s
2026-09-21 00:58:23.015 INFO Iteration 30 finished in 160.28s (real) and 207.32s (process)
2026-09-21 00:58:23.015 INFO Start timestep 2015-05-17 00:00:00+00:00 -> 2015-06-16 00:00:00+00:00
2026-09-21 00:58:50.678 INFO DuckDB memory logs:
  database_name database_size  block_size  ...  wal_size  memory_usage  memory_limit
0   postgres_db       6.4 TiB           0  ...   0 bytes       4.1 GiB     267.0 GiB
1        memory       0 bytes           0  ...   0 bytes       4.1 GiB     267.0 GiB

[2 rows x 9 columns]
2026-09-21 00:58:50.678 INFO Loading data (2015-05-17 00:00:00+00:00 -> 2015-06-16 00:00:00+00:00) done in 27.66s (real) and 24.26s (process)
2026-09-21 00:58:50.678 INFO Memory usage (start of timestep, peak): 192.17 GiB
2026-09-21 00:58:50.678 INFO Memory usage (start of timestep, current): 160.45 GiB
2026-09-21 00:58:50.678 INFO Calculating metrics
2026-09-21 00:58:50.679 INFO Calculating metric: schema_fulfillment_count
2026-09-21 00:59:15.007 INFO Calculating metric: time_entity_complete
2026-09-21 00:59:16.547 INFO Calculating metric: completeness_currency
Time happened changes: 15740. Discarded 4796 coarser than day precision and 9102 before the cutoff date of 2012-10-29. Entities with time_happened: 32350.
Recomputed 99365 entities, 641 of them discarded for a negative completion age. Entities in the aggregates: 15672.
2026-09-21 00:59:25.627 INFO Memory usage (end of timestep, peak): 192.17 GiB
2026-09-21 00:59:25.627 INFO Memory usage (end of timestep, current): 160.54 GiB
2026-09-21 00:59:25.627 INFO (Iteration 31) schema_fulfillment_count: real 24.33s | cpu 55.86s
2026-09-21 00:59:25.628 INFO (Iteration 31) time_entity_complete: real 1.54s | cpu 1.54s
2026-09-21 00:59:25.628 INFO (Iteration 31) completeness_currency: real 9.08s | cpu 27.57s
2026-09-21 00:59:25.628 INFO Iteration 31 finished in 62.61s (real) and 109.22s (process)
2026-09-21 00:59:25.628 INFO Start timestep 2015-06-16 00:00:00+00:00 -> 2015-07-16 00:00:00+00:00
2026-09-21 00:59:49.567 INFO DuckDB memory logs:
  database_name database_size  block_size  ...  wal_size  memory_usage  memory_limit
0   postgres_db       6.4 TiB           0  ...   0 bytes       3.4 GiB     267.0 GiB
1        memory       0 bytes           0  ...   0 bytes       3.4 GiB     267.0 GiB

[2 rows x 9 columns]
2026-09-21 00:59:49.567 INFO Loading data (2015-06-16 00:00:00+00:00 -> 2015-07-16 00:00:00+00:00) done in 23.94s (real) and 21.41s (process)
2026-09-21 00:59:49.567 INFO Memory usage (start of timestep, peak): 192.17 GiB
2026-09-21 00:59:49.567 INFO Memory usage (start of timestep, current): 159.77 GiB
2026-09-21 00:59:49.567 INFO Calculating metrics
2026-09-21 00:59:49.567 INFO Calculating metric: schema_fulfillment_count
2026-09-21 01:00:18.355 INFO Calculating metric: time_entity_complete
2026-09-21 01:00:20.093 INFO Calculating metric: completeness_currency
Time happened changes: 31603. Discarded 4871 coarser than day precision and 24550 before the cutoff date of 2012-10-29. Entities with time_happened: 34156.
Recomputed 79642 entities, 710 of them discarded for a negative completion age. Entities in the aggregates: 16883.
2026-09-21 01:01:25.807 INFO Memory usage (end of timestep, peak): 192.17 GiB
2026-09-21 01:01:25.808 INFO Memory usage (end of timestep, current): 160.38 GiB
2026-09-21 01:01:25.808 INFO (Iteration 32) schema_fulfillment_count: real 28.79s | cpu 61.15s
2026-09-21 01:01:25.808 INFO (Iteration 32) time_entity_complete: real 1.74s | cpu 1.74s
2026-09-21 01:01:25.808 INFO (Iteration 32) completeness_currency: real 65.71s | cpu 83.25s
2026-09-21 01:01:25.808 INFO Iteration 32 finished in 120.18s (real) and 167.56s (process)
2026-09-21 01:01:25.808 INFO Start timestep 2015-07-16 00:00:00+00:00 -> 2015-08-15 00:00:00+00:00
2026-09-21 01:01:56.613 INFO DuckDB memory logs:
  database_name database_size  block_size  ...  wal_size  memory_usage  memory_limit
0   postgres_db       6.4 TiB           0  ...   0 bytes       4.4 GiB     267.0 GiB
1        memory       0 bytes           0  ...   0 bytes       4.4 GiB     267.0 GiB

[2 rows x 9 columns]
2026-09-21 01:01:56.614 INFO Loading data (2015-07-16 00:00:00+00:00 -> 2015-08-15 00:00:00+00:00) done in 30.81s (real) and 21.56s (process)
2026-09-21 01:01:56.614 INFO Memory usage (start of timestep, peak): 192.17 GiB
2026-09-21 01:01:56.614 INFO Memory usage (start of timestep, current): 160.76 GiB
2026-09-21 01:01:56.614 INFO Calculating metrics
2026-09-21 01:01:56.614 INFO Calculating metric: schema_fulfillment_count
2026-09-21 01:03:16.335 INFO Calculating metric: time_entity_complete
2026-09-21 01:03:18.009 INFO Calculating metric: completeness_currency
Time happened changes: 24150. Discarded 4901 coarser than day precision and 15099 before the cutoff date of 2012-10-29. Entities with time_happened: 37809.
Recomputed 59639 entities, 1086 of them discarded for a negative completion age. Entities in the aggregates: 18710.
2026-09-21 01:03:30.355 INFO Memory usage (end of timestep, peak): 192.17 GiB
2026-09-21 01:03:30.355 INFO Memory usage (end of timestep, current): 161.01 GiB
2026-09-21 01:03:30.356 INFO (Iteration 33) schema_fulfillment_count: real 79.72s | cpu 112.13s
2026-09-21 01:03:30.356 INFO (Iteration 33) time_entity_complete: real 1.67s | cpu 1.67s
2026-09-21 01:03:30.356 INFO (Iteration 33) completeness_currency: real 12.35s | cpu 29.62s
2026-09-21 01:03:30.356 INFO Iteration 33 finished in 124.55s (real) and 164.99s (process)
2026-09-21 01:03:30.356 INFO Start timestep 2015-08-15 00:00:00+00:00 -> 2015-09-14 00:00:00+00:00
2026-09-21 01:04:02.595 INFO DuckDB memory logs:
  database_name database_size  block_size  ...  wal_size  memory_usage  memory_limit
0   postgres_db       6.4 TiB           0  ...   0 bytes       4.7 GiB     267.0 GiB
1        memory       0 bytes           0  ...   0 bytes       4.7 GiB     267.0 GiB

[2 rows x 9 columns]
2026-09-21 01:04:02.596 INFO Loading data (2015-08-15 00:00:00+00:00 -> 2015-09-14 00:00:00+00:00) done in 32.24s (real) and 22.48s (process)
2026-09-21 01:04:02.596 INFO Memory usage (start of timestep, peak): 192.17 GiB
2026-09-21 01:04:02.596 INFO Memory usage (start of timestep, current): 160.99 GiB
2026-09-21 01:04:02.596 INFO Calculating metrics
2026-09-21 01:04:02.596 INFO Calculating metric: schema_fulfillment_count
2026-09-21 01:04:43.850 INFO Calculating metric: time_entity_complete
2026-09-21 01:04:46.478 INFO Calculating metric: completeness_currency
Time happened changes: 23636. Discarded 6338 coarser than day precision and 14716 before the cutoff date of 2012-10-29. Entities with time_happened: 39981.
Recomputed 117317 entities, 580 of them discarded for a negative completion age. Entities in the aggregates: 19873.
2026-09-21 01:05:51.135 INFO Memory usage (end of timestep, peak): 192.17 GiB
2026-09-21 01:05:51.136 INFO Memory usage (end of timestep, current): 161.39 GiB
2026-09-21 01:05:51.136 INFO (Iteration 34) schema_fulfillment_count: real 41.25s | cpu 76.74s
2026-09-21 01:05:51.136 INFO (Iteration 34) time_entity_complete: real 2.63s | cpu 2.63s
2026-09-21 01:05:51.136 INFO (Iteration 34) completeness_currency: real 64.66s | cpu 83.17s
2026-09-21 01:05:51.136 INFO Iteration 34 finished in 140.78s (real) and 185.01s (process)
2026-09-21 01:05:51.136 INFO Start timestep 2015-09-14 00:00:00+00:00 -> 2015-10-14 00:00:00+00:00
2026-09-21 01:07:02.752 INFO DuckDB memory logs:
  database_name database_size  block_size  ...  wal_size  memory_usage  memory_limit
0   postgres_db       6.4 TiB           0  ...   0 bytes      10.5 GiB     267.0 GiB
1        memory       0 bytes           0  ...   0 bytes      10.5 GiB     267.0 GiB

[2 rows x 9 columns]
2026-09-21 01:07:02.753 INFO Loading data (2015-09-14 00:00:00+00:00 -> 2015-10-14 00:00:00+00:00) done in 71.62s (real) and 50.38s (process)
2026-09-21 01:07:02.753 INFO Memory usage (start of timestep, peak): 192.17 GiB
2026-09-21 01:07:02.753 INFO Memory usage (start of timestep, current): 166.71 GiB
2026-09-21 01:07:02.753 INFO Calculating metrics
2026-09-21 01:07:02.754 INFO Calculating metric: schema_fulfillment_count
2026-09-21 01:08:38.178 INFO Calculating metric: time_entity_complete
2026-09-21 01:08:40.709 INFO Calculating metric: completeness_currency
Time happened changes: 36956. Discarded 10411 coarser than day precision and 22821 before the cutoff date of 2012-10-29. Entities with time_happened: 42697.
Recomputed 173226 entities, 728 of them discarded for a negative completion age. Entities in the aggregates: 20739.
2026-09-21 01:08:56.000 INFO Memory usage (end of timestep, peak): 192.17 GiB
2026-09-21 01:08:56.001 INFO Memory usage (end of timestep, current): 167.48 GiB
2026-09-21 01:08:56.001 INFO (Iteration 35) schema_fulfillment_count: real 95.42s | cpu 130.60s
2026-09-21 01:08:56.001 INFO (Iteration 35) time_entity_complete: real 2.53s | cpu 2.53s
2026-09-21 01:08:56.001 INFO (Iteration 35) completeness_currency: real 15.29s | cpu 32.25s
2026-09-21 01:08:56.001 INFO Iteration 35 finished in 184.86s (real) and 215.76s (process)
2026-09-21 01:08:56.001 INFO Start timestep 2015-10-14 00:00:00+00:00 -> 2015-11-13 00:00:00+00:00
2026-09-21 01:10:18.165 INFO DuckDB memory logs:
  database_name database_size  block_size  ...  wal_size  memory_usage  memory_limit
0   postgres_db       6.4 TiB           0  ...   0 bytes      12.3 GiB     267.0 GiB
1        memory       0 bytes           0  ...   0 bytes      12.3 GiB     267.0 GiB

[2 rows x 9 columns]
2026-09-21 01:10:18.166 INFO Loading data (2015-10-14 00:00:00+00:00 -> 2015-11-13 00:00:00+00:00) done in 82.16s (real) and 59.01s (process)
2026-09-21 01:10:18.166 INFO Memory usage (start of timestep, peak): 192.17 GiB
2026-09-21 01:10:18.166 INFO Memory usage (start of timestep, current): 168.44 GiB
2026-09-21 01:10:18.166 INFO Calculating metrics
2026-09-21 01:10:18.166 INFO Calculating metric: schema_fulfillment_count
Warning: (SchemaFulfillmentCount) Unsupported IriStem prefix https:/
2026-09-21 01:12:01.622 INFO Calculating metric: time_entity_complete
2026-09-21 01:12:10.802 INFO Calculating metric: completeness_currency
Time happened changes: 72422. Discarded 22257 coarser than day precision and 46924 before the cutoff date of 2012-10-29. Entities with time_happened: 44408.
Recomputed 183280 entities, 711 of them discarded for a negative completion age. Entities in the aggregates: 21235.
2026-09-21 01:13:29.193 INFO Memory usage (end of timestep, peak): 192.17 GiB
2026-09-21 01:13:29.193 INFO Memory usage (end of timestep, current): 168.68 GiB
2026-09-21 01:13:29.193 INFO (Iteration 36) schema_fulfillment_count: real 103.46s | cpu 140.35s
2026-09-21 01:13:29.193 INFO (Iteration 36) time_entity_complete: real 9.18s | cpu 9.18s
2026-09-21 01:13:29.193 INFO (Iteration 36) completeness_currency: real 78.39s | cpu 95.31s
2026-09-21 01:13:29.194 INFO Iteration 36 finished in 273.19s (real) and 303.86s (process)
2026-09-21 01:13:29.194 INFO Start timestep 2015-11-13 00:00:00+00:00 -> 2015-12-13 00:00:00+00:00
2026-09-21 01:14:42.106 INFO DuckDB memory logs:
  database_name database_size  block_size  ...  wal_size  memory_usage  memory_limit
0   postgres_db       6.4 TiB           0  ...   0 bytes      10.9 GiB     267.0 GiB
1        memory       0 bytes           0  ...   0 bytes      10.9 GiB     267.0 GiB

[2 rows x 9 columns]
2026-09-21 01:14:42.107 INFO Loading data (2015-11-13 00:00:00+00:00 -> 2015-12-13 00:00:00+00:00) done in 72.91s (real) and 52.77s (process)
2026-09-21 01:14:42.107 INFO Memory usage (start of timestep, peak): 192.17 GiB
2026-09-21 01:14:42.107 INFO Memory usage (start of timestep, current): 167.21 GiB
2026-09-21 01:14:42.107 INFO Calculating metrics
2026-09-21 01:14:42.107 INFO Calculating metric: schema_fulfillment_count
2026-09-21 01:16:22.723 INFO Calculating metric: time_entity_complete
2026-09-21 01:16:25.242 INFO Calculating metric: completeness_currency
Time happened changes: 32413. Discarded 14576 coarser than day precision and 14792 before the cutoff date of 2012-10-29. Entities with time_happened: 45966.
Recomputed 147365 entities, 706 of them discarded for a negative completion age. Entities in the aggregates: 22000.
2026-09-21 01:16:37.353 INFO Memory usage (end of timestep, peak): 192.17 GiB
2026-09-21 01:16:37.353 INFO Memory usage (end of timestep, current): 168.52 GiB
2026-09-21 01:16:37.353 INFO (Iteration 37) schema_fulfillment_count: real 100.62s | cpu 149.28s
2026-09-21 01:16:37.353 INFO (Iteration 37) time_entity_complete: real 2.52s | cpu 2.52s
2026-09-21 01:16:37.353 INFO (Iteration 37) completeness_currency: real 12.11s | cpu 30.24s
2026-09-21 01:16:37.353 INFO Iteration 37 finished in 188.16s (real) and 234.82s (process)
2026-09-21 01:16:37.354 INFO Start timestep 2015-12-13 00:00:00+00:00 -> 2016-01-12 00:00:00+00:00
2026-09-21 01:18:17.033 INFO DuckDB memory logs:
  database_name database_size  block_size  ...  wal_size  memory_usage  memory_limit
0   postgres_db       6.4 TiB           0  ...   0 bytes      14.5 GiB     267.0 GiB
1        memory       0 bytes           0  ...   0 bytes      14.5 GiB     267.0 GiB

[2 rows x 9 columns]
2026-09-21 01:18:17.033 INFO Loading data (2015-12-13 00:00:00+00:00 -> 2016-01-12 00:00:00+00:00) done in 99.68s (real) and 70.22s (process)
2026-09-21 01:18:17.034 INFO Memory usage (start of timestep, peak): 192.17 GiB
2026-09-21 01:18:17.034 INFO Memory usage (start of timestep, current): 170.67 GiB
2026-09-21 01:18:17.034 INFO Calculating metrics
2026-09-21 01:18:17.034 INFO Calculating metric: schema_fulfillment_count
2026-09-21 01:18:40.736 INFO Calculating metric: time_entity_complete
2026-09-21 01:18:42.491 INFO Calculating metric: completeness_currency
Time happened changes: 16097. Discarded 6259 coarser than day precision and 7574 before the cutoff date of 2012-10-29. Entities with time_happened: 47756.
Recomputed 56751 entities, 747 of them discarded for a negative completion age. Entities in the aggregates: 22613.
2026-09-21 01:18:51.334 INFO Memory usage (end of timestep, peak): 192.17 GiB
2026-09-21 01:18:51.334 INFO Memory usage (end of timestep, current): 171.22 GiB
2026-09-21 01:18:51.334 INFO (Iteration 38) schema_fulfillment_count: real 23.70s | cpu 64.38s
2026-09-21 01:18:51.334 INFO (Iteration 38) time_entity_complete: real 1.75s | cpu 1.75s
2026-09-21 01:18:51.334 INFO (Iteration 38) completeness_currency: real 8.84s | cpu 28.15s
2026-09-21 01:18:51.335 INFO Iteration 38 finished in 133.98s (real) and 164.51s (process)
2026-09-21 01:18:51.335 INFO Start timestep 2016-01-12 00:00:00+00:00 -> 2016-02-11 00:00:00+00:00
2026-09-21 01:19:52.670 INFO DuckDB memory logs:
  database_name database_size  block_size  ...  wal_size  memory_usage  memory_limit
0   postgres_db       6.4 TiB           0  ...   0 bytes       8.9 GiB     267.0 GiB
1        memory       0 bytes           0  ...   0 bytes       8.9 GiB     267.0 GiB

[2 rows x 9 columns]
2026-09-21 01:19:52.670 INFO Loading data (2016-01-12 00:00:00+00:00 -> 2016-02-11 00:00:00+00:00) done in 61.34s (real) and 43.19s (process)
2026-09-21 01:19:52.670 INFO Memory usage (start of timestep, peak): 192.17 GiB
2026-09-21 01:19:52.671 INFO Memory usage (start of timestep, current): 165.37 GiB
2026-09-21 01:19:52.671 INFO Calculating metrics
2026-09-21 01:19:52.671 INFO Calculating metric: schema_fulfillment_count
2026-09-21 01:20:38.844 INFO Calculating metric: time_entity_complete
2026-09-21 01:20:42.279 INFO Calculating metric: completeness_currency
Time happened changes: 51909. Discarded 22024 coarser than day precision and 23924 before the cutoff date of 2012-10-29. Entities with time_happened: 50526.
Recomputed 140204 entities, 924 of them discarded for a negative completion age. Entities in the aggregates: 23693.
2026-09-21 01:21:51.666 INFO Memory usage (end of timestep, peak): 192.17 GiB
2026-09-21 01:21:51.667 INFO Memory usage (end of timestep, current): 166.78 GiB
2026-09-21 01:21:51.667 INFO (Iteration 39) schema_fulfillment_count: real 46.17s | cpu 89.37s
2026-09-21 01:21:51.667 INFO (Iteration 39) time_entity_complete: real 3.43s | cpu 3.43s
2026-09-21 01:21:51.667 INFO (Iteration 39) completeness_currency: real 69.39s | cpu 88.26s
2026-09-21 01:21:51.667 INFO Iteration 39 finished in 180.33s (real) and 224.25s (process)
2026-09-21 01:21:51.667 INFO Start timestep 2016-02-11 00:00:00+00:00 -> 2016-03-12 00:00:00+00:00
2026-09-21 01:23:14.466 INFO DuckDB memory logs:
  database_name database_size  block_size  ...  wal_size  memory_usage  memory_limit
0   postgres_db       6.4 TiB           0  ...   0 bytes      12.0 GiB     267.0 GiB
1        memory       0 bytes           0  ...   0 bytes      12.0 GiB     267.0 GiB

[2 rows x 9 columns]
2026-09-21 01:23:14.467 INFO Loading data (2016-02-11 00:00:00+00:00 -> 2016-03-12 00:00:00+00:00) done in 82.80s (real) and 59.22s (process)
2026-09-21 01:23:14.467 INFO Memory usage (start of timestep, peak): 192.17 GiB
2026-09-21 01:23:14.467 INFO Memory usage (start of timestep, current): 168.44 GiB
2026-09-21 01:23:14.467 INFO Calculating metrics
2026-09-21 01:23:14.468 INFO Calculating metric: schema_fulfillment_count
2026-09-21 01:25:03.883 INFO Calculating metric: time_entity_complete
2026-09-21 01:25:07.327 INFO Calculating metric: completeness_currency
Time happened changes: 35659. Discarded 10208 coarser than day precision and 21746 before the cutoff date of 2012-10-29. Entities with time_happened: 53274.
Recomputed 266348 entities, 821 of them discarded for a negative completion age. Entities in the aggregates: 25383.
2026-09-21 01:25:23.014 INFO Memory usage (end of timestep, peak): 195.46 GiB
2026-09-21 01:25:23.014 INFO Memory usage (end of timestep, current): 168.61 GiB
2026-09-21 01:25:23.014 INFO (Iteration 40) schema_fulfillment_count: real 109.41s | cpu 180.27s
2026-09-21 01:25:23.014 INFO (Iteration 40) time_entity_complete: real 3.44s | cpu 3.44s
2026-09-21 01:25:23.014 INFO (Iteration 40) completeness_currency: real 15.69s | cpu 36.59s
2026-09-21 01:25:23.014 INFO Iteration 40 finished in 211.35s (real) and 279.52s (process)
2026-09-21 01:25:23.015 INFO Start timestep 2016-03-12 00:00:00+00:00 -> 2016-04-11 00:00:00+00:00
2026-09-21 01:27:13.030 INFO DuckDB memory logs:
  database_name database_size  block_size  ...  wal_size  memory_usage  memory_limit
0   postgres_db       6.4 TiB           0  ...   0 bytes      15.8 GiB     267.0 GiB
1        memory       0 bytes           0  ...   0 bytes      15.8 GiB     267.0 GiB

[2 rows x 9 columns]
2026-09-21 01:27:13.031 INFO Loading data (2016-03-12 00:00:00+00:00 -> 2016-04-11 00:00:00+00:00) done in 110.02s (real) and 77.24s (process)
2026-09-21 01:27:13.032 INFO Memory usage (start of timestep, peak): 195.46 GiB
2026-09-21 01:27:13.032 INFO Memory usage (start of timestep, current): 172.14 GiB
2026-09-21 01:27:13.032 INFO Calculating metrics
2026-09-21 01:27:13.032 INFO Calculating metric: schema_fulfillment_count
2026-09-21 01:28:21.089 INFO Calculating metric: time_entity_complete
2026-09-21 01:28:26.584 INFO Calculating metric: completeness_currency
Time happened changes: 36004. Discarded 9822 coarser than day precision and 21561 before the cutoff date of 2012-10-29. Entities with time_happened: 56722.
Recomputed 190412 entities, 751 of them discarded for a negative completion age. Entities in the aggregates: 27500.
2026-09-21 01:29:33.169 INFO Memory usage (end of timestep, peak): 195.46 GiB
2026-09-21 01:29:33.170 INFO Memory usage (end of timestep, current): 173.01 GiB
2026-09-21 01:29:33.170 INFO (Iteration 41) schema_fulfillment_count: real 68.06s | cpu 106.23s
2026-09-21 01:29:33.170 INFO (Iteration 41) time_entity_complete: real 5.49s | cpu 5.49s
2026-09-21 01:29:33.170 INFO (Iteration 41) completeness_currency: real 66.59s | cpu 89.67s
2026-09-21 01:29:33.170 INFO Iteration 41 finished in 250.16s (real) and 278.64s (process)
2026-09-21 01:29:33.170 INFO Start timestep 2016-04-11 00:00:00+00:00 -> 2016-05-11 00:00:00+00:00
2026-09-21 01:30:23.405 INFO DuckDB memory logs:
  database_name database_size  block_size  ...  wal_size  memory_usage  memory_limit
0   postgres_db       6.4 TiB           0  ...   0 bytes       7.3 GiB     267.0 GiB
1        memory       0 bytes           0  ...   0 bytes       7.3 GiB     267.0 GiB

[2 rows x 9 columns]
2026-09-21 01:30:23.406 INFO Loading data (2016-04-11 00:00:00+00:00 -> 2016-05-11 00:00:00+00:00) done in 50.24s (real) and 35.05s (process)
2026-09-21 01:30:23.406 INFO Memory usage (start of timestep, peak): 195.46 GiB
2026-09-21 01:30:23.406 INFO Memory usage (start of timestep, current): 163.87 GiB
2026-09-21 01:30:23.406 INFO Calculating metrics
2026-09-21 01:30:23.406 INFO Calculating metric: schema_fulfillment_count
Warning: (SchemaFulfillmentCount) Unsupported type of allowed value constraint in entity schemas: http://www.w3.org/2001/XMLSchema#dateTime
Warning: (SchemaFulfillmentCount) Unsupported type of allowed value constraint in entity schemas: http://www.w3.org/2001/XMLSchema#dateTime
Warning: (SchemaFulfillmentCount) Unsupported type of allowed value constraint in entity schemas: http://www.w3.org/2001/XMLSchema#dateTime
Warning: (SchemaFulfillmentCount) Unsupported type of allowed value constraint in entity schemas: http://www.w3.org/2001/XMLSchema#dateTime
Warning: (SchemaFulfillmentCount) Unsupported type of allowed value constraint in entity schemas: http://www.w3.org/2001/XMLSchema#dateTime
Warning: (SchemaFulfillmentCount) Unsupported type of allowed value constraint in entity schemas: http://www.w3.org/2001/XMLSchema#dateTime
Warning: (SchemaFulfillmentCount) Unsupported type of allowed value constraint in entity schemas: http://www.w3.org/2001/XMLSchema#dateTime
Warning: (SchemaFulfillmentCount) Unsupported type of allowed value constraint in entity schemas: http://www.w3.org/2001/XMLSchema#dateTime
Warning: (SchemaFulfillmentCount) Unsupported type of allowed value constraint in entity schemas: http://www.w3.org/2001/XMLSchema#dateTime
Warning: (SchemaFulfillmentCount) Unsupported type of allowed value constraint in entity schemas: http://www.w3.org/2001/XMLSchema#dateTime
Warning: (SchemaFulfillmentCount) Unsupported type of allowed value constraint in entity schemas: http://www.w3.org/2001/XMLSchema#dateTime
Warning: (SchemaFulfillmentCount) Unsupported type of allowed value constraint in entity schemas: http://www.w3.org/2001/XMLSchema#dateTime
Warning: (SchemaFulfillmentCount) Unsupported type of allowed value constraint in entity schemas: http://www.w3.org/2001/XMLSchema#dateTime
Warning: (SchemaFulfillmentCount) Unsupported type of allowed value constraint in entity schemas: http://www.w3.org/2001/XMLSchema#dateTime
Warning: (SchemaFulfillmentCount) Unsupported type of allowed value constraint in entity schemas: http://www.w3.org/2001/XMLSchema#dateTime
Warning: (SchemaFulfillmentCount) Unsupported type of allowed value constraint in entity schemas: http://www.w3.org/2001/XMLSchema#dateTime
Warning: (SchemaFulfillmentCount) Unsupported type of allowed value constraint in entity schemas: http://www.w3.org/2001/XMLSchema#dateTime
Warning: (SchemaFulfillmentCount) Unsupported type of allowed value constraint in entity schemas: http://www.w3.org/2001/XMLSchema#dateTime
Warning: (SchemaFulfillmentCount) Unsupported type of allowed value constraint in entity schemas: http://www.w3.org/2001/XMLSchema#dateTime
Warning: (SchemaFulfillmentCount) Unsupported type of allowed value constraint in entity schemas: http://www.w3.org/2001/XMLSchema#dateTime
Warning: (SchemaFulfillmentCount) Unsupported type of allowed value constraint in entity schemas: http://www.w3.org/2001/XMLSchema#dateTime
Warning: (SchemaFulfillmentCount) Unsupported type of allowed value constraint in entity schemas: http://www.w3.org/2001/XMLSchema#dateTime
Warning: (SchemaFulfillmentCount) Unsupported type of allowed value constraint in entity schemas: http://www.w3.org/2001/XMLSchema#dateTime
Warning: (SchemaFulfillmentCount) Unsupported type of allowed value constraint in entity schemas: http://www.w3.org/2001/XMLSchema#dateTime
Warning: (SchemaFulfillmentCount) Unsupported type of allowed value constraint in entity schemas: http://www.w3.org/2001/XMLSchema#dateTime
Warning: (SchemaFulfillmentCount) Unsupported type of allowed value constraint in entity schemas: http://www.w3.org/2001/XMLSchema#dateTime
Warning: (SchemaFulfillmentCount) Unsupported type of allowed value constraint in entity schemas: http://www.w3.org/2001/XMLSchema#dateTime
Warning: (SchemaFulfillmentCount) Unsupported type of allowed value constraint in entity schemas: http://www.w3.org/2001/XMLSchema#dateTime
Warning: (SchemaFulfillmentCount) Unsupported type of allowed value constraint in entity schemas: http://www.w3.org/2001/XMLSchema#dateTime
Warning: (SchemaFulfillmentCount) Unsupported type of allowed value constraint in entity schemas: http://www.w3.org/2001/XMLSchema#dateTime
Warning: (SchemaFulfillmentCount) Unsupported type of allowed value constraint in entity schemas: http://www.w3.org/2001/XMLSchema#dateTime
Warning: (SchemaFulfillmentCount) Unsupported type of allowed value constraint in entity schemas: http://www.w3.org/2001/XMLSchema#dateTime
Warning: (SchemaFulfillmentCount) Unsupported type of allowed value constraint in entity schemas: http://www.w3.org/2001/XMLSchema#dateTime
Warning: (SchemaFulfillmentCount) Unsupported type of allowed value constraint in entity schemas: http://www.w3.org/2001/XMLSchema#dateTime
Warning: (SchemaFulfillmentCount) Unsupported type of allowed value constraint in entity schemas: http://www.w3.org/2001/XMLSchema#dateTime
Warning: (SchemaFulfillmentCount) Unsupported type of allowed value constraint in entity schemas: http://www.w3.org/2001/XMLSchema#dateTime
Warning: (SchemaFulfillmentCount) Unsupported type of allowed value constraint in entity schemas: http://www.w3.org/2001/XMLSchema#dateTime
Warning: (SchemaFulfillmentCount) Unsupported type of allowed value constraint in entity schemas: http://www.w3.org/2001/XMLSchema#dateTime
Warning: (SchemaFulfillmentCount) Unsupported type of allowed value constraint in entity schemas: http://www.w3.org/2001/XMLSchema#dateTime
Warning: (SchemaFulfillmentCount) Unsupported type of allowed value constraint in entity schemas: http://www.w3.org/2001/XMLSchema#dateTime
Warning: (SchemaFulfillmentCount) Unsupported type of allowed value constraint in entity schemas: http://www.w3.org/2001/XMLSchema#dateTime
Warning: (SchemaFulfillmentCount) Unsupported type of allowed value constraint in entity schemas: http://www.w3.org/2001/XMLSchema#dateTime
Warning: (SchemaFulfillmentCount) Unsupported type of allowed value constraint in entity schemas: http://www.w3.org/2001/XMLSchema#dateTime
2026-09-21 01:32:02.643 INFO Calculating metric: time_entity_complete
2026-09-21 01:32:05.288 INFO Calculating metric: completeness_currency
Time happened changes: 64520. Discarded 24497 coarser than day precision and 28949 before the cutoff date of 2012-10-29. Entities with time_happened: 59210.
Recomputed 97625 entities, 716 of them discarded for a negative completion age. Entities in the aggregates: 28852.
2026-09-21 01:33:10.052 INFO Memory usage (end of timestep, peak): 195.46 GiB
2026-09-21 01:33:10.053 INFO Memory usage (end of timestep, current): 164.06 GiB
2026-09-21 01:33:10.053 INFO (Iteration 42) schema_fulfillment_count: real 99.24s | cpu 140.91s
2026-09-21 01:33:10.053 INFO (Iteration 42) time_entity_complete: real 2.64s | cpu 2.64s
2026-09-21 01:33:10.053 INFO (Iteration 42) completeness_currency: real 64.76s | cpu 82.63s
2026-09-21 01:33:10.053 INFO Iteration 42 finished in 216.88s (real) and 261.23s (process)
2026-09-21 01:33:10.053 INFO Start timestep 2016-05-11 00:00:00+00:00 -> 2016-06-10 00:00:00+00:00
2026-09-21 01:35:27.168 INFO DuckDB memory logs:
  database_name database_size  block_size  ...  wal_size  memory_usage  memory_limit
0   postgres_db       6.4 TiB           0  ...   0 bytes      20.4 GiB     267.0 GiB
1        memory       0 bytes           0  ...   0 bytes      20.4 GiB     267.0 GiB

[2 rows x 9 columns]
2026-09-21 01:35:27.169 INFO Loading data (2016-05-11 00:00:00+00:00 -> 2016-06-10 00:00:00+00:00) done in 137.12s (real) and 97.16s (process)
2026-09-21 01:35:27.169 INFO Memory usage (start of timestep, peak): 195.46 GiB
2026-09-21 01:35:27.169 INFO Memory usage (start of timestep, current): 176.64 GiB
2026-09-21 01:35:27.169 INFO Calculating metrics
2026-09-21 01:35:27.170 INFO Calculating metric: schema_fulfillment_count
2026-09-21 01:37:42.665 INFO Calculating metric: time_entity_complete
2026-09-21 01:37:47.532 INFO Calculating metric: completeness_currency
Time happened changes: 72682. Discarded 25866 coarser than day precision and 36975 before the cutoff date of 2012-10-29. Entities with time_happened: 68449.
Recomputed 171609 entities, 599 of them discarded for a negative completion age. Entities in the aggregates: 31590.
2026-09-21 01:39:02.396 INFO Memory usage (end of timestep, peak): 195.46 GiB
2026-09-21 01:39:02.396 INFO Memory usage (end of timestep, current): 176.75 GiB
2026-09-21 01:39:02.396 INFO (Iteration 43) schema_fulfillment_count: real 135.50s | cpu 180.73s
2026-09-21 01:39:02.396 INFO (Iteration 43) time_entity_complete: real 4.87s | cpu 4.87s
2026-09-21 01:39:02.396 INFO (Iteration 43) completeness_currency: real 74.86s | cpu 95.90s
2026-09-21 01:39:02.396 INFO Iteration 43 finished in 352.34s (real) and 378.65s (process)
2026-09-21 01:39:02.397 INFO Start timestep 2016-06-10 00:00:00+00:00 -> 2016-07-10 00:00:00+00:00
2026-09-21 01:39:41.409 INFO DuckDB memory logs:
  database_name database_size  block_size  ...  wal_size  memory_usage  memory_limit
0   postgres_db       6.4 TiB           0  ...   0 bytes       5.6 GiB     267.0 GiB
1        memory       0 bytes           0  ...   0 bytes       5.6 GiB     267.0 GiB

[2 rows x 9 columns]
2026-09-21 01:39:41.409 INFO Loading data (2016-06-10 00:00:00+00:00 -> 2016-07-10 00:00:00+00:00) done in 39.01s (real) and 30.00s (process)
2026-09-21 01:39:41.409 INFO Memory usage (start of timestep, peak): 195.46 GiB
2026-09-21 01:39:41.409 INFO Memory usage (start of timestep, current): 162.31 GiB
2026-09-21 01:39:41.409 INFO Calculating metrics
2026-09-21 01:39:41.410 INFO Calculating metric: schema_fulfillment_count
2026-09-21 01:42:16.024 INFO Calculating metric: time_entity_complete
2026-09-21 01:42:24.307 INFO Calculating metric: completeness_currency
Time happened changes: 87875. Discarded 51375 coarser than day precision and 33560 before the cutoff date of 2012-10-29. Entities with time_happened: 70901.
Recomputed 177102 entities, 781 of them discarded for a negative completion age. Entities in the aggregates: 32827.
2026-09-21 01:43:36.351 INFO Memory usage (end of timestep, peak): 195.46 GiB
2026-09-21 01:43:36.352 INFO Memory usage (end of timestep, current): 163.88 GiB
2026-09-21 01:43:36.352 INFO (Iteration 44) schema_fulfillment_count: real 154.61s | cpu 203.35s
2026-09-21 01:43:36.352 INFO (Iteration 44) time_entity_complete: real 8.28s | cpu 8.28s
2026-09-21 01:43:36.352 INFO (Iteration 44) completeness_currency: real 72.04s | cpu 92.44s
2026-09-21 01:43:36.352 INFO Iteration 44 finished in 273.96s (real) and 334.07s (process)
2026-09-21 01:43:36.352 INFO Start timestep 2016-07-10 00:00:00+00:00 -> 2016-08-09 00:00:00+00:00
2026-09-21 01:44:03.326 INFO DuckDB memory logs:
  database_name database_size  block_size  ...  wal_size  memory_usage  memory_limit
0   postgres_db       6.4 TiB           0  ...   0 bytes       3.9 GiB     267.0 GiB
1        memory       0 bytes           0  ...   0 bytes       3.9 GiB     267.0 GiB

[2 rows x 9 columns]
2026-09-21 01:44:03.327 INFO Loading data (2016-07-10 00:00:00+00:00 -> 2016-08-09 00:00:00+00:00) done in 26.97s (real) and 31.60s (process)
2026-09-21 01:44:03.327 INFO Memory usage (start of timestep, peak): 195.46 GiB
2026-09-21 01:44:03.327 INFO Memory usage (start of timestep, current): 160.98 GiB
2026-09-21 01:44:03.327 INFO Calculating metrics
2026-09-21 01:44:03.327 INFO Calculating metric: schema_fulfillment_count
2026-09-21 01:46:01.336 INFO Calculating metric: time_entity_complete
2026-09-21 01:46:05.157 INFO Calculating metric: completeness_currency
Time happened changes: 19760. Discarded 5938 coarser than day precision and 11112 before the cutoff date of 2012-10-29. Entities with time_happened: 73007.
Recomputed 505330 entities, 754 of them discarded for a negative completion age. Entities in the aggregates: 33246.
2026-09-21 01:46:16.478 INFO Memory usage (end of timestep, peak): 195.46 GiB
2026-09-21 01:46:16.478 INFO Memory usage (end of timestep, current): 162.40 GiB
2026-09-21 01:46:16.478 INFO (Iteration 45) schema_fulfillment_count: real 118.01s | cpu 166.71s
2026-09-21 01:46:16.478 INFO (Iteration 45) time_entity_complete: real 3.82s | cpu 3.82s
2026-09-21 01:46:16.478 INFO (Iteration 45) completeness_currency: real 11.32s | cpu 29.71s
2026-09-21 01:46:16.478 INFO Iteration 45 finished in 160.13s (real) and 231.84s (process)
2026-09-21 01:46:16.478 INFO Start timestep 2016-08-09 00:00:00+00:00 -> 2016-09-08 00:00:00+00:00
2026-09-21 01:47:14.749 INFO DuckDB memory logs:
  database_name database_size  block_size  ...  wal_size  memory_usage  memory_limit
0   postgres_db       6.4 TiB           0  ...   0 bytes       9.0 GiB     267.0 GiB
1        memory       0 bytes           0  ...   0 bytes       9.0 GiB     267.0 GiB

[2 rows x 9 columns]
2026-09-21 01:47:14.749 INFO Loading data (2016-08-09 00:00:00+00:00 -> 2016-09-08 00:00:00+00:00) done in 58.27s (real) and 41.19s (process)
2026-09-21 01:47:14.749 INFO Memory usage (start of timestep, peak): 195.46 GiB
2026-09-21 01:47:14.749 INFO Memory usage (start of timestep, current): 165.94 GiB
2026-09-21 01:47:14.749 INFO Calculating metrics
2026-09-21 01:47:14.749 INFO Calculating metric: schema_fulfillment_count
Warning: (SchemaFulfillmentCount) Unsupported IriStem prefix https:/
Warning: (SchemaFulfillmentCount) Unsupported IriStem prefix https:/
2026-09-21 01:50:25.777 INFO Calculating metric: time_entity_complete
2026-09-21 01:50:31.943 INFO Calculating metric: completeness_currency
Time happened changes: 58281. Discarded 38822 coarser than day precision and 11176 before the cutoff date of 2012-10-29. Entities with time_happened: 80303.
Recomputed 167436 entities, 735 of them discarded for a negative completion age. Entities in the aggregates: 36226.
2026-09-21 01:51:26.489 INFO Memory usage (end of timestep, peak): 195.71 GiB
2026-09-21 01:51:26.489 INFO Memory usage (end of timestep, current): 169.08 GiB
2026-09-21 01:51:26.489 INFO (Iteration 46) schema_fulfillment_count: real 191.03s | cpu 263.80s
2026-09-21 01:51:26.489 INFO (Iteration 46) time_entity_complete: real 6.16s | cpu 6.16s
2026-09-21 01:51:26.490 INFO (Iteration 46) completeness_currency: real 54.55s | cpu 74.88s
2026-09-21 01:51:26.490 INFO Iteration 46 finished in 310.01s (real) and 386.04s (process)
2026-09-21 01:51:26.490 INFO Start timestep 2016-09-08 00:00:00+00:00 -> 2016-10-08 00:00:00+00:00
2026-09-21 01:52:48.482 INFO DuckDB memory logs:
  database_name database_size  block_size  ...  wal_size  memory_usage  memory_limit
0   postgres_db       6.4 TiB           0  ...   0 bytes      12.5 GiB     267.0 GiB
1        memory       0 bytes           0  ...   0 bytes      12.5 GiB     267.0 GiB

[2 rows x 9 columns]
2026-09-21 01:52:48.484 INFO Loading data (2016-09-08 00:00:00+00:00 -> 2016-10-08 00:00:00+00:00) done in 81.99s (real) and 57.76s (process)
2026-09-21 01:52:48.484 INFO Memory usage (start of timestep, peak): 195.71 GiB
2026-09-21 01:52:48.485 INFO Memory usage (start of timestep, current): 169.40 GiB
2026-09-21 01:52:48.485 INFO Calculating metrics
2026-09-21 01:52:48.485 INFO Calculating metric: schema_fulfillment_count
2026-09-21 01:54:47.548 INFO Calculating metric: time_entity_complete
2026-09-21 01:54:51.325 INFO Calculating metric: completeness_currency
Time happened changes: 44799. Discarded 24798 coarser than day precision and 11669 before the cutoff date of 2012-10-29. Entities with time_happened: 87958.
Recomputed 100273 entities, 947 of them discarded for a negative completion age. Entities in the aggregates: 41452.
2026-09-21 01:55:51.879 INFO Memory usage (end of timestep, peak): 195.71 GiB
2026-09-21 01:55:51.879 INFO Memory usage (end of timestep, current): 170.11 GiB
2026-09-21 01:55:51.879 INFO (Iteration 47) schema_fulfillment_count: real 119.06s | cpu 159.81s
2026-09-21 01:55:51.880 INFO (Iteration 47) time_entity_complete: real 3.78s | cpu 3.77s
2026-09-21 01:55:51.880 INFO (Iteration 47) completeness_currency: real 60.55s | cpu 81.90s
2026-09-21 01:55:51.880 INFO Iteration 47 finished in 265.39s (real) and 303.25s (process)
2026-09-21 01:55:51.880 INFO Start timestep 2016-10-08 00:00:00+00:00 -> 2016-11-07 00:00:00+00:00
2026-09-21 01:58:55.682 INFO DuckDB memory logs:
  database_name database_size  block_size  ...  wal_size  memory_usage  memory_limit
0   postgres_db       6.4 TiB           0  ...   0 bytes      27.8 GiB     267.0 GiB
1        memory       0 bytes           0  ...   0 bytes      27.8 GiB     267.0 GiB

[2 rows x 9 columns]
2026-09-21 01:58:55.683 INFO Loading data (2016-10-08 00:00:00+00:00 -> 2016-11-07 00:00:00+00:00) done in 183.80s (real) and 131.43s (process)
2026-09-21 01:58:55.683 INFO Memory usage (start of timestep, peak): 195.71 GiB
2026-09-21 01:58:55.683 INFO Memory usage (start of timestep, current): 184.44 GiB
2026-09-21 01:58:55.683 INFO Calculating metrics
2026-09-21 01:58:55.683 INFO Calculating metric: schema_fulfillment_count
2026-09-21 02:02:09.445 INFO Calculating metric: time_entity_complete
2026-09-21 02:02:20.432 INFO Calculating metric: completeness_currency
Time happened changes: 79985. Discarded 37218 coarser than day precision and 31750 before the cutoff date of 2012-10-29. Entities with time_happened: 98169.
Recomputed 283155 entities, 820 of them discarded for a negative completion age. Entities in the aggregates: 49681.
2026-09-21 02:03:36.948 INFO Memory usage (end of timestep, peak): 195.71 GiB
2026-09-21 02:03:36.948 INFO Memory usage (end of timestep, current): 184.68 GiB
2026-09-21 02:03:36.948 INFO (Iteration 48) schema_fulfillment_count: real 193.76s | cpu 233.33s
2026-09-21 02:03:36.948 INFO (Iteration 48) time_entity_complete: real 10.99s | cpu 10.98s
2026-09-21 02:03:36.948 INFO (Iteration 48) completeness_currency: real 76.52s | cpu 95.59s
2026-09-21 02:03:36.948 INFO Iteration 48 finished in 465.07s (real) and 471.33s (process)
2026-09-21 02:03:36.949 INFO Start timestep 2016-11-07 00:00:00+00:00 -> 2016-12-07 00:00:00+00:00
2026-09-21 02:06:41.410 INFO DuckDB memory logs:
  database_name database_size  block_size  ...  wal_size  memory_usage  memory_limit
0   postgres_db       6.4 TiB           0  ...   0 bytes      27.5 GiB     267.0 GiB
1        memory       0 bytes           0  ...   0 bytes      27.5 GiB     267.0 GiB

[2 rows x 9 columns]
2026-09-21 02:06:41.411 INFO Loading data (2016-11-07 00:00:00+00:00 -> 2016-12-07 00:00:00+00:00) done in 184.46s (real) and 142.29s (process)
2026-09-21 02:06:41.411 INFO Memory usage (start of timestep, peak): 195.71 GiB
2026-09-21 02:06:41.411 INFO Memory usage (start of timestep, current): 185.66 GiB
2026-09-21 02:06:41.411 INFO Calculating metrics
2026-09-21 02:06:41.411 INFO Calculating metric: schema_fulfillment_count
2026-09-21 02:08:42.295 INFO Calculating metric: time_entity_complete
2026-09-21 02:08:45.217 INFO Calculating metric: completeness_currency
Time happened changes: 14452. Discarded 3998 coarser than day precision and 7833 before the cutoff date of 2012-10-29. Entities with time_happened: 100209.
Recomputed 161988 entities, 794 of them discarded for a negative completion age. Entities in the aggregates: 52231.
2026-09-21 02:08:54.226 INFO Memory usage (end of timestep, peak): 195.71 GiB
2026-09-21 02:08:54.226 INFO Memory usage (end of timestep, current): 184.97 GiB
2026-09-21 02:08:54.226 INFO (Iteration 49) schema_fulfillment_count: real 120.88s | cpu 157.65s
2026-09-21 02:08:54.227 INFO (Iteration 49) time_entity_complete: real 2.92s | cpu 2.92s
2026-09-21 02:08:54.227 INFO (Iteration 49) completeness_currency: real 9.01s | cpu 28.24s
2026-09-21 02:08:54.227 INFO Iteration 49 finished in 317.28s (real) and 331.11s (process)
2026-09-21 02:08:54.227 INFO Start timestep 2016-12-07 00:00:00+00:00 -> 2017-01-06 00:00:00+00:00
2026-09-21 02:11:17.608 INFO DuckDB memory logs:
  database_name database_size  block_size  ...  wal_size  memory_usage  memory_limit
0   postgres_db       6.4 TiB           0  ...   0 bytes      21.5 GiB     267.0 GiB
1        memory       0 bytes           0  ...   0 bytes      21.5 GiB     267.0 GiB

[2 rows x 9 columns]
2026-09-21 02:11:17.608 INFO Loading data (2016-12-07 00:00:00+00:00 -> 2017-01-06 00:00:00+00:00) done in 143.38s (real) and 109.55s (process)
2026-09-21 02:11:17.608 INFO Memory usage (start of timestep, peak): 195.71 GiB
2026-09-21 02:11:17.609 INFO Memory usage (start of timestep, current): 178.34 GiB
2026-09-21 02:11:17.609 INFO Calculating metrics
2026-09-21 02:11:17.609 INFO Calculating metric: schema_fulfillment_count
2026-09-21 02:14:09.490 INFO Calculating metric: time_entity_complete
2026-09-21 02:14:13.803 INFO Calculating metric: completeness_currency
Time happened changes: 47971. Discarded 19250 coarser than day precision and 14669 before the cutoff date of 2012-10-29. Entities with time_happened: 111116.
Recomputed 143697 entities, 809 of them discarded for a negative completion age. Entities in the aggregates: 55878.
2026-09-21 02:15:18.270 INFO Memory usage (end of timestep, peak): 195.71 GiB
2026-09-21 02:15:18.270 INFO Memory usage (end of timestep, current): 178.39 GiB
2026-09-21 02:15:18.270 INFO (Iteration 50) schema_fulfillment_count: real 171.88s | cpu 209.98s
2026-09-21 02:15:18.270 INFO (Iteration 50) time_entity_complete: real 4.31s | cpu 4.31s
2026-09-21 02:15:18.270 INFO (Iteration 50) completeness_currency: real 64.47s | cpu 82.78s
2026-09-21 02:15:18.270 INFO Iteration 50 finished in 384.04s (real) and 406.63s (process)
2026-09-21 02:15:18.270 INFO Start timestep 2017-01-06 00:00:00+00:00 -> 2017-02-05 00:00:00+00:00
2026-09-21 02:18:37.929 INFO DuckDB memory logs:
  database_name database_size  block_size  ...  wal_size  memory_usage  memory_limit
0   postgres_db       6.4 TiB           0  ...   0 bytes      30.0 GiB     267.0 GiB
1        memory       0 bytes           0  ...   0 bytes      30.0 GiB     267.0 GiB

[2 rows x 9 columns]
2026-09-21 02:18:37.930 INFO Loading data (2017-01-06 00:00:00+00:00 -> 2017-02-05 00:00:00+00:00) done in 199.66s (real) and 144.83s (process)
2026-09-21 02:18:37.930 INFO Memory usage (start of timestep, peak): 195.71 GiB
2026-09-21 02:18:37.931 INFO Memory usage (start of timestep, current): 186.66 GiB
2026-09-21 02:18:37.931 INFO Calculating metrics
2026-09-21 02:18:37.931 INFO Calculating metric: schema_fulfillment_count
2026-09-21 02:22:43.834 INFO Calculating metric: time_entity_complete
2026-09-21 02:23:01.356 INFO Calculating metric: completeness_currency
Time happened changes: 243437. Discarded 129032 coarser than day precision and 97729 before the cutoff date of 2012-10-29. Entities with time_happened: 126966.
Recomputed 389093 entities, 887 of them discarded for a negative completion age. Entities in the aggregates: 66588.
2026-09-21 02:24:46.896 INFO Memory usage (end of timestep, peak): 195.71 GiB
2026-09-21 02:24:46.896 INFO Memory usage (end of timestep, current): 187.07 GiB
2026-09-21 02:24:46.896 INFO (Iteration 51) schema_fulfillment_count: real 245.90s | cpu 288.80s
2026-09-21 02:24:46.896 INFO (Iteration 51) time_entity_complete: real 17.52s | cpu 17.52s
2026-09-21 02:24:46.896 INFO (Iteration 51) completeness_currency: real 105.54s | cpu 126.86s
2026-09-21 02:24:46.896 INFO Iteration 51 finished in 568.63s (real) and 578.01s (process)
2026-09-21 02:24:46.896 INFO Start timestep 2017-02-05 00:00:00+00:00 -> 2017-03-07 00:00:00+00:00
2026-09-21 02:26:30.061 INFO DuckDB memory logs:
  database_name database_size  block_size  ...  wal_size  memory_usage  memory_limit
0   postgres_db       6.4 TiB           0  ...   0 bytes      15.4 GiB     267.0 GiB
1        memory       0 bytes           0  ...   0 bytes      15.4 GiB     267.0 GiB

[2 rows x 9 columns]
2026-09-21 02:26:30.063 INFO Loading data (2017-02-05 00:00:00+00:00 -> 2017-03-07 00:00:00+00:00) done in 103.17s (real) and 73.29s (process)
2026-09-21 02:26:30.063 INFO Memory usage (start of timestep, peak): 195.71 GiB
2026-09-21 02:26:30.063 INFO Memory usage (start of timestep, current): 172.65 GiB
2026-09-21 02:26:30.063 INFO Calculating metrics
2026-09-21 02:26:30.064 INFO Calculating metric: schema_fulfillment_count
2026-09-21 02:30:51.823 INFO Calculating metric: time_entity_complete
2026-09-21 02:30:59.539 INFO Calculating metric: completeness_currency
Time happened changes: 60630. Discarded 35031 coarser than day precision and 16735 before the cutoff date of 2012-10-29. Entities with time_happened: 134987.
Recomputed 652989 entities, 865 of them discarded for a negative completion age. Entities in the aggregates: 74351.
2026-09-21 02:32:13.271 INFO Memory usage (end of timestep, peak): 195.71 GiB
2026-09-21 02:32:13.271 INFO Memory usage (end of timestep, current): 173.15 GiB
2026-09-21 02:32:13.271 INFO (Iteration 52) schema_fulfillment_count: real 261.76s | cpu 310.80s
2026-09-21 02:32:13.271 INFO (Iteration 52) time_entity_complete: real 7.71s | cpu 7.71s
2026-09-21 02:32:13.271 INFO (Iteration 52) completeness_currency: real 73.73s | cpu 94.50s
2026-09-21 02:32:13.271 INFO Iteration 52 finished in 446.38s (real) and 486.30s (process)
2026-09-21 02:32:13.272 INFO Start timestep 2017-03-07 00:00:00+00:00 -> 2017-04-06 00:00:00+00:00
2026-09-21 02:33:13.537 INFO DuckDB memory logs:
  database_name database_size  block_size  ...  wal_size  memory_usage  memory_limit
0   postgres_db       6.4 TiB           0  ...   0 bytes       9.2 GiB     267.0 GiB
1        memory       0 bytes           0  ...   0 bytes       9.2 GiB     267.0 GiB

[2 rows x 9 columns]
2026-09-21 02:33:13.538 INFO Loading data (2017-03-07 00:00:00+00:00 -> 2017-04-06 00:00:00+00:00) done in 60.27s (real) and 42.48s (process)
2026-09-21 02:33:13.538 INFO Memory usage (start of timestep, peak): 195.71 GiB
2026-09-21 02:33:13.538 INFO Memory usage (start of timestep, current): 166.51 GiB
2026-09-21 02:33:13.538 INFO Calculating metrics
2026-09-21 02:33:13.538 INFO Calculating metric: schema_fulfillment_count
2026-09-21 02:35:02.708 INFO Calculating metric: time_entity_complete
2026-09-21 02:35:05.415 INFO Calculating metric: completeness_currency
Time happened changes: 52396. Discarded 25906 coarser than day precision and 15776 before the cutoff date of 2012-10-29. Entities with time_happened: 144755.
Recomputed 166927 entities, 1128 of them discarded for a negative completion age. Entities in the aggregates: 80575.
2026-09-21 02:36:12.615 INFO Memory usage (end of timestep, peak): 195.71 GiB
2026-09-21 02:36:12.615 INFO Memory usage (end of timestep, current): 166.51 GiB
2026-09-21 02:36:12.615 INFO (Iteration 53) schema_fulfillment_count: real 109.17s | cpu 150.38s
2026-09-21 02:36:12.615 INFO (Iteration 53) time_entity_complete: real 2.71s | cpu 2.71s
2026-09-21 02:36:12.615 INFO (Iteration 53) completeness_currency: real 67.20s | cpu 87.10s
2026-09-21 02:36:12.615 INFO Iteration 53 finished in 239.34s (real) and 282.65s (process)
2026-09-21 02:36:12.616 INFO Start timestep 2017-04-06 00:00:00+00:00 -> 2017-05-06 00:00:00+00:00
2026-09-21 02:37:39.531 INFO DuckDB memory logs:
  database_name database_size  block_size  ...  wal_size  memory_usage  memory_limit
0   postgres_db       6.4 TiB           0  ...   0 bytes      13.2 GiB     267.0 GiB
1        memory       0 bytes           0  ...   0 bytes      13.2 GiB     267.0 GiB

[2 rows x 9 columns]
2026-09-21 02:37:39.532 INFO Loading data (2017-04-06 00:00:00+00:00 -> 2017-05-06 00:00:00+00:00) done in 86.92s (real) and 62.14s (process)
2026-09-21 02:37:39.532 INFO Memory usage (start of timestep, peak): 195.71 GiB
2026-09-21 02:37:39.532 INFO Memory usage (start of timestep, current): 170.37 GiB
2026-09-21 02:37:39.532 INFO Calculating metrics
2026-09-21 02:37:39.532 INFO Calculating metric: schema_fulfillment_count
2026-09-21 02:41:29.534 INFO Calculating metric: time_entity_complete
2026-09-21 02:41:34.166 INFO Calculating metric: completeness_currency
Time happened changes: 51599. Discarded 18190 coarser than day precision and 17955 before the cutoff date of 2012-10-29. Entities with time_happened: 155255.
Recomputed 186765 entities, 846 of them discarded for a negative completion age. Entities in the aggregates: 89594.
2026-09-21 02:42:46.775 INFO Memory usage (end of timestep, peak): 197.69 GiB
2026-09-21 02:42:46.775 INFO Memory usage (end of timestep, current): 170.43 GiB
2026-09-21 02:42:46.775 INFO (Iteration 54) schema_fulfillment_count: real 230.00s | cpu 301.51s
2026-09-21 02:42:46.776 INFO (Iteration 54) time_entity_complete: real 4.63s | cpu 4.63s
2026-09-21 02:42:46.776 INFO (Iteration 54) completeness_currency: real 72.61s | cpu 94.73s
2026-09-21 02:42:46.776 INFO Iteration 54 finished in 394.16s (real) and 463.03s (process)
2026-09-21 02:42:46.776 INFO Start timestep 2017-05-06 00:00:00+00:00 -> 2017-06-05 00:00:00+00:00
2026-09-21 02:44:45.300 INFO DuckDB memory logs:
  database_name database_size  block_size  ...  wal_size  memory_usage  memory_limit
0   postgres_db       6.4 TiB           0  ...   0 bytes      17.4 GiB     267.0 GiB
1        memory       0 bytes           0  ...   0 bytes      17.4 GiB     267.0 GiB

[2 rows x 9 columns]
2026-09-21 02:44:45.304 INFO Loading data (2017-05-06 00:00:00+00:00 -> 2017-06-05 00:00:00+00:00) done in 118.53s (real) and 83.14s (process)
2026-09-21 02:44:45.304 INFO Memory usage (start of timestep, peak): 197.69 GiB
2026-09-21 02:44:45.304 INFO Memory usage (start of timestep, current): 174.53 GiB
2026-09-21 02:44:45.304 INFO Calculating metrics
2026-09-21 02:44:45.304 INFO Calculating metric: schema_fulfillment_count
Warning: (SchemaFulfillmentCount) Unsupported IriStem prefix https://stackoverflow.com/tags
Warning: (SchemaFulfillmentCount) Unsupported IriStem prefix https://stackoverflow.com/tags
Warning: (SchemaFulfillmentCount) Unsupported IriStem prefix https://stackoverflow.com/tags
Warning: (SchemaFulfillmentCount) Unsupported IriStem prefix https://stackoverflow.com/tags
Warning: (SchemaFulfillmentCount) Unsupported IriStem prefix https://stackoverflow.com/tags
Warning: (SchemaFulfillmentCount) Unsupported IriStem prefix https://stackoverflow.com/tags
Warning: (SchemaFulfillmentCount) Unsupported IriStem prefix https://stackoverflow.com/tags
Warning: (SchemaFulfillmentCount) Unsupported IriStem prefix https://stackoverflow.com/tags
2026-09-21 02:47:34.791 INFO Calculating metric: time_entity_complete
2026-09-21 02:47:38.450 INFO Calculating metric: completeness_currency
Time happened changes: 24530. Discarded 10018 coarser than day precision and 9722 before the cutoff date of 2012-10-29. Entities with time_happened: 159409.
Recomputed 129129 entities, 833 of them discarded for a negative completion age. Entities in the aggregates: 91683.
2026-09-21 02:48:48.243 INFO Memory usage (end of timestep, peak): 199.02 GiB
2026-09-21 02:48:48.243 INFO Memory usage (end of timestep, current): 174.62 GiB
2026-09-21 02:48:48.243 INFO (Iteration 55) schema_fulfillment_count: real 169.49s | cpu 239.43s
2026-09-21 02:48:48.244 INFO (Iteration 55) time_entity_complete: real 3.65s | cpu 3.65s
2026-09-21 02:48:48.244 INFO (Iteration 55) completeness_currency: real 69.79s | cpu 91.76s
2026-09-21 02:48:48.244 INFO Iteration 55 finished in 361.47s (real) and 417.98s (process)
2026-09-21 02:48:48.244 INFO Start timestep 2017-06-05 00:00:00+00:00 -> 2017-07-05 00:00:00+00:00
2026-09-21 02:52:16.257 INFO DuckDB memory logs:
  database_name database_size  block_size  ...  wal_size  memory_usage  memory_limit
0   postgres_db       6.4 TiB           0  ...   0 bytes      30.7 GiB     267.0 GiB
1        memory       0 bytes           0  ...   0 bytes      30.7 GiB     267.0 GiB

[2 rows x 9 columns]
2026-09-21 02:52:16.258 INFO Loading data (2017-06-05 00:00:00+00:00 -> 2017-07-05 00:00:00+00:00) done in 208.01s (real) and 317.60s (process)
2026-09-21 02:52:16.258 INFO Memory usage (start of timestep, peak): 199.02 GiB
2026-09-21 02:52:16.268 INFO Memory usage (start of timestep, current): 188.33 GiB
2026-09-21 02:52:16.268 INFO Calculating metrics
2026-09-21 02:52:16.268 INFO Calculating metric: schema_fulfillment_count
Warning: (SchemaFulfillmentCount) Unsupported IriStem prefix https:/
Warning: (SchemaFulfillmentCount) Unsupported IriStem prefix https:/
Warning: (SchemaFulfillmentCount) Unsupported IriStem prefix http://movatwitter.jugem.jp
Warning: (SchemaFulfillmentCount) Unsupported type of allowed value constraint in entity schemas: http://www.w3.org/2001/XMLSchema#dateTime
Warning: (SchemaFulfillmentCount) Unsupported IriStem prefix http://movatwitter.jugem.jp
2026-09-21 03:01:58.173 INFO Calculating metric: time_entity_complete
2026-09-21 03:02:26.952 INFO Calculating metric: completeness_currency
Time happened changes: 517165. Discarded 4623 coarser than day precision and 318987 before the cutoff date of 2012-10-29. Entities with time_happened: 324622.
Recomputed 713239 entities, 807 of them discarded for a negative completion age. Entities in the aggregates: 205963.
2026-09-21 03:06:39.405 INFO Memory usage (end of timestep, peak): 199.02 GiB
2026-09-21 03:06:39.405 INFO Memory usage (end of timestep, current): 188.90 GiB
2026-09-21 03:06:39.406 INFO (Iteration 56) schema_fulfillment_count: real 581.90s | cpu 641.53s
2026-09-21 03:06:39.406 INFO (Iteration 56) time_entity_complete: real 28.76s | cpu 28.76s
2026-09-21 03:06:39.406 INFO (Iteration 56) completeness_currency: real 252.45s | cpu 274.33s
2026-09-21 03:06:39.406 INFO Iteration 56 finished in 1071.16s (real) and 1262.23s (process)
2026-09-21 03:06:39.406 INFO Start timestep 2017-07-05 00:00:00+00:00 -> 2017-08-04 00:00:00+00:00
2026-09-21 03:11:32.838 INFO DuckDB memory logs:
  database_name database_size  block_size  ...  wal_size  memory_usage  memory_limit
0   postgres_db       6.4 TiB           0  ...   0 bytes      43.6 GiB     267.0 GiB
1        memory       0 bytes           0  ...   0 bytes      43.6 GiB     267.0 GiB

[2 rows x 9 columns]
2026-09-21 03:11:32.841 INFO Loading data (2017-07-05 00:00:00+00:00 -> 2017-08-04 00:00:00+00:00) done in 293.44s (real) and 216.13s (process)
2026-09-21 03:11:32.842 INFO Memory usage (start of timestep, peak): 201.08 GiB
2026-09-21 03:11:32.842 INFO Memory usage (start of timestep, current): 201.09 GiB
2026-09-21 03:11:32.842 INFO Calculating metrics
2026-09-21 03:11:32.842 INFO Calculating metric: schema_fulfillment_count
2026-09-21 03:32:32.883 INFO Calculating metric: time_entity_complete
2026-09-21 03:33:39.910 INFO Calculating metric: completeness_currency
Time happened changes: 1408778. Discarded 3577 coarser than day precision and 1130358 before the cutoff date of 2012-10-29. Entities with time_happened: 589494.
Recomputed 2038957 entities, 783 of them discarded for a negative completion age. Entities in the aggregates: 402534.
2026-09-21 03:44:10.912 INFO Memory usage (end of timestep, peak): 208.92 GiB
2026-09-21 03:44:10.912 INFO Memory usage (end of timestep, current): 205.34 GiB
2026-09-21 03:44:10.912 INFO (Iteration 57) schema_fulfillment_count: real 1260.04s | cpu 1349.31s
2026-09-21 03:44:10.912 INFO (Iteration 57) time_entity_complete: real 67.02s | cpu 67.01s
2026-09-21 03:44:10.912 INFO (Iteration 57) completeness_currency: real 631.00s | cpu 659.34s
2026-09-21 03:44:10.912 INFO Iteration 57 finished in 2251.51s (real) and 2291.80s (process)
2026-09-21 03:44:10.912 INFO Start timestep 2017-08-04 00:00:00+00:00 -> 2017-09-03 00:00:00+00:00
2026-09-21 03:53:16.519 INFO DuckDB memory logs:
  database_name database_size  block_size  ...  wal_size  memory_usage  memory_limit
0   postgres_db       6.4 TiB           0  ...   0 bytes      79.4 GiB     267.0 GiB
1        memory       0 bytes           0  ...   0 bytes      79.4 GiB     267.0 GiB

[2 rows x 9 columns]
2026-09-21 03:53:16.531 INFO Loading data (2017-08-04 00:00:00+00:00 -> 2017-09-03 00:00:00+00:00) done in 545.62s (real) and 420.82s (process)
2026-09-21 03:53:16.531 INFO Memory usage (start of timestep, peak): 239.20 GiB
2026-09-21 03:53:16.532 INFO Memory usage (start of timestep, current): 239.21 GiB
2026-09-21 03:53:16.532 INFO Calculating metrics
2026-09-21 03:53:16.532 INFO Calculating metric: schema_fulfillment_count
2026-09-21 04:36:02.768 INFO Calculating metric: time_entity_complete
2026-09-21 04:38:13.712 INFO Calculating metric: completeness_currency
Time happened changes: 2857935. Discarded 3775 coarser than day precision and 1786465 before the cutoff date of 2012-10-29. Entities with time_happened: 1656516.
Recomputed 3007913 entities, 896 of them discarded for a negative completion age. Entities in the aggregates: 1195145.
2026-09-21 04:58:49.091 INFO Memory usage (end of timestep, peak): 251.74 GiB
2026-09-21 04:58:49.092 INFO Memory usage (end of timestep, current): 245.13 GiB
2026-09-21 04:58:49.092 INFO (Iteration 58) schema_fulfillment_count: real 2566.24s | cpu 2709.91s
2026-09-21 04:58:49.092 INFO (Iteration 58) time_entity_complete: real 130.93s | cpu 130.91s
2026-09-21 04:58:49.092 INFO (Iteration 58) completeness_currency: real 1235.38s | cpu 1274.81s
2026-09-21 04:58:49.092 INFO Iteration 58 finished in 4478.18s (real) and 4536.46s (process)
2026-09-21 04:58:49.092 INFO Start timestep 2017-09-03 00:00:00+00:00 -> 2017-10-03 00:00:00+00:00
2026-09-21 05:16:20.978 INFO DuckDB memory logs:
  database_name database_size  block_size  ...  wal_size  memory_usage  memory_limit
0   postgres_db       6.4 TiB           0  ...   0 bytes     132.1 GiB     267.0 GiB
1        memory       0 bytes           0  ...   0 bytes     132.1 GiB     267.0 GiB

[2 rows x 9 columns]
2026-09-21 05:16:20.991 INFO Loading data (2017-09-03 00:00:00+00:00 -> 2017-10-03 00:00:00+00:00) done in 1051.90s (real) and 1723.81s (process)
2026-09-21 05:16:20.991 INFO Memory usage (start of timestep, peak): 296.17 GiB
2026-09-21 05:16:20.992 INFO Memory usage (start of timestep, current): 296.17 GiB
2026-09-21 05:16:20.992 INFO Calculating metrics
2026-09-21 05:16:20.992 INFO Calculating metric: schema_fulfillment_count
Warning: (SchemaFulfillmentCount) Unsupported IriStem prefix https://stackoverflow.com/tags
2026-09-21 06:00:55.416 INFO Calculating metric: time_entity_complete
2026-09-21 06:03:01.864 INFO Calculating metric: completeness_currency
Time happened changes: 2776934. Discarded 7708 coarser than day precision and 1788861 before the cutoff date of 2012-10-29. Entities with time_happened: 2635014.
Recomputed 2967070 entities, 1185 of them discarded for a negative completion age. Entities in the aggregates: 1913881.
2026-09-21 06:23:12.136 INFO Memory usage (end of timestep, peak): 304.46 GiB
2026-09-21 06:23:12.136 INFO Memory usage (end of timestep, current): 298.66 GiB
2026-09-21 06:23:12.136 INFO (Iteration 59) schema_fulfillment_count: real 2674.42s | cpu 2807.64s
2026-09-21 06:23:12.136 INFO (Iteration 59) time_entity_complete: real 126.43s | cpu 126.42s
2026-09-21 06:23:12.136 INFO (Iteration 59) completeness_currency: real 1210.27s | cpu 1249.99s
2026-09-21 06:23:12.136 INFO Iteration 59 finished in 5063.04s (real) and 5907.86s (process)
2026-09-21 06:23:12.136 INFO Start timestep 2017-10-03 00:00:00+00:00 -> 2017-11-02 00:00:00+00:00
2026-09-21 06:27:01.165 INFO DuckDB memory logs:
  database_name database_size  block_size  ...  wal_size  memory_usage  memory_limit
0   postgres_db       6.4 TiB           0  ...   0 bytes      30.4 GiB     267.0 GiB
1        memory       0 bytes           0  ...   0 bytes      30.4 GiB     267.0 GiB

[2 rows x 9 columns]
2026-09-21 06:27:01.166 INFO Loading data (2017-10-03 00:00:00+00:00 -> 2017-11-02 00:00:00+00:00) done in 229.03s (real) and 186.07s (process)
2026-09-21 06:27:01.166 INFO Memory usage (start of timestep, peak): 304.46 GiB
2026-09-21 06:27:01.166 INFO Memory usage (start of timestep, current): 197.69 GiB
2026-09-21 06:27:01.167 INFO Calculating metrics
2026-09-21 06:27:01.167 INFO Calculating metric: schema_fulfillment_count
2026-09-21 06:39:37.252 INFO Calculating metric: time_entity_complete
2026-09-21 06:40:21.171 INFO Calculating metric: completeness_currency
Time happened changes: 841741. Discarded 11398 coarser than day precision and 593394 before the cutoff date of 2012-10-29. Entities with time_happened: 2869649.
Recomputed 889813 entities, 860 of them discarded for a negative completion age. Entities in the aggregates: 2081523.
2026-09-21 06:47:30.515 INFO Memory usage (end of timestep, peak): 304.46 GiB
2026-09-21 06:47:30.515 INFO Memory usage (end of timestep, current): 197.03 GiB
2026-09-21 06:47:30.515 INFO (Iteration 60) schema_fulfillment_count: real 756.09s | cpu 821.32s
2026-09-21 06:47:30.515 INFO (Iteration 60) time_entity_complete: real 43.90s | cpu 43.90s
2026-09-21 06:47:30.515 INFO (Iteration 60) completeness_currency: real 429.34s | cpu 455.09s
2026-09-21 06:47:30.515 INFO Iteration 60 finished in 1458.38s (real) and 1506.37s (process)
2026-09-21 06:47:30.515 INFO Start timestep 2017-11-02 00:00:00+00:00 -> 2017-12-02 00:00:00+00:00
2026-09-21 06:52:00.956 INFO DuckDB memory logs:
  database_name database_size  block_size  ...  wal_size  memory_usage  memory_limit
0   postgres_db       6.4 TiB           0  ...   0 bytes      39.3 GiB     267.0 GiB
1        memory       0 bytes           0  ...   0 bytes      39.3 GiB     267.0 GiB

[2 rows x 9 columns]
2026-09-21 06:52:00.957 INFO Loading data (2017-11-02 00:00:00+00:00 -> 2017-12-02 00:00:00+00:00) done in 270.44s (real) and 390.54s (process)
2026-09-21 06:52:00.957 INFO Memory usage (start of timestep, peak): 304.46 GiB
2026-09-21 06:52:00.957 INFO Memory usage (start of timestep, current): 205.32 GiB
2026-09-21 06:52:00.957 INFO Calculating metrics
2026-09-21 06:52:00.957 INFO Calculating metric: schema_fulfillment_count
Warning: (SchemaFulfillmentCount) Unsupported IriStem prefix https://stackoverflow.com/tags
Warning: (SchemaFulfillmentCount) Unsupported IriStem prefix https://stackoverflow.com/tags
Warning: (SchemaFulfillmentCount) Unsupported IriStem prefix https://stackoverflow.com/tags
Warning: (SchemaFulfillmentCount) Unsupported IriStem prefix https://stackoverflow.com/tags
2026-09-21 07:16:46.026 INFO Calculating metric: time_entity_complete
2026-09-21 07:17:51.833 INFO Calculating metric: completeness_currency
Time happened changes: 1454698. Discarded 13502 coarser than day precision and 1223017 before the cutoff date of 2012-10-29. Entities with time_happened: 3086235.
Recomputed 1532792 entities, 941 of them discarded for a negative completion age. Entities in the aggregates: 2245692.
2026-09-21 07:29:10.266 INFO Memory usage (end of timestep, peak): 304.46 GiB
2026-09-21 07:29:10.266 INFO Memory usage (end of timestep, current): 207.10 GiB
2026-09-21 07:29:10.266 INFO (Iteration 61) schema_fulfillment_count: real 1485.07s | cpu 1574.52s
2026-09-21 07:29:10.266 INFO (Iteration 61) time_entity_complete: real 65.79s | cpu 65.78s
2026-09-21 07:29:10.266 INFO (Iteration 61) completeness_currency: real 678.43s | cpu 708.16s
2026-09-21 07:29:10.266 INFO Iteration 61 finished in 2499.75s (real) and 2739.00s (process)
2026-09-21 07:29:10.266 INFO Start timestep 2017-12-02 00:00:00+00:00 -> 2018-01-01 00:00:00+00:00
2026-09-21 07:35:25.122 INFO DuckDB memory logs:
  database_name database_size  block_size  ...  wal_size  memory_usage  memory_limit
0   postgres_db       6.4 TiB           0  ...   0 bytes      54.6 GiB     267.0 GiB
1        memory       0 bytes           0  ...   0 bytes      54.6 GiB     267.0 GiB

[2 rows x 9 columns]
2026-09-21 07:35:25.137 INFO Loading data (2017-12-02 00:00:00+00:00 -> 2018-01-01 00:00:00+00:00) done in 374.87s (real) and 288.78s (process)
2026-09-21 07:35:25.137 INFO Memory usage (start of timestep, peak): 304.46 GiB
2026-09-21 07:35:25.138 INFO Memory usage (start of timestep, current): 220.68 GiB
2026-09-21 07:35:25.138 INFO Calculating metrics
2026-09-21 07:35:25.138 INFO Calculating metric: schema_fulfillment_count
2026-09-21 08:10:03.578 INFO Calculating metric: time_entity_complete
2026-09-21 08:11:41.305 INFO Calculating metric: completeness_currency
Time happened changes: 2104090. Discarded 5548 coarser than day precision and 1685160 before the cutoff date of 2012-10-29. Entities with time_happened: 3496959.
Recomputed 2435395 entities, 1311 of them discarded for a negative completion age. Entities in the aggregates: 2568396.
2026-09-21 08:27:26.660 INFO Memory usage (end of timestep, peak): 304.46 GiB
2026-09-21 08:27:26.660 INFO Memory usage (end of timestep, current): 222.49 GiB
2026-09-21 08:27:26.660 INFO (Iteration 62) schema_fulfillment_count: real 2078.44s | cpu 2188.84s
2026-09-21 08:27:26.660 INFO (Iteration 62) time_entity_complete: real 97.72s | cpu 97.70s
2026-09-21 08:27:26.660 INFO (Iteration 62) completeness_currency: real 945.35s | cpu 978.40s
2026-09-21 08:27:26.660 INFO Iteration 62 finished in 3496.39s (real) and 3553.72s (process)
2026-09-21 08:27:26.660 INFO Start timestep 2018-01-01 00:00:00+00:00 -> 2018-01-31 00:00:00+00:00
2026-09-21 08:29:23.581 INFO DuckDB memory logs:
  database_name database_size  block_size  ...  wal_size  memory_usage  memory_limit
0   postgres_db       6.4 TiB           0  ...   0 bytes      16.9 GiB     267.0 GiB
1        memory       0 bytes           0  ...   0 bytes      16.9 GiB     267.0 GiB

[2 rows x 9 columns]
2026-09-21 08:29:23.582 INFO Loading data (2018-01-01 00:00:00+00:00 -> 2018-01-31 00:00:00+00:00) done in 116.92s (real) and 84.59s (process)
2026-09-21 08:29:23.582 INFO Memory usage (start of timestep, peak): 304.46 GiB
2026-09-21 08:29:23.583 INFO Memory usage (start of timestep, current): 184.54 GiB
2026-09-21 08:29:23.583 INFO Calculating metrics
2026-09-21 08:29:23.583 INFO Calculating metric: schema_fulfillment_count
2026-09-21 08:34:46.151 INFO Calculating metric: time_entity_complete
2026-09-21 08:35:03.216 INFO Calculating metric: completeness_currency
Time happened changes: 322971. Discarded 11036 coarser than day precision and 159147 before the cutoff date of 2012-10-29. Entities with time_happened: 3648630.
Recomputed 385225 entities, 1274 of them discarded for a negative completion age. Entities in the aggregates: 2653738.
2026-09-21 08:39:00.057 INFO Memory usage (end of timestep, peak): 304.46 GiB
2026-09-21 08:39:00.058 INFO Memory usage (end of timestep, current): 184.17 GiB
2026-09-21 08:39:00.058 INFO (Iteration 63) schema_fulfillment_count: real 322.57s | cpu 399.82s
2026-09-21 08:39:00.058 INFO (Iteration 63) time_entity_complete: real 17.05s | cpu 17.05s
2026-09-21 08:39:00.058 INFO (Iteration 63) completeness_currency: real 236.84s | cpu 261.77s
2026-09-21 08:39:00.058 INFO Iteration 63 finished in 693.40s (real) and 763.23s (process)
2026-09-21 08:39:00.058 INFO Start timestep 2018-01-31 00:00:00+00:00 -> 2018-03-02 00:00:00+00:00
2026-09-21 08:45:03.397 INFO DuckDB memory logs:
  database_name database_size  block_size  ...  wal_size  memory_usage  memory_limit
0   postgres_db       6.4 TiB           0  ...   0 bytes      53.1 GiB     267.0 GiB
1        memory       0 bytes           0  ...   0 bytes      53.1 GiB     267.0 GiB

[2 rows x 9 columns]
2026-09-21 08:45:03.410 INFO Loading data (2018-01-31 00:00:00+00:00 -> 2018-03-02 00:00:00+00:00) done in 363.35s (real) and 286.07s (process)
2026-09-21 08:45:03.410 INFO Memory usage (start of timestep, peak): 304.46 GiB
2026-09-21 08:45:03.411 INFO Memory usage (start of timestep, current): 219.60 GiB
2026-09-21 08:45:03.411 INFO Calculating metrics
2026-09-21 08:45:03.411 INFO Calculating metric: schema_fulfillment_count
2026-09-21 09:12:36.151 INFO Calculating metric: time_entity_complete
2026-09-21 09:13:53.604 INFO Calculating metric: completeness_currency
Time happened changes: 1662886. Discarded 7250 coarser than day precision and 980935 before the cutoff date of 2012-10-29. Entities with time_happened: 4320301.
Recomputed 1821604 entities, 1782 of them discarded for a negative completion age. Entities in the aggregates: 3075297.
2026-09-21 09:27:11.109 INFO Memory usage (end of timestep, peak): 304.46 GiB
2026-09-21 09:27:11.110 INFO Memory usage (end of timestep, current): 221.99 GiB
2026-09-21 09:27:11.110 INFO (Iteration 64) schema_fulfillment_count: real 1652.74s | cpu 1745.83s
2026-09-21 09:27:11.110 INFO (Iteration 64) time_entity_complete: real 77.44s | cpu 77.43s
2026-09-21 09:27:11.110 INFO (Iteration 64) completeness_currency: real 797.50s | cpu 828.72s
2026-09-21 09:27:11.110 INFO Iteration 64 finished in 2891.05s (real) and 2938.06s (process)
2026-09-21 09:27:11.110 INFO Start timestep 2018-03-02 00:00:00+00:00 -> 2018-04-01 00:00:00+00:00
2026-09-21 09:32:06.490 INFO DuckDB memory logs:
  database_name database_size  block_size  ...  wal_size  memory_usage  memory_limit
0   postgres_db       6.4 TiB           0  ...   0 bytes      42.0 GiB     267.0 GiB
1        memory       0 bytes           0  ...   0 bytes      42.0 GiB     267.0 GiB

[2 rows x 9 columns]
2026-09-21 09:32:06.491 INFO Loading data (2018-03-02 00:00:00+00:00 -> 2018-04-01 00:00:00+00:00) done in 295.38s (real) and 221.48s (process)
2026-09-21 09:32:06.491 INFO Memory usage (start of timestep, peak): 304.46 GiB
2026-09-21 09:32:06.491 INFO Memory usage (start of timestep, current): 211.81 GiB
2026-09-21 09:32:06.491 INFO Calculating metrics
2026-09-21 09:32:06.491 INFO Calculating metric: schema_fulfillment_count
2026-09-21 09:43:50.768 INFO Calculating metric: time_entity_complete
2026-09-21 09:44:25.222 INFO Calculating metric: completeness_currency
Time happened changes: 610206. Discarded 4934 coarser than day precision and 389479 before the cutoff date of 2012-10-29. Entities with time_happened: 4534695.
Recomputed 659653 entities, 982 of them discarded for a negative completion age. Entities in the aggregates: 3240538.
2026-09-21 09:50:22.874 INFO Memory usage (end of timestep, peak): 304.46 GiB
2026-09-21 09:50:22.874 INFO Memory usage (end of timestep, current): 210.07 GiB
2026-09-21 09:50:22.874 INFO (Iteration 65) schema_fulfillment_count: real 704.28s | cpu 760.61s
2026-09-21 09:50:22.874 INFO (Iteration 65) time_entity_complete: real 34.44s | cpu 34.44s
2026-09-21 09:50:22.874 INFO (Iteration 65) completeness_currency: real 357.65s | cpu 380.19s
2026-09-21 09:50:22.874 INFO Iteration 65 finished in 1391.76s (real) and 1396.71s (process)
2026-09-21 09:50:22.874 INFO Start timestep 2018-04-01 00:00:00+00:00 -> 2018-05-01 00:00:00+00:00
2026-09-21 09:53:44.671 INFO DuckDB memory logs:
  database_name database_size  block_size  ...  wal_size  memory_usage  memory_limit
0   postgres_db       6.4 TiB           0  ...   0 bytes      29.7 GiB     267.0 GiB
1        memory       0 bytes           0  ...   0 bytes      29.7 GiB     267.0 GiB

[2 rows x 9 columns]
2026-09-21 09:53:44.672 INFO Loading data (2018-04-01 00:00:00+00:00 -> 2018-05-01 00:00:00+00:00) done in 201.80s (real) and 149.17s (process)
2026-09-21 09:53:44.672 INFO Memory usage (start of timestep, peak): 304.46 GiB
2026-09-21 09:53:44.672 INFO Memory usage (start of timestep, current): 197.72 GiB
2026-09-21 09:53:44.672 INFO Calculating metrics
2026-09-21 09:53:44.673 INFO Calculating metric: schema_fulfillment_count
2026-09-21 10:13:08.682 INFO Calculating metric: time_entity_complete
2026-09-21 10:14:03.112 INFO Calculating metric: completeness_currency
Time happened changes: 981781. Discarded 5567 coarser than day precision and 828584 before the cutoff date of 2012-10-29. Entities with time_happened: 4680938.
Recomputed 1037981 entities, 1042 of them discarded for a negative completion age. Entities in the aggregates: 3344311.
2026-09-21 10:22:19.591 INFO Memory usage (end of timestep, peak): 304.46 GiB
2026-09-21 10:22:19.591 INFO Memory usage (end of timestep, current): 198.40 GiB
2026-09-21 10:22:19.591 INFO (Iteration 66) schema_fulfillment_count: real 1164.01s | cpu 1238.84s
2026-09-21 10:22:19.591 INFO (Iteration 66) time_entity_complete: real 54.42s | cpu 54.41s
2026-09-21 10:22:19.591 INFO (Iteration 66) completeness_currency: real 496.48s | cpu 522.49s
2026-09-21 10:22:19.591 INFO Iteration 66 finished in 1916.72s (real) and 1964.91s (process)
2026-09-21 10:22:19.591 INFO Start timestep 2018-05-01 00:00:00+00:00 -> 2018-05-31 00:00:00+00:00
2026-09-21 10:28:06.828 INFO DuckDB memory logs:
  database_name database_size  block_size  ...  wal_size  memory_usage  memory_limit
0   postgres_db       6.4 TiB           0  ...   0 bytes      50.2 GiB     267.0 GiB
1        memory       0 bytes           0  ...   0 bytes      50.2 GiB     267.0 GiB

[2 rows x 9 columns]
2026-09-21 10:28:06.842 INFO Loading data (2018-05-01 00:00:00+00:00 -> 2018-05-31 00:00:00+00:00) done in 347.25s (real) and 316.72s (process)
2026-09-21 10:28:06.843 INFO Memory usage (start of timestep, peak): 304.46 GiB
2026-09-21 10:28:06.843 INFO Memory usage (start of timestep, current): 217.76 GiB
2026-09-21 10:28:06.843 INFO Calculating metrics
2026-09-21 10:28:06.844 INFO Calculating metric: schema_fulfillment_count
2026-09-21 10:53:30.702 INFO Calculating metric: time_entity_complete
2026-09-21 10:54:29.191 INFO Calculating metric: completeness_currency
Time happened changes: 1273088. Discarded 27224 coarser than day precision and 887747 before the cutoff date of 2012-10-29. Entities with time_happened: 5032476.
Recomputed 1368986 entities, 1376 of them discarded for a negative completion age. Entities in the aggregates: 3609608.
2026-09-21 11:05:04.903 INFO Memory usage (end of timestep, peak): 304.46 GiB
2026-09-21 11:05:04.903 INFO Memory usage (end of timestep, current): 219.08 GiB
2026-09-21 11:05:04.903 INFO (Iteration 67) schema_fulfillment_count: real 1523.86s | cpu 1604.61s
2026-09-21 11:05:04.903 INFO (Iteration 67) time_entity_complete: real 58.48s | cpu 58.47s
2026-09-21 11:05:04.903 INFO (Iteration 67) completeness_currency: real 635.71s | cpu 665.11s
2026-09-21 11:05:04.903 INFO Iteration 67 finished in 2565.31s (real) and 2644.92s (process)
2026-09-21 11:05:04.903 INFO Start timestep 2018-05-31 00:00:00+00:00 -> 2018-06-30 00:00:00+00:00
2026-09-21 11:10:32.617 INFO DuckDB memory logs:
  database_name database_size  block_size  ...  wal_size  memory_usage  memory_limit
0   postgres_db       6.4 TiB           0  ...   0 bytes      46.9 GiB     267.0 GiB
1        memory       0 bytes           0  ...   0 bytes      46.9 GiB     267.0 GiB

[2 rows x 9 columns]
2026-09-21 11:10:32.618 INFO Loading data (2018-05-31 00:00:00+00:00 -> 2018-06-30 00:00:00+00:00) done in 327.71s (real) and 248.71s (process)
2026-09-21 11:10:32.618 INFO Memory usage (start of timestep, peak): 304.46 GiB
2026-09-21 11:10:32.618 INFO Memory usage (start of timestep, current): 214.90 GiB
2026-09-21 11:10:32.618 INFO Calculating metrics
2026-09-21 11:10:32.619 INFO Calculating metric: schema_fulfillment_count
Warning: (SchemaFulfillmentCount) Unsupported IriStem prefix http://commons.wikimedia.org/data/main
2026-09-21 11:15:48.090 INFO Calculating metric: time_entity_complete
2026-09-21 11:16:04.705 INFO Calculating metric: completeness_currency
Time happened changes: 308510. Discarded 24657 coarser than day precision and 180780 before the cutoff date of 2012-10-29. Entities with time_happened: 5113592.
Recomputed 367236 entities, 1101 of them discarded for a negative completion age. Entities in the aggregates: 3673937.
2026-09-21 11:19:52.966 INFO Memory usage (end of timestep, peak): 304.46 GiB
2026-09-21 11:19:52.966 INFO Memory usage (end of timestep, current): 214.50 GiB
2026-09-21 11:19:52.966 INFO (Iteration 68) schema_fulfillment_count: real 315.47s | cpu 365.04s
2026-09-21 11:19:52.966 INFO (Iteration 68) time_entity_complete: real 16.61s | cpu 16.61s
2026-09-21 11:19:52.966 INFO (Iteration 68) completeness_currency: real 228.26s | cpu 252.09s
2026-09-21 11:19:52.966 INFO Iteration 68 finished in 888.06s (real) and 882.46s (process)
2026-09-21 11:19:52.967 INFO Start timestep 2018-06-30 00:00:00+00:00 -> 2018-07-30 00:00:00+00:00
2026-09-21 11:26:25.843 INFO DuckDB memory logs:
  database_name database_size  block_size  ...  wal_size  memory_usage  memory_limit
0   postgres_db       6.4 TiB           0  ...   0 bytes      58.1 GiB     267.0 GiB
1        memory       0 bytes           0  ...   0 bytes      58.1 GiB     267.0 GiB

[2 rows x 9 columns]
2026-09-21 11:26:25.844 INFO Loading data (2018-06-30 00:00:00+00:00 -> 2018-07-30 00:00:00+00:00) done in 392.88s (real) and 315.00s (process)
2026-09-21 11:26:25.844 INFO Memory usage (start of timestep, peak): 304.46 GiB
2026-09-21 11:26:25.844 INFO Memory usage (start of timestep, current): 225.75 GiB
2026-09-21 11:26:25.844 INFO Calculating metrics
2026-09-21 11:26:25.845 INFO Calculating metric: schema_fulfillment_count
2026-09-21 11:31:16.957 INFO Calculating metric: time_entity_complete
2026-09-21 11:31:30.794 INFO Calculating metric: completeness_currency
Time happened changes: 182533. Discarded 23878 coarser than day precision and 92861 before the cutoff date of 2012-10-29. Entities with time_happened: 5166716.
Recomputed 341208 entities, 981 of them discarded for a negative completion age. Entities in the aggregates: 3710579.
2026-09-21 11:34:31.785 INFO Memory usage (end of timestep, peak): 304.46 GiB
2026-09-21 11:34:31.785 INFO Memory usage (end of timestep, current): 225.48 GiB
2026-09-21 11:34:31.785 INFO (Iteration 69) schema_fulfillment_count: real 291.11s | cpu 339.16s
2026-09-21 11:34:31.786 INFO (Iteration 69) time_entity_complete: real 13.84s | cpu 13.83s
2026-09-21 11:34:31.786 INFO (Iteration 69) completeness_currency: real 180.99s | cpu 205.11s
2026-09-21 11:34:31.786 INFO Iteration 69 finished in 878.82s (real) and 873.11s (process)
2026-09-21 11:34:31.786 INFO Start timestep 2018-07-30 00:00:00+00:00 -> 2018-08-29 00:00:00+00:00
2026-09-21 11:39:32.091 INFO DuckDB memory logs:
  database_name database_size  block_size  ...  wal_size  memory_usage  memory_limit
0   postgres_db       6.4 TiB           0  ...   0 bytes      42.7 GiB     267.0 GiB
1        memory       0 bytes           0  ...   0 bytes      42.7 GiB     267.0 GiB

[2 rows x 9 columns]
2026-09-21 11:39:32.092 INFO Loading data (2018-07-30 00:00:00+00:00 -> 2018-08-29 00:00:00+00:00) done in 300.31s (real) and 450.18s (process)
2026-09-21 11:39:32.092 INFO Memory usage (start of timestep, peak): 304.46 GiB
2026-09-21 11:39:32.093 INFO Memory usage (start of timestep, current): 210.31 GiB
2026-09-21 11:39:32.093 INFO Calculating metrics
2026-09-21 11:39:32.093 INFO Calculating metric: schema_fulfillment_count
2026-09-21 11:47:45.014 INFO Calculating metric: time_entity_complete
2026-09-21 11:47:59.915 INFO Calculating metric: completeness_currency
Time happened changes: 273424. Discarded 185539 coarser than day precision and 68268 before the cutoff date of 2012-10-29. Entities with time_happened: 5177740.
Recomputed 377873 entities, 925 of them discarded for a negative completion age. Entities in the aggregates: 3718372.
2026-09-21 11:50:30.510 INFO Memory usage (end of timestep, peak): 304.46 GiB
2026-09-21 11:50:30.510 INFO Memory usage (end of timestep, current): 210.50 GiB
2026-09-21 11:50:30.510 INFO (Iteration 70) schema_fulfillment_count: real 492.92s | cpu 544.55s
2026-09-21 11:50:30.510 INFO (Iteration 70) time_entity_complete: real 14.89s | cpu 14.89s
2026-09-21 11:50:30.510 INFO (Iteration 70) completeness_currency: real 150.59s | cpu 173.75s
2026-09-21 11:50:30.510 INFO Iteration 70 finished in 958.72s (real) and 1183.36s (process)
2026-09-21 11:50:30.510 INFO Start timestep 2018-08-29 00:00:00+00:00 -> 2018-09-28 00:00:00+00:00
2026-09-21 11:56:44.747 INFO DuckDB memory logs:
  database_name database_size  block_size  ...  wal_size  memory_usage  memory_limit
0   postgres_db       6.4 TiB           0  ...   0 bytes      53.6 GiB     267.0 GiB
1        memory       0 bytes           0  ...   0 bytes      53.6 GiB     267.0 GiB

[2 rows x 9 columns]
2026-09-21 11:56:44.760 INFO Loading data (2018-08-29 00:00:00+00:00 -> 2018-09-28 00:00:00+00:00) done in 374.25s (real) and 278.59s (process)
2026-09-21 11:56:44.760 INFO Memory usage (start of timestep, peak): 304.46 GiB
2026-09-21 11:56:44.760 INFO Memory usage (start of timestep, current): 220.94 GiB
2026-09-21 11:56:44.760 INFO Calculating metrics
2026-09-21 11:56:44.760 INFO Calculating metric: schema_fulfillment_count
Warning: (SchemaFulfillmentCount) Unsupported IriStem prefix http://movatwitter.jugem.jp
Warning: (SchemaFulfillmentCount) Unsupported IriStem prefix http://movatwitter.jugem.jp
2026-09-21 12:04:27.876 INFO Calculating metric: time_entity_complete
2026-09-21 12:04:38.996 INFO Calculating metric: completeness_currency
Time happened changes: 158648. Discarded 100389 coarser than day precision and 32956 before the cutoff date of 2012-10-29. Entities with time_happened: 5200938.
Recomputed 224884 entities, 1001 of them discarded for a negative completion age. Entities in the aggregates: 3737969.
2026-09-21 12:06:58.277 INFO Memory usage (end of timestep, peak): 304.46 GiB
2026-09-21 12:06:58.277 INFO Memory usage (end of timestep, current): 221.24 GiB
2026-09-21 12:06:58.277 INFO (Iteration 71) schema_fulfillment_count: real 463.12s | cpu 510.78s
2026-09-21 12:06:58.277 INFO (Iteration 71) time_entity_complete: real 11.11s | cpu 11.11s
2026-09-21 12:06:58.277 INFO (Iteration 71) completeness_currency: real 139.28s | cpu 161.84s
2026-09-21 12:06:58.277 INFO Iteration 71 finished in 987.77s (real) and 962.31s (process)
2026-09-21 12:06:58.278 INFO Start timestep 2018-09-28 00:00:00+00:00 -> 2018-10-28 00:00:00+00:00
2026-09-21 12:16:58.034 INFO DuckDB memory logs:
  database_name database_size  block_size  ...  wal_size  memory_usage  memory_limit
0   postgres_db       6.4 TiB           0  ...   0 bytes      85.1 GiB     267.0 GiB
1        memory       0 bytes           0  ...   0 bytes      85.1 GiB     267.0 GiB

[2 rows x 9 columns]
2026-09-21 12:16:58.035 INFO Loading data (2018-09-28 00:00:00+00:00 -> 2018-10-28 00:00:00+00:00) done in 599.76s (real) and 464.58s (process)
2026-09-21 12:16:58.035 INFO Memory usage (start of timestep, peak): 304.46 GiB
2026-09-21 12:16:58.035 INFO Memory usage (start of timestep, current): 251.72 GiB
2026-09-21 12:16:58.035 INFO Calculating metrics
2026-09-21 12:16:58.035 INFO Calculating metric: schema_fulfillment_count
2026-09-21 12:33:56.506 INFO Calculating metric: time_entity_complete
2026-09-21 12:34:36.289 INFO Calculating metric: completeness_currency
Time happened changes: 784606. Discarded 461839 coarser than day precision and 133408 before the cutoff date of 2012-10-29. Entities with time_happened: 5389262.
Recomputed 940722 entities, 2104 of them discarded for a negative completion age. Entities in the aggregates: 3845966.
2026-09-21 12:38:55.364 INFO Memory usage (end of timestep, peak): 304.46 GiB
2026-09-21 12:38:55.364 INFO Memory usage (end of timestep, current): 252.16 GiB
2026-09-21 12:38:55.364 INFO (Iteration 72) schema_fulfillment_count: real 1018.47s | cpu 1093.10s
2026-09-21 12:38:55.364 INFO (Iteration 72) time_entity_complete: real 39.77s | cpu 39.77s
2026-09-21 12:38:55.364 INFO (Iteration 72) completeness_currency: real 259.07s | cpu 289.43s
2026-09-21 12:38:55.364 INFO Iteration 72 finished in 1917.09s (real) and 1886.88s (process)
2026-09-21 12:38:55.364 INFO Start timestep 2018-10-28 00:00:00+00:00 -> 2018-11-27 00:00:00+00:00
2026-09-21 12:42:56.755 INFO DuckDB memory logs:
  database_name database_size  block_size  ...  wal_size  memory_usage  memory_limit
0   postgres_db       6.4 TiB           0  ...   0 bytes      36.0 GiB     267.0 GiB
1        memory       0 bytes           0  ...   0 bytes      36.0 GiB     267.0 GiB

[2 rows x 9 columns]
2026-09-21 12:42:56.755 INFO Loading data (2018-10-28 00:00:00+00:00 -> 2018-11-27 00:00:00+00:00) done in 241.39s (real) and 328.89s (process)
2026-09-21 12:42:56.756 INFO Memory usage (start of timestep, peak): 304.46 GiB
2026-09-21 12:42:56.756 INFO Memory usage (start of timestep, current): 204.05 GiB
2026-09-21 12:42:56.756 INFO Calculating metrics
2026-09-21 12:42:56.756 INFO Calculating metric: schema_fulfillment_count
2026-09-21 13:07:38.806 INFO Calculating metric: time_entity_complete
2026-09-21 13:08:35.135 INFO Calculating metric: completeness_currency
Time happened changes: 1140842. Discarded 772547 coarser than day precision and 172151 before the cutoff date of 2012-10-29. Entities with time_happened: 5582611.
Recomputed 1239765 entities, 1130 of them discarded for a negative completion age. Entities in the aggregates: 3969808.
2026-09-21 13:13:23.015 INFO Memory usage (end of timestep, peak): 304.46 GiB
2026-09-21 13:13:23.015 INFO Memory usage (end of timestep, current): 205.61 GiB
2026-09-21 13:13:23.016 INFO (Iteration 73) schema_fulfillment_count: real 1482.05s | cpu 1563.92s
2026-09-21 13:13:23.016 INFO (Iteration 73) time_entity_complete: real 56.32s | cpu 56.31s
2026-09-21 13:13:23.016 INFO (Iteration 73) completeness_currency: real 287.88s | cpu 316.80s
2026-09-21 13:13:23.016 INFO Iteration 73 finished in 2067.65s (real) and 2265.92s (process)
2026-09-21 13:13:23.016 INFO Start timestep 2018-11-27 00:00:00+00:00 -> 2018-12-27 00:00:00+00:00
2026-09-21 13:17:17.816 INFO DuckDB memory logs:
  database_name database_size  block_size  ...  wal_size  memory_usage  memory_limit
0   postgres_db       6.4 TiB           0  ...   0 bytes      36.3 GiB     267.0 GiB
1        memory       0 bytes           0  ...   0 bytes      36.3 GiB     267.0 GiB

[2 rows x 9 columns]
2026-09-21 13:17:17.817 INFO Loading data (2018-11-27 00:00:00+00:00 -> 2018-12-27 00:00:00+00:00) done in 234.80s (real) and 174.43s (process)
2026-09-21 13:17:17.817 INFO Memory usage (start of timestep, peak): 304.46 GiB
2026-09-21 13:17:17.818 INFO Memory usage (start of timestep, current): 204.57 GiB
2026-09-21 13:17:17.818 INFO Calculating metrics
2026-09-21 13:17:17.818 INFO Calculating metric: schema_fulfillment_count
2026-09-21 13:29:07.047 INFO Calculating metric: time_entity_complete
2026-09-21 13:29:37.193 INFO Calculating metric: completeness_currency
Time happened changes: 571020. Discarded 355396 coarser than day precision and 95637 before the cutoff date of 2012-10-29. Entities with time_happened: 5701691.
Recomputed 690285 entities, 1060 of them discarded for a negative completion age. Entities in the aggregates: 4044778.
2026-09-21 13:33:16.250 INFO Memory usage (end of timestep, peak): 304.46 GiB
2026-09-21 13:33:16.250 INFO Memory usage (end of timestep, current): 204.73 GiB
2026-09-21 13:33:16.250 INFO (Iteration 74) schema_fulfillment_count: real 709.23s | cpu 768.08s
2026-09-21 13:33:16.250 INFO (Iteration 74) time_entity_complete: real 30.13s | cpu 30.13s
2026-09-21 13:33:16.250 INFO (Iteration 74) completeness_currency: real 219.06s | cpu 242.15s
2026-09-21 13:33:16.250 INFO Iteration 74 finished in 1193.23s (real) and 1214.79s (process)
2026-09-21 13:33:16.250 INFO Start timestep 2018-12-27 00:00:00+00:00 -> 2019-01-26 00:00:00+00:00
2026-09-21 13:35:50.311 INFO DuckDB memory logs:
  database_name database_size  block_size  ...  wal_size  memory_usage  memory_limit
0   postgres_db       6.4 TiB           0  ...   0 bytes      23.4 GiB     267.0 GiB
1        memory       0 bytes           0  ...   0 bytes      23.4 GiB     267.0 GiB

[2 rows x 9 columns]
2026-09-21 13:35:50.312 INFO Loading data (2018-12-27 00:00:00+00:00 -> 2019-01-26 00:00:00+00:00) done in 154.06s (real) and 112.43s (process)
2026-09-21 13:35:50.312 INFO Memory usage (start of timestep, peak): 304.46 GiB
2026-09-21 13:35:50.313 INFO Memory usage (start of timestep, current): 191.74 GiB
2026-09-21 13:35:50.313 INFO Calculating metrics
2026-09-21 13:35:50.313 INFO Calculating metric: schema_fulfillment_count
Warning: (SchemaFulfillmentCount) Unsupported IriStem prefix http://movatwitter.jugem.jp
Warning: (SchemaFulfillmentCount) Unsupported IriStem prefix http://movatwitter.jugem.jp
2026-09-21 13:42:08.409 INFO Calculating metric: time_entity_complete
2026-09-21 13:42:30.582 INFO Calculating metric: completeness_currency
Time happened changes: 399463. Discarded 244392 coarser than day precision and 91797 before the cutoff date of 2012-10-29. Entities with time_happened: 5761786.
Recomputed 545576 entities, 1310 of them discarded for a negative completion age. Entities in the aggregates: 4087076.
2026-09-21 13:45:39.002 INFO Memory usage (end of timestep, peak): 304.46 GiB
2026-09-21 13:45:39.002 INFO Memory usage (end of timestep, current): 191.92 GiB
2026-09-21 13:45:39.002 INFO (Iteration 75) schema_fulfillment_count: real 378.10s | cpu 478.92s
2026-09-21 13:45:39.002 INFO (Iteration 75) time_entity_complete: real 22.16s | cpu 22.16s
2026-09-21 13:45:39.002 INFO (Iteration 75) completeness_currency: real 188.42s | cpu 214.30s
2026-09-21 13:45:39.002 INFO Iteration 75 finished in 742.75s (real) and 827.81s (process)
2026-09-21 13:45:39.002 INFO Start timestep 2019-01-26 00:00:00+00:00 -> 2019-02-25 00:00:00+00:00
2026-09-21 13:47:24.725 INFO DuckDB memory logs:
  database_name database_size  block_size  ...  wal_size  memory_usage  memory_limit
0   postgres_db       6.4 TiB           0  ...   0 bytes      16.1 GiB     267.0 GiB
1        memory       0 bytes           0  ...   0 bytes      16.1 GiB     267.0 GiB

[2 rows x 9 columns]
2026-09-21 13:47:24.726 INFO Loading data (2019-01-26 00:00:00+00:00 -> 2019-02-25 00:00:00+00:00) done in 105.72s (real) and 75.87s (process)
2026-09-21 13:47:24.726 INFO Memory usage (start of timestep, peak): 304.46 GiB
2026-09-21 13:47:24.727 INFO Memory usage (start of timestep, current): 184.58 GiB
2026-09-21 13:47:24.727 INFO Calculating metrics
2026-09-21 13:47:24.727 INFO Calculating metric: schema_fulfillment_count
2026-09-21 13:52:22.332 INFO Calculating metric: time_entity_complete
2026-09-21 13:52:36.755 INFO Calculating metric: completeness_currency
Time happened changes: 189942. Discarded 112662 coarser than day precision and 39304 before the cutoff date of 2012-10-29. Entities with time_happened: 5797414.
Recomputed 344407 entities, 1144 of them discarded for a negative completion age. Entities in the aggregates: 4111430.
2026-09-21 13:55:12.176 INFO Memory usage (end of timestep, peak): 304.46 GiB
2026-09-21 13:55:12.176 INFO Memory usage (end of timestep, current): 184.71 GiB
2026-09-21 13:55:12.176 INFO (Iteration 76) schema_fulfillment_count: real 297.61s | cpu 386.12s
2026-09-21 13:55:12.176 INFO (Iteration 76) time_entity_complete: real 14.42s | cpu 14.42s
2026-09-21 13:55:12.176 INFO (Iteration 76) completeness_currency: real 155.42s | cpu 183.70s
2026-09-21 13:55:12.177 INFO Iteration 76 finished in 573.17s (real) and 660.11s (process)
2026-09-21 13:55:12.177 INFO Start timestep 2019-02-25 00:00:00+00:00 -> 2019-03-27 00:00:00+00:00
2026-09-21 13:58:54.317 INFO DuckDB memory logs:
  database_name database_size  block_size  ...  wal_size  memory_usage  memory_limit
0   postgres_db       6.4 TiB           0  ...   0 bytes      33.0 GiB     267.0 GiB
1        memory       0 bytes           0  ...   0 bytes      33.0 GiB     267.0 GiB

[2 rows x 9 columns]
2026-09-21 13:58:54.318 INFO Loading data (2019-02-25 00:00:00+00:00 -> 2019-03-27 00:00:00+00:00) done in 222.14s (real) and 161.40s (process)
2026-09-21 13:58:54.318 INFO Memory usage (start of timestep, peak): 304.46 GiB
2026-09-21 13:58:54.318 INFO Memory usage (start of timestep, current): 200.92 GiB
2026-09-21 13:58:54.318 INFO Calculating metrics
2026-09-21 13:58:54.318 INFO Calculating metric: schema_fulfillment_count
Warning: (SchemaFulfillmentCount) Unsupported IriStem prefix https:/
2026-09-21 14:02:24.864 INFO Calculating metric: time_entity_complete
2026-09-21 14:02:35.634 INFO Calculating metric: completeness_currency
Time happened changes: 249843. Discarded 135125 coarser than day precision and 66233 before the cutoff date of 2012-10-29. Entities with time_happened: 5838809.
Recomputed 302485 entities, 1317 of them discarded for a negative completion age. Entities in the aggregates: 4120421.
2026-09-21 14:05:28.272 INFO Memory usage (end of timestep, peak): 304.46 GiB
2026-09-21 14:05:28.273 INFO Memory usage (end of timestep, current): 201.03 GiB
2026-09-21 14:05:28.273 INFO (Iteration 77) schema_fulfillment_count: real 210.55s | cpu 302.68s
2026-09-21 14:05:28.273 INFO (Iteration 77) time_entity_complete: real 10.77s | cpu 10.77s
2026-09-21 14:05:28.273 INFO (Iteration 77) completeness_currency: real 172.64s | cpu 200.22s
2026-09-21 14:05:28.273 INFO Iteration 77 finished in 616.10s (real) and 675.07s (process)
2026-09-21 14:05:28.273 INFO Start timestep 2019-03-27 00:00:00+00:00 -> 2019-04-26 00:00:00+00:00
2026-09-21 14:09:00.626 INFO DuckDB memory logs:
  database_name database_size  block_size  ...  wal_size  memory_usage  memory_limit
0   postgres_db       6.4 TiB           0  ...   0 bytes      31.5 GiB     267.0 GiB
1        memory       0 bytes           0  ...   0 bytes      31.5 GiB     267.0 GiB

[2 rows x 9 columns]
2026-09-21 14:09:00.627 INFO Loading data (2019-03-27 00:00:00+00:00 -> 2019-04-26 00:00:00+00:00) done in 212.35s (real) and 155.63s (process)
2026-09-21 14:09:00.627 INFO Memory usage (start of timestep, peak): 304.46 GiB
2026-09-21 14:09:00.627 INFO Memory usage (start of timestep, current): 199.50 GiB
2026-09-21 14:09:00.627 INFO Calculating metrics
2026-09-21 14:09:00.627 INFO Calculating metric: schema_fulfillment_count
Warning: (SchemaFulfillmentCount) Unsupported IriStem prefix https:/
2026-09-21 14:17:06.921 INFO Calculating metric: time_entity_complete
2026-09-21 14:17:17.391 INFO Calculating metric: completeness_currency
Time happened changes: 196931. Discarded 98745 coarser than day precision and 60079 before the cutoff date of 2012-10-29. Entities with time_happened: 5872418.
Recomputed 260078 entities, 1765 of them discarded for a negative completion age. Entities in the aggregates: 4131353.
2026-09-21 14:19:59.092 INFO Memory usage (end of timestep, peak): 304.46 GiB
2026-09-21 14:19:59.093 INFO Memory usage (end of timestep, current): 199.60 GiB
2026-09-21 14:19:59.093 INFO (Iteration 78) schema_fulfillment_count: real 486.29s | cpu 533.12s
2026-09-21 14:19:59.093 INFO (Iteration 78) time_entity_complete: real 10.46s | cpu 10.46s
2026-09-21 14:19:59.093 INFO (Iteration 78) completeness_currency: real 161.70s | cpu 184.28s
2026-09-21 14:19:59.093 INFO Iteration 78 finished in 870.82s (real) and 883.49s (process)
2026-09-21 14:19:59.093 INFO Start timestep 2019-04-26 00:00:00+00:00 -> 2019-05-26 00:00:00+00:00
2026-09-21 14:22:44.287 INFO DuckDB memory logs:
  database_name database_size  block_size  ...  wal_size  memory_usage  memory_limit
0   postgres_db       6.4 TiB           0  ...   0 bytes      24.5 GiB     267.0 GiB
1        memory       0 bytes           0  ...   0 bytes      24.5 GiB     267.0 GiB

[2 rows x 9 columns]
2026-09-21 14:22:44.288 INFO Loading data (2019-04-26 00:00:00+00:00 -> 2019-05-26 00:00:00+00:00) done in 165.19s (real) and 139.85s (process)
2026-09-21 14:22:44.288 INFO Memory usage (start of timestep, peak): 304.46 GiB
2026-09-21 14:22:44.288 INFO Memory usage (start of timestep, current): 194.98 GiB
2026-09-21 14:22:44.288 INFO Calculating metrics
2026-09-21 14:22:44.288 INFO Calculating metric: schema_fulfillment_count
2026-09-21 14:28:34.041 INFO Calculating metric: time_entity_complete
2026-09-21 14:28:53.475 INFO Calculating metric: completeness_currency
Time happened changes: 444622. Discarded 56876 coarser than day precision and 293655 before the cutoff date of 2012-10-29. Entities with time_happened: 5964311.
Recomputed 543083 entities, 1459 of them discarded for a negative completion age. Entities in the aggregates: 4151441.
2026-09-21 14:33:38.788 INFO Memory usage (end of timestep, peak): 304.46 GiB
2026-09-21 14:33:38.788 INFO Memory usage (end of timestep, current): 193.09 GiB
2026-09-21 14:33:38.788 INFO (Iteration 79) schema_fulfillment_count: real 349.75s | cpu 444.05s
2026-09-21 14:33:38.788 INFO (Iteration 79) time_entity_complete: real 19.42s | cpu 19.42s
2026-09-21 14:33:38.788 INFO (Iteration 79) completeness_currency: real 285.31s | cpu 321.69s
2026-09-21 14:33:38.788 INFO Iteration 79 finished in 819.69s (real) and 925.01s (process)
2026-09-21 14:33:38.788 INFO Start timestep 2019-05-26 00:00:00+00:00 -> 2019-06-25 00:00:00+00:00
2026-09-21 14:35:11.050 INFO DuckDB memory logs:
  database_name database_size  block_size  ...  wal_size  memory_usage  memory_limit
0   postgres_db       6.4 TiB           0  ...   0 bytes      13.8 GiB     267.0 GiB
1        memory       0 bytes           0  ...   0 bytes      13.8 GiB     267.0 GiB

[2 rows x 9 columns]
2026-09-21 14:35:11.051 INFO Loading data (2019-05-26 00:00:00+00:00 -> 2019-06-25 00:00:00+00:00) done in 92.26s (real) and 67.53s (process)
2026-09-21 14:35:11.051 INFO Memory usage (start of timestep, peak): 304.46 GiB
2026-09-21 14:35:11.051 INFO Memory usage (start of timestep, current): 182.37 GiB
2026-09-21 14:35:11.051 INFO Calculating metrics
2026-09-21 14:35:11.051 INFO Calculating metric: schema_fulfillment_count
Warning: (SchemaFulfillmentCount) Unsupported IriStem prefix http://movatwitter.jugem.jp
2026-09-21 14:41:23.046 INFO Calculating metric: time_entity_complete
2026-09-21 14:41:45.309 INFO Calculating metric: completeness_currency
Time happened changes: 424104. Discarded 137733 coarser than day precision and 161602 before the cutoff date of 2012-10-29. Entities with time_happened: 6086853.
Recomputed 585001 entities, 1144 of them discarded for a negative completion age. Entities in the aggregates: 4202351.
2026-09-21 14:45:52.258 INFO Memory usage (end of timestep, peak): 304.46 GiB
2026-09-21 14:45:52.258 INFO Memory usage (end of timestep, current): 182.74 GiB
2026-09-21 14:45:52.258 INFO (Iteration 80) schema_fulfillment_count: real 371.99s | cpu 478.22s
2026-09-21 14:45:52.258 INFO (Iteration 80) time_entity_complete: real 22.25s | cpu 22.25s
2026-09-21 14:45:52.259 INFO (Iteration 80) completeness_currency: real 246.95s | cpu 271.58s
2026-09-21 14:45:52.259 INFO Iteration 80 finished in 733.47s (real) and 839.58s (process)
2026-09-21 14:45:52.259 INFO Start timestep 2019-06-25 00:00:00+00:00 -> 2019-07-25 00:00:00+00:00
2026-09-21 14:48:30.704 INFO DuckDB memory logs:
  database_name database_size  block_size  ...  wal_size  memory_usage  memory_limit
0   postgres_db       6.4 TiB           0  ...   0 bytes      23.6 GiB     267.0 GiB
1        memory       0 bytes           0  ...   0 bytes      23.6 GiB     267.0 GiB

[2 rows x 9 columns]
2026-09-21 14:48:30.705 INFO Loading data (2019-06-25 00:00:00+00:00 -> 2019-07-25 00:00:00+00:00) done in 158.45s (real) and 145.80s (process)
2026-09-21 14:48:30.705 INFO Memory usage (start of timestep, peak): 304.46 GiB
2026-09-21 14:48:30.705 INFO Memory usage (start of timestep, current): 191.90 GiB
2026-09-21 14:48:30.705 INFO Calculating metrics
2026-09-21 14:48:30.705 INFO Calculating metric: schema_fulfillment_count
2026-09-21 14:53:24.358 INFO Calculating metric: time_entity_complete
2026-09-21 14:53:38.812 INFO Calculating metric: completeness_currency
Time happened changes: 205134. Discarded 6729 coarser than day precision and 107375 before the cutoff date of 2012-10-29. Entities with time_happened: 6167937.
Recomputed 524537 entities, 1116 of them discarded for a negative completion age. Entities in the aggregates: 4236492.
2026-09-21 14:57:10.193 INFO Memory usage (end of timestep, peak): 304.46 GiB
2026-09-21 14:57:10.193 INFO Memory usage (end of timestep, current): 192.01 GiB
2026-09-21 14:57:10.193 INFO (Iteration 81) schema_fulfillment_count: real 293.65s | cpu 340.10s
2026-09-21 14:57:10.193 INFO (Iteration 81) time_entity_complete: real 14.45s | cpu 14.45s
2026-09-21 14:57:10.193 INFO (Iteration 81) completeness_currency: real 211.38s | cpu 233.50s
2026-09-21 14:57:10.193 INFO Iteration 81 finished in 677.93s (real) and 733.85s (process)
2026-09-21 14:57:10.193 INFO Start timestep 2019-07-25 00:00:00+00:00 -> 2019-08-24 00:00:00+00:00
2026-09-21 14:58:55.667 INFO DuckDB memory logs:
  database_name database_size  block_size  ...  wal_size  memory_usage  memory_limit
0   postgres_db       6.4 TiB           0  ...   0 bytes      13.9 GiB     267.0 GiB
1        memory       0 bytes           0  ...   0 bytes      13.9 GiB     267.0 GiB

[2 rows x 9 columns]
2026-09-21 14:58:55.668 INFO Loading data (2019-07-25 00:00:00+00:00 -> 2019-08-24 00:00:00+00:00) done in 105.47s (real) and 75.21s (process)
2026-09-21 14:58:55.668 INFO Memory usage (start of timestep, peak): 304.46 GiB
2026-09-21 14:58:55.668 INFO Memory usage (start of timestep, current): 182.38 GiB
2026-09-21 14:58:55.668 INFO Calculating metrics
2026-09-21 14:58:55.669 INFO Calculating metric: schema_fulfillment_count
2026-09-21 15:04:47.136 INFO Calculating metric: time_entity_complete
2026-09-21 15:05:04.290 INFO Calculating metric: completeness_currency
Time happened changes: 279046. Discarded 8251 coarser than day precision and 181679 before the cutoff date of 2012-10-29. Entities with time_happened: 6249148.
Recomputed 494229 entities, 1511 of them discarded for a negative completion age. Entities in the aggregates: 4242351.
2026-09-21 15:08:56.887 INFO Memory usage (end of timestep, peak): 304.46 GiB
2026-09-21 15:08:56.887 INFO Memory usage (end of timestep, current): 182.62 GiB
2026-09-21 15:08:56.887 INFO (Iteration 82) schema_fulfillment_count: real 351.47s | cpu 456.76s
2026-09-21 15:08:56.887 INFO (Iteration 82) time_entity_complete: real 17.14s | cpu 17.14s
2026-09-21 15:08:56.887 INFO (Iteration 82) completeness_currency: real 232.60s | cpu 261.80s
2026-09-21 15:08:56.887 INFO Iteration 82 finished in 706.69s (real) and 810.91s (process)
2026-09-21 15:08:56.888 INFO Start timestep 2019-08-24 00:00:00+00:00 -> 2019-09-23 00:00:00+00:00
2026-09-21 15:12:59.912 INFO DuckDB memory logs:
  database_name database_size  block_size  ...  wal_size  memory_usage  memory_limit
0   postgres_db       6.4 TiB           0  ...   0 bytes      35.0 GiB     267.0 GiB
1        memory       0 bytes           0  ...   0 bytes      35.0 GiB     267.0 GiB

[2 rows x 9 columns]
2026-09-21 15:12:59.913 INFO Loading data (2019-08-24 00:00:00+00:00 -> 2019-09-23 00:00:00+00:00) done in 243.03s (real) and 174.78s (process)
2026-09-21 15:12:59.913 INFO Memory usage (start of timestep, peak): 304.46 GiB
2026-09-21 15:12:59.913 INFO Memory usage (start of timestep, current): 203.05 GiB
2026-09-21 15:12:59.913 INFO Calculating metrics
2026-09-21 15:12:59.913 INFO Calculating metric: schema_fulfillment_count
Warning: (SchemaFulfillmentCount) Unsupported IriStem prefix https://stackoverflow.com/tags
Warning: (SchemaFulfillmentCount) Unsupported IriStem prefix https://stackoverflow.com/tags
2026-09-21 15:37:36.248 INFO Calculating metric: time_entity_complete
2026-09-21 15:38:27.646 INFO Calculating metric: completeness_currency
Time happened changes: 1090313. Discarded 10883 coarser than day precision and 1004902 before the cutoff date of 2012-10-29. Entities with time_happened: 6293772.
Recomputed 1286315 entities, 1055 of them discarded for a negative completion age. Entities in the aggregates: 4244502.
2026-09-21 15:47:34.039 INFO Memory usage (end of timestep, peak): 304.46 GiB
2026-09-21 15:47:34.039 INFO Memory usage (end of timestep, current): 204.10 GiB
2026-09-21 15:47:34.039 INFO (Iteration 83) schema_fulfillment_count: real 1476.33s | cpu 1556.10s
2026-09-21 15:47:34.039 INFO (Iteration 83) time_entity_complete: real 51.39s | cpu 51.38s
2026-09-21 15:47:34.039 INFO (Iteration 83) completeness_currency: real 546.39s | cpu 576.29s
2026-09-21 15:47:34.039 INFO Iteration 83 finished in 2317.15s (real) and 2358.56s (process)
2026-09-21 15:47:34.039 INFO Start timestep 2019-09-23 00:00:00+00:00 -> 2019-10-23 00:00:00+00:00
2026-09-21 15:58:43.737 INFO DuckDB memory logs:
  database_name database_size  block_size  ...  wal_size  memory_usage  memory_limit
0   postgres_db       6.4 TiB           0  ...   0 bytes      92.5 GiB     267.0 GiB
1        memory       0 bytes           0  ...   0 bytes      92.5 GiB     267.0 GiB

[2 rows x 9 columns]
2026-09-21 15:58:43.749 INFO Loading data (2019-09-23 00:00:00+00:00 -> 2019-10-23 00:00:00+00:00) done in 669.71s (real) and 518.89s (process)
2026-09-21 15:58:43.749 INFO Memory usage (start of timestep, peak): 304.46 GiB
2026-09-21 15:58:43.750 INFO Memory usage (start of timestep, current): 259.32 GiB
2026-09-21 15:58:43.750 INFO Calculating metrics
2026-09-21 15:58:43.750 INFO Calculating metric: schema_fulfillment_count
2026-09-21 17:03:26.090 INFO Calculating metric: time_entity_complete
2026-09-21 17:05:45.358 INFO Calculating metric: completeness_currency
Time happened changes: 3474372. Discarded 54801 coarser than day precision and 3276649 before the cutoff date of 2012-10-29. Entities with time_happened: 6375725.
Recomputed 3619114 entities, 30344 of them discarded for a negative completion age. Entities in the aggregates: 4242579.
2026-09-21 17:30:31.182 INFO Memory usage (end of timestep, peak): 304.46 GiB
2026-09-21 17:30:31.182 INFO Memory usage (end of timestep, current): 266.20 GiB
2026-09-21 17:30:31.182 INFO (Iteration 84) schema_fulfillment_count: real 3882.34s | cpu 4032.32s
2026-09-21 17:30:31.182 INFO (Iteration 84) time_entity_complete: real 139.26s | cpu 139.24s
2026-09-21 17:30:31.182 INFO (Iteration 84) completeness_currency: real 1485.82s | cpu 1528.38s
2026-09-21 17:30:31.182 INFO Iteration 84 finished in 6177.14s (real) and 6218.84s (process)
2026-09-21 17:30:31.183 INFO Start timestep 2019-10-23 00:00:00+00:00 -> 2019-11-22 00:00:00+00:00
2026-09-21 17:40:59.570 INFO DuckDB memory logs:
  database_name database_size  block_size  ...  wal_size  memory_usage  memory_limit
0   postgres_db       6.4 TiB           0  ...   0 bytes      87.8 GiB     267.0 GiB
1        memory       0 bytes           0  ...   0 bytes      87.8 GiB     267.0 GiB

[2 rows x 9 columns]
2026-09-21 17:40:59.571 INFO Loading data (2019-10-23 00:00:00+00:00 -> 2019-11-22 00:00:00+00:00) done in 628.39s (real) and 490.04s (process)
2026-09-21 17:40:59.571 INFO Memory usage (start of timestep, peak): 304.46 GiB
2026-09-21 17:40:59.571 INFO Memory usage (start of timestep, current): 259.70 GiB
2026-09-21 17:40:59.571 INFO Calculating metrics
2026-09-21 17:40:59.571 INFO Calculating metric: schema_fulfillment_count
2026-09-21 18:42:36.469 INFO Calculating metric: time_entity_complete
2026-09-21 18:44:43.686 INFO Calculating metric: completeness_currency
Time happened changes: 2696922. Discarded 13967 coarser than day precision and 2551358 before the cutoff date of 2012-10-29. Entities with time_happened: 6392599.
Recomputed 3072464 entities, 1436 of them discarded for a negative completion age. Entities in the aggregates: 4245379.
2026-09-21 19:03:58.660 INFO Memory usage (end of timestep, peak): 304.46 GiB
2026-09-21 19:03:58.660 INFO Memory usage (end of timestep, current): 262.31 GiB
2026-09-21 19:03:58.660 INFO (Iteration 85) schema_fulfillment_count: real 3696.90s | cpu 3840.48s
2026-09-21 19:03:58.660 INFO (Iteration 85) time_entity_complete: real 127.21s | cpu 127.20s
2026-09-21 19:03:58.660 INFO (Iteration 85) completeness_currency: real 1154.97s | cpu 1194.07s
2026-09-21 19:03:58.660 INFO Iteration 85 finished in 5607.48s (real) and 5651.79s (process)
2026-09-21 19:03:58.660 INFO Start timestep 2019-11-22 00:00:00+00:00 -> 2019-12-22 00:00:00+00:00
2026-09-21 19:11:02.407 INFO DuckDB memory logs:
  database_name database_size  block_size  ...  wal_size  memory_usage  memory_limit
0   postgres_db       6.4 TiB           0  ...   0 bytes      59.3 GiB     267.0 GiB
1        memory       0 bytes           0  ...   0 bytes      59.3 GiB     267.0 GiB

[2 rows x 9 columns]
2026-09-21 19:11:02.421 INFO Loading data (2019-11-22 00:00:00+00:00 -> 2019-12-22 00:00:00+00:00) done in 423.76s (real) and 344.10s (process)
2026-09-21 19:11:02.422 INFO Memory usage (start of timestep, peak): 304.46 GiB
2026-09-21 19:11:02.422 INFO Memory usage (start of timestep, current): 233.65 GiB
2026-09-21 19:11:02.422 INFO Calculating metrics
2026-09-21 19:11:02.422 INFO Calculating metric: schema_fulfillment_count
2026-09-21 19:59:39.510 INFO Calculating metric: time_entity_complete
2026-09-21 20:01:11.869 INFO Calculating metric: completeness_currency
Time happened changes: 1615610. Discarded 11647 coarser than day precision and 1535439 before the cutoff date of 2012-10-29. Entities with time_happened: 6408112.
Recomputed 1813746 entities, 1184 of them discarded for a negative completion age. Entities in the aggregates: 4248992.
2026-09-21 20:13:46.109 INFO Memory usage (end of timestep, peak): 304.46 GiB
2026-09-21 20:13:46.109 INFO Memory usage (end of timestep, current): 233.07 GiB
2026-09-21 20:13:46.109 INFO (Iteration 86) schema_fulfillment_count: real 2917.09s | cpu 3042.14s
2026-09-21 20:13:46.109 INFO (Iteration 86) time_entity_complete: real 92.35s | cpu 92.33s
2026-09-21 20:13:46.109 INFO (Iteration 86) completeness_currency: real 754.24s | cpu 789.44s
2026-09-21 20:13:46.110 INFO Iteration 86 finished in 4187.45s (real) and 4268.02s (process)
2026-09-21 20:13:46.110 INFO Start timestep 2019-12-22 00:00:00+00:00 -> 2020-01-21 00:00:00+00:00
2026-09-21 20:24:14.492 INFO DuckDB memory logs:
  database_name database_size  block_size  ...  wal_size  memory_usage  memory_limit
0   postgres_db       6.4 TiB           0  ...   0 bytes      86.6 GiB     267.0 GiB
1        memory       0 bytes           0  ...   0 bytes      86.6 GiB     267.0 GiB

[2 rows x 9 columns]
2026-09-21 20:24:14.504 INFO Loading data (2019-12-22 00:00:00+00:00 -> 2020-01-21 00:00:00+00:00) done in 628.39s (real) and 507.45s (process)
2026-09-21 20:24:14.505 INFO Memory usage (start of timestep, peak): 304.46 GiB
2026-09-21 20:24:14.505 INFO Memory usage (start of timestep, current): 261.05 GiB
2026-09-21 20:24:14.505 INFO Calculating metrics
2026-09-21 20:24:14.505 INFO Calculating metric: schema_fulfillment_count
2026-09-21 21:22:23.259 INFO Calculating metric: time_entity_complete
2026-09-21 21:24:11.089 INFO Calculating metric: completeness_currency
Time happened changes: 1661499. Discarded 6122 coarser than day precision and 1518958 before the cutoff date of 2012-10-29. Entities with time_happened: 6414482.
Recomputed 1676719 entities, 1379 of them discarded for a negative completion age. Entities in the aggregates: 4250672.
2026-09-21 21:36:40.282 INFO Memory usage (end of timestep, peak): 304.46 GiB
2026-09-21 21:36:40.282 INFO Memory usage (end of timestep, current): 260.47 GiB
2026-09-21 21:36:40.282 INFO (Iteration 87) schema_fulfillment_count: real 3488.75s | cpu 3623.53s
2026-09-21 21:36:40.282 INFO (Iteration 87) time_entity_complete: real 107.82s | cpu 107.80s
2026-09-21 21:36:40.282 INFO (Iteration 87) completeness_currency: real 749.19s | cpu 782.79s
2026-09-21 21:36:40.282 INFO Iteration 87 finished in 4974.17s (real) and 5021.58s (process)
2026-09-21 21:36:40.282 INFO Start timestep 2020-01-21 00:00:00+00:00 -> 2020-02-20 00:00:00+00:00
2026-09-21 21:43:55.096 INFO DuckDB memory logs:
  database_name database_size  block_size  ...  wal_size  memory_usage  memory_limit
0   postgres_db       6.4 TiB           0  ...   0 bytes      60.1 GiB     267.0 GiB
1        memory       0 bytes           0  ...   0 bytes      60.1 GiB     267.0 GiB

[2 rows x 9 columns]
2026-09-21 21:43:55.109 INFO Loading data (2020-01-21 00:00:00+00:00 -> 2020-02-20 00:00:00+00:00) done in 434.83s (real) and 355.65s (process)
2026-09-21 21:43:55.110 INFO Memory usage (start of timestep, peak): 304.46 GiB
2026-09-21 21:43:55.110 INFO Memory usage (start of timestep, current): 233.46 GiB
2026-09-21 21:43:55.110 INFO Calculating metrics
2026-09-21 21:43:55.111 INFO Calculating metric: schema_fulfillment_count
Warning: (SchemaFulfillmentCount) Unsupported IriStem prefix http://movatwitter.jugem.jp
Warning: (SchemaFulfillmentCount) Unsupported IriStem prefix http://movatwitter.jugem.jp
2026-09-21 22:24:27.826 INFO Calculating metric: time_entity_complete
2026-09-21 22:25:40.335 INFO Calculating metric: completeness_currency
Time happened changes: 940607. Discarded 6626 coarser than day precision and 766575 before the cutoff date of 2012-10-29. Entities with time_happened: 6478818.
Recomputed 995941 entities, 1574 of them discarded for a negative completion age. Entities in the aggregates: 4302011.
2026-09-21 22:33:43.324 INFO Memory usage (end of timestep, peak): 304.46 GiB
2026-09-21 22:33:43.324 INFO Memory usage (end of timestep, current): 233.05 GiB
2026-09-21 22:33:43.324 INFO (Iteration 88) schema_fulfillment_count: real 2432.72s | cpu 2532.87s
2026-09-21 22:33:43.324 INFO (Iteration 88) time_entity_complete: real 72.50s | cpu 72.49s
2026-09-21 22:33:43.324 INFO (Iteration 88) completeness_currency: real 482.99s | cpu 509.49s
2026-09-21 22:33:43.324 INFO Iteration 88 finished in 3423.04s (real) and 3470.50s (process)
2026-09-21 22:33:43.324 INFO Start timestep 2020-02-20 00:00:00+00:00 -> 2020-03-21 00:00:00+00:00
2026-09-21 22:42:35.932 INFO DuckDB memory logs:
  database_name database_size  block_size  ...  wal_size  memory_usage  memory_limit
0   postgres_db       6.4 TiB           0  ...   0 bytes      73.5 GiB     267.0 GiB
1        memory       0 bytes           0  ...   0 bytes      73.5 GiB     267.0 GiB

[2 rows x 9 columns]
2026-09-21 22:42:35.945 INFO Loading data (2020-02-20 00:00:00+00:00 -> 2020-03-21 00:00:00+00:00) done in 532.62s (real) and 418.34s (process)
2026-09-21 22:42:35.945 INFO Memory usage (start of timestep, peak): 304.46 GiB
2026-09-21 22:42:35.945 INFO Memory usage (start of timestep, current): 245.65 GiB
2026-09-21 22:42:35.946 INFO Calculating metrics
2026-09-21 22:42:35.946 INFO Calculating metric: schema_fulfillment_count
2026-09-21 23:26:53.557 INFO Calculating metric: time_entity_complete
2026-09-21 23:28:06.929 INFO Calculating metric: completeness_currency
Time happened changes: 784193. Discarded 29279 coarser than day precision and 94775 before the cutoff date of 2012-10-29. Entities with time_happened: 6936165.
Recomputed 984664 entities, 1920 of them discarded for a negative completion age. Entities in the aggregates: 4696862.
2026-09-21 23:35:31.951 INFO Memory usage (end of timestep, peak): 304.46 GiB
2026-09-21 23:35:31.951 INFO Memory usage (end of timestep, current): 246.57 GiB
2026-09-21 23:35:31.952 INFO (Iteration 89) schema_fulfillment_count: real 2657.61s | cpu 2760.02s
2026-09-21 23:35:31.952 INFO (Iteration 89) time_entity_complete: real 73.36s | cpu 73.35s
2026-09-21 23:35:31.952 INFO (Iteration 89) completeness_currency: real 445.02s | cpu 473.55s
2026-09-21 23:35:31.952 INFO Iteration 89 finished in 3708.63s (real) and 3725.26s (process)
2026-09-21 23:35:31.952 INFO Start timestep 2020-03-21 00:00:00+00:00 -> 2020-04-20 00:00:00+00:00
2026-09-21 23:44:06.581 INFO DuckDB memory logs:
  database_name database_size  block_size  ...  wal_size  memory_usage  memory_limit
0   postgres_db       6.4 TiB           0  ...   0 bytes      71.8 GiB     267.0 GiB
1        memory       0 bytes           0  ...   0 bytes      71.8 GiB     267.0 GiB

[2 rows x 9 columns]
2026-09-21 23:44:06.582 INFO Loading data (2020-03-21 00:00:00+00:00 -> 2020-04-20 00:00:00+00:00) done in 514.63s (real) and 406.23s (process)
2026-09-21 23:44:06.582 INFO Memory usage (start of timestep, peak): 304.46 GiB
2026-09-21 23:44:06.582 INFO Memory usage (start of timestep, current): 244.79 GiB
2026-09-21 23:44:06.582 INFO Calculating metrics
2026-09-21 23:44:06.583 INFO Calculating metric: schema_fulfillment_count
Warning: (SchemaFulfillmentCount) Unsupported type of allowed value constraint in entity schemas: http://www.w3.org/2001/XMLSchema#dateTime
Warning: (SchemaFulfillmentCount) Unsupported type of allowed value constraint in entity schemas: http://www.w3.org/2001/XMLSchema#dateTime
Warning: (SchemaFulfillmentCount) Unsupported type of allowed value constraint in entity schemas: http://www.w3.org/2001/XMLSchema#dateTime
Warning: (SchemaFulfillmentCount) Unsupported type of allowed value constraint in entity schemas: http://www.w3.org/2001/XMLSchema#dateTime
Warning: (SchemaFulfillmentCount) Unsupported type of allowed value constraint in entity schemas: http://www.w3.org/2001/XMLSchema#dateTime
Warning: (SchemaFulfillmentCount) Unsupported type of allowed value constraint in entity schemas: http://www.w3.org/2001/XMLSchema#dateTime
Warning: (SchemaFulfillmentCount) Unsupported type of allowed value constraint in entity schemas: http://www.w3.org/2001/XMLSchema#dateTime
Warning: (SchemaFulfillmentCount) Unsupported type of allowed value constraint in entity schemas: http://www.w3.org/2001/XMLSchema#dateTime
Warning: (SchemaFulfillmentCount) Unsupported type of allowed value constraint in entity schemas: http://www.w3.org/2001/XMLSchema#dateTime
Warning: (SchemaFulfillmentCount) Unsupported type of allowed value constraint in entity schemas: http://www.w3.org/2001/XMLSchema#dateTime
Warning: (SchemaFulfillmentCount) Unsupported type of allowed value constraint in entity schemas: http://www.w3.org/2001/XMLSchema#dateTime
Warning: (SchemaFulfillmentCount) Unsupported type of allowed value constraint in entity schemas: http://www.w3.org/2001/XMLSchema#dateTime
Warning: (SchemaFulfillmentCount) Unsupported type of allowed value constraint in entity schemas: http://www.w3.org/2001/XMLSchema#dateTime
Warning: (SchemaFulfillmentCount) Unsupported type of allowed value constraint in entity schemas: http://www.w3.org/2001/XMLSchema#dateTime
Warning: (SchemaFulfillmentCount) Unsupported type of allowed value constraint in entity schemas: http://www.w3.org/2001/XMLSchema#dateTime
Warning: (SchemaFulfillmentCount) Unsupported type of allowed value constraint in entity schemas: http://www.w3.org/2001/XMLSchema#dateTime
Warning: (SchemaFulfillmentCount) Unsupported type of allowed value constraint in entity schemas: http://www.w3.org/2001/XMLSchema#dateTime
Warning: (SchemaFulfillmentCount) Unsupported type of allowed value constraint in entity schemas: http://www.w3.org/2001/XMLSchema#dateTime
Warning: (SchemaFulfillmentCount) Unsupported type of allowed value constraint in entity schemas: http://www.w3.org/2001/XMLSchema#dateTime
Warning: (SchemaFulfillmentCount) Unsupported type of allowed value constraint in entity schemas: http://www.w3.org/2001/XMLSchema#dateTime
Warning: (SchemaFulfillmentCount) Unsupported type of allowed value constraint in entity schemas: http://www.w3.org/2001/XMLSchema#dateTime
Warning: (SchemaFulfillmentCount) Unsupported type of allowed value constraint in entity schemas: http://www.w3.org/2001/XMLSchema#dateTime
Warning: (SchemaFulfillmentCount) Unsupported type of allowed value constraint in entity schemas: http://www.w3.org/2001/XMLSchema#dateTime
Warning: (SchemaFulfillmentCount) Unsupported type of allowed value constraint in entity schemas: http://www.w3.org/2001/XMLSchema#dateTime
Warning: (SchemaFulfillmentCount) Unsupported type of allowed value constraint in entity schemas: http://www.w3.org/2001/XMLSchema#dateTime
Warning: (SchemaFulfillmentCount) Unsupported type of allowed value constraint in entity schemas: http://www.w3.org/2001/XMLSchema#dateTime
Warning: (SchemaFulfillmentCount) Unsupported type of allowed value constraint in entity schemas: http://www.w3.org/2001/XMLSchema#dateTime
Warning: (SchemaFulfillmentCount) Unsupported type of allowed value constraint in entity schemas: http://www.w3.org/2001/XMLSchema#dateTime
Warning: (SchemaFulfillmentCount) Unsupported type of allowed value constraint in entity schemas: http://www.w3.org/2001/XMLSchema#dateTime
Warning: (SchemaFulfillmentCount) Unsupported type of allowed value constraint in entity schemas: http://www.w3.org/2001/XMLSchema#dateTime
Warning: (SchemaFulfillmentCount) Unsupported type of allowed value constraint in entity schemas: http://www.w3.org/2001/XMLSchema#dateTime
Warning: (SchemaFulfillmentCount) Unsupported type of allowed value constraint in entity schemas: http://www.w3.org/2001/XMLSchema#dateTime
Warning: (SchemaFulfillmentCount) Unsupported type of allowed value constraint in entity schemas: http://www.w3.org/2001/XMLSchema#dateTime
Warning: (SchemaFulfillmentCount) Unsupported type of allowed value constraint in entity schemas: http://www.w3.org/2001/XMLSchema#dateTime
Warning: (SchemaFulfillmentCount) Unsupported type of allowed value constraint in entity schemas: http://www.w3.org/2001/XMLSchema#dateTime
Warning: (SchemaFulfillmentCount) Unsupported type of allowed value constraint in entity schemas: http://www.w3.org/2001/XMLSchema#dateTime
Warning: (SchemaFulfillmentCount) Unsupported type of allowed value constraint in entity schemas: http://www.w3.org/2001/XMLSchema#dateTime
Warning: (SchemaFulfillmentCount) Unsupported type of allowed value constraint in entity schemas: http://www.w3.org/2001/XMLSchema#dateTime
Warning: (SchemaFulfillmentCount) Unsupported type of allowed value constraint in entity schemas: http://www.w3.org/2001/XMLSchema#dateTime
Warning: (SchemaFulfillmentCount) Unsupported type of allowed value constraint in entity schemas: http://www.w3.org/2001/XMLSchema#dateTime
2026-09-22 00:38:10.213 INFO Calculating metric: time_entity_complete
2026-09-22 00:39:42.346 INFO Calculating metric: completeness_currency
Time happened changes: 1322138. Discarded 22024 coarser than day precision and 47383 before the cutoff date of 2012-10-29. Entities with time_happened: 7915920.
Recomputed 1654827 entities, 3106 of them discarded for a negative completion age. Entities in the aggregates: 5385918.
2026-09-22 00:51:30.945 INFO Memory usage (end of timestep, peak): 304.46 GiB
2026-09-22 00:51:30.945 INFO Memory usage (end of timestep, current): 246.23 GiB
2026-09-22 00:51:30.945 INFO (Iteration 90) schema_fulfillment_count: real 3243.63s | cpu 3368.51s
2026-09-22 00:51:30.945 INFO (Iteration 90) time_entity_complete: real 92.12s | cpu 92.11s
2026-09-22 00:51:30.945 INFO (Iteration 90) completeness_currency: real 708.60s | cpu 740.56s
2026-09-22 00:51:30.945 INFO Iteration 90 finished in 4558.99s (real) and 4607.41s (process)
2026-09-22 00:51:30.946 INFO Start timestep 2020-04-20 00:00:00+00:00 -> 2020-05-20 00:00:00+00:00
2026-09-22 01:01:27.195 INFO DuckDB memory logs:
  database_name database_size  block_size  ...  wal_size  memory_usage  memory_limit
0   postgres_db       6.4 TiB           0  ...   0 bytes      80.9 GiB     267.0 GiB
1        memory       0 bytes           0  ...   0 bytes      80.9 GiB     267.0 GiB

[2 rows x 9 columns]
2026-09-22 01:01:27.208 INFO Loading data (2020-04-20 00:00:00+00:00 -> 2020-05-20 00:00:00+00:00) done in 596.26s (real) and 469.73s (process)
2026-09-22 01:01:27.208 INFO Memory usage (start of timestep, peak): 304.46 GiB
2026-09-22 01:01:27.208 INFO Memory usage (start of timestep, current): 253.93 GiB
2026-09-22 01:01:27.209 INFO Calculating metrics
2026-09-22 01:01:27.209 INFO Calculating metric: schema_fulfillment_count
2026-09-22 02:03:23.602 INFO Calculating metric: time_entity_complete
2026-09-22 02:05:23.443 INFO Calculating metric: completeness_currency
Time happened changes: 2196692. Discarded 91236 coarser than day precision and 606020 before the cutoff date of 2012-10-29. Entities with time_happened: 9259253.
Recomputed 2593966 entities, 5043 of them discarded for a negative completion age. Entities in the aggregates: 6272067.
2026-09-22 02:24:06.361 INFO Memory usage (end of timestep, peak): 304.46 GiB
2026-09-22 02:24:06.362 INFO Memory usage (end of timestep, current): 256.86 GiB
2026-09-22 02:24:06.362 INFO (Iteration 91) schema_fulfillment_count: real 3716.39s | cpu 3861.73s
2026-09-22 02:24:06.362 INFO (Iteration 91) time_entity_complete: real 119.83s | cpu 119.82s
2026-09-22 02:24:06.362 INFO (Iteration 91) completeness_currency: real 1122.92s | cpu 1160.39s
2026-09-22 02:24:06.362 INFO Iteration 91 finished in 5555.42s (real) and 5611.67s (process)
2026-09-22 02:24:06.362 INFO Start timestep 2020-05-20 00:00:00+00:00 -> 2020-06-19 00:00:00+00:00
2026-09-22 02:29:31.002 INFO DuckDB memory logs:
  database_name database_size  block_size  ...  wal_size  memory_usage  memory_limit
0   postgres_db       6.4 TiB           0  ...   0 bytes      46.1 GiB     267.0 GiB
1        memory       0 bytes           0  ...   0 bytes      46.1 GiB     267.0 GiB

[2 rows x 9 columns]
2026-09-22 02:29:31.003 INFO Loading data (2020-05-20 00:00:00+00:00 -> 2020-06-19 00:00:00+00:00) done in 324.64s (real) and 250.85s (process)
2026-09-22 02:29:31.004 INFO Memory usage (start of timestep, peak): 304.46 GiB
2026-09-22 02:29:31.004 INFO Memory usage (start of timestep, current): 221.39 GiB
2026-09-22 02:29:31.004 INFO Calculating metrics
2026-09-22 02:29:31.004 INFO Calculating metric: schema_fulfillment_count
2026-09-22 02:45:21.248 INFO Calculating metric: time_entity_complete
2026-09-22 02:45:59.905 INFO Calculating metric: completeness_currency
Time happened changes: 562295. Discarded 97749 coarser than day precision and 178155 before the cutoff date of 2012-10-29. Entities with time_happened: 9536045.
Recomputed 1318997 entities, 2221 of them discarded for a negative completion age. Entities in the aggregates: 6274042.
2026-09-22 02:52:11.168 INFO Memory usage (end of timestep, peak): 304.46 GiB
2026-09-22 02:52:11.168 INFO Memory usage (end of timestep, current): 220.90 GiB
2026-09-22 02:52:11.169 INFO (Iteration 92) schema_fulfillment_count: real 950.24s | cpu 1160.25s
2026-09-22 02:52:11.169 INFO (Iteration 92) time_entity_complete: real 38.64s | cpu 38.64s
2026-09-22 02:52:11.169 INFO (Iteration 92) completeness_currency: real 371.26s | cpu 399.51s
2026-09-22 02:52:11.169 INFO Iteration 92 finished in 1684.81s (real) and 1849.25s (process)
2026-09-22 02:52:11.169 INFO Start timestep 2020-06-19 00:00:00+00:00 -> 2020-07-19 00:00:00+00:00
2026-09-22 02:53:57.887 INFO DuckDB memory logs:
  database_name database_size  block_size  ...  wal_size  memory_usage  memory_limit
0   postgres_db       6.4 TiB           0  ...   0 bytes      15.3 GiB     267.0 GiB
1        memory       0 bytes           0  ...   0 bytes      15.3 GiB     267.0 GiB

[2 rows x 9 columns]
2026-09-22 02:53:57.887 INFO Loading data (2020-06-19 00:00:00+00:00 -> 2020-07-19 00:00:00+00:00) done in 106.72s (real) and 82.23s (process)
2026-09-22 02:53:57.888 INFO Memory usage (start of timestep, peak): 304.46 GiB
2026-09-22 02:53:57.888 INFO Memory usage (start of timestep, current): 190.37 GiB
2026-09-22 02:53:57.888 INFO Calculating metrics
2026-09-22 02:53:57.888 INFO Calculating metric: schema_fulfillment_count
2026-09-22 03:01:54.617 INFO Calculating metric: time_entity_complete
2026-09-22 03:02:21.580 INFO Calculating metric: completeness_currency
Time happened changes: 161795. Discarded 27189 coarser than day precision and 17172 before the cutoff date of 2012-10-29. Entities with time_happened: 9642184.
Recomputed 1847546 entities, 1739 of them discarded for a negative completion age. Entities in the aggregates: 6094611.
2026-09-22 03:06:01.352 INFO Memory usage (end of timestep, peak): 304.46 GiB
2026-09-22 03:06:01.353 INFO Memory usage (end of timestep, current): 191.38 GiB
2026-09-22 03:06:01.353 INFO (Iteration 93) schema_fulfillment_count: real 476.73s | cpu 677.80s
2026-09-22 03:06:01.353 INFO (Iteration 93) time_entity_complete: real 26.95s | cpu 26.95s
2026-09-22 03:06:01.353 INFO (Iteration 93) completeness_currency: real 219.77s | cpu 238.53s
2026-09-22 03:06:01.353 INFO Iteration 93 finished in 830.18s (real) and 1025.51s (process)
2026-09-22 03:06:01.353 INFO Start timestep 2020-07-19 00:00:00+00:00 -> 2020-08-18 00:00:00+00:00
2026-09-22 03:08:21.215 INFO DuckDB memory logs:
  database_name database_size  block_size  ...  wal_size  memory_usage  memory_limit
0   postgres_db       6.4 TiB           0  ...   0 bytes      20.9 GiB     267.0 GiB
1        memory       0 bytes           0  ...   0 bytes      20.9 GiB     267.0 GiB

[2 rows x 9 columns]
2026-09-22 03:08:21.216 INFO Loading data (2020-07-19 00:00:00+00:00 -> 2020-08-18 00:00:00+00:00) done in 139.86s (real) and 117.50s (process)
2026-09-22 03:08:21.216 INFO Memory usage (start of timestep, peak): 304.46 GiB
2026-09-22 03:08:21.216 INFO Memory usage (start of timestep, current): 196.37 GiB
2026-09-22 03:08:21.216 INFO Calculating metrics
2026-09-22 03:08:21.217 INFO Calculating metric: schema_fulfillment_count
2026-09-22 03:19:09.194 INFO Calculating metric: time_entity_complete
2026-09-22 03:19:25.826 INFO Calculating metric: completeness_currency
Time happened changes: 201781. Discarded 10424 coarser than day precision and 34661 before the cutoff date of 2012-10-29. Entities with time_happened: 9796356.
Recomputed 301785 entities, 2298 of them discarded for a negative completion age. Entities in the aggregates: 6135163.
2026-09-22 03:23:43.616 INFO Memory usage (end of timestep, peak): 304.46 GiB
2026-09-22 03:23:43.617 INFO Memory usage (end of timestep, current): 196.92 GiB
2026-09-22 03:23:43.617 INFO (Iteration 94) schema_fulfillment_count: real 647.98s | cpu 767.01s
2026-09-22 03:23:43.617 INFO (Iteration 94) time_entity_complete: real 16.62s | cpu 16.62s
2026-09-22 03:23:43.617 INFO (Iteration 94) completeness_currency: real 257.79s | cpu 284.26s
2026-09-22 03:23:43.617 INFO Iteration 94 finished in 1062.26s (real) and 1185.40s (process)
2026-09-22 03:23:43.617 INFO Start timestep 2020-08-18 00:00:00+00:00 -> 2020-09-17 00:00:00+00:00
2026-09-22 03:25:11.381 INFO DuckDB memory logs:
  database_name database_size  block_size  ...  wal_size  memory_usage  memory_limit
0   postgres_db       6.4 TiB           0  ...   0 bytes      13.4 GiB     267.0 GiB
1        memory       0 bytes           0  ...   0 bytes      13.4 GiB     267.0 GiB

[2 rows x 9 columns]
2026-09-22 03:25:11.382 INFO Loading data (2020-08-18 00:00:00+00:00 -> 2020-09-17 00:00:00+00:00) done in 87.77s (real) and 64.61s (process)
2026-09-22 03:25:11.382 INFO Memory usage (start of timestep, peak): 304.46 GiB
2026-09-22 03:25:11.383 INFO Memory usage (start of timestep, current): 189.48 GiB
2026-09-22 03:25:11.383 INFO Calculating metrics
2026-09-22 03:25:11.383 INFO Calculating metric: schema_fulfillment_count
2026-09-22 03:31:16.498 INFO Calculating metric: time_entity_complete
2026-09-22 03:31:33.681 INFO Calculating metric: completeness_currency
Time happened changes: 331037. Discarded 12558 coarser than day precision and 156329 before the cutoff date of 2012-10-29. Entities with time_happened: 9955489.
Recomputed 426792 entities, 1994 of them discarded for a negative completion age. Entities in the aggregates: 6166187.
2026-09-22 03:36:40.330 INFO Memory usage (end of timestep, peak): 304.46 GiB
2026-09-22 03:36:40.331 INFO Memory usage (end of timestep, current): 189.79 GiB
2026-09-22 03:36:40.331 INFO (Iteration 95) schema_fulfillment_count: real 365.12s | cpu 458.09s
2026-09-22 03:36:40.331 INFO (Iteration 95) time_entity_complete: real 17.17s | cpu 17.17s
2026-09-22 03:36:40.331 INFO (Iteration 95) completeness_currency: real 306.65s | cpu 335.54s
2026-09-22 03:36:40.331 INFO Iteration 95 finished in 776.71s (real) and 875.41s (process)
2026-09-22 03:36:40.331 INFO Start timestep 2020-09-17 00:00:00+00:00 -> 2020-10-17 00:00:00+00:00
2026-09-22 03:38:04.323 INFO DuckDB memory logs:
  database_name database_size  block_size  ...  wal_size  memory_usage  memory_limit
0   postgres_db       6.4 TiB           0  ...   0 bytes      13.0 GiB     267.0 GiB
1        memory       0 bytes           0  ...   0 bytes      13.0 GiB     267.0 GiB

[2 rows x 9 columns]
2026-09-22 03:38:04.324 INFO Loading data (2020-09-17 00:00:00+00:00 -> 2020-10-17 00:00:00+00:00) done in 83.99s (real) and 59.75s (process)
2026-09-22 03:38:04.324 INFO Memory usage (start of timestep, peak): 304.46 GiB
2026-09-22 03:38:04.324 INFO Memory usage (start of timestep, current): 189.08 GiB
2026-09-22 03:38:04.324 INFO Calculating metrics
2026-09-22 03:38:04.324 INFO Calculating metric: schema_fulfillment_count
2026-09-22 03:45:18.359 INFO Calculating metric: time_entity_complete
2026-09-22 03:45:41.039 INFO Calculating metric: completeness_currency
Time happened changes: 282661. Discarded 70364 coarser than day precision and 77731 before the cutoff date of 2012-10-29. Entities with time_happened: 10087018.
Recomputed 430988 entities, 1906 of them discarded for a negative completion age. Entities in the aggregates: 6198798.
2026-09-22 03:50:00.881 INFO Memory usage (end of timestep, peak): 304.46 GiB
2026-09-22 03:50:00.881 INFO Memory usage (end of timestep, current): 189.46 GiB
2026-09-22 03:50:00.881 INFO (Iteration 96) schema_fulfillment_count: real 434.03s | cpu 537.02s
2026-09-22 03:50:00.881 INFO (Iteration 96) time_entity_complete: real 22.67s | cpu 22.67s
2026-09-22 03:50:00.881 INFO (Iteration 96) completeness_currency: real 259.84s | cpu 287.42s
2026-09-22 03:50:00.881 INFO Iteration 96 finished in 800.55s (real) and 906.86s (process)
2026-09-22 03:50:00.881 INFO Start timestep 2020-10-17 00:00:00+00:00 -> 2020-11-16 00:00:00+00:00
2026-09-22 03:51:37.348 INFO DuckDB memory logs:
  database_name database_size  block_size  ...  wal_size  memory_usage  memory_limit
0   postgres_db       6.4 TiB           0  ...   0 bytes      13.9 GiB     267.0 GiB
1        memory       0 bytes           0  ...   0 bytes      13.9 GiB     267.0 GiB

[2 rows x 9 columns]
2026-09-22 03:51:37.349 INFO Loading data (2020-10-17 00:00:00+00:00 -> 2020-11-16 00:00:00+00:00) done in 96.47s (real) and 78.84s (process)
2026-09-22 03:51:37.349 INFO Memory usage (start of timestep, peak): 304.46 GiB
2026-09-22 03:51:37.350 INFO Memory usage (start of timestep, current): 191.20 GiB
2026-09-22 03:51:37.350 INFO Calculating metrics
2026-09-22 03:51:37.350 INFO Calculating metric: schema_fulfillment_count
2026-09-22 03:58:09.874 INFO Calculating metric: time_entity_complete
2026-09-22 03:58:28.978 INFO Calculating metric: completeness_currency
Time happened changes: 265096. Discarded 80668 coarser than day precision and 17044 before the cutoff date of 2012-10-29. Entities with time_happened: 10251847.
Recomputed 477271 entities, 1964 of them discarded for a negative completion age. Entities in the aggregates: 6242683.
2026-09-22 04:02:39.262 INFO Memory usage (end of timestep, peak): 304.46 GiB
2026-09-22 04:02:39.263 INFO Memory usage (end of timestep, current): 190.35 GiB
2026-09-22 04:02:39.263 INFO (Iteration 97) schema_fulfillment_count: real 392.52s | cpu 493.38s
2026-09-22 04:02:39.263 INFO (Iteration 97) time_entity_complete: real 19.09s | cpu 19.09s
2026-09-22 04:02:39.263 INFO (Iteration 97) completeness_currency: real 250.28s | cpu 279.00s
2026-09-22 04:02:39.263 INFO Iteration 97 finished in 758.38s (real) and 870.32s (process)
2026-09-22 04:02:39.263 INFO Start timestep 2020-11-16 00:00:00+00:00 -> 2020-12-16 00:00:00+00:00
2026-09-22 04:04:13.260 INFO DuckDB memory logs:
  database_name database_size  block_size  ...  wal_size  memory_usage  memory_limit
0   postgres_db       6.4 TiB           0  ...   0 bytes      13.9 GiB     267.0 GiB
1        memory       0 bytes           0  ...   0 bytes      13.9 GiB     267.0 GiB

[2 rows x 9 columns]
2026-09-22 04:04:13.261 INFO Loading data (2020-11-16 00:00:00+00:00 -> 2020-12-16 00:00:00+00:00) done in 94.00s (real) and 67.58s (process)
2026-09-22 04:04:13.261 INFO Memory usage (start of timestep, peak): 304.46 GiB
2026-09-22 04:04:13.262 INFO Memory usage (start of timestep, current): 190.69 GiB
2026-09-22 04:04:13.262 INFO Calculating metrics
2026-09-22 04:04:13.262 INFO Calculating metric: schema_fulfillment_count
2026-09-22 04:15:22.927 INFO Calculating metric: time_entity_complete
2026-09-22 04:15:36.807 INFO Calculating metric: completeness_currency
Time happened changes: 193479. Discarded 37782 coarser than day precision and 24711 before the cutoff date of 2012-10-29. Entities with time_happened: 10376606.
Recomputed 516450 entities, 2060 of them discarded for a negative completion age. Entities in the aggregates: 6276816.
2026-09-22 04:19:29.207 INFO Memory usage (end of timestep, peak): 304.46 GiB
2026-09-22 04:19:29.207 INFO Memory usage (end of timestep, current): 190.26 GiB
2026-09-22 04:19:29.207 INFO (Iteration 98) schema_fulfillment_count: real 669.66s | cpu 767.33s
2026-09-22 04:19:29.207 INFO (Iteration 98) time_entity_complete: real 13.87s | cpu 13.87s
2026-09-22 04:19:29.207 INFO (Iteration 98) completeness_currency: real 232.40s | cpu 261.75s
2026-09-22 04:19:29.207 INFO Iteration 98 finished in 1009.94s (real) and 1110.52s (process)
2026-09-22 04:19:29.207 INFO Start timestep 2020-12-16 00:00:00+00:00 -> 2021-01-15 00:00:00+00:00
2026-09-22 04:21:09.983 INFO DuckDB memory logs:
  database_name database_size  block_size  ...  wal_size  memory_usage  memory_limit
0   postgres_db       6.4 TiB           0  ...   0 bytes      14.4 GiB     267.0 GiB
1        memory       0 bytes           0  ...   0 bytes      14.4 GiB     267.0 GiB

[2 rows x 9 columns]
2026-09-22 04:21:09.984 INFO Loading data (2020-12-16 00:00:00+00:00 -> 2021-01-15 00:00:00+00:00) done in 100.78s (real) and 71.78s (process)
2026-09-22 04:21:09.984 INFO Memory usage (start of timestep, peak): 304.46 GiB
2026-09-22 04:21:09.984 INFO Memory usage (start of timestep, current): 190.43 GiB
2026-09-22 04:21:09.985 INFO Calculating metrics
2026-09-22 04:21:09.985 INFO Calculating metric: schema_fulfillment_count
2026-09-22 04:31:58.147 INFO Calculating metric: time_entity_complete
2026-09-22 04:32:11.423 INFO Calculating metric: completeness_currency
Time happened changes: 195874. Discarded 31900 coarser than day precision and 36126 before the cutoff date of 2012-10-29. Entities with time_happened: 10501792.
Recomputed 334176 entities, 2763 of them discarded for a negative completion age. Entities in the aggregates: 6319391.
2026-09-22 04:36:17.151 INFO Memory usage (end of timestep, peak): 304.46 GiB
2026-09-22 04:36:17.151 INFO Memory usage (end of timestep, current): 191.99 GiB
2026-09-22 04:36:17.152 INFO (Iteration 99) schema_fulfillment_count: real 648.16s | cpu 725.40s
2026-09-22 04:36:17.152 INFO (Iteration 99) time_entity_complete: real 13.26s | cpu 13.26s
2026-09-22 04:36:17.152 INFO (Iteration 99) completeness_currency: real 245.73s | cpu 269.65s
2026-09-22 04:36:17.152 INFO Iteration 99 finished in 1007.94s (real) and 1080.10s (process)
2026-09-22 04:36:17.152 INFO Start timestep 2021-01-15 00:00:00+00:00 -> 2021-02-14 00:00:00+00:00
2026-09-22 04:38:18.234 INFO DuckDB memory logs:
  database_name database_size  block_size  ...  wal_size  memory_usage  memory_limit
0   postgres_db       6.4 TiB           0  ...   0 bytes      18.2 GiB     267.0 GiB
1        memory       0 bytes           0  ...   0 bytes      18.2 GiB     267.0 GiB

[2 rows x 9 columns]
2026-09-22 04:38:18.234 INFO Loading data (2021-01-15 00:00:00+00:00 -> 2021-02-14 00:00:00+00:00) done in 121.08s (real) and 98.92s (process)
2026-09-22 04:38:18.235 INFO Memory usage (start of timestep, peak): 304.46 GiB
2026-09-22 04:38:18.235 INFO Memory usage (start of timestep, current): 194.87 GiB
2026-09-22 04:38:18.235 INFO Calculating metrics
2026-09-22 04:38:18.235 INFO Calculating metric: schema_fulfillment_count
Warning: (SchemaFulfillmentCount) Unsupported IriStem prefix http://movatwitter.jugem.jp
Warning: (SchemaFulfillmentCount) Unsupported IriStem prefix https:/
Warning: (SchemaFulfillmentCount) Unsupported IriStem prefix http://movatwitter.jugem.jp
Warning: (SchemaFulfillmentCount) Unsupported IriStem prefix http://movatwitter.jugem.jp
2026-09-22 04:42:03.955 INFO Calculating metric: time_entity_complete
2026-09-22 04:42:14.209 INFO Calculating metric: completeness_currency
Time happened changes: 101073. Discarded 21063 coarser than day precision and 64434 before the cutoff date of 2012-10-29. Entities with time_happened: 10514396.
Recomputed 247638 entities, 1709 of them discarded for a negative completion age. Entities in the aggregates: 6322901.
2026-09-22 04:45:24.949 INFO Memory usage (end of timestep, peak): 304.46 GiB
2026-09-22 04:45:24.949 INFO Memory usage (end of timestep, current): 194.31 GiB
2026-09-22 04:45:24.950 INFO (Iteration 100) schema_fulfillment_count: real 225.72s | cpu 297.48s
2026-09-22 04:45:24.950 INFO (Iteration 100) time_entity_complete: real 10.25s | cpu 10.25s
2026-09-22 04:45:24.950 INFO (Iteration 100) completeness_currency: real 190.74s | cpu 217.39s
2026-09-22 04:45:24.950 INFO Iteration 100 finished in 547.80s (real) and 624.04s (process)
2026-09-22 04:45:24.950 INFO Start timestep 2021-02-14 00:00:00+00:00 -> 2021-03-16 00:00:00+00:00
2026-09-22 04:52:01.904 INFO DuckDB memory logs:
  database_name database_size  block_size  ...  wal_size  memory_usage  memory_limit
0   postgres_db       6.4 TiB           0  ...   0 bytes      57.3 GiB     267.0 GiB
1        memory       0 bytes           0  ...   0 bytes      57.3 GiB     267.0 GiB

[2 rows x 9 columns]
2026-09-22 04:52:01.917 INFO Loading data (2021-02-14 00:00:00+00:00 -> 2021-03-16 00:00:00+00:00) done in 396.97s (real) and 300.44s (process)
2026-09-22 04:52:01.918 INFO Memory usage (start of timestep, peak): 304.46 GiB
2026-09-22 04:52:01.918 INFO Memory usage (start of timestep, current): 232.47 GiB
2026-09-22 04:52:01.918 INFO Calculating metrics
2026-09-22 04:52:01.918 INFO Calculating metric: schema_fulfillment_count
Warning: (SchemaFulfillmentCount) Unsupported IriStem prefix https://stackoverflow.com/tags
2026-09-22 05:02:13.937 INFO Calculating metric: time_entity_complete
2026-09-22 05:02:27.032 INFO Calculating metric: completeness_currency
Time happened changes: 94025. Discarded 53510 coarser than day precision and 27251 before the cutoff date of 2012-10-29. Entities with time_happened: 10524994.
Recomputed 460971 entities, 2013 of them discarded for a negative completion age. Entities in the aggregates: 6329716.
2026-09-22 05:05:26.974 INFO Memory usage (end of timestep, peak): 304.46 GiB
2026-09-22 05:05:26.975 INFO Memory usage (end of timestep, current): 232.64 GiB
2026-09-22 05:05:26.975 INFO (Iteration 101) schema_fulfillment_count: real 612.02s | cpu 658.74s
2026-09-22 05:05:26.975 INFO (Iteration 101) time_entity_complete: real 13.08s | cpu 13.08s
2026-09-22 05:05:26.975 INFO (Iteration 101) completeness_currency: real 179.94s | cpu 203.80s
2026-09-22 05:05:26.975 INFO Iteration 101 finished in 1202.03s (real) and 1176.07s (process)
2026-09-22 05:05:26.975 INFO Start timestep 2021-03-16 00:00:00+00:00 -> 2021-04-15 00:00:00+00:00
2026-09-22 05:11:26.059 INFO DuckDB memory logs:
  database_name database_size  block_size  ...  wal_size  memory_usage  memory_limit
0   postgres_db       6.4 TiB           0  ...   0 bytes      50.8 GiB     267.0 GiB
1        memory       0 bytes           0  ...   0 bytes      50.8 GiB     267.0 GiB

[2 rows x 9 columns]
2026-09-22 05:11:26.072 INFO Loading data (2021-03-16 00:00:00+00:00 -> 2021-04-15 00:00:00+00:00) done in 359.10s (real) and 277.89s (process)
2026-09-22 05:11:26.072 INFO Memory usage (start of timestep, peak): 304.46 GiB
2026-09-22 05:11:26.073 INFO Memory usage (start of timestep, current): 226.09 GiB
2026-09-22 05:11:26.073 INFO Calculating metrics
2026-09-22 05:11:26.073 INFO Calculating metric: schema_fulfillment_count
Warning: (SchemaFulfillmentCount) Unsupported IriStem prefix http://movatwitter.jugem.jp
2026-09-22 05:15:58.633 INFO Calculating metric: time_entity_complete
2026-09-22 05:16:04.994 INFO Calculating metric: completeness_currency
Time happened changes: 87523. Discarded 23661 coarser than day precision and 43315 before the cutoff date of 2012-10-29. Entities with time_happened: 10541025.
Recomputed 179295 entities, 1528 of them discarded for a negative completion age. Entities in the aggregates: 6336186.
2026-09-22 05:19:00.993 INFO Memory usage (end of timestep, peak): 304.46 GiB
2026-09-22 05:19:00.993 INFO Memory usage (end of timestep, current): 226.18 GiB
2026-09-22 05:19:00.993 INFO (Iteration 102) schema_fulfillment_count: real 272.56s | cpu 315.70s
2026-09-22 05:19:00.993 INFO (Iteration 102) time_entity_complete: real 6.36s | cpu 6.36s
2026-09-22 05:19:00.993 INFO (Iteration 102) completeness_currency: real 176.00s | cpu 201.58s
2026-09-22 05:19:00.993 INFO Iteration 102 finished in 814.02s (real) and 801.54s (process)
2026-09-22 05:19:00.993 INFO Start timestep 2021-04-15 00:00:00+00:00 -> 2021-05-15 00:00:00+00:00
2026-09-22 05:24:28.585 INFO DuckDB memory logs:
  database_name database_size  block_size  ...  wal_size  memory_usage  memory_limit
0   postgres_db       6.4 TiB           0  ...   0 bytes      47.5 GiB     267.0 GiB
1        memory       0 bytes           0  ...   0 bytes      47.5 GiB     267.0 GiB

[2 rows x 9 columns]
2026-09-22 05:24:28.598 INFO Loading data (2021-04-15 00:00:00+00:00 -> 2021-05-15 00:00:00+00:00) done in 327.60s (real) and 252.87s (process)
2026-09-22 05:24:28.598 INFO Memory usage (start of timestep, peak): 304.46 GiB
2026-09-22 05:24:28.599 INFO Memory usage (start of timestep, current): 222.86 GiB
2026-09-22 05:24:28.599 INFO Calculating metrics
2026-09-22 05:24:28.599 INFO Calculating metric: schema_fulfillment_count
2026-09-22 05:33:33.682 INFO Calculating metric: time_entity_complete
2026-09-22 05:33:38.149 INFO Calculating metric: completeness_currency
Time happened changes: 54011. Discarded 19828 coarser than day precision and 21151 before the cutoff date of 2012-10-29. Entities with time_happened: 10551299.
Recomputed 197020 entities, 1852 of them discarded for a negative completion age. Entities in the aggregates: 6340987.
2026-09-22 05:36:33.205 INFO Memory usage (end of timestep, peak): 304.46 GiB
2026-09-22 05:36:33.205 INFO Memory usage (end of timestep, current): 222.96 GiB
2026-09-22 05:36:33.205 INFO (Iteration 103) schema_fulfillment_count: real 545.08s | cpu 587.97s
2026-09-22 05:36:33.205 INFO (Iteration 103) time_entity_complete: real 4.45s | cpu 4.45s
2026-09-22 05:36:33.205 INFO (Iteration 103) completeness_currency: real 175.06s | cpu 196.53s
2026-09-22 05:36:33.205 INFO Iteration 103 finished in 1052.21s (real) and 1041.82s (process)
2026-09-22 05:36:33.206 INFO Start timestep 2021-05-15 00:00:00+00:00 -> 2021-06-14 00:00:00+00:00
2026-09-22 05:38:21.559 INFO DuckDB memory logs:
  database_name database_size  block_size  ...  wal_size  memory_usage  memory_limit
0   postgres_db       6.4 TiB           0  ...   0 bytes      16.4 GiB     267.0 GiB
1        memory       0 bytes           0  ...   0 bytes      16.4 GiB     267.0 GiB

[2 rows x 9 columns]
2026-09-22 05:38:21.560 INFO Loading data (2021-05-15 00:00:00+00:00 -> 2021-06-14 00:00:00+00:00) done in 108.35s (real) and 81.22s (process)
2026-09-22 05:38:21.561 INFO Memory usage (start of timestep, peak): 304.46 GiB
2026-09-22 05:38:21.561 INFO Memory usage (start of timestep, current): 192.29 GiB
2026-09-22 05:38:21.561 INFO Calculating metrics
2026-09-22 05:38:21.561 INFO Calculating metric: schema_fulfillment_count
2026-09-22 05:42:37.479 INFO Calculating metric: time_entity_complete
2026-09-22 05:42:42.790 INFO Calculating metric: completeness_currency
Time happened changes: 75581. Discarded 39145 coarser than day precision and 22648 before the cutoff date of 2012-10-29. Entities with time_happened: 10561092.
Recomputed 180869 entities, 1006 of them discarded for a negative completion age. Entities in the aggregates: 6345069.
2026-09-22 05:45:30.792 INFO Memory usage (end of timestep, peak): 304.46 GiB
2026-09-22 05:45:30.792 INFO Memory usage (end of timestep, current): 192.45 GiB
2026-09-22 05:45:30.792 INFO (Iteration 104) schema_fulfillment_count: real 255.92s | cpu 313.80s
2026-09-22 05:45:30.793 INFO (Iteration 104) time_entity_complete: real 5.31s | cpu 5.31s
2026-09-22 05:45:30.793 INFO (Iteration 104) completeness_currency: real 168.00s | cpu 188.84s
2026-09-22 05:45:30.793 INFO Iteration 104 finished in 537.59s (real) and 589.17s (process)
2026-09-22 05:45:30.793 INFO Start timestep 2021-06-14 00:00:00+00:00 -> 2021-07-14 00:00:00+00:00
2026-09-22 05:48:51.483 INFO DuckDB memory logs:
  database_name database_size  block_size  ...  wal_size  memory_usage  memory_limit
0   postgres_db       6.4 TiB           0  ...   0 bytes      29.7 GiB     267.0 GiB
1        memory       0 bytes           0  ...   0 bytes      29.7 GiB     267.0 GiB

[2 rows x 9 columns]
2026-09-22 05:48:51.485 INFO Loading data (2021-06-14 00:00:00+00:00 -> 2021-07-14 00:00:00+00:00) done in 200.69s (real) and 148.34s (process)
2026-09-22 05:48:51.485 INFO Memory usage (start of timestep, peak): 304.46 GiB
2026-09-22 05:48:51.486 INFO Memory usage (start of timestep, current): 205.43 GiB
2026-09-22 05:48:51.486 INFO Calculating metrics
2026-09-22 05:48:51.486 INFO Calculating metric: schema_fulfillment_count
2026-09-22 05:58:20.198 INFO Calculating metric: time_entity_complete
2026-09-22 05:58:26.153 INFO Calculating metric: completeness_currency
Time happened changes: 62450. Discarded 28465 coarser than day precision and 17558 before the cutoff date of 2012-10-29. Entities with time_happened: 10572567.
Recomputed 128673 entities, 991 of them discarded for a negative completion age. Entities in the aggregates: 6346548.
2026-09-22 06:01:16.470 INFO Memory usage (end of timestep, peak): 304.46 GiB
2026-09-22 06:01:16.470 INFO Memory usage (end of timestep, current): 205.49 GiB
2026-09-22 06:01:16.470 INFO (Iteration 105) schema_fulfillment_count: real 568.71s | cpu 610.62s
2026-09-22 06:01:16.470 INFO (Iteration 105) time_entity_complete: real 5.94s | cpu 5.94s
2026-09-22 06:01:16.470 INFO (Iteration 105) completeness_currency: real 170.32s | cpu 193.51s
2026-09-22 06:01:16.470 INFO Iteration 105 finished in 945.68s (real) and 958.42s (process)
2026-09-22 06:01:16.470 INFO Start timestep 2021-07-14 00:00:00+00:00 -> 2021-08-13 00:00:00+00:00
2026-09-22 06:04:01.925 INFO DuckDB memory logs:
  database_name database_size  block_size  ...  wal_size  memory_usage  memory_limit
0   postgres_db       6.4 TiB           0  ...   0 bytes      24.1 GiB     267.0 GiB
1        memory       0 bytes           0  ...   0 bytes      24.1 GiB     267.0 GiB

[2 rows x 9 columns]
2026-09-22 06:04:01.926 INFO Loading data (2021-07-14 00:00:00+00:00 -> 2021-08-13 00:00:00+00:00) done in 165.46s (real) and 121.74s (process)
2026-09-22 06:04:01.927 INFO Memory usage (start of timestep, peak): 304.46 GiB
2026-09-22 06:04:01.927 INFO Memory usage (start of timestep, current): 199.96 GiB
2026-09-22 06:04:01.927 INFO Calculating metrics
2026-09-22 06:04:01.927 INFO Calculating metric: schema_fulfillment_count
2026-09-22 06:15:16.278 INFO Calculating metric: time_entity_complete
2026-09-22 06:15:29.031 INFO Calculating metric: completeness_currency
Time happened changes: 73221. Discarded 33896 coarser than day precision and 25244 before the cutoff date of 2012-10-29. Entities with time_happened: 10580752.
Recomputed 337874 entities, 1090 of them discarded for a negative completion age. Entities in the aggregates: 6349478.
2026-09-22 06:18:22.499 INFO Memory usage (end of timestep, peak): 304.46 GiB
2026-09-22 06:18:22.499 INFO Memory usage (end of timestep, current): 200.09 GiB
2026-09-22 06:18:22.499 INFO (Iteration 106) schema_fulfillment_count: real 674.35s | cpu 764.53s
2026-09-22 06:18:22.499 INFO (Iteration 106) time_entity_complete: real 12.74s | cpu 12.74s
2026-09-22 06:18:22.499 INFO (Iteration 106) completeness_currency: real 173.47s | cpu 199.21s
2026-09-22 06:18:22.499 INFO Iteration 106 finished in 1026.03s (real) and 1098.22s (process)
2026-09-22 06:18:22.499 INFO Start timestep 2021-08-13 00:00:00+00:00 -> 2021-09-12 00:00:00+00:00
2026-09-22 06:22:50.661 INFO DuckDB memory logs:
  database_name database_size  block_size  ...  wal_size  memory_usage  memory_limit
0   postgres_db       6.4 TiB           0  ...   0 bytes      37.4 GiB     267.0 GiB
1        memory       0 bytes           0  ...   0 bytes      37.4 GiB     267.0 GiB

[2 rows x 9 columns]
2026-09-22 06:22:50.662 INFO Loading data (2021-08-13 00:00:00+00:00 -> 2021-09-12 00:00:00+00:00) done in 268.16s (real) and 396.43s (process)
2026-09-22 06:22:50.662 INFO Memory usage (start of timestep, peak): 304.46 GiB
2026-09-22 06:22:50.663 INFO Memory usage (start of timestep, current): 213.05 GiB
2026-09-22 06:22:50.663 INFO Calculating metrics
2026-09-22 06:22:50.663 INFO Calculating metric: schema_fulfillment_count
2026-09-22 06:31:03.478 INFO Calculating metric: time_entity_complete
2026-09-22 06:31:10.021 INFO Calculating metric: completeness_currency
Time happened changes: 141688. Discarded 17286 coarser than day precision and 108617 before the cutoff date of 2012-10-29. Entities with time_happened: 10591966.
Recomputed 204331 entities, 1074 of them discarded for a negative completion age. Entities in the aggregates: 6352698.
2026-09-22 06:34:43.085 INFO Memory usage (end of timestep, peak): 304.46 GiB
2026-09-22 06:34:43.085 INFO Memory usage (end of timestep, current): 213.10 GiB
2026-09-22 06:34:43.085 INFO (Iteration 107) schema_fulfillment_count: real 492.81s | cpu 558.82s
2026-09-22 06:34:43.085 INFO (Iteration 107) time_entity_complete: real 6.53s | cpu 6.53s
2026-09-22 06:34:43.085 INFO (Iteration 107) completeness_currency: real 213.06s | cpu 237.51s
2026-09-22 06:34:43.085 INFO Iteration 107 finished in 980.59s (real) and 1199.29s (process)
2026-09-22 06:34:43.086 INFO Start timestep 2021-09-12 00:00:00+00:00 -> 2021-10-12 00:00:00+00:00
2026-09-22 06:35:53.172 INFO DuckDB memory logs:
  database_name database_size  block_size  ...  wal_size  memory_usage  memory_limit
0   postgres_db       6.4 TiB           0  ...   0 bytes       9.2 GiB     267.0 GiB
1        memory       0 bytes           0  ...   0 bytes       9.2 GiB     267.0 GiB

[2 rows x 9 columns]
2026-09-22 06:35:53.172 INFO Loading data (2021-09-12 00:00:00+00:00 -> 2021-10-12 00:00:00+00:00) done in 70.09s (real) and 50.49s (process)
2026-09-22 06:35:53.172 INFO Memory usage (start of timestep, peak): 304.46 GiB
2026-09-22 06:35:53.173 INFO Memory usage (start of timestep, current): 185.36 GiB
2026-09-22 06:35:53.173 INFO Calculating metrics
2026-09-22 06:35:53.173 INFO Calculating metric: schema_fulfillment_count
2026-09-22 06:40:18.699 INFO Calculating metric: time_entity_complete
2026-09-22 06:40:24.855 INFO Calculating metric: completeness_currency
Time happened changes: 64492. Discarded 30933 coarser than day precision and 20832 before the cutoff date of 2012-10-29. Entities with time_happened: 10602399.
Recomputed 128638 entities, 1277 of them discarded for a negative completion age. Entities in the aggregates: 6358850.
2026-09-22 06:43:15.596 INFO Memory usage (end of timestep, peak): 304.46 GiB
2026-09-22 06:43:15.596 INFO Memory usage (end of timestep, current): 185.49 GiB
2026-09-22 06:43:15.596 INFO (Iteration 108) schema_fulfillment_count: real 265.53s | cpu 318.24s
2026-09-22 06:43:15.596 INFO (Iteration 108) time_entity_complete: real 6.15s | cpu 6.15s
2026-09-22 06:43:15.596 INFO (Iteration 108) completeness_currency: real 170.74s | cpu 190.52s
2026-09-22 06:43:15.596 INFO Iteration 108 finished in 512.51s (real) and 565.40s (process)
2026-09-22 06:43:15.597 INFO Start timestep 2021-10-12 00:00:00+00:00 -> 2021-11-11 00:00:00+00:00
2026-09-22 06:44:49.149 INFO DuckDB memory logs:
  database_name database_size  block_size  ...  wal_size  memory_usage  memory_limit
0   postgres_db       6.4 TiB           0  ...   0 bytes      13.4 GiB     267.0 GiB
1        memory       0 bytes           0  ...   0 bytes      13.4 GiB     267.0 GiB

[2 rows x 9 columns]
2026-09-22 06:44:49.151 INFO Loading data (2021-10-12 00:00:00+00:00 -> 2021-11-11 00:00:00+00:00) done in 93.55s (real) and 66.95s (process)
2026-09-22 06:44:49.151 INFO Memory usage (start of timestep, peak): 304.46 GiB
2026-09-22 06:44:49.151 INFO Memory usage (start of timestep, current): 189.44 GiB
2026-09-22 06:44:49.151 INFO Calculating metrics
2026-09-22 06:44:49.152 INFO Calculating metric: schema_fulfillment_count
Warning: (SchemaFulfillmentCount) Unsupported IriStem prefix http://movatwitter.jugem.jp
Warning: (SchemaFulfillmentCount) Unsupported IriStem prefix https:/
Warning: (SchemaFulfillmentCount) Unsupported IriStem prefix https:/
Warning: (SchemaFulfillmentCount) Unsupported IriStem prefix https:/
Warning: (SchemaFulfillmentCount) Unsupported IriStem prefix https:/
Warning: (SchemaFulfillmentCount) Unsupported IriStem prefix http://movatwitter.jugem.jp
2026-09-22 06:54:40.755 INFO Calculating metric: time_entity_complete
2026-09-22 06:54:47.940 INFO Calculating metric: completeness_currency
Time happened changes: 60320. Discarded 23960 coarser than day precision and 16802 before the cutoff date of 2012-10-29. Entities with time_happened: 10620183.
Recomputed 172666 entities, 1223 of them discarded for a negative completion age. Entities in the aggregates: 6369090.
2026-09-22 06:57:37.332 INFO Memory usage (end of timestep, peak): 304.46 GiB
2026-09-22 06:57:37.332 INFO Memory usage (end of timestep, current): 189.59 GiB
2026-09-22 06:57:37.332 INFO (Iteration 109) schema_fulfillment_count: real 591.60s | cpu 658.47s
2026-09-22 06:57:37.332 INFO (Iteration 109) time_entity_complete: real 7.17s | cpu 7.17s
2026-09-22 06:57:37.332 INFO (Iteration 109) completeness_currency: real 169.39s | cpu 193.11s
2026-09-22 06:57:37.333 INFO Iteration 109 finished in 861.74s (real) and 925.71s (process)
2026-09-22 06:57:37.333 INFO Start timestep 2021-11-11 00:00:00+00:00 -> 2021-12-11 00:00:00+00:00
2026-09-22 06:58:45.374 INFO DuckDB memory logs:
  database_name database_size  block_size  ...  wal_size  memory_usage  memory_limit
0   postgres_db       6.4 TiB           0  ...   0 bytes       9.5 GiB     267.0 GiB
1        memory       0 bytes           0  ...   0 bytes       9.5 GiB     267.0 GiB

[2 rows x 9 columns]
2026-09-22 06:58:45.375 INFO Loading data (2021-11-11 00:00:00+00:00 -> 2021-12-11 00:00:00+00:00) done in 68.04s (real) and 65.15s (process)
2026-09-22 06:58:45.375 INFO Memory usage (start of timestep, peak): 304.46 GiB
2026-09-22 06:58:45.376 INFO Memory usage (start of timestep, current): 187.61 GiB
2026-09-22 06:58:45.376 INFO Calculating metrics
2026-09-22 06:58:45.376 INFO Calculating metric: schema_fulfillment_count
2026-09-22 07:09:37.886 INFO Calculating metric: time_entity_complete
2026-09-22 07:09:51.831 INFO Calculating metric: completeness_currency
Time happened changes: 91976. Discarded 32256 coarser than day precision and 41239 before the cutoff date of 2012-10-29. Entities with time_happened: 10631628.
Recomputed 248744 entities, 1140 of them discarded for a negative completion age. Entities in the aggregates: 6374865.
2026-09-22 07:12:54.171 INFO Memory usage (end of timestep, peak): 304.46 GiB
2026-09-22 07:12:54.171 INFO Memory usage (end of timestep, current): 185.78 GiB
2026-09-22 07:12:54.171 INFO (Iteration 110) schema_fulfillment_count: real 652.51s | cpu 740.94s
2026-09-22 07:12:54.171 INFO (Iteration 110) time_entity_complete: real 13.93s | cpu 13.93s
2026-09-22 07:12:54.171 INFO (Iteration 110) completeness_currency: real 182.34s | cpu 207.72s
2026-09-22 07:12:54.171 INFO Iteration 110 finished in 916.84s (real) and 1027.74s (process)
2026-09-22 07:12:54.172 INFO Start timestep 2021-12-11 00:00:00+00:00 -> 2022-01-10 00:00:00+00:00
2026-09-22 07:14:01.432 INFO DuckDB memory logs:
  database_name database_size  block_size  ...  wal_size  memory_usage  memory_limit
0   postgres_db       6.4 TiB           0  ...   0 bytes      10.2 GiB     267.0 GiB
1        memory       0 bytes           0  ...   0 bytes      10.2 GiB     267.0 GiB

[2 rows x 9 columns]
2026-09-22 07:14:01.432 INFO Loading data (2021-12-11 00:00:00+00:00 -> 2022-01-10 00:00:00+00:00) done in 67.26s (real) and 48.36s (process)
2026-09-22 07:14:01.433 INFO Memory usage (start of timestep, peak): 304.46 GiB
2026-09-22 07:14:01.433 INFO Memory usage (start of timestep, current): 186.37 GiB
2026-09-22 07:14:01.433 INFO Calculating metrics
2026-09-22 07:14:01.433 INFO Calculating metric: schema_fulfillment_count
2026-09-22 07:23:58.900 INFO Calculating metric: time_entity_complete
2026-09-22 07:24:07.606 INFO Calculating metric: completeness_currency
Time happened changes: 63859. Discarded 15570 coarser than day precision and 35844 before the cutoff date of 2012-10-29. Entities with time_happened: 10641617.
Recomputed 150983 entities, 1935 of them discarded for a negative completion age. Entities in the aggregates: 6379729.
2026-09-22 07:27:01.954 INFO Memory usage (end of timestep, peak): 304.46 GiB
2026-09-22 07:27:01.954 INFO Memory usage (end of timestep, current): 189.17 GiB
2026-09-22 07:27:01.955 INFO (Iteration 111) schema_fulfillment_count: real 597.47s | cpu 655.44s
2026-09-22 07:27:01.955 INFO (Iteration 111) time_entity_complete: real 8.69s | cpu 8.69s
2026-09-22 07:27:01.955 INFO (Iteration 111) completeness_currency: real 174.35s | cpu 194.46s
2026-09-22 07:27:01.955 INFO Iteration 111 finished in 847.78s (real) and 906.95s (process)
2026-09-22 07:27:01.955 INFO Start timestep 2022-01-10 00:00:00+00:00 -> 2022-02-09 00:00:00+00:00
2026-09-22 07:28:04.199 INFO DuckDB memory logs:
  database_name database_size  block_size  ...  wal_size  memory_usage  memory_limit
0   postgres_db       6.4 TiB           0  ...   0 bytes       8.5 GiB     267.0 GiB
1        memory       0 bytes           0  ...   0 bytes       8.5 GiB     267.0 GiB

[2 rows x 9 columns]
2026-09-22 07:28:04.199 INFO Loading data (2022-01-10 00:00:00+00:00 -> 2022-02-09 00:00:00+00:00) done in 62.24s (real) and 72.74s (process)
2026-09-22 07:28:04.199 INFO Memory usage (start of timestep, peak): 304.46 GiB
2026-09-22 07:28:04.200 INFO Memory usage (start of timestep, current): 184.63 GiB
2026-09-22 07:28:04.200 INFO Calculating metrics
2026-09-22 07:28:04.200 INFO Calculating metric: schema_fulfillment_count
2026-09-22 07:32:59.066 INFO Calculating metric: time_entity_complete
2026-09-22 07:33:08.336 INFO Calculating metric: completeness_currency
Time happened changes: 98296. Discarded 38909 coarser than day precision and 25784 before the cutoff date of 2012-10-29. Entities with time_happened: 10670647.
Recomputed 176373 entities, 1374 of them discarded for a negative completion age. Entities in the aggregates: 6399455.
2026-09-22 07:36:11.736 INFO Memory usage (end of timestep, peak): 304.46 GiB
2026-09-22 07:36:11.737 INFO Memory usage (end of timestep, current): 184.70 GiB
2026-09-22 07:36:11.737 INFO (Iteration 112) schema_fulfillment_count: real 294.87s | cpu 351.38s
2026-09-22 07:36:11.737 INFO (Iteration 112) time_entity_complete: real 9.27s | cpu 9.27s
2026-09-22 07:36:11.737 INFO (Iteration 112) completeness_currency: real 183.40s | cpu 204.51s
2026-09-22 07:36:11.737 INFO Iteration 112 finished in 549.78s (real) and 637.90s (process)
2026-09-22 07:36:11.737 INFO Start timestep 2022-02-09 00:00:00+00:00 -> 2022-03-11 00:00:00+00:00
2026-09-22 07:37:30.938 INFO DuckDB memory logs:
  database_name database_size  block_size  ...  wal_size  memory_usage  memory_limit
0   postgres_db       6.4 TiB           0  ...   0 bytes      10.8 GiB     267.0 GiB
1        memory       0 bytes           0  ...   0 bytes      10.8 GiB     267.0 GiB

[2 rows x 9 columns]
2026-09-22 07:37:30.939 INFO Loading data (2022-02-09 00:00:00+00:00 -> 2022-03-11 00:00:00+00:00) done in 79.20s (real) and 56.17s (process)
2026-09-22 07:37:30.939 INFO Memory usage (start of timestep, peak): 304.46 GiB
2026-09-22 07:37:30.939 INFO Memory usage (start of timestep, current): 186.92 GiB
2026-09-22 07:37:30.939 INFO Calculating metrics
2026-09-22 07:37:30.940 INFO Calculating metric: schema_fulfillment_count
2026-09-22 07:42:03.770 INFO Calculating metric: time_entity_complete
2026-09-22 07:42:09.868 INFO Calculating metric: completeness_currency
Time happened changes: 70555. Discarded 28357 coarser than day precision and 18239 before the cutoff date of 2012-10-29. Entities with time_happened: 10692066.
Recomputed 117854 entities, 1203 of them discarded for a negative completion age. Entities in the aggregates: 6412855.
2026-09-22 07:45:09.722 INFO Memory usage (end of timestep, peak): 304.46 GiB
2026-09-22 07:45:09.723 INFO Memory usage (end of timestep, current): 188.09 GiB
2026-09-22 07:45:09.723 INFO (Iteration 113) schema_fulfillment_count: real 272.83s | cpu 325.32s
2026-09-22 07:45:09.723 INFO (Iteration 113) time_entity_complete: real 6.10s | cpu 6.10s
2026-09-22 07:45:09.723 INFO (Iteration 113) completeness_currency: real 179.85s | cpu 198.80s
2026-09-22 07:45:09.723 INFO Iteration 113 finished in 537.99s (real) and 586.38s (process)
2026-09-22 07:45:09.723 INFO Start timestep 2022-03-11 00:00:00+00:00 -> 2022-04-10 00:00:00+00:00
2026-09-22 07:46:13.673 INFO DuckDB memory logs:
  database_name database_size  block_size  ...  wal_size  memory_usage  memory_limit
0   postgres_db       6.4 TiB           0  ...   0 bytes       9.6 GiB     267.0 GiB
1        memory       0 bytes           0  ...   0 bytes       9.6 GiB     267.0 GiB

[2 rows x 9 columns]
2026-09-22 07:46:13.673 INFO Loading data (2022-03-11 00:00:00+00:00 -> 2022-04-10 00:00:00+00:00) done in 63.95s (real) and 57.77s (process)
2026-09-22 07:46:13.673 INFO Memory usage (start of timestep, peak): 304.46 GiB
2026-09-22 07:46:13.673 INFO Memory usage (start of timestep, current): 185.69 GiB
2026-09-22 07:46:13.673 INFO Calculating metrics
2026-09-22 07:46:13.673 INFO Calculating metric: schema_fulfillment_count
2026-09-22 07:55:56.244 INFO Calculating metric: time_entity_complete
2026-09-22 07:56:05.124 INFO Calculating metric: completeness_currency
Time happened changes: 129764. Discarded 47178 coarser than day precision and 55319 before the cutoff date of 2012-10-29. Entities with time_happened: 10717119.
Recomputed 206847 entities, 1798 of them discarded for a negative completion age. Entities in the aggregates: 6427171.
2026-09-22 07:59:22.243 INFO Memory usage (end of timestep, peak): 304.46 GiB
2026-09-22 07:59:22.244 INFO Memory usage (end of timestep, current): 185.78 GiB
2026-09-22 07:59:22.244 INFO (Iteration 114) schema_fulfillment_count: real 582.57s | cpu 644.00s
2026-09-22 07:59:22.244 INFO (Iteration 114) time_entity_complete: real 8.87s | cpu 8.87s
2026-09-22 07:59:22.244 INFO (Iteration 114) completeness_currency: real 197.12s | cpu 219.93s
2026-09-22 07:59:22.244 INFO Iteration 114 finished in 852.52s (real) and 930.57s (process)
2026-09-22 07:59:22.244 INFO Start timestep 2022-04-10 00:00:00+00:00 -> 2022-05-10 00:00:00+00:00
2026-09-22 08:00:56.286 INFO DuckDB memory logs:
  database_name database_size  block_size  ...  wal_size  memory_usage  memory_limit
0   postgres_db       6.4 TiB           0  ...   0 bytes      13.8 GiB     267.0 GiB
1        memory       0 bytes           0  ...   0 bytes      13.8 GiB     267.0 GiB

[2 rows x 9 columns]
2026-09-22 08:00:56.287 INFO Loading data (2022-04-10 00:00:00+00:00 -> 2022-05-10 00:00:00+00:00) done in 94.04s (real) and 66.66s (process)
2026-09-22 08:00:56.287 INFO Memory usage (start of timestep, peak): 304.46 GiB
2026-09-22 08:00:56.288 INFO Memory usage (start of timestep, current): 189.85 GiB
2026-09-22 08:00:56.288 INFO Calculating metrics
2026-09-22 08:00:56.288 INFO Calculating metric: schema_fulfillment_count
2026-09-22 08:10:40.441 INFO Calculating metric: time_entity_complete
2026-09-22 08:10:48.263 INFO Calculating metric: completeness_currency
Time happened changes: 84462. Discarded 26570 coarser than day precision and 33321 before the cutoff date of 2012-10-29. Entities with time_happened: 10739449.
Recomputed 164057 entities, 1216 of them discarded for a negative completion age. Entities in the aggregates: 6438906.
2026-09-22 08:13:54.524 INFO Memory usage (end of timestep, peak): 304.46 GiB
2026-09-22 08:13:54.524 INFO Memory usage (end of timestep, current): 189.89 GiB
2026-09-22 08:13:54.524 INFO (Iteration 115) schema_fulfillment_count: real 584.15s | cpu 651.02s
2026-09-22 08:13:54.525 INFO (Iteration 115) time_entity_complete: real 7.81s | cpu 7.81s
2026-09-22 08:13:54.525 INFO (Iteration 115) completeness_currency: real 186.26s | cpu 213.74s
2026-09-22 08:13:54.525 INFO Iteration 115 finished in 872.28s (real) and 939.23s (process)
2026-09-22 08:13:54.525 INFO Start timestep 2022-05-10 00:00:00+00:00 -> 2022-06-09 00:00:00+00:00
2026-09-22 08:15:16.592 INFO DuckDB memory logs:
  database_name database_size  block_size  ...  wal_size  memory_usage  memory_limit
0   postgres_db       6.4 TiB           0  ...   0 bytes      12.3 GiB     267.0 GiB
1        memory       0 bytes           0  ...   0 bytes      12.3 GiB     267.0 GiB

[2 rows x 9 columns]
2026-09-22 08:15:16.592 INFO Loading data (2022-05-10 00:00:00+00:00 -> 2022-06-09 00:00:00+00:00) done in 82.07s (real) and 59.12s (process)
2026-09-22 08:15:16.592 INFO Memory usage (start of timestep, peak): 304.46 GiB
2026-09-22 08:15:16.593 INFO Memory usage (start of timestep, current): 188.34 GiB
2026-09-22 08:15:16.593 INFO Calculating metrics
2026-09-22 08:15:16.593 INFO Calculating metric: schema_fulfillment_count
Warning: (SchemaFulfillmentCount) Unsupported IriStem prefix http://movatwitter.jugem.jp
2026-09-22 08:25:01.126 INFO Calculating metric: time_entity_complete
2026-09-22 08:25:09.505 INFO Calculating metric: completeness_currency
Time happened changes: 94916. Discarded 22201 coarser than day precision and 33360 before the cutoff date of 2012-10-29. Entities with time_happened: 10775984.
Recomputed 182672 entities, 1086 of them discarded for a negative completion age. Entities in the aggregates: 6460425.
2026-09-22 08:28:25.482 INFO Memory usage (end of timestep, peak): 304.46 GiB
2026-09-22 08:28:25.482 INFO Memory usage (end of timestep, current): 188.40 GiB
2026-09-22 08:28:25.482 INFO (Iteration 116) schema_fulfillment_count: real 584.53s | cpu 651.42s
2026-09-22 08:28:25.482 INFO (Iteration 116) time_entity_complete: real 8.37s | cpu 8.36s
2026-09-22 08:28:25.483 INFO (Iteration 116) completeness_currency: real 195.98s | cpu 219.57s
2026-09-22 08:28:25.483 INFO Iteration 116 finished in 870.96s (real) and 938.48s (process)
2026-09-22 08:28:25.483 INFO Start timestep 2022-06-09 00:00:00+00:00 -> 2022-07-09 00:00:00+00:00
2026-09-22 08:30:42.664 INFO DuckDB memory logs:
  database_name database_size  block_size  ...  wal_size  memory_usage  memory_limit
0   postgres_db       6.4 TiB           0  ...   0 bytes      20.0 GiB     267.0 GiB
1        memory       0 bytes           0  ...   0 bytes      20.0 GiB     267.0 GiB

[2 rows x 9 columns]
2026-09-22 08:30:42.665 INFO Loading data (2022-06-09 00:00:00+00:00 -> 2022-07-09 00:00:00+00:00) done in 137.18s (real) and 99.03s (process)
2026-09-22 08:30:42.665 INFO Memory usage (start of timestep, peak): 304.46 GiB
2026-09-22 08:30:42.665 INFO Memory usage (start of timestep, current): 195.89 GiB
2026-09-22 08:30:42.665 INFO Calculating metrics
2026-09-22 08:30:42.665 INFO Calculating metric: schema_fulfillment_count
2026-09-22 08:36:44.685 INFO Calculating metric: time_entity_complete
2026-09-22 08:36:58.181 INFO Calculating metric: completeness_currency
Time happened changes: 189577. Discarded 40288 coarser than day precision and 47940 before the cutoff date of 2012-10-29. Entities with time_happened: 10871636.
Recomputed 408741 entities, 1182 of them discarded for a negative completion age. Entities in the aggregates: 6520483.
2026-09-22 08:40:51.185 INFO Memory usage (end of timestep, peak): 304.46 GiB
2026-09-22 08:40:51.185 INFO Memory usage (end of timestep, current): 196.22 GiB
2026-09-22 08:40:51.185 INFO (Iteration 117) schema_fulfillment_count: real 362.02s | cpu 455.65s
2026-09-22 08:40:51.185 INFO (Iteration 117) time_entity_complete: real 13.48s | cpu 13.48s
2026-09-22 08:40:51.185 INFO (Iteration 117) completeness_currency: real 233.00s | cpu 264.87s
2026-09-22 08:40:51.186 INFO Iteration 117 finished in 745.70s (real) and 833.03s (process)
2026-09-22 08:40:51.186 INFO Start timestep 2022-07-09 00:00:00+00:00 -> 2022-08-08 00:00:00+00:00
2026-09-22 08:43:36.084 INFO DuckDB memory logs:
  database_name database_size  block_size  ...  wal_size  memory_usage  memory_limit
0   postgres_db       6.4 TiB           0  ...   0 bytes      23.3 GiB     267.0 GiB
1        memory       0 bytes           0  ...   0 bytes      23.3 GiB     267.0 GiB

[2 rows x 9 columns]
2026-09-22 08:43:36.086 INFO Loading data (2022-07-09 00:00:00+00:00 -> 2022-08-08 00:00:00+00:00) done in 164.90s (real) and 184.68s (process)
2026-09-22 08:43:36.086 INFO Memory usage (start of timestep, peak): 304.46 GiB
2026-09-22 08:43:36.086 INFO Memory usage (start of timestep, current): 200.73 GiB
2026-09-22 08:43:36.086 INFO Calculating metrics
2026-09-22 08:43:36.086 INFO Calculating metric: schema_fulfillment_count
Warning: (SchemaFulfillmentCount) Unsupported IriStem prefix https:/
2026-09-22 08:58:40.427 INFO Calculating metric: time_entity_complete
2026-09-22 08:59:12.250 INFO Calculating metric: completeness_currency
Time happened changes: 306310. Discarded 59718 coarser than day precision and 114558 before the cutoff date of 2012-10-29. Entities with time_happened: 10997876.
Recomputed 417485 entities, 1273 of them discarded for a negative completion age. Entities in the aggregates: 6594470.
2026-09-22 09:04:04.759 INFO Memory usage (end of timestep, peak): 304.46 GiB
2026-09-22 09:04:04.760 INFO Memory usage (end of timestep, current): 199.62 GiB
2026-09-22 09:04:04.760 INFO (Iteration 118) schema_fulfillment_count: real 904.34s | cpu 1015.02s
2026-09-22 09:04:04.760 INFO (Iteration 118) time_entity_complete: real 31.81s | cpu 31.81s
2026-09-22 09:04:04.760 INFO (Iteration 118) completeness_currency: real 292.51s | cpu 323.20s
2026-09-22 09:04:04.760 INFO Iteration 118 finished in 1393.57s (real) and 1554.71s (process)
2026-09-22 09:04:04.760 INFO Start timestep 2022-08-08 00:00:00+00:00 -> 2022-09-07 00:00:00+00:00
2026-09-22 09:06:11.900 INFO DuckDB memory logs:
  database_name database_size  block_size  ...  wal_size  memory_usage  memory_limit
0   postgres_db       6.4 TiB           0  ...   0 bytes      17.1 GiB     267.0 GiB
1        memory       0 bytes           0  ...   0 bytes      17.1 GiB     267.0 GiB

[2 rows x 9 columns]
2026-09-22 09:06:11.901 INFO Loading data (2022-08-08 00:00:00+00:00 -> 2022-09-07 00:00:00+00:00) done in 127.14s (real) and 118.97s (process)
2026-09-22 09:06:11.901 INFO Memory usage (start of timestep, peak): 304.46 GiB
2026-09-22 09:06:11.902 INFO Memory usage (start of timestep, current): 193.34 GiB
2026-09-22 09:06:11.902 INFO Calculating metrics
2026-09-22 09:06:11.902 INFO Calculating metric: schema_fulfillment_count
2026-09-22 09:20:46.724 INFO Calculating metric: time_entity_complete
2026-09-22 09:21:13.843 INFO Calculating metric: completeness_currency
Time happened changes: 111732. Discarded 13109 coarser than day precision and 70771 before the cutoff date of 2012-10-29. Entities with time_happened: 11023633.
Recomputed 239869 entities, 1571 of them discarded for a negative completion age. Entities in the aggregates: 6606694.
2026-09-22 09:24:33.107 INFO Memory usage (end of timestep, peak): 304.46 GiB
2026-09-22 09:24:33.107 INFO Memory usage (end of timestep, current): 193.28 GiB
2026-09-22 09:24:33.108 INFO (Iteration 119) schema_fulfillment_count: real 874.82s | cpu 970.95s
2026-09-22 09:24:33.108 INFO (Iteration 119) time_entity_complete: real 27.11s | cpu 27.11s
2026-09-22 09:24:33.108 INFO (Iteration 119) completeness_currency: real 199.26s | cpu 224.95s
2026-09-22 09:24:33.108 INFO Iteration 119 finished in 1228.35s (real) and 1341.97s (process)
2026-09-22 09:24:33.108 INFO Start timestep 2022-09-07 00:00:00+00:00 -> 2022-10-07 00:00:00+00:00
2026-09-22 09:26:45.616 INFO DuckDB memory logs:
  database_name database_size  block_size  ...  wal_size  memory_usage  memory_limit
0   postgres_db       6.4 TiB           0  ...   0 bytes      20.7 GiB     267.0 GiB
1        memory       0 bytes           0  ...   0 bytes      20.7 GiB     267.0 GiB

[2 rows x 9 columns]
2026-09-22 09:26:45.617 INFO Loading data (2022-09-07 00:00:00+00:00 -> 2022-10-07 00:00:00+00:00) done in 132.51s (real) and 96.20s (process)
2026-09-22 09:26:45.617 INFO Memory usage (start of timestep, peak): 304.46 GiB
2026-09-22 09:26:45.618 INFO Memory usage (start of timestep, current): 198.08 GiB
2026-09-22 09:26:45.618 INFO Calculating metrics
2026-09-22 09:26:45.618 INFO Calculating metric: schema_fulfillment_count
Warning: (SchemaFulfillmentCount) Unsupported IriStem prefix http://movatwitter.jugem.jp
2026-09-22 09:43:42.159 INFO Calculating metric: time_entity_complete
2026-09-22 09:44:02.049 INFO Calculating metric: completeness_currency
Time happened changes: 359612. Discarded 12590 coarser than day precision and 91580 before the cutoff date of 2012-10-29. Entities with time_happened: 11277060.
Recomputed 525532 entities, 3304 of them discarded for a negative completion age. Entities in the aggregates: 6706398.
2026-09-22 09:49:36.203 INFO Memory usage (end of timestep, peak): 304.46 GiB
2026-09-22 09:49:36.203 INFO Memory usage (end of timestep, current): 197.54 GiB
2026-09-22 09:49:36.203 INFO (Iteration 120) schema_fulfillment_count: real 1016.54s | cpu 1141.24s
2026-09-22 09:49:36.203 INFO (Iteration 120) time_entity_complete: real 19.88s | cpu 19.88s
2026-09-22 09:49:36.203 INFO (Iteration 120) completeness_currency: real 334.15s | cpu 356.64s
2026-09-22 09:49:36.203 INFO Iteration 120 finished in 1503.10s (real) and 1613.96s (process)
2026-09-22 09:49:36.204 INFO Start timestep 2022-10-07 00:00:00+00:00 -> 2022-11-06 00:00:00+00:00
2026-09-22 09:51:50.062 INFO DuckDB memory logs:
  database_name database_size  block_size  ...  wal_size  memory_usage  memory_limit
0   postgres_db       6.4 TiB           0  ...   0 bytes      19.0 GiB     267.0 GiB
1        memory       0 bytes           0  ...   0 bytes      19.0 GiB     267.0 GiB

[2 rows x 9 columns]
2026-09-22 09:51:50.063 INFO Loading data (2022-10-07 00:00:00+00:00 -> 2022-11-06 00:00:00+00:00) done in 133.86s (real) and 94.28s (process)
2026-09-22 09:51:50.063 INFO Memory usage (start of timestep, peak): 304.46 GiB
2026-09-22 09:51:50.064 INFO Memory usage (start of timestep, current): 195.68 GiB
2026-09-22 09:51:50.064 INFO Calculating metrics
2026-09-22 09:51:50.064 INFO Calculating metric: schema_fulfillment_count
Warning: (SchemaFulfillmentCount) Unsupported IriStem prefix http://movatwitter.jugem.jp
2026-09-22 10:04:12.739 INFO Calculating metric: time_entity_complete
2026-09-22 10:04:30.070 INFO Calculating metric: completeness_currency
Time happened changes: 353626. Discarded 13161 coarser than day precision and 167359 before the cutoff date of 2012-10-29. Entities with time_happened: 11446678.
Recomputed 467154 entities, 1632 of them discarded for a negative completion age. Entities in the aggregates: 6783544.
2026-09-22 10:09:45.054 INFO Memory usage (end of timestep, peak): 304.46 GiB
2026-09-22 10:09:45.054 INFO Memory usage (end of timestep, current): 195.90 GiB
2026-09-22 10:09:45.055 INFO (Iteration 121) schema_fulfillment_count: real 742.68s | cpu 849.41s
2026-09-22 10:09:45.055 INFO (Iteration 121) time_entity_complete: real 17.32s | cpu 17.32s
2026-09-22 10:09:45.055 INFO (Iteration 121) completeness_currency: real 314.98s | cpu 342.18s
2026-09-22 10:09:45.055 INFO Iteration 121 finished in 1208.85s (real) and 1303.19s (process)
2026-09-22 10:09:45.055 INFO Start timestep 2022-11-06 00:00:00+00:00 -> 2022-12-06 00:00:00+00:00
2026-09-22 10:11:31.191 INFO DuckDB memory logs:
  database_name database_size  block_size  ...  wal_size  memory_usage  memory_limit
0   postgres_db       6.4 TiB           0  ...   0 bytes      15.6 GiB     267.0 GiB
1        memory       0 bytes           0  ...   0 bytes      15.6 GiB     267.0 GiB

[2 rows x 9 columns]
2026-09-22 10:11:31.191 INFO Loading data (2022-11-06 00:00:00+00:00 -> 2022-12-06 00:00:00+00:00) done in 106.14s (real) and 73.82s (process)
2026-09-22 10:11:31.191 INFO Memory usage (start of timestep, peak): 304.46 GiB
2026-09-22 10:11:31.192 INFO Memory usage (start of timestep, current): 192.34 GiB
2026-09-22 10:11:31.192 INFO Calculating metrics
2026-09-22 10:11:31.192 INFO Calculating metric: schema_fulfillment_count
2026-09-22 10:22:49.090 INFO Calculating metric: time_entity_complete
2026-09-22 10:23:04.840 INFO Calculating metric: completeness_currency
Time happened changes: 242445. Discarded 24224 coarser than day precision and 106039 before the cutoff date of 2012-10-29. Entities with time_happened: 11557205.
Recomputed 338967 entities, 1334 of them discarded for a negative completion age. Entities in the aggregates: 6844998.
2026-09-22 10:27:38.469 INFO Memory usage (end of timestep, peak): 304.46 GiB
2026-09-22 10:27:38.470 INFO Memory usage (end of timestep, current): 192.39 GiB
2026-09-22 10:27:38.470 INFO (Iteration 122) schema_fulfillment_count: real 677.90s | cpu 763.92s
2026-09-22 10:27:38.470 INFO (Iteration 122) time_entity_complete: real 15.74s | cpu 15.74s
2026-09-22 10:27:38.470 INFO (Iteration 122) completeness_currency: real 273.63s | cpu 300.93s
2026-09-22 10:27:38.470 INFO Iteration 122 finished in 1073.42s (real) and 1154.41s (process)
2026-09-22 10:27:38.470 INFO Start timestep 2022-12-06 00:00:00+00:00 -> 2023-01-05 00:00:00+00:00
2026-09-22 10:28:51.726 INFO DuckDB memory logs:
  database_name database_size  block_size  ...  wal_size  memory_usage  memory_limit
0   postgres_db       6.4 TiB           0  ...   0 bytes      11.6 GiB     267.0 GiB
1        memory       0 bytes           0  ...   0 bytes      11.6 GiB     267.0 GiB

[2 rows x 9 columns]
2026-09-22 10:28:51.727 INFO Loading data (2022-12-06 00:00:00+00:00 -> 2023-01-05 00:00:00+00:00) done in 73.26s (real) and 67.25s (process)
2026-09-22 10:28:51.727 INFO Memory usage (start of timestep, peak): 304.46 GiB
2026-09-22 10:28:51.727 INFO Memory usage (start of timestep, current): 189.01 GiB
2026-09-22 10:28:51.727 INFO Calculating metrics
2026-09-22 10:28:51.727 INFO Calculating metric: schema_fulfillment_count
2026-09-22 10:33:58.579 INFO Calculating metric: time_entity_complete
2026-09-22 10:34:08.777 INFO Calculating metric: completeness_currency
Time happened changes: 110421. Discarded 13551 coarser than day precision and 64966 before the cutoff date of 2012-10-29. Entities with time_happened: 11586824.
Recomputed 244190 entities, 1327 of them discarded for a negative completion age. Entities in the aggregates: 6862064.
2026-09-22 10:37:32.229 INFO Memory usage (end of timestep, peak): 304.46 GiB
2026-09-22 10:37:32.229 INFO Memory usage (end of timestep, current): 188.49 GiB
2026-09-22 10:37:32.229 INFO (Iteration 123) schema_fulfillment_count: real 306.85s | cpu 376.04s
2026-09-22 10:37:32.229 INFO (Iteration 123) time_entity_complete: real 10.18s | cpu 10.18s
2026-09-22 10:37:32.229 INFO (Iteration 123) completeness_currency: real 203.45s | cpu 229.91s
2026-09-22 10:37:32.229 INFO Iteration 123 finished in 593.76s (real) and 683.38s (process)
2026-09-22 10:37:32.230 INFO Start timestep 2023-01-05 00:00:00+00:00 -> 2023-02-04 00:00:00+00:00
2026-09-22 10:39:21.439 INFO DuckDB memory logs:
  database_name database_size  block_size  ...  wal_size  memory_usage  memory_limit
0   postgres_db       6.4 TiB           0  ...   0 bytes      15.5 GiB     267.0 GiB
1        memory       0 bytes           0  ...   0 bytes      15.5 GiB     267.0 GiB

[2 rows x 9 columns]
2026-09-22 10:39:21.439 INFO Loading data (2023-01-05 00:00:00+00:00 -> 2023-02-04 00:00:00+00:00) done in 109.21s (real) and 77.45s (process)
2026-09-22 10:39:21.439 INFO Memory usage (start of timestep, peak): 304.46 GiB
2026-09-22 10:39:21.440 INFO Memory usage (start of timestep, current): 192.10 GiB
2026-09-22 10:39:21.440 INFO Calculating metrics
2026-09-22 10:39:21.440 INFO Calculating metric: schema_fulfillment_count
2026-09-22 10:44:36.460 INFO Calculating metric: time_entity_complete
2026-09-22 10:44:45.427 INFO Calculating metric: completeness_currency
Time happened changes: 83190. Discarded 22778 coarser than day precision and 36436 before the cutoff date of 2012-10-29. Entities with time_happened: 11608142.
Recomputed 221073 entities, 1466 of them discarded for a negative completion age. Entities in the aggregates: 6870284.
2026-09-22 10:47:59.528 INFO Memory usage (end of timestep, peak): 304.46 GiB
2026-09-22 10:47:59.528 INFO Memory usage (end of timestep, current): 193.18 GiB
2026-09-22 10:47:59.529 INFO (Iteration 124) schema_fulfillment_count: real 315.02s | cpu 431.21s
2026-09-22 10:47:59.529 INFO (Iteration 124) time_entity_complete: real 8.97s | cpu 8.97s
2026-09-22 10:47:59.529 INFO (Iteration 124) completeness_currency: real 194.10s | cpu 214.22s
2026-09-22 10:47:59.529 INFO Iteration 124 finished in 627.30s (real) and 731.85s (process)
2026-09-22 10:47:59.529 INFO Start timestep 2023-02-04 00:00:00+00:00 -> 2023-03-06 00:00:00+00:00
2026-09-22 10:49:43.068 INFO DuckDB memory logs:
  database_name database_size  block_size  ...  wal_size  memory_usage  memory_limit
0   postgres_db       6.4 TiB           0  ...   0 bytes      14.4 GiB     267.0 GiB
1        memory       0 bytes           0  ...   0 bytes      14.4 GiB     267.0 GiB

[2 rows x 9 columns]
2026-09-22 10:49:43.068 INFO Loading data (2023-02-04 00:00:00+00:00 -> 2023-03-06 00:00:00+00:00) done in 103.54s (real) and 73.52s (process)
2026-09-22 10:49:43.069 INFO Memory usage (start of timestep, peak): 304.46 GiB
2026-09-22 10:49:43.069 INFO Memory usage (start of timestep, current): 191.05 GiB
2026-09-22 10:49:43.069 INFO Calculating metrics
2026-09-22 10:49:43.069 INFO Calculating metric: schema_fulfillment_count
Warning: (SchemaFulfillmentCount) Unsupported IriStem prefix https:/
Warning: (SchemaFulfillmentCount) Unsupported IriStem prefix https:/
Warning: (SchemaFulfillmentCount) Unsupported IriStem prefix https:/
2026-09-22 10:59:43.152 INFO Calculating metric: time_entity_complete
2026-09-22 10:59:50.008 INFO Calculating metric: completeness_currency
Time happened changes: 75316. Discarded 20735 coarser than day precision and 39176 before the cutoff date of 2012-10-29. Entities with time_happened: 11621892.
Recomputed 180234 entities, 1361 of them discarded for a negative completion age. Entities in the aggregates: 6878243.
2026-09-22 11:02:56.923 INFO Memory usage (end of timestep, peak): 304.46 GiB
2026-09-22 11:02:56.923 INFO Memory usage (end of timestep, current): 195.05 GiB
2026-09-22 11:02:56.923 INFO (Iteration 125) schema_fulfillment_count: real 600.08s | cpu 693.82s
2026-09-22 11:02:56.923 INFO (Iteration 125) time_entity_complete: real 6.84s | cpu 6.84s
2026-09-22 11:02:56.923 INFO (Iteration 125) completeness_currency: real 186.91s | cpu 211.54s
2026-09-22 11:02:56.924 INFO Iteration 125 finished in 897.39s (real) and 985.72s (process)
2026-09-22 11:02:56.924 INFO Start timestep 2023-03-06 00:00:00+00:00 -> 2023-04-05 00:00:00+00:00
2026-09-22 11:04:24.237 INFO DuckDB memory logs:
  database_name database_size  block_size  ...  wal_size  memory_usage  memory_limit
0   postgres_db       6.4 TiB           0  ...   0 bytes      13.7 GiB     267.0 GiB
1        memory       0 bytes           0  ...   0 bytes      13.7 GiB     267.0 GiB

[2 rows x 9 columns]
2026-09-22 11:04:24.238 INFO Loading data (2023-03-06 00:00:00+00:00 -> 2023-04-05 00:00:00+00:00) done in 87.31s (real) and 62.41s (process)
2026-09-22 11:04:24.238 INFO Memory usage (start of timestep, peak): 304.46 GiB
2026-09-22 11:04:24.238 INFO Memory usage (start of timestep, current): 190.31 GiB
2026-09-22 11:04:24.238 INFO Calculating metrics
2026-09-22 11:04:24.238 INFO Calculating metric: schema_fulfillment_count
2026-09-22 11:14:24.200 INFO Calculating metric: time_entity_complete
2026-09-22 11:14:31.507 INFO Calculating metric: completeness_currency
Time happened changes: 77087. Discarded 14071 coarser than day precision and 44642 before the cutoff date of 2012-10-29. Entities with time_happened: 11637976.
Recomputed 220112 entities, 1314 of them discarded for a negative completion age. Entities in the aggregates: 6886685.
2026-09-22 11:17:45.242 INFO Memory usage (end of timestep, peak): 304.46 GiB
2026-09-22 11:17:45.242 INFO Memory usage (end of timestep, current): 190.33 GiB
2026-09-22 11:17:45.242 INFO (Iteration 126) schema_fulfillment_count: real 599.96s | cpu 683.02s
2026-09-22 11:17:45.242 INFO (Iteration 126) time_entity_complete: real 7.30s | cpu 7.29s
2026-09-22 11:17:45.242 INFO (Iteration 126) completeness_currency: real 193.73s | cpu 219.57s
2026-09-22 11:17:45.242 INFO Iteration 126 finished in 888.32s (real) and 972.29s (process)
2026-09-22 11:17:45.243 INFO Start timestep 2023-04-05 00:00:00+00:00 -> 2023-05-05 00:00:00+00:00
2026-09-22 11:19:05.015 INFO DuckDB memory logs:
  database_name database_size  block_size  ...  wal_size  memory_usage  memory_limit
0   postgres_db       6.4 TiB           0  ...   0 bytes      12.3 GiB     267.0 GiB
1        memory       0 bytes           0  ...   0 bytes      12.3 GiB     267.0 GiB

[2 rows x 9 columns]
2026-09-22 11:19:05.016 INFO Loading data (2023-04-05 00:00:00+00:00 -> 2023-05-05 00:00:00+00:00) done in 79.77s (real) and 79.53s (process)
2026-09-22 11:19:05.016 INFO Memory usage (start of timestep, peak): 304.46 GiB
2026-09-22 11:19:05.016 INFO Memory usage (start of timestep, current): 189.68 GiB
2026-09-22 11:19:05.016 INFO Calculating metrics
2026-09-22 11:19:05.016 INFO Calculating metric: schema_fulfillment_count
2026-09-22 11:29:08.033 INFO Calculating metric: time_entity_complete
2026-09-22 11:29:15.925 INFO Calculating metric: completeness_currency
Time happened changes: 78447. Discarded 16905 coarser than day precision and 32885 before the cutoff date of 2012-10-29. Entities with time_happened: 11664993.
Recomputed 191156 entities, 2109 of them discarded for a negative completion age. Entities in the aggregates: 6900173.
2026-09-22 11:32:26.405 INFO Memory usage (end of timestep, peak): 304.46 GiB
2026-09-22 11:32:26.406 INFO Memory usage (end of timestep, current): 192.63 GiB
2026-09-22 11:32:26.406 INFO (Iteration 127) schema_fulfillment_count: real 603.02s | cpu 691.47s
2026-09-22 11:32:26.406 INFO (Iteration 127) time_entity_complete: real 7.88s | cpu 7.88s
2026-09-22 11:32:26.406 INFO (Iteration 127) completeness_currency: real 190.48s | cpu 215.34s
2026-09-22 11:32:26.406 INFO Iteration 127 finished in 881.16s (real) and 994.22s (process)
2026-09-22 11:32:26.406 INFO Start timestep 2023-05-05 00:00:00+00:00 -> 2023-06-04 00:00:00+00:00
2026-09-22 11:34:28.762 INFO DuckDB memory logs:
  database_name database_size  block_size  ...  wal_size  memory_usage  memory_limit
0   postgres_db       6.4 TiB           0  ...   0 bytes      18.8 GiB     267.0 GiB
1        memory       0 bytes           0  ...   0 bytes      18.8 GiB     267.0 GiB

[2 rows x 9 columns]
2026-09-22 11:34:28.763 INFO Loading data (2023-05-05 00:00:00+00:00 -> 2023-06-04 00:00:00+00:00) done in 122.36s (real) and 88.99s (process)
2026-09-22 11:34:28.763 INFO Memory usage (start of timestep, peak): 304.46 GiB
2026-09-22 11:34:28.764 INFO Memory usage (start of timestep, current): 195.27 GiB
2026-09-22 11:34:28.764 INFO Calculating metrics
2026-09-22 11:34:28.764 INFO Calculating metric: schema_fulfillment_count
2026-09-22 11:53:50.578 INFO Calculating metric: time_entity_complete
2026-09-22 11:54:16.819 INFO Calculating metric: completeness_currency
Time happened changes: 576037. Discarded 24216 coarser than day precision and 312029 before the cutoff date of 2012-10-29. Entities with time_happened: 11902898.
Recomputed 765030 entities, 1188 of them discarded for a negative completion age. Entities in the aggregates: 6903947.
2026-09-22 12:01:21.158 INFO Memory usage (end of timestep, peak): 304.46 GiB
2026-09-22 12:01:21.159 INFO Memory usage (end of timestep, current): 195.68 GiB
2026-09-22 12:01:21.159 INFO (Iteration 128) schema_fulfillment_count: real 1161.81s | cpu 1301.53s
2026-09-22 12:01:21.159 INFO (Iteration 128) time_entity_complete: real 26.23s | cpu 26.23s
2026-09-22 12:01:21.159 INFO (Iteration 128) completeness_currency: real 424.34s | cpu 451.78s
2026-09-22 12:01:21.159 INFO Iteration 128 finished in 1734.75s (real) and 1868.53s (process)
2026-09-22 12:01:21.159 INFO Start timestep 2023-06-04 00:00:00+00:00 -> 2023-07-04 00:00:00+00:00
2026-09-22 12:03:50.258 INFO DuckDB memory logs:
  database_name database_size  block_size  ...  wal_size  memory_usage  memory_limit
0   postgres_db       6.4 TiB           0  ...   0 bytes      22.9 GiB     267.0 GiB
1        memory       0 bytes           0  ...   0 bytes      22.9 GiB     267.0 GiB

[2 rows x 9 columns]
2026-09-22 12:03:50.259 INFO Loading data (2023-06-04 00:00:00+00:00 -> 2023-07-04 00:00:00+00:00) done in 149.10s (real) and 109.12s (process)
2026-09-22 12:03:50.259 INFO Memory usage (start of timestep, peak): 304.46 GiB
2026-09-22 12:03:50.260 INFO Memory usage (start of timestep, current): 199.46 GiB
2026-09-22 12:03:50.260 INFO Calculating metrics
2026-09-22 12:03:50.260 INFO Calculating metric: schema_fulfillment_count
Warning: (SchemaFulfillmentCount) Unsupported IriStem prefix https://stackoverflow.com/tags
2026-09-22 12:23:36.284 INFO Calculating metric: time_entity_complete
2026-09-22 12:24:05.202 INFO Calculating metric: completeness_currency
Time happened changes: 595665. Discarded 15663 coarser than day precision and 398957 before the cutoff date of 2012-10-29. Entities with time_happened: 12082010.
Recomputed 718230 entities, 1389 of them discarded for a negative completion age. Entities in the aggregates: 6921593.
2026-09-22 12:31:09.098 INFO Memory usage (end of timestep, peak): 304.46 GiB
2026-09-22 12:31:09.098 INFO Memory usage (end of timestep, current): 199.82 GiB
2026-09-22 12:31:09.098 INFO (Iteration 129) schema_fulfillment_count: real 1186.02s | cpu 1368.19s
2026-09-22 12:31:09.098 INFO (Iteration 129) time_entity_complete: real 28.91s | cpu 28.90s
2026-09-22 12:31:09.098 INFO (Iteration 129) completeness_currency: real 423.90s | cpu 450.29s
2026-09-22 12:31:09.098 INFO Iteration 129 finished in 1787.94s (real) and 1956.51s (process)
2026-09-22 12:31:09.099 INFO Start timestep 2023-07-04 00:00:00+00:00 -> 2023-08-03 00:00:00+00:00
2026-09-22 12:33:07.188 INFO DuckDB memory logs:
  database_name database_size  block_size  ...  wal_size  memory_usage  memory_limit
0   postgres_db       6.4 TiB           0  ...   0 bytes      17.1 GiB     267.0 GiB
1        memory       0 bytes           0  ...   0 bytes      17.1 GiB     267.0 GiB

[2 rows x 9 columns]
2026-09-22 12:33:07.189 INFO Loading data (2023-07-04 00:00:00+00:00 -> 2023-08-03 00:00:00+00:00) done in 118.09s (real) and 84.32s (process)
2026-09-22 12:33:07.189 INFO Memory usage (start of timestep, peak): 304.46 GiB
2026-09-22 12:33:07.189 INFO Memory usage (start of timestep, current): 193.82 GiB
2026-09-22 12:33:07.189 INFO Calculating metrics
2026-09-22 12:33:07.189 INFO Calculating metric: schema_fulfillment_count
Warning: (SchemaFulfillmentCount) Unsupported IriStem prefix http://movatwitter.jugem.jp
Warning: (SchemaFulfillmentCount) Unsupported IriStem prefix http://movatwitter.jugem.jp
2026-09-22 12:47:12.822 INFO Calculating metric: time_entity_complete
2026-09-22 12:47:39.755 INFO Calculating metric: completeness_currency
Time happened changes: 529485. Discarded 20786 coarser than day precision and 331327 before the cutoff date of 2012-10-29. Entities with time_happened: 12256966.
Recomputed 642470 entities, 1231 of them discarded for a negative completion age. Entities in the aggregates: 6944212.
2026-09-22 12:54:08.967 INFO Memory usage (end of timestep, peak): 304.46 GiB
2026-09-22 12:54:08.967 INFO Memory usage (end of timestep, current): 194.10 GiB
2026-09-22 12:54:08.967 INFO (Iteration 130) schema_fulfillment_count: real 845.63s | cpu 970.25s
2026-09-22 12:54:08.967 INFO (Iteration 130) time_entity_complete: real 26.92s | cpu 26.92s
2026-09-22 12:54:08.967 INFO (Iteration 130) completeness_currency: real 389.21s | cpu 415.41s
2026-09-22 12:54:08.967 INFO Iteration 130 finished in 1379.87s (real) and 1496.90s (process)
2026-09-22 12:54:08.967 INFO Start timestep 2023-08-03 00:00:00+00:00 -> 2023-09-02 00:00:00+00:00
2026-09-22 12:56:41.955 INFO DuckDB memory logs:
  database_name database_size  block_size  ...  wal_size  memory_usage  memory_limit
0   postgres_db       6.4 TiB           0  ...   0 bytes      22.3 GiB     267.0 GiB
1        memory       0 bytes           0  ...   0 bytes      22.3 GiB     267.0 GiB

[2 rows x 9 columns]
2026-09-22 12:56:41.956 INFO Loading data (2023-08-03 00:00:00+00:00 -> 2023-09-02 00:00:00+00:00) done in 152.99s (real) and 220.42s (process)
2026-09-22 12:56:41.957 INFO Memory usage (start of timestep, peak): 304.46 GiB
2026-09-22 12:56:41.957 INFO Memory usage (start of timestep, current): 199.40 GiB
2026-09-22 12:56:41.957 INFO Calculating metrics
2026-09-22 12:56:41.957 INFO Calculating metric: schema_fulfillment_count
2026-09-22 13:17:03.264 INFO Calculating metric: time_entity_complete
2026-09-22 13:17:36.755 INFO Calculating metric: completeness_currency
Time happened changes: 769762. Discarded 183213 coarser than day precision and 407320 before the cutoff date of 2012-10-29. Entities with time_happened: 12434290.
Recomputed 1182390 entities, 1270 of them discarded for a negative completion age. Entities in the aggregates: 6964537.
2026-09-22 13:24:49.601 INFO Memory usage (end of timestep, peak): 304.46 GiB
2026-09-22 13:24:49.601 INFO Memory usage (end of timestep, current): 199.40 GiB
2026-09-22 13:24:49.601 INFO (Iteration 131) schema_fulfillment_count: real 1221.31s | cpu 1402.07s
2026-09-22 13:24:49.601 INFO (Iteration 131) time_entity_complete: real 33.48s | cpu 33.48s
2026-09-22 13:24:49.601 INFO (Iteration 131) completeness_currency: real 432.85s | cpu 460.06s
2026-09-22 13:24:49.601 INFO Iteration 131 finished in 1840.63s (real) and 2116.03s (process)
2026-09-22 13:24:49.601 INFO Start timestep 2023-09-02 00:00:00+00:00 -> 2023-10-02 00:00:00+00:00
2026-09-22 13:26:21.636 INFO DuckDB memory logs:
  database_name database_size  block_size  ...  wal_size  memory_usage  memory_limit
0   postgres_db       6.4 TiB           0  ...   0 bytes      14.0 GiB     267.0 GiB
1        memory       0 bytes           0  ...   0 bytes      14.0 GiB     267.0 GiB

[2 rows x 9 columns]
2026-09-22 13:26:21.637 INFO Loading data (2023-09-02 00:00:00+00:00 -> 2023-10-02 00:00:00+00:00) done in 92.04s (real) and 65.23s (process)
2026-09-22 13:26:21.637 INFO Memory usage (start of timestep, peak): 304.46 GiB
2026-09-22 13:26:21.638 INFO Memory usage (start of timestep, current): 191.23 GiB
2026-09-22 13:26:21.638 INFO Calculating metrics
2026-09-22 13:26:21.638 INFO Calculating metric: schema_fulfillment_count
Warning: (SchemaFulfillmentCount) Unsupported IriStem prefix https://stackoverflow.com/tags
2026-09-22 13:33:27.537 INFO Calculating metric: time_entity_complete
2026-09-22 13:33:47.673 INFO Calculating metric: completeness_currency
Time happened changes: 238832. Discarded 12222 coarser than day precision and 149787 before the cutoff date of 2012-10-29. Entities with time_happened: 12509415.
Recomputed 651331 entities, 1453 of them discarded for a negative completion age. Entities in the aggregates: 6984071.
2026-09-22 13:38:21.020 INFO Memory usage (end of timestep, peak): 304.46 GiB
2026-09-22 13:38:21.020 INFO Memory usage (end of timestep, current): 190.91 GiB
2026-09-22 13:38:21.020 INFO (Iteration 132) schema_fulfillment_count: real 425.90s | cpu 559.30s
2026-09-22 13:38:21.020 INFO (Iteration 132) time_entity_complete: real 20.12s | cpu 20.12s
2026-09-22 13:38:21.020 INFO (Iteration 132) completeness_currency: real 273.35s | cpu 299.92s
2026-09-22 13:38:21.020 INFO Iteration 132 finished in 811.42s (real) and 944.58s (process)
2026-09-22 13:38:21.020 INFO Start timestep 2023-10-02 00:00:00+00:00 -> 2023-11-01 00:00:00+00:00
2026-09-22 13:39:25.977 INFO DuckDB memory logs:
  database_name database_size  block_size  ...  wal_size  memory_usage  memory_limit
0   postgres_db       6.4 TiB           0  ...   0 bytes      10.2 GiB     267.0 GiB
1        memory       0 bytes           0  ...   0 bytes      10.2 GiB     267.0 GiB

[2 rows x 9 columns]
2026-09-22 13:39:25.978 INFO Loading data (2023-10-02 00:00:00+00:00 -> 2023-11-01 00:00:00+00:00) done in 64.96s (real) and 47.17s (process)
2026-09-22 13:39:25.978 INFO Memory usage (start of timestep, peak): 304.46 GiB
2026-09-22 13:39:25.979 INFO Memory usage (start of timestep, current): 187.09 GiB
2026-09-22 13:39:25.979 INFO Calculating metrics
2026-09-22 13:39:25.979 INFO Calculating metric: schema_fulfillment_count
Warning: (SchemaFulfillmentCount) Unsupported IriStem prefix http://movatwitter.jugem.jp
2026-09-22 13:50:42.457 INFO Calculating metric: time_entity_complete
2026-09-22 13:50:59.179 INFO Calculating metric: completeness_currency
Time happened changes: 106872. Discarded 11147 coarser than day precision and 47898 before the cutoff date of 2012-10-29. Entities with time_happened: 12555563.
Recomputed 306240 entities, 1354 of them discarded for a negative completion age. Entities in the aggregates: 7010438.
2026-09-22 13:54:33.166 INFO Memory usage (end of timestep, peak): 304.46 GiB
2026-09-22 13:54:33.166 INFO Memory usage (end of timestep, current): 187.04 GiB
2026-09-22 13:54:33.166 INFO (Iteration 133) schema_fulfillment_count: real 676.48s | cpu 745.65s
2026-09-22 13:54:33.166 INFO (Iteration 133) time_entity_complete: real 16.71s | cpu 16.71s
2026-09-22 13:54:33.166 INFO (Iteration 133) completeness_currency: real 213.99s | cpu 238.18s
2026-09-22 13:54:33.166 INFO Iteration 133 finished in 972.15s (real) and 1047.71s (process)
2026-09-22 13:54:33.166 INFO Start timestep 2023-11-01 00:00:00+00:00 -> 2023-12-01 00:00:00+00:00
2026-09-22 13:55:43.582 INFO DuckDB memory logs:
  database_name database_size  block_size  ...  wal_size  memory_usage  memory_limit
0   postgres_db       6.4 TiB           0  ...   0 bytes       9.9 GiB     267.0 GiB
1        memory       0 bytes           0  ...   0 bytes       9.9 GiB     267.0 GiB

[2 rows x 9 columns]
2026-09-22 13:55:43.583 INFO Loading data (2023-11-01 00:00:00+00:00 -> 2023-12-01 00:00:00+00:00) done in 70.42s (real) and 65.71s (process)
2026-09-22 13:55:43.583 INFO Memory usage (start of timestep, peak): 304.46 GiB
2026-09-22 13:55:43.584 INFO Memory usage (start of timestep, current): 186.61 GiB
2026-09-22 13:55:43.584 INFO Calculating metrics
2026-09-22 13:55:43.584 INFO Calculating metric: schema_fulfillment_count
2026-09-22 14:06:32.773 INFO Calculating metric: time_entity_complete
2026-09-22 14:06:45.762 INFO Calculating metric: completeness_currency
Time happened changes: 98337. Discarded 32823 coarser than day precision and 43595 before the cutoff date of 2012-10-29. Entities with time_happened: 12574600.
Recomputed 522257 entities, 1468 of them discarded for a negative completion age. Entities in the aggregates: 7021128.
2026-09-22 14:10:02.844 INFO Memory usage (end of timestep, peak): 304.46 GiB
2026-09-22 14:10:02.844 INFO Memory usage (end of timestep, current): 187.04 GiB
2026-09-22 14:10:02.845 INFO (Iteration 134) schema_fulfillment_count: real 649.19s | cpu 710.32s
2026-09-22 14:10:02.845 INFO (Iteration 134) time_entity_complete: real 12.98s | cpu 12.98s
2026-09-22 14:10:02.845 INFO (Iteration 134) completeness_currency: real 197.08s | cpu 220.51s
2026-09-22 14:10:02.845 INFO Iteration 134 finished in 929.68s (real) and 1009.51s (process)
2026-09-22 14:10:02.845 INFO Start timestep 2023-12-01 00:00:00+00:00 -> 2023-12-31 00:00:00+00:00
2026-09-22 14:11:09.040 INFO DuckDB memory logs:
  database_name database_size  block_size  ...  wal_size  memory_usage  memory_limit
0   postgres_db       6.4 TiB           0  ...   0 bytes      10.4 GiB     267.0 GiB
1        memory       0 bytes           0  ...   0 bytes      10.4 GiB     267.0 GiB

[2 rows x 9 columns]
2026-09-22 14:11:09.042 INFO Loading data (2023-12-01 00:00:00+00:00 -> 2023-12-31 00:00:00+00:00) done in 66.20s (real) and 46.90s (process)
2026-09-22 14:11:09.042 INFO Memory usage (start of timestep, peak): 304.46 GiB
2026-09-22 14:11:09.042 INFO Memory usage (start of timestep, current): 187.16 GiB
2026-09-22 14:11:09.042 INFO Calculating metrics
2026-09-22 14:11:09.042 INFO Calculating metric: schema_fulfillment_count
2026-09-22 14:21:02.709 INFO Calculating metric: time_entity_complete
2026-09-22 14:21:09.330 INFO Calculating metric: completeness_currency
Time happened changes: 57818. Discarded 27076 coarser than day precision and 20171 before the cutoff date of 2012-10-29. Entities with time_happened: 12583427.
Recomputed 167658 entities, 1584 of them discarded for a negative completion age. Entities in the aggregates: 7021483.
2026-09-22 14:24:08.185 INFO Memory usage (end of timestep, peak): 304.46 GiB
2026-09-22 14:24:08.185 INFO Memory usage (end of timestep, current): 187.20 GiB
2026-09-22 14:24:08.185 INFO (Iteration 135) schema_fulfillment_count: real 593.67s | cpu 661.94s
2026-09-22 14:24:08.185 INFO (Iteration 135) time_entity_complete: real 6.61s | cpu 6.61s
2026-09-22 14:24:08.185 INFO (Iteration 135) completeness_currency: real 178.85s | cpu 202.32s
2026-09-22 14:24:08.186 INFO Iteration 135 finished in 845.34s (real) and 917.78s (process)
2026-09-22 14:24:08.186 INFO Start timestep 2023-12-31 00:00:00+00:00 -> 2024-01-30 00:00:00+00:00
2026-09-22 14:25:31.805 INFO DuckDB memory logs:
  database_name database_size  block_size  ...  wal_size  memory_usage  memory_limit
0   postgres_db       6.4 TiB           0  ...   0 bytes      12.7 GiB     267.0 GiB
1        memory       0 bytes           0  ...   0 bytes      12.7 GiB     267.0 GiB

[2 rows x 9 columns]
2026-09-22 14:25:31.806 INFO Loading data (2023-12-31 00:00:00+00:00 -> 2024-01-30 00:00:00+00:00) done in 83.62s (real) and 59.35s (process)
2026-09-22 14:25:31.807 INFO Memory usage (start of timestep, peak): 304.46 GiB
2026-09-22 14:25:31.807 INFO Memory usage (start of timestep, current): 189.36 GiB
2026-09-22 14:25:31.807 INFO Calculating metrics
2026-09-22 14:25:31.807 INFO Calculating metric: schema_fulfillment_count
Warning: (SchemaFulfillmentCount) Unsupported IriStem prefix http://movatwitter.jugem.jp
Warning: (SchemaFulfillmentCount) Unsupported IriStem prefix http://movatwitter.jugem.jp
Warning: (SchemaFulfillmentCount) Unsupported IriStem prefix http://movatwitter.jugem.jp
2026-09-22 14:28:43.127 INFO Calculating metric: time_entity_complete
2026-09-22 14:28:50.060 INFO Calculating metric: completeness_currency
Time happened changes: 42575. Discarded 11448 coarser than day precision and 18845 before the cutoff date of 2012-10-29. Entities with time_happened: 12593732.
Recomputed 105259 entities, 1820 of them discarded for a negative completion age. Entities in the aggregates: 7025639.
2026-09-22 14:31:47.984 INFO Memory usage (end of timestep, peak): 304.46 GiB
2026-09-22 14:31:47.984 INFO Memory usage (end of timestep, current): 189.46 GiB
2026-09-22 14:31:47.984 INFO (Iteration 136) schema_fulfillment_count: real 191.32s | cpu 260.49s
2026-09-22 14:31:47.985 INFO (Iteration 136) time_entity_complete: real 6.93s | cpu 6.93s
2026-09-22 14:31:47.985 INFO (Iteration 136) completeness_currency: real 177.92s | cpu 201.04s
2026-09-22 14:31:47.985 INFO Iteration 136 finished in 459.80s (real) and 527.82s (process)
2026-09-22 14:31:47.985 INFO Start timestep 2024-01-30 00:00:00+00:00 -> 2024-02-29 00:00:00+00:00
2026-09-22 14:33:06.707 INFO DuckDB memory logs:
  database_name database_size  block_size  ...  wal_size  memory_usage  memory_limit
0   postgres_db       6.4 TiB           0  ...   0 bytes      11.3 GiB     267.0 GiB
1        memory       0 bytes           0  ...   0 bytes      11.3 GiB     267.0 GiB

[2 rows x 9 columns]
2026-09-22 14:33:06.707 INFO Loading data (2024-01-30 00:00:00+00:00 -> 2024-02-29 00:00:00+00:00) done in 78.72s (real) and 72.02s (process)
2026-09-22 14:33:06.708 INFO Memory usage (start of timestep, peak): 304.46 GiB
2026-09-22 14:33:06.708 INFO Memory usage (start of timestep, current): 187.97 GiB
2026-09-22 14:33:06.708 INFO Calculating metrics
2026-09-22 14:33:06.708 INFO Calculating metric: schema_fulfillment_count
2026-09-22 14:44:01.635 INFO Calculating metric: time_entity_complete
2026-09-22 14:44:11.987 INFO Calculating metric: completeness_currency
Time happened changes: 51744. Discarded 20269 coarser than day precision and 14499 before the cutoff date of 2012-10-29. Entities with time_happened: 12608657.
Recomputed 155062 entities, 3356 of them discarded for a negative completion age. Entities in the aggregates: 7031057.
2026-09-22 14:47:08.350 INFO Memory usage (end of timestep, peak): 304.46 GiB
2026-09-22 14:47:08.351 INFO Memory usage (end of timestep, current): 188.14 GiB
2026-09-22 14:47:08.351 INFO (Iteration 137) schema_fulfillment_count: real 654.93s | cpu 724.50s
2026-09-22 14:47:08.351 INFO (Iteration 137) time_entity_complete: real 10.34s | cpu 10.34s
2026-09-22 14:47:08.351 INFO (Iteration 137) completeness_currency: real 176.36s | cpu 197.06s
2026-09-22 14:47:08.351 INFO Iteration 137 finished in 920.37s (real) and 1003.92s (process)
2026-09-22 14:47:08.351 INFO Start timestep 2024-02-29 00:00:00+00:00 -> 2024-03-30 00:00:00+00:00
2026-09-22 14:48:38.643 INFO DuckDB memory logs:
  database_name database_size  block_size  ...  wal_size  memory_usage  memory_limit
0   postgres_db       6.4 TiB           0  ...   0 bytes      14.6 GiB     267.0 GiB
1        memory       0 bytes           0  ...   0 bytes      14.6 GiB     267.0 GiB

[2 rows x 9 columns]
2026-09-22 14:48:38.645 INFO Loading data (2024-02-29 00:00:00+00:00 -> 2024-03-30 00:00:00+00:00) done in 90.29s (real) and 65.67s (process)
2026-09-22 14:48:38.645 INFO Memory usage (start of timestep, peak): 304.46 GiB
2026-09-22 14:48:38.645 INFO Memory usage (start of timestep, current): 191.28 GiB
2026-09-22 14:48:38.645 INFO Calculating metrics
2026-09-22 14:48:38.645 INFO Calculating metric: schema_fulfillment_count
2026-09-22 14:59:49.212 INFO Calculating metric: time_entity_complete
2026-09-22 15:00:02.099 INFO Calculating metric: completeness_currency
Time happened changes: 220470. Discarded 77486 coarser than day precision and 50392 before the cutoff date of 2012-10-29. Entities with time_happened: 12650862.
Recomputed 380747 entities, 2155 of them discarded for a negative completion age. Entities in the aggregates: 7051482.
2026-09-22 15:03:39.461 INFO Memory usage (end of timestep, peak): 304.46 GiB
2026-09-22 15:03:39.461 INFO Memory usage (end of timestep, current): 191.30 GiB
2026-09-22 15:03:39.462 INFO (Iteration 138) schema_fulfillment_count: real 670.57s | cpu 753.50s
2026-09-22 15:03:39.462 INFO (Iteration 138) time_entity_complete: real 12.87s | cpu 12.87s
2026-09-22 15:03:39.462 INFO (Iteration 138) completeness_currency: real 217.36s | cpu 242.60s
2026-09-22 15:03:39.462 INFO Iteration 138 finished in 991.11s (real) and 1074.64s (process)
2026-09-22 15:03:39.462 INFO Start timestep 2024-03-30 00:00:00+00:00 -> 2024-04-29 00:00:00+00:00
2026-09-22 15:05:14.413 INFO DuckDB memory logs:
  database_name database_size  block_size  ...  wal_size  memory_usage  memory_limit
0   postgres_db       6.4 TiB           0  ...   0 bytes      15.1 GiB     267.0 GiB
1        memory       0 bytes           0  ...   0 bytes      15.1 GiB     267.0 GiB

[2 rows x 9 columns]
2026-09-22 15:05:14.415 INFO Loading data (2024-03-30 00:00:00+00:00 -> 2024-04-29 00:00:00+00:00) done in 94.95s (real) and 86.24s (process)
2026-09-22 15:05:14.415 INFO Memory usage (start of timestep, peak): 304.46 GiB
2026-09-22 15:05:14.415 INFO Memory usage (start of timestep, current): 191.74 GiB
2026-09-22 15:05:14.415 INFO Calculating metrics
2026-09-22 15:05:14.415 INFO Calculating metric: schema_fulfillment_count
Warning: (SchemaFulfillmentCount) Unsupported IriStem prefix http://movatwitter.jugem.jp
Warning: (SchemaFulfillmentCount) Unsupported IriStem prefix http://movatwitter.jugem.jp
2026-09-22 15:16:34.635 INFO Calculating metric: time_entity_complete
2026-09-22 15:16:49.285 INFO Calculating metric: completeness_currency
Time happened changes: 146940. Discarded 29864 coarser than day precision and 45154 before the cutoff date of 2012-10-29. Entities with time_happened: 12716811.
Recomputed 321567 entities, 1616 of them discarded for a negative completion age. Entities in the aggregates: 7082150.
2026-09-22 15:20:41.441 INFO Memory usage (end of timestep, peak): 304.46 GiB
2026-09-22 15:20:41.441 INFO Memory usage (end of timestep, current): 191.80 GiB
2026-09-22 15:20:41.441 INFO (Iteration 139) schema_fulfillment_count: real 680.22s | cpu 755.85s
2026-09-22 15:20:41.441 INFO (Iteration 139) time_entity_complete: real 14.64s | cpu 14.64s
2026-09-22 15:20:41.441 INFO (Iteration 139) completeness_currency: real 232.16s | cpu 258.27s
2026-09-22 15:20:41.441 INFO Iteration 139 finished in 1021.98s (real) and 1115.01s (process)
2026-09-22 15:20:41.441 INFO Start timestep 2024-04-29 00:00:00+00:00 -> 2024-05-29 00:00:00+00:00
2026-09-22 15:22:40.200 INFO DuckDB memory logs:
  database_name database_size  block_size  ...  wal_size  memory_usage  memory_limit
0   postgres_db       6.4 TiB           0  ...   0 bytes      18.3 GiB     267.0 GiB
1        memory       0 bytes           0  ...   0 bytes      18.3 GiB     267.0 GiB

[2 rows x 9 columns]
2026-09-22 15:22:40.201 INFO Loading data (2024-04-29 00:00:00+00:00 -> 2024-05-29 00:00:00+00:00) done in 118.76s (real) and 85.69s (process)
2026-09-22 15:22:40.201 INFO Memory usage (start of timestep, peak): 304.46 GiB
2026-09-22 15:22:40.202 INFO Memory usage (start of timestep, current): 194.81 GiB
2026-09-22 15:22:40.202 INFO Calculating metrics
2026-09-22 15:22:40.202 INFO Calculating metric: schema_fulfillment_count
Warning: (SchemaFulfillmentCount) Unsupported type of allowed value constraint in entity schemas: IriStemRange
Warning: (SchemaFulfillmentCount) Unsupported type of allowed value constraint in entity schemas: IriStemRange
Warning: (SchemaFulfillmentCount) Unsupported type of allowed value constraint in entity schemas: IriStemRange
Warning: (SchemaFulfillmentCount) Unsupported type of allowed value constraint in entity schemas: IriStemRange
Warning: (SchemaFulfillmentCount) Unsupported type of allowed value constraint in entity schemas: IriStemRange
Warning: (SchemaFulfillmentCount) Unsupported type of allowed value constraint in entity schemas: IriStemRange
Warning: (SchemaFulfillmentCount) Unsupported type of allowed value constraint in entity schemas: IriStemRange
Warning: (SchemaFulfillmentCount) Unsupported type of allowed value constraint in entity schemas: IriStemRange
Warning: (SchemaFulfillmentCount) Unsupported type of allowed value constraint in entity schemas: IriStemRange
Warning: (SchemaFulfillmentCount) Unsupported type of allowed value constraint in entity schemas: IriStemRange
Warning: (SchemaFulfillmentCount) Unsupported type of allowed value constraint in entity schemas: IriStemRange
Warning: (SchemaFulfillmentCount) Unsupported type of allowed value constraint in entity schemas: IriStemRange
Warning: (SchemaFulfillmentCount) Unsupported type of allowed value constraint in entity schemas: IriStemRange
Warning: (SchemaFulfillmentCount) Unsupported type of allowed value constraint in entity schemas: IriStemRange
Warning: (SchemaFulfillmentCount) Unsupported type of allowed value constraint in entity schemas: IriStemRange
Warning: (SchemaFulfillmentCount) Unsupported type of allowed value constraint in entity schemas: IriStemRange
Warning: (SchemaFulfillmentCount) Unsupported type of allowed value constraint in entity schemas: IriStemRange
Warning: (SchemaFulfillmentCount) Unsupported IriStem prefix http://movatwitter.jugem.jp
Warning: (SchemaFulfillmentCount) Unsupported IriStem prefix http://movatwitter.jugem.jp
Warning: (SchemaFulfillmentCount) Unsupported type of allowed value constraint in entity schemas: IriStemRange
Warning: (SchemaFulfillmentCount) Unsupported type of allowed value constraint in entity schemas: IriStemRange
Warning: (SchemaFulfillmentCount) Unsupported type of allowed value constraint in entity schemas: IriStemRange
Warning: (SchemaFulfillmentCount) Unsupported type of allowed value constraint in entity schemas: IriStemRange
Warning: (SchemaFulfillmentCount) Unsupported type of allowed value constraint in entity schemas: IriStemRange
Warning: (SchemaFulfillmentCount) Unsupported type of allowed value constraint in entity schemas: IriStemRange
Warning: (SchemaFulfillmentCount) Unsupported type of allowed value constraint in entity schemas: IriStemRange
Warning: (SchemaFulfillmentCount) Unsupported type of allowed value constraint in entity schemas: IriStemRange
Warning: (SchemaFulfillmentCount) Unsupported type of allowed value constraint in entity schemas: IriStemRange
Warning: (SchemaFulfillmentCount) Unsupported type of allowed value constraint in entity schemas: IriStemRange
Warning: (SchemaFulfillmentCount) Unsupported type of allowed value constraint in entity schemas: IriStemRange
Warning: (SchemaFulfillmentCount) Unsupported type of allowed value constraint in entity schemas: IriStemRange
Warning: (SchemaFulfillmentCount) Unsupported type of allowed value constraint in entity schemas: IriStemRange
Warning: (SchemaFulfillmentCount) Unsupported type of allowed value constraint in entity schemas: IriStemRange
Warning: (SchemaFulfillmentCount) Unsupported type of allowed value constraint in entity schemas: IriStemRange
Warning: (SchemaFulfillmentCount) Unsupported type of allowed value constraint in entity schemas: IriStemRange
Warning: (SchemaFulfillmentCount) Unsupported type of allowed value constraint in entity schemas: IriStemRange
Warning: (SchemaFulfillmentCount) Unsupported type of allowed value constraint in entity schemas: IriStemRange
Warning: (SchemaFulfillmentCount) Unsupported type of allowed value constraint in entity schemas: IriStemRange
Warning: (SchemaFulfillmentCount) Unsupported type of allowed value constraint in entity schemas: IriStemRange
Warning: (SchemaFulfillmentCount) Unsupported type of allowed value constraint in entity schemas: IriStemRange
Warning: (SchemaFulfillmentCount) Unsupported type of allowed value constraint in entity schemas: IriStemRange
Warning: (SchemaFulfillmentCount) Unsupported type of allowed value constraint in entity schemas: IriStemRange
Warning: (SchemaFulfillmentCount) Unsupported type of allowed value constraint in entity schemas: IriStemRange
Warning: (SchemaFulfillmentCount) Unsupported type of allowed value constraint in entity schemas: IriStemRange
Warning: (SchemaFulfillmentCount) Unsupported type of allowed value constraint in entity schemas: IriStemRange
Warning: (SchemaFulfillmentCount) Unsupported type of allowed value constraint in entity schemas: IriStemRange
Warning: (SchemaFulfillmentCount) Unsupported type of allowed value constraint in entity schemas: IriStemRange
Warning: (SchemaFulfillmentCount) Unsupported type of allowed value constraint in entity schemas: IriStemRange
Warning: (SchemaFulfillmentCount) Unsupported type of allowed value constraint in entity schemas: IriStemRange
Warning: (SchemaFulfillmentCount) Unsupported type of allowed value constraint in entity schemas: IriStemRange
Warning: (SchemaFulfillmentCount) Unsupported type of allowed value constraint in entity schemas: IriStemRange
Warning: (SchemaFulfillmentCount) Unsupported type of allowed value constraint in entity schemas: IriStemRange
Warning: (SchemaFulfillmentCount) Unsupported type of allowed value constraint in entity schemas: IriStemRange
Warning: (SchemaFulfillmentCount) Unsupported type of allowed value constraint in entity schemas: IriStemRange
Warning: (SchemaFulfillmentCount) Unsupported type of allowed value constraint in entity schemas: IriStemRange
Warning: (SchemaFulfillmentCount) Unsupported type of allowed value constraint in entity schemas: IriStemRange
Warning: (SchemaFulfillmentCount) Unsupported type of allowed value constraint in entity schemas: IriStemRange
Warning: (SchemaFulfillmentCount) Unsupported type of allowed value constraint in entity schemas: IriStemRange
Warning: (SchemaFulfillmentCount) Unsupported type of allowed value constraint in entity schemas: IriStemRange
Warning: (SchemaFulfillmentCount) Unsupported type of allowed value constraint in entity schemas: IriStemRange
Warning: (SchemaFulfillmentCount) Unsupported type of allowed value constraint in entity schemas: IriStemRange
Warning: (SchemaFulfillmentCount) Unsupported type of allowed value constraint in entity schemas: IriStemRange
Warning: (SchemaFulfillmentCount) Unsupported type of allowed value constraint in entity schemas: IriStemRange
Warning: (SchemaFulfillmentCount) Unsupported type of allowed value constraint in entity schemas: IriStemRange
Warning: (SchemaFulfillmentCount) Unsupported type of allowed value constraint in entity schemas: IriStemRange
Warning: (SchemaFulfillmentCount) Unsupported type of allowed value constraint in entity schemas: IriStemRange
Warning: (SchemaFulfillmentCount) Unsupported type of allowed value constraint in entity schemas: IriStemRange
Warning: (SchemaFulfillmentCount) Unsupported type of allowed value constraint in entity schemas: IriStemRange
Warning: (SchemaFulfillmentCount) Unsupported type of allowed value constraint in entity schemas: IriStemRange
Warning: (SchemaFulfillmentCount) Unsupported type of allowed value constraint in entity schemas: IriStemRange
Warning: (SchemaFulfillmentCount) Unsupported type of allowed value constraint in entity schemas: IriStemRange
2026-09-22 15:29:27.322 INFO Calculating metric: time_entity_complete
2026-09-22 15:29:48.761 INFO Calculating metric: completeness_currency
Time happened changes: 170982. Discarded 13856 coarser than day precision and 65072 before the cutoff date of 2012-10-29. Entities with time_happened: 12807135.
Recomputed 305008 entities, 1236 of them discarded for a negative completion age. Entities in the aggregates: 7129028.
2026-09-22 15:34:00.777 INFO Memory usage (end of timestep, peak): 304.46 GiB
2026-09-22 15:34:00.777 INFO Memory usage (end of timestep, current): 195.84 GiB
2026-09-22 15:34:00.777 INFO (Iteration 140) schema_fulfillment_count: real 407.12s | cpu 491.14s
2026-09-22 15:34:00.777 INFO (Iteration 140) time_entity_complete: real 21.44s | cpu 21.44s
2026-09-22 15:34:00.777 INFO (Iteration 140) completeness_currency: real 252.02s | cpu 278.05s
2026-09-22 15:34:00.777 INFO Iteration 140 finished in 799.34s (real) and 876.32s (process)
2026-09-22 15:34:00.777 INFO Start timestep 2024-05-29 00:00:00+00:00 -> 2024-06-28 00:00:00+00:00
2026-09-22 15:36:03.739 INFO DuckDB memory logs:
  database_name database_size  block_size  ...  wal_size  memory_usage  memory_limit
0   postgres_db       6.4 TiB           0  ...   0 bytes      19.0 GiB     267.0 GiB
1        memory       0 bytes           0  ...   0 bytes      19.0 GiB     267.0 GiB

[2 rows x 9 columns]
2026-09-22 15:36:03.740 INFO Loading data (2024-05-29 00:00:00+00:00 -> 2024-06-28 00:00:00+00:00) done in 122.96s (real) and 90.07s (process)
2026-09-22 15:36:03.740 INFO Memory usage (start of timestep, peak): 304.46 GiB
2026-09-22 15:36:03.740 INFO Memory usage (start of timestep, current): 195.57 GiB
2026-09-22 15:36:03.740 INFO Calculating metrics
2026-09-22 15:36:03.741 INFO Calculating metric: schema_fulfillment_count
2026-09-22 15:50:21.684 INFO Calculating metric: time_entity_complete
2026-09-22 15:50:47.975 INFO Calculating metric: completeness_currency
Time happened changes: 444284. Discarded 247933 coarser than day precision and 52083 before the cutoff date of 2012-10-29. Entities with time_happened: 12947323.
Recomputed 587672 entities, 1300 of them discarded for a negative completion age. Entities in the aggregates: 7227904.
2026-09-22 15:55:33.267 INFO Memory usage (end of timestep, peak): 304.46 GiB
2026-09-22 15:55:33.267 INFO Memory usage (end of timestep, current): 196.02 GiB
2026-09-22 15:55:33.267 INFO (Iteration 141) schema_fulfillment_count: real 857.94s | cpu 972.83s
2026-09-22 15:55:33.267 INFO (Iteration 141) time_entity_complete: real 26.28s | cpu 26.28s
2026-09-22 15:55:33.267 INFO (Iteration 141) completeness_currency: real 285.29s | cpu 313.02s
2026-09-22 15:55:33.267 INFO Iteration 141 finished in 1292.49s (real) and 1402.21s (process)
2026-09-22 15:55:33.268 INFO Start timestep 2024-06-28 00:00:00+00:00 -> 2024-07-28 00:00:00+00:00
2026-09-22 15:57:51.563 INFO DuckDB memory logs:
  database_name database_size  block_size  ...  wal_size  memory_usage  memory_limit
0   postgres_db       6.4 TiB           0  ...   0 bytes      21.0 GiB     267.0 GiB
1        memory       0 bytes           0  ...   0 bytes      21.0 GiB     267.0 GiB

[2 rows x 9 columns]
2026-09-22 15:57:51.564 INFO Loading data (2024-06-28 00:00:00+00:00 -> 2024-07-28 00:00:00+00:00) done in 138.30s (real) and 100.54s (process)
2026-09-22 15:57:51.565 INFO Memory usage (start of timestep, peak): 304.46 GiB
2026-09-22 15:57:51.565 INFO Memory usage (start of timestep, current): 197.59 GiB
2026-09-22 15:57:51.565 INFO Calculating metrics
2026-09-22 15:57:51.565 INFO Calculating metric: schema_fulfillment_count
2026-09-22 16:21:01.613 INFO Calculating metric: time_entity_complete
2026-09-22 16:21:38.292 INFO Calculating metric: completeness_currency
Time happened changes: 795862. Discarded 431884 coarser than day precision and 68770 before the cutoff date of 2012-10-29. Entities with time_happened: 13240659.
Recomputed 932418 entities, 1317 of them discarded for a negative completion age. Entities in the aggregates: 7454778.
2026-09-22 16:27:58.950 INFO Memory usage (end of timestep, peak): 304.46 GiB
2026-09-22 16:27:58.951 INFO Memory usage (end of timestep, current): 198.23 GiB
2026-09-22 16:27:58.951 INFO (Iteration 142) schema_fulfillment_count: real 1390.05s | cpu 1545.61s
2026-09-22 16:27:58.951 INFO (Iteration 142) time_entity_complete: real 36.68s | cpu 36.68s
2026-09-22 16:27:58.951 INFO (Iteration 142) completeness_currency: real 380.66s | cpu 408.03s
2026-09-22 16:27:58.951 INFO Iteration 142 finished in 1945.68s (real) and 2090.86s (process)
2026-09-22 16:27:58.951 INFO Start timestep 2024-07-28 00:00:00+00:00 -> 2024-08-27 00:00:00+00:00
2026-09-22 16:30:26.918 INFO DuckDB memory logs:
  database_name database_size  block_size  ...  wal_size  memory_usage  memory_limit
0   postgres_db       6.4 TiB           0  ...   0 bytes      22.1 GiB     267.0 GiB
1        memory       0 bytes           0  ...   0 bytes      22.1 GiB     267.0 GiB

[2 rows x 9 columns]
2026-09-22 16:30:26.919 INFO Loading data (2024-07-28 00:00:00+00:00 -> 2024-08-27 00:00:00+00:00) done in 147.97s (real) and 108.51s (process)
2026-09-22 16:30:26.920 INFO Memory usage (start of timestep, peak): 304.46 GiB
2026-09-22 16:30:26.920 INFO Memory usage (start of timestep, current): 198.84 GiB
2026-09-22 16:30:26.920 INFO Calculating metrics
2026-09-22 16:30:26.920 INFO Calculating metric: schema_fulfillment_count
Warning: (SchemaFulfillmentCount) Unsupported type of allowed value constraint in entity schemas: IriStemRange
Warning: (SchemaFulfillmentCount) Unsupported type of allowed value constraint in entity schemas: IriStemRange
Warning: (SchemaFulfillmentCount) Unsupported type of allowed value constraint in entity schemas: IriStemRange
Warning: (SchemaFulfillmentCount) Unsupported type of allowed value constraint in entity schemas: IriStemRange
Warning: (SchemaFulfillmentCount) Unsupported type of allowed value constraint in entity schemas: IriStemRange
Warning: (SchemaFulfillmentCount) Unsupported type of allowed value constraint in entity schemas: IriStemRange
Warning: (SchemaFulfillmentCount) Unsupported type of allowed value constraint in entity schemas: IriStemRange
Warning: (SchemaFulfillmentCount) Unsupported type of allowed value constraint in entity schemas: IriStemRange
Warning: (SchemaFulfillmentCount) Unsupported type of allowed value constraint in entity schemas: IriStemRange
Warning: (SchemaFulfillmentCount) Unsupported type of allowed value constraint in entity schemas: IriStemRange
Warning: (SchemaFulfillmentCount) Unsupported type of allowed value constraint in entity schemas: IriStemRange
Warning: (SchemaFulfillmentCount) Unsupported type of allowed value constraint in entity schemas: IriStemRange
Warning: (SchemaFulfillmentCount) Unsupported type of allowed value constraint in entity schemas: IriStemRange
Warning: (SchemaFulfillmentCount) Unsupported type of allowed value constraint in entity schemas: IriStemRange
Warning: (SchemaFulfillmentCount) Unsupported type of allowed value constraint in entity schemas: IriStemRange
Warning: (SchemaFulfillmentCount) Unsupported type of allowed value constraint in entity schemas: IriStemRange
Warning: (SchemaFulfillmentCount) Unsupported type of allowed value constraint in entity schemas: IriStemRange
Warning: (SchemaFulfillmentCount) Unsupported type of allowed value constraint in entity schemas: IriStemRange
Warning: (SchemaFulfillmentCount) Unsupported type of allowed value constraint in entity schemas: IriStemRange
Warning: (SchemaFulfillmentCount) Unsupported type of allowed value constraint in entity schemas: IriStemRange
Warning: (SchemaFulfillmentCount) Unsupported type of allowed value constraint in entity schemas: IriStemRange
Warning: (SchemaFulfillmentCount) Unsupported type of allowed value constraint in entity schemas: IriStemRange
Warning: (SchemaFulfillmentCount) Unsupported type of allowed value constraint in entity schemas: IriStemRange
Warning: (SchemaFulfillmentCount) Unsupported type of allowed value constraint in entity schemas: IriStemRange
Warning: (SchemaFulfillmentCount) Unsupported type of allowed value constraint in entity schemas: IriStemRange
Warning: (SchemaFulfillmentCount) Unsupported type of allowed value constraint in entity schemas: IriStemRange
Warning: (SchemaFulfillmentCount) Unsupported type of allowed value constraint in entity schemas: IriStemRange
Warning: (SchemaFulfillmentCount) Unsupported type of allowed value constraint in entity schemas: IriStemRange
Warning: (SchemaFulfillmentCount) Unsupported type of allowed value constraint in entity schemas: IriStemRange
Warning: (SchemaFulfillmentCount) Unsupported type of allowed value constraint in entity schemas: IriStemRange
Warning: (SchemaFulfillmentCount) Unsupported type of allowed value constraint in entity schemas: IriStemRange
Warning: (SchemaFulfillmentCount) Unsupported type of allowed value constraint in entity schemas: IriStemRange
Warning: (SchemaFulfillmentCount) Unsupported type of allowed value constraint in entity schemas: IriStemRange
Warning: (SchemaFulfillmentCount) Unsupported type of allowed value constraint in entity schemas: IriStemRange
Warning: (SchemaFulfillmentCount) Unsupported type of allowed value constraint in entity schemas: IriStemRange
Warning: (SchemaFulfillmentCount) Unsupported type of allowed value constraint in entity schemas: IriStemRange
Warning: (SchemaFulfillmentCount) Unsupported type of allowed value constraint in entity schemas: IriStemRange
Warning: (SchemaFulfillmentCount) Unsupported type of allowed value constraint in entity schemas: IriStemRange
Warning: (SchemaFulfillmentCount) Unsupported type of allowed value constraint in entity schemas: IriStemRange
Warning: (SchemaFulfillmentCount) Unsupported type of allowed value constraint in entity schemas: IriStemRange
Warning: (SchemaFulfillmentCount) Unsupported type of allowed value constraint in entity schemas: IriStemRange
Warning: (SchemaFulfillmentCount) Unsupported type of allowed value constraint in entity schemas: IriStemRange
Warning: (SchemaFulfillmentCount) Unsupported type of allowed value constraint in entity schemas: IriStemRange
Warning: (SchemaFulfillmentCount) Unsupported type of allowed value constraint in entity schemas: IriStemRange
Warning: (SchemaFulfillmentCount) Unsupported type of allowed value constraint in entity schemas: IriStemRange
Warning: (SchemaFulfillmentCount) Unsupported type of allowed value constraint in entity schemas: IriStemRange
Warning: (SchemaFulfillmentCount) Unsupported type of allowed value constraint in entity schemas: IriStemRange
Warning: (SchemaFulfillmentCount) Unsupported type of allowed value constraint in entity schemas: IriStemRange
Warning: (SchemaFulfillmentCount) Unsupported type of allowed value constraint in entity schemas: IriStemRange
Warning: (SchemaFulfillmentCount) Unsupported type of allowed value constraint in entity schemas: IriStemRange
Warning: (SchemaFulfillmentCount) Unsupported type of allowed value constraint in entity schemas: IriStemRange
Warning: (SchemaFulfillmentCount) Unsupported type of allowed value constraint in entity schemas: IriStemRange
Warning: (SchemaFulfillmentCount) Unsupported type of allowed value constraint in entity schemas: IriStemRange
Warning: (SchemaFulfillmentCount) Unsupported type of allowed value constraint in entity schemas: IriStemRange
Warning: (SchemaFulfillmentCount) Unsupported type of allowed value constraint in entity schemas: IriStemRange
Warning: (SchemaFulfillmentCount) Unsupported type of allowed value constraint in entity schemas: IriStemRange
Warning: (SchemaFulfillmentCount) Unsupported type of allowed value constraint in entity schemas: IriStemRange
Warning: (SchemaFulfillmentCount) Unsupported type of allowed value constraint in entity schemas: IriStemRange
Warning: (SchemaFulfillmentCount) Unsupported type of allowed value constraint in entity schemas: IriStemRange
Warning: (SchemaFulfillmentCount) Unsupported type of allowed value constraint in entity schemas: IriStemRange
Warning: (SchemaFulfillmentCount) Unsupported type of allowed value constraint in entity schemas: IriStemRange
Warning: (SchemaFulfillmentCount) Unsupported type of allowed value constraint in entity schemas: IriStemRange
Warning: (SchemaFulfillmentCount) Unsupported type of allowed value constraint in entity schemas: IriStemRange
Warning: (SchemaFulfillmentCount) Unsupported type of allowed value constraint in entity schemas: IriStemRange
Warning: (SchemaFulfillmentCount) Unsupported type of allowed value constraint in entity schemas: IriStemRange
Warning: (SchemaFulfillmentCount) Unsupported type of allowed value constraint in entity schemas: IriStemRange
Warning: (SchemaFulfillmentCount) Unsupported type of allowed value constraint in entity schemas: IriStemRange
Warning: (SchemaFulfillmentCount) Unsupported type of allowed value constraint in entity schemas: IriStemRange
Warning: (SchemaFulfillmentCount) Unsupported type of allowed value constraint in entity schemas: IriStemRange
Warning: (SchemaFulfillmentCount) Unsupported type of allowed value constraint in entity schemas: IriStemRange
Warning: (SchemaFulfillmentCount) Unsupported type of allowed value constraint in entity schemas: IriStemRange
Warning: (SchemaFulfillmentCount) Unsupported type of allowed value constraint in entity schemas: IriStemRange
Warning: (SchemaFulfillmentCount) Unsupported type of allowed value constraint in entity schemas: IriStemRange
Warning: (SchemaFulfillmentCount) Unsupported type of allowed value constraint in entity schemas: IriStemRange
Warning: (SchemaFulfillmentCount) Unsupported type of allowed value constraint in entity schemas: IriStemRange
Warning: (SchemaFulfillmentCount) Unsupported type of allowed value constraint in entity schemas: IriStemRange
Warning: (SchemaFulfillmentCount) Unsupported type of allowed value constraint in entity schemas: IriStemRange
Warning: (SchemaFulfillmentCount) Unsupported type of allowed value constraint in entity schemas: IriStemRange
Warning: (SchemaFulfillmentCount) Unsupported type of allowed value constraint in entity schemas: IriStemRange
Warning: (SchemaFulfillmentCount) Unsupported type of allowed value constraint in entity schemas: IriStemRange
Warning: (SchemaFulfillmentCount) Unsupported type of allowed value constraint in entity schemas: IriStemRange
Warning: (SchemaFulfillmentCount) Unsupported type of allowed value constraint in entity schemas: IriStemRange
Warning: (SchemaFulfillmentCount) Unsupported type of allowed value constraint in entity schemas: IriStemRange
Warning: (SchemaFulfillmentCount) Unsupported type of allowed value constraint in entity schemas: IriStemRange
Warning: (SchemaFulfillmentCount) Unsupported type of allowed value constraint in entity schemas: IriStemRange
Warning: (SchemaFulfillmentCount) Unsupported type of allowed value constraint in entity schemas: IriStemRange
Warning: (SchemaFulfillmentCount) Unsupported type of allowed value constraint in entity schemas: IriStemRange
Warning: (SchemaFulfillmentCount) Unsupported type of allowed value constraint in entity schemas: IriStemRange
Warning: (SchemaFulfillmentCount) Unsupported type of allowed value constraint in entity schemas: IriStemRange
2026-09-22 17:05:19.021 INFO Calculating metric: time_entity_complete
2026-09-22 17:06:36.762 INFO Calculating metric: completeness_currency
Time happened changes: 1663524. Discarded 788182 coarser than day precision and 121113 before the cutoff date of 2012-10-29. Entities with time_happened: 13992726.
Recomputed 1791732 entities, 1374 of them discarded for a negative completion age. Entities in the aggregates: 7962899.
2026-09-22 17:18:05.880 INFO Memory usage (end of timestep, peak): 304.46 GiB
2026-09-22 17:18:05.880 INFO Memory usage (end of timestep, current): 200.67 GiB
2026-09-22 17:18:05.880 INFO (Iteration 143) schema_fulfillment_count: real 2092.10s | cpu 2189.91s
2026-09-22 17:18:05.880 INFO (Iteration 143) time_entity_complete: real 77.73s | cpu 77.72s
2026-09-22 17:18:05.880 INFO (Iteration 143) completeness_currency: real 689.12s | cpu 720.28s
2026-09-22 17:18:05.880 INFO Iteration 143 finished in 3006.93s (real) and 3096.42s (process)
2026-09-22 17:18:05.880 INFO Start timestep 2024-08-27 00:00:00+00:00 -> 2024-09-26 00:00:00+00:00
2026-09-22 17:19:23.575 INFO DuckDB memory logs:
  database_name database_size  block_size  ...  wal_size  memory_usage  memory_limit
0   postgres_db       6.4 TiB           0  ...   0 bytes      11.4 GiB     267.0 GiB
1        memory       0 bytes           0  ...   0 bytes      11.4 GiB     267.0 GiB

[2 rows x 9 columns]
2026-09-22 17:19:23.577 INFO Loading data (2024-08-27 00:00:00+00:00 -> 2024-09-26 00:00:00+00:00) done in 77.70s (real) and 56.33s (process)
2026-09-22 17:19:23.578 INFO Memory usage (start of timestep, peak): 304.46 GiB
2026-09-22 17:19:23.578 INFO Memory usage (start of timestep, current): 188.90 GiB
2026-09-22 17:19:23.578 INFO Calculating metrics
2026-09-22 17:19:23.578 INFO Calculating metric: schema_fulfillment_count
2026-09-22 17:26:42.741 INFO Calculating metric: time_entity_complete
2026-09-22 17:27:02.432 INFO Calculating metric: completeness_currency
Time happened changes: 333093. Discarded 159324 coarser than day precision and 27479 before the cutoff date of 2012-10-29. Entities with time_happened: 14137393.
Recomputed 407531 entities, 2612 of them discarded for a negative completion age. Entities in the aggregates: 8060386.
2026-09-22 17:31:35.525 INFO Memory usage (end of timestep, peak): 304.46 GiB
2026-09-22 17:31:35.526 INFO Memory usage (end of timestep, current): 188.57 GiB
2026-09-22 17:31:35.526 INFO (Iteration 144) schema_fulfillment_count: real 439.16s | cpu 529.61s
2026-09-22 17:31:35.526 INFO (Iteration 144) time_entity_complete: real 19.68s | cpu 19.68s
2026-09-22 17:31:35.526 INFO (Iteration 144) completeness_currency: real 273.09s | cpu 300.65s
2026-09-22 17:31:35.526 INFO Iteration 144 finished in 809.65s (real) and 906.27s (process)
2026-09-22 17:31:35.526 INFO Start timestep 2024-09-26 00:00:00+00:00 -> 2024-10-26 00:00:00+00:00
2026-09-22 17:32:32.794 INFO DuckDB memory logs:
  database_name database_size  block_size  ...  wal_size  memory_usage  memory_limit
0   postgres_db       6.4 TiB           0  ...   0 bytes       8.8 GiB     267.0 GiB
1        memory       0 bytes           0  ...   0 bytes       8.8 GiB     267.0 GiB

[2 rows x 9 columns]
2026-09-22 17:32:32.794 INFO Loading data (2024-09-26 00:00:00+00:00 -> 2024-10-26 00:00:00+00:00) done in 57.27s (real) and 41.53s (process)
2026-09-22 17:32:32.795 INFO Memory usage (start of timestep, peak): 304.46 GiB
2026-09-22 17:32:32.795 INFO Memory usage (start of timestep, current): 185.91 GiB
2026-09-22 17:32:32.795 INFO Calculating metrics
2026-09-22 17:32:32.795 INFO Calculating metric: schema_fulfillment_count
2026-09-22 17:37:13.330 INFO Calculating metric: time_entity_complete
2026-09-22 17:37:19.049 INFO Calculating metric: completeness_currency
Time happened changes: 58039. Discarded 10419 coarser than day precision and 14476 before the cutoff date of 2012-10-29. Entities with time_happened: 14168913.
Recomputed 137966 entities, 2631 of them discarded for a negative completion age. Entities in the aggregates: 8072867.
2026-09-22 17:40:34.847 INFO Memory usage (end of timestep, peak): 304.46 GiB
2026-09-22 17:40:34.847 INFO Memory usage (end of timestep, current): 185.86 GiB
2026-09-22 17:40:34.847 INFO (Iteration 145) schema_fulfillment_count: real 280.53s | cpu 349.00s
2026-09-22 17:40:34.847 INFO (Iteration 145) time_entity_complete: real 5.72s | cpu 5.72s
2026-09-22 17:40:34.847 INFO (Iteration 145) completeness_currency: real 195.80s | cpu 215.55s
2026-09-22 17:40:34.847 INFO Iteration 145 finished in 539.32s (real) and 611.80s (process)
2026-09-22 17:40:34.848 INFO Start timestep 2024-10-26 00:00:00+00:00 -> 2024-11-25 00:00:00+00:00
2026-09-22 17:42:36.687 INFO DuckDB memory logs:
  database_name database_size  block_size  ...  wal_size  memory_usage  memory_limit
0   postgres_db       6.4 TiB           0  ...   0 bytes      18.7 GiB     267.0 GiB
1        memory       0 bytes           0  ...   0 bytes      18.7 GiB     267.0 GiB

[2 rows x 9 columns]
2026-09-22 17:42:36.688 INFO Loading data (2024-10-26 00:00:00+00:00 -> 2024-11-25 00:00:00+00:00) done in 121.84s (real) and 88.21s (process)
2026-09-22 17:42:36.688 INFO Memory usage (start of timestep, peak): 304.46 GiB
2026-09-22 17:42:36.688 INFO Memory usage (start of timestep, current): 195.47 GiB
2026-09-22 17:42:36.688 INFO Calculating metrics
2026-09-22 17:42:36.688 INFO Calculating metric: schema_fulfillment_count
2026-09-22 17:51:22.488 INFO Calculating metric: time_entity_complete
2026-09-22 17:51:37.458 INFO Calculating metric: completeness_currency
Time happened changes: 311030. Discarded 26383 coarser than day precision and 188533 before the cutoff date of 2012-10-29. Entities with time_happened: 14263056.
Recomputed 542964 entities, 1806 of them discarded for a negative completion age. Entities in the aggregates: 8090823.
2026-09-22 17:56:45.667 INFO Memory usage (end of timestep, peak): 304.46 GiB
2026-09-22 17:56:45.667 INFO Memory usage (end of timestep, current): 195.70 GiB
2026-09-22 17:56:45.667 INFO (Iteration 146) schema_fulfillment_count: real 525.80s | cpu 651.72s
2026-09-22 17:56:45.667 INFO (Iteration 146) time_entity_complete: real 14.96s | cpu 14.96s
2026-09-22 17:56:45.667 INFO (Iteration 146) completeness_currency: real 308.21s | cpu 330.57s
2026-09-22 17:56:45.667 INFO Iteration 146 finished in 970.82s (real) and 1085.46s (process)
2026-09-22 17:56:45.667 INFO Start timestep 2024-11-25 00:00:00+00:00 -> 2024-12-25 00:00:00+00:00
2026-09-22 18:00:04.704 INFO DuckDB memory logs:
  database_name database_size  block_size  ...  wal_size  memory_usage  memory_limit
0   postgres_db       6.4 TiB           0  ...   0 bytes      29.7 GiB     267.0 GiB
1        memory       0 bytes           0  ...   0 bytes      29.7 GiB     267.0 GiB

[2 rows x 9 columns]
2026-09-22 18:00:04.705 INFO Loading data (2024-11-25 00:00:00+00:00 -> 2024-12-25 00:00:00+00:00) done in 199.04s (real) and 147.65s (process)
2026-09-22 18:00:04.705 INFO Memory usage (start of timestep, peak): 304.46 GiB
2026-09-22 18:00:04.705 INFO Memory usage (start of timestep, current): 206.14 GiB
2026-09-22 18:00:04.706 INFO Calculating metrics
2026-09-22 18:00:04.706 INFO Calculating metric: schema_fulfillment_count
2026-09-22 18:06:12.892 INFO Calculating metric: time_entity_complete
2026-09-22 18:06:27.152 INFO Calculating metric: completeness_currency
Time happened changes: 422655. Discarded 12341 coarser than day precision and 398843 before the cutoff date of 2012-10-29. Entities with time_happened: 14272264.
Recomputed 616308 entities, 2437 of them discarded for a negative completion age. Entities in the aggregates: 8093613.
2026-09-22 18:12:00.163 INFO Memory usage (end of timestep, peak): 304.46 GiB
2026-09-22 18:12:00.163 INFO Memory usage (end of timestep, current): 206.39 GiB
2026-09-22 18:12:00.163 INFO (Iteration 147) schema_fulfillment_count: real 368.19s | cpu 476.60s
2026-09-22 18:12:00.163 INFO (Iteration 147) time_entity_complete: real 14.26s | cpu 14.26s
2026-09-22 18:12:00.163 INFO (Iteration 147) completeness_currency: real 333.01s | cpu 359.20s
2026-09-22 18:12:00.163 INFO Iteration 147 finished in 914.50s (real) and 997.71s (process)
2026-09-22 18:12:00.163 INFO Start timestep 2024-12-25 00:00:00+00:00 -> 2025-01-24 00:00:00+00:00
2026-09-22 18:15:16.540 INFO DuckDB memory logs:
  database_name database_size  block_size  ...  wal_size  memory_usage  memory_limit
0   postgres_db       6.4 TiB           0  ...   0 bytes      29.7 GiB     267.0 GiB
1        memory       0 bytes           0  ...   0 bytes      29.7 GiB     267.0 GiB

[2 rows x 9 columns]
2026-09-22 18:15:16.542 INFO Loading data (2024-12-25 00:00:00+00:00 -> 2025-01-24 00:00:00+00:00) done in 196.38s (real) and 159.24s (process)
2026-09-22 18:15:16.542 INFO Memory usage (start of timestep, peak): 304.46 GiB
2026-09-22 18:15:16.542 INFO Memory usage (start of timestep, current): 207.27 GiB
2026-09-22 18:15:16.542 INFO Calculating metrics
2026-09-22 18:15:16.542 INFO Calculating metric: schema_fulfillment_count
2026-09-22 18:26:51.364 INFO Calculating metric: time_entity_complete
2026-09-22 18:27:06.771 INFO Calculating metric: completeness_currency
Time happened changes: 420334. Discarded 18526 coarser than day precision and 342326 before the cutoff date of 2012-10-29. Entities with time_happened: 14286429.
Recomputed 590100 entities, 1819 of them discarded for a negative completion age. Entities in the aggregates: 8037212.
2026-09-22 18:32:46.177 INFO Memory usage (end of timestep, peak): 304.46 GiB
2026-09-22 18:32:46.177 INFO Memory usage (end of timestep, current): 206.52 GiB
2026-09-22 18:32:46.177 INFO (Iteration 148) schema_fulfillment_count: real 694.82s | cpu 792.08s
2026-09-22 18:32:46.177 INFO (Iteration 148) time_entity_complete: real 15.40s | cpu 15.39s
2026-09-22 18:32:46.177 INFO (Iteration 148) completeness_currency: real 339.41s | cpu 367.18s
2026-09-22 18:32:46.177 INFO Iteration 148 finished in 1246.01s (real) and 1333.89s (process)
2026-09-22 18:32:46.177 INFO Start timestep 2025-01-24 00:00:00+00:00 -> 2025-02-23 00:00:00+00:00
2026-09-22 18:35:35.438 INFO DuckDB memory logs:
  database_name database_size  block_size  ...  wal_size  memory_usage  memory_limit
0   postgres_db       6.4 TiB           0  ...   0 bytes      24.3 GiB     267.0 GiB
1        memory       0 bytes           0  ...   0 bytes      24.3 GiB     267.0 GiB

[2 rows x 9 columns]
2026-09-22 18:35:35.439 INFO Loading data (2025-01-24 00:00:00+00:00 -> 2025-02-23 00:00:00+00:00) done in 169.26s (real) and 138.25s (process)
2026-09-22 18:35:35.439 INFO Memory usage (start of timestep, peak): 304.46 GiB
2026-09-22 18:35:35.439 INFO Memory usage (start of timestep, current): 201.06 GiB
2026-09-22 18:35:35.439 INFO Calculating metrics
2026-09-22 18:35:35.440 INFO Calculating metric: schema_fulfillment_count
2026-09-22 18:47:22.610 INFO Calculating metric: time_entity_complete
2026-09-22 18:47:38.511 INFO Calculating metric: completeness_currency
Time happened changes: 270704. Discarded 16545 coarser than day precision and 101106 before the cutoff date of 2012-10-29. Entities with time_happened: 14343453.
Recomputed 602602 entities, 1835 of them discarded for a negative completion age. Entities in the aggregates: 7926184.
2026-09-22 18:52:37.680 INFO Memory usage (end of timestep, peak): 304.46 GiB
2026-09-22 18:52:37.680 INFO Memory usage (end of timestep, current): 201.12 GiB
2026-09-22 18:52:37.680 INFO (Iteration 149) schema_fulfillment_count: real 707.17s | cpu 840.74s
2026-09-22 18:52:37.680 INFO (Iteration 149) time_entity_complete: real 15.89s | cpu 15.89s
2026-09-22 18:52:37.680 INFO (Iteration 149) completeness_currency: real 299.17s | cpu 322.27s
2026-09-22 18:52:37.680 INFO Iteration 149 finished in 1191.50s (real) and 1317.15s (process)
2026-09-22 18:52:37.680 INFO Start timestep 2025-02-23 00:00:00+00:00 -> 2025-03-25 00:00:00+00:00
2026-09-22 18:53:55.598 INFO DuckDB memory logs:
  database_name database_size  block_size  ...  wal_size  memory_usage  memory_limit
0   postgres_db       6.4 TiB           0  ...   0 bytes      11.3 GiB     267.0 GiB
1        memory       0 bytes           0  ...   0 bytes      11.3 GiB     267.0 GiB

[2 rows x 9 columns]
2026-09-22 18:53:55.599 INFO Loading data (2025-02-23 00:00:00+00:00 -> 2025-03-25 00:00:00+00:00) done in 77.92s (real) and 72.00s (process)
2026-09-22 18:53:55.600 INFO Memory usage (start of timestep, peak): 304.46 GiB
2026-09-22 18:53:55.600 INFO Memory usage (start of timestep, current): 188.23 GiB
2026-09-22 18:53:55.600 INFO Calculating metrics
2026-09-22 18:53:55.600 INFO Calculating metric: schema_fulfillment_count
2026-09-22 19:05:24.157 INFO Calculating metric: time_entity_complete
2026-09-22 19:05:46.365 INFO Calculating metric: completeness_currency
Time happened changes: 74047. Discarded 37657 coarser than day precision and 21689 before the cutoff date of 2012-10-29. Entities with time_happened: 14351631.
Recomputed 1441056 entities, 1935 of them discarded for a negative completion age. Entities in the aggregates: 8123144.
2026-09-22 19:08:56.989 INFO Memory usage (end of timestep, peak): 304.46 GiB
2026-09-22 19:08:56.989 INFO Memory usage (end of timestep, current): 188.70 GiB
2026-09-22 19:08:56.989 INFO (Iteration 150) schema_fulfillment_count: real 688.56s | cpu 872.21s
2026-09-22 19:08:56.989 INFO (Iteration 150) time_entity_complete: real 22.20s | cpu 22.19s
2026-09-22 19:08:56.989 INFO (Iteration 150) completeness_currency: real 190.62s | cpu 210.67s
2026-09-22 19:08:56.989 INFO Iteration 150 finished in 979.31s (real) and 1177.08s (process)
2026-09-22 19:08:56.990 INFO Start timestep 2025-03-25 00:00:00+00:00 -> 2025-04-24 00:00:00+00:00
2026-09-22 19:09:43.846 INFO DuckDB memory logs:
  database_name database_size  block_size  ...  wal_size  memory_usage  memory_limit
0   postgres_db       6.4 TiB           0  ...   0 bytes       7.2 GiB     267.0 GiB
1        memory       0 bytes           0  ...   0 bytes       7.2 GiB     267.0 GiB

[2 rows x 9 columns]
2026-09-22 19:09:43.846 INFO Loading data (2025-03-25 00:00:00+00:00 -> 2025-04-24 00:00:00+00:00) done in 46.86s (real) and 42.33s (process)
2026-09-22 19:09:43.846 INFO Memory usage (start of timestep, peak): 304.46 GiB
2026-09-22 19:09:43.846 INFO Memory usage (start of timestep, current): 186.39 GiB
2026-09-22 19:09:43.846 INFO Calculating metrics
2026-09-22 19:09:43.846 INFO Calculating metric: schema_fulfillment_count
Warning: (SchemaFulfillmentCount) Unsupported IriStem prefix http://movatwitter.jugem.jp
2026-09-22 19:20:26.893 INFO Calculating metric: time_entity_complete
2026-09-22 19:20:35.707 INFO Calculating metric: completeness_currency
Time happened changes: 59870. Discarded 16201 coarser than day precision and 14507 before the cutoff date of 2012-10-29. Entities with time_happened: 14373443.
Recomputed 137983 entities, 2365 of them discarded for a negative completion age. Entities in the aggregates: 8136388.
2026-09-22 19:23:40.119 INFO Memory usage (end of timestep, peak): 304.46 GiB
2026-09-22 19:23:40.120 INFO Memory usage (end of timestep, current): 187.26 GiB
2026-09-22 19:23:40.120 INFO (Iteration 151) schema_fulfillment_count: real 643.05s | cpu 714.16s
2026-09-22 19:23:40.120 INFO (Iteration 151) time_entity_complete: real 8.81s | cpu 8.81s
2026-09-22 19:23:40.120 INFO (Iteration 151) completeness_currency: real 184.41s | cpu 206.70s
2026-09-22 19:23:40.120 INFO Iteration 151 finished in 883.13s (real) and 972.00s (process)
2026-09-22 19:23:40.120 INFO Start timestep 2025-04-24 00:00:00+00:00 -> 2025-05-24 00:00:00+00:00
2026-09-22 19:25:05.833 INFO DuckDB memory logs:
  database_name database_size  block_size  ...  wal_size  memory_usage  memory_limit
0   postgres_db       6.4 TiB           0  ...   0 bytes      13.1 GiB     267.0 GiB
1        memory       0 bytes           0  ...   0 bytes      13.1 GiB     267.0 GiB

[2 rows x 9 columns]
2026-09-22 19:25:05.834 INFO Loading data (2025-04-24 00:00:00+00:00 -> 2025-05-24 00:00:00+00:00) done in 85.71s (real) and 61.59s (process)
2026-09-22 19:25:05.835 INFO Memory usage (start of timestep, peak): 304.46 GiB
2026-09-22 19:25:05.835 INFO Memory usage (start of timestep, current): 191.52 GiB
2026-09-22 19:25:05.835 INFO Calculating metrics
2026-09-22 19:25:05.835 INFO Calculating metric: schema_fulfillment_count
Warning: (SchemaFulfillmentCount) Unsupported IriStem prefix http://movatwitter.jugem.jp
2026-09-22 19:36:01.476 INFO Calculating metric: time_entity_complete
2026-09-22 19:36:12.041 INFO Calculating metric: completeness_currency
Time happened changes: 163339. Discarded 12586 coarser than day precision and 60330 before the cutoff date of 2012-10-29. Entities with time_happened: 14404877.
Recomputed 325685 entities, 1614 of them discarded for a negative completion age. Entities in the aggregates: 8053370.
2026-09-22 19:39:58.795 INFO Memory usage (end of timestep, peak): 304.46 GiB
2026-09-22 19:39:58.795 INFO Memory usage (end of timestep, current): 190.09 GiB
2026-09-22 19:39:58.795 INFO (Iteration 152) schema_fulfillment_count: real 655.64s | cpu 737.02s
2026-09-22 19:39:58.795 INFO (Iteration 152) time_entity_complete: real 10.55s | cpu 10.55s
2026-09-22 19:39:58.795 INFO (Iteration 152) completeness_currency: real 226.75s | cpu 253.54s
2026-09-22 19:39:58.795 INFO Iteration 152 finished in 978.67s (real) and 1062.71s (process)
2026-09-22 19:39:58.795 INFO Start timestep 2025-05-24 00:00:00+00:00 -> 2025-06-23 00:00:00+00:00
2026-09-22 19:40:30.485 INFO DuckDB memory logs:
  database_name database_size  block_size  ...  wal_size  memory_usage  memory_limit
0   postgres_db       6.4 TiB           0  ...   0 bytes       4.1 GiB     267.0 GiB
1        memory       0 bytes           0  ...   0 bytes       4.1 GiB     267.0 GiB

[2 rows x 9 columns]
2026-09-22 19:40:30.485 INFO Loading data (2025-05-24 00:00:00+00:00 -> 2025-06-23 00:00:00+00:00) done in 31.69s (real) and 22.88s (process)
2026-09-22 19:40:30.485 INFO Memory usage (start of timestep, peak): 304.46 GiB
2026-09-22 19:40:30.485 INFO Memory usage (start of timestep, current): 181.29 GiB
2026-09-22 19:40:30.485 INFO Calculating metrics
2026-09-22 19:40:30.485 INFO Calculating metric: schema_fulfillment_count
2026-09-22 19:49:53.199 INFO Calculating metric: time_entity_complete
2026-09-22 19:49:55.997 INFO Calculating metric: completeness_currency
Time happened changes: 71603. Discarded 5119 coarser than day precision and 31940 before the cutoff date of 2012-10-29. Entities with time_happened: 14414527.
Recomputed 111476 entities, 574 of them discarded for a negative completion age. Entities in the aggregates: 8019814.
2026-09-22 19:53:13.223 INFO Memory usage (end of timestep, peak): 304.46 GiB
2026-09-22 19:53:13.223 INFO Memory usage (end of timestep, current): 182.55 GiB
2026-09-22 19:53:13.223 INFO (Iteration 153) schema_fulfillment_count: real 562.71s | cpu 598.28s
2026-09-22 19:53:13.223 INFO (Iteration 153) time_entity_complete: real 2.78s | cpu 2.78s
2026-09-22 19:53:13.223 INFO (Iteration 153) completeness_currency: real 197.23s | cpu 217.37s
2026-09-22 19:53:13.223 INFO Iteration 153 finished in 794.43s (real) and 841.31s (process)
2026-09-22 19:53:13.224 INFO Start timestep 2025-06-23 00:00:00+00:00 -> 2025-07-23 00:00:00+00:00
2026-09-22 19:53:13.779 INFO DuckDB memory logs:
  database_name database_size  block_size  ...  wal_size  memory_usage  memory_limit
0   postgres_db       6.4 TiB           0  ...   0 bytes       0 bytes     267.0 GiB
1        memory       0 bytes           0  ...   0 bytes       0 bytes     267.0 GiB

[2 rows x 9 columns]
2026-09-22 19:53:13.779 INFO Loading data (2025-06-23 00:00:00+00:00 -> 2025-07-23 00:00:00+00:00) done in 0.56s (real) and 0.38s (process)
2026-09-22 19:53:13.779 INFO Memory usage (start of timestep, peak): 304.46 GiB
2026-09-22 19:53:13.780 INFO Memory usage (start of timestep, current): 179.06 GiB
2026-09-22 19:53:13.780 INFO Calculating metrics
2026-09-22 19:53:13.780 INFO Calculating metric: schema_fulfillment_count
2026-09-22 19:53:14.710 INFO Calculating metric: time_entity_complete
2026-09-22 19:53:14.717 INFO Calculating metric: completeness_currency
Recomputed 0 entities, 0 of them discarded for a negative completion age. Entities in the aggregates: 8019814.
2026-09-22 19:53:15.223 INFO Memory usage (end of timestep, peak): 304.46 GiB
2026-09-22 19:53:15.223 INFO Memory usage (end of timestep, current): 178.21 GiB
2026-09-22 19:53:15.223 INFO (Iteration 154) schema_fulfillment_count: real 0.93s | cpu 0.94s
2026-09-22 19:53:15.223 INFO (Iteration 154) time_entity_complete: real 0.01s | cpu 0.01s
2026-09-22 19:53:15.223 INFO (Iteration 154) completeness_currency: real 0.51s | cpu 0.23s
2026-09-22 19:53:15.223 INFO Iteration 154 finished in 2.00s (real) and 1.56s (process)
2026-09-22 19:53:15.224 INFO Start timestep 2025-07-23 00:00:00+00:00 -> 2025-08-22 00:00:00+00:00
2026-09-22 19:53:15.435 INFO DuckDB memory logs:
  database_name database_size  block_size  ...  wal_size  memory_usage  memory_limit
0   postgres_db       6.4 TiB           0  ...   0 bytes       0 bytes     267.0 GiB
1        memory       0 bytes           0  ...   0 bytes       0 bytes     267.0 GiB

[2 rows x 9 columns]
2026-09-22 19:53:15.435 INFO Loading data (2025-07-23 00:00:00+00:00 -> 2025-08-22 00:00:00+00:00) done in 0.21s (real) and 0.21s (process)
2026-09-22 19:53:15.435 INFO Memory usage (start of timestep, peak): 304.46 GiB
2026-09-22 19:53:15.435 INFO Memory usage (start of timestep, current): 177.74 GiB
2026-09-22 19:53:15.435 INFO Calculating metrics
2026-09-22 19:53:15.435 INFO Calculating metric: schema_fulfillment_count
2026-09-22 19:53:15.512 INFO Calculating metric: time_entity_complete
2026-09-22 19:53:15.513 INFO Calculating metric: completeness_currency
Recomputed 0 entities, 0 of them discarded for a negative completion age. Entities in the aggregates: 8019814.
2026-09-22 19:53:15.937 INFO Memory usage (end of timestep, peak): 304.46 GiB
2026-09-22 19:53:15.937 INFO Memory usage (end of timestep, current): 177.13 GiB
2026-09-22 19:53:15.937 INFO (Iteration 155) schema_fulfillment_count: real 0.08s | cpu 0.03s
2026-09-22 19:53:15.937 INFO (Iteration 155) time_entity_complete: real 0.00s | cpu 0.00s
2026-09-22 19:53:15.937 INFO (Iteration 155) completeness_currency: real 0.42s | cpu 0.16s
2026-09-22 19:53:15.937 INFO Iteration 155 finished in 0.71s (real) and 0.40s (process)
2026-09-22 21:48:10.182 INFO finished
2026-09-22 21:48:10.185 INFO TOTAL time_entity_complete: real 3992.52s | cpu 3992.06s
2026-09-22 21:48:10.185 INFO TOTAL completeness_currency: real 35932.67s | cpu 39443.38s
2026-09-22 21:48:10.185 INFO TOTAL schema_fulfillment_count: real 96430.16s | cpu 107705.10s

--- Metric Name to ID Mapping ---
'subject_constraint_violation_count': 96
'easy_subject_constraint_violation_count': 97
'symmetric_inverse_constraint_violation_count': 98
'subject_constraint_violation_ratio': 99
'easy_subject_constraint_violation_ratio': 100
'symmetric_inverse_violation_ratio': 101
'general_constraint_violation_ratio': 102
'range_constraint_violation_ratio': 103
'currency_per_statement': 104
'currency_per_property': 105
'range_constraint_violation_count': 106
'completeness_currency': 107
'subject_constraint_completeness': 108
'range_constraint_completeness': 109
'range_constraint_violation_count_mandatory': 110
'range_constraint_violation_count_regular': 111
'range_constraint_violation_count_suggestion': 112
'statement_count_property_range_all': 113
'statement_count_property_range_mandatory': 114
'statement_count_property_range_regular': 115
'statement_count_property_range_suggestion': 116
'range_constraint_violation_total_all': 117
'range_constraint_violation_total_mandatory': 118
'range_constraint_violation_total_regular': 119
'range_constraint_violation_total_suggestion': 120
'range_constraint_completeness_mandatory': 121
'range_constraint_completeness_regular': 122
'range_constraint_completeness_suggestion': 123
'range_constraint_violation_ratio_regular': 124
'currency_global': 125
'currency_per_property_exp': 126
'currency_global_exp': 127
'range_constraint_violation_ratio_mandatory': 128
'range_constraint_violation_ratio_suggestion': 129
'reference_counts_per_domain_total_reference_count': 131
'reference_counts_per_domain_tail_count': 132
'reference_counts_per_domain_tail_accounts_for_fraction': 133
'reference_replacements_simple_with_path_discard_edge_heuristic_dominated': 134
'reference_replacements_simple_with_path_discard_edge_heuristic_dominating': 135
'reference_replacements_simple_with_path_discard_edge_heuristic_contested': 136
'reference_replacements_weight_flow_keep_all_edges_dominated': 137
'reference_replacements_weight_flow_keep_all_edges_dominating': 138
'reference_replacements_weight_flow_keep_all_edges_contested': 139
'reference_counts_per_domain': 140
'reference_counts_per_domain_fractions': 141
'reference_replacements_weight_flow_keep_all_edges_domain_classification': 142
'reference_replacements_simple_with_path_discard_edge_heuristic_domain_classification': 143
'entity_count': 66
'description_count': 67
'label_count': 68
'property_count': 69
'statement_count': 70
'subclass_count': 71
'revision_count': 72
'reference_existence_per_statement_count_dict': 73
'reference_existence_per_statement_count_df': 74
'reference_count': 75
'statement_count_property_range': 76
'statement_count_property_subject': 77
'statement_count_property_sym_inv': 78
'Has_descript_label': 79
'avg_properties_per_entity': 80
'avg_statements_per_entity': 81
'reference_completeness_dict': 82
'reference_completeness_df': 83
'subject_constraint_violation_total': 84
'range_constraint_violation_total': 85
'total_statement_count_property': 86
'easy_subject_constraint_violation_total': 87
'symmetric_inverse_violation_total': 88
'schema_property_occurrence': 89
'schema_fulfillment': 90
'schema_fulfillment_optional': 91
'schema_fulfillment_per_schema': 92
'schema_fulfillment_per_schema_optional': 93
'total_constraint_violations': 94
'property_constraint_completeness': 95
'reference_replacements_simple_with_path_discard_edge_heuristic_contracted_mass_total': 144
'reference_replacements_simple_with_path_discard_edge_heuristic_contracted_mass_step': 145
'reference_replacements_weight_flow_keep_all_edges_contracted_mass_total': 146
'reference_replacements_weight_flow_keep_all_edges_contracted_mass_step': 147
'reference_replacements_simple_with_path_discard_edge_heuristic_dis_5pct_dominated': 148
'reference_replacements_simple_with_path_discard_edge_heuristic_dis_5pct_dominating': 149
'reference_replacements_simple_with_path_discard_edge_heuristic_dis_5pct_contested': 150
'reference_replacements_simple_with_path_discard_edge_heuristic_dis_5pct_contracted_mass_total': 151
'reference_replacements_simple_with_path_discard_edge_heuristic_dis_5pct_contracted_mass_step': 152
'reference_replacements_weight_flow_keep_all_edges_dis_5pct_dominated': 153
'reference_replacements_weight_flow_keep_all_edges_dis_5pct_dominating': 154
'reference_replacements_weight_flow_keep_all_edges_dis_5pct_contested': 155
'reference_replacements_weight_flow_keep_all_edges_dis_5pct_contracted_mass_total': 156
'reference_replacements_weight_flow_keep_all_edges_dis_5pct_contracted_mass_step': 157
'reference_replacements_weight_flow_keep_all_edges_dis_5pct_domain_classification': 158
'reference_replacements_simple_with_path_discard_edge_heuristic_dis_5pct_domain_classification': 159
'reference_replacements_simple_with_path_discard_edge_heuristic_dis_5pct_graph_edge_density': 160
'reference_replacements_simple_with_path_discard_edge_heuristic_dis_5pct_graph_average_degree': 161
'reference_replacements_simple_with_path_discard_edge_heuristic_dis_5pct_recycled_mass_total': 162
'reference_replacements_simple_with_path_discard_edge_heuristic_dis_5pct_recycled_mass_step': 163
'reference_replacements_simple_with_path_discard_edge_heuristic_dis_5pct_tombstoned_domains_step': 164
'data_age_at_insertion_scaled_score': 165
'data_age_at_insertion_avg_delay_days': 166
'data_age_at_insertion_late_statement_count': 167
'data_age_at_insertion_too_old_statement_count': 168
'data_age_at_insertion_future_dated_statement_count': 170
'data_age_at_insertion_statement_count': 171
'data_age_at_insertion_future_statement_count': 172
'data_age_at_insertion_statement_average_scaled_score': 173
'reference_replacements_simple_with_path_discard_edge_heuristic_dis_5pct_unclassified': 174
'reference_replacements_simple_with_path_discard_edge_heuristic_dis_5pct_not_in_graph': 175
'reference_replacements_simple_with_path_discard_edge_heuristic_dis_5pct_relevance_weight_cutoff': 176
'reference_replacements_simple_with_path_discard_edge_heuristic_dis_5pct_relevant_edge_fraction': 177
'reference_replacements_simple_with_path_discard_edge_heuristic_dis_5pct_avg_session_size_step': 178
'reference_replacements_simple_with_path_discard_edge_heuristic_dis_5pct_avg_session_size_cumulative': 179
'reference_replacements_simple_with_path_discard_edge_heuristic_dis_5pct_avg_session_references_cumulative': 180
'reference_replacements_simple_with_path_discard_edge_heuristic_dis_5pct_closed_sessions_step': 181
'reference_replacements_simple_with_path_discard_edge_heuristic_dis_5pct_closed_sessions_total': 182
'reference_replacements_simple_with_path_discard_edge_heuristic_dis_5pct_pref_graph_edge_density': 183
'reference_replacements_simple_with_path_discard_edge_heuristic_dis_5pct_pref_graph_average_degree': 184
'reference_replacements_simple_with_path_discard_edge_heuristic_dis_5pct_pref_graph_max_average_degree': 185
'reference_replacements_simple_with_path_discard_edge_heuristic_dis_5pct_live_vertices': 186
'reference_replacements_simple_with_path_discard_edge_heuristic_dis_5pct_tombstoned_vertices': 187
'session_flow_counts_avg_session_size_step': 188
'session_flow_counts_avg_session_size_cumulative': 189
'session_flow_counts_avg_session_references_cumulative': 190
'session_flow_counts_closed_sessions_step': 191
'session_flow_counts_closed_sessions_total': 192
'flow_classification_supermajority_dominated': 193
'flow_classification_supermajority_dominating': 194
'flow_classification_supermajority_contested': 195
'flow_classification_supermajority_unclassified': 196
'flow_classification_supermajority_domain_classification': 197
'preference_graph_vertices': 198
'preference_graph_edges': 199
'preference_graph_new_edges_step': 200
'preference_graph_edge_weight_total': 201
'preference_graph_edge_weight_added_step': 202
'preference_graph_preference_pairs_step': 203
'preference_graph_distinct_pairs_step': 204
'preference_graph_graph_edge_density': 205
'preference_graph_graph_average_degree': 206
'preference_graph_graph_max_average_degree': 207
'preference_graph_snapshots_saved_total': 208
'preference_graph_last_save_seconds': 209
'flow_classification_wilson_dominated': 210
'flow_classification_wilson_dominating': 211
'flow_classification_wilson_contested': 212
'flow_classification_wilson_unclassified': 213
'flow_classification_wilson_active_domains': 214
'flow_classification_wilson_median_deff': 215
'flow_classification_wilson_mass_weighted_mean_deff': 216
'flow_classification_wilson_mass_weighted_mean_p0': 217
'flow_classification_wilson_exposure_raised_bar_domains': 218
'flow_classification_wilson_domain_classification': 219
'completeness_currency_avg_age_years': 220
'completeness_currency_avg_score': 221
'completeness_currency_entity_count': 222
'completeness_currency_avg_age_years_per_class': 223
'completeness_currency_avg_score_per_class': 224
'completeness_currency_entity_count_per_class': 225
-------------------------------------

Run ID: 2560932
