Commit at submit time: e6884f645e3f25d28880c59c138e942c210d74b4
Running from snapshot: /tmp/mp2025-wikiwatch-2514771
Duck DB memory limit: 228.8 GiB
2026-09-06 19:14:07.473 INFO starting
2026-09-06 19:14:07.473 INFO Memory logging: False
2026-09-06 19:14:07.473 INFO Less entities: False
2026-09-06 19:14:07.473 INFO Use cache: False
2026-09-06 19:14:09.672 INFO [preference_graph] snapshot directory: /sc/home/jannes.malanowski/mp2025-wikiwatch-1/preference_graphs
Build metrics
2026-09-06 19:14:09.740 INFO Start timestep 2012-10-29 00:00:00+00:00 -> 2012-11-28 00:00:00+00:00
2026-09-06 19:14:17.405 INFO DuckDB memory logs:
  database_name database_size  block_size  ...  wal_size  memory_usage  memory_limit
0   postgres_db       6.3 TiB           0  ...   0 bytes     558.0 MiB     228.8 GiB
1        memory       0 bytes           0  ...   0 bytes     558.0 MiB     228.8 GiB

[2 rows x 9 columns]
2026-09-06 19:14:17.405 INFO Loading data (2012-10-29 00:00:00+00:00 -> 2012-11-28 00:00:00+00:00) done in 7.67s (real) and 5.12s (process)
2026-09-06 19:14:17.406 INFO Memory usage (start of timestep, peak): 0.69 GiB
2026-09-06 19:14:17.406 INFO Memory usage (start of timestep, current): 0.70 GiB
2026-09-06 19:14:17.406 INFO Calculating metrics
2026-09-06 19:14:17.406 INFO Calculating metric: preference_graph
Found 0 usable reference edits in this timestep.
--- Preference graph ----
Vertices: 0, edges: 0 (+0 this step)
Total edge weight: 0 (+0 this step)
Average degree: 0.00 (max so far 0.00)
Snapshots written so far: 0
2026-09-06 19:14:17.490 INFO [preference_graph.calculate] total=0.08s query=0.03s graph=0.00s write=0.05s edges=0 new_edges=0
2026-09-06 19:14:17.490 INFO Memory usage (end of timestep, peak): 0.70 GiB
2026-09-06 19:14:17.490 INFO Memory usage (end of timestep, current): 0.70 GiB
2026-09-06 19:14:17.490 INFO (Iteration 0) preference_graph: real 0.08s | cpu 0.03s
2026-09-06 19:14:17.491 INFO Iteration 0 finished in 7.75s (real) and 5.15s (process)
2026-09-06 19:14:17.491 INFO Start timestep 2012-11-28 00:00:00+00:00 -> 2012-12-28 00:00:00+00:00
2026-09-06 19:14:37.305 INFO DuckDB memory logs:
  database_name database_size  block_size  ...  wal_size  memory_usage  memory_limit
0   postgres_db       6.3 TiB           0  ...   0 bytes       1.8 GiB     228.8 GiB
1        memory       0 bytes           0  ...   0 bytes       1.8 GiB     228.8 GiB

[2 rows x 9 columns]
2026-09-06 19:14:37.305 INFO Loading data (2012-11-28 00:00:00+00:00 -> 2012-12-28 00:00:00+00:00) done in 19.81s (real) and 16.96s (process)
2026-09-06 19:14:37.305 INFO Memory usage (start of timestep, peak): 2.00 GiB
2026-09-06 19:14:37.305 INFO Memory usage (start of timestep, current): 2.00 GiB
2026-09-06 19:14:37.305 INFO Calculating metrics
2026-09-06 19:14:37.305 INFO Calculating metric: preference_graph
Found 0 usable reference edits in this timestep.
--- Preference graph ----
Vertices: 0, edges: 0 (+0 this step)
Total edge weight: 0 (+0 this step)
Average degree: 0.00 (max so far 0.00)
Snapshots written so far: 0
2026-09-06 19:14:37.358 INFO [preference_graph.calculate] total=0.05s query=0.00s graph=0.00s write=0.05s edges=0 new_edges=0
2026-09-06 19:14:37.358 INFO Memory usage (end of timestep, peak): 2.00 GiB
2026-09-06 19:14:37.359 INFO Memory usage (end of timestep, current): 2.00 GiB
2026-09-06 19:14:37.359 INFO (Iteration 1) preference_graph: real 0.05s | cpu 0.03s
2026-09-06 19:14:37.359 INFO Iteration 1 finished in 19.87s (real) and 16.99s (process)
2026-09-06 19:14:37.359 INFO Start timestep 2012-12-28 00:00:00+00:00 -> 2013-01-27 00:00:00+00:00
2026-09-06 19:14:50.090 INFO DuckDB memory logs:
  database_name database_size  block_size  ...  wal_size  memory_usage  memory_limit
0   postgres_db       6.3 TiB           0  ...   0 bytes       1.1 GiB     228.8 GiB
1        memory       0 bytes           0  ...   0 bytes       1.1 GiB     228.8 GiB

[2 rows x 9 columns]
2026-09-06 19:14:50.090 INFO Loading data (2012-12-28 00:00:00+00:00 -> 2013-01-27 00:00:00+00:00) done in 12.73s (real) and 16.22s (process)
2026-09-06 19:14:50.090 INFO Memory usage (start of timestep, peak): 2.00 GiB
2026-09-06 19:14:50.090 INFO Memory usage (start of timestep, current): 1.31 GiB
2026-09-06 19:14:50.090 INFO Calculating metrics
2026-09-06 19:14:50.090 INFO Calculating metric: preference_graph
Found 0 usable reference edits in this timestep.
--- Preference graph ----
Vertices: 0, edges: 0 (+0 this step)
Total edge weight: 0 (+0 this step)
Average degree: 0.00 (max so far 0.00)
Snapshots written so far: 0
2026-09-06 19:14:50.145 INFO [preference_graph.calculate] total=0.05s query=0.00s graph=0.00s write=0.05s edges=0 new_edges=0
2026-09-06 19:14:50.145 INFO Memory usage (end of timestep, peak): 2.00 GiB
2026-09-06 19:14:50.145 INFO Memory usage (end of timestep, current): 1.31 GiB
2026-09-06 19:14:50.145 INFO (Iteration 2) preference_graph: real 0.05s | cpu 0.02s
2026-09-06 19:14:50.145 INFO Iteration 2 finished in 12.79s (real) and 16.24s (process)
2026-09-06 19:14:50.146 INFO Start timestep 2013-01-27 00:00:00+00:00 -> 2013-02-26 00:00:00+00:00
2026-09-06 19:14:59.798 INFO DuckDB memory logs:
  database_name database_size  block_size  ...  wal_size  memory_usage  memory_limit
0   postgres_db       6.3 TiB           0  ...   0 bytes    1011.7 MiB     228.8 GiB
1        memory       0 bytes           0  ...   0 bytes    1011.7 MiB     228.8 GiB

[2 rows x 9 columns]
2026-09-06 19:14:59.798 INFO Loading data (2013-01-27 00:00:00+00:00 -> 2013-02-26 00:00:00+00:00) done in 9.65s (real) and 7.28s (process)
2026-09-06 19:14:59.798 INFO Memory usage (start of timestep, peak): 2.00 GiB
2026-09-06 19:14:59.798 INFO Memory usage (start of timestep, current): 1.13 GiB
2026-09-06 19:14:59.798 INFO Calculating metrics
2026-09-06 19:14:59.798 INFO Calculating metric: preference_graph
Found 5 prefs in this timestep.
--- Preference graph ----
Vertices: 8, edges: 4 (+4 this step)
Total edge weight: 5 (+5 this step)
Average degree: 1.00 (max so far 1.00)
Snapshots written so far: 0
2026-09-06 19:15:00.083 INFO [preference_graph.calculate] total=0.28s query=0.03s derive=0.02s elicit=0.12s graph=0.05s write=0.05s edges=4 new_edges=4
2026-09-06 19:15:00.083 INFO Memory usage (end of timestep, peak): 2.00 GiB
2026-09-06 19:15:00.083 INFO Memory usage (end of timestep, current): 1.14 GiB
2026-09-06 19:15:00.084 INFO (Iteration 3) preference_graph: real 0.29s | cpu 0.13s
2026-09-06 19:15:00.084 INFO Iteration 3 finished in 9.94s (real) and 7.41s (process)
2026-09-06 19:15:00.084 INFO Start timestep 2013-02-26 00:00:00+00:00 -> 2013-03-28 00:00:00+00:00
2026-09-06 19:15:31.501 INFO DuckDB memory logs:
  database_name database_size  block_size  ...  wal_size  memory_usage  memory_limit
0   postgres_db       6.3 TiB           0  ...   0 bytes       3.2 GiB     228.8 GiB
1        memory       0 bytes           0  ...   0 bytes       3.2 GiB     228.8 GiB

[2 rows x 9 columns]
2026-09-06 19:15:31.501 INFO Loading data (2013-02-26 00:00:00+00:00 -> 2013-03-28 00:00:00+00:00) done in 31.42s (real) and 24.36s (process)
2026-09-06 19:15:31.502 INFO Memory usage (start of timestep, peak): 3.28 GiB
2026-09-06 19:15:31.502 INFO Memory usage (start of timestep, current): 3.28 GiB
2026-09-06 19:15:31.502 INFO Calculating metrics
2026-09-06 19:15:31.502 INFO Calculating metric: preference_graph
Found 25 prefs in this timestep.
--- Preference graph ----
Vertices: 24, edges: 20 (+16 this step)
Total edge weight: 30 (+25 this step)
Average degree: 1.67 (max so far 1.67)
Snapshots written so far: 0
2026-09-06 19:15:46.918 INFO [preference_graph.calculate] total=15.42s query=0.29s derive=1.01s elicit=14.04s graph=0.01s write=0.05s edges=20 new_edges=16
2026-09-06 19:15:46.919 INFO Memory usage (end of timestep, peak): 3.67 GiB
2026-09-06 19:15:46.919 INFO Memory usage (end of timestep, current): 3.63 GiB
2026-09-06 19:15:46.919 INFO (Iteration 4) preference_graph: real 15.42s | cpu 15.67s
2026-09-06 19:15:46.919 INFO Iteration 4 finished in 46.84s (real) and 40.03s (process)
2026-09-06 19:15:46.920 INFO Start timestep 2013-03-28 00:00:00+00:00 -> 2013-04-27 00:00:00+00:00
2026-09-06 19:16:24.597 INFO DuckDB memory logs:
  database_name database_size  block_size  ...  wal_size  memory_usage  memory_limit
0   postgres_db       6.3 TiB           0  ...   0 bytes       4.2 GiB     228.8 GiB
1        memory       0 bytes           0  ...   0 bytes       4.2 GiB     228.8 GiB

[2 rows x 9 columns]
2026-09-06 19:16:24.597 INFO Loading data (2013-03-28 00:00:00+00:00 -> 2013-04-27 00:00:00+00:00) done in 37.68s (real) and 45.42s (process)
2026-09-06 19:16:24.597 INFO Memory usage (start of timestep, peak): 4.44 GiB
2026-09-06 19:16:24.597 INFO Memory usage (start of timestep, current): 4.44 GiB
2026-09-06 19:16:24.597 INFO Calculating metrics
2026-09-06 19:16:24.597 INFO Calculating metric: preference_graph
Found 43 prefs in this timestep.
--- Preference graph ----
Vertices: 43, edges: 45 (+25 this step)
Total edge weight: 73 (+43 this step)
Average degree: 2.09 (max so far 2.09)
Snapshots written so far: 0
2026-09-06 19:17:05.102 INFO [preference_graph.calculate] total=40.50s query=1.06s derive=3.33s elicit=36.02s graph=0.00s write=0.04s edges=45 new_edges=25
2026-09-06 19:17:05.102 INFO Memory usage (end of timestep, peak): 5.91 GiB
2026-09-06 19:17:05.102 INFO Memory usage (end of timestep, current): 5.53 GiB
2026-09-06 19:17:05.103 INFO (Iteration 5) preference_graph: real 40.50s | cpu 41.30s
2026-09-06 19:17:05.103 INFO Iteration 5 finished in 78.18s (real) and 86.72s (process)
2026-09-06 19:17:05.103 INFO Start timestep 2013-04-27 00:00:00+00:00 -> 2013-05-27 00:00:00+00:00
2026-09-06 19:17:48.960 INFO DuckDB memory logs:
  database_name database_size  block_size  ...  wal_size  memory_usage  memory_limit
0   postgres_db       6.3 TiB           0  ...   0 bytes       5.6 GiB     228.8 GiB
1        memory       0 bytes           0  ...   0 bytes       5.6 GiB     228.8 GiB

[2 rows x 9 columns]
2026-09-06 19:17:48.960 INFO Loading data (2013-04-27 00:00:00+00:00 -> 2013-05-27 00:00:00+00:00) done in 43.86s (real) and 31.24s (process)
2026-09-06 19:17:48.960 INFO Memory usage (start of timestep, peak): 5.91 GiB
2026-09-06 19:17:48.960 INFO Memory usage (start of timestep, current): 5.92 GiB
2026-09-06 19:17:48.960 INFO Calculating metrics
2026-09-06 19:17:48.960 INFO Calculating metric: preference_graph
Found 27223 prefs in this timestep.
--- Preference graph ----
Vertices: 98, edges: 129 (+84 this step)
Total edge weight: 27296 (+27223 this step)
Average degree: 2.63 (max so far 2.63)
Snapshots written so far: 0
2026-09-06 19:19:14.748 INFO [preference_graph.calculate] total=85.79s query=1.82s derive=6.32s elicit=77.49s graph=0.01s write=0.05s edges=129 new_edges=84
2026-09-06 19:19:14.748 INFO Memory usage (end of timestep, peak): 8.32 GiB
2026-09-06 19:19:14.749 INFO Memory usage (end of timestep, current): 6.40 GiB
2026-09-06 19:19:14.749 INFO (Iteration 6) preference_graph: real 85.79s | cpu 87.19s
2026-09-06 19:19:14.749 INFO Iteration 6 finished in 129.65s (real) and 118.43s (process)
2026-09-06 19:19:14.750 INFO Start timestep 2013-05-27 00:00:00+00:00 -> 2013-06-26 00:00:00+00:00
2026-09-06 19:19:30.104 INFO DuckDB memory logs:
  database_name database_size  block_size  ...  wal_size  memory_usage  memory_limit
0   postgres_db       6.3 TiB           0  ...   0 bytes       1.9 GiB     228.8 GiB
1        memory       0 bytes           0  ...   0 bytes       1.9 GiB     228.8 GiB

[2 rows x 9 columns]
2026-09-06 19:19:30.104 INFO Loading data (2013-05-27 00:00:00+00:00 -> 2013-06-26 00:00:00+00:00) done in 15.35s (real) and 10.86s (process)
2026-09-06 19:19:30.104 INFO Memory usage (start of timestep, peak): 8.32 GiB
2026-09-06 19:19:30.104 INFO Memory usage (start of timestep, current): 2.68 GiB
2026-09-06 19:19:30.104 INFO Calculating metrics
2026-09-06 19:19:30.105 INFO Calculating metric: preference_graph
Found 756 prefs in this timestep.
--- Preference graph ----
Vertices: 170, edges: 240 (+111 this step)
Total edge weight: 28052 (+756 this step)
Average degree: 2.82 (max so far 2.82)
Snapshots written so far: 0
2026-09-06 19:19:57.615 INFO [preference_graph.calculate] total=27.51s query=0.58s derive=2.38s elicit=24.44s graph=0.00s write=0.05s edges=240 new_edges=111
2026-09-06 19:19:57.615 INFO Memory usage (end of timestep, peak): 8.32 GiB
2026-09-06 19:19:57.615 INFO Memory usage (end of timestep, current): 3.34 GiB
2026-09-06 19:19:57.615 INFO (Iteration 7) preference_graph: real 27.51s | cpu 28.14s
2026-09-06 19:19:57.615 INFO Iteration 7 finished in 42.87s (real) and 38.99s (process)
2026-09-06 19:19:57.616 INFO Start timestep 2013-06-26 00:00:00+00:00 -> 2013-07-26 00:00:00+00:00
2026-09-06 19:20:22.079 INFO DuckDB memory logs:
  database_name database_size  block_size  ...  wal_size  memory_usage  memory_limit
0   postgres_db       6.3 TiB           0  ...   0 bytes       3.2 GiB     228.8 GiB
1        memory       0 bytes           0  ...   0 bytes       3.2 GiB     228.8 GiB

[2 rows x 9 columns]
2026-09-06 19:20:22.079 INFO Loading data (2013-06-26 00:00:00+00:00 -> 2013-07-26 00:00:00+00:00) done in 24.46s (real) and 32.55s (process)
2026-09-06 19:20:22.079 INFO Memory usage (start of timestep, peak): 8.32 GiB
2026-09-06 19:20:22.080 INFO Memory usage (start of timestep, current): 3.68 GiB
2026-09-06 19:20:22.080 INFO Calculating metrics
2026-09-06 19:20:22.080 INFO Calculating metric: preference_graph
Found 25861 prefs in this timestep.
--- Preference graph ----
Vertices: 215, edges: 308 (+68 this step)
Total edge weight: 53913 (+25861 this step)
Average degree: 2.87 (max so far 2.87)
Snapshots written so far: 0
2026-09-06 19:20:51.434 INFO [preference_graph.calculate] total=29.35s query=1.07s derive=3.57s elicit=24.58s graph=0.01s write=0.04s edges=308 new_edges=68
2026-09-06 19:20:51.434 INFO Memory usage (end of timestep, peak): 8.32 GiB
2026-09-06 19:20:51.434 INFO Memory usage (end of timestep, current): 4.95 GiB
2026-09-06 19:20:51.434 INFO (Iteration 8) preference_graph: real 29.35s | cpu 30.29s
2026-09-06 19:20:51.435 INFO Iteration 8 finished in 53.82s (real) and 62.84s (process)
2026-09-06 19:20:51.435 INFO Start timestep 2013-07-26 00:00:00+00:00 -> 2013-08-25 00:00:00+00:00
2026-09-06 19:21:06.003 INFO DuckDB memory logs:
  database_name database_size  block_size  ...  wal_size  memory_usage  memory_limit
0   postgres_db       6.3 TiB           0  ...   0 bytes       1.8 GiB     228.8 GiB
1        memory       0 bytes           0  ...   0 bytes       1.8 GiB     228.8 GiB

[2 rows x 9 columns]
2026-09-06 19:21:06.003 INFO Loading data (2013-07-26 00:00:00+00:00 -> 2013-08-25 00:00:00+00:00) done in 14.57s (real) and 12.90s (process)
2026-09-06 19:21:06.003 INFO Memory usage (start of timestep, peak): 8.32 GiB
2026-09-06 19:21:06.003 INFO Memory usage (start of timestep, current): 2.33 GiB
2026-09-06 19:21:06.003 INFO Calculating metrics
2026-09-06 19:21:06.003 INFO Calculating metric: preference_graph
Found 5323 prefs in this timestep.
--- Preference graph ----
Vertices: 297, edges: 483 (+175 this step)
Total edge weight: 59236 (+5323 this step)
Average degree: 3.25 (max so far 3.25)
Snapshots written so far: 0
2026-09-06 19:21:19.774 INFO [preference_graph.calculate] total=13.77s query=0.37s derive=1.32s elicit=11.98s graph=0.00s write=0.06s edges=483 new_edges=175
2026-09-06 19:21:19.774 INFO Memory usage (end of timestep, peak): 8.32 GiB
2026-09-06 19:21:19.774 INFO Memory usage (end of timestep, current): 2.91 GiB
2026-09-06 19:21:19.775 INFO (Iteration 9) preference_graph: real 13.77s | cpu 14.19s
2026-09-06 19:21:19.775 INFO Iteration 9 finished in 28.34s (real) and 27.08s (process)
2026-09-06 19:21:19.775 INFO Start timestep 2013-08-25 00:00:00+00:00 -> 2013-09-24 00:00:00+00:00
2026-09-06 19:21:36.051 INFO DuckDB memory logs:
  database_name database_size  block_size  ...  wal_size  memory_usage  memory_limit
0   postgres_db       6.3 TiB           0  ...   0 bytes       1.8 GiB     228.8 GiB
1        memory       0 bytes           0  ...   0 bytes       1.8 GiB     228.8 GiB

[2 rows x 9 columns]
2026-09-06 19:21:36.051 INFO Loading data (2013-08-25 00:00:00+00:00 -> 2013-09-24 00:00:00+00:00) done in 16.28s (real) and 11.08s (process)
2026-09-06 19:21:36.051 INFO Memory usage (start of timestep, peak): 8.32 GiB
2026-09-06 19:21:36.051 INFO Memory usage (start of timestep, current): 2.33 GiB
2026-09-06 19:21:36.051 INFO Calculating metrics
2026-09-06 19:21:36.051 INFO Calculating metric: preference_graph
Found 1696 prefs in this timestep.
--- Preference graph ----
Vertices: 362, edges: 579 (+96 this step)
Total edge weight: 60932 (+1696 this step)
Average degree: 3.20 (max so far 3.25)
Snapshots written so far: 0
2026-09-06 19:21:51.837 INFO [preference_graph.calculate] total=15.79s query=0.43s derive=1.61s elicit=13.67s graph=0.00s write=0.05s edges=579 new_edges=96
2026-09-06 19:21:51.837 INFO Memory usage (end of timestep, peak): 8.32 GiB
2026-09-06 19:21:51.837 INFO Memory usage (end of timestep, current): 2.89 GiB
2026-09-06 19:21:51.837 INFO (Iteration 10) preference_graph: real 15.79s | cpu 16.21s
2026-09-06 19:21:51.837 INFO Iteration 10 finished in 32.06s (real) and 27.30s (process)
2026-09-06 19:21:51.838 INFO Start timestep 2013-09-24 00:00:00+00:00 -> 2013-10-24 00:00:00+00:00
2026-09-06 19:22:14.920 INFO DuckDB memory logs:
  database_name database_size  block_size  ...  wal_size  memory_usage  memory_limit
0   postgres_db       6.3 TiB           0  ...   0 bytes       2.9 GiB     228.8 GiB
1        memory       0 bytes           0  ...   0 bytes       2.9 GiB     228.8 GiB

[2 rows x 9 columns]
2026-09-06 19:22:14.920 INFO Loading data (2013-09-24 00:00:00+00:00 -> 2013-10-24 00:00:00+00:00) done in 23.08s (real) and 22.14s (process)
2026-09-06 19:22:14.921 INFO Memory usage (start of timestep, peak): 8.32 GiB
2026-09-06 19:22:14.921 INFO Memory usage (start of timestep, current): 3.42 GiB
2026-09-06 19:22:14.921 INFO Calculating metrics
2026-09-06 19:22:14.921 INFO Calculating metric: preference_graph
Found 41051 prefs in this timestep.
2026-09-06 19:23:01.356 INFO [preference_graph] saved snapshot /sc/home/jannes.malanowski/mp2025-wikiwatch-1/preference_graphs/preference_graph_2013-10-24.{gt.gz,csv.gz} (429 vertices, 676 edges) in 0.07s
--- Preference graph ----
Vertices: 429, edges: 676 (+97 this step)
Total edge weight: 101983 (+41051 this step)
Average degree: 3.15 (max so far 3.25)
Snapshots written so far: 1
2026-09-06 19:23:01.412 INFO [preference_graph.calculate] total=46.49s query=1.14s derive=3.62s elicit=41.53s graph=0.01s save=0.07s write=0.06s edges=676 new_edges=97
2026-09-06 19:23:01.412 INFO Memory usage (end of timestep, peak): 8.32 GiB
2026-09-06 19:23:01.412 INFO Memory usage (end of timestep, current): 4.83 GiB
2026-09-06 19:23:01.413 INFO (Iteration 11) preference_graph: real 46.49s | cpu 47.35s
2026-09-06 19:23:01.413 INFO Iteration 11 finished in 69.57s (real) and 69.50s (process)
2026-09-06 19:23:01.413 INFO Start timestep 2013-10-24 00:00:00+00:00 -> 2013-11-23 00:00:00+00:00
2026-09-06 19:23:23.379 INFO DuckDB memory logs:
  database_name database_size  block_size  ...  wal_size  memory_usage  memory_limit
0   postgres_db       6.3 TiB           0  ...   0 bytes       2.6 GiB     228.8 GiB
1        memory       0 bytes           0  ...   0 bytes       2.6 GiB     228.8 GiB

[2 rows x 9 columns]
2026-09-06 19:23:23.379 INFO Loading data (2013-10-24 00:00:00+00:00 -> 2013-11-23 00:00:00+00:00) done in 21.97s (real) and 15.36s (process)
2026-09-06 19:23:23.379 INFO Memory usage (start of timestep, peak): 8.32 GiB
2026-09-06 19:23:23.379 INFO Memory usage (start of timestep, current): 3.31 GiB
2026-09-06 19:23:23.379 INFO Calculating metrics
2026-09-06 19:23:23.379 INFO Calculating metric: preference_graph
Found 36367 prefs in this timestep.
--- Preference graph ----
Vertices: 548, edges: 873 (+197 this step)
Total edge weight: 138350 (+36367 this step)
Average degree: 3.19 (max so far 3.25)
Snapshots written so far: 1
2026-09-06 19:24:00.388 INFO [preference_graph.calculate] total=37.01s query=0.85s derive=2.91s elicit=33.13s graph=0.01s write=0.05s edges=873 new_edges=197
2026-09-06 19:24:00.389 INFO Memory usage (end of timestep, peak): 8.32 GiB
2026-09-06 19:24:00.389 INFO Memory usage (end of timestep, current): 4.41 GiB
2026-09-06 19:24:00.389 INFO (Iteration 12) preference_graph: real 37.01s | cpu 37.78s
2026-09-06 19:24:00.389 INFO Iteration 12 finished in 58.98s (real) and 53.14s (process)
2026-09-06 19:24:00.390 INFO Start timestep 2013-11-23 00:00:00+00:00 -> 2013-12-23 00:00:00+00:00
2026-09-06 19:24:27.260 INFO DuckDB memory logs:
  database_name database_size  block_size  ...  wal_size  memory_usage  memory_limit
0   postgres_db       6.3 TiB           0  ...   0 bytes       3.1 GiB     228.8 GiB
1        memory       0 bytes           0  ...   0 bytes       3.1 GiB     228.8 GiB

[2 rows x 9 columns]
2026-09-06 19:24:27.260 INFO Loading data (2013-11-23 00:00:00+00:00 -> 2013-12-23 00:00:00+00:00) done in 26.87s (real) and 18.69s (process)
2026-09-06 19:24:27.260 INFO Memory usage (start of timestep, peak): 8.32 GiB
2026-09-06 19:24:27.260 INFO Memory usage (start of timestep, current): 3.74 GiB
2026-09-06 19:24:27.260 INFO Calculating metrics
2026-09-06 19:24:27.260 INFO Calculating metric: preference_graph
Found 928 prefs in this timestep.
--- Preference graph ----
Vertices: 696, edges: 1128 (+255 this step)
Total edge weight: 139278 (+928 this step)
Average degree: 3.24 (max so far 3.25)
Snapshots written so far: 1
2026-09-06 19:25:00.632 INFO [preference_graph.calculate] total=33.37s query=1.01s derive=2.70s elicit=29.53s graph=0.00s write=0.05s edges=1128 new_edges=255
2026-09-06 19:25:00.632 INFO Memory usage (end of timestep, peak): 8.32 GiB
2026-09-06 19:25:00.633 INFO Memory usage (end of timestep, current): 4.60 GiB
2026-09-06 19:25:00.633 INFO (Iteration 13) preference_graph: real 33.37s | cpu 34.38s
2026-09-06 19:25:00.633 INFO Iteration 13 finished in 60.24s (real) and 53.06s (process)
2026-09-06 19:25:00.633 INFO Start timestep 2013-12-23 00:00:00+00:00 -> 2014-01-22 00:00:00+00:00
2026-09-06 19:25:25.707 INFO DuckDB memory logs:
  database_name database_size  block_size  ...  wal_size  memory_usage  memory_limit
0   postgres_db       6.3 TiB           0  ...   0 bytes       3.0 GiB     228.8 GiB
1        memory       0 bytes           0  ...   0 bytes       3.0 GiB     228.8 GiB

[2 rows x 9 columns]
2026-09-06 19:25:25.707 INFO Loading data (2013-12-23 00:00:00+00:00 -> 2014-01-22 00:00:00+00:00) done in 25.07s (real) and 22.51s (process)
2026-09-06 19:25:25.707 INFO Memory usage (start of timestep, peak): 8.32 GiB
2026-09-06 19:25:25.707 INFO Memory usage (start of timestep, current): 3.62 GiB
2026-09-06 19:25:25.707 INFO Calculating metrics
2026-09-06 19:25:25.707 INFO Calculating metric: preference_graph
Found 41694 prefs in this timestep.
--- Preference graph ----
Vertices: 778, edges: 1241 (+113 this step)
Total edge weight: 180972 (+41694 this step)
Average degree: 3.19 (max so far 3.25)
Snapshots written so far: 1
2026-09-06 19:25:53.838 INFO [preference_graph.calculate] total=28.13s query=0.98s derive=2.62s elicit=24.41s graph=0.01s write=0.06s edges=1241 new_edges=113
2026-09-06 19:25:53.838 INFO Memory usage (end of timestep, peak): 8.32 GiB
2026-09-06 19:25:53.838 INFO Memory usage (end of timestep, current): 4.67 GiB
2026-09-06 19:25:53.838 INFO (Iteration 14) preference_graph: real 28.13s | cpu 29.07s
2026-09-06 19:25:53.838 INFO Iteration 14 finished in 53.20s (real) and 51.59s (process)
2026-09-06 19:25:53.839 INFO Start timestep 2014-01-22 00:00:00+00:00 -> 2014-02-21 00:00:00+00:00
2026-09-06 19:26:19.121 INFO DuckDB memory logs:
  database_name database_size  block_size  ...  wal_size  memory_usage  memory_limit
0   postgres_db       6.3 TiB           0  ...   0 bytes       2.8 GiB     228.8 GiB
1        memory       0 bytes           0  ...   0 bytes       2.8 GiB     228.8 GiB

[2 rows x 9 columns]
2026-09-06 19:26:19.121 INFO Loading data (2014-01-22 00:00:00+00:00 -> 2014-02-21 00:00:00+00:00) done in 25.28s (real) and 16.23s (process)
2026-09-06 19:26:19.121 INFO Memory usage (start of timestep, peak): 8.32 GiB
2026-09-06 19:26:19.121 INFO Memory usage (start of timestep, current): 3.51 GiB
2026-09-06 19:26:19.121 INFO Calculating metrics
2026-09-06 19:26:19.121 INFO Calculating metric: preference_graph
Found 1311 prefs in this timestep.
--- Preference graph ----
Vertices: 1238, edges: 1776 (+535 this step)
Total edge weight: 182283 (+1311 this step)
Average degree: 2.87 (max so far 3.25)
Snapshots written so far: 1
2026-09-06 19:26:54.026 INFO [preference_graph.calculate] total=34.90s query=0.95s derive=3.03s elicit=30.81s graph=0.01s write=0.05s edges=1776 new_edges=535
2026-09-06 19:26:54.026 INFO Memory usage (end of timestep, peak): 8.32 GiB
2026-09-06 19:26:54.026 INFO Memory usage (end of timestep, current): 4.55 GiB
2026-09-06 19:26:54.026 INFO (Iteration 15) preference_graph: real 34.90s | cpu 35.76s
2026-09-06 19:26:54.026 INFO Iteration 15 finished in 60.19s (real) and 51.99s (process)
2026-09-06 19:26:54.027 INFO Start timestep 2014-02-21 00:00:00+00:00 -> 2014-03-23 00:00:00+00:00
2026-09-06 19:27:17.444 INFO DuckDB memory logs:
  database_name database_size  block_size  ...  wal_size  memory_usage  memory_limit
0   postgres_db       6.3 TiB           0  ...   0 bytes       3.2 GiB     228.8 GiB
1        memory       0 bytes           0  ...   0 bytes       3.2 GiB     228.8 GiB

[2 rows x 9 columns]
2026-09-06 19:27:17.444 INFO Loading data (2014-02-21 00:00:00+00:00 -> 2014-03-23 00:00:00+00:00) done in 23.42s (real) and 21.74s (process)
2026-09-06 19:27:17.444 INFO Memory usage (start of timestep, peak): 8.32 GiB
2026-09-06 19:27:17.445 INFO Memory usage (start of timestep, current): 3.88 GiB
2026-09-06 19:27:17.445 INFO Calculating metrics
2026-09-06 19:27:17.445 INFO Calculating metric: preference_graph
Found 858 prefs in this timestep.
--- Preference graph ----
Vertices: 1391, edges: 1996 (+220 this step)
Total edge weight: 183141 (+858 this step)
Average degree: 2.87 (max so far 3.25)
Snapshots written so far: 1
2026-09-06 19:27:54.362 INFO [preference_graph.calculate] total=36.92s query=1.17s derive=3.40s elicit=32.25s graph=0.01s write=0.05s edges=1996 new_edges=220
2026-09-06 19:27:54.362 INFO Memory usage (end of timestep, peak): 8.32 GiB
2026-09-06 19:27:54.362 INFO Memory usage (end of timestep, current): 5.23 GiB
2026-09-06 19:27:54.362 INFO (Iteration 16) preference_graph: real 36.92s | cpu 38.09s
2026-09-06 19:27:54.362 INFO Iteration 16 finished in 60.34s (real) and 59.84s (process)
2026-09-06 19:27:54.363 INFO Start timestep 2014-03-23 00:00:00+00:00 -> 2014-04-22 00:00:00+00:00
2026-09-06 19:28:14.303 INFO DuckDB memory logs:
  database_name database_size  block_size  ...  wal_size  memory_usage  memory_limit
0   postgres_db       6.3 TiB           0  ...   0 bytes       2.1 GiB     228.8 GiB
1        memory       0 bytes           0  ...   0 bytes       2.1 GiB     228.8 GiB

[2 rows x 9 columns]
2026-09-06 19:28:14.303 INFO Loading data (2014-03-23 00:00:00+00:00 -> 2014-04-22 00:00:00+00:00) done in 19.94s (real) and 21.14s (process)
2026-09-06 19:28:14.303 INFO Memory usage (start of timestep, peak): 8.32 GiB
2026-09-06 19:28:14.303 INFO Memory usage (start of timestep, current): 3.04 GiB
2026-09-06 19:28:14.303 INFO Calculating metrics
2026-09-06 19:28:14.303 INFO Calculating metric: preference_graph
Found 472 prefs in this timestep.
--- Preference graph ----
Vertices: 1505, edges: 2161 (+165 this step)
Total edge weight: 183613 (+472 this step)
Average degree: 2.87 (max so far 3.25)
Snapshots written so far: 1
2026-09-06 19:28:31.416 INFO [preference_graph.calculate] total=17.11s query=0.65s derive=1.57s elicit=14.81s graph=0.01s write=0.05s edges=2161 new_edges=165
2026-09-06 19:28:31.416 INFO Memory usage (end of timestep, peak): 8.32 GiB
2026-09-06 19:28:31.417 INFO Memory usage (end of timestep, current): 3.43 GiB
2026-09-06 19:28:31.417 INFO (Iteration 17) preference_graph: real 17.11s | cpu 17.90s
2026-09-06 19:28:31.417 INFO Iteration 17 finished in 37.05s (real) and 39.04s (process)
2026-09-06 19:28:31.417 INFO Start timestep 2014-04-22 00:00:00+00:00 -> 2014-05-22 00:00:00+00:00
2026-09-06 19:29:07.090 INFO DuckDB memory logs:
  database_name database_size  block_size  ...  wal_size  memory_usage  memory_limit
0   postgres_db       6.3 TiB           0  ...   0 bytes       4.3 GiB     228.8 GiB
1        memory       0 bytes           0  ...   0 bytes       4.3 GiB     228.8 GiB

[2 rows x 9 columns]
2026-09-06 19:29:07.090 INFO Loading data (2014-04-22 00:00:00+00:00 -> 2014-05-22 00:00:00+00:00) done in 35.67s (real) and 33.23s (process)
2026-09-06 19:29:07.090 INFO Memory usage (start of timestep, peak): 8.32 GiB
2026-09-06 19:29:07.090 INFO Memory usage (start of timestep, current): 4.87 GiB
2026-09-06 19:29:07.090 INFO Calculating metrics
2026-09-06 19:29:07.090 INFO Calculating metric: preference_graph
Found 421 prefs in this timestep.
--- Preference graph ----
Vertices: 1598, edges: 2318 (+157 this step)
Total edge weight: 184034 (+421 this step)
Average degree: 2.90 (max so far 3.25)
Snapshots written so far: 1
2026-09-06 19:29:47.538 INFO [preference_graph.calculate] total=40.45s query=1.35s derive=4.26s elicit=34.70s graph=0.01s write=0.05s edges=2318 new_edges=157
2026-09-06 19:29:47.539 INFO Memory usage (end of timestep, peak): 8.32 GiB
2026-09-06 19:29:47.539 INFO Memory usage (end of timestep, current): 6.27 GiB
2026-09-06 19:29:47.539 INFO (Iteration 18) preference_graph: real 40.45s | cpu 41.84s
2026-09-06 19:29:47.539 INFO Iteration 18 finished in 76.12s (real) and 75.07s (process)
2026-09-06 19:29:47.540 INFO Start timestep 2014-05-22 00:00:00+00:00 -> 2014-06-21 00:00:00+00:00
2026-09-06 19:30:08.393 INFO DuckDB memory logs:
  database_name database_size  block_size  ...  wal_size  memory_usage  memory_limit
0   postgres_db       6.3 TiB           0  ...   0 bytes       2.7 GiB     228.8 GiB
1        memory       0 bytes           0  ...   0 bytes       2.7 GiB     228.8 GiB

[2 rows x 9 columns]
2026-09-06 19:30:08.393 INFO Loading data (2014-05-22 00:00:00+00:00 -> 2014-06-21 00:00:00+00:00) done in 20.85s (real) and 23.46s (process)
2026-09-06 19:30:08.393 INFO Memory usage (start of timestep, peak): 8.32 GiB
2026-09-06 19:30:08.393 INFO Memory usage (start of timestep, current): 3.48 GiB
2026-09-06 19:30:08.393 INFO Calculating metrics
2026-09-06 19:30:08.394 INFO Calculating metric: preference_graph
Found 601 prefs in this timestep.
--- Preference graph ----
Vertices: 1687, edges: 2451 (+133 this step)
Total edge weight: 184635 (+601 this step)
Average degree: 2.91 (max so far 3.25)
Snapshots written so far: 1
2026-09-06 19:30:19.117 INFO [preference_graph.calculate] total=10.72s query=0.32s derive=1.16s elicit=9.16s graph=0.00s write=0.05s edges=2451 new_edges=133
2026-09-06 19:30:19.117 INFO Memory usage (end of timestep, peak): 8.32 GiB
2026-09-06 19:30:19.118 INFO Memory usage (end of timestep, current): 3.84 GiB
2026-09-06 19:30:19.118 INFO (Iteration 19) preference_graph: real 10.72s | cpu 11.12s
2026-09-06 19:30:19.118 INFO Iteration 19 finished in 31.58s (real) and 34.58s (process)
2026-09-06 19:30:19.118 INFO Start timestep 2014-06-21 00:00:00+00:00 -> 2014-07-21 00:00:00+00:00
2026-09-06 19:30:36.770 INFO DuckDB memory logs:
  database_name database_size  block_size  ...  wal_size  memory_usage  memory_limit
0   postgres_db       6.3 TiB           0  ...   0 bytes       2.2 GiB     228.8 GiB
1        memory       0 bytes           0  ...   0 bytes       2.2 GiB     228.8 GiB

[2 rows x 9 columns]
2026-09-06 19:30:36.770 INFO Loading data (2014-06-21 00:00:00+00:00 -> 2014-07-21 00:00:00+00:00) done in 17.65s (real) and 12.44s (process)
2026-09-06 19:30:36.770 INFO Memory usage (start of timestep, peak): 8.32 GiB
2026-09-06 19:30:36.770 INFO Memory usage (start of timestep, current): 2.86 GiB
2026-09-06 19:30:36.770 INFO Calculating metrics
2026-09-06 19:30:36.770 INFO Calculating metric: preference_graph
Found 68753 prefs in this timestep.
--- Preference graph ----
Vertices: 1805, edges: 2628 (+177 this step)
Total edge weight: 253388 (+68753 this step)
Average degree: 2.91 (max so far 3.25)
Snapshots written so far: 1
2026-09-06 19:30:46.572 INFO [preference_graph.calculate] total=9.80s query=0.46s derive=1.24s elicit=8.01s graph=0.02s write=0.05s edges=2628 new_edges=177
2026-09-06 19:30:46.573 INFO Memory usage (end of timestep, peak): 8.32 GiB
2026-09-06 19:30:46.573 INFO Memory usage (end of timestep, current): 3.24 GiB
2026-09-06 19:30:46.573 INFO (Iteration 20) preference_graph: real 9.80s | cpu 10.37s
2026-09-06 19:30:46.573 INFO Iteration 20 finished in 27.45s (real) and 22.80s (process)
2026-09-06 19:30:46.574 INFO Start timestep 2014-07-21 00:00:00+00:00 -> 2014-08-20 00:00:00+00:00
2026-09-06 19:31:06.672 INFO DuckDB memory logs:
  database_name database_size  block_size  ...  wal_size  memory_usage  memory_limit
0   postgres_db       6.3 TiB           0  ...   0 bytes       1.9 GiB     228.8 GiB
1        memory       0 bytes           0  ...   0 bytes       1.9 GiB     228.8 GiB

[2 rows x 9 columns]
2026-09-06 19:31:06.672 INFO Loading data (2014-07-21 00:00:00+00:00 -> 2014-08-20 00:00:00+00:00) done in 20.10s (real) and 12.30s (process)
2026-09-06 19:31:06.672 INFO Memory usage (start of timestep, peak): 8.32 GiB
2026-09-06 19:31:06.672 INFO Memory usage (start of timestep, current): 2.47 GiB
2026-09-06 19:31:06.672 INFO Calculating metrics
2026-09-06 19:31:06.672 INFO Calculating metric: preference_graph
Found 2842 prefs in this timestep.
--- Preference graph ----
Vertices: 1929, edges: 2839 (+211 this step)
Total edge weight: 256230 (+2842 this step)
Average degree: 2.94 (max so far 3.25)
Snapshots written so far: 1
2026-09-06 19:31:21.670 INFO [preference_graph.calculate] total=15.00s query=0.31s derive=1.19s elicit=13.43s graph=0.01s write=0.05s edges=2839 new_edges=211
2026-09-06 19:31:21.670 INFO Memory usage (end of timestep, peak): 8.32 GiB
2026-09-06 19:31:21.670 INFO Memory usage (end of timestep, current): 3.04 GiB
2026-09-06 19:31:21.670 INFO (Iteration 21) preference_graph: real 15.00s | cpu 15.38s
2026-09-06 19:31:21.670 INFO Iteration 21 finished in 35.10s (real) and 27.68s (process)
2026-09-06 19:31:21.671 INFO Start timestep 2014-08-20 00:00:00+00:00 -> 2014-09-19 00:00:00+00:00
2026-09-06 19:31:37.505 INFO DuckDB memory logs:
  database_name database_size  block_size  ...  wal_size  memory_usage  memory_limit
0   postgres_db       6.3 TiB           0  ...   0 bytes       2.1 GiB     228.8 GiB
1        memory       0 bytes           0  ...   0 bytes       2.1 GiB     228.8 GiB

[2 rows x 9 columns]
2026-09-06 19:31:37.505 INFO Loading data (2014-08-20 00:00:00+00:00 -> 2014-09-19 00:00:00+00:00) done in 15.83s (real) and 11.11s (process)
2026-09-06 19:31:37.505 INFO Memory usage (start of timestep, peak): 8.32 GiB
2026-09-06 19:31:37.505 INFO Memory usage (start of timestep, current): 2.73 GiB
2026-09-06 19:31:37.505 INFO Calculating metrics
2026-09-06 19:31:37.505 INFO Calculating metric: preference_graph
Found 951 prefs in this timestep.
--- Preference graph ----
Vertices: 2060, edges: 3023 (+184 this step)
Total edge weight: 257181 (+951 this step)
Average degree: 2.93 (max so far 3.25)
Snapshots written so far: 1
2026-09-06 19:31:51.036 INFO [preference_graph.calculate] total=13.53s query=0.40s derive=1.37s elicit=11.68s graph=0.01s write=0.06s edges=3023 new_edges=184
2026-09-06 19:31:51.036 INFO Memory usage (end of timestep, peak): 8.32 GiB
2026-09-06 19:31:51.036 INFO Memory usage (end of timestep, current): 3.29 GiB
2026-09-06 19:31:51.036 INFO (Iteration 22) preference_graph: real 13.53s | cpu 13.96s
2026-09-06 19:31:51.036 INFO Iteration 22 finished in 29.37s (real) and 25.07s (process)
2026-09-06 19:31:51.037 INFO Start timestep 2014-09-19 00:00:00+00:00 -> 2014-10-19 00:00:00+00:00
2026-09-06 19:32:10.892 INFO DuckDB memory logs:
  database_name database_size  block_size  ...  wal_size  memory_usage  memory_limit
0   postgres_db       6.3 TiB           0  ...   0 bytes       2.5 GiB     228.8 GiB
1        memory       0 bytes           0  ...   0 bytes       2.5 GiB     228.8 GiB

[2 rows x 9 columns]
2026-09-06 19:32:10.892 INFO Loading data (2014-09-19 00:00:00+00:00 -> 2014-10-19 00:00:00+00:00) done in 19.85s (real) and 14.71s (process)
2026-09-06 19:32:10.892 INFO Memory usage (start of timestep, peak): 8.32 GiB
2026-09-06 19:32:10.892 INFO Memory usage (start of timestep, current): 3.12 GiB
2026-09-06 19:32:10.892 INFO Calculating metrics
2026-09-06 19:32:10.892 INFO Calculating metric: preference_graph
Found 67492 prefs in this timestep.
2026-09-06 19:32:29.320 INFO [preference_graph] saved snapshot /sc/home/jannes.malanowski/mp2025-wikiwatch-1/preference_graphs/preference_graph_2014-10-19.{gt.gz,csv.gz} (2157 vertices, 3176 edges) in 0.06s
--- Preference graph ----
Vertices: 2157, edges: 3176 (+153 this step)
Total edge weight: 324673 (+67492 this step)
Average degree: 2.94 (max so far 3.25)
Snapshots written so far: 2
2026-09-06 19:32:29.376 INFO [preference_graph.calculate] total=18.48s query=0.56s derive=2.04s elicit=15.72s graph=0.02s save=0.06s write=0.06s edges=3176 new_edges=153
2026-09-06 19:32:29.376 INFO Memory usage (end of timestep, peak): 8.32 GiB
2026-09-06 19:32:29.376 INFO Memory usage (end of timestep, current): 3.78 GiB
2026-09-06 19:32:29.376 INFO (Iteration 23) preference_graph: real 18.48s | cpu 19.14s
2026-09-06 19:32:29.377 INFO Iteration 23 finished in 38.34s (real) and 33.85s (process)
2026-09-06 19:32:29.377 INFO Start timestep 2014-10-19 00:00:00+00:00 -> 2014-11-18 00:00:00+00:00
2026-09-06 19:32:54.833 INFO DuckDB memory logs:
  database_name database_size  block_size  ...  wal_size  memory_usage  memory_limit
0   postgres_db       6.3 TiB           0  ...   0 bytes       3.6 GiB     228.8 GiB
1        memory       0 bytes           0  ...   0 bytes       3.6 GiB     228.8 GiB

[2 rows x 9 columns]
2026-09-06 19:32:54.833 INFO Loading data (2014-10-19 00:00:00+00:00 -> 2014-11-18 00:00:00+00:00) done in 25.46s (real) and 18.11s (process)
2026-09-06 19:32:54.833 INFO Memory usage (start of timestep, peak): 8.32 GiB
2026-09-06 19:32:54.834 INFO Memory usage (start of timestep, current): 4.11 GiB
2026-09-06 19:32:54.834 INFO Calculating metrics
2026-09-06 19:32:54.834 INFO Calculating metric: preference_graph
Found 117485 prefs in this timestep.
--- Preference graph ----
Vertices: 2257, edges: 3311 (+135 this step)
Total edge weight: 442158 (+117485 this step)
Average degree: 2.93 (max so far 3.25)
Snapshots written so far: 2
2026-09-06 19:33:29.155 INFO [preference_graph.calculate] total=34.32s query=1.52s derive=4.38s elicit=28.24s graph=0.03s write=0.07s edges=3311 new_edges=135
2026-09-06 19:33:29.155 INFO Memory usage (end of timestep, peak): 8.32 GiB
2026-09-06 19:33:29.155 INFO Memory usage (end of timestep, current): 5.45 GiB
2026-09-06 19:33:29.156 INFO (Iteration 24) preference_graph: real 34.32s | cpu 35.85s
2026-09-06 19:33:29.156 INFO Iteration 24 finished in 59.78s (real) and 53.97s (process)
2026-09-06 19:33:29.156 INFO Start timestep 2014-11-18 00:00:00+00:00 -> 2014-12-18 00:00:00+00:00
2026-09-06 19:33:46.122 INFO DuckDB memory logs:
  database_name database_size  block_size  ...  wal_size  memory_usage  memory_limit
0   postgres_db       6.3 TiB           0  ...   0 bytes       2.2 GiB     228.8 GiB
1        memory       0 bytes           0  ...   0 bytes       2.2 GiB     228.8 GiB

[2 rows x 9 columns]
2026-09-06 19:33:46.122 INFO Loading data (2014-11-18 00:00:00+00:00 -> 2014-12-18 00:00:00+00:00) done in 16.97s (real) and 16.34s (process)
2026-09-06 19:33:46.122 INFO Memory usage (start of timestep, peak): 8.32 GiB
2026-09-06 19:33:46.122 INFO Memory usage (start of timestep, current): 2.85 GiB
2026-09-06 19:33:46.122 INFO Calculating metrics
2026-09-06 19:33:46.122 INFO Calculating metric: preference_graph
Found 33012 prefs in this timestep.
--- Preference graph ----
Vertices: 2354, edges: 3456 (+145 this step)
Total edge weight: 475170 (+33012 this step)
Average degree: 2.94 (max so far 3.25)
Snapshots written so far: 2
2026-09-06 19:34:05.045 INFO [preference_graph.calculate] total=18.92s query=0.55s derive=1.60s elicit=16.69s graph=0.01s write=0.05s edges=3456 new_edges=145
2026-09-06 19:34:05.046 INFO Memory usage (end of timestep, peak): 8.32 GiB
2026-09-06 19:34:05.046 INFO Memory usage (end of timestep, current): 3.42 GiB
2026-09-06 19:34:05.046 INFO (Iteration 25) preference_graph: real 18.92s | cpu 19.61s
2026-09-06 19:34:05.046 INFO Iteration 25 finished in 35.89s (real) and 35.95s (process)
2026-09-06 19:34:05.047 INFO Start timestep 2014-12-18 00:00:00+00:00 -> 2015-01-17 00:00:00+00:00
2026-09-06 19:34:19.569 INFO DuckDB memory logs:
  database_name database_size  block_size  ...  wal_size  memory_usage  memory_limit
0   postgres_db       6.3 TiB           0  ...   0 bytes       2.0 GiB     228.8 GiB
1        memory       0 bytes           0  ...   0 bytes       2.0 GiB     228.8 GiB

[2 rows x 9 columns]
2026-09-06 19:34:19.570 INFO Loading data (2014-12-18 00:00:00+00:00 -> 2015-01-17 00:00:00+00:00) done in 14.52s (real) and 10.32s (process)
2026-09-06 19:34:19.570 INFO Memory usage (start of timestep, peak): 8.32 GiB
2026-09-06 19:34:19.570 INFO Memory usage (start of timestep, current): 2.60 GiB
2026-09-06 19:34:19.570 INFO Calculating metrics
2026-09-06 19:34:19.570 INFO Calculating metric: preference_graph
Found 70731 prefs in this timestep.
--- Preference graph ----
Vertices: 2471, edges: 3701 (+245 this step)
Total edge weight: 545901 (+70731 this step)
Average degree: 3.00 (max so far 3.25)
Snapshots written so far: 2
2026-09-06 19:34:36.550 INFO [preference_graph.calculate] total=16.98s query=0.64s derive=2.56s elicit=13.67s graph=0.02s write=0.05s edges=3701 new_edges=245
2026-09-06 19:34:36.551 INFO Memory usage (end of timestep, peak): 8.32 GiB
2026-09-06 19:34:36.551 INFO Memory usage (end of timestep, current): 3.33 GiB
2026-09-06 19:34:36.551 INFO (Iteration 26) preference_graph: real 16.98s | cpu 17.71s
2026-09-06 19:34:36.551 INFO Iteration 26 finished in 31.50s (real) and 28.03s (process)
2026-09-06 19:34:36.552 INFO Start timestep 2015-01-17 00:00:00+00:00 -> 2015-02-16 00:00:00+00:00
2026-09-06 19:35:00.283 INFO DuckDB memory logs:
  database_name database_size  block_size  ...  wal_size  memory_usage  memory_limit
0   postgres_db       6.3 TiB           0  ...   0 bytes       3.0 GiB     228.8 GiB
1        memory       0 bytes           0  ...   0 bytes       3.0 GiB     228.8 GiB

[2 rows x 9 columns]
2026-09-06 19:35:00.283 INFO Loading data (2015-01-17 00:00:00+00:00 -> 2015-02-16 00:00:00+00:00) done in 23.73s (real) and 23.81s (process)
2026-09-06 19:35:00.283 INFO Memory usage (start of timestep, peak): 8.32 GiB
2026-09-06 19:35:00.283 INFO Memory usage (start of timestep, current): 3.65 GiB
2026-09-06 19:35:00.283 INFO Calculating metrics
2026-09-06 19:35:00.283 INFO Calculating metric: preference_graph
Found 128949 prefs in this timestep.
--- Preference graph ----
Vertices: 2601, edges: 3939 (+238 this step)
Total edge weight: 674850 (+128949 this step)
Average degree: 3.03 (max so far 3.25)
Snapshots written so far: 2
2026-09-06 19:35:21.829 INFO [preference_graph.calculate] total=21.55s query=0.84s derive=2.62s elicit=17.95s graph=0.04s write=0.05s edges=3939 new_edges=238
2026-09-06 19:35:21.829 INFO Memory usage (end of timestep, peak): 8.32 GiB
2026-09-06 19:35:21.829 INFO Memory usage (end of timestep, current): 4.45 GiB
2026-09-06 19:35:21.831 INFO (Iteration 27) preference_graph: real 21.55s | cpu 22.36s
2026-09-06 19:35:21.831 INFO Iteration 27 finished in 45.28s (real) and 46.17s (process)
2026-09-06 19:35:21.831 INFO Start timestep 2015-02-16 00:00:00+00:00 -> 2015-03-18 00:00:00+00:00
2026-09-06 19:35:43.933 INFO DuckDB memory logs:
  database_name database_size  block_size  ...  wal_size  memory_usage  memory_limit
0   postgres_db       6.3 TiB           0  ...   0 bytes       2.7 GiB     228.8 GiB
1        memory       0 bytes           0  ...   0 bytes       2.7 GiB     228.8 GiB

[2 rows x 9 columns]
2026-09-06 19:35:43.933 INFO Loading data (2015-02-16 00:00:00+00:00 -> 2015-03-18 00:00:00+00:00) done in 22.10s (real) and 16.56s (process)
2026-09-06 19:35:43.933 INFO Memory usage (start of timestep, peak): 8.32 GiB
2026-09-06 19:35:43.933 INFO Memory usage (start of timestep, current): 3.32 GiB
2026-09-06 19:35:43.933 INFO Calculating metrics
2026-09-06 19:35:43.933 INFO Calculating metric: preference_graph
Found 40317 prefs in this timestep.
--- Preference graph ----
Vertices: 2797, edges: 4218 (+279 this step)
Total edge weight: 715167 (+40317 this step)
Average degree: 3.02 (max so far 3.25)
Snapshots written so far: 2
2026-09-06 19:35:56.189 INFO [preference_graph.calculate] total=12.26s query=0.53s derive=1.57s elicit=10.06s graph=0.01s write=0.05s edges=4218 new_edges=279
2026-09-06 19:35:56.190 INFO Memory usage (end of timestep, peak): 8.32 GiB
2026-09-06 19:35:56.190 INFO Memory usage (end of timestep, current): 3.79 GiB
2026-09-06 19:35:56.190 INFO (Iteration 28) preference_graph: real 12.26s | cpu 12.97s
2026-09-06 19:35:56.190 INFO Iteration 28 finished in 34.36s (real) and 29.53s (process)
2026-09-06 19:35:56.191 INFO Start timestep 2015-03-18 00:00:00+00:00 -> 2015-04-17 00:00:00+00:00
2026-09-06 19:36:15.869 INFO DuckDB memory logs:
  database_name database_size  block_size  ...  wal_size  memory_usage  memory_limit
0   postgres_db       6.3 TiB           0  ...   0 bytes       2.4 GiB     228.8 GiB
1        memory       0 bytes           0  ...   0 bytes       2.4 GiB     228.8 GiB

[2 rows x 9 columns]
2026-09-06 19:36:15.869 INFO Loading data (2015-03-18 00:00:00+00:00 -> 2015-04-17 00:00:00+00:00) done in 19.68s (real) and 23.88s (process)
2026-09-06 19:36:15.869 INFO Memory usage (start of timestep, peak): 8.32 GiB
2026-09-06 19:36:15.870 INFO Memory usage (start of timestep, current): 3.06 GiB
2026-09-06 19:36:15.870 INFO Calculating metrics
2026-09-06 19:36:15.870 INFO Calculating metric: preference_graph
Found 86052 prefs in this timestep.
--- Preference graph ----
Vertices: 2943, edges: 4460 (+242 this step)
Total edge weight: 801219 (+86052 this step)
Average degree: 3.03 (max so far 3.25)
Snapshots written so far: 2
2026-09-06 19:36:29.885 INFO [preference_graph.calculate] total=14.02s query=0.70s derive=2.43s elicit=10.76s graph=0.03s write=0.06s edges=4460 new_edges=242
2026-09-06 19:36:29.885 INFO Memory usage (end of timestep, peak): 8.32 GiB
2026-09-06 19:36:29.885 INFO Memory usage (end of timestep, current): 3.85 GiB
2026-09-06 19:36:29.886 INFO (Iteration 29) preference_graph: real 14.02s | cpu 14.86s
2026-09-06 19:36:29.886 INFO Iteration 29 finished in 33.70s (real) and 38.75s (process)
2026-09-06 19:36:29.886 INFO Start timestep 2015-04-17 00:00:00+00:00 -> 2015-05-17 00:00:00+00:00
2026-09-06 19:36:46.148 INFO DuckDB memory logs:
  database_name database_size  block_size  ...  wal_size  memory_usage  memory_limit
0   postgres_db       6.3 TiB           0  ...   0 bytes       2.2 GiB     228.8 GiB
1        memory       0 bytes           0  ...   0 bytes       2.2 GiB     228.8 GiB

[2 rows x 9 columns]
2026-09-06 19:36:46.148 INFO Loading data (2015-04-17 00:00:00+00:00 -> 2015-05-17 00:00:00+00:00) done in 16.26s (real) and 11.66s (process)
2026-09-06 19:36:46.148 INFO Memory usage (start of timestep, peak): 8.32 GiB
2026-09-06 19:36:46.148 INFO Memory usage (start of timestep, current): 2.79 GiB
2026-09-06 19:36:46.148 INFO Calculating metrics
2026-09-06 19:36:46.149 INFO Calculating metric: preference_graph
Found 51810 prefs in this timestep.
--- Preference graph ----
Vertices: 3124, edges: 4737 (+277 this step)
Total edge weight: 853029 (+51810 this step)
Average degree: 3.03 (max so far 3.25)
Snapshots written so far: 2
2026-09-06 19:37:04.440 INFO [preference_graph.calculate] total=18.29s query=0.66s derive=2.00s elicit=15.53s graph=0.02s write=0.06s edges=4737 new_edges=277
2026-09-06 19:37:04.440 INFO Memory usage (end of timestep, peak): 8.32 GiB
2026-09-06 19:37:04.440 INFO Memory usage (end of timestep, current): 3.39 GiB
2026-09-06 19:37:04.440 INFO (Iteration 30) preference_graph: real 18.29s | cpu 19.08s
2026-09-06 19:37:04.440 INFO Iteration 30 finished in 34.55s (real) and 30.74s (process)
2026-09-06 19:37:04.441 INFO Start timestep 2015-05-17 00:00:00+00:00 -> 2015-06-16 00:00:00+00:00
2026-09-06 19:37:35.100 INFO DuckDB memory logs:
  database_name database_size  block_size  ...  wal_size  memory_usage  memory_limit
0   postgres_db       6.3 TiB           0  ...   0 bytes       4.1 GiB     228.8 GiB
1        memory       0 bytes           0  ...   0 bytes       4.1 GiB     228.8 GiB

[2 rows x 9 columns]
2026-09-06 19:37:35.100 INFO Loading data (2015-05-17 00:00:00+00:00 -> 2015-06-16 00:00:00+00:00) done in 30.66s (real) and 20.96s (process)
2026-09-06 19:37:35.100 INFO Memory usage (start of timestep, peak): 8.32 GiB
2026-09-06 19:37:35.101 INFO Memory usage (start of timestep, current): 4.65 GiB
2026-09-06 19:37:35.101 INFO Calculating metrics
2026-09-06 19:37:35.101 INFO Calculating metric: preference_graph
Found 74469 prefs in this timestep.
--- Preference graph ----
Vertices: 3292, edges: 5071 (+334 this step)
Total edge weight: 927498 (+74469 this step)
Average degree: 3.08 (max so far 3.25)
Snapshots written so far: 2
2026-09-06 19:38:02.198 INFO [preference_graph.calculate] total=27.10s query=1.46s derive=3.29s elicit=22.22s graph=0.02s write=0.05s edges=5071 new_edges=334
2026-09-06 19:38:02.198 INFO Memory usage (end of timestep, peak): 8.32 GiB
2026-09-06 19:38:02.199 INFO Memory usage (end of timestep, current): 5.57 GiB
2026-09-06 19:38:02.199 INFO (Iteration 31) preference_graph: real 27.10s | cpu 28.73s
2026-09-06 19:38:02.199 INFO Iteration 31 finished in 57.76s (real) and 49.70s (process)
2026-09-06 19:38:02.199 INFO Start timestep 2015-06-16 00:00:00+00:00 -> 2015-07-16 00:00:00+00:00
2026-09-06 19:38:27.785 INFO DuckDB memory logs:
  database_name database_size  block_size  ...  wal_size  memory_usage  memory_limit
0   postgres_db       6.3 TiB           0  ...   0 bytes       3.4 GiB     228.8 GiB
1        memory       0 bytes           0  ...   0 bytes       3.4 GiB     228.8 GiB

[2 rows x 9 columns]
2026-09-06 19:38:27.785 INFO Loading data (2015-06-16 00:00:00+00:00 -> 2015-07-16 00:00:00+00:00) done in 25.59s (real) and 23.10s (process)
2026-09-06 19:38:27.785 INFO Memory usage (start of timestep, peak): 8.32 GiB
2026-09-06 19:38:27.786 INFO Memory usage (start of timestep, current): 4.03 GiB
2026-09-06 19:38:27.786 INFO Calculating metrics
2026-09-06 19:38:27.786 INFO Calculating metric: preference_graph
Found 79348 prefs in this timestep.
--- Preference graph ----
Vertices: 3442, edges: 5328 (+257 this step)
Total edge weight: 1006846 (+79348 this step)
Average degree: 3.10 (max so far 3.25)
Snapshots written so far: 2
2026-09-06 19:38:49.042 INFO [preference_graph.calculate] total=21.26s query=1.25s derive=3.11s elicit=16.78s graph=0.03s write=0.06s edges=5328 new_edges=257
2026-09-06 19:38:49.043 INFO Memory usage (end of timestep, peak): 8.32 GiB
2026-09-06 19:38:49.043 INFO Memory usage (end of timestep, current): 5.06 GiB
2026-09-06 19:38:49.043 INFO (Iteration 32) preference_graph: real 21.26s | cpu 22.68s
2026-09-06 19:38:49.043 INFO Iteration 32 finished in 46.84s (real) and 45.78s (process)
2026-09-06 19:38:49.044 INFO Start timestep 2015-07-16 00:00:00+00:00 -> 2015-08-15 00:00:00+00:00
2026-09-06 19:39:19.818 INFO DuckDB memory logs:
  database_name database_size  block_size  ...  wal_size  memory_usage  memory_limit
0   postgres_db       6.3 TiB           0  ...   0 bytes       4.4 GiB     228.8 GiB
1        memory       0 bytes           0  ...   0 bytes       4.4 GiB     228.8 GiB

[2 rows x 9 columns]
2026-09-06 19:39:19.818 INFO Loading data (2015-07-16 00:00:00+00:00 -> 2015-08-15 00:00:00+00:00) done in 30.77s (real) and 21.45s (process)
2026-09-06 19:39:19.818 INFO Memory usage (start of timestep, peak): 8.32 GiB
2026-09-06 19:39:19.818 INFO Memory usage (start of timestep, current): 5.02 GiB
2026-09-06 19:39:19.818 INFO Calculating metrics
2026-09-06 19:39:19.818 INFO Calculating metric: preference_graph
Found 831296 prefs in this timestep.
--- Preference graph ----
Vertices: 3605, edges: 5664 (+336 this step)
Total edge weight: 1838142 (+831296 this step)
Average degree: 3.14 (max so far 3.25)
Snapshots written so far: 2
2026-09-06 19:39:56.595 INFO [preference_graph.calculate] total=36.78s query=2.08s derive=5.32s elicit=29.05s graph=0.19s write=0.06s edges=5664 new_edges=336
2026-09-06 19:39:56.596 INFO Memory usage (end of timestep, peak): 8.32 GiB
2026-09-06 19:39:56.596 INFO Memory usage (end of timestep, current): 6.23 GiB
2026-09-06 19:39:56.596 INFO (Iteration 33) preference_graph: real 36.78s | cpu 38.90s
2026-09-06 19:39:56.596 INFO Iteration 33 finished in 67.55s (real) and 60.35s (process)
2026-09-06 19:39:56.597 INFO Start timestep 2015-08-15 00:00:00+00:00 -> 2015-09-14 00:00:00+00:00
2026-09-06 19:40:30.164 INFO DuckDB memory logs:
  database_name database_size  block_size  ...  wal_size  memory_usage  memory_limit
0   postgres_db       6.3 TiB           0  ...   0 bytes       4.7 GiB     228.8 GiB
1        memory       0 bytes           0  ...   0 bytes       4.7 GiB     228.8 GiB

[2 rows x 9 columns]
2026-09-06 19:40:30.164 INFO Loading data (2015-08-15 00:00:00+00:00 -> 2015-09-14 00:00:00+00:00) done in 33.57s (real) and 23.77s (process)
2026-09-06 19:40:30.164 INFO Memory usage (start of timestep, peak): 8.32 GiB
2026-09-06 19:40:30.165 INFO Memory usage (start of timestep, current): 5.32 GiB
2026-09-06 19:40:30.165 INFO Calculating metrics
2026-09-06 19:40:30.165 INFO Calculating metric: preference_graph
Found 835246 prefs in this timestep.
--- Preference graph ----
Vertices: 3783, edges: 5950 (+286 this step)
Total edge weight: 2673388 (+835246 this step)
Average degree: 3.15 (max so far 3.25)
Snapshots written so far: 2
2026-09-06 19:41:10.670 INFO [preference_graph.calculate] total=40.50s query=2.23s derive=5.95s elicit=31.94s graph=0.21s write=0.06s edges=5950 new_edges=286
2026-09-06 19:41:10.670 INFO Memory usage (end of timestep, peak): 8.32 GiB
2026-09-06 19:41:10.670 INFO Memory usage (end of timestep, current): 6.45 GiB
2026-09-06 19:41:10.671 INFO (Iteration 34) preference_graph: real 40.51s | cpu 42.74s
2026-09-06 19:41:10.671 INFO Iteration 34 finished in 74.07s (real) and 66.51s (process)
2026-09-06 19:41:10.672 INFO Start timestep 2015-09-14 00:00:00+00:00 -> 2015-10-14 00:00:00+00:00
2026-09-06 19:42:22.704 INFO DuckDB memory logs:
  database_name database_size  block_size  ...  wal_size  memory_usage  memory_limit
0   postgres_db       6.3 TiB           0  ...   0 bytes      10.5 GiB     228.8 GiB
1        memory       0 bytes           0  ...   0 bytes      10.5 GiB     228.8 GiB

[2 rows x 9 columns]
2026-09-06 19:42:22.705 INFO Loading data (2015-09-14 00:00:00+00:00 -> 2015-10-14 00:00:00+00:00) done in 72.03s (real) and 50.92s (process)
2026-09-06 19:42:22.706 INFO Memory usage (start of timestep, peak): 11.42 GiB
2026-09-06 19:42:22.706 INFO Memory usage (start of timestep, current): 11.01 GiB
2026-09-06 19:42:22.706 INFO Calculating metrics
2026-09-06 19:42:22.706 INFO Calculating metric: preference_graph
Found 2069290 prefs in this timestep.
2026-09-06 19:44:36.787 INFO [preference_graph] saved snapshot /sc/home/jannes.malanowski/mp2025-wikiwatch-1/preference_graphs/preference_graph_2015-10-14.{gt.gz,csv.gz} (4080 vertices, 6422 edges) in 0.10s
--- Preference graph ----
Vertices: 4080, edges: 6422 (+472 this step)
Total edge weight: 4742678 (+2069290 this step)
Average degree: 3.15 (max so far 3.25)
Snapshots written so far: 3
2026-09-06 19:44:36.842 INFO [preference_graph.calculate] total=134.14s query=7.73s derive=19.70s elicit=105.82s graph=0.46s save=0.10s write=0.05s edges=6422 new_edges=472
2026-09-06 19:44:36.842 INFO Memory usage (end of timestep, peak): 18.51 GiB
2026-09-06 19:44:36.843 INFO Memory usage (end of timestep, current): 12.68 GiB
2026-09-06 19:44:36.843 INFO (Iteration 35) preference_graph: real 134.14s | cpu 142.01s
2026-09-06 19:44:36.843 INFO Iteration 35 finished in 206.17s (real) and 192.92s (process)
2026-09-06 19:44:36.844 INFO Start timestep 2015-10-14 00:00:00+00:00 -> 2015-11-13 00:00:00+00:00
2026-09-06 19:46:01.600 INFO DuckDB memory logs:
  database_name database_size  block_size  ...  wal_size  memory_usage  memory_limit
0   postgres_db       6.3 TiB           0  ...   0 bytes      12.3 GiB     228.8 GiB
1        memory       0 bytes           0  ...   0 bytes      12.3 GiB     228.8 GiB

[2 rows x 9 columns]
2026-09-06 19:46:01.601 INFO Loading data (2015-10-14 00:00:00+00:00 -> 2015-11-13 00:00:00+00:00) done in 84.76s (real) and 69.94s (process)
2026-09-06 19:46:01.601 INFO Memory usage (start of timestep, peak): 18.51 GiB
2026-09-06 19:46:01.601 INFO Memory usage (start of timestep, current): 13.89 GiB
2026-09-06 19:46:01.601 INFO Calculating metrics
2026-09-06 19:46:01.601 INFO Calculating metric: preference_graph
Found 1245362 prefs in this timestep.
--- Preference graph ----
Vertices: 4334, edges: 6901 (+479 this step)
Total edge weight: 5988040 (+1245362 this step)
Average degree: 3.18 (max so far 3.25)
Snapshots written so far: 3
2026-09-06 19:48:25.531 INFO [preference_graph.calculate] total=143.93s query=8.12s derive=22.43s elicit=112.65s graph=0.30s write=0.07s edges=6901 new_edges=479
2026-09-06 19:48:25.532 INFO Memory usage (end of timestep, peak): 21.69 GiB
2026-09-06 19:48:25.535 INFO Memory usage (end of timestep, current): 14.33 GiB
2026-09-06 19:48:25.535 INFO (Iteration 36) preference_graph: real 143.93s | cpu 152.37s
2026-09-06 19:48:25.535 INFO Iteration 36 finished in 228.69s (real) and 222.32s (process)
2026-09-06 19:48:25.536 INFO Start timestep 2015-11-13 00:00:00+00:00 -> 2015-12-13 00:00:00+00:00
2026-09-06 19:49:38.569 INFO DuckDB memory logs:
  database_name database_size  block_size  ...  wal_size  memory_usage  memory_limit
0   postgres_db       6.3 TiB           0  ...   0 bytes      10.9 GiB     228.8 GiB
1        memory       0 bytes           0  ...   0 bytes      10.9 GiB     228.8 GiB

[2 rows x 9 columns]
2026-09-06 19:49:38.569 INFO Loading data (2015-11-13 00:00:00+00:00 -> 2015-12-13 00:00:00+00:00) done in 73.03s (real) and 52.34s (process)
2026-09-06 19:49:38.570 INFO Memory usage (start of timestep, peak): 21.69 GiB
2026-09-06 19:49:38.570 INFO Memory usage (start of timestep, current): 12.45 GiB
2026-09-06 19:49:38.570 INFO Calculating metrics
2026-09-06 19:49:38.570 INFO Calculating metric: preference_graph
Found 1173305 prefs in this timestep.
--- Preference graph ----
Vertices: 4657, edges: 7477 (+576 this step)
Total edge weight: 7161345 (+1173305 this step)
Average degree: 3.21 (max so far 3.25)
Snapshots written so far: 3
2026-09-06 19:51:32.326 INFO [preference_graph.calculate] total=113.76s query=6.99s derive=18.16s elicit=87.92s graph=0.27s write=0.06s edges=7477 new_edges=576
2026-09-06 19:51:32.327 INFO Memory usage (end of timestep, peak): 21.69 GiB
2026-09-06 19:51:32.328 INFO Memory usage (end of timestep, current): 11.97 GiB
2026-09-06 19:51:32.328 INFO (Iteration 37) preference_graph: real 113.76s | cpu 121.18s
2026-09-06 19:51:32.328 INFO Iteration 37 finished in 186.79s (real) and 173.52s (process)
2026-09-06 19:51:32.329 INFO Start timestep 2015-12-13 00:00:00+00:00 -> 2016-01-12 00:00:00+00:00
2026-09-06 19:53:10.363 INFO DuckDB memory logs:
  database_name database_size  block_size  ...  wal_size  memory_usage  memory_limit
0   postgres_db       6.3 TiB           0  ...   0 bytes      14.5 GiB     228.8 GiB
1        memory       0 bytes           0  ...   0 bytes      14.5 GiB     228.8 GiB

[2 rows x 9 columns]
2026-09-06 19:53:10.364 INFO Loading data (2015-12-13 00:00:00+00:00 -> 2016-01-12 00:00:00+00:00) done in 98.04s (real) and 70.06s (process)
2026-09-06 19:53:10.365 INFO Memory usage (start of timestep, peak): 21.69 GiB
2026-09-06 19:53:10.365 INFO Memory usage (start of timestep, current): 15.03 GiB
2026-09-06 19:53:10.365 INFO Calculating metrics
2026-09-06 19:53:10.365 INFO Calculating metric: preference_graph
Found 168553 prefs in this timestep.
--- Preference graph ----
Vertices: 5057, edges: 8235 (+758 this step)
Total edge weight: 7329898 (+168553 this step)
Average degree: 3.26 (max so far 3.26)
Snapshots written so far: 3
2026-09-06 19:57:08.739 INFO [preference_graph.calculate] total=238.37s query=10.97s derive=29.85s elicit=197.09s graph=0.05s write=0.05s edges=8235 new_edges=758
2026-09-06 19:57:08.740 INFO Memory usage (end of timestep, peak): 25.29 GiB
2026-09-06 19:57:08.740 INFO Memory usage (end of timestep, current): 17.95 GiB
2026-09-06 19:57:08.740 INFO (Iteration 38) preference_graph: real 238.37s | cpu 250.17s
2026-09-06 19:57:08.740 INFO Iteration 38 finished in 336.41s (real) and 320.23s (process)
2026-09-06 19:57:08.741 INFO Start timestep 2016-01-12 00:00:00+00:00 -> 2016-02-11 00:00:00+00:00
2026-09-06 19:58:13.383 INFO DuckDB memory logs:
  database_name database_size  block_size  ...  wal_size  memory_usage  memory_limit
0   postgres_db       6.3 TiB           0  ...   0 bytes       8.9 GiB     228.8 GiB
1        memory       0 bytes           0  ...   0 bytes       8.9 GiB     228.8 GiB

[2 rows x 9 columns]
2026-09-06 19:58:13.383 INFO Loading data (2016-01-12 00:00:00+00:00 -> 2016-02-11 00:00:00+00:00) done in 64.64s (real) and 45.42s (process)
2026-09-06 19:58:13.384 INFO Memory usage (start of timestep, peak): 25.29 GiB
2026-09-06 19:58:13.384 INFO Memory usage (start of timestep, current): 11.93 GiB
2026-09-06 19:58:13.384 INFO Calculating metrics
2026-09-06 19:58:13.384 INFO Calculating metric: preference_graph
Found 842704 prefs in this timestep.
--- Preference graph ----
Vertices: 5470, edges: 8987 (+752 this step)
Total edge weight: 8172602 (+842704 this step)
Average degree: 3.29 (max so far 3.29)
Snapshots written so far: 3
2026-09-06 20:01:02.601 INFO [preference_graph.calculate] total=169.22s query=6.17s derive=15.80s elicit=146.68s graph=0.25s write=0.06s edges=8987 new_edges=752
2026-09-06 20:01:02.602 INFO Memory usage (end of timestep, peak): 25.29 GiB
2026-09-06 20:01:02.602 INFO Memory usage (end of timestep, current): 14.27 GiB
2026-09-06 20:01:02.603 INFO (Iteration 39) preference_graph: real 169.22s | cpu 175.61s
2026-09-06 20:01:02.603 INFO Iteration 39 finished in 233.86s (real) and 221.03s (process)
2026-09-06 20:01:02.603 INFO Start timestep 2016-02-11 00:00:00+00:00 -> 2016-03-12 00:00:00+00:00
2026-09-06 20:02:29.022 INFO DuckDB memory logs:
  database_name database_size  block_size  ...  wal_size  memory_usage  memory_limit
0   postgres_db       6.3 TiB           0  ...   0 bytes      12.0 GiB     228.8 GiB
1        memory       0 bytes           0  ...   0 bytes      12.0 GiB     228.8 GiB

[2 rows x 9 columns]
2026-09-06 20:02:29.023 INFO Loading data (2016-02-11 00:00:00+00:00 -> 2016-03-12 00:00:00+00:00) done in 86.42s (real) and 124.73s (process)
2026-09-06 20:02:29.024 INFO Memory usage (start of timestep, peak): 25.29 GiB
2026-09-06 20:02:29.024 INFO Memory usage (start of timestep, current): 14.70 GiB
2026-09-06 20:02:29.024 INFO Calculating metrics
2026-09-06 20:02:29.024 INFO Calculating metric: preference_graph
Found 3201374 prefs in this timestep.
--- Preference graph ----
Vertices: 30246, edges: 155344 (+146357 this step)
Total edge weight: 11373976 (+3201374 this step)
Average degree: 10.27 (max so far 10.27)
Snapshots written so far: 3
2026-09-06 20:05:40.200 INFO [preference_graph.calculate] total=191.18s query=9.76s derive=23.04s elicit=156.93s graph=1.01s write=0.06s edges=155344 new_edges=146357
2026-09-06 20:05:40.200 INFO Memory usage (end of timestep, peak): 25.29 GiB
2026-09-06 20:05:40.201 INFO Memory usage (end of timestep, current): 18.41 GiB
2026-09-06 20:05:40.201 INFO (Iteration 40) preference_graph: real 191.18s | cpu 200.55s
2026-09-06 20:05:40.201 INFO Iteration 40 finished in 277.60s (real) and 325.29s (process)
2026-09-06 20:05:40.203 INFO Start timestep 2016-03-12 00:00:00+00:00 -> 2016-04-11 00:00:00+00:00
2026-09-06 20:07:29.592 INFO DuckDB memory logs:
  database_name database_size  block_size  ...  wal_size  memory_usage  memory_limit
0   postgres_db       6.3 TiB           0  ...   0 bytes      15.8 GiB     228.8 GiB
1        memory       0 bytes           0  ...   0 bytes      15.8 GiB     228.8 GiB

[2 rows x 9 columns]
2026-09-06 20:07:29.593 INFO Loading data (2016-03-12 00:00:00+00:00 -> 2016-04-11 00:00:00+00:00) done in 109.39s (real) and 79.56s (process)
2026-09-06 20:07:29.593 INFO Memory usage (start of timestep, peak): 25.29 GiB
2026-09-06 20:07:29.593 INFO Memory usage (start of timestep, current): 19.16 GiB
2026-09-06 20:07:29.593 INFO Calculating metrics
2026-09-06 20:07:29.593 INFO Calculating metric: preference_graph
Found 885971 prefs in this timestep.
--- Preference graph ----
Vertices: 47984, edges: 189534 (+34190 this step)
Total edge weight: 12259947 (+885971 this step)
Average degree: 7.90 (max so far 10.27)
Snapshots written so far: 3
2026-09-06 20:10:54.429 INFO [preference_graph.calculate] total=204.84s query=11.89s derive=32.28s elicit=159.61s graph=0.37s write=0.04s edges=189534 new_edges=34190
2026-09-06 20:10:54.430 INFO Memory usage (end of timestep, peak): 28.97 GiB
2026-09-06 20:10:54.430 INFO Memory usage (end of timestep, current): 16.55 GiB
2026-09-06 20:10:54.430 INFO (Iteration 41) preference_graph: real 204.84s | cpu 217.14s
2026-09-06 20:10:54.430 INFO Iteration 41 finished in 314.23s (real) and 296.70s (process)
2026-09-06 20:10:54.431 INFO Start timestep 2016-04-11 00:00:00+00:00 -> 2016-05-11 00:00:00+00:00
2026-09-06 20:11:41.971 INFO DuckDB memory logs:
  database_name database_size  block_size  ...  wal_size  memory_usage  memory_limit
0   postgres_db       6.3 TiB           0  ...   0 bytes       7.3 GiB     228.8 GiB
1        memory       0 bytes           0  ...   0 bytes       7.3 GiB     228.8 GiB

[2 rows x 9 columns]
2026-09-06 20:11:41.971 INFO Loading data (2016-04-11 00:00:00+00:00 -> 2016-05-11 00:00:00+00:00) done in 47.54s (real) and 34.26s (process)
2026-09-06 20:11:41.972 INFO Memory usage (start of timestep, peak): 28.97 GiB
2026-09-06 20:11:41.972 INFO Memory usage (start of timestep, current): 8.19 GiB
2026-09-06 20:11:41.972 INFO Calculating metrics
2026-09-06 20:11:41.972 INFO Calculating metric: preference_graph
Found 11597 prefs in this timestep.
--- Preference graph ----
Vertices: 48422, edges: 190324 (+790 this step)
Total edge weight: 12271544 (+11597 this step)
Average degree: 7.86 (max so far 10.27)
Snapshots written so far: 3
2026-09-06 20:13:15.647 INFO [preference_graph.calculate] total=93.68s query=4.53s derive=11.44s elicit=77.45s graph=0.05s write=0.06s edges=190324 new_edges=790
2026-09-06 20:13:15.649 INFO Memory usage (end of timestep, peak): 28.97 GiB
2026-09-06 20:13:15.649 INFO Memory usage (end of timestep, current): 11.60 GiB
2026-09-06 20:13:15.649 INFO (Iteration 42) preference_graph: real 93.68s | cpu 98.37s
2026-09-06 20:13:15.649 INFO Iteration 42 finished in 141.22s (real) and 132.63s (process)
2026-09-06 20:13:15.651 INFO Start timestep 2016-05-11 00:00:00+00:00 -> 2016-06-10 00:00:00+00:00
2026-09-06 20:15:31.263 INFO DuckDB memory logs:
  database_name database_size  block_size  ...  wal_size  memory_usage  memory_limit
0   postgres_db       6.3 TiB           0  ...   0 bytes      20.4 GiB     228.8 GiB
1        memory       0 bytes           0  ...   0 bytes      20.4 GiB     228.8 GiB

[2 rows x 9 columns]
2026-09-06 20:15:31.264 INFO Loading data (2016-05-11 00:00:00+00:00 -> 2016-06-10 00:00:00+00:00) done in 135.61s (real) and 203.94s (process)
2026-09-06 20:15:31.264 INFO Memory usage (start of timestep, peak): 28.97 GiB
2026-09-06 20:15:31.264 INFO Memory usage (start of timestep, current): 21.18 GiB
2026-09-06 20:15:31.264 INFO Calculating metrics
2026-09-06 20:15:31.264 INFO Calculating metric: preference_graph
Found 201976 prefs in this timestep.
--- Preference graph ----
Vertices: 58151, edges: 203798 (+13474 this step)
Total edge weight: 12473520 (+201976 this step)
Average degree: 7.01 (max so far 10.27)
Snapshots written so far: 3
2026-09-06 20:19:10.976 INFO [preference_graph.calculate] total=219.71s query=18.66s derive=39.06s elicit=161.24s graph=0.13s write=0.06s edges=203798 new_edges=13474
2026-09-06 20:19:10.977 INFO Memory usage (end of timestep, peak): 37.86 GiB
2026-09-06 20:19:10.977 INFO Memory usage (end of timestep, current): 23.09 GiB
2026-09-06 20:19:10.977 INFO (Iteration 43) preference_graph: real 219.71s | cpu 237.04s
2026-09-06 20:19:10.977 INFO Iteration 43 finished in 355.33s (real) and 440.98s (process)
2026-09-06 20:19:10.979 INFO Start timestep 2016-06-10 00:00:00+00:00 -> 2016-07-10 00:00:00+00:00
2026-09-06 20:19:51.516 INFO DuckDB memory logs:
  database_name database_size  block_size  ...  wal_size  memory_usage  memory_limit
0   postgres_db       6.3 TiB           0  ...   0 bytes       5.6 GiB     228.8 GiB
1        memory       0 bytes           0  ...   0 bytes       5.6 GiB     228.8 GiB

[2 rows x 9 columns]
2026-09-06 20:19:51.516 INFO Loading data (2016-06-10 00:00:00+00:00 -> 2016-07-10 00:00:00+00:00) done in 40.54s (real) and 29.26s (process)
2026-09-06 20:19:51.516 INFO Memory usage (start of timestep, peak): 37.86 GiB
2026-09-06 20:19:51.516 INFO Memory usage (start of timestep, current): 6.80 GiB
2026-09-06 20:19:51.516 INFO Calculating metrics
2026-09-06 20:19:51.516 INFO Calculating metric: preference_graph
Found 56582 prefs in this timestep.
--- Preference graph ----
Vertices: 58547, edges: 204515 (+717 this step)
Total edge weight: 12530102 (+56582 this step)
Average degree: 6.99 (max so far 10.27)
Snapshots written so far: 3
2026-09-06 20:20:29.504 INFO [preference_graph.calculate] total=37.99s query=2.35s derive=5.92s elicit=29.52s graph=0.07s write=0.05s edges=204515 new_edges=717
2026-09-06 20:20:29.504 INFO Memory usage (end of timestep, peak): 37.86 GiB
2026-09-06 20:20:29.504 INFO Memory usage (end of timestep, current): 8.67 GiB
2026-09-06 20:20:29.504 INFO (Iteration 44) preference_graph: real 37.99s | cpu 40.54s
2026-09-06 20:20:29.505 INFO Iteration 44 finished in 78.53s (real) and 69.80s (process)
2026-09-06 20:20:29.505 INFO Start timestep 2016-07-10 00:00:00+00:00 -> 2016-08-09 00:00:00+00:00
2026-09-06 20:20:58.709 INFO DuckDB memory logs:
  database_name database_size  block_size  ...  wal_size  memory_usage  memory_limit
0   postgres_db       6.3 TiB           0  ...   0 bytes       3.9 GiB     228.8 GiB
1        memory       0 bytes           0  ...   0 bytes       3.9 GiB     228.8 GiB

[2 rows x 9 columns]
2026-09-06 20:20:58.710 INFO Loading data (2016-07-10 00:00:00+00:00 -> 2016-08-09 00:00:00+00:00) done in 29.20s (real) and 20.31s (process)
2026-09-06 20:20:58.710 INFO Memory usage (start of timestep, peak): 37.86 GiB
2026-09-06 20:20:58.710 INFO Memory usage (start of timestep, current): 5.02 GiB
2026-09-06 20:20:58.710 INFO Calculating metrics
2026-09-06 20:20:58.710 INFO Calculating metric: preference_graph
Found 25483 prefs in this timestep.
--- Preference graph ----
Vertices: 59039, edges: 205258 (+743 this step)
Total edge weight: 12555585 (+25483 this step)
Average degree: 6.95 (max so far 10.27)
Snapshots written so far: 3
2026-09-06 20:21:28.770 INFO [preference_graph.calculate] total=30.06s query=2.03s derive=5.84s elicit=21.99s graph=0.06s write=0.05s edges=205258 new_edges=743
2026-09-06 20:21:28.771 INFO Memory usage (end of timestep, peak): 37.86 GiB
2026-09-06 20:21:28.771 INFO Memory usage (end of timestep, current): 6.76 GiB
2026-09-06 20:21:28.771 INFO (Iteration 45) preference_graph: real 30.06s | cpu 32.12s
2026-09-06 20:21:28.771 INFO Iteration 45 finished in 59.27s (real) and 52.43s (process)
2026-09-06 20:21:28.772 INFO Start timestep 2016-08-09 00:00:00+00:00 -> 2016-09-08 00:00:00+00:00
2026-09-06 20:22:29.757 INFO DuckDB memory logs:
  database_name database_size  block_size  ...  wal_size  memory_usage  memory_limit
0   postgres_db       6.3 TiB           0  ...   0 bytes       9.0 GiB     228.8 GiB
1        memory       0 bytes           0  ...   0 bytes       9.0 GiB     228.8 GiB

[2 rows x 9 columns]
2026-09-06 20:22:29.757 INFO Loading data (2016-08-09 00:00:00+00:00 -> 2016-09-08 00:00:00+00:00) done in 60.99s (real) and 43.38s (process)
2026-09-06 20:22:29.758 INFO Memory usage (start of timestep, peak): 37.86 GiB
2026-09-06 20:22:29.758 INFO Memory usage (start of timestep, current): 9.86 GiB
2026-09-06 20:22:29.758 INFO Calculating metrics
2026-09-06 20:22:29.758 INFO Calculating metric: preference_graph
Found 114704 prefs in this timestep.
--- Preference graph ----
Vertices: 59500, edges: 206152 (+894 this step)
Total edge weight: 12670289 (+114704 this step)
Average degree: 6.93 (max so far 10.27)
Snapshots written so far: 3
2026-09-06 20:23:57.960 INFO [preference_graph.calculate] total=88.20s query=5.37s derive=13.90s elicit=68.57s graph=0.08s write=0.06s edges=206152 new_edges=894
2026-09-06 20:23:57.961 INFO Memory usage (end of timestep, peak): 37.86 GiB
2026-09-06 20:23:57.961 INFO Memory usage (end of timestep, current): 12.68 GiB
2026-09-06 20:23:57.962 INFO (Iteration 46) preference_graph: real 88.20s | cpu 93.75s
2026-09-06 20:23:57.962 INFO Iteration 46 finished in 149.19s (real) and 137.13s (process)
2026-09-06 20:23:57.964 INFO Start timestep 2016-09-08 00:00:00+00:00 -> 2016-10-08 00:00:00+00:00
2026-09-06 20:25:21.407 INFO DuckDB memory logs:
  database_name database_size  block_size  ...  wal_size  memory_usage  memory_limit
0   postgres_db       6.3 TiB           0  ...   0 bytes      12.5 GiB     228.8 GiB
1        memory       0 bytes           0  ...   0 bytes      12.5 GiB     228.8 GiB

[2 rows x 9 columns]
2026-09-06 20:25:21.408 INFO Loading data (2016-09-08 00:00:00+00:00 -> 2016-10-08 00:00:00+00:00) done in 83.44s (real) and 62.25s (process)
2026-09-06 20:25:21.408 INFO Memory usage (start of timestep, peak): 37.86 GiB
2026-09-06 20:25:21.408 INFO Memory usage (start of timestep, current): 13.32 GiB
2026-09-06 20:25:21.408 INFO Calculating metrics
2026-09-06 20:25:21.408 INFO Calculating metric: preference_graph
Found 230948 prefs in this timestep.
2026-09-06 20:28:19.269 INFO [preference_graph] saved snapshot /sc/home/jannes.malanowski/mp2025-wikiwatch-1/preference_graphs/preference_graph_2016-10-08.{gt.gz,csv.gz} (60263 vertices, 207937 edges) in 0.91s
--- Preference graph ----
Vertices: 60263, edges: 207937 (+1785 this step)
Total edge weight: 12901237 (+230948 this step)
Average degree: 6.90 (max so far 10.27)
Snapshots written so far: 4
2026-09-06 20:28:19.321 INFO [preference_graph.calculate] total=177.91s query=9.64s derive=20.22s elicit=146.72s graph=0.12s save=0.91s write=0.05s edges=207937 new_edges=1785
2026-09-06 20:28:19.322 INFO Memory usage (end of timestep, peak): 37.86 GiB
2026-09-06 20:28:19.322 INFO Memory usage (end of timestep, current): 16.59 GiB
2026-09-06 20:28:19.322 INFO (Iteration 47) preference_graph: real 177.91s | cpu 187.66s
2026-09-06 20:28:19.322 INFO Iteration 47 finished in 261.36s (real) and 249.91s (process)
2026-09-06 20:28:19.327 INFO Start timestep 2016-10-08 00:00:00+00:00 -> 2016-11-07 00:00:00+00:00
2026-09-06 20:31:26.314 INFO DuckDB memory logs:
  database_name database_size  block_size  ...  wal_size  memory_usage  memory_limit
0   postgres_db       6.3 TiB           0  ...   0 bytes      27.8 GiB     228.8 GiB
1        memory       0 bytes           0  ...   0 bytes      27.8 GiB     228.8 GiB

[2 rows x 9 columns]
2026-09-06 20:31:26.315 INFO Loading data (2016-10-08 00:00:00+00:00 -> 2016-11-07 00:00:00+00:00) done in 186.99s (real) and 137.78s (process)
2026-09-06 20:31:26.315 INFO Memory usage (start of timestep, peak): 37.86 GiB
2026-09-06 20:31:26.315 INFO Memory usage (start of timestep, current): 28.85 GiB
2026-09-06 20:31:26.315 INFO Calculating metrics
2026-09-06 20:31:26.315 INFO Calculating metric: preference_graph
Found 894542 prefs in this timestep.
--- Preference graph ----
Vertices: 120629, edges: 356138 (+148201 this step)
Total edge weight: 13795779 (+894542 this step)
Average degree: 5.90 (max so far 10.27)
Snapshots written so far: 4
2026-09-06 20:36:41.683 INFO [preference_graph.calculate] total=315.37s query=23.53s derive=55.24s elicit=235.27s graph=0.52s write=0.05s edges=356138 new_edges=148201
2026-09-06 20:36:41.684 INFO Memory usage (end of timestep, peak): 49.29 GiB
2026-09-06 20:36:41.684 INFO Memory usage (end of timestep, current): 29.86 GiB
2026-09-06 20:36:41.685 INFO (Iteration 48) preference_graph: real 315.37s | cpu 339.55s
2026-09-06 20:36:41.685 INFO Iteration 48 finished in 502.36s (real) and 477.33s (process)
2026-09-06 20:36:41.686 INFO Start timestep 2016-11-07 00:00:00+00:00 -> 2016-12-07 00:00:00+00:00
2026-09-06 20:39:46.956 INFO DuckDB memory logs:
  database_name database_size  block_size  ...  wal_size  memory_usage  memory_limit
0   postgres_db       6.3 TiB           0  ...   0 bytes      27.5 GiB     228.8 GiB
1        memory       0 bytes           0  ...   0 bytes      27.5 GiB     228.8 GiB

[2 rows x 9 columns]
2026-09-06 20:39:46.957 INFO Loading data (2016-11-07 00:00:00+00:00 -> 2016-12-07 00:00:00+00:00) done in 185.27s (real) and 139.04s (process)
2026-09-06 20:39:46.958 INFO Memory usage (start of timestep, peak): 49.29 GiB
2026-09-06 20:39:46.958 INFO Memory usage (start of timestep, current): 28.72 GiB
2026-09-06 20:39:46.958 INFO Calculating metrics
2026-09-06 20:39:46.958 INFO Calculating metric: preference_graph
Found 1000619 prefs in this timestep.
--- Preference graph ----
Vertices: 140921, edges: 391831 (+35693 this step)
Total edge weight: 14796398 (+1000619 this step)
Average degree: 5.56 (max so far 10.27)
Snapshots written so far: 4
2026-09-06 20:45:12.146 INFO [preference_graph.calculate] total=325.19s query=23.29s derive=58.65s elicit=241.92s graph=0.45s write=0.05s edges=391831 new_edges=35693
2026-09-06 20:45:12.147 INFO Memory usage (end of timestep, peak): 50.07 GiB
2026-09-06 20:45:12.147 INFO Memory usage (end of timestep, current): 30.33 GiB
2026-09-06 20:45:12.148 INFO (Iteration 49) preference_graph: real 325.19s | cpu 351.02s
2026-09-06 20:45:12.148 INFO Iteration 49 finished in 510.46s (real) and 490.06s (process)
2026-09-06 20:45:12.148 INFO Start timestep 2016-12-07 00:00:00+00:00 -> 2017-01-06 00:00:00+00:00
2026-09-06 20:47:43.177 INFO DuckDB memory logs:
  database_name database_size  block_size  ...  wal_size  memory_usage  memory_limit
0   postgres_db       6.3 TiB           0  ...   0 bytes      21.5 GiB     228.8 GiB
1        memory       0 bytes           0  ...   0 bytes      21.5 GiB     228.8 GiB

[2 rows x 9 columns]
2026-09-06 20:47:43.178 INFO Loading data (2016-12-07 00:00:00+00:00 -> 2017-01-06 00:00:00+00:00) done in 151.03s (real) and 111.79s (process)
2026-09-06 20:47:43.178 INFO Memory usage (start of timestep, peak): 50.07 GiB
2026-09-06 20:47:43.179 INFO Memory usage (start of timestep, current): 23.62 GiB
2026-09-06 20:47:43.179 INFO Calculating metrics
2026-09-06 20:47:43.179 INFO Calculating metric: preference_graph
Found 1029932 prefs in this timestep.
--- Preference graph ----
Vertices: 144849, edges: 442832 (+51001 this step)
Total edge weight: 15826330 (+1029932 this step)
Average degree: 6.11 (max so far 10.27)
Snapshots written so far: 4
2026-09-06 20:52:08.774 INFO [preference_graph.calculate] total=265.59s query=19.55s derive=46.20s elicit=198.69s graph=0.45s write=0.06s edges=442832 new_edges=51001
2026-09-06 20:52:08.775 INFO Memory usage (end of timestep, peak): 50.07 GiB
2026-09-06 20:52:08.775 INFO Memory usage (end of timestep, current): 25.08 GiB
2026-09-06 20:52:08.776 INFO (Iteration 50) preference_graph: real 265.60s | cpu 285.34s
2026-09-06 20:52:08.776 INFO Iteration 50 finished in 416.63s (real) and 397.13s (process)
2026-09-06 20:52:08.777 INFO Start timestep 2017-01-06 00:00:00+00:00 -> 2017-02-05 00:00:00+00:00
2026-09-06 20:55:26.317 INFO DuckDB memory logs:
  database_name database_size  block_size  ...  wal_size  memory_usage  memory_limit
0   postgres_db       6.3 TiB           0  ...   0 bytes      30.0 GiB     228.8 GiB
1        memory       0 bytes           0  ...   0 bytes      30.0 GiB     228.8 GiB

[2 rows x 9 columns]
2026-09-06 20:55:26.318 INFO Loading data (2017-01-06 00:00:00+00:00 -> 2017-02-05 00:00:00+00:00) done in 197.54s (real) and 149.39s (process)
2026-09-06 20:55:26.318 INFO Memory usage (start of timestep, peak): 50.07 GiB
2026-09-06 20:55:26.318 INFO Memory usage (start of timestep, current): 31.56 GiB
2026-09-06 20:55:26.318 INFO Calculating metrics
2026-09-06 20:55:26.319 INFO Calculating metric: preference_graph
Found 7630699 prefs in this timestep.
--- Preference graph ----
Vertices: 196472, edges: 802242 (+359410 this step)
Total edge weight: 23457029 (+7630699 this step)
Average degree: 8.17 (max so far 10.27)
Snapshots written so far: 4
2026-09-06 21:00:35.683 INFO [preference_graph.calculate] total=309.36s query=22.95s derive=60.55s elicit=222.38s graph=2.37s write=0.06s edges=802242 new_edges=359410
2026-09-06 21:00:35.684 INFO Memory usage (end of timestep, peak): 52.61 GiB
2026-09-06 21:00:35.684 INFO Memory usage (end of timestep, current): 31.36 GiB
2026-09-06 21:00:35.685 INFO (Iteration 51) preference_graph: real 309.37s | cpu 334.67s
2026-09-06 21:00:35.685 INFO Iteration 51 finished in 506.91s (real) and 484.06s (process)
2026-09-06 21:00:35.686 INFO Start timestep 2017-02-05 00:00:00+00:00 -> 2017-03-07 00:00:00+00:00
2026-09-06 21:02:19.424 INFO DuckDB memory logs:
  database_name database_size  block_size  ...  wal_size  memory_usage  memory_limit
0   postgres_db       6.3 TiB           0  ...   0 bytes      15.4 GiB     228.8 GiB
1        memory       0 bytes           0  ...   0 bytes      15.4 GiB     228.8 GiB

[2 rows x 9 columns]
2026-09-06 21:02:19.425 INFO Loading data (2017-02-05 00:00:00+00:00 -> 2017-03-07 00:00:00+00:00) done in 103.74s (real) and 76.19s (process)
2026-09-06 21:02:19.425 INFO Memory usage (start of timestep, peak): 52.61 GiB
2026-09-06 21:02:19.425 INFO Memory usage (start of timestep, current): 16.96 GiB
2026-09-06 21:02:19.425 INFO Calculating metrics
2026-09-06 21:02:19.425 INFO Calculating metric: preference_graph
Found 566779 prefs in this timestep.
--- Preference graph ----
Vertices: 213164, edges: 886704 (+84462 this step)
Total edge weight: 24023808 (+566779 this step)
Average degree: 8.32 (max so far 10.27)
Snapshots written so far: 4
2026-09-06 21:04:19.653 INFO [preference_graph.calculate] total=120.23s query=11.02s derive=22.37s elicit=85.91s graph=0.54s write=0.05s edges=886704 new_edges=84462
2026-09-06 21:04:19.654 INFO Memory usage (end of timestep, peak): 52.61 GiB
2026-09-06 21:04:19.654 INFO Memory usage (end of timestep, current): 18.87 GiB
2026-09-06 21:04:19.655 INFO (Iteration 52) preference_graph: real 120.23s | cpu 131.97s
2026-09-06 21:04:19.655 INFO Iteration 52 finished in 223.97s (real) and 208.16s (process)
2026-09-06 21:04:19.656 INFO Start timestep 2017-03-07 00:00:00+00:00 -> 2017-04-06 00:00:00+00:00
2026-09-06 21:05:22.950 INFO DuckDB memory logs:
  database_name database_size  block_size  ...  wal_size  memory_usage  memory_limit
0   postgres_db       6.3 TiB           0  ...   0 bytes       9.2 GiB     228.8 GiB
1        memory       0 bytes           0  ...   0 bytes       9.2 GiB     228.8 GiB

[2 rows x 9 columns]
2026-09-06 21:05:22.950 INFO Loading data (2017-03-07 00:00:00+00:00 -> 2017-04-06 00:00:00+00:00) done in 63.29s (real) and 51.98s (process)
2026-09-06 21:05:22.950 INFO Memory usage (start of timestep, peak): 52.61 GiB
2026-09-06 21:05:22.951 INFO Memory usage (start of timestep, current): 10.76 GiB
2026-09-06 21:05:22.951 INFO Calculating metrics
2026-09-06 21:05:22.951 INFO Calculating metric: preference_graph
Found 2284843 prefs in this timestep.
--- Preference graph ----
Vertices: 215736, edges: 904334 (+17630 this step)
Total edge weight: 26308651 (+2284843 this step)
Average degree: 8.38 (max so far 10.27)
Snapshots written so far: 4
2026-09-06 21:07:15.100 INFO [preference_graph.calculate] total=112.15s query=7.68s derive=20.88s elicit=82.41s graph=0.79s write=0.08s edges=904334 new_edges=17630
2026-09-06 21:07:15.101 INFO Memory usage (end of timestep, peak): 52.61 GiB
2026-09-06 21:07:15.101 INFO Memory usage (end of timestep, current): 13.60 GiB
2026-09-06 21:07:15.102 INFO (Iteration 53) preference_graph: real 112.15s | cpu 119.36s
2026-09-06 21:07:15.102 INFO Iteration 53 finished in 175.45s (real) and 171.33s (process)
2026-09-06 21:07:15.103 INFO Start timestep 2017-04-06 00:00:00+00:00 -> 2017-05-06 00:00:00+00:00
2026-09-06 21:08:46.234 INFO DuckDB memory logs:
  database_name database_size  block_size  ...  wal_size  memory_usage  memory_limit
0   postgres_db       6.3 TiB           0  ...   0 bytes      13.2 GiB     228.8 GiB
1        memory       0 bytes           0  ...   0 bytes      13.2 GiB     228.8 GiB

[2 rows x 9 columns]
2026-09-06 21:08:46.235 INFO Loading data (2017-04-06 00:00:00+00:00 -> 2017-05-06 00:00:00+00:00) done in 91.13s (real) and 65.88s (process)
2026-09-06 21:08:46.235 INFO Memory usage (start of timestep, peak): 52.61 GiB
2026-09-06 21:08:46.236 INFO Memory usage (start of timestep, current): 14.96 GiB
2026-09-06 21:08:46.236 INFO Calculating metrics
2026-09-06 21:08:46.236 INFO Calculating metric: preference_graph
Found 1841424 prefs in this timestep.
--- Preference graph ----
Vertices: 217847, edges: 922620 (+18286 this step)
Total edge weight: 28150075 (+1841424 this step)
Average degree: 8.47 (max so far 10.27)
Snapshots written so far: 4
2026-09-06 21:12:52.854 INFO [preference_graph.calculate] total=246.62s query=10.01s derive=25.49s elicit=209.97s graph=0.74s write=0.05s edges=922620 new_edges=18286
2026-09-06 21:12:52.855 INFO Memory usage (end of timestep, peak): 52.61 GiB
2026-09-06 21:12:52.855 INFO Memory usage (end of timestep, current): 18.00 GiB
2026-09-06 21:12:52.855 INFO (Iteration 54) preference_graph: real 246.62s | cpu 256.80s
2026-09-06 21:12:52.855 INFO Iteration 54 finished in 337.75s (real) and 322.68s (process)
2026-09-06 21:12:52.856 INFO Start timestep 2017-05-06 00:00:00+00:00 -> 2017-06-05 00:00:00+00:00
2026-09-06 21:14:52.149 INFO DuckDB memory logs:
  database_name database_size  block_size  ...  wal_size  memory_usage  memory_limit
0   postgres_db       6.3 TiB           0  ...   0 bytes      17.4 GiB     228.8 GiB
1        memory       0 bytes           0  ...   0 bytes      17.4 GiB     228.8 GiB

[2 rows x 9 columns]
2026-09-06 21:14:52.150 INFO Loading data (2017-05-06 00:00:00+00:00 -> 2017-06-05 00:00:00+00:00) done in 119.29s (real) and 87.12s (process)
2026-09-06 21:14:52.150 INFO Memory usage (start of timestep, peak): 52.61 GiB
2026-09-06 21:14:52.150 INFO Memory usage (start of timestep, current): 19.41 GiB
2026-09-06 21:14:52.150 INFO Calculating metrics
2026-09-06 21:14:52.150 INFO Calculating metric: preference_graph
Found 892982 prefs in this timestep.
--- Preference graph ----
Vertices: 232929, edges: 986346 (+63726 this step)
Total edge weight: 29043057 (+892982 this step)
Average degree: 8.47 (max so far 10.27)
Snapshots written so far: 4
2026-09-06 21:19:37.295 INFO [preference_graph.calculate] total=285.14s query=14.69s derive=30.46s elicit=238.87s graph=0.68s write=0.05s edges=986346 new_edges=63726
2026-09-06 21:19:37.296 INFO Memory usage (end of timestep, peak): 52.61 GiB
2026-09-06 21:19:37.297 INFO Memory usage (end of timestep, current): 22.60 GiB
2026-09-06 21:19:37.297 INFO (Iteration 55) preference_graph: real 285.15s | cpu 299.60s
2026-09-06 21:19:37.297 INFO Iteration 55 finished in 404.44s (real) and 386.72s (process)
2026-09-06 21:19:37.298 INFO Start timestep 2017-06-05 00:00:00+00:00 -> 2017-07-05 00:00:00+00:00
2026-09-06 21:23:12.253 INFO DuckDB memory logs:
  database_name database_size  block_size  ...  wal_size  memory_usage  memory_limit
0   postgres_db       6.3 TiB           0  ...   0 bytes      30.7 GiB     228.8 GiB
1        memory       0 bytes           0  ...   0 bytes      30.7 GiB     228.8 GiB

[2 rows x 9 columns]
2026-09-06 21:23:12.254 INFO Loading data (2017-06-05 00:00:00+00:00 -> 2017-07-05 00:00:00+00:00) done in 214.96s (real) and 161.16s (process)
2026-09-06 21:23:12.254 INFO Memory usage (start of timestep, peak): 52.61 GiB
2026-09-06 21:23:12.254 INFO Memory usage (start of timestep, current): 32.62 GiB
2026-09-06 21:23:12.254 INFO Calculating metrics
2026-09-06 21:23:12.254 INFO Calculating metric: preference_graph
Found 1286262 prefs in this timestep.
--- Preference graph ----
Vertices: 288203, edges: 1116319 (+129973 this step)
Total edge weight: 30329319 (+1286262 this step)
Average degree: 7.75 (max so far 10.27)
Snapshots written so far: 4
2026-09-06 21:28:53.280 INFO [preference_graph.calculate] total=341.03s query=22.17s derive=45.41s elicit=271.83s graph=0.92s write=0.10s edges=1116319 new_edges=129973
2026-09-06 21:28:53.293 INFO Memory usage (end of timestep, peak): 53.32 GiB
2026-09-06 21:28:53.294 INFO Memory usage (end of timestep, current): 33.08 GiB
2026-09-06 21:28:53.294 INFO (Iteration 56) preference_graph: real 341.04s | cpu 365.53s
2026-09-06 21:28:53.294 INFO Iteration 56 finished in 556.00s (real) and 526.70s (process)
2026-09-06 21:28:53.295 INFO Start timestep 2017-07-05 00:00:00+00:00 -> 2017-08-04 00:00:00+00:00
2026-09-06 21:34:09.214 INFO DuckDB memory logs:
  database_name database_size  block_size  ...  wal_size  memory_usage  memory_limit
0   postgres_db       6.3 TiB           0  ...   0 bytes      43.6 GiB     228.8 GiB
1        memory       0 bytes           0  ...   0 bytes      43.6 GiB     228.8 GiB

[2 rows x 9 columns]
2026-09-06 21:34:09.227 INFO Loading data (2017-07-05 00:00:00+00:00 -> 2017-08-04 00:00:00+00:00) done in 315.93s (real) and 241.67s (process)
2026-09-06 21:34:09.228 INFO Memory usage (start of timestep, peak): 53.32 GiB
2026-09-06 21:34:09.228 INFO Memory usage (start of timestep, current): 44.59 GiB
2026-09-06 21:34:09.228 INFO Calculating metrics
2026-09-06 21:34:09.228 INFO Calculating metric: preference_graph
Found 3089461 prefs in this timestep.
--- Preference graph ----
Vertices: 289825, edges: 1153805 (+37486 this step)
Total edge weight: 33418780 (+3089461 this step)
Average degree: 7.96 (max so far 10.27)
Snapshots written so far: 4
2026-09-06 21:46:00.018 INFO [preference_graph.calculate] total=710.79s query=37.02s derive=72.36s elicit=599.44s graph=1.14s write=0.05s edges=1153805 new_edges=37486
2026-09-06 21:46:00.031 INFO Memory usage (end of timestep, peak): 75.97 GiB
2026-09-06 21:46:00.031 INFO Memory usage (end of timestep, current): 47.42 GiB
2026-09-06 21:46:00.032 INFO (Iteration 57) preference_graph: real 710.80s | cpu 744.36s
2026-09-06 21:46:00.032 INFO Iteration 57 finished in 1026.74s (real) and 986.04s (process)
2026-09-06 21:46:00.033 INFO Start timestep 2017-08-04 00:00:00+00:00 -> 2017-09-03 00:00:00+00:00
2026-09-06 21:56:42.264 INFO DuckDB memory logs:
  database_name database_size  block_size  ...  wal_size  memory_usage  memory_limit
0   postgres_db       6.3 TiB           0  ...   0 bytes      79.4 GiB     228.8 GiB
1        memory       0 bytes           0  ...   0 bytes      79.4 GiB     228.8 GiB

[2 rows x 9 columns]
2026-09-06 21:56:42.265 INFO Loading data (2017-08-04 00:00:00+00:00 -> 2017-09-03 00:00:00+00:00) done in 642.23s (real) and 498.50s (process)
2026-09-06 21:56:42.265 INFO Memory usage (start of timestep, peak): 81.19 GiB
2026-09-06 21:56:42.265 INFO Memory usage (start of timestep, current): 81.20 GiB
2026-09-06 21:56:42.265 INFO Calculating metrics
2026-09-06 21:56:42.265 INFO Calculating metric: preference_graph
Found 1340354 prefs in this timestep.
--- Preference graph ----
Vertices: 313289, edges: 1179906 (+26101 this step)
Total edge weight: 34759134 (+1340354 this step)
Average degree: 7.53 (max so far 10.27)
Snapshots written so far: 4
2026-09-06 22:21:09.642 INFO [preference_graph.calculate] total=1467.38s query=81.92s derive=146.04s elicit=1236.90s graph=0.98s write=0.06s edges=1179906 new_edges=26101
2026-09-06 22:21:09.644 INFO Memory usage (end of timestep, peak): 139.69 GiB
2026-09-06 22:21:09.644 INFO Memory usage (end of timestep, current): 84.88 GiB
2026-09-06 22:21:09.644 INFO (Iteration 58) preference_graph: real 1467.38s | cpu 1530.16s
2026-09-06 22:21:09.645 INFO Iteration 58 finished in 2109.61s (real) and 2028.66s (process)
2026-09-06 22:21:09.646 INFO Start timestep 2017-09-03 00:00:00+00:00 -> 2017-10-03 00:00:00+00:00
2026-09-06 22:39:27.365 INFO DuckDB memory logs:
  database_name database_size  block_size  ...  wal_size  memory_usage  memory_limit
0   postgres_db       6.3 TiB           0  ...   0 bytes     132.1 GiB     228.8 GiB
1        memory       0 bytes           0  ...   0 bytes     132.1 GiB     228.8 GiB

[2 rows x 9 columns]
2026-09-06 22:39:27.378 INFO Loading data (2017-09-03 00:00:00+00:00 -> 2017-10-03 00:00:00+00:00) done in 1097.73s (real) and 900.14s (process)
2026-09-06 22:39:27.378 INFO Memory usage (start of timestep, peak): 139.69 GiB
2026-09-06 22:39:27.378 INFO Memory usage (start of timestep, current): 133.48 GiB
2026-09-06 22:39:27.379 INFO Calculating metrics
2026-09-06 22:39:27.379 INFO Calculating metric: preference_graph
Found 11916798 prefs in this timestep.
2026-09-06 23:26:47.077 INFO [preference_graph] saved snapshot /sc/home/jannes.malanowski/mp2025-wikiwatch-1/preference_graphs/preference_graph_2017-10-03.{gt.gz,csv.gz} (334303 vertices, 1580240 edges) in 7.44s
--- Preference graph ----
Vertices: 334303, edges: 1580240 (+400334 this step)
Total edge weight: 46675932 (+11916798 this step)
Average degree: 9.45 (max so far 10.27)
Snapshots written so far: 5
2026-09-06 23:26:47.164 INFO [preference_graph.calculate] total=2839.78s query=266.99s derive=403.18s elicit=2153.83s graph=4.33s save=7.45s write=0.07s edges=1580240 new_edges=400334
2026-09-06 23:26:47.164 INFO Memory usage (end of timestep, peak): 228.97 GiB
2026-09-06 23:26:47.164 INFO Memory usage (end of timestep, current): 140.05 GiB
2026-09-06 23:26:47.165 INFO (Iteration 59) preference_graph: real 2839.79s | cpu 2963.32s
2026-09-06 23:26:47.165 INFO Iteration 59 finished in 3937.52s (real) and 3863.47s (process)
2026-09-06 23:26:47.171 INFO Start timestep 2017-10-03 00:00:00+00:00 -> 2017-11-02 00:00:00+00:00
2026-09-06 23:31:17.680 INFO DuckDB memory logs:
  database_name database_size  block_size  ...  wal_size  memory_usage  memory_limit
0   postgres_db       6.3 TiB           0  ...   0 bytes      30.4 GiB     228.8 GiB
1        memory       0 bytes           0  ...   0 bytes      30.4 GiB     228.8 GiB

[2 rows x 9 columns]
2026-09-06 23:31:17.681 INFO Loading data (2017-10-03 00:00:00+00:00 -> 2017-11-02 00:00:00+00:00) done in 270.51s (real) and 235.45s (process)
2026-09-06 23:31:17.681 INFO Memory usage (start of timestep, peak): 228.97 GiB
2026-09-06 23:31:17.681 INFO Memory usage (start of timestep, current): 38.07 GiB
2026-09-06 23:31:17.681 INFO Calculating metrics
2026-09-06 23:31:17.681 INFO Calculating metric: preference_graph
Found 2854792 prefs in this timestep.
--- Preference graph ----
Vertices: 336757, edges: 1665531 (+85291 this step)
Total edge weight: 49530724 (+2854792 this step)
Average degree: 9.89 (max so far 10.27)
Snapshots written so far: 5
2026-09-06 23:39:27.678 INFO [preference_graph.calculate] total=490.00s query=26.38s derive=52.85s elicit=408.29s graph=1.57s write=0.06s edges=1665531 new_edges=85291
2026-09-06 23:39:27.691 INFO Memory usage (end of timestep, peak): 228.97 GiB
2026-09-06 23:39:27.692 INFO Memory usage (end of timestep, current): 47.15 GiB
2026-09-06 23:39:27.692 INFO (Iteration 60) preference_graph: real 490.01s | cpu 514.80s
2026-09-06 23:39:27.692 INFO Iteration 60 finished in 760.52s (real) and 750.25s (process)
2026-09-06 23:39:27.693 INFO Start timestep 2017-11-02 00:00:00+00:00 -> 2017-12-02 00:00:00+00:00
2026-09-06 23:44:34.584 INFO DuckDB memory logs:
  database_name database_size  block_size  ...  wal_size  memory_usage  memory_limit
0   postgres_db       6.3 TiB           0  ...   0 bytes      39.3 GiB     228.8 GiB
1        memory       0 bytes           0  ...   0 bytes      39.3 GiB     228.8 GiB

[2 rows x 9 columns]
2026-09-06 23:44:34.585 INFO Loading data (2017-11-02 00:00:00+00:00 -> 2017-12-02 00:00:00+00:00) done in 306.89s (real) and 449.30s (process)
2026-09-06 23:44:34.585 INFO Memory usage (start of timestep, peak): 228.97 GiB
2026-09-06 23:44:34.585 INFO Memory usage (start of timestep, current): 45.20 GiB
2026-09-06 23:44:34.585 INFO Calculating metrics
2026-09-06 23:44:34.586 INFO Calculating metric: preference_graph
Found 313596 prefs in this timestep.
--- Preference graph ----
Vertices: 337512, edges: 1670836 (+5305 this step)
Total edge weight: 49844320 (+313596 this step)
Average degree: 9.90 (max so far 10.27)
Snapshots written so far: 5
2026-09-06 23:53:39.471 INFO [preference_graph.calculate] total=544.89s query=32.78s derive=51.84s elicit=458.94s graph=0.76s write=0.06s edges=1670836 new_edges=5305
2026-09-06 23:53:39.484 INFO Memory usage (end of timestep, peak): 228.97 GiB
2026-09-06 23:53:39.485 INFO Memory usage (end of timestep, current): 57.18 GiB
2026-09-06 23:53:39.485 INFO (Iteration 61) preference_graph: real 544.90s | cpu 572.90s
2026-09-06 23:53:39.485 INFO Iteration 61 finished in 851.79s (real) and 1022.20s (process)
2026-09-06 23:53:39.486 INFO Start timestep 2017-12-02 00:00:00+00:00 -> 2018-01-01 00:00:00+00:00
2026-09-07 00:00:06.961 INFO DuckDB memory logs:
  database_name database_size  block_size  ...  wal_size  memory_usage  memory_limit
0   postgres_db       6.3 TiB           0  ...   0 bytes      54.6 GiB     228.8 GiB
1        memory       0 bytes           0  ...   0 bytes      54.6 GiB     228.8 GiB

[2 rows x 9 columns]
2026-09-07 00:00:06.976 INFO Loading data (2017-12-02 00:00:00+00:00 -> 2018-01-01 00:00:00+00:00) done in 387.49s (real) and 305.59s (process)
2026-09-07 00:00:06.976 INFO Memory usage (start of timestep, peak): 228.97 GiB
2026-09-07 00:00:06.976 INFO Memory usage (start of timestep, current): 59.75 GiB
2026-09-07 00:00:06.976 INFO Calculating metrics
2026-09-07 00:00:06.977 INFO Calculating metric: preference_graph
Found 1368039 prefs in this timestep.
--- Preference graph ----
Vertices: 337995, edges: 1671789 (+953 this step)
Total edge weight: 51212359 (+1368039 this step)
Average degree: 9.89 (max so far 10.27)
Snapshots written so far: 5
2026-09-07 00:10:57.709 INFO [preference_graph.calculate] total=650.73s query=46.31s derive=97.46s elicit=504.81s graph=0.93s write=0.05s edges=1671789 new_edges=953
2026-09-07 00:10:57.722 INFO Memory usage (end of timestep, peak): 228.97 GiB
2026-09-07 00:10:57.723 INFO Memory usage (end of timestep, current): 71.23 GiB
2026-09-07 00:10:57.723 INFO (Iteration 62) preference_graph: real 650.75s | cpu 694.81s
2026-09-07 00:10:57.723 INFO Iteration 62 finished in 1038.24s (real) and 1000.40s (process)
2026-09-07 00:10:57.724 INFO Start timestep 2018-01-01 00:00:00+00:00 -> 2018-01-31 00:00:00+00:00
2026-09-07 00:13:17.827 INFO DuckDB memory logs:
  database_name database_size  block_size  ...  wal_size  memory_usage  memory_limit
0   postgres_db       6.3 TiB           0  ...   0 bytes      16.9 GiB     228.8 GiB
1        memory       0 bytes           0  ...   0 bytes      16.9 GiB     228.8 GiB

[2 rows x 9 columns]
2026-09-07 00:13:17.828 INFO Loading data (2018-01-01 00:00:00+00:00 -> 2018-01-31 00:00:00+00:00) done in 140.10s (real) and 114.29s (process)
2026-09-07 00:13:17.828 INFO Memory usage (start of timestep, peak): 228.97 GiB
2026-09-07 00:13:17.828 INFO Memory usage (start of timestep, current): 21.67 GiB
2026-09-07 00:13:17.828 INFO Calculating metrics
2026-09-07 00:13:17.828 INFO Calculating metric: preference_graph
Found 726390 prefs in this timestep.
--- Preference graph ----
Vertices: 338806, edges: 1685780 (+13991 this step)
Total edge weight: 51938749 (+726390 this step)
Average degree: 9.95 (max so far 10.27)
Snapshots written so far: 5
2026-09-07 00:16:18.921 INFO [preference_graph.calculate] total=181.09s query=20.19s derive=33.07s elicit=126.50s graph=0.86s write=0.05s edges=1685780 new_edges=13991
2026-09-07 00:16:18.922 INFO Memory usage (end of timestep, peak): 228.97 GiB
2026-09-07 00:16:18.922 INFO Memory usage (end of timestep, current): 29.76 GiB
2026-09-07 00:16:18.922 INFO (Iteration 63) preference_graph: real 181.09s | cpu 195.22s
2026-09-07 00:16:18.923 INFO Iteration 63 finished in 321.20s (real) and 309.51s (process)
2026-09-07 00:16:18.923 INFO Start timestep 2018-01-31 00:00:00+00:00 -> 2018-03-02 00:00:00+00:00
2026-09-07 00:22:33.962 INFO DuckDB memory logs:
  database_name database_size  block_size  ...  wal_size  memory_usage  memory_limit
0   postgres_db       6.3 TiB           0  ...   0 bytes      53.1 GiB     228.8 GiB
1        memory       0 bytes           0  ...   0 bytes      53.1 GiB     228.8 GiB

[2 rows x 9 columns]
2026-09-07 00:22:33.974 INFO Loading data (2018-01-31 00:00:00+00:00 -> 2018-03-02 00:00:00+00:00) done in 375.05s (real) and 293.50s (process)
2026-09-07 00:22:33.975 INFO Memory usage (start of timestep, peak): 228.97 GiB
2026-09-07 00:22:33.975 INFO Memory usage (start of timestep, current): 56.15 GiB
2026-09-07 00:22:33.975 INFO Calculating metrics
2026-09-07 00:22:33.975 INFO Calculating metric: preference_graph
Found 656083 prefs in this timestep.
--- Preference graph ----
Vertices: 339666, edges: 1690449 (+4669 this step)
Total edge weight: 52594832 (+656083 this step)
Average degree: 9.95 (max so far 10.27)
Snapshots written so far: 5
2026-09-07 00:34:26.846 INFO [preference_graph.calculate] total=712.87s query=46.64s derive=105.46s elicit=558.71s graph=0.75s write=0.05s edges=1690449 new_edges=4669
2026-09-07 00:34:26.859 INFO Memory usage (end of timestep, peak): 228.97 GiB
2026-09-07 00:34:26.859 INFO Memory usage (end of timestep, current): 71.23 GiB
2026-09-07 00:34:26.859 INFO (Iteration 64) preference_graph: real 712.88s | cpu 757.38s
2026-09-07 00:34:26.859 INFO Iteration 64 finished in 1087.94s (real) and 1050.88s (process)
2026-09-07 00:34:26.861 INFO Start timestep 2018-03-02 00:00:00+00:00 -> 2018-04-01 00:00:00+00:00
2026-09-07 00:39:37.035 INFO DuckDB memory logs:
  database_name database_size  block_size  ...  wal_size  memory_usage  memory_limit
0   postgres_db       6.3 TiB           0  ...   0 bytes      42.0 GiB     228.8 GiB
1        memory       0 bytes           0  ...   0 bytes      42.0 GiB     228.8 GiB

[2 rows x 9 columns]
2026-09-07 00:39:37.036 INFO Loading data (2018-03-02 00:00:00+00:00 -> 2018-04-01 00:00:00+00:00) done in 310.18s (real) and 248.22s (process)
2026-09-07 00:39:37.036 INFO Memory usage (start of timestep, peak): 228.97 GiB
2026-09-07 00:39:37.037 INFO Memory usage (start of timestep, current): 46.65 GiB
2026-09-07 00:39:37.037 INFO Calculating metrics
2026-09-07 00:39:37.037 INFO Calculating metric: preference_graph
Found 960700 prefs in this timestep.
--- Preference graph ----
Vertices: 340736, edges: 1706272 (+15823 this step)
Total edge weight: 53555532 (+960700 this step)
Average degree: 10.02 (max so far 10.27)
Snapshots written so far: 5
2026-09-07 00:48:16.341 INFO [preference_graph.calculate] total=519.30s query=39.10s derive=83.55s elicit=394.66s graph=0.91s write=0.05s edges=1706272 new_edges=15823
2026-09-07 00:48:16.354 INFO Memory usage (end of timestep, peak): 228.97 GiB
2026-09-07 00:48:16.354 INFO Memory usage (end of timestep, current): 60.50 GiB
2026-09-07 00:48:16.355 INFO (Iteration 65) preference_graph: real 519.32s | cpu 559.54s
2026-09-07 00:48:16.355 INFO Iteration 65 finished in 829.49s (real) and 807.76s (process)
2026-09-07 00:48:16.356 INFO Start timestep 2018-04-01 00:00:00+00:00 -> 2018-05-01 00:00:00+00:00
2026-09-07 00:52:09.835 INFO DuckDB memory logs:
  database_name database_size  block_size  ...  wal_size  memory_usage  memory_limit
0   postgres_db       6.3 TiB           0  ...   0 bytes      29.7 GiB     228.8 GiB
1        memory       0 bytes           0  ...   0 bytes      29.7 GiB     228.8 GiB

[2 rows x 9 columns]
2026-09-07 00:52:09.835 INFO Loading data (2018-04-01 00:00:00+00:00 -> 2018-05-01 00:00:00+00:00) done in 233.48s (real) and 182.50s (process)
2026-09-07 00:52:09.836 INFO Memory usage (start of timestep, peak): 228.97 GiB
2026-09-07 00:52:09.836 INFO Memory usage (start of timestep, current): 35.23 GiB
2026-09-07 00:52:09.836 INFO Calculating metrics
2026-09-07 00:52:09.836 INFO Calculating metric: preference_graph
Found 40070 prefs in this timestep.
--- Preference graph ----
Vertices: 341734, edges: 1713828 (+7556 this step)
Total edge weight: 53595602 (+40070 this step)
Average degree: 10.03 (max so far 10.27)
Snapshots written so far: 5
2026-09-07 00:58:22.643 INFO [preference_graph.calculate] total=372.81s query=23.94s derive=53.72s elicit=293.76s graph=0.64s write=0.06s edges=1713828 new_edges=7556
2026-09-07 00:58:22.656 INFO Memory usage (end of timestep, peak): 228.97 GiB
2026-09-07 00:58:22.657 INFO Memory usage (end of timestep, current): 45.81 GiB
2026-09-07 00:58:22.657 INFO (Iteration 66) preference_graph: real 372.82s | cpu 395.53s
2026-09-07 00:58:22.657 INFO Iteration 66 finished in 606.30s (real) and 578.03s (process)
2026-09-07 00:58:22.658 INFO Start timestep 2018-05-01 00:00:00+00:00 -> 2018-05-31 00:00:00+00:00
2026-09-07 01:04:19.140 INFO DuckDB memory logs:
  database_name database_size  block_size  ...  wal_size  memory_usage  memory_limit
0   postgres_db       6.3 TiB           0  ...   0 bytes      50.2 GiB     228.8 GiB
1        memory       0 bytes           0  ...   0 bytes      50.2 GiB     228.8 GiB

[2 rows x 9 columns]
2026-09-07 01:04:19.153 INFO Loading data (2018-05-01 00:00:00+00:00 -> 2018-05-31 00:00:00+00:00) done in 356.50s (real) and 293.22s (process)
2026-09-07 01:04:19.154 INFO Memory usage (start of timestep, peak): 228.97 GiB
2026-09-07 01:04:19.154 INFO Memory usage (start of timestep, current): 54.80 GiB
2026-09-07 01:04:19.154 INFO Calculating metrics
2026-09-07 01:04:19.154 INFO Calculating metric: preference_graph
Found 615243 prefs in this timestep.
--- Preference graph ----
Vertices: 381169, edges: 1754364 (+40536 this step)
Total edge weight: 54210845 (+615243 this step)
Average degree: 9.21 (max so far 10.27)
Snapshots written so far: 5
2026-09-07 01:16:16.073 INFO [preference_graph.calculate] total=716.92s query=43.97s derive=100.23s elicit=570.72s graph=0.94s write=0.06s edges=1754364 new_edges=40536
2026-09-07 01:16:16.086 INFO Memory usage (end of timestep, peak): 228.97 GiB
2026-09-07 01:16:16.087 INFO Memory usage (end of timestep, current): 69.51 GiB
2026-09-07 01:16:16.087 INFO (Iteration 67) preference_graph: real 716.93s | cpu 757.87s
2026-09-07 01:16:16.087 INFO Iteration 67 finished in 1073.43s (real) and 1051.09s (process)
2026-09-07 01:16:16.088 INFO Start timestep 2018-05-31 00:00:00+00:00 -> 2018-06-30 00:00:00+00:00
2026-09-07 01:22:01.388 INFO DuckDB memory logs:
  database_name database_size  block_size  ...  wal_size  memory_usage  memory_limit
0   postgres_db       6.3 TiB           0  ...   0 bytes      46.9 GiB     228.8 GiB
1        memory       0 bytes           0  ...   0 bytes      46.9 GiB     228.8 GiB

[2 rows x 9 columns]
2026-09-07 01:22:01.401 INFO Loading data (2018-05-31 00:00:00+00:00 -> 2018-06-30 00:00:00+00:00) done in 345.31s (real) and 276.86s (process)
2026-09-07 01:22:01.401 INFO Memory usage (start of timestep, peak): 228.97 GiB
2026-09-07 01:22:01.402 INFO Memory usage (start of timestep, current): 52.45 GiB
2026-09-07 01:22:01.402 INFO Calculating metrics
2026-09-07 01:22:01.402 INFO Calculating metric: preference_graph
Found 2981789 prefs in this timestep.
--- Preference graph ----
Vertices: 391593, edges: 1771963 (+17599 this step)
Total edge weight: 57192634 (+2981789 this step)
Average degree: 9.05 (max so far 10.27)
Snapshots written so far: 5
2026-09-07 01:32:31.055 INFO [preference_graph.calculate] total=629.65s query=40.86s derive=97.99s elicit=487.97s graph=1.51s write=0.05s edges=1771963 new_edges=17599
2026-09-07 01:32:31.069 INFO Memory usage (end of timestep, peak): 228.97 GiB
2026-09-07 01:32:31.069 INFO Memory usage (end of timestep, current): 67.02 GiB
2026-09-07 01:32:31.070 INFO (Iteration 68) preference_graph: real 629.67s | cpu 670.94s
2026-09-07 01:32:31.070 INFO Iteration 68 finished in 974.98s (real) and 947.81s (process)
2026-09-07 01:32:31.071 INFO Start timestep 2018-06-30 00:00:00+00:00 -> 2018-07-30 00:00:00+00:00
2026-09-07 01:39:26.532 INFO DuckDB memory logs:
  database_name database_size  block_size  ...  wal_size  memory_usage  memory_limit
0   postgres_db       6.3 TiB           0  ...   0 bytes      58.1 GiB     228.8 GiB
1        memory       0 bytes           0  ...   0 bytes      58.1 GiB     228.8 GiB

[2 rows x 9 columns]
2026-09-07 01:39:26.545 INFO Loading data (2018-06-30 00:00:00+00:00 -> 2018-07-30 00:00:00+00:00) done in 415.47s (real) and 331.42s (process)
2026-09-07 01:39:26.545 INFO Memory usage (start of timestep, peak): 228.97 GiB
2026-09-07 01:39:26.545 INFO Memory usage (start of timestep, current): 63.48 GiB
2026-09-07 01:39:26.545 INFO Calculating metrics
2026-09-07 01:39:26.546 INFO Calculating metric: preference_graph
Found 832732 prefs in this timestep.
--- Preference graph ----
Vertices: 395585, edges: 1777058 (+5095 this step)
Total edge weight: 58025366 (+832732 this step)
Average degree: 8.98 (max so far 10.27)
Snapshots written so far: 5
2026-09-07 01:54:13.369 INFO [preference_graph.calculate] total=886.82s query=47.69s derive=118.62s elicit=718.30s graph=0.86s write=0.04s edges=1777058 new_edges=5095
2026-09-07 01:54:13.382 INFO Memory usage (end of timestep, peak): 228.97 GiB
2026-09-07 01:54:13.382 INFO Memory usage (end of timestep, current): 77.19 GiB
2026-09-07 01:54:13.383 INFO (Iteration 69) preference_graph: real 886.84s | cpu 934.62s
2026-09-07 01:54:13.383 INFO Iteration 69 finished in 1302.31s (real) and 1266.05s (process)
2026-09-07 01:54:13.384 INFO Start timestep 2018-07-30 00:00:00+00:00 -> 2018-08-29 00:00:00+00:00
2026-09-07 01:59:28.857 INFO DuckDB memory logs:
  database_name database_size  block_size  ...  wal_size  memory_usage  memory_limit
0   postgres_db       6.3 TiB           0  ...   0 bytes      42.7 GiB     228.8 GiB
1        memory       0 bytes           0  ...   0 bytes      42.7 GiB     228.8 GiB

[2 rows x 9 columns]
2026-09-07 01:59:28.870 INFO Loading data (2018-07-30 00:00:00+00:00 -> 2018-08-29 00:00:00+00:00) done in 315.49s (real) and 254.09s (process)
2026-09-07 01:59:28.870 INFO Memory usage (start of timestep, peak): 228.97 GiB
2026-09-07 01:59:28.871 INFO Memory usage (start of timestep, current): 48.71 GiB
2026-09-07 01:59:28.871 INFO Calculating metrics
2026-09-07 01:59:28.871 INFO Calculating metric: preference_graph
Found 2108073 prefs in this timestep.
--- Preference graph ----
Vertices: 397214, edges: 1798229 (+21171 this step)
Total edge weight: 60133439 (+2108073 this step)
Average degree: 9.05 (max so far 10.27)
Snapshots written so far: 5
2026-09-07 02:09:27.429 INFO [preference_graph.calculate] total=598.56s query=36.36s derive=89.26s elicit=470.70s graph=1.23s write=0.05s edges=1798229 new_edges=21171
2026-09-07 02:09:27.442 INFO Memory usage (end of timestep, peak): 228.97 GiB
2026-09-07 02:09:27.442 INFO Memory usage (end of timestep, current): 62.90 GiB
2026-09-07 02:09:27.443 INFO (Iteration 70) preference_graph: real 598.57s | cpu 634.94s
2026-09-07 02:09:27.443 INFO Iteration 70 finished in 914.06s (real) and 889.03s (process)
2026-09-07 02:09:27.444 INFO Start timestep 2018-08-29 00:00:00+00:00 -> 2018-09-28 00:00:00+00:00
2026-09-07 02:15:55.445 INFO DuckDB memory logs:
  database_name database_size  block_size  ...  wal_size  memory_usage  memory_limit
0   postgres_db       6.3 TiB           0  ...   0 bytes      53.6 GiB     228.8 GiB
1        memory       0 bytes           0  ...   0 bytes      53.6 GiB     228.8 GiB

[2 rows x 9 columns]
2026-09-07 02:15:55.457 INFO Loading data (2018-08-29 00:00:00+00:00 -> 2018-09-28 00:00:00+00:00) done in 388.01s (real) and 308.18s (process)
2026-09-07 02:15:55.458 INFO Memory usage (start of timestep, peak): 228.97 GiB
2026-09-07 02:15:55.458 INFO Memory usage (start of timestep, current): 59.35 GiB
2026-09-07 02:15:55.458 INFO Calculating metrics
2026-09-07 02:15:55.458 INFO Calculating metric: preference_graph
Found 1028656 prefs in this timestep.
2026-09-07 02:30:07.513 INFO [preference_graph] saved snapshot /sc/home/jannes.malanowski/mp2025-wikiwatch-1/preference_graphs/preference_graph_2018-09-28.{gt.gz,csv.gz} (398270 vertices, 1808055 edges) in 8.43s
--- Preference graph ----
Vertices: 398270, edges: 1808055 (+9826 this step)
Total edge weight: 61162095 (+1028656 this step)
Average degree: 9.08 (max so far 10.27)
Snapshots written so far: 6
2026-09-07 02:30:07.576 INFO [preference_graph.calculate] total=852.12s query=44.01s derive=123.25s elicit=673.97s graph=0.98s save=8.45s write=0.04s edges=1808055 new_edges=9826
2026-09-07 02:30:07.576 INFO Memory usage (end of timestep, peak): 228.97 GiB
2026-09-07 02:30:07.576 INFO Memory usage (end of timestep, current): 74.89 GiB
2026-09-07 02:30:07.576 INFO (Iteration 71) preference_graph: real 852.12s | cpu 897.59s
2026-09-07 02:30:07.576 INFO Iteration 71 finished in 1240.13s (real) and 1205.77s (process)
2026-09-07 02:30:07.578 INFO Start timestep 2018-09-28 00:00:00+00:00 -> 2018-10-28 00:00:00+00:00
2026-09-07 02:40:37.292 INFO DuckDB memory logs:
  database_name database_size  block_size  ...  wal_size  memory_usage  memory_limit
0   postgres_db       6.3 TiB           0  ...   0 bytes      85.1 GiB     228.8 GiB
1        memory       0 bytes           0  ...   0 bytes      85.1 GiB     228.8 GiB

[2 rows x 9 columns]
2026-09-07 02:40:37.304 INFO Loading data (2018-09-28 00:00:00+00:00 -> 2018-10-28 00:00:00+00:00) done in 629.73s (real) and 507.02s (process)
2026-09-07 02:40:37.304 INFO Memory usage (start of timestep, peak): 228.97 GiB
2026-09-07 02:40:37.305 INFO Memory usage (start of timestep, current): 91.19 GiB
2026-09-07 02:40:37.305 INFO Calculating metrics
2026-09-07 02:40:37.305 INFO Calculating metric: preference_graph
Found 1486511 prefs in this timestep.
--- Preference graph ----
Vertices: 400929, edges: 1818453 (+10398 this step)
Total edge weight: 62648606 (+1486511 this step)
Average degree: 9.07 (max so far 10.27)
Snapshots written so far: 6
2026-09-07 03:02:20.788 INFO [preference_graph.calculate] total=1303.48s query=72.22s derive=181.52s elicit=1045.91s graph=1.17s write=0.05s edges=1818453 new_edges=10398
2026-09-07 03:02:20.802 INFO Memory usage (end of timestep, peak): 228.97 GiB
2026-09-07 03:02:20.802 INFO Memory usage (end of timestep, current): 104.52 GiB
2026-09-07 03:02:20.803 INFO (Iteration 72) preference_graph: real 1303.50s | cpu 1375.14s
2026-09-07 03:02:20.803 INFO Iteration 72 finished in 1933.23s (real) and 1882.16s (process)
2026-09-07 03:02:20.804 INFO Start timestep 2018-10-28 00:00:00+00:00 -> 2018-11-27 00:00:00+00:00
2026-09-07 03:06:44.811 INFO DuckDB memory logs:
  database_name database_size  block_size  ...  wal_size  memory_usage  memory_limit
0   postgres_db       6.3 TiB           0  ...   0 bytes      36.0 GiB     228.8 GiB
1        memory       0 bytes           0  ...   0 bytes      36.0 GiB     228.8 GiB

[2 rows x 9 columns]
2026-09-07 03:06:44.812 INFO Loading data (2018-10-28 00:00:00+00:00 -> 2018-11-27 00:00:00+00:00) done in 264.01s (real) and 211.36s (process)
2026-09-07 03:06:44.813 INFO Memory usage (start of timestep, peak): 228.97 GiB
2026-09-07 03:06:44.813 INFO Memory usage (start of timestep, current): 44.26 GiB
2026-09-07 03:06:44.813 INFO Calculating metrics
2026-09-07 03:06:44.813 INFO Calculating metric: preference_graph
Found 3416605 prefs in this timestep.
--- Preference graph ----
Vertices: 401768, edges: 1820343 (+1890 this step)
Total edge weight: 66065211 (+3416605 this step)
Average degree: 9.06 (max so far 10.27)
Snapshots written so far: 6
2026-09-07 03:15:21.987 INFO [preference_graph.calculate] total=517.17s query=23.91s derive=74.62s elicit=416.16s graph=1.52s write=0.05s edges=1820343 new_edges=1890
2026-09-07 03:15:22.000 INFO Memory usage (end of timestep, peak): 228.97 GiB
2026-09-07 03:15:22.000 INFO Memory usage (end of timestep, current): 56.74 GiB
2026-09-07 03:15:22.001 INFO (Iteration 73) preference_graph: real 517.19s | cpu 542.16s
2026-09-07 03:15:22.001 INFO Iteration 73 finished in 781.20s (real) and 753.52s (process)
2026-09-07 03:15:22.002 INFO Start timestep 2018-11-27 00:00:00+00:00 -> 2018-12-27 00:00:00+00:00
2026-09-07 03:19:45.462 INFO DuckDB memory logs:
  database_name database_size  block_size  ...  wal_size  memory_usage  memory_limit
0   postgres_db       6.3 TiB           0  ...   0 bytes      36.3 GiB     228.8 GiB
1        memory       0 bytes           0  ...   0 bytes      36.3 GiB     228.8 GiB

[2 rows x 9 columns]
2026-09-07 03:19:45.464 INFO Loading data (2018-11-27 00:00:00+00:00 -> 2018-12-27 00:00:00+00:00) done in 263.46s (real) and 382.11s (process)
2026-09-07 03:19:45.464 INFO Memory usage (start of timestep, peak): 228.97 GiB
2026-09-07 03:19:45.464 INFO Memory usage (start of timestep, current): 44.30 GiB
2026-09-07 03:19:45.464 INFO Calculating metrics
2026-09-07 03:19:45.464 INFO Calculating metric: preference_graph
Found 1622740 prefs in this timestep.
--- Preference graph ----
Vertices: 402777, edges: 1828355 (+8012 this step)
Total edge weight: 67687951 (+1622740 this step)
Average degree: 9.08 (max so far 10.27)
Snapshots written so far: 6
2026-09-07 03:26:07.632 INFO [preference_graph.calculate] total=382.17s query=29.60s derive=72.53s elicit=278.12s graph=1.14s write=0.05s edges=1828355 new_edges=8012
2026-09-07 03:26:07.645 INFO Memory usage (end of timestep, peak): 228.97 GiB
2026-09-07 03:26:07.645 INFO Memory usage (end of timestep, current): 55.16 GiB
2026-09-07 03:26:07.646 INFO (Iteration 74) preference_graph: real 382.18s | cpu 409.38s
2026-09-07 03:26:07.646 INFO Iteration 74 finished in 645.64s (real) and 791.49s (process)
2026-09-07 03:26:07.647 INFO Start timestep 2018-12-27 00:00:00+00:00 -> 2019-01-26 00:00:00+00:00
2026-09-07 03:28:56.660 INFO DuckDB memory logs:
  database_name database_size  block_size  ...  wal_size  memory_usage  memory_limit
0   postgres_db       6.3 TiB           0  ...   0 bytes      23.4 GiB     228.8 GiB
1        memory       0 bytes           0  ...   0 bytes      23.4 GiB     228.8 GiB

[2 rows x 9 columns]
2026-09-07 03:28:56.660 INFO Loading data (2018-12-27 00:00:00+00:00 -> 2019-01-26 00:00:00+00:00) done in 169.01s (real) and 135.26s (process)
2026-09-07 03:28:56.661 INFO Memory usage (start of timestep, peak): 228.97 GiB
2026-09-07 03:28:56.661 INFO Memory usage (start of timestep, current): 30.59 GiB
2026-09-07 03:28:56.661 INFO Calculating metrics
2026-09-07 03:28:56.661 INFO Calculating metric: preference_graph
Found 2091170 prefs in this timestep.
--- Preference graph ----
Vertices: 404200, edges: 1878988 (+50633 this step)
Total edge weight: 69779121 (+2091170 this step)
Average degree: 9.30 (max so far 10.27)
Snapshots written so far: 6
2026-09-07 03:33:23.994 INFO [preference_graph.calculate] total=267.33s query=21.27s derive=47.73s elicit=196.51s graph=1.27s write=0.05s edges=1878988 new_edges=50633
2026-09-07 03:33:23.995 INFO Memory usage (end of timestep, peak): 228.97 GiB
2026-09-07 03:33:23.995 INFO Memory usage (end of timestep, current): 42.49 GiB
2026-09-07 03:33:23.995 INFO (Iteration 75) preference_graph: real 267.33s | cpu 287.77s
2026-09-07 03:33:23.996 INFO Iteration 75 finished in 436.35s (real) and 423.03s (process)
2026-09-07 03:33:23.997 INFO Start timestep 2019-01-26 00:00:00+00:00 -> 2019-02-25 00:00:00+00:00
2026-09-07 03:35:19.733 INFO DuckDB memory logs:
  database_name database_size  block_size  ...  wal_size  memory_usage  memory_limit
0   postgres_db       6.3 TiB           0  ...   0 bytes      16.1 GiB     228.8 GiB
1        memory       0 bytes           0  ...   0 bytes      16.1 GiB     228.8 GiB

[2 rows x 9 columns]
2026-09-07 03:35:19.734 INFO Loading data (2019-01-26 00:00:00+00:00 -> 2019-02-25 00:00:00+00:00) done in 115.74s (real) and 93.44s (process)
2026-09-07 03:35:19.734 INFO Memory usage (start of timestep, peak): 228.97 GiB
2026-09-07 03:35:19.734 INFO Memory usage (start of timestep, current): 24.36 GiB
2026-09-07 03:35:19.734 INFO Calculating metrics
2026-09-07 03:35:19.734 INFO Calculating metric: preference_graph
Found 442853 prefs in this timestep.
--- Preference graph ----
Vertices: 405426, edges: 1889070 (+10082 this step)
Total edge weight: 70221974 (+442853 this step)
Average degree: 9.32 (max so far 10.27)
Snapshots written so far: 6
2026-09-07 03:38:09.256 INFO [preference_graph.calculate] total=169.52s query=11.33s derive=28.25s elicit=128.71s graph=0.81s write=0.05s edges=1889070 new_edges=10082
2026-09-07 03:38:09.257 INFO Memory usage (end of timestep, peak): 228.97 GiB
2026-09-07 03:38:09.257 INFO Memory usage (end of timestep, current): 32.69 GiB
2026-09-07 03:38:09.257 INFO (Iteration 76) preference_graph: real 169.52s | cpu 180.49s
2026-09-07 03:38:09.257 INFO Iteration 76 finished in 285.26s (real) and 273.93s (process)
2026-09-07 03:38:09.258 INFO Start timestep 2019-02-25 00:00:00+00:00 -> 2019-03-27 00:00:00+00:00
2026-09-07 03:41:54.521 INFO DuckDB memory logs:
  database_name database_size  block_size  ...  wal_size  memory_usage  memory_limit
0   postgres_db       6.3 TiB           0  ...   0 bytes      33.0 GiB     228.8 GiB
1        memory       0 bytes           0  ...   0 bytes      33.0 GiB     228.8 GiB

[2 rows x 9 columns]
2026-09-07 03:41:54.522 INFO Loading data (2019-02-25 00:00:00+00:00 -> 2019-03-27 00:00:00+00:00) done in 225.26s (real) and 175.25s (process)
2026-09-07 03:41:54.522 INFO Memory usage (start of timestep, peak): 228.97 GiB
2026-09-07 03:41:54.522 INFO Memory usage (start of timestep, current): 39.68 GiB
2026-09-07 03:41:54.522 INFO Calculating metrics
2026-09-07 03:41:54.522 INFO Calculating metric: preference_graph
Found 10736715 prefs in this timestep.
--- Preference graph ----
Vertices: 456735, edges: 1958940 (+69870 this step)
Total edge weight: 80958689 (+10736715 this step)
Average degree: 8.58 (max so far 10.27)
Snapshots written so far: 6
2026-09-07 03:51:06.243 INFO [preference_graph.calculate] total=551.72s query=26.33s derive=70.10s elicit=450.42s graph=3.71s write=0.06s edges=1958940 new_edges=69870
2026-09-07 03:51:06.256 INFO Memory usage (end of timestep, peak): 228.97 GiB
2026-09-07 03:51:06.257 INFO Memory usage (end of timestep, current): 53.87 GiB
2026-09-07 03:51:06.257 INFO (Iteration 77) preference_graph: real 551.73s | cpu 578.76s
2026-09-07 03:51:06.257 INFO Iteration 77 finished in 777.00s (real) and 754.01s (process)
2026-09-07 03:51:06.259 INFO Start timestep 2019-03-27 00:00:00+00:00 -> 2019-04-26 00:00:00+00:00
2026-09-07 03:54:48.971 INFO DuckDB memory logs:
  database_name database_size  block_size  ...  wal_size  memory_usage  memory_limit
0   postgres_db       6.3 TiB           0  ...   0 bytes      31.5 GiB     228.8 GiB
1        memory       0 bytes           0  ...   0 bytes      31.5 GiB     228.8 GiB

[2 rows x 9 columns]
2026-09-07 03:54:48.972 INFO Loading data (2019-03-27 00:00:00+00:00 -> 2019-04-26 00:00:00+00:00) done in 222.71s (real) and 178.69s (process)
2026-09-07 03:54:48.973 INFO Memory usage (start of timestep, peak): 228.97 GiB
2026-09-07 03:54:48.973 INFO Memory usage (start of timestep, current): 38.58 GiB
2026-09-07 03:54:48.973 INFO Calculating metrics
2026-09-07 03:54:48.973 INFO Calculating metric: preference_graph
Found 1745102 prefs in this timestep.
--- Preference graph ----
Vertices: 457829, edges: 1961906 (+2966 this step)
Total edge weight: 82703791 (+1745102 this step)
Average degree: 8.57 (max so far 10.27)
Snapshots written so far: 6
2026-09-07 04:01:37.360 INFO [preference_graph.calculate] total=408.39s query=22.04s derive=43.42s elicit=341.14s graph=1.18s write=0.05s edges=1961906 new_edges=2966
2026-09-07 04:01:37.373 INFO Memory usage (end of timestep, peak): 228.97 GiB
2026-09-07 04:01:37.373 INFO Memory usage (end of timestep, current): 50.05 GiB
2026-09-07 04:01:37.374 INFO (Iteration 78) preference_graph: real 408.40s | cpu 431.77s
2026-09-07 04:01:37.374 INFO Iteration 78 finished in 631.12s (real) and 610.46s (process)
2026-09-07 04:01:37.376 INFO Start timestep 2019-04-26 00:00:00+00:00 -> 2019-05-26 00:00:00+00:00
2026-09-07 04:04:43.960 INFO DuckDB memory logs:
  database_name database_size  block_size  ...  wal_size  memory_usage  memory_limit
0   postgres_db       6.3 TiB           0  ...   0 bytes      24.5 GiB     228.8 GiB
1        memory       0 bytes           0  ...   0 bytes      24.5 GiB     228.8 GiB

[2 rows x 9 columns]
2026-09-07 04:04:43.960 INFO Loading data (2019-04-26 00:00:00+00:00 -> 2019-05-26 00:00:00+00:00) done in 186.58s (real) and 148.82s (process)
2026-09-07 04:04:43.960 INFO Memory usage (start of timestep, peak): 228.97 GiB
2026-09-07 04:04:43.961 INFO Memory usage (start of timestep, current): 32.44 GiB
2026-09-07 04:04:43.961 INFO Calculating metrics
2026-09-07 04:04:43.961 INFO Calculating metric: preference_graph
Found 1993035 prefs in this timestep.
--- Preference graph ----
Vertices: 459329, edges: 1973765 (+11859 this step)
Total edge weight: 84696826 (+1993035 this step)
Average degree: 8.59 (max so far 10.27)
Snapshots written so far: 6
2026-09-07 04:09:54.877 INFO [preference_graph.calculate] total=310.92s query=20.62s derive=51.24s elicit=236.92s graph=1.32s write=0.05s edges=1973765 new_edges=11859
2026-09-07 04:09:54.878 INFO Memory usage (end of timestep, peak): 228.97 GiB
2026-09-07 04:09:54.878 INFO Memory usage (end of timestep, current): 41.86 GiB
2026-09-07 04:09:54.878 INFO (Iteration 79) preference_graph: real 310.92s | cpu 331.07s
2026-09-07 04:09:54.878 INFO Iteration 79 finished in 497.50s (real) and 479.89s (process)
2026-09-07 04:09:54.879 INFO Start timestep 2019-05-26 00:00:00+00:00 -> 2019-06-25 00:00:00+00:00
2026-09-07 04:11:45.039 INFO DuckDB memory logs:
  database_name database_size  block_size  ...  wal_size  memory_usage  memory_limit
0   postgres_db       6.3 TiB           0  ...   0 bytes      13.8 GiB     228.8 GiB
1        memory       0 bytes           0  ...   0 bytes      13.8 GiB     228.8 GiB

[2 rows x 9 columns]
2026-09-07 04:11:45.039 INFO Loading data (2019-05-26 00:00:00+00:00 -> 2019-06-25 00:00:00+00:00) done in 110.16s (real) and 133.77s (process)
2026-09-07 04:11:45.040 INFO Memory usage (start of timestep, peak): 228.97 GiB
2026-09-07 04:11:45.040 INFO Memory usage (start of timestep, current): 21.18 GiB
2026-09-07 04:11:45.040 INFO Calculating metrics
2026-09-07 04:11:45.040 INFO Calculating metric: preference_graph
Found 367292 prefs in this timestep.
--- Preference graph ----
Vertices: 460369, edges: 1979087 (+5322 this step)
Total edge weight: 85064118 (+367292 this step)
Average degree: 8.60 (max so far 10.27)
Snapshots written so far: 6
2026-09-07 04:13:50.093 INFO [preference_graph.calculate] total=125.05s query=9.26s derive=20.11s elicit=94.58s graph=0.86s write=0.05s edges=1979087 new_edges=5322
2026-09-07 04:13:50.094 INFO Memory usage (end of timestep, peak): 228.97 GiB
2026-09-07 04:13:50.094 INFO Memory usage (end of timestep, current): 27.07 GiB
2026-09-07 04:13:50.095 INFO (Iteration 80) preference_graph: real 125.05s | cpu 133.25s
2026-09-07 04:13:50.095 INFO Iteration 80 finished in 235.22s (real) and 267.02s (process)
2026-09-07 04:13:50.097 INFO Start timestep 2019-06-25 00:00:00+00:00 -> 2019-07-25 00:00:00+00:00
2026-09-07 04:16:23.119 INFO DuckDB memory logs:
  database_name database_size  block_size  ...  wal_size  memory_usage  memory_limit
0   postgres_db       6.3 TiB           0  ...   0 bytes      23.6 GiB     228.8 GiB
1        memory       0 bytes           0  ...   0 bytes      23.6 GiB     228.8 GiB

[2 rows x 9 columns]
2026-09-07 04:16:23.120 INFO Loading data (2019-06-25 00:00:00+00:00 -> 2019-07-25 00:00:00+00:00) done in 153.02s (real) and 117.59s (process)
2026-09-07 04:16:23.121 INFO Memory usage (start of timestep, peak): 228.97 GiB
2026-09-07 04:16:23.121 INFO Memory usage (start of timestep, current): 29.81 GiB
2026-09-07 04:16:23.121 INFO Calculating metrics
2026-09-07 04:16:23.121 INFO Calculating metric: preference_graph
Found 129057 prefs in this timestep.
--- Preference graph ----
Vertices: 461258, edges: 1981980 (+2893 this step)
Total edge weight: 85193175 (+129057 this step)
Average degree: 8.59 (max so far 10.27)
Snapshots written so far: 6
2026-09-07 04:21:57.077 INFO [preference_graph.calculate] total=333.96s query=13.75s derive=31.03s elicit=287.99s graph=0.78s write=0.06s edges=1981980 new_edges=2893
2026-09-07 04:21:57.090 INFO Memory usage (end of timestep, peak): 228.97 GiB
2026-09-07 04:21:57.090 INFO Memory usage (end of timestep, current): 40.53 GiB
2026-09-07 04:21:57.091 INFO (Iteration 81) preference_graph: real 333.97s | cpu 348.54s
2026-09-07 04:21:57.091 INFO Iteration 81 finished in 486.99s (real) and 466.13s (process)
2026-09-07 04:21:57.095 INFO Start timestep 2019-07-25 00:00:00+00:00 -> 2019-08-24 00:00:00+00:00
2026-09-07 04:23:44.424 INFO DuckDB memory logs:
  database_name database_size  block_size  ...  wal_size  memory_usage  memory_limit
0   postgres_db       6.3 TiB           0  ...   0 bytes      13.9 GiB     228.8 GiB
1        memory       0 bytes           0  ...   0 bytes      13.9 GiB     228.8 GiB

[2 rows x 9 columns]
2026-09-07 04:23:44.425 INFO Loading data (2019-07-25 00:00:00+00:00 -> 2019-08-24 00:00:00+00:00) done in 107.33s (real) and 128.69s (process)
2026-09-07 04:23:44.426 INFO Memory usage (start of timestep, peak): 228.97 GiB
2026-09-07 04:23:44.426 INFO Memory usage (start of timestep, current): 21.08 GiB
2026-09-07 04:23:44.426 INFO Calculating metrics
2026-09-07 04:23:44.426 INFO Calculating metric: preference_graph
Found 93964 prefs in this timestep.
--- Preference graph ----
Vertices: 462389, edges: 1984986 (+3006 this step)
Total edge weight: 85287139 (+93964 this step)
Average degree: 8.59 (max so far 10.27)
Snapshots written so far: 6
2026-09-07 04:27:13.464 INFO [preference_graph.calculate] total=209.04s query=8.15s derive=17.61s elicit=182.31s graph=0.77s write=0.05s edges=1984986 new_edges=3006
2026-09-07 04:27:13.465 INFO Memory usage (end of timestep, peak): 228.97 GiB
2026-09-07 04:27:13.465 INFO Memory usage (end of timestep, current): 26.81 GiB
2026-09-07 04:27:13.465 INFO (Iteration 82) preference_graph: real 209.04s | cpu 216.83s
2026-09-07 04:27:13.465 INFO Iteration 82 finished in 316.37s (real) and 345.52s (process)
2026-09-07 04:27:13.466 INFO Start timestep 2019-08-24 00:00:00+00:00 -> 2019-09-23 00:00:00+00:00
2026-09-07 04:31:08.649 INFO DuckDB memory logs:
  database_name database_size  block_size  ...  wal_size  memory_usage  memory_limit
0   postgres_db       6.3 TiB           0  ...   0 bytes      35.0 GiB     228.8 GiB
1        memory       0 bytes           0  ...   0 bytes      35.0 GiB     228.8 GiB

[2 rows x 9 columns]
2026-09-07 04:31:08.650 INFO Loading data (2019-08-24 00:00:00+00:00 -> 2019-09-23 00:00:00+00:00) done in 235.18s (real) and 179.58s (process)
2026-09-07 04:31:08.650 INFO Memory usage (start of timestep, peak): 228.97 GiB
2026-09-07 04:31:08.650 INFO Memory usage (start of timestep, current): 41.02 GiB
2026-09-07 04:31:08.650 INFO Calculating metrics
2026-09-07 04:31:08.650 INFO Calculating metric: preference_graph
Found 1507716 prefs in this timestep.
2026-09-07 04:40:37.826 INFO [preference_graph] saved snapshot /sc/home/jannes.malanowski/mp2025-wikiwatch-1/preference_graphs/preference_graph_2019-09-23.{gt.gz,csv.gz} (463341 vertices, 1987196 edges) in 9.36s
--- Preference graph ----
Vertices: 463341, edges: 1987196 (+2210 this step)
Total edge weight: 86794855 (+1507716 this step)
Average degree: 8.58 (max so far 10.27)
Snapshots written so far: 7
2026-09-07 04:40:37.895 INFO [preference_graph.calculate] total=569.24s query=28.44s derive=65.68s elicit=463.99s graph=1.07s save=9.38s write=0.05s edges=1987196 new_edges=2210
2026-09-07 04:40:37.895 INFO Memory usage (end of timestep, peak): 228.97 GiB
2026-09-07 04:40:37.895 INFO Memory usage (end of timestep, current): 54.85 GiB
2026-09-07 04:40:37.895 INFO (Iteration 83) preference_graph: real 569.24s | cpu 597.82s
2026-09-07 04:40:37.895 INFO Iteration 83 finished in 804.43s (real) and 777.39s (process)
2026-09-07 04:40:37.897 INFO Start timestep 2019-09-23 00:00:00+00:00 -> 2019-10-23 00:00:00+00:00
2026-09-07 04:51:52.938 INFO DuckDB memory logs:
  database_name database_size  block_size  ...  wal_size  memory_usage  memory_limit
0   postgres_db       6.3 TiB           0  ...   0 bytes      92.5 GiB     228.8 GiB
1        memory       0 bytes           0  ...   0 bytes      92.5 GiB     228.8 GiB

[2 rows x 9 columns]
2026-09-07 04:51:52.951 INFO Loading data (2019-09-23 00:00:00+00:00 -> 2019-10-23 00:00:00+00:00) done in 675.05s (real) and 1036.13s (process)
2026-09-07 04:51:52.951 INFO Memory usage (start of timestep, peak): 228.97 GiB
2026-09-07 04:51:52.951 INFO Memory usage (start of timestep, current): 97.57 GiB
2026-09-07 04:51:52.951 INFO Calculating metrics
2026-09-07 04:51:52.952 INFO Calculating metric: preference_graph
Found 6934849 prefs in this timestep.
--- Preference graph ----
Vertices: 464605, edges: 1989617 (+2421 this step)
Total edge weight: 93729704 (+6934849 this step)
Average degree: 8.56 (max so far 10.27)
Snapshots written so far: 7
2026-09-07 05:15:05.846 INFO [preference_graph.calculate] total=1392.89s query=96.43s derive=211.22s elicit=1080.03s graph=2.61s write=0.05s edges=1989617 new_edges=2421
2026-09-07 05:15:05.859 INFO Memory usage (end of timestep, peak): 228.97 GiB
2026-09-07 05:15:05.859 INFO Memory usage (end of timestep, current): 115.99 GiB
2026-09-07 05:15:05.859 INFO (Iteration 84) preference_graph: real 1392.91s | cpu 1478.08s
2026-09-07 05:15:05.860 INFO Iteration 84 finished in 2067.96s (real) and 2514.21s (process)
2026-09-07 05:15:05.862 INFO Start timestep 2019-10-23 00:00:00+00:00 -> 2019-11-22 00:00:00+00:00
2026-09-07 05:25:07.418 INFO DuckDB memory logs:
  database_name database_size  block_size  ...  wal_size  memory_usage  memory_limit
0   postgres_db       6.3 TiB           0  ...   0 bytes      87.8 GiB     228.8 GiB
1        memory       0 bytes           0  ...   0 bytes      87.8 GiB     228.8 GiB

[2 rows x 9 columns]
2026-09-07 05:25:07.431 INFO Loading data (2019-10-23 00:00:00+00:00 -> 2019-11-22 00:00:00+00:00) done in 601.57s (real) and 904.29s (process)
2026-09-07 05:25:07.431 INFO Memory usage (start of timestep, peak): 228.97 GiB
2026-09-07 05:25:07.431 INFO Memory usage (start of timestep, current): 96.03 GiB
2026-09-07 05:25:07.431 INFO Calculating metrics
2026-09-07 05:25:07.432 INFO Calculating metric: preference_graph
Found 6561821 prefs in this timestep.
--- Preference graph ----
Vertices: 466371, edges: 1992872 (+3255 this step)
Total edge weight: 100291525 (+6561821 this step)
Average degree: 8.55 (max so far 10.27)
Snapshots written so far: 7
2026-09-07 05:45:57.901 INFO [preference_graph.calculate] total=1250.47s query=97.55s derive=197.83s elicit=949.47s graph=2.69s write=0.06s edges=1992872 new_edges=3255
2026-09-07 05:45:57.915 INFO Memory usage (end of timestep, peak): 228.97 GiB
2026-09-07 05:45:57.915 INFO Memory usage (end of timestep, current): 111.49 GiB
2026-09-07 05:45:57.916 INFO (Iteration 85) preference_graph: real 1250.48s | cpu 1334.95s
2026-09-07 05:45:57.916 INFO Iteration 85 finished in 1852.05s (real) and 2239.24s (process)
2026-09-07 05:45:57.917 INFO Start timestep 2019-11-22 00:00:00+00:00 -> 2019-12-22 00:00:00+00:00
2026-09-07 05:53:51.355 INFO DuckDB memory logs:
  database_name database_size  block_size  ...  wal_size  memory_usage  memory_limit
0   postgres_db       6.3 TiB           0  ...   0 bytes      59.3 GiB     228.8 GiB
1        memory       0 bytes           0  ...   0 bytes      59.3 GiB     228.8 GiB

[2 rows x 9 columns]
2026-09-07 05:53:51.368 INFO Loading data (2019-11-22 00:00:00+00:00 -> 2019-12-22 00:00:00+00:00) done in 473.45s (real) and 387.38s (process)
2026-09-07 05:53:51.368 INFO Memory usage (start of timestep, peak): 228.97 GiB
2026-09-07 05:53:51.369 INFO Memory usage (start of timestep, current): 69.38 GiB
2026-09-07 05:53:51.369 INFO Calculating metrics
2026-09-07 05:53:51.369 INFO Calculating metric: preference_graph
Found 3006498 prefs in this timestep.
--- Preference graph ----
Vertices: 467500, edges: 1995075 (+2203 this step)
Total edge weight: 103298023 (+3006498 this step)
Average degree: 8.54 (max so far 10.27)
Snapshots written so far: 7
2026-09-07 06:11:05.280 INFO [preference_graph.calculate] total=1033.91s query=49.81s derive=137.98s elicit=842.96s graph=1.53s write=0.07s edges=1995075 new_edges=2203
2026-09-07 06:11:05.293 INFO Memory usage (end of timestep, peak): 228.97 GiB
2026-09-07 06:11:05.293 INFO Memory usage (end of timestep, current): 83.12 GiB
2026-09-07 06:11:05.294 INFO (Iteration 86) preference_graph: real 1033.92s | cpu 1084.30s
2026-09-07 06:11:05.294 INFO Iteration 86 finished in 1507.38s (real) and 1471.68s (process)
2026-09-07 06:11:05.297 INFO Start timestep 2019-12-22 00:00:00+00:00 -> 2020-01-21 00:00:00+00:00
2026-09-07 06:21:50.900 INFO DuckDB memory logs:
  database_name database_size  block_size  ...  wal_size  memory_usage  memory_limit
0   postgres_db       6.3 TiB           0  ...   0 bytes      86.6 GiB     228.8 GiB
1        memory       0 bytes           0  ...   0 bytes      86.6 GiB     228.8 GiB

[2 rows x 9 columns]
2026-09-07 06:21:50.912 INFO Loading data (2019-12-22 00:00:00+00:00 -> 2020-01-21 00:00:00+00:00) done in 645.62s (real) and 990.66s (process)
2026-09-07 06:21:50.913 INFO Memory usage (start of timestep, peak): 228.97 GiB
2026-09-07 06:21:50.913 INFO Memory usage (start of timestep, current): 95.55 GiB
2026-09-07 06:21:50.913 INFO Calculating metrics
2026-09-07 06:21:50.913 INFO Calculating metric: preference_graph
Found 10351425 prefs in this timestep.
--- Preference graph ----
Vertices: 469492, edges: 1998989 (+3914 this step)
Total edge weight: 113649448 (+10351425 this step)
Average degree: 8.52 (max so far 10.27)
Snapshots written so far: 7
2026-09-07 06:47:50.591 INFO [preference_graph.calculate] total=1559.68s query=88.25s derive=198.10s elicit=1266.87s graph=3.51s write=0.10s edges=1998989 new_edges=3914
2026-09-07 06:47:50.604 INFO Memory usage (end of timestep, peak): 228.97 GiB
2026-09-07 06:47:50.604 INFO Memory usage (end of timestep, current): 110.36 GiB
2026-09-07 06:47:50.605 INFO (Iteration 87) preference_graph: real 1559.69s | cpu 1641.98s
2026-09-07 06:47:50.605 INFO Iteration 87 finished in 2205.31s (real) and 2632.64s (process)
2026-09-07 06:47:50.606 INFO Start timestep 2020-01-21 00:00:00+00:00 -> 2020-02-20 00:00:00+00:00
2026-09-07 06:55:44.140 INFO DuckDB memory logs:
  database_name database_size  block_size  ...  wal_size  memory_usage  memory_limit
0   postgres_db       6.3 TiB           0  ...   0 bytes      60.1 GiB     228.8 GiB
1        memory       0 bytes           0  ...   0 bytes      60.1 GiB     228.8 GiB

[2 rows x 9 columns]
2026-09-07 06:55:44.153 INFO Loading data (2020-01-21 00:00:00+00:00 -> 2020-02-20 00:00:00+00:00) done in 473.55s (real) and 384.93s (process)
2026-09-07 06:55:44.153 INFO Memory usage (start of timestep, peak): 228.97 GiB
2026-09-07 06:55:44.153 INFO Memory usage (start of timestep, current): 69.96 GiB
2026-09-07 06:55:44.153 INFO Calculating metrics
2026-09-07 06:55:44.154 INFO Calculating metric: preference_graph
Found 8562173 prefs in this timestep.
--- Preference graph ----
Vertices: 470952, edges: 2002083 (+3094 this step)
Total edge weight: 122211621 (+8562173 this step)
Average degree: 8.50 (max so far 10.27)
Snapshots written so far: 7
2026-09-07 07:13:48.615 INFO [preference_graph.calculate] total=1084.46s query=54.73s derive=137.83s elicit=886.24s graph=2.97s write=0.10s edges=2002083 new_edges=3094
2026-09-07 07:13:48.629 INFO Memory usage (end of timestep, peak): 228.97 GiB
2026-09-07 07:13:48.629 INFO Memory usage (end of timestep, current): 84.81 GiB
2026-09-07 07:13:48.629 INFO (Iteration 88) preference_graph: real 1084.47s | cpu 1138.06s
2026-09-07 07:13:48.629 INFO Iteration 88 finished in 1558.02s (real) and 1522.99s (process)
2026-09-07 07:13:48.631 INFO Start timestep 2020-02-20 00:00:00+00:00 -> 2020-03-21 00:00:00+00:00
2026-09-07 07:23:38.249 INFO DuckDB memory logs:
  database_name database_size  block_size  ...  wal_size  memory_usage  memory_limit
0   postgres_db       6.3 TiB           0  ...   0 bytes      73.5 GiB     228.8 GiB
1        memory       0 bytes           0  ...   0 bytes      73.5 GiB     228.8 GiB

[2 rows x 9 columns]
2026-09-07 07:23:38.261 INFO Loading data (2020-02-20 00:00:00+00:00 -> 2020-03-21 00:00:00+00:00) done in 589.63s (real) and 481.42s (process)
2026-09-07 07:23:38.261 INFO Memory usage (start of timestep, peak): 228.97 GiB
2026-09-07 07:23:38.261 INFO Memory usage (start of timestep, current): 82.17 GiB
2026-09-07 07:23:38.261 INFO Calculating metrics
2026-09-07 07:23:38.261 INFO Calculating metric: preference_graph
Found 10810440 prefs in this timestep.
--- Preference graph ----
Vertices: 472771, edges: 2005256 (+3173 this step)
Total edge weight: 133022061 (+10810440 this step)
Average degree: 8.48 (max so far 10.27)
Snapshots written so far: 7
2026-09-07 07:45:06.025 INFO [preference_graph.calculate] total=1287.76s query=76.62s derive=162.63s elicit=1042.13s graph=3.74s write=0.07s edges=2005256 new_edges=3173
2026-09-07 07:45:06.038 INFO Memory usage (end of timestep, peak): 228.97 GiB
2026-09-07 07:45:06.038 INFO Memory usage (end of timestep, current): 98.07 GiB
2026-09-07 07:45:06.039 INFO (Iteration 89) preference_graph: real 1287.78s | cpu 1357.62s
2026-09-07 07:45:06.039 INFO Iteration 89 finished in 1877.41s (real) and 1839.05s (process)
2026-09-07 07:45:06.043 INFO Start timestep 2020-03-21 00:00:00+00:00 -> 2020-04-20 00:00:00+00:00
2026-09-07 07:53:43.946 INFO DuckDB memory logs:
  database_name database_size  block_size  ...  wal_size  memory_usage  memory_limit
0   postgres_db       6.3 TiB           0  ...   0 bytes      71.8 GiB     228.8 GiB
1        memory       0 bytes           0  ...   0 bytes      71.8 GiB     228.8 GiB

[2 rows x 9 columns]
2026-09-07 07:53:43.959 INFO Loading data (2020-03-21 00:00:00+00:00 -> 2020-04-20 00:00:00+00:00) done in 517.92s (real) and 853.57s (process)
2026-09-07 07:53:43.959 INFO Memory usage (start of timestep, peak): 228.97 GiB
2026-09-07 07:53:43.960 INFO Memory usage (start of timestep, current): 82.70 GiB
2026-09-07 07:53:43.960 INFO Calculating metrics
2026-09-07 07:53:43.960 INFO Calculating metric: preference_graph
Found 9228091 prefs in this timestep.
--- Preference graph ----
Vertices: 474565, edges: 2009782 (+4526 this step)
Total edge weight: 142250152 (+9228091 this step)
Average degree: 8.47 (max so far 10.27)
Snapshots written so far: 7
2026-09-07 08:14:44.558 INFO [preference_graph.calculate] total=1260.60s query=91.82s derive=163.80s elicit=999.45s graph=3.20s write=0.07s edges=2009782 new_edges=4526
2026-09-07 08:14:44.572 INFO Memory usage (end of timestep, peak): 228.97 GiB
2026-09-07 08:14:44.572 INFO Memory usage (end of timestep, current): 97.26 GiB
2026-09-07 08:14:44.573 INFO (Iteration 90) preference_graph: real 1260.61s | cpu 1329.67s
2026-09-07 08:14:44.573 INFO Iteration 90 finished in 1778.53s (real) and 2183.25s (process)
2026-09-07 08:14:44.574 INFO Start timestep 2020-04-20 00:00:00+00:00 -> 2020-05-20 00:00:00+00:00
2026-09-07 08:25:14.900 INFO DuckDB memory logs:
  database_name database_size  block_size  ...  wal_size  memory_usage  memory_limit
0   postgres_db       6.3 TiB           0  ...   0 bytes      80.9 GiB     228.8 GiB
1        memory       0 bytes           0  ...   0 bytes      80.9 GiB     228.8 GiB

[2 rows x 9 columns]
2026-09-07 08:25:14.913 INFO Loading data (2020-04-20 00:00:00+00:00 -> 2020-05-20 00:00:00+00:00) done in 630.34s (real) and 515.75s (process)
2026-09-07 08:25:14.913 INFO Memory usage (start of timestep, peak): 228.97 GiB
2026-09-07 08:25:14.914 INFO Memory usage (start of timestep, current): 90.83 GiB
2026-09-07 08:25:14.914 INFO Calculating metrics
2026-09-07 08:25:14.914 INFO Calculating metric: preference_graph
Found 2271617 prefs in this timestep.
--- Preference graph ----
Vertices: 476486, edges: 2014334 (+4552 this step)
Total edge weight: 144521769 (+2271617 this step)
Average degree: 8.45 (max so far 10.27)
Snapshots written so far: 7
2026-09-07 08:44:46.213 INFO [preference_graph.calculate] total=1171.30s query=78.36s derive=177.56s elicit=911.60s graph=1.41s write=0.05s edges=2014334 new_edges=4552
2026-09-07 08:44:46.226 INFO Memory usage (end of timestep, peak): 228.97 GiB
2026-09-07 08:44:46.227 INFO Memory usage (end of timestep, current): 105.15 GiB
2026-09-07 08:44:46.227 INFO (Iteration 91) preference_graph: real 1171.31s | cpu 1247.33s
2026-09-07 08:44:46.227 INFO Iteration 91 finished in 1801.65s (real) and 1763.08s (process)
2026-09-07 08:44:46.228 INFO Start timestep 2020-05-20 00:00:00+00:00 -> 2020-06-19 00:00:00+00:00
2026-09-07 08:51:16.313 INFO DuckDB memory logs:
  database_name database_size  block_size  ...  wal_size  memory_usage  memory_limit
0   postgres_db       6.3 TiB           0  ...   0 bytes      46.1 GiB     228.8 GiB
1        memory       0 bytes           0  ...   0 bytes      46.1 GiB     228.8 GiB

[2 rows x 9 columns]
2026-09-07 08:51:16.325 INFO Loading data (2020-05-20 00:00:00+00:00 -> 2020-06-19 00:00:00+00:00) done in 390.10s (real) and 322.50s (process)
2026-09-07 08:51:16.325 INFO Memory usage (start of timestep, peak): 228.97 GiB
2026-09-07 08:51:16.326 INFO Memory usage (start of timestep, current): 58.63 GiB
2026-09-07 08:51:16.326 INFO Calculating metrics
2026-09-07 08:51:16.326 INFO Calculating metric: preference_graph
Found 8487835 prefs in this timestep.
--- Preference graph ----
Vertices: 478249, edges: 2018333 (+3999 this step)
Total edge weight: 153009604 (+8487835 this step)
Average degree: 8.44 (max so far 10.27)
Snapshots written so far: 7
2026-09-07 08:59:52.222 INFO [preference_graph.calculate] total=515.90s query=41.44s derive=89.95s elicit=380.58s graph=2.74s write=0.11s edges=2018333 new_edges=3999
2026-09-07 08:59:52.236 INFO Memory usage (end of timestep, peak): 228.97 GiB
2026-09-07 08:59:52.237 INFO Memory usage (end of timestep, current): 70.45 GiB
2026-09-07 08:59:52.237 INFO (Iteration 92) preference_graph: real 515.91s | cpu 557.86s
2026-09-07 08:59:52.237 INFO Iteration 92 finished in 906.01s (real) and 880.35s (process)
2026-09-07 08:59:52.238 INFO Start timestep 2020-06-19 00:00:00+00:00 -> 2020-07-19 00:00:00+00:00
2026-09-07 09:01:47.901 INFO DuckDB memory logs:
  database_name database_size  block_size  ...  wal_size  memory_usage  memory_limit
0   postgres_db       6.3 TiB           0  ...   0 bytes      15.3 GiB     228.8 GiB
1        memory       0 bytes           0  ...   0 bytes      15.3 GiB     228.8 GiB

[2 rows x 9 columns]
2026-09-07 09:01:47.902 INFO Loading data (2020-06-19 00:00:00+00:00 -> 2020-07-19 00:00:00+00:00) done in 115.66s (real) and 108.45s (process)
2026-09-07 09:01:47.902 INFO Memory usage (start of timestep, peak): 228.97 GiB
2026-09-07 09:01:47.903 INFO Memory usage (start of timestep, current): 27.26 GiB
2026-09-07 09:01:47.903 INFO Calculating metrics
2026-09-07 09:01:47.903 INFO Calculating metric: preference_graph
Found 147728 prefs in this timestep.
--- Preference graph ----
Vertices: 480674, edges: 2022989 (+4656 this step)
Total edge weight: 153157332 (+147728 this step)
Average degree: 8.42 (max so far 10.27)
Snapshots written so far: 7
2026-09-07 09:05:10.027 INFO [preference_graph.calculate] total=202.12s query=9.59s derive=23.63s elicit=167.80s graph=0.78s write=0.10s edges=2022989 new_edges=4656
2026-09-07 09:05:10.029 INFO Memory usage (end of timestep, peak): 228.97 GiB
2026-09-07 09:05:10.029 INFO Memory usage (end of timestep, current): 33.52 GiB
2026-09-07 09:05:10.029 INFO (Iteration 93) preference_graph: real 202.13s | cpu 211.89s
2026-09-07 09:05:10.030 INFO Iteration 93 finished in 317.79s (real) and 320.34s (process)
2026-09-07 09:05:10.031 INFO Start timestep 2020-07-19 00:00:00+00:00 -> 2020-08-18 00:00:00+00:00
2026-09-07 09:07:49.480 INFO DuckDB memory logs:
  database_name database_size  block_size  ...  wal_size  memory_usage  memory_limit
0   postgres_db       6.3 TiB           0  ...   0 bytes      20.9 GiB     228.8 GiB
1        memory       0 bytes           0  ...   0 bytes      20.9 GiB     228.8 GiB

[2 rows x 9 columns]
2026-09-07 09:07:49.481 INFO Loading data (2020-07-19 00:00:00+00:00 -> 2020-08-18 00:00:00+00:00) done in 159.45s (real) and 127.00s (process)
2026-09-07 09:07:49.481 INFO Memory usage (start of timestep, peak): 228.97 GiB
2026-09-07 09:07:49.481 INFO Memory usage (start of timestep, current): 31.18 GiB
2026-09-07 09:07:49.481 INFO Calculating metrics
2026-09-07 09:07:49.481 INFO Calculating metric: preference_graph
Found 706468 prefs in this timestep.
--- Preference graph ----
Vertices: 483295, edges: 2027127 (+4138 this step)
Total edge weight: 153863800 (+706468 this step)
Average degree: 8.39 (max so far 10.27)
Snapshots written so far: 7
2026-09-07 09:11:45.170 INFO [preference_graph.calculate] total=235.69s query=13.15s derive=31.46s elicit=189.83s graph=0.92s write=0.08s edges=2027127 new_edges=4138
2026-09-07 09:11:45.171 INFO Memory usage (end of timestep, peak): 228.97 GiB
2026-09-07 09:11:45.172 INFO Memory usage (end of timestep, current): 39.58 GiB
2026-09-07 09:11:45.172 INFO (Iteration 94) preference_graph: real 235.69s | cpu 249.49s
2026-09-07 09:11:45.172 INFO Iteration 94 finished in 395.14s (real) and 376.49s (process)
2026-09-07 09:11:45.173 INFO Start timestep 2020-08-18 00:00:00+00:00 -> 2020-09-17 00:00:00+00:00
2026-09-07 09:13:33.721 INFO DuckDB memory logs:
  database_name database_size  block_size  ...  wal_size  memory_usage  memory_limit
0   postgres_db       6.3 TiB           0  ...   0 bytes      13.4 GiB     228.8 GiB
1        memory       0 bytes           0  ...   0 bytes      13.4 GiB     228.8 GiB

[2 rows x 9 columns]
2026-09-07 09:13:33.723 INFO Loading data (2020-08-18 00:00:00+00:00 -> 2020-09-17 00:00:00+00:00) done in 108.55s (real) and 136.82s (process)
2026-09-07 09:13:33.723 INFO Memory usage (start of timestep, peak): 228.97 GiB
2026-09-07 09:13:33.723 INFO Memory usage (start of timestep, current): 24.13 GiB
2026-09-07 09:13:33.723 INFO Calculating metrics
2026-09-07 09:13:33.723 INFO Calculating metric: preference_graph
Found 202403 prefs in this timestep.
2026-09-07 09:16:08.388 INFO [preference_graph] saved snapshot /sc/home/jannes.malanowski/mp2025-wikiwatch-1/preference_graphs/preference_graph_2020-09-17.{gt.gz,csv.gz} (485190 vertices, 2030503 edges) in 9.69s
--- Preference graph ----
Vertices: 485190, edges: 2030503 (+3376 this step)
Total edge weight: 154066203 (+202403 this step)
Average degree: 8.37 (max so far 10.27)
Snapshots written so far: 8
2026-09-07 09:16:08.499 INFO [preference_graph.calculate] total=154.78s query=16.24s derive=23.01s elicit=104.75s graph=0.82s save=9.71s write=0.09s edges=2030503 new_edges=3376
2026-09-07 09:16:08.499 INFO Memory usage (end of timestep, peak): 228.97 GiB
2026-09-07 09:16:08.500 INFO Memory usage (end of timestep, current): 31.18 GiB
2026-09-07 09:16:08.500 INFO (Iteration 95) preference_graph: real 154.78s | cpu 163.23s
2026-09-07 09:16:08.500 INFO Iteration 95 finished in 263.33s (real) and 300.06s (process)
2026-09-07 09:16:08.501 INFO Start timestep 2020-09-17 00:00:00+00:00 -> 2020-10-17 00:00:00+00:00
2026-09-07 09:17:38.215 INFO DuckDB memory logs:
  database_name database_size  block_size  ...  wal_size  memory_usage  memory_limit
0   postgres_db       6.3 TiB           0  ...   0 bytes      13.0 GiB     228.8 GiB
1        memory       0 bytes           0  ...   0 bytes      13.0 GiB     228.8 GiB

[2 rows x 9 columns]
2026-09-07 09:17:38.216 INFO Loading data (2020-09-17 00:00:00+00:00 -> 2020-10-17 00:00:00+00:00) done in 89.71s (real) and 68.39s (process)
2026-09-07 09:17:38.216 INFO Memory usage (start of timestep, peak): 228.97 GiB
2026-09-07 09:17:38.218 INFO Memory usage (start of timestep, current): 23.58 GiB
2026-09-07 09:17:38.219 INFO Calculating metrics
2026-09-07 09:17:38.219 INFO Calculating metric: preference_graph
Found 48725 prefs in this timestep.
--- Preference graph ----
Vertices: 488400, edges: 2037190 (+6687 this step)
Total edge weight: 154114928 (+48725 this step)
Average degree: 8.34 (max so far 10.27)
Snapshots written so far: 8
2026-09-07 09:20:14.497 INFO [preference_graph.calculate] total=156.28s query=9.12s derive=21.44s elicit=124.64s graph=0.80s write=0.10s edges=2037190 new_edges=6687
2026-09-07 09:20:14.498 INFO Memory usage (end of timestep, peak): 228.97 GiB
2026-09-07 09:20:14.499 INFO Memory usage (end of timestep, current): 31.01 GiB
2026-09-07 09:20:14.499 INFO (Iteration 96) preference_graph: real 156.28s | cpu 164.22s
2026-09-07 09:20:14.499 INFO Iteration 96 finished in 246.00s (real) and 232.61s (process)
2026-09-07 09:20:14.500 INFO Start timestep 2020-10-17 00:00:00+00:00 -> 2020-11-16 00:00:00+00:00
2026-09-07 09:22:03.369 INFO DuckDB memory logs:
  database_name database_size  block_size  ...  wal_size  memory_usage  memory_limit
0   postgres_db       6.3 TiB           0  ...   0 bytes      13.9 GiB     228.8 GiB
1        memory       0 bytes           0  ...   0 bytes      13.9 GiB     228.8 GiB

[2 rows x 9 columns]
2026-09-07 09:22:03.370 INFO Loading data (2020-10-17 00:00:00+00:00 -> 2020-11-16 00:00:00+00:00) done in 108.87s (real) and 85.15s (process)
2026-09-07 09:22:03.370 INFO Memory usage (start of timestep, peak): 228.97 GiB
2026-09-07 09:22:03.370 INFO Memory usage (start of timestep, current): 24.48 GiB
2026-09-07 09:22:03.370 INFO Calculating metrics
2026-09-07 09:22:03.370 INFO Calculating metric: preference_graph
Found 44969 prefs in this timestep.
--- Preference graph ----
Vertices: 490274, edges: 2041137 (+3947 this step)
Total edge weight: 154159897 (+44969 this step)
Average degree: 8.33 (max so far 10.27)
Snapshots written so far: 8
2026-09-07 09:24:16.962 INFO [preference_graph.calculate] total=133.59s query=10.82s derive=21.89s elicit=99.85s graph=0.78s write=0.08s edges=2041137 new_edges=3947
2026-09-07 09:24:16.963 INFO Memory usage (end of timestep, peak): 228.97 GiB
2026-09-07 09:24:16.963 INFO Memory usage (end of timestep, current): 31.64 GiB
2026-09-07 09:24:16.963 INFO (Iteration 97) preference_graph: real 133.59s | cpu 143.26s
2026-09-07 09:24:16.963 INFO Iteration 97 finished in 242.46s (real) and 228.41s (process)
2026-09-07 09:24:16.965 INFO Start timestep 2020-11-16 00:00:00+00:00 -> 2020-12-16 00:00:00+00:00
2026-09-07 09:25:59.941 INFO DuckDB memory logs:
  database_name database_size  block_size  ...  wal_size  memory_usage  memory_limit
0   postgres_db       6.3 TiB           0  ...   0 bytes      13.9 GiB     228.8 GiB
1        memory       0 bytes           0  ...   0 bytes      13.9 GiB     228.8 GiB

[2 rows x 9 columns]
2026-09-07 09:25:59.942 INFO Loading data (2020-11-16 00:00:00+00:00 -> 2020-12-16 00:00:00+00:00) done in 102.98s (real) and 129.39s (process)
2026-09-07 09:25:59.942 INFO Memory usage (start of timestep, peak): 228.97 GiB
2026-09-07 09:25:59.942 INFO Memory usage (start of timestep, current): 24.30 GiB
2026-09-07 09:25:59.942 INFO Calculating metrics
2026-09-07 09:25:59.943 INFO Calculating metric: preference_graph
Found 747247 prefs in this timestep.
--- Preference graph ----
Vertices: 492954, edges: 2045621 (+4484 this step)
Total edge weight: 154907144 (+747247 this step)
Average degree: 8.30 (max so far 10.27)
Snapshots written so far: 8
2026-09-07 09:28:03.744 INFO [preference_graph.calculate] total=123.80s query=10.21s derive=23.40s elicit=88.95s graph=1.00s write=0.06s edges=2045621 new_edges=4484
2026-09-07 09:28:03.747 INFO Memory usage (end of timestep, peak): 228.97 GiB
2026-09-07 09:28:03.747 INFO Memory usage (end of timestep, current): 31.24 GiB
2026-09-07 09:28:03.747 INFO (Iteration 98) preference_graph: real 123.80s | cpu 132.89s
2026-09-07 09:28:03.747 INFO Iteration 98 finished in 226.78s (real) and 262.28s (process)
2026-09-07 09:28:03.749 INFO Start timestep 2020-12-16 00:00:00+00:00 -> 2021-01-15 00:00:00+00:00
2026-09-07 09:29:50.872 INFO DuckDB memory logs:
  database_name database_size  block_size  ...  wal_size  memory_usage  memory_limit
0   postgres_db       6.3 TiB           0  ...   0 bytes      14.4 GiB     228.8 GiB
1        memory       0 bytes           0  ...   0 bytes      14.4 GiB     228.8 GiB

[2 rows x 9 columns]
2026-09-07 09:29:50.873 INFO Loading data (2020-12-16 00:00:00+00:00 -> 2021-01-15 00:00:00+00:00) done in 107.12s (real) and 97.35s (process)
2026-09-07 09:29:50.873 INFO Memory usage (start of timestep, peak): 228.97 GiB
2026-09-07 09:29:50.873 INFO Memory usage (start of timestep, current): 24.42 GiB
2026-09-07 09:29:50.873 INFO Calculating metrics
2026-09-07 09:29:50.873 INFO Calculating metric: preference_graph
Found 150515 prefs in this timestep.
--- Preference graph ----
Vertices: 494424, edges: 2049346 (+3725 this step)
Total edge weight: 155057659 (+150515 this step)
Average degree: 8.29 (max so far 10.27)
Snapshots written so far: 8
2026-09-07 09:31:51.830 INFO [preference_graph.calculate] total=120.96s query=10.45s derive=23.12s elicit=86.33s graph=0.83s write=0.05s edges=2049346 new_edges=3725
2026-09-07 09:31:51.831 INFO Memory usage (end of timestep, peak): 228.97 GiB
2026-09-07 09:31:51.831 INFO Memory usage (end of timestep, current): 32.28 GiB
2026-09-07 09:31:51.831 INFO (Iteration 99) preference_graph: real 120.96s | cpu 130.65s
2026-09-07 09:31:51.831 INFO Iteration 99 finished in 228.08s (real) and 228.00s (process)
2026-09-07 09:31:51.832 INFO Start timestep 2021-01-15 00:00:00+00:00 -> 2021-02-14 00:00:00+00:00
2026-09-07 09:34:09.056 INFO DuckDB memory logs:
  database_name database_size  block_size  ...  wal_size  memory_usage  memory_limit
0   postgres_db       6.3 TiB           0  ...   0 bytes      18.2 GiB     228.8 GiB
1        memory       0 bytes           0  ...   0 bytes      18.2 GiB     228.8 GiB

[2 rows x 9 columns]
2026-09-07 09:34:09.057 INFO Loading data (2021-01-15 00:00:00+00:00 -> 2021-02-14 00:00:00+00:00) done in 137.23s (real) and 104.80s (process)
2026-09-07 09:34:09.058 INFO Memory usage (start of timestep, peak): 228.97 GiB
2026-09-07 09:34:09.058 INFO Memory usage (start of timestep, current): 28.01 GiB
2026-09-07 09:34:09.058 INFO Calculating metrics
2026-09-07 09:34:09.058 INFO Calculating metric: preference_graph
Found 94952 prefs in this timestep.
--- Preference graph ----
Vertices: 496037, edges: 2053387 (+4041 this step)
Total edge weight: 155152611 (+94952 this step)
Average degree: 8.28 (max so far 10.27)
Snapshots written so far: 8
2026-09-07 09:40:18.680 INFO [preference_graph.calculate] total=369.62s query=12.03s derive=34.83s elicit=321.67s graph=0.76s write=0.05s edges=2053387 new_edges=4041
2026-09-07 09:40:18.693 INFO Memory usage (end of timestep, peak): 228.97 GiB
2026-09-07 09:40:18.693 INFO Memory usage (end of timestep, current): 37.22 GiB
2026-09-07 09:40:18.693 INFO (Iteration 100) preference_graph: real 369.63s | cpu 381.48s
2026-09-07 09:40:18.693 INFO Iteration 100 finished in 506.86s (real) and 486.28s (process)
2026-09-07 09:40:18.694 INFO Start timestep 2021-02-14 00:00:00+00:00 -> 2021-03-16 00:00:00+00:00
2026-09-07 09:46:54.670 INFO DuckDB memory logs:
  database_name database_size  block_size  ...  wal_size  memory_usage  memory_limit
0   postgres_db       6.3 TiB           0  ...   0 bytes      57.3 GiB     228.8 GiB
1        memory       0 bytes           0  ...   0 bytes      57.3 GiB     228.8 GiB

[2 rows x 9 columns]
2026-09-07 09:46:54.683 INFO Loading data (2021-02-14 00:00:00+00:00 -> 2021-03-16 00:00:00+00:00) done in 395.99s (real) and 360.62s (process)
2026-09-07 09:46:54.684 INFO Memory usage (start of timestep, peak): 228.97 GiB
2026-09-07 09:46:54.684 INFO Memory usage (start of timestep, current): 65.81 GiB
2026-09-07 09:46:54.684 INFO Calculating metrics
2026-09-07 09:46:54.684 INFO Calculating metric: preference_graph
Found 708759 prefs in this timestep.
--- Preference graph ----
Vertices: 497673, edges: 2057552 (+4165 this step)
Total edge weight: 155861370 (+708759 this step)
Average degree: 8.27 (max so far 10.27)
Snapshots written so far: 8
2026-09-07 10:01:50.182 INFO [preference_graph.calculate] total=895.50s query=44.88s derive=124.33s elicit=723.88s graph=0.97s write=0.06s edges=2057552 new_edges=4165
2026-09-07 10:01:50.195 INFO Memory usage (end of timestep, peak): 228.97 GiB
2026-09-07 10:01:50.195 INFO Memory usage (end of timestep, current): 80.49 GiB
2026-09-07 10:01:50.195 INFO (Iteration 101) preference_graph: real 895.51s | cpu 940.09s
2026-09-07 10:01:50.196 INFO Iteration 101 finished in 1291.50s (real) and 1300.70s (process)
2026-09-07 10:01:50.197 INFO Start timestep 2021-03-16 00:00:00+00:00 -> 2021-04-15 00:00:00+00:00
2026-09-07 10:07:54.994 INFO DuckDB memory logs:
  database_name database_size  block_size  ...  wal_size  memory_usage  memory_limit
0   postgres_db       6.3 TiB           0  ...   0 bytes      50.8 GiB     228.8 GiB
1        memory       0 bytes           0  ...   0 bytes      50.8 GiB     228.8 GiB

[2 rows x 9 columns]
2026-09-07 10:07:54.995 INFO Loading data (2021-03-16 00:00:00+00:00 -> 2021-04-15 00:00:00+00:00) done in 364.80s (real) and 293.53s (process)
2026-09-07 10:07:54.995 INFO Memory usage (start of timestep, peak): 228.97 GiB
2026-09-07 10:07:54.996 INFO Memory usage (start of timestep, current): 60.82 GiB
2026-09-07 10:07:54.996 INFO Calculating metrics
2026-09-07 10:07:54.996 INFO Calculating metric: preference_graph
Found 836755 prefs in this timestep.
--- Preference graph ----
Vertices: 499627, edges: 2062307 (+4755 this step)
Total edge weight: 156698125 (+836755 this step)
Average degree: 8.26 (max so far 10.27)
Snapshots written so far: 8
2026-09-07 10:22:03.621 INFO [preference_graph.calculate] total=848.63s query=43.01s derive=130.59s elicit=672.45s graph=1.01s write=0.06s edges=2062307 new_edges=4755
2026-09-07 10:22:03.634 INFO Memory usage (end of timestep, peak): 228.97 GiB
2026-09-07 10:22:03.634 INFO Memory usage (end of timestep, current): 76.01 GiB
2026-09-07 10:22:03.635 INFO (Iteration 102) preference_graph: real 848.64s | cpu 891.71s
2026-09-07 10:22:03.635 INFO Iteration 102 finished in 1213.44s (real) and 1185.25s (process)
2026-09-07 10:22:03.635 INFO Start timestep 2021-04-15 00:00:00+00:00 -> 2021-05-15 00:00:00+00:00
2026-09-07 10:27:41.346 INFO DuckDB memory logs:
  database_name database_size  block_size  ...  wal_size  memory_usage  memory_limit
0   postgres_db       6.3 TiB           0  ...   0 bytes      47.5 GiB     228.8 GiB
1        memory       0 bytes           0  ...   0 bytes      47.5 GiB     228.8 GiB

[2 rows x 9 columns]
2026-09-07 10:27:41.359 INFO Loading data (2021-04-15 00:00:00+00:00 -> 2021-05-15 00:00:00+00:00) done in 337.72s (real) and 270.36s (process)
2026-09-07 10:27:41.359 INFO Memory usage (start of timestep, peak): 228.97 GiB
2026-09-07 10:27:41.360 INFO Memory usage (start of timestep, current): 58.64 GiB
2026-09-07 10:27:41.360 INFO Calculating metrics
2026-09-07 10:27:41.360 INFO Calculating metric: preference_graph
Found 22892 prefs in this timestep.
--- Preference graph ----
Vertices: 502134, edges: 2067309 (+5002 this step)
Total edge weight: 156721017 (+22892 this step)
Average degree: 8.23 (max so far 10.27)
Snapshots written so far: 8
2026-09-07 10:40:14.388 INFO [preference_graph.calculate] total=753.03s query=40.83s derive=112.28s elicit=597.51s graph=0.84s write=0.05s edges=2067309 new_edges=5002
2026-09-07 10:40:14.402 INFO Memory usage (end of timestep, peak): 228.97 GiB
2026-09-07 10:40:14.402 INFO Memory usage (end of timestep, current): 71.93 GiB
2026-09-07 10:40:14.403 INFO (Iteration 103) preference_graph: real 753.04s | cpu 794.46s
2026-09-07 10:40:14.403 INFO Iteration 103 finished in 1090.77s (real) and 1064.83s (process)
2026-09-07 10:40:14.404 INFO Start timestep 2021-05-15 00:00:00+00:00 -> 2021-06-14 00:00:00+00:00
2026-09-07 10:42:35.878 INFO DuckDB memory logs:
  database_name database_size  block_size  ...  wal_size  memory_usage  memory_limit
0   postgres_db       6.3 TiB           0  ...   0 bytes      16.4 GiB     228.8 GiB
1        memory       0 bytes           0  ...   0 bytes      16.4 GiB     228.8 GiB

[2 rows x 9 columns]
2026-09-07 10:42:35.879 INFO Loading data (2021-05-15 00:00:00+00:00 -> 2021-06-14 00:00:00+00:00) done in 141.47s (real) and 112.23s (process)
2026-09-07 10:42:35.879 INFO Memory usage (start of timestep, peak): 228.97 GiB
2026-09-07 10:42:35.880 INFO Memory usage (start of timestep, current): 28.19 GiB
2026-09-07 10:42:35.880 INFO Calculating metrics
2026-09-07 10:42:35.880 INFO Calculating metric: preference_graph
Found 1461172 prefs in this timestep.
--- Preference graph ----
Vertices: 505603, edges: 2073100 (+5791 this step)
Total edge weight: 158182189 (+1461172 this step)
Average degree: 8.20 (max so far 10.27)
Snapshots written so far: 8
2026-09-07 10:46:04.108 INFO [preference_graph.calculate] total=208.23s query=12.59s derive=33.51s elicit=160.55s graph=1.19s write=0.05s edges=2073100 new_edges=5791
2026-09-07 10:46:04.109 INFO Memory usage (end of timestep, peak): 228.97 GiB
2026-09-07 10:46:04.109 INFO Memory usage (end of timestep, current): 35.55 GiB
2026-09-07 10:46:04.110 INFO (Iteration 104) preference_graph: real 208.23s | cpu 220.81s
2026-09-07 10:46:04.110 INFO Iteration 104 finished in 349.71s (real) and 333.04s (process)
2026-09-07 10:46:04.111 INFO Start timestep 2021-06-14 00:00:00+00:00 -> 2021-07-14 00:00:00+00:00
2026-09-07 10:49:31.165 INFO DuckDB memory logs:
  database_name database_size  block_size  ...  wal_size  memory_usage  memory_limit
0   postgres_db       6.3 TiB           0  ...   0 bytes      29.7 GiB     228.8 GiB
1        memory       0 bytes           0  ...   0 bytes      29.7 GiB     228.8 GiB

[2 rows x 9 columns]
2026-09-07 10:49:31.166 INFO Loading data (2021-06-14 00:00:00+00:00 -> 2021-07-14 00:00:00+00:00) done in 207.06s (real) and 286.30s (process)
2026-09-07 10:49:31.167 INFO Memory usage (start of timestep, peak): 228.97 GiB
2026-09-07 10:49:31.167 INFO Memory usage (start of timestep, current): 40.48 GiB
2026-09-07 10:49:31.167 INFO Calculating metrics
2026-09-07 10:49:31.167 INFO Calculating metric: preference_graph
Found 215662 prefs in this timestep.
--- Preference graph ----
Vertices: 508148, edges: 2077538 (+4438 this step)
Total edge weight: 158397851 (+215662 this step)
Average degree: 8.18 (max so far 10.27)
Snapshots written so far: 8
2026-09-07 10:57:16.841 INFO [preference_graph.calculate] total=465.67s query=23.33s derive=72.50s elicit=368.03s graph=0.88s write=0.08s edges=2077538 new_edges=4438
2026-09-07 10:57:16.855 INFO Memory usage (end of timestep, peak): 228.97 GiB
2026-09-07 10:57:16.855 INFO Memory usage (end of timestep, current): 55.58 GiB
2026-09-07 10:57:16.855 INFO (Iteration 105) preference_graph: real 465.69s | cpu 487.70s
2026-09-07 10:57:16.855 INFO Iteration 105 finished in 672.74s (real) and 774.00s (process)
2026-09-07 10:57:16.856 INFO Start timestep 2021-07-14 00:00:00+00:00 -> 2021-08-13 00:00:00+00:00
2026-09-07 11:00:04.039 INFO DuckDB memory logs:
  database_name database_size  block_size  ...  wal_size  memory_usage  memory_limit
0   postgres_db       6.3 TiB           0  ...   0 bytes      24.1 GiB     228.8 GiB
1        memory       0 bytes           0  ...   0 bytes      24.1 GiB     228.8 GiB

[2 rows x 9 columns]
2026-09-07 11:00:04.040 INFO Loading data (2021-07-14 00:00:00+00:00 -> 2021-08-13 00:00:00+00:00) done in 167.18s (real) and 237.58s (process)
2026-09-07 11:00:04.040 INFO Memory usage (start of timestep, peak): 228.97 GiB
2026-09-07 11:00:04.040 INFO Memory usage (start of timestep, current): 36.15 GiB
2026-09-07 11:00:04.040 INFO Calculating metrics
2026-09-07 11:00:04.040 INFO Calculating metric: preference_graph
Found 38390 prefs in this timestep.
--- Preference graph ----
Vertices: 509764, edges: 2081853 (+4315 this step)
Total edge weight: 158436241 (+38390 this step)
Average degree: 8.17 (max so far 10.27)
Snapshots written so far: 8
2026-09-07 11:06:52.099 INFO [preference_graph.calculate] total=408.06s query=20.62s derive=55.55s elicit=330.30s graph=0.82s write=0.10s edges=2081853 new_edges=4315
2026-09-07 11:06:52.113 INFO Memory usage (end of timestep, peak): 228.97 GiB
2026-09-07 11:06:52.113 INFO Memory usage (end of timestep, current): 47.55 GiB
2026-09-07 11:06:52.114 INFO (Iteration 106) preference_graph: real 408.07s | cpu 426.46s
2026-09-07 11:06:52.114 INFO Iteration 106 finished in 575.26s (real) and 664.04s (process)
2026-09-07 11:06:52.115 INFO Start timestep 2021-08-13 00:00:00+00:00 -> 2021-09-12 00:00:00+00:00
2026-09-07 11:11:00.375 INFO DuckDB memory logs:
  database_name database_size  block_size  ...  wal_size  memory_usage  memory_limit
0   postgres_db       6.3 TiB           0  ...   0 bytes      37.4 GiB     228.8 GiB
1        memory       0 bytes           0  ...   0 bytes      37.4 GiB     228.8 GiB

[2 rows x 9 columns]
2026-09-07 11:11:00.376 INFO Loading data (2021-08-13 00:00:00+00:00 -> 2021-09-12 00:00:00+00:00) done in 248.26s (real) and 367.11s (process)
2026-09-07 11:11:00.376 INFO Memory usage (start of timestep, peak): 228.97 GiB
2026-09-07 11:11:00.377 INFO Memory usage (start of timestep, current): 48.56 GiB
2026-09-07 11:11:00.377 INFO Calculating metrics
2026-09-07 11:11:00.377 INFO Calculating metric: preference_graph
Found 25217 prefs in this timestep.
2026-09-07 11:19:58.648 INFO [preference_graph] saved snapshot /sc/home/jannes.malanowski/mp2025-wikiwatch-1/preference_graphs/preference_graph_2021-09-12.{gt.gz,csv.gz} (511673 vertices, 2086633 edges) in 9.89s
--- Preference graph ----
Vertices: 511673, edges: 2086633 (+4780 this step)
Total edge weight: 158461458 (+25217 this step)
Average degree: 8.16 (max so far 10.27)
Snapshots written so far: 9
2026-09-07 11:19:58.728 INFO [preference_graph.calculate] total=538.35s query=36.01s derive=89.41s elicit=401.07s graph=0.80s save=9.92s write=0.06s edges=2086633 new_edges=4780
2026-09-07 11:19:58.729 INFO Memory usage (end of timestep, peak): 228.97 GiB
2026-09-07 11:19:58.729 INFO Memory usage (end of timestep, current): 61.54 GiB
2026-09-07 11:19:58.729 INFO (Iteration 107) preference_graph: real 538.35s | cpu 567.25s
2026-09-07 11:19:58.729 INFO Iteration 107 finished in 786.61s (real) and 934.36s (process)
2026-09-07 11:19:58.730 INFO Start timestep 2021-09-12 00:00:00+00:00 -> 2021-10-12 00:00:00+00:00
2026-09-07 11:21:09.443 INFO DuckDB memory logs:
  database_name database_size  block_size  ...  wal_size  memory_usage  memory_limit
0   postgres_db       6.3 TiB           0  ...   0 bytes       9.2 GiB     228.8 GiB
1        memory       0 bytes           0  ...   0 bytes       9.2 GiB     228.8 GiB

[2 rows x 9 columns]
2026-09-07 11:21:09.444 INFO Loading data (2021-09-12 00:00:00+00:00 -> 2021-10-12 00:00:00+00:00) done in 70.71s (real) and 55.75s (process)
2026-09-07 11:21:09.444 INFO Memory usage (start of timestep, peak): 228.97 GiB
2026-09-07 11:21:09.444 INFO Memory usage (start of timestep, current): 21.32 GiB
2026-09-07 11:21:09.444 INFO Calculating metrics
2026-09-07 11:21:09.444 INFO Calculating metric: preference_graph
Found 391116 prefs in this timestep.
--- Preference graph ----
Vertices: 513364, edges: 2091108 (+4475 this step)
Total edge weight: 158852574 (+391116 this step)
Average degree: 8.15 (max so far 10.27)
Snapshots written so far: 9
2026-09-07 11:22:46.452 INFO [preference_graph.calculate] total=97.01s query=6.59s derive=14.51s elicit=74.84s graph=0.88s write=0.06s edges=2091108 new_edges=4475
2026-09-07 11:22:46.453 INFO Memory usage (end of timestep, peak): 228.97 GiB
2026-09-07 11:22:46.453 INFO Memory usage (end of timestep, current): 25.62 GiB
2026-09-07 11:22:46.454 INFO (Iteration 108) preference_graph: real 97.01s | cpu 103.61s
2026-09-07 11:22:46.454 INFO Iteration 108 finished in 167.72s (real) and 159.36s (process)
2026-09-07 11:22:46.455 INFO Start timestep 2021-10-12 00:00:00+00:00 -> 2021-11-11 00:00:00+00:00
2026-09-07 11:24:21.880 INFO DuckDB memory logs:
  database_name database_size  block_size  ...  wal_size  memory_usage  memory_limit
0   postgres_db       6.3 TiB           0  ...   0 bytes      13.4 GiB     228.8 GiB
1        memory       0 bytes           0  ...   0 bytes      13.4 GiB     228.8 GiB

[2 rows x 9 columns]
2026-09-07 11:24:21.881 INFO Loading data (2021-10-12 00:00:00+00:00 -> 2021-11-11 00:00:00+00:00) done in 95.43s (real) and 84.51s (process)
2026-09-07 11:24:21.881 INFO Memory usage (start of timestep, peak): 228.97 GiB
2026-09-07 11:24:21.881 INFO Memory usage (start of timestep, current): 24.47 GiB
2026-09-07 11:24:21.881 INFO Calculating metrics
2026-09-07 11:24:21.882 INFO Calculating metric: preference_graph
Found 699452 prefs in this timestep.
--- Preference graph ----
Vertices: 515070, edges: 2095641 (+4533 this step)
Total edge weight: 159552026 (+699452 this step)
Average degree: 8.14 (max so far 10.27)
Snapshots written so far: 9
2026-09-07 11:27:05.059 INFO [preference_graph.calculate] total=163.18s query=9.66s derive=19.92s elicit=132.37s graph=1.00s write=0.05s edges=2095641 new_edges=4533
2026-09-07 11:27:05.060 INFO Memory usage (end of timestep, peak): 228.97 GiB
2026-09-07 11:27:05.060 INFO Memory usage (end of timestep, current): 31.44 GiB
2026-09-07 11:27:05.060 INFO (Iteration 109) preference_graph: real 163.18s | cpu 171.71s
2026-09-07 11:27:05.061 INFO Iteration 109 finished in 258.61s (real) and 256.22s (process)
2026-09-07 11:27:05.061 INFO Start timestep 2021-11-11 00:00:00+00:00 -> 2021-12-11 00:00:00+00:00
2026-09-07 11:28:25.867 INFO DuckDB memory logs:
  database_name database_size  block_size  ...  wal_size  memory_usage  memory_limit
0   postgres_db       6.3 TiB           0  ...   0 bytes       9.5 GiB     228.8 GiB
1        memory       0 bytes           0  ...   0 bytes       9.5 GiB     228.8 GiB

[2 rows x 9 columns]
2026-09-07 11:28:25.868 INFO Loading data (2021-11-11 00:00:00+00:00 -> 2021-12-11 00:00:00+00:00) done in 80.81s (real) and 61.25s (process)
2026-09-07 11:28:25.868 INFO Memory usage (start of timestep, peak): 228.97 GiB
2026-09-07 11:28:25.868 INFO Memory usage (start of timestep, current): 20.70 GiB
2026-09-07 11:28:25.868 INFO Calculating metrics
2026-09-07 11:28:25.868 INFO Calculating metric: preference_graph
Found 399572 prefs in this timestep.
--- Preference graph ----
Vertices: 516729, edges: 2102860 (+7219 this step)
Total edge weight: 159951598 (+399572 this step)
Average degree: 8.14 (max so far 10.27)
Snapshots written so far: 9
2026-09-07 11:30:12.053 INFO [preference_graph.calculate] total=106.18s query=5.60s derive=15.68s elicit=83.86s graph=0.88s write=0.04s edges=2102860 new_edges=7219
2026-09-07 11:30:12.054 INFO Memory usage (end of timestep, peak): 228.97 GiB
2026-09-07 11:30:12.054 INFO Memory usage (end of timestep, current): 26.23 GiB
2026-09-07 11:30:12.054 INFO (Iteration 110) preference_graph: real 106.19s | cpu 110.97s
2026-09-07 11:30:12.054 INFO Iteration 110 finished in 186.99s (real) and 172.21s (process)
2026-09-07 11:30:12.055 INFO Start timestep 2021-12-11 00:00:00+00:00 -> 2022-01-10 00:00:00+00:00
2026-09-07 11:31:40.562 INFO DuckDB memory logs:
  database_name database_size  block_size  ...  wal_size  memory_usage  memory_limit
0   postgres_db       6.3 TiB           0  ...   0 bytes      10.2 GiB     228.8 GiB
1        memory       0 bytes           0  ...   0 bytes      10.2 GiB     228.8 GiB

[2 rows x 9 columns]
2026-09-07 11:31:40.562 INFO Loading data (2021-12-11 00:00:00+00:00 -> 2022-01-10 00:00:00+00:00) done in 88.51s (real) and 65.10s (process)
2026-09-07 11:31:40.562 INFO Memory usage (start of timestep, peak): 228.97 GiB
2026-09-07 11:31:40.562 INFO Memory usage (start of timestep, current): 21.41 GiB
2026-09-07 11:31:40.562 INFO Calculating metrics
2026-09-07 11:31:40.563 INFO Calculating metric: preference_graph
Found 932112 prefs in this timestep.
--- Preference graph ----
Vertices: 518427, edges: 2108056 (+5196 this step)
Total edge weight: 160883710 (+932112 this step)
Average degree: 8.13 (max so far 10.27)
Snapshots written so far: 9
2026-09-07 11:33:24.018 INFO [preference_graph.calculate] total=103.46s query=6.04s derive=15.04s elicit=81.15s graph=1.06s write=0.05s edges=2108056 new_edges=5196
2026-09-07 11:33:24.019 INFO Memory usage (end of timestep, peak): 228.97 GiB
2026-09-07 11:33:24.019 INFO Memory usage (end of timestep, current): 26.42 GiB
2026-09-07 11:33:24.020 INFO (Iteration 111) preference_graph: real 103.46s | cpu 109.47s
2026-09-07 11:33:24.020 INFO Iteration 111 finished in 191.96s (real) and 174.56s (process)
2026-09-07 11:33:24.020 INFO Start timestep 2022-01-10 00:00:00+00:00 -> 2022-02-09 00:00:00+00:00
2026-09-07 11:34:46.617 INFO DuckDB memory logs:
  database_name database_size  block_size  ...  wal_size  memory_usage  memory_limit
0   postgres_db       6.3 TiB           0  ...   0 bytes       8.5 GiB     228.8 GiB
1        memory       0 bytes           0  ...   0 bytes       8.5 GiB     228.8 GiB

[2 rows x 9 columns]
2026-09-07 11:34:46.617 INFO Loading data (2022-01-10 00:00:00+00:00 -> 2022-02-09 00:00:00+00:00) done in 82.60s (real) and 73.27s (process)
2026-09-07 11:34:46.617 INFO Memory usage (start of timestep, peak): 228.97 GiB
2026-09-07 11:34:46.617 INFO Memory usage (start of timestep, current): 19.73 GiB
2026-09-07 11:34:46.618 INFO Calculating metrics
2026-09-07 11:34:46.618 INFO Calculating metric: preference_graph
Found 810676 prefs in this timestep.
--- Preference graph ----
Vertices: 520071, edges: 2112767 (+4711 this step)
Total edge weight: 161694386 (+810676 this step)
Average degree: 8.12 (max so far 10.27)
Snapshots written so far: 9
2026-09-07 11:36:10.346 INFO [preference_graph.calculate] total=83.73s query=5.34s derive=12.74s elicit=64.42s graph=1.06s write=0.05s edges=2112767 new_edges=4711
2026-09-07 11:36:10.346 INFO Memory usage (end of timestep, peak): 228.97 GiB
2026-09-07 11:36:10.346 INFO Memory usage (end of timestep, current): 24.53 GiB
2026-09-07 11:36:10.346 INFO (Iteration 112) preference_graph: real 83.73s | cpu 88.63s
2026-09-07 11:36:10.346 INFO Iteration 112 finished in 166.33s (real) and 161.91s (process)
2026-09-07 11:36:10.347 INFO Start timestep 2022-02-09 00:00:00+00:00 -> 2022-03-11 00:00:00+00:00
2026-09-07 11:37:34.723 INFO DuckDB memory logs:
  database_name database_size  block_size  ...  wal_size  memory_usage  memory_limit
0   postgres_db       6.3 TiB           0  ...   0 bytes      10.8 GiB     228.8 GiB
1        memory       0 bytes           0  ...   0 bytes      10.8 GiB     228.8 GiB

[2 rows x 9 columns]
2026-09-07 11:37:34.724 INFO Loading data (2022-02-09 00:00:00+00:00 -> 2022-03-11 00:00:00+00:00) done in 84.38s (real) and 64.48s (process)
2026-09-07 11:37:34.724 INFO Memory usage (start of timestep, peak): 228.97 GiB
2026-09-07 11:37:34.724 INFO Memory usage (start of timestep, current): 21.82 GiB
2026-09-07 11:37:34.724 INFO Calculating metrics
2026-09-07 11:37:34.724 INFO Calculating metric: preference_graph
Found 758345 prefs in this timestep.
--- Preference graph ----
Vertices: 523324, edges: 2119006 (+6239 this step)
Total edge weight: 162452731 (+758345 this step)
Average degree: 8.10 (max so far 10.27)
Snapshots written so far: 9
2026-09-07 11:39:23.322 INFO [preference_graph.calculate] total=108.60s query=8.51s derive=16.72s elicit=82.14s graph=1.00s write=0.08s edges=2119006 new_edges=6239
2026-09-07 11:39:23.323 INFO Memory usage (end of timestep, peak): 228.97 GiB
2026-09-07 11:39:23.323 INFO Memory usage (end of timestep, current): 28.05 GiB
2026-09-07 11:39:23.323 INFO (Iteration 113) preference_graph: real 108.60s | cpu 115.99s
2026-09-07 11:39:23.324 INFO Iteration 113 finished in 192.98s (real) and 180.47s (process)
2026-09-07 11:39:23.324 INFO Start timestep 2022-03-11 00:00:00+00:00 -> 2022-04-10 00:00:00+00:00
2026-09-07 11:40:33.436 INFO DuckDB memory logs:
  database_name database_size  block_size  ...  wal_size  memory_usage  memory_limit
0   postgres_db       6.3 TiB           0  ...   0 bytes       9.6 GiB     228.8 GiB
1        memory       0 bytes           0  ...   0 bytes       9.6 GiB     228.8 GiB

[2 rows x 9 columns]
2026-09-07 11:40:33.436 INFO Loading data (2022-03-11 00:00:00+00:00 -> 2022-04-10 00:00:00+00:00) done in 70.11s (real) and 96.32s (process)
2026-09-07 11:40:33.436 INFO Memory usage (start of timestep, peak): 228.97 GiB
2026-09-07 11:40:33.436 INFO Memory usage (start of timestep, current): 20.75 GiB
2026-09-07 11:40:33.436 INFO Calculating metrics
2026-09-07 11:40:33.436 INFO Calculating metric: preference_graph
Found 43527 prefs in this timestep.
--- Preference graph ----
Vertices: 524993, edges: 2123121 (+4115 this step)
Total edge weight: 162496258 (+43527 this step)
Average degree: 8.09 (max so far 10.27)
Snapshots written so far: 9
2026-09-07 11:42:06.819 INFO [preference_graph.calculate] total=93.38s query=6.80s derive=15.52s elicit=70.09s graph=0.81s write=0.05s edges=2123121 new_edges=4115
2026-09-07 11:42:06.820 INFO Memory usage (end of timestep, peak): 228.97 GiB
2026-09-07 11:42:06.820 INFO Memory usage (end of timestep, current): 25.96 GiB
2026-09-07 11:42:06.821 INFO (Iteration 114) preference_graph: real 93.38s | cpu 99.05s
2026-09-07 11:42:06.821 INFO Iteration 114 finished in 163.50s (real) and 195.37s (process)
2026-09-07 11:42:06.822 INFO Start timestep 2022-04-10 00:00:00+00:00 -> 2022-05-10 00:00:00+00:00
2026-09-07 11:43:32.279 INFO DuckDB memory logs:
  database_name database_size  block_size  ...  wal_size  memory_usage  memory_limit
0   postgres_db       6.3 TiB           0  ...   0 bytes      13.8 GiB     228.8 GiB
1        memory       0 bytes           0  ...   0 bytes      13.8 GiB     228.8 GiB

[2 rows x 9 columns]
2026-09-07 11:43:32.280 INFO Loading data (2022-04-10 00:00:00+00:00 -> 2022-05-10 00:00:00+00:00) done in 85.46s (real) and 77.06s (process)
2026-09-07 11:43:32.280 INFO Memory usage (start of timestep, peak): 228.97 GiB
2026-09-07 11:43:32.280 INFO Memory usage (start of timestep, current): 24.84 GiB
2026-09-07 11:43:32.280 INFO Calculating metrics
2026-09-07 11:43:32.280 INFO Calculating metric: preference_graph
Found 995672 prefs in this timestep.
--- Preference graph ----
Vertices: 526772, edges: 2127892 (+4771 this step)
Total edge weight: 163491930 (+995672 this step)
Average degree: 8.08 (max so far 10.27)
Snapshots written so far: 9
2026-09-07 11:45:46.678 INFO [preference_graph.calculate] total=134.40s query=9.19s derive=21.95s elicit=101.90s graph=1.12s write=0.05s edges=2127892 new_edges=4771
2026-09-07 11:45:46.679 INFO Memory usage (end of timestep, peak): 228.97 GiB
2026-09-07 11:45:46.679 INFO Memory usage (end of timestep, current): 31.25 GiB
2026-09-07 11:45:46.679 INFO (Iteration 115) preference_graph: real 134.40s | cpu 143.63s
2026-09-07 11:45:46.679 INFO Iteration 115 finished in 219.86s (real) and 220.69s (process)
2026-09-07 11:45:46.681 INFO Start timestep 2022-05-10 00:00:00+00:00 -> 2022-06-09 00:00:00+00:00
2026-09-07 11:47:25.642 INFO DuckDB memory logs:
  database_name database_size  block_size  ...  wal_size  memory_usage  memory_limit
0   postgres_db       6.3 TiB           0  ...   0 bytes      12.3 GiB     228.8 GiB
1        memory       0 bytes           0  ...   0 bytes      12.3 GiB     228.8 GiB

[2 rows x 9 columns]
2026-09-07 11:47:25.642 INFO Loading data (2022-05-10 00:00:00+00:00 -> 2022-06-09 00:00:00+00:00) done in 98.96s (real) and 122.02s (process)
2026-09-07 11:47:25.642 INFO Memory usage (start of timestep, peak): 228.97 GiB
2026-09-07 11:47:25.643 INFO Memory usage (start of timestep, current): 23.33 GiB
2026-09-07 11:47:25.643 INFO Calculating metrics
2026-09-07 11:47:25.643 INFO Calculating metric: preference_graph
Found 496435 prefs in this timestep.
--- Preference graph ----
Vertices: 528581, edges: 2132649 (+4757 this step)
Total edge weight: 163988365 (+496435 this step)
Average degree: 8.07 (max so far 10.27)
Snapshots written so far: 9
2026-09-07 11:49:35.876 INFO [preference_graph.calculate] total=130.23s query=10.05s derive=19.25s elicit=99.72s graph=0.99s write=0.08s edges=2132649 new_edges=4757
2026-09-07 11:49:35.877 INFO Memory usage (end of timestep, peak): 228.97 GiB
2026-09-07 11:49:35.877 INFO Memory usage (end of timestep, current): 30.33 GiB
2026-09-07 11:49:35.877 INFO (Iteration 116) preference_graph: real 130.23s | cpu 138.18s
2026-09-07 11:49:35.877 INFO Iteration 116 finished in 229.20s (real) and 260.20s (process)
2026-09-07 11:49:35.878 INFO Start timestep 2022-06-09 00:00:00+00:00 -> 2022-07-09 00:00:00+00:00
2026-09-07 11:51:45.902 INFO DuckDB memory logs:
  database_name database_size  block_size  ...  wal_size  memory_usage  memory_limit
0   postgres_db       6.3 TiB           0  ...   0 bytes      20.0 GiB     228.8 GiB
1        memory       0 bytes           0  ...   0 bytes      20.0 GiB     228.8 GiB

[2 rows x 9 columns]
2026-09-07 11:51:45.903 INFO Loading data (2022-06-09 00:00:00+00:00 -> 2022-07-09 00:00:00+00:00) done in 130.02s (real) and 97.64s (process)
2026-09-07 11:51:45.904 INFO Memory usage (start of timestep, peak): 228.97 GiB
2026-09-07 11:51:45.904 INFO Memory usage (start of timestep, current): 30.72 GiB
2026-09-07 11:51:45.904 INFO Calculating metrics
2026-09-07 11:51:45.904 INFO Calculating metric: preference_graph
Found 320636 prefs in this timestep.
--- Preference graph ----
Vertices: 530101, edges: 2136925 (+4276 this step)
Total edge weight: 164309001 (+320636 this step)
Average degree: 8.06 (max so far 10.27)
Snapshots written so far: 9
2026-09-07 11:55:49.910 INFO [preference_graph.calculate] total=244.01s query=14.40s derive=34.61s elicit=193.73s graph=0.97s write=0.07s edges=2136925 new_edges=4276
2026-09-07 11:55:49.911 INFO Memory usage (end of timestep, peak): 228.97 GiB
2026-09-07 11:55:49.911 INFO Memory usage (end of timestep, current): 39.26 GiB
2026-09-07 11:55:49.911 INFO (Iteration 117) preference_graph: real 244.01s | cpu 258.49s
2026-09-07 11:55:49.911 INFO Iteration 117 finished in 374.03s (real) and 356.14s (process)
2026-09-07 11:55:49.912 INFO Start timestep 2022-07-09 00:00:00+00:00 -> 2022-08-08 00:00:00+00:00
2026-09-07 11:58:36.394 INFO DuckDB memory logs:
  database_name database_size  block_size  ...  wal_size  memory_usage  memory_limit
0   postgres_db       6.3 TiB           0  ...   0 bytes      23.3 GiB     228.8 GiB
1        memory       0 bytes           0  ...   0 bytes      23.3 GiB     228.8 GiB

[2 rows x 9 columns]
2026-09-07 11:58:36.395 INFO Loading data (2022-07-09 00:00:00+00:00 -> 2022-08-08 00:00:00+00:00) done in 166.48s (real) and 129.57s (process)
2026-09-07 11:58:36.395 INFO Memory usage (start of timestep, peak): 228.97 GiB
2026-09-07 11:58:36.396 INFO Memory usage (start of timestep, current): 33.97 GiB
2026-09-07 11:58:36.396 INFO Calculating metrics
2026-09-07 11:58:36.396 INFO Calculating metric: preference_graph
Found 593442 prefs in this timestep.
--- Preference graph ----
Vertices: 532423, edges: 2141529 (+4604 this step)
Total edge weight: 164902443 (+593442 this step)
Average degree: 8.04 (max so far 10.27)
Snapshots written so far: 9
2026-09-07 12:04:47.056 INFO [preference_graph.calculate] total=370.66s query=16.54s derive=44.13s elicit=308.41s graph=1.03s write=0.06s edges=2141529 new_edges=4604
2026-09-07 12:04:47.071 INFO Memory usage (end of timestep, peak): 228.97 GiB
2026-09-07 12:04:47.071 INFO Memory usage (end of timestep, current): 44.70 GiB
2026-09-07 12:04:47.071 INFO (Iteration 118) preference_graph: real 370.67s | cpu 386.26s
2026-09-07 12:04:47.071 INFO Iteration 118 finished in 537.16s (real) and 515.83s (process)
2026-09-07 12:04:47.072 INFO Start timestep 2022-08-08 00:00:00+00:00 -> 2022-09-07 00:00:00+00:00
2026-09-07 12:06:55.485 INFO DuckDB memory logs:
  database_name database_size  block_size  ...  wal_size  memory_usage  memory_limit
0   postgres_db       6.3 TiB           0  ...   0 bytes      17.1 GiB     228.8 GiB
1        memory       0 bytes           0  ...   0 bytes      17.1 GiB     228.8 GiB

[2 rows x 9 columns]
2026-09-07 12:06:55.486 INFO Loading data (2022-08-08 00:00:00+00:00 -> 2022-09-07 00:00:00+00:00) done in 128.41s (real) and 102.37s (process)
2026-09-07 12:06:55.486 INFO Memory usage (start of timestep, peak): 228.97 GiB
2026-09-07 12:06:55.486 INFO Memory usage (start of timestep, current): 28.50 GiB
2026-09-07 12:06:55.486 INFO Calculating metrics
2026-09-07 12:06:55.486 INFO Calculating metric: preference_graph
Found 22285 prefs in this timestep.
2026-09-07 12:12:20.769 INFO [preference_graph] saved snapshot /sc/home/jannes.malanowski/mp2025-wikiwatch-1/preference_graphs/preference_graph_2022-09-07.{gt.gz,csv.gz} (534398 vertices, 2145645 edges) in 11.24s
--- Preference graph ----
Vertices: 534398, edges: 2145645 (+4116 this step)
Total edge weight: 164924728 (+22285 this step)
Average degree: 8.03 (max so far 10.27)
Snapshots written so far: 10
2026-09-07 12:12:20.898 INFO [preference_graph.calculate] total=325.41s query=11.38s derive=33.52s elicit=267.96s graph=0.89s save=11.27s write=0.10s edges=2145645 new_edges=4116
2026-09-07 12:12:20.898 INFO Memory usage (end of timestep, peak): 228.97 GiB
2026-09-07 12:12:20.898 INFO Memory usage (end of timestep, current): 38.27 GiB
2026-09-07 12:12:20.899 INFO (Iteration 119) preference_graph: real 325.41s | cpu 335.61s
2026-09-07 12:12:20.899 INFO Iteration 119 finished in 453.83s (real) and 437.98s (process)
2026-09-07 12:12:20.899 INFO Start timestep 2022-09-07 00:00:00+00:00 -> 2022-10-07 00:00:00+00:00
2026-09-07 12:14:45.384 INFO DuckDB memory logs:
  database_name database_size  block_size  ...  wal_size  memory_usage  memory_limit
0   postgres_db       6.3 TiB           0  ...   0 bytes      20.7 GiB     228.8 GiB
1        memory       0 bytes           0  ...   0 bytes      20.7 GiB     228.8 GiB

[2 rows x 9 columns]
2026-09-07 12:14:45.385 INFO Loading data (2022-09-07 00:00:00+00:00 -> 2022-10-07 00:00:00+00:00) done in 144.49s (real) and 178.21s (process)
2026-09-07 12:14:45.385 INFO Memory usage (start of timestep, peak): 228.97 GiB
2026-09-07 12:14:45.385 INFO Memory usage (start of timestep, current): 31.62 GiB
2026-09-07 12:14:45.385 INFO Calculating metrics
2026-09-07 12:14:45.385 INFO Calculating metric: preference_graph
Found 243132 prefs in this timestep.
--- Preference graph ----
Vertices: 535923, edges: 2149653 (+4008 this step)
Total edge weight: 165167860 (+243132 this step)
Average degree: 8.02 (max so far 10.27)
Snapshots written so far: 10
2026-09-07 12:18:31.359 INFO [preference_graph.calculate] total=225.97s query=14.05s derive=34.72s elicit=175.96s graph=0.96s write=0.04s edges=2149653 new_edges=4008
2026-09-07 12:18:31.359 INFO Memory usage (end of timestep, peak): 228.97 GiB
2026-09-07 12:18:31.360 INFO Memory usage (end of timestep, current): 39.45 GiB
2026-09-07 12:18:31.360 INFO (Iteration 120) preference_graph: real 225.97s | cpu 238.49s
2026-09-07 12:18:31.360 INFO Iteration 120 finished in 370.46s (real) and 416.70s (process)
2026-09-07 12:18:31.361 INFO Start timestep 2022-10-07 00:00:00+00:00 -> 2022-11-06 00:00:00+00:00
2026-09-07 12:20:42.984 INFO DuckDB memory logs:
  database_name database_size  block_size  ...  wal_size  memory_usage  memory_limit
0   postgres_db       6.3 TiB           0  ...   0 bytes      19.0 GiB     228.8 GiB
1        memory       0 bytes           0  ...   0 bytes      19.0 GiB     228.8 GiB

[2 rows x 9 columns]
2026-09-07 12:20:42.985 INFO Loading data (2022-10-07 00:00:00+00:00 -> 2022-11-06 00:00:00+00:00) done in 131.62s (real) and 170.54s (process)
2026-09-07 12:20:42.985 INFO Memory usage (start of timestep, peak): 228.97 GiB
2026-09-07 12:20:42.985 INFO Memory usage (start of timestep, current): 30.05 GiB
2026-09-07 12:20:42.985 INFO Calculating metrics
2026-09-07 12:20:42.985 INFO Calculating metric: preference_graph
Found 730087 prefs in this timestep.
--- Preference graph ----
Vertices: 537468, edges: 2153740 (+4087 this step)
Total edge weight: 165897947 (+730087 this step)
Average degree: 8.01 (max so far 10.27)
Snapshots written so far: 10
2026-09-07 12:24:06.078 INFO [preference_graph.calculate] total=203.09s query=14.16s derive=32.10s elicit=155.46s graph=1.08s write=0.05s edges=2153740 new_edges=4087
2026-09-07 12:24:06.079 INFO Memory usage (end of timestep, peak): 228.97 GiB
2026-09-07 12:24:06.079 INFO Memory usage (end of timestep, current): 37.71 GiB
2026-09-07 12:24:06.079 INFO (Iteration 121) preference_graph: real 203.09s | cpu 215.48s
2026-09-07 12:24:06.079 INFO Iteration 121 finished in 334.72s (real) and 386.02s (process)
2026-09-07 12:24:06.080 INFO Start timestep 2022-11-06 00:00:00+00:00 -> 2022-12-06 00:00:00+00:00
2026-09-07 12:25:55.246 INFO DuckDB memory logs:
  database_name database_size  block_size  ...  wal_size  memory_usage  memory_limit
0   postgres_db       6.3 TiB           0  ...   0 bytes      15.6 GiB     228.8 GiB
1        memory       0 bytes           0  ...   0 bytes      15.6 GiB     228.8 GiB

[2 rows x 9 columns]
2026-09-07 12:25:55.247 INFO Loading data (2022-11-06 00:00:00+00:00 -> 2022-12-06 00:00:00+00:00) done in 109.17s (real) and 84.27s (process)
2026-09-07 12:25:55.247 INFO Memory usage (start of timestep, peak): 228.97 GiB
2026-09-07 12:25:55.247 INFO Memory usage (start of timestep, current): 26.69 GiB
2026-09-07 12:25:55.247 INFO Calculating metrics
2026-09-07 12:25:55.247 INFO Calculating metric: preference_graph
Found 23403 prefs in this timestep.
--- Preference graph ----
Vertices: 539064, edges: 2158016 (+4276 this step)
Total edge weight: 165921350 (+23403 this step)
Average degree: 8.01 (max so far 10.27)
Snapshots written so far: 10
2026-09-07 12:28:55.082 INFO [preference_graph.calculate] total=179.83s query=10.46s derive=26.22s elicit=142.05s graph=0.85s write=0.08s edges=2158016 new_edges=4276
2026-09-07 12:28:55.083 INFO Memory usage (end of timestep, peak): 228.97 GiB
2026-09-07 12:28:55.083 INFO Memory usage (end of timestep, current): 33.85 GiB
2026-09-07 12:28:55.083 INFO (Iteration 122) preference_graph: real 179.83s | cpu 189.23s
2026-09-07 12:28:55.083 INFO Iteration 122 finished in 289.00s (real) and 273.50s (process)
2026-09-07 12:28:55.084 INFO Start timestep 2022-12-06 00:00:00+00:00 -> 2023-01-05 00:00:00+00:00
2026-09-07 12:30:23.517 INFO DuckDB memory logs:
  database_name database_size  block_size  ...  wal_size  memory_usage  memory_limit
0   postgres_db       6.3 TiB           0  ...   0 bytes      11.6 GiB     228.8 GiB
1        memory       0 bytes           0  ...   0 bytes      11.6 GiB     228.8 GiB

[2 rows x 9 columns]
2026-09-07 12:30:23.518 INFO Loading data (2022-12-06 00:00:00+00:00 -> 2023-01-05 00:00:00+00:00) done in 88.43s (real) and 69.77s (process)
2026-09-07 12:30:23.518 INFO Memory usage (start of timestep, peak): 228.97 GiB
2026-09-07 12:30:23.519 INFO Memory usage (start of timestep, current): 22.72 GiB
2026-09-07 12:30:23.519 INFO Calculating metrics
2026-09-07 12:30:23.519 INFO Calculating metric: preference_graph
Found 193754 prefs in this timestep.
--- Preference graph ----
Vertices: 561258, edges: 2186854 (+28838 this step)
Total edge weight: 166115104 (+193754 this step)
Average degree: 7.79 (max so far 10.27)
Snapshots written so far: 10
2026-09-07 12:32:52.552 INFO [preference_graph.calculate] total=149.03s query=7.17s derive=19.41s elicit=121.20s graph=1.04s write=0.07s edges=2186854 new_edges=28838
2026-09-07 12:32:52.553 INFO Memory usage (end of timestep, peak): 228.97 GiB
2026-09-07 12:32:52.554 INFO Memory usage (end of timestep, current): 28.79 GiB
2026-09-07 12:32:52.554 INFO (Iteration 123) preference_graph: real 149.03s | cpu 155.26s
2026-09-07 12:32:52.554 INFO Iteration 123 finished in 237.47s (real) and 225.04s (process)
2026-09-07 12:32:52.555 INFO Start timestep 2023-01-05 00:00:00+00:00 -> 2023-02-04 00:00:00+00:00
2026-09-07 12:34:39.816 INFO DuckDB memory logs:
  database_name database_size  block_size  ...  wal_size  memory_usage  memory_limit
0   postgres_db       6.3 TiB           0  ...   0 bytes      15.5 GiB     228.8 GiB
1        memory       0 bytes           0  ...   0 bytes      15.5 GiB     228.8 GiB

[2 rows x 9 columns]
2026-09-07 12:34:39.817 INFO Loading data (2023-01-05 00:00:00+00:00 -> 2023-02-04 00:00:00+00:00) done in 107.26s (real) and 103.83s (process)
2026-09-07 12:34:39.817 INFO Memory usage (start of timestep, peak): 228.97 GiB
2026-09-07 12:34:39.817 INFO Memory usage (start of timestep, current): 26.50 GiB
2026-09-07 12:34:39.817 INFO Calculating metrics
2026-09-07 12:34:39.817 INFO Calculating metric: preference_graph
Found 1540824 prefs in this timestep.
--- Preference graph ----
Vertices: 562800, edges: 2191200 (+4346 this step)
Total edge weight: 167655928 (+1540824 this step)
Average degree: 7.79 (max so far 10.27)
Snapshots written so far: 10
2026-09-07 12:37:05.146 INFO [preference_graph.calculate] total=145.33s query=9.55s derive=20.10s elicit=114.09s graph=1.36s write=0.06s edges=2191200 new_edges=4346
2026-09-07 12:37:05.147 INFO Memory usage (end of timestep, peak): 228.97 GiB
2026-09-07 12:37:05.147 INFO Memory usage (end of timestep, current): 32.87 GiB
2026-09-07 12:37:05.147 INFO (Iteration 124) preference_graph: real 145.33s | cpu 153.46s
2026-09-07 12:37:05.147 INFO Iteration 124 finished in 252.59s (real) and 257.29s (process)
2026-09-07 12:37:05.148 INFO Start timestep 2023-02-04 00:00:00+00:00 -> 2023-03-06 00:00:00+00:00
2026-09-07 12:38:50.620 INFO DuckDB memory logs:
  database_name database_size  block_size  ...  wal_size  memory_usage  memory_limit
0   postgres_db       6.3 TiB           0  ...   0 bytes      14.4 GiB     228.8 GiB
1        memory       0 bytes           0  ...   0 bytes      14.4 GiB     228.8 GiB

[2 rows x 9 columns]
2026-09-07 12:38:50.621 INFO Loading data (2023-02-04 00:00:00+00:00 -> 2023-03-06 00:00:00+00:00) done in 105.47s (real) and 81.45s (process)
2026-09-07 12:38:50.621 INFO Memory usage (start of timestep, peak): 228.97 GiB
2026-09-07 12:38:50.621 INFO Memory usage (start of timestep, current): 25.44 GiB
2026-09-07 12:38:50.621 INFO Calculating metrics
2026-09-07 12:38:50.621 INFO Calculating metric: preference_graph
Found 55822 prefs in this timestep.
--- Preference graph ----
Vertices: 564493, edges: 2195503 (+4303 this step)
Total edge weight: 167711750 (+55822 this step)
Average degree: 7.78 (max so far 10.27)
Snapshots written so far: 10
2026-09-07 12:41:16.920 INFO [preference_graph.calculate] total=146.30s query=9.74s derive=29.37s elicit=106.05s graph=0.92s write=0.06s edges=2195503 new_edges=4303
2026-09-07 12:41:16.921 INFO Memory usage (end of timestep, peak): 228.97 GiB
2026-09-07 12:41:16.921 INFO Memory usage (end of timestep, current): 32.55 GiB
2026-09-07 12:41:16.921 INFO (Iteration 125) preference_graph: real 146.30s | cpu 154.72s
2026-09-07 12:41:16.921 INFO Iteration 125 finished in 251.77s (real) and 236.17s (process)
2026-09-07 12:41:16.922 INFO Start timestep 2023-03-06 00:00:00+00:00 -> 2023-04-05 00:00:00+00:00
2026-09-07 12:42:50.234 INFO DuckDB memory logs:
  database_name database_size  block_size  ...  wal_size  memory_usage  memory_limit
0   postgres_db       6.3 TiB           0  ...   0 bytes      13.7 GiB     228.8 GiB
1        memory       0 bytes           0  ...   0 bytes      13.7 GiB     228.8 GiB

[2 rows x 9 columns]
2026-09-07 12:42:50.235 INFO Loading data (2023-03-06 00:00:00+00:00 -> 2023-04-05 00:00:00+00:00) done in 93.31s (real) and 72.84s (process)
2026-09-07 12:42:50.235 INFO Memory usage (start of timestep, peak): 228.97 GiB
2026-09-07 12:42:50.235 INFO Memory usage (start of timestep, current): 24.72 GiB
2026-09-07 12:42:50.235 INFO Calculating metrics
2026-09-07 12:42:50.235 INFO Calculating metric: preference_graph
Found 23826 prefs in this timestep.
--- Preference graph ----
Vertices: 566021, edges: 2199943 (+4440 this step)
Total edge weight: 167735576 (+23826 this step)
Average degree: 7.77 (max so far 10.27)
Snapshots written so far: 10
2026-09-07 12:45:00.294 INFO [preference_graph.calculate] total=130.06s query=7.64s derive=22.97s elicit=98.36s graph=0.85s write=0.10s edges=2199943 new_edges=4440
2026-09-07 12:45:00.295 INFO Memory usage (end of timestep, peak): 228.97 GiB
2026-09-07 12:45:00.295 INFO Memory usage (end of timestep, current): 30.24 GiB
2026-09-07 12:45:00.295 INFO (Iteration 126) preference_graph: real 130.06s | cpu 137.25s
2026-09-07 12:45:00.296 INFO Iteration 126 finished in 223.37s (real) and 210.10s (process)
2026-09-07 12:45:00.296 INFO Start timestep 2023-04-05 00:00:00+00:00 -> 2023-05-05 00:00:00+00:00
2026-09-07 12:46:28.770 INFO DuckDB memory logs:
  database_name database_size  block_size  ...  wal_size  memory_usage  memory_limit
0   postgres_db       6.3 TiB           0  ...   0 bytes      12.3 GiB     228.8 GiB
1        memory       0 bytes           0  ...   0 bytes      12.3 GiB     228.8 GiB

[2 rows x 9 columns]
2026-09-07 12:46:28.770 INFO Loading data (2023-04-05 00:00:00+00:00 -> 2023-05-05 00:00:00+00:00) done in 88.47s (real) and 100.55s (process)
2026-09-07 12:46:28.771 INFO Memory usage (start of timestep, peak): 228.97 GiB
2026-09-07 12:46:28.771 INFO Memory usage (start of timestep, current): 23.43 GiB
2026-09-07 12:46:28.771 INFO Calculating metrics
2026-09-07 12:46:28.771 INFO Calculating metric: preference_graph
Found 141644 prefs in this timestep.
--- Preference graph ----
Vertices: 567682, edges: 2204325 (+4382 this step)
Total edge weight: 167877220 (+141644 this step)
Average degree: 7.77 (max so far 10.27)
Snapshots written so far: 10
2026-09-07 12:48:43.821 INFO [preference_graph.calculate] total=135.05s query=7.00s derive=18.59s elicit=108.30s graph=0.97s write=0.06s edges=2204325 new_edges=4382
2026-09-07 12:48:43.821 INFO Memory usage (end of timestep, peak): 228.97 GiB
2026-09-07 12:48:43.822 INFO Memory usage (end of timestep, current): 29.06 GiB
2026-09-07 12:48:43.822 INFO (Iteration 127) preference_graph: real 135.05s | cpu 140.87s
2026-09-07 12:48:43.822 INFO Iteration 127 finished in 223.53s (real) and 241.42s (process)
2026-09-07 12:48:43.823 INFO Start timestep 2023-05-05 00:00:00+00:00 -> 2023-06-04 00:00:00+00:00
2026-09-07 12:50:46.988 INFO DuckDB memory logs:
  database_name database_size  block_size  ...  wal_size  memory_usage  memory_limit
0   postgres_db       6.3 TiB           0  ...   0 bytes      18.8 GiB     228.8 GiB
1        memory       0 bytes           0  ...   0 bytes      18.8 GiB     228.8 GiB

[2 rows x 9 columns]
2026-09-07 12:50:46.988 INFO Loading data (2023-05-05 00:00:00+00:00 -> 2023-06-04 00:00:00+00:00) done in 123.17s (real) and 179.18s (process)
2026-09-07 12:50:46.988 INFO Memory usage (start of timestep, peak): 228.97 GiB
2026-09-07 12:50:46.989 INFO Memory usage (start of timestep, current): 29.70 GiB
2026-09-07 12:50:46.989 INFO Calculating metrics
2026-09-07 12:50:46.989 INFO Calculating metric: preference_graph
Found 317896 prefs in this timestep.
--- Preference graph ----
Vertices: 570024, edges: 2209312 (+4987 this step)
Total edge weight: 168195116 (+317896 this step)
Average degree: 7.75 (max so far 10.27)
Snapshots written so far: 10
2026-09-07 12:54:17.565 INFO [preference_graph.calculate] total=210.58s query=12.16s derive=28.73s elicit=168.41s graph=1.02s write=0.05s edges=2209312 new_edges=4987
2026-09-07 12:54:17.566 INFO Memory usage (end of timestep, peak): 228.97 GiB
2026-09-07 12:54:17.567 INFO Memory usage (end of timestep, current): 36.89 GiB
2026-09-07 12:54:17.567 INFO (Iteration 128) preference_graph: real 210.58s | cpu 221.50s
2026-09-07 12:54:17.567 INFO Iteration 128 finished in 333.74s (real) and 400.68s (process)
2026-09-07 12:54:17.568 INFO Start timestep 2023-06-04 00:00:00+00:00 -> 2023-07-04 00:00:00+00:00
2026-09-07 12:56:42.084 INFO DuckDB memory logs:
  database_name database_size  block_size  ...  wal_size  memory_usage  memory_limit
0   postgres_db       6.3 TiB           0  ...   0 bytes      22.9 GiB     228.8 GiB
1        memory       0 bytes           0  ...   0 bytes      22.9 GiB     228.8 GiB

[2 rows x 9 columns]
2026-09-07 12:56:42.085 INFO Loading data (2023-06-04 00:00:00+00:00 -> 2023-07-04 00:00:00+00:00) done in 144.52s (real) and 110.51s (process)
2026-09-07 12:56:42.085 INFO Memory usage (start of timestep, peak): 228.97 GiB
2026-09-07 12:56:42.086 INFO Memory usage (start of timestep, current): 33.57 GiB
2026-09-07 12:56:42.086 INFO Calculating metrics
2026-09-07 12:56:42.086 INFO Calculating metric: preference_graph
Found 68381 prefs in this timestep.
--- Preference graph ----
Vertices: 571800, edges: 2213782 (+4470 this step)
Total edge weight: 168263497 (+68381 this step)
Average degree: 7.74 (max so far 10.27)
Snapshots written so far: 10
2026-09-07 13:01:03.153 INFO [preference_graph.calculate] total=261.07s query=13.95s derive=34.41s elicit=211.44s graph=0.96s write=0.06s edges=2213782 new_edges=4470
2026-09-07 13:01:03.154 INFO Memory usage (end of timestep, peak): 228.97 GiB
2026-09-07 13:01:03.154 INFO Memory usage (end of timestep, current): 41.61 GiB
2026-09-07 13:01:03.155 INFO (Iteration 129) preference_graph: real 261.07s | cpu 275.57s
2026-09-07 13:01:03.155 INFO Iteration 129 finished in 405.59s (real) and 386.08s (process)
2026-09-07 13:01:03.155 INFO Start timestep 2023-07-04 00:00:00+00:00 -> 2023-08-03 00:00:00+00:00
2026-09-07 13:03:10.979 INFO DuckDB memory logs:
  database_name database_size  block_size  ...  wal_size  memory_usage  memory_limit
0   postgres_db       6.3 TiB           0  ...   0 bytes      17.1 GiB     228.8 GiB
1        memory       0 bytes           0  ...   0 bytes      17.1 GiB     228.8 GiB

[2 rows x 9 columns]
2026-09-07 13:03:10.980 INFO Loading data (2023-07-04 00:00:00+00:00 -> 2023-08-03 00:00:00+00:00) done in 127.82s (real) and 99.59s (process)
2026-09-07 13:03:10.980 INFO Memory usage (start of timestep, peak): 228.97 GiB
2026-09-07 13:03:10.980 INFO Memory usage (start of timestep, current): 28.03 GiB
2026-09-07 13:03:10.980 INFO Calculating metrics
2026-09-07 13:03:10.980 INFO Calculating metric: preference_graph
Found 28604 prefs in this timestep.
--- Preference graph ----
Vertices: 573275, edges: 2218032 (+4250 this step)
Total edge weight: 168292101 (+28604 this step)
Average degree: 7.74 (max so far 10.27)
Snapshots written so far: 10
2026-09-07 13:06:15.840 INFO [preference_graph.calculate] total=184.86s query=11.47s derive=28.53s elicit=143.73s graph=0.90s write=0.07s edges=2218032 new_edges=4250
2026-09-07 13:06:15.841 INFO Memory usage (end of timestep, peak): 228.97 GiB
2026-09-07 13:06:15.842 INFO Memory usage (end of timestep, current): 35.00 GiB
2026-09-07 13:06:15.842 INFO (Iteration 130) preference_graph: real 184.86s | cpu 195.71s
2026-09-07 13:06:15.842 INFO Iteration 130 finished in 312.69s (real) and 295.31s (process)
2026-09-07 13:06:15.843 INFO Start timestep 2023-08-03 00:00:00+00:00 -> 2023-09-02 00:00:00+00:00
2026-09-07 13:08:51.673 INFO DuckDB memory logs:
  database_name database_size  block_size  ...  wal_size  memory_usage  memory_limit
0   postgres_db       6.3 TiB           0  ...   0 bytes      22.3 GiB     228.8 GiB
1        memory       0 bytes           0  ...   0 bytes      22.3 GiB     228.8 GiB

[2 rows x 9 columns]
2026-09-07 13:08:51.674 INFO Loading data (2023-08-03 00:00:00+00:00 -> 2023-09-02 00:00:00+00:00) done in 155.83s (real) and 121.65s (process)
2026-09-07 13:08:51.674 INFO Memory usage (start of timestep, peak): 228.97 GiB
2026-09-07 13:08:51.674 INFO Memory usage (start of timestep, current): 32.99 GiB
2026-09-07 13:08:51.674 INFO Calculating metrics
2026-09-07 13:08:51.674 INFO Calculating metric: preference_graph
Found 120000 prefs in this timestep.
2026-09-07 13:12:50.937 INFO [preference_graph] saved snapshot /sc/home/jannes.malanowski/mp2025-wikiwatch-1/preference_graphs/preference_graph_2023-09-02.{gt.gz,csv.gz} (575053 vertices, 2222404 edges) in 10.36s
--- Preference graph ----
Vertices: 575053, edges: 2222404 (+4372 this step)
Total edge weight: 168412101 (+120000 this step)
Average degree: 7.73 (max so far 10.27)
Snapshots written so far: 11
2026-09-07 13:12:51.033 INFO [preference_graph.calculate] total=239.36s query=14.15s derive=30.95s elicit=182.64s graph=0.93s save=10.38s write=0.07s edges=2222404 new_edges=4372
2026-09-07 13:12:51.034 INFO Memory usage (end of timestep, peak): 228.97 GiB
2026-09-07 13:12:51.034 INFO Memory usage (end of timestep, current): 40.58 GiB
2026-09-07 13:12:51.034 INFO (Iteration 131) preference_graph: real 239.36s | cpu 253.38s
2026-09-07 13:12:51.034 INFO Iteration 131 finished in 395.19s (real) and 375.02s (process)
2026-09-07 13:12:51.035 INFO Start timestep 2023-09-02 00:00:00+00:00 -> 2023-10-02 00:00:00+00:00
2026-09-07 13:14:36.221 INFO DuckDB memory logs:
  database_name database_size  block_size  ...  wal_size  memory_usage  memory_limit
0   postgres_db       6.3 TiB           0  ...   0 bytes      14.0 GiB     228.8 GiB
1        memory       0 bytes           0  ...   0 bytes      14.0 GiB     228.8 GiB

[2 rows x 9 columns]
2026-09-07 13:14:36.222 INFO Loading data (2023-09-02 00:00:00+00:00 -> 2023-10-02 00:00:00+00:00) done in 105.19s (real) and 100.94s (process)
2026-09-07 13:14:36.222 INFO Memory usage (start of timestep, peak): 228.97 GiB
2026-09-07 13:14:36.222 INFO Memory usage (start of timestep, current): 25.09 GiB
2026-09-07 13:14:36.222 INFO Calculating metrics
2026-09-07 13:14:36.222 INFO Calculating metric: preference_graph
Found 113842 prefs in this timestep.
--- Preference graph ----
Vertices: 577035, edges: 2227085 (+4681 this step)
Total edge weight: 168525943 (+113842 this step)
Average degree: 7.72 (max so far 10.27)
Snapshots written so far: 11
2026-09-07 13:16:41.518 INFO [preference_graph.calculate] total=125.30s query=9.87s derive=21.05s elicit=93.19s graph=0.94s write=0.11s edges=2227085 new_edges=4681
2026-09-07 13:16:41.519 INFO Memory usage (end of timestep, peak): 228.97 GiB
2026-09-07 13:16:41.519 INFO Memory usage (end of timestep, current): 31.51 GiB
2026-09-07 13:16:41.520 INFO (Iteration 132) preference_graph: real 125.30s | cpu 133.29s
2026-09-07 13:16:41.520 INFO Iteration 132 finished in 230.48s (real) and 234.23s (process)
2026-09-07 13:16:41.521 INFO Start timestep 2023-10-02 00:00:00+00:00 -> 2023-11-01 00:00:00+00:00
2026-09-07 13:17:55.794 INFO DuckDB memory logs:
  database_name database_size  block_size  ...  wal_size  memory_usage  memory_limit
0   postgres_db       6.3 TiB           0  ...   0 bytes      10.2 GiB     228.8 GiB
1        memory       0 bytes           0  ...   0 bytes      10.2 GiB     228.8 GiB

[2 rows x 9 columns]
2026-09-07 13:17:55.794 INFO Loading data (2023-10-02 00:00:00+00:00 -> 2023-11-01 00:00:00+00:00) done in 74.27s (real) and 70.55s (process)
2026-09-07 13:17:55.795 INFO Memory usage (start of timestep, peak): 228.97 GiB
2026-09-07 13:17:55.795 INFO Memory usage (start of timestep, current): 21.47 GiB
2026-09-07 13:17:55.795 INFO Calculating metrics
2026-09-07 13:17:55.795 INFO Calculating metric: preference_graph
Found 159438 prefs in this timestep.
--- Preference graph ----
Vertices: 578616, edges: 2231768 (+4683 this step)
Total edge weight: 168685381 (+159438 this step)
Average degree: 7.71 (max so far 10.27)
Snapshots written so far: 11
2026-09-07 13:19:47.013 INFO [preference_graph.calculate] total=111.22s query=6.02s derive=16.23s elicit=87.85s graph=0.94s write=0.06s edges=2231768 new_edges=4683
2026-09-07 13:19:47.014 INFO Memory usage (end of timestep, peak): 228.97 GiB
2026-09-07 13:19:47.014 INFO Memory usage (end of timestep, current): 26.79 GiB
2026-09-07 13:19:47.014 INFO (Iteration 133) preference_graph: real 111.22s | cpu 116.52s
2026-09-07 13:19:47.014 INFO Iteration 133 finished in 185.49s (real) and 187.07s (process)
2026-09-07 13:19:47.015 INFO Start timestep 2023-11-01 00:00:00+00:00 -> 2023-12-01 00:00:00+00:00
2026-09-07 13:21:00.693 INFO DuckDB memory logs:
  database_name database_size  block_size  ...  wal_size  memory_usage  memory_limit
0   postgres_db       6.3 TiB           0  ...   0 bytes       9.9 GiB     228.8 GiB
1        memory       0 bytes           0  ...   0 bytes       9.9 GiB     228.8 GiB

[2 rows x 9 columns]
2026-09-07 13:21:00.694 INFO Loading data (2023-11-01 00:00:00+00:00 -> 2023-12-01 00:00:00+00:00) done in 73.68s (real) and 57.01s (process)
2026-09-07 13:21:00.694 INFO Memory usage (start of timestep, peak): 228.97 GiB
2026-09-07 13:21:00.694 INFO Memory usage (start of timestep, current): 21.07 GiB
2026-09-07 13:21:00.694 INFO Calculating metrics
2026-09-07 13:21:00.694 INFO Calculating metric: preference_graph
Found 144350 prefs in this timestep.
--- Preference graph ----
Vertices: 581830, edges: 2238934 (+7166 this step)
Total edge weight: 168829731 (+144350 this step)
Average degree: 7.70 (max so far 10.27)
Snapshots written so far: 11
2026-09-07 13:22:45.201 INFO [preference_graph.calculate] total=104.51s query=5.84s derive=17.23s elicit=80.32s graph=0.95s write=0.05s edges=2238934 new_edges=7166
2026-09-07 13:22:45.202 INFO Memory usage (end of timestep, peak): 228.97 GiB
2026-09-07 13:22:45.202 INFO Memory usage (end of timestep, current): 26.72 GiB
2026-09-07 13:22:45.202 INFO (Iteration 134) preference_graph: real 104.51s | cpu 109.60s
2026-09-07 13:22:45.202 INFO Iteration 134 finished in 178.19s (real) and 166.61s (process)
2026-09-07 13:22:45.203 INFO Start timestep 2023-12-01 00:00:00+00:00 -> 2023-12-31 00:00:00+00:00
2026-09-07 13:23:59.963 INFO DuckDB memory logs:
  database_name database_size  block_size  ...  wal_size  memory_usage  memory_limit
0   postgres_db       6.3 TiB           0  ...   0 bytes      10.4 GiB     228.8 GiB
1        memory       0 bytes           0  ...   0 bytes      10.4 GiB     228.8 GiB

[2 rows x 9 columns]
2026-09-07 13:23:59.965 INFO Loading data (2023-12-01 00:00:00+00:00 -> 2023-12-31 00:00:00+00:00) done in 74.76s (real) and 57.41s (process)
2026-09-07 13:23:59.965 INFO Memory usage (start of timestep, peak): 228.97 GiB
2026-09-07 13:23:59.965 INFO Memory usage (start of timestep, current): 21.51 GiB
2026-09-07 13:23:59.965 INFO Calculating metrics
2026-09-07 13:23:59.965 INFO Calculating metric: preference_graph
Found 367684 prefs in this timestep.
--- Preference graph ----
Vertices: 585202, edges: 2247164 (+8230 this step)
Total edge weight: 169197415 (+367684 this step)
Average degree: 7.68 (max so far 10.27)
Snapshots written so far: 11
2026-09-07 13:25:42.062 INFO [preference_graph.calculate] total=102.10s query=6.39s derive=17.97s elicit=76.49s graph=1.02s write=0.09s edges=2247164 new_edges=8230
2026-09-07 13:25:42.063 INFO Memory usage (end of timestep, peak): 228.97 GiB
2026-09-07 13:25:42.064 INFO Memory usage (end of timestep, current): 27.20 GiB
2026-09-07 13:25:42.064 INFO (Iteration 135) preference_graph: real 102.10s | cpu 107.66s
2026-09-07 13:25:42.064 INFO Iteration 135 finished in 176.86s (real) and 165.07s (process)
2026-09-07 13:25:42.065 INFO Start timestep 2023-12-31 00:00:00+00:00 -> 2024-01-30 00:00:00+00:00
2026-09-07 13:27:07.939 INFO DuckDB memory logs:
  database_name database_size  block_size  ...  wal_size  memory_usage  memory_limit
0   postgres_db       6.3 TiB           0  ...   0 bytes      12.7 GiB     228.8 GiB
1        memory       0 bytes           0  ...   0 bytes      12.7 GiB     228.8 GiB

[2 rows x 9 columns]
2026-09-07 13:27:07.941 INFO Loading data (2023-12-31 00:00:00+00:00 -> 2024-01-30 00:00:00+00:00) done in 85.88s (real) and 81.74s (process)
2026-09-07 13:27:07.942 INFO Memory usage (start of timestep, peak): 228.97 GiB
2026-09-07 13:27:07.942 INFO Memory usage (start of timestep, current): 23.77 GiB
2026-09-07 13:27:07.942 INFO Calculating metrics
2026-09-07 13:27:07.942 INFO Calculating metric: preference_graph
Found 297743 prefs in this timestep.
--- Preference graph ----
Vertices: 588870, edges: 2254961 (+7797 this step)
Total edge weight: 169495158 (+297743 this step)
Average degree: 7.66 (max so far 10.27)
Snapshots written so far: 11
2026-09-07 13:29:03.803 INFO [preference_graph.calculate] total=115.86s query=7.36s derive=21.17s elicit=86.04s graph=1.04s write=0.09s edges=2254961 new_edges=7797
2026-09-07 13:29:03.804 INFO Memory usage (end of timestep, peak): 228.97 GiB
2026-09-07 13:29:03.805 INFO Memory usage (end of timestep, current): 29.60 GiB
2026-09-07 13:29:03.805 INFO (Iteration 136) preference_graph: real 115.86s | cpu 122.44s
2026-09-07 13:29:03.805 INFO Iteration 136 finished in 201.74s (real) and 204.18s (process)
2026-09-07 13:29:03.806 INFO Start timestep 2024-01-30 00:00:00+00:00 -> 2024-02-29 00:00:00+00:00
2026-09-07 13:30:18.839 INFO DuckDB memory logs:
  database_name database_size  block_size  ...  wal_size  memory_usage  memory_limit
0   postgres_db       6.3 TiB           0  ...   0 bytes      11.3 GiB     228.8 GiB
1        memory       0 bytes           0  ...   0 bytes      11.3 GiB     228.8 GiB

[2 rows x 9 columns]
2026-09-07 13:30:18.840 INFO Loading data (2024-01-30 00:00:00+00:00 -> 2024-02-29 00:00:00+00:00) done in 75.03s (real) and 59.12s (process)
2026-09-07 13:30:18.840 INFO Memory usage (start of timestep, peak): 228.97 GiB
2026-09-07 13:30:18.841 INFO Memory usage (start of timestep, current): 22.42 GiB
2026-09-07 13:30:18.841 INFO Calculating metrics
2026-09-07 13:30:18.841 INFO Calculating metric: preference_graph
Found 33338 prefs in this timestep.
--- Preference graph ----
Vertices: 590381, edges: 2259021 (+4060 this step)
Total edge weight: 169528496 (+33338 this step)
Average degree: 7.65 (max so far 10.27)
Snapshots written so far: 11
2026-09-07 13:32:00.234 INFO [preference_graph.calculate] total=101.39s query=6.25s derive=20.23s elicit=73.85s graph=0.90s write=0.06s edges=2259021 new_edges=4060
2026-09-07 13:32:00.235 INFO Memory usage (end of timestep, peak): 228.97 GiB
2026-09-07 13:32:00.235 INFO Memory usage (end of timestep, current): 27.58 GiB
2026-09-07 13:32:00.235 INFO (Iteration 137) preference_graph: real 101.39s | cpu 107.14s
2026-09-07 13:32:00.235 INFO Iteration 137 finished in 176.43s (real) and 166.26s (process)
2026-09-07 13:32:00.238 INFO Start timestep 2024-02-29 00:00:00+00:00 -> 2024-03-30 00:00:00+00:00
2026-09-07 13:33:36.434 INFO DuckDB memory logs:
  database_name database_size  block_size  ...  wal_size  memory_usage  memory_limit
0   postgres_db       6.3 TiB           0  ...   0 bytes      14.6 GiB     228.8 GiB
1        memory       0 bytes           0  ...   0 bytes      14.6 GiB     228.8 GiB

[2 rows x 9 columns]
2026-09-07 13:33:36.435 INFO Loading data (2024-02-29 00:00:00+00:00 -> 2024-03-30 00:00:00+00:00) done in 96.20s (real) and 90.57s (process)
2026-09-07 13:33:36.435 INFO Memory usage (start of timestep, peak): 228.97 GiB
2026-09-07 13:33:36.435 INFO Memory usage (start of timestep, current): 25.58 GiB
2026-09-07 13:33:36.435 INFO Calculating metrics
2026-09-07 13:33:36.435 INFO Calculating metric: preference_graph
Found 67418 prefs in this timestep.
--- Preference graph ----
Vertices: 592200, edges: 2263889 (+4868 this step)
Total edge weight: 169595914 (+67418 this step)
Average degree: 7.65 (max so far 10.27)
Snapshots written so far: 11
2026-09-07 13:36:13.771 INFO [preference_graph.calculate] total=157.34s query=9.63s derive=23.89s elicit=122.63s graph=0.97s write=0.06s edges=2263889 new_edges=4868
2026-09-07 13:36:13.771 INFO Memory usage (end of timestep, peak): 228.97 GiB
2026-09-07 13:36:13.772 INFO Memory usage (end of timestep, current): 31.91 GiB
2026-09-07 13:36:13.772 INFO (Iteration 138) preference_graph: real 157.34s | cpu 165.64s
2026-09-07 13:36:13.772 INFO Iteration 138 finished in 253.53s (real) and 256.22s (process)
2026-09-07 13:36:13.773 INFO Start timestep 2024-03-30 00:00:00+00:00 -> 2024-04-29 00:00:00+00:00
2026-09-07 13:38:00.817 INFO DuckDB memory logs:
  database_name database_size  block_size  ...  wal_size  memory_usage  memory_limit
0   postgres_db       6.3 TiB           0  ...   0 bytes      15.1 GiB     228.8 GiB
1        memory       0 bytes           0  ...   0 bytes      15.1 GiB     228.8 GiB

[2 rows x 9 columns]
2026-09-07 13:38:00.818 INFO Loading data (2024-03-30 00:00:00+00:00 -> 2024-04-29 00:00:00+00:00) done in 107.05s (real) and 100.00s (process)
2026-09-07 13:38:00.818 INFO Memory usage (start of timestep, peak): 228.97 GiB
2026-09-07 13:38:00.819 INFO Memory usage (start of timestep, current): 26.07 GiB
2026-09-07 13:38:00.819 INFO Calculating metrics
2026-09-07 13:38:00.819 INFO Calculating metric: preference_graph
Found 121096 prefs in this timestep.
--- Preference graph ----
Vertices: 594018, edges: 2268786 (+4897 this step)
Total edge weight: 169717010 (+121096 this step)
Average degree: 7.64 (max so far 10.27)
Snapshots written so far: 11
2026-09-07 13:40:55.329 INFO [preference_graph.calculate] total=174.51s query=10.12s derive=26.95s elicit=136.20s graph=0.98s write=0.09s edges=2268786 new_edges=4897
2026-09-07 13:40:55.329 INFO Memory usage (end of timestep, peak): 228.97 GiB
2026-09-07 13:40:55.330 INFO Memory usage (end of timestep, current): 33.56 GiB
2026-09-07 13:40:55.330 INFO (Iteration 139) preference_graph: real 174.51s | cpu 183.25s
2026-09-07 13:40:55.330 INFO Iteration 139 finished in 281.56s (real) and 283.25s (process)
2026-09-07 13:40:55.331 INFO Start timestep 2024-04-29 00:00:00+00:00 -> 2024-05-29 00:00:00+00:00
2026-09-07 13:43:00.417 INFO DuckDB memory logs:
  database_name database_size  block_size  ...  wal_size  memory_usage  memory_limit
0   postgres_db       6.3 TiB           0  ...   0 bytes      18.3 GiB     228.8 GiB
1        memory       0 bytes           0  ...   0 bytes      18.3 GiB     228.8 GiB

[2 rows x 9 columns]
2026-09-07 13:43:00.418 INFO Loading data (2024-04-29 00:00:00+00:00 -> 2024-05-29 00:00:00+00:00) done in 125.09s (real) and 155.63s (process)
2026-09-07 13:43:00.419 INFO Memory usage (start of timestep, peak): 228.97 GiB
2026-09-07 13:43:00.419 INFO Memory usage (start of timestep, current): 29.05 GiB
2026-09-07 13:43:00.419 INFO Calculating metrics
2026-09-07 13:43:00.419 INFO Calculating metric: preference_graph
Found 100110 prefs in this timestep.
--- Preference graph ----
Vertices: 595708, edges: 2273445 (+4659 this step)
Total edge weight: 169817120 (+100110 this step)
Average degree: 7.63 (max so far 10.27)
Snapshots written so far: 11
2026-09-07 13:46:56.443 INFO [preference_graph.calculate] total=236.02s query=13.21s derive=38.94s elicit=182.60s graph=1.01s write=0.05s edges=2273445 new_edges=4659
2026-09-07 13:46:56.444 INFO Memory usage (end of timestep, peak): 228.97 GiB
2026-09-07 13:46:56.444 INFO Memory usage (end of timestep, current): 36.30 GiB
2026-09-07 13:46:56.445 INFO (Iteration 140) preference_graph: real 236.03s | cpu 247.75s
2026-09-07 13:46:56.445 INFO Iteration 140 finished in 361.11s (real) and 403.38s (process)
2026-09-07 13:46:56.446 INFO Start timestep 2024-05-29 00:00:00+00:00 -> 2024-06-28 00:00:00+00:00
2026-09-07 13:49:09.037 INFO DuckDB memory logs:
  database_name database_size  block_size  ...  wal_size  memory_usage  memory_limit
0   postgres_db       6.3 TiB           0  ...   0 bytes      19.0 GiB     228.8 GiB
1        memory       0 bytes           0  ...   0 bytes      19.0 GiB     228.8 GiB

[2 rows x 9 columns]
2026-09-07 13:49:09.037 INFO Loading data (2024-05-29 00:00:00+00:00 -> 2024-06-28 00:00:00+00:00) done in 132.59s (real) and 102.03s (process)
2026-09-07 13:49:09.038 INFO Memory usage (start of timestep, peak): 228.97 GiB
2026-09-07 13:49:09.038 INFO Memory usage (start of timestep, current): 29.75 GiB
2026-09-07 13:49:09.038 INFO Calculating metrics
2026-09-07 13:49:09.038 INFO Calculating metric: preference_graph
Found 365985 prefs in this timestep.
--- Preference graph ----
Vertices: 597733, edges: 2279400 (+5955 this step)
Total edge weight: 170183105 (+365985 this step)
Average degree: 7.63 (max so far 10.27)
Snapshots written so far: 11
2026-09-07 13:52:58.036 INFO [preference_graph.calculate] total=229.00s query=13.49s derive=37.33s elicit=176.75s graph=1.05s write=0.06s edges=2279400 new_edges=5955
2026-09-07 13:52:58.036 INFO Memory usage (end of timestep, peak): 228.97 GiB
2026-09-07 13:52:58.037 INFO Memory usage (end of timestep, current): 38.07 GiB
2026-09-07 13:52:58.037 INFO (Iteration 141) preference_graph: real 229.00s | cpu 241.25s
2026-09-07 13:52:58.037 INFO Iteration 141 finished in 361.59s (real) and 343.28s (process)
2026-09-07 13:52:58.038 INFO Start timestep 2024-06-28 00:00:00+00:00 -> 2024-07-28 00:00:00+00:00
2026-09-07 13:55:34.067 INFO DuckDB memory logs:
  database_name database_size  block_size  ...  wal_size  memory_usage  memory_limit
0   postgres_db       6.3 TiB           0  ...   0 bytes      21.0 GiB     228.8 GiB
1        memory       0 bytes           0  ...   0 bytes      21.0 GiB     228.8 GiB

[2 rows x 9 columns]
2026-09-07 13:55:34.068 INFO Loading data (2024-06-28 00:00:00+00:00 -> 2024-07-28 00:00:00+00:00) done in 156.03s (real) and 119.94s (process)
2026-09-07 13:55:34.068 INFO Memory usage (start of timestep, peak): 228.97 GiB
2026-09-07 13:55:34.068 INFO Memory usage (start of timestep, current): 31.58 GiB
2026-09-07 13:55:34.068 INFO Calculating metrics
2026-09-07 13:55:34.068 INFO Calculating metric: preference_graph
Found 1190056 prefs in this timestep.
--- Preference graph ----
Vertices: 599514, edges: 2288500 (+9100 this step)
Total edge weight: 171373161 (+1190056 this step)
Average degree: 7.63 (max so far 10.27)
Snapshots written so far: 11
2026-09-07 14:01:13.571 INFO [preference_graph.calculate] total=339.50s query=13.74s derive=35.27s elicit=288.71s graph=1.35s write=0.05s edges=2288500 new_edges=9100
2026-09-07 14:01:13.585 INFO Memory usage (end of timestep, peak): 228.97 GiB
2026-09-07 14:01:13.585 INFO Memory usage (end of timestep, current): 41.48 GiB
2026-09-07 14:01:13.585 INFO (Iteration 142) preference_graph: real 339.52s | cpu 352.10s
2026-09-07 14:01:13.585 INFO Iteration 142 finished in 495.55s (real) and 472.04s (process)
2026-09-07 14:01:13.589 INFO Start timestep 2024-07-28 00:00:00+00:00 -> 2024-08-27 00:00:00+00:00
2026-09-07 14:04:01.470 INFO DuckDB memory logs:
  database_name database_size  block_size  ...  wal_size  memory_usage  memory_limit
0   postgres_db       6.3 TiB           0  ...   0 bytes      22.1 GiB     228.8 GiB
1        memory       0 bytes           0  ...   0 bytes      22.1 GiB     228.8 GiB

[2 rows x 9 columns]
2026-09-07 14:04:01.470 INFO Loading data (2024-07-28 00:00:00+00:00 -> 2024-08-27 00:00:00+00:00) done in 167.88s (real) and 140.11s (process)
2026-09-07 14:04:01.470 INFO Memory usage (start of timestep, peak): 228.97 GiB
2026-09-07 14:04:01.471 INFO Memory usage (start of timestep, current): 32.84 GiB
2026-09-07 14:04:01.471 INFO Calculating metrics
2026-09-07 14:04:01.471 INFO Calculating metric: preference_graph
Found 45798 prefs in this timestep.
2026-09-07 14:11:54.255 INFO [preference_graph] saved snapshot /sc/home/jannes.malanowski/mp2025-wikiwatch-1/preference_graphs/preference_graph_2024-08-27.{gt.gz,csv.gz} (601125 vertices, 2292644 edges) in 10.63s
--- Preference graph ----
Vertices: 601125, edges: 2292644 (+4144 this step)
Total edge weight: 171418959 (+45798 this step)
Average degree: 7.63 (max so far 10.27)
Snapshots written so far: 12
2026-09-07 14:11:54.329 INFO [preference_graph.calculate] total=472.86s query=13.90s derive=43.22s elicit=403.60s graph=0.96s save=10.67s write=0.04s edges=2292644 new_edges=4144
2026-09-07 14:11:54.329 INFO Memory usage (end of timestep, peak): 228.97 GiB
2026-09-07 14:11:54.329 INFO Memory usage (end of timestep, current): 44.81 GiB
2026-09-07 14:11:54.329 INFO (Iteration 143) preference_graph: real 472.86s | cpu 485.21s
2026-09-07 14:11:54.329 INFO Iteration 143 finished in 640.74s (real) and 625.32s (process)
2026-09-07 14:11:54.330 INFO Start timestep 2024-08-27 00:00:00+00:00 -> 2024-09-26 00:00:00+00:00
2026-09-07 14:13:23.921 INFO DuckDB memory logs:
  database_name database_size  block_size  ...  wal_size  memory_usage  memory_limit
0   postgres_db       6.3 TiB           0  ...   0 bytes      11.4 GiB     228.8 GiB
1        memory       0 bytes           0  ...   0 bytes      11.4 GiB     228.8 GiB

[2 rows x 9 columns]
2026-09-07 14:13:23.922 INFO Loading data (2024-08-27 00:00:00+00:00 -> 2024-09-26 00:00:00+00:00) done in 89.59s (real) and 72.98s (process)
2026-09-07 14:13:23.922 INFO Memory usage (start of timestep, peak): 228.97 GiB
2026-09-07 14:13:23.923 INFO Memory usage (start of timestep, current): 23.12 GiB
2026-09-07 14:13:23.923 INFO Calculating metrics
2026-09-07 14:13:23.923 INFO Calculating metric: preference_graph
Found 297175 prefs in this timestep.
--- Preference graph ----
Vertices: 603039, edges: 2300841 (+8197 this step)
Total edge weight: 171716134 (+297175 this step)
Average degree: 7.63 (max so far 10.27)
Snapshots written so far: 12
2026-09-07 14:16:09.209 INFO [preference_graph.calculate] total=165.29s query=7.38s derive=22.83s elicit=133.72s graph=1.12s write=0.05s edges=2300841 new_edges=8197
2026-09-07 14:16:09.211 INFO Memory usage (end of timestep, peak): 228.97 GiB
2026-09-07 14:16:09.211 INFO Memory usage (end of timestep, current): 29.28 GiB
2026-09-07 14:16:09.211 INFO (Iteration 144) preference_graph: real 165.29s | cpu 171.62s
2026-09-07 14:16:09.211 INFO Iteration 144 finished in 254.88s (real) and 244.60s (process)
2026-09-07 14:16:09.212 INFO Start timestep 2024-09-26 00:00:00+00:00 -> 2024-10-26 00:00:00+00:00
2026-09-07 14:17:19.530 INFO DuckDB memory logs:
  database_name database_size  block_size  ...  wal_size  memory_usage  memory_limit
0   postgres_db       6.3 TiB           0  ...   0 bytes       8.8 GiB     228.8 GiB
1        memory       0 bytes           0  ...   0 bytes       8.8 GiB     228.8 GiB

[2 rows x 9 columns]
2026-09-07 14:17:19.531 INFO Loading data (2024-09-26 00:00:00+00:00 -> 2024-10-26 00:00:00+00:00) done in 70.32s (real) and 54.76s (process)
2026-09-07 14:17:19.531 INFO Memory usage (start of timestep, peak): 228.97 GiB
2026-09-07 14:17:19.531 INFO Memory usage (start of timestep, current): 20.13 GiB
2026-09-07 14:17:19.531 INFO Calculating metrics
2026-09-07 14:17:19.531 INFO Calculating metric: preference_graph
Found 429314 prefs in this timestep.
--- Preference graph ----
Vertices: 604904, edges: 2307765 (+6924 this step)
Total edge weight: 172145448 (+429314 this step)
Average degree: 7.63 (max so far 10.27)
Snapshots written so far: 12
2026-09-07 14:18:38.351 INFO [preference_graph.calculate] total=78.82s query=5.46s derive=14.25s elicit=57.87s graph=1.09s write=0.06s edges=2307765 new_edges=6924
2026-09-07 14:18:38.352 INFO Memory usage (end of timestep, peak): 228.97 GiB
2026-09-07 14:18:38.353 INFO Memory usage (end of timestep, current): 24.62 GiB
2026-09-07 14:18:38.353 INFO (Iteration 145) preference_graph: real 78.82s | cpu 83.50s
2026-09-07 14:18:38.353 INFO Iteration 145 finished in 149.14s (real) and 138.25s (process)
2026-09-07 14:18:38.354 INFO Start timestep 2024-10-26 00:00:00+00:00 -> 2024-11-25 00:00:00+00:00
2026-09-07 14:20:42.120 INFO DuckDB memory logs:
  database_name database_size  block_size  ...  wal_size  memory_usage  memory_limit
0   postgres_db       6.3 TiB           0  ...   0 bytes      18.7 GiB     228.8 GiB
1        memory       0 bytes           0  ...   0 bytes      18.7 GiB     228.8 GiB

[2 rows x 9 columns]
2026-09-07 14:20:42.121 INFO Loading data (2024-10-26 00:00:00+00:00 -> 2024-11-25 00:00:00+00:00) done in 123.77s (real) and 105.53s (process)
2026-09-07 14:20:42.121 INFO Memory usage (start of timestep, peak): 228.97 GiB
2026-09-07 14:20:42.121 INFO Memory usage (start of timestep, current): 29.63 GiB
2026-09-07 14:20:42.121 INFO Calculating metrics
2026-09-07 14:20:42.121 INFO Calculating metric: preference_graph
Found 306656 prefs in this timestep.
--- Preference graph ----
Vertices: 606880, edges: 2314195 (+6430 this step)
Total edge weight: 172452104 (+306656 this step)
Average degree: 7.63 (max so far 10.27)
Snapshots written so far: 12
2026-09-07 14:24:32.509 INFO [preference_graph.calculate] total=230.39s query=14.48s derive=35.40s elicit=179.13s graph=1.07s write=0.05s edges=2314195 new_edges=6430
2026-09-07 14:24:32.510 INFO Memory usage (end of timestep, peak): 228.97 GiB
2026-09-07 14:24:32.510 INFO Memory usage (end of timestep, current): 38.34 GiB
2026-09-07 14:24:32.510 INFO (Iteration 146) preference_graph: real 230.39s | cpu 243.52s
2026-09-07 14:24:32.511 INFO Iteration 146 finished in 354.16s (real) and 349.05s (process)
2026-09-07 14:24:32.511 INFO Start timestep 2024-11-25 00:00:00+00:00 -> 2024-12-25 00:00:00+00:00
2026-09-07 14:27:50.562 INFO DuckDB memory logs:
  database_name database_size  block_size  ...  wal_size  memory_usage  memory_limit
0   postgres_db       6.3 TiB           0  ...   0 bytes      29.7 GiB     228.8 GiB
1        memory       0 bytes           0  ...   0 bytes      29.7 GiB     228.8 GiB

[2 rows x 9 columns]
2026-09-07 14:27:50.562 INFO Loading data (2024-11-25 00:00:00+00:00 -> 2024-12-25 00:00:00+00:00) done in 198.05s (real) and 154.56s (process)
2026-09-07 14:27:50.563 INFO Memory usage (start of timestep, peak): 228.97 GiB
2026-09-07 14:27:50.563 INFO Memory usage (start of timestep, current): 40.09 GiB
2026-09-07 14:27:50.563 INFO Calculating metrics
2026-09-07 14:27:50.563 INFO Calculating metric: preference_graph
Found 1022741 prefs in this timestep.
--- Preference graph ----
Vertices: 609284, edges: 2321796 (+7601 this step)
Total edge weight: 173474845 (+1022741 this step)
Average degree: 7.62 (max so far 10.27)
Snapshots written so far: 12
2026-09-07 14:34:21.025 INFO [preference_graph.calculate] total=390.46s query=24.31s derive=69.10s elicit=295.08s graph=1.29s write=0.07s edges=2321796 new_edges=7601
2026-09-07 14:34:21.026 INFO Memory usage (end of timestep, peak): 228.97 GiB
2026-09-07 14:34:21.026 INFO Memory usage (end of timestep, current): 51.54 GiB
2026-09-07 14:34:21.026 INFO (Iteration 147) preference_graph: real 390.46s | cpu 415.10s
2026-09-07 14:34:21.026 INFO Iteration 147 finished in 588.51s (real) and 569.67s (process)
2026-09-07 14:34:21.027 INFO Start timestep 2024-12-25 00:00:00+00:00 -> 2025-01-24 00:00:00+00:00
2026-09-07 14:37:49.277 INFO DuckDB memory logs:
  database_name database_size  block_size  ...  wal_size  memory_usage  memory_limit
0   postgres_db       6.3 TiB           0  ...   0 bytes      29.7 GiB     228.8 GiB
1        memory       0 bytes           0  ...   0 bytes      29.7 GiB     228.8 GiB

[2 rows x 9 columns]
2026-09-07 14:37:49.278 INFO Loading data (2024-12-25 00:00:00+00:00 -> 2025-01-24 00:00:00+00:00) done in 208.25s (real) and 191.01s (process)
2026-09-07 14:37:49.278 INFO Memory usage (start of timestep, peak): 228.97 GiB
2026-09-07 14:37:49.279 INFO Memory usage (start of timestep, current): 41.19 GiB
2026-09-07 14:37:49.279 INFO Calculating metrics
2026-09-07 14:37:49.279 INFO Calculating metric: preference_graph
Found 1130434 prefs in this timestep.
--- Preference graph ----
Vertices: 611095, edges: 2327463 (+5667 this step)
Total edge weight: 174605279 (+1130434 this step)
Average degree: 7.62 (max so far 10.27)
Snapshots written so far: 12
2026-09-07 14:44:57.226 INFO [preference_graph.calculate] total=427.95s query=24.62s derive=69.35s elicit=331.93s graph=1.31s write=0.07s edges=2327463 new_edges=5667
2026-09-07 14:44:57.229 INFO Memory usage (end of timestep, peak): 228.97 GiB
2026-09-07 14:44:57.229 INFO Memory usage (end of timestep, current): 53.28 GiB
2026-09-07 14:44:57.230 INFO (Iteration 148) preference_graph: real 427.95s | cpu 453.15s
2026-09-07 14:44:57.230 INFO Iteration 148 finished in 636.20s (real) and 644.17s (process)
2026-09-07 14:44:57.231 INFO Start timestep 2025-01-24 00:00:00+00:00 -> 2025-02-23 00:00:00+00:00
2026-09-07 14:47:53.869 INFO DuckDB memory logs:
  database_name database_size  block_size  ...  wal_size  memory_usage  memory_limit
0   postgres_db       6.3 TiB           0  ...   0 bytes      24.3 GiB     228.8 GiB
1        memory       0 bytes           0  ...   0 bytes      24.3 GiB     228.8 GiB

[2 rows x 9 columns]
2026-09-07 14:47:53.870 INFO Loading data (2025-01-24 00:00:00+00:00 -> 2025-02-23 00:00:00+00:00) done in 176.64s (real) and 152.35s (process)
2026-09-07 14:47:53.870 INFO Memory usage (start of timestep, peak): 228.97 GiB
2026-09-07 14:47:53.870 INFO Memory usage (start of timestep, current): 36.47 GiB
2026-09-07 14:47:53.871 INFO Calculating metrics
2026-09-07 14:47:53.871 INFO Calculating metric: preference_graph
Found 1388398 prefs in this timestep.
--- Preference graph ----
Vertices: 613283, edges: 2334064 (+6601 this step)
Total edge weight: 175993677 (+1388398 this step)
Average degree: 7.61 (max so far 10.27)
Snapshots written so far: 12
2026-09-07 14:52:46.522 INFO [preference_graph.calculate] total=292.65s query=19.40s derive=51.48s elicit=219.97s graph=1.36s write=0.08s edges=2334064 new_edges=6601
2026-09-07 14:52:46.523 INFO Memory usage (end of timestep, peak): 228.97 GiB
2026-09-07 14:52:46.523 INFO Memory usage (end of timestep, current): 45.94 GiB
2026-09-07 14:52:46.523 INFO (Iteration 149) preference_graph: real 292.65s | cpu 310.88s
2026-09-07 14:52:46.523 INFO Iteration 149 finished in 469.29s (real) and 463.23s (process)
2026-09-07 14:52:46.524 INFO Start timestep 2025-02-23 00:00:00+00:00 -> 2025-03-25 00:00:00+00:00
2026-09-07 14:54:27.000 INFO DuckDB memory logs:
  database_name database_size  block_size  ...  wal_size  memory_usage  memory_limit
0   postgres_db       6.3 TiB           0  ...   0 bytes      11.3 GiB     228.8 GiB
1        memory       0 bytes           0  ...   0 bytes      11.3 GiB     228.8 GiB

[2 rows x 9 columns]
2026-09-07 14:54:27.001 INFO Loading data (2025-02-23 00:00:00+00:00 -> 2025-03-25 00:00:00+00:00) done in 100.48s (real) and 91.61s (process)
2026-09-07 14:54:27.001 INFO Memory usage (start of timestep, peak): 228.97 GiB
2026-09-07 14:54:27.002 INFO Memory usage (start of timestep, current): 23.87 GiB
2026-09-07 14:54:27.002 INFO Calculating metrics
2026-09-07 14:54:27.002 INFO Calculating metric: preference_graph
Found 258071 prefs in this timestep.
--- Preference graph ----
Vertices: 615463, edges: 2340098 (+6034 this step)
Total edge weight: 176251748 (+258071 this step)
Average degree: 7.60 (max so far 10.27)
Snapshots written so far: 12
2026-09-07 14:56:42.946 INFO [preference_graph.calculate] total=135.94s query=6.77s derive=19.22s elicit=108.64s graph=1.10s write=0.05s edges=2340098 new_edges=6034
2026-09-07 14:56:42.946 INFO Memory usage (end of timestep, peak): 228.97 GiB
2026-09-07 14:56:42.946 INFO Memory usage (end of timestep, current): 29.69 GiB
2026-09-07 14:56:42.947 INFO (Iteration 150) preference_graph: real 135.94s | cpu 141.63s
2026-09-07 14:56:42.947 INFO Iteration 150 finished in 236.42s (real) and 233.24s (process)
2026-09-07 14:56:42.947 INFO Start timestep 2025-03-25 00:00:00+00:00 -> 2025-04-24 00:00:00+00:00
2026-09-07 14:57:35.257 INFO DuckDB memory logs:
  database_name database_size  block_size  ...  wal_size  memory_usage  memory_limit
0   postgres_db       6.3 TiB           0  ...   0 bytes       7.2 GiB     228.8 GiB
1        memory       0 bytes           0  ...   0 bytes       7.2 GiB     228.8 GiB

[2 rows x 9 columns]
2026-09-07 14:57:35.257 INFO Loading data (2025-03-25 00:00:00+00:00 -> 2025-04-24 00:00:00+00:00) done in 52.31s (real) and 40.43s (process)
2026-09-07 14:57:35.258 INFO Memory usage (start of timestep, peak): 228.97 GiB
2026-09-07 14:57:35.258 INFO Memory usage (start of timestep, current): 19.42 GiB
2026-09-07 14:57:35.258 INFO Calculating metrics
2026-09-07 14:57:35.258 INFO Calculating metric: preference_graph
Found 21375 prefs in this timestep.
--- Preference graph ----
Vertices: 617044, edges: 2344623 (+4525 this step)
Total edge weight: 176273123 (+21375 this step)
Average degree: 7.60 (max so far 10.27)
Snapshots written so far: 12
2026-09-07 14:58:58.738 INFO [preference_graph.calculate] total=83.48s query=3.96s derive=12.74s elicit=65.68s graph=0.97s write=0.05s edges=2344623 new_edges=4525
2026-09-07 14:58:58.738 INFO Memory usage (end of timestep, peak): 228.97 GiB
2026-09-07 14:58:58.739 INFO Memory usage (end of timestep, current): 23.12 GiB
2026-09-07 14:58:58.739 INFO (Iteration 151) preference_graph: real 83.48s | cpu 87.27s
2026-09-07 14:58:58.739 INFO Iteration 151 finished in 135.79s (real) and 127.70s (process)
2026-09-07 14:58:58.740 INFO Start timestep 2025-04-24 00:00:00+00:00 -> 2025-05-24 00:00:00+00:00
2026-09-07 15:00:30.812 INFO DuckDB memory logs:
  database_name database_size  block_size  ...  wal_size  memory_usage  memory_limit
0   postgres_db       6.3 TiB           0  ...   0 bytes      13.1 GiB     228.8 GiB
1        memory       0 bytes           0  ...   0 bytes      13.1 GiB     228.8 GiB

[2 rows x 9 columns]
2026-09-07 15:00:30.813 INFO Loading data (2025-04-24 00:00:00+00:00 -> 2025-05-24 00:00:00+00:00) done in 92.07s (real) and 90.25s (process)
2026-09-07 15:00:30.813 INFO Memory usage (start of timestep, peak): 228.97 GiB
2026-09-07 15:00:30.813 INFO Memory usage (start of timestep, current): 25.08 GiB
2026-09-07 15:00:30.813 INFO Calculating metrics
2026-09-07 15:00:30.813 INFO Calculating metric: preference_graph
Found 26023 prefs in this timestep.
--- Preference graph ----
Vertices: 619000, edges: 2349497 (+4874 this step)
Total edge weight: 176299146 (+26023 this step)
Average degree: 7.59 (max so far 10.27)
Snapshots written so far: 12
2026-09-07 15:02:40.661 INFO [preference_graph.calculate] total=129.85s query=10.01s derive=26.78s elicit=91.86s graph=0.99s write=0.05s edges=2349497 new_edges=4874
2026-09-07 15:02:40.661 INFO Memory usage (end of timestep, peak): 228.97 GiB
2026-09-07 15:02:40.662 INFO Memory usage (end of timestep, current): 31.64 GiB
2026-09-07 15:02:40.662 INFO (Iteration 152) preference_graph: real 129.85s | cpu 138.94s
2026-09-07 15:02:40.662 INFO Iteration 152 finished in 221.92s (real) and 229.19s (process)
2026-09-07 15:02:40.663 INFO Start timestep 2025-05-24 00:00:00+00:00 -> 2025-06-23 00:00:00+00:00
2026-09-07 15:03:19.318 INFO DuckDB memory logs:
  database_name database_size  block_size  ...  wal_size  memory_usage  memory_limit
0   postgres_db       6.3 TiB           0  ...   0 bytes       4.1 GiB     228.8 GiB
1        memory       0 bytes           0  ...   0 bytes       4.1 GiB     228.8 GiB

[2 rows x 9 columns]
2026-09-07 15:03:19.319 INFO Loading data (2025-05-24 00:00:00+00:00 -> 2025-06-23 00:00:00+00:00) done in 38.66s (real) and 37.75s (process)
2026-09-07 15:03:19.319 INFO Memory usage (start of timestep, peak): 228.97 GiB
2026-09-07 15:03:19.319 INFO Memory usage (start of timestep, current): 16.51 GiB
2026-09-07 15:03:19.319 INFO Calculating metrics
2026-09-07 15:03:19.319 INFO Calculating metric: preference_graph
Found 28088 prefs in this timestep.
--- Preference graph ----
Vertices: 619740, edges: 2351634 (+2137 this step)
Total edge weight: 176327234 (+28088 this step)
Average degree: 7.59 (max so far 10.27)
Snapshots written so far: 12
2026-09-07 15:03:59.346 INFO [preference_graph.calculate] total=40.03s query=7.13s derive=9.09s elicit=22.74s graph=0.97s write=0.05s edges=2351634 new_edges=2137
2026-09-07 15:03:59.346 INFO Memory usage (end of timestep, peak): 228.97 GiB
2026-09-07 15:03:59.347 INFO Memory usage (end of timestep, current): 18.89 GiB
2026-09-07 15:03:59.347 INFO (Iteration 153) preference_graph: real 40.03s | cpu 43.30s
2026-09-07 15:03:59.347 INFO Iteration 153 finished in 78.68s (real) and 81.06s (process)
2026-09-07 15:03:59.348 INFO Start timestep 2025-06-23 00:00:00+00:00 -> 2025-07-23 00:00:00+00:00
2026-09-07 15:04:01.080 INFO DuckDB memory logs:
  database_name database_size  block_size  ...  wal_size  memory_usage  memory_limit
0   postgres_db       6.3 TiB           0  ...   0 bytes       0 bytes     228.8 GiB
1        memory       0 bytes           0  ...   0 bytes       0 bytes     228.8 GiB

[2 rows x 9 columns]
2026-09-07 15:04:01.080 INFO Loading data (2025-06-23 00:00:00+00:00 -> 2025-07-23 00:00:00+00:00) done in 1.73s (real) and 1.80s (process)
2026-09-07 15:04:01.080 INFO Memory usage (start of timestep, peak): 228.97 GiB
2026-09-07 15:04:01.080 INFO Memory usage (start of timestep, current): 13.10 GiB
2026-09-07 15:04:01.080 INFO Calculating metrics
2026-09-07 15:04:01.080 INFO Calculating metric: preference_graph
Found 0 usable reference edits in this timestep.
--- Preference graph ----
Vertices: 619740, edges: 2351634 (+0 this step)
Total edge weight: 176327234 (+0 this step)
Average degree: 7.59 (max so far 10.27)
Snapshots written so far: 12
2026-09-07 15:04:01.136 INFO [preference_graph.calculate] total=0.06s query=0.01s graph=0.00s write=0.05s edges=2351634 new_edges=0
2026-09-07 15:04:01.136 INFO Memory usage (end of timestep, peak): 228.97 GiB
2026-09-07 15:04:01.137 INFO Memory usage (end of timestep, current): 13.10 GiB
2026-09-07 15:04:01.137 INFO (Iteration 154) preference_graph: real 0.06s | cpu 0.03s
2026-09-07 15:04:01.137 INFO Iteration 154 finished in 1.79s (real) and 1.83s (process)
2026-09-07 15:04:01.137 INFO Start timestep 2025-07-23 00:00:00+00:00 -> 2025-08-22 00:00:00+00:00
2026-09-07 15:04:01.206 INFO DuckDB memory logs:
  database_name database_size  block_size  ...  wal_size  memory_usage  memory_limit
0   postgres_db       6.3 TiB           0  ...   0 bytes       0 bytes     228.8 GiB
1        memory       0 bytes           0  ...   0 bytes       0 bytes     228.8 GiB

[2 rows x 9 columns]
2026-09-07 15:04:01.206 INFO Loading data (2025-07-23 00:00:00+00:00 -> 2025-08-22 00:00:00+00:00) done in 0.07s (real) and 0.04s (process)
2026-09-07 15:04:01.206 INFO Memory usage (start of timestep, peak): 228.97 GiB
2026-09-07 15:04:01.206 INFO Memory usage (start of timestep, current): 13.10 GiB
2026-09-07 15:04:01.206 INFO Calculating metrics
2026-09-07 15:04:01.206 INFO Calculating metric: preference_graph
Found 0 usable reference edits in this timestep.
2026-09-07 15:04:12.287 INFO [preference_graph] saved snapshot /sc/home/jannes.malanowski/mp2025-wikiwatch-1/preference_graphs/preference_graph_2025-08-22.{gt.gz,csv.gz} (619740 vertices, 2351634 edges) in 11.08s
--- Preference graph ----
Vertices: 619740, edges: 2351634 (+0 this step)
Total edge weight: 176327234 (+0 this step)
Average degree: 7.59 (max so far 10.27)
Snapshots written so far: 13
2026-09-07 15:04:12.359 INFO [preference_graph.calculate] total=11.15s query=0.00s graph=0.00s save=11.11s write=0.04s edges=2351634 new_edges=0
2026-09-07 15:04:12.359 INFO Memory usage (end of timestep, peak): 228.97 GiB
2026-09-07 15:04:12.359 INFO Memory usage (end of timestep, current): 12.69 GiB
2026-09-07 15:04:12.359 INFO (Iteration 155) preference_graph: real 11.15s | cpu 11.20s
2026-09-07 15:04:12.359 INFO Iteration 155 finished in 11.22s (real) and 11.23s (process)
Warning: (ReferenceTrustworthinessPreferenceGraph) save_cache does not persist the open sessions, so a run cannot be resumed. The graph itself is written to /sc/home/jannes.malanowski/mp2025-wikiwatch-1/preference_graphs.
2026-09-07 15:04:12.534 INFO finished
2026-09-07 15:04:12.534 INFO TOTAL preference_graph: real 46916.09s | cpu 49490.04s

--- Metric Name to ID Mapping ---
'subject_constraint_violation_count': 96
'easy_subject_constraint_violation_count': 97
'symmetric_inverse_constraint_violation_count': 98
'subject_constraint_violation_ratio': 99
'easy_subject_constraint_violation_ratio': 100
'symmetric_inverse_violation_ratio': 101
'general_constraint_violation_ratio': 102
'range_constraint_violation_ratio': 103
'currency_per_statement': 104
'currency_per_property': 105
'range_constraint_violation_count': 106
'completeness_currency': 107
'subject_constraint_completeness': 108
'range_constraint_completeness': 109
'range_constraint_violation_count_mandatory': 110
'range_constraint_violation_count_regular': 111
'range_constraint_violation_count_suggestion': 112
'statement_count_property_range_all': 113
'statement_count_property_range_mandatory': 114
'statement_count_property_range_regular': 115
'statement_count_property_range_suggestion': 116
'range_constraint_violation_total_all': 117
'range_constraint_violation_total_mandatory': 118
'range_constraint_violation_total_regular': 119
'range_constraint_violation_total_suggestion': 120
'range_constraint_completeness_mandatory': 121
'range_constraint_completeness_regular': 122
'range_constraint_completeness_suggestion': 123
'range_constraint_violation_ratio_regular': 124
'currency_global': 125
'currency_per_property_exp': 126
'currency_global_exp': 127
'range_constraint_violation_ratio_mandatory': 128
'range_constraint_violation_ratio_suggestion': 129
'reference_counts_per_domain_total_reference_count': 131
'reference_counts_per_domain_tail_count': 132
'reference_counts_per_domain_tail_accounts_for_fraction': 133
'reference_replacements_simple_with_path_discard_edge_heuristic_dominated': 134
'reference_replacements_simple_with_path_discard_edge_heuristic_dominating': 135
'reference_replacements_simple_with_path_discard_edge_heuristic_contested': 136
'reference_replacements_weight_flow_keep_all_edges_dominated': 137
'reference_replacements_weight_flow_keep_all_edges_dominating': 138
'reference_replacements_weight_flow_keep_all_edges_contested': 139
'reference_counts_per_domain': 140
'reference_counts_per_domain_fractions': 141
'reference_replacements_weight_flow_keep_all_edges_domain_classification': 142
'reference_replacements_simple_with_path_discard_edge_heuristic_domain_classification': 143
'entity_count': 66
'description_count': 67
'label_count': 68
'property_count': 69
'statement_count': 70
'subclass_count': 71
'revision_count': 72
'reference_existence_per_statement_count_dict': 73
'reference_existence_per_statement_count_df': 74
'reference_count': 75
'statement_count_property_range': 76
'statement_count_property_subject': 77
'statement_count_property_sym_inv': 78
'Has_descript_label': 79
'avg_properties_per_entity': 80
'avg_statements_per_entity': 81
'reference_completeness_dict': 82
'reference_completeness_df': 83
'subject_constraint_violation_total': 84
'range_constraint_violation_total': 85
'total_statement_count_property': 86
'easy_subject_constraint_violation_total': 87
'symmetric_inverse_violation_total': 88
'schema_property_occurrence': 89
'schema_fulfillment': 90
'schema_fulfillment_optional': 91
'schema_fulfillment_per_schema': 92
'schema_fulfillment_per_schema_optional': 93
'total_constraint_violations': 94
'property_constraint_completeness': 95
'reference_replacements_simple_with_path_discard_edge_heuristic_contracted_mass_total': 144
'reference_replacements_simple_with_path_discard_edge_heuristic_contracted_mass_step': 145
'reference_replacements_weight_flow_keep_all_edges_contracted_mass_total': 146
'reference_replacements_weight_flow_keep_all_edges_contracted_mass_step': 147
'reference_replacements_simple_with_path_discard_edge_heuristic_dis_5pct_dominated': 148
'reference_replacements_simple_with_path_discard_edge_heuristic_dis_5pct_dominating': 149
'reference_replacements_simple_with_path_discard_edge_heuristic_dis_5pct_contested': 150
'reference_replacements_simple_with_path_discard_edge_heuristic_dis_5pct_contracted_mass_total': 151
'reference_replacements_simple_with_path_discard_edge_heuristic_dis_5pct_contracted_mass_step': 152
'reference_replacements_weight_flow_keep_all_edges_dis_5pct_dominated': 153
'reference_replacements_weight_flow_keep_all_edges_dis_5pct_dominating': 154
'reference_replacements_weight_flow_keep_all_edges_dis_5pct_contested': 155
'reference_replacements_weight_flow_keep_all_edges_dis_5pct_contracted_mass_total': 156
'reference_replacements_weight_flow_keep_all_edges_dis_5pct_contracted_mass_step': 157
'reference_replacements_weight_flow_keep_all_edges_dis_5pct_domain_classification': 158
'reference_replacements_simple_with_path_discard_edge_heuristic_dis_5pct_domain_classification': 159
'reference_replacements_simple_with_path_discard_edge_heuristic_dis_5pct_graph_edge_density': 160
'reference_replacements_simple_with_path_discard_edge_heuristic_dis_5pct_graph_average_degree': 161
'reference_replacements_simple_with_path_discard_edge_heuristic_dis_5pct_recycled_mass_total': 162
'reference_replacements_simple_with_path_discard_edge_heuristic_dis_5pct_recycled_mass_step': 163
'reference_replacements_simple_with_path_discard_edge_heuristic_dis_5pct_tombstoned_domains_step': 164
'data_age_at_insertion_scaled_score': 165
'data_age_at_insertion_avg_delay_days': 166
'data_age_at_insertion_late_statement_count': 167
'data_age_at_insertion_too_old_statement_count': 168
'data_age_at_insertion_future_dated_statement_count': 170
'data_age_at_insertion_statement_count': 171
'data_age_at_insertion_future_statement_count': 172
'data_age_at_insertion_statement_average_scaled_score': 173
'reference_replacements_simple_with_path_discard_edge_heuristic_dis_5pct_unclassified': 174
'reference_replacements_simple_with_path_discard_edge_heuristic_dis_5pct_not_in_graph': 175
'reference_replacements_simple_with_path_discard_edge_heuristic_dis_5pct_relevance_weight_cutoff': 176
'reference_replacements_simple_with_path_discard_edge_heuristic_dis_5pct_relevant_edge_fraction': 177
'reference_replacements_simple_with_path_discard_edge_heuristic_dis_5pct_avg_session_size_step': 178
'reference_replacements_simple_with_path_discard_edge_heuristic_dis_5pct_avg_session_size_cumulative': 179
'reference_replacements_simple_with_path_discard_edge_heuristic_dis_5pct_avg_session_references_cumulative': 180
'reference_replacements_simple_with_path_discard_edge_heuristic_dis_5pct_closed_sessions_step': 181
'reference_replacements_simple_with_path_discard_edge_heuristic_dis_5pct_closed_sessions_total': 182
'reference_replacements_simple_with_path_discard_edge_heuristic_dis_5pct_pref_graph_edge_density': 183
'reference_replacements_simple_with_path_discard_edge_heuristic_dis_5pct_pref_graph_average_degree': 184
'reference_replacements_simple_with_path_discard_edge_heuristic_dis_5pct_pref_graph_max_average_degree': 185
'reference_replacements_simple_with_path_discard_edge_heuristic_dis_5pct_live_vertices': 186
'reference_replacements_simple_with_path_discard_edge_heuristic_dis_5pct_tombstoned_vertices': 187
'session_flow_counts_avg_session_size_step': 188
'session_flow_counts_avg_session_size_cumulative': 189
'session_flow_counts_avg_session_references_cumulative': 190
'session_flow_counts_closed_sessions_step': 191
'session_flow_counts_closed_sessions_total': 192
'flow_classification_supermajority_dominated': 193
'flow_classification_supermajority_dominating': 194
'flow_classification_supermajority_contested': 195
'flow_classification_supermajority_unclassified': 196
'flow_classification_supermajority_domain_classification': 197
'preference_graph_vertices': 198
'preference_graph_edges': 199
'preference_graph_new_edges_step': 200
'preference_graph_edge_weight_total': 201
'preference_graph_edge_weight_added_step': 202
'preference_graph_preference_pairs_step': 203
'preference_graph_distinct_pairs_step': 204
'preference_graph_graph_edge_density': 205
'preference_graph_graph_average_degree': 206
'preference_graph_graph_max_average_degree': 207
'preference_graph_snapshots_saved_total': 208
'preference_graph_last_save_seconds': 209
-------------------------------------

Run ID: 2514771
