Commit at submit time: b9f0355918f0bd526fc925f1bb389d39ad4a06e4
Running from snapshot: /tmp/mp2025-wikiwatch-2559236
Duck DB memory limit: 228.8 GiB
2026-09-19 23:37:03.936 INFO starting
2026-09-19 23:37:03.936 INFO Memory logging: False
2026-09-19 23:37:03.937 INFO Less entities: False
2026-09-19 23:37:03.937 INFO Use cache: False
Build metrics
2026-09-19 23:37:05.937 INFO Start timestep 2012-10-29 00:00:00+00:00 -> 2012-11-28 00:00:00+00:00
2026-09-19 23:37:13.434 INFO DuckDB memory logs:
  database_name database_size  block_size  ...  wal_size  memory_usage  memory_limit
0   postgres_db       6.3 TiB           0  ...   0 bytes     558.0 MiB     228.8 GiB
1        memory       0 bytes           0  ...   0 bytes     558.0 MiB     228.8 GiB

[2 rows x 9 columns]
2026-09-19 23:37:13.434 INFO Loading data (2012-10-29 00:00:00+00:00 -> 2012-11-28 00:00:00+00:00) done in 7.50s (real) and 4.13s (process)
2026-09-19 23:37:13.435 INFO Memory usage (start of timestep, peak): 0.69 GiB
2026-09-19 23:37:13.435 INFO Memory usage (start of timestep, current): 0.70 GiB
2026-09-19 23:37:13.435 INFO Calculating metrics
2026-09-19 23:37:13.436 INFO Calculating metric: reference_counts_per_domain
2026-09-19 23:37:13.479 INFO Calculating metric: session_flow_counts
Found 0 usable reference edits in this timestep.
2026-09-19 23:37:13.526 INFO [session_flow_counts.calculate] total=0.05s query=0.03s update counters=0.00s write=0.02s rebuttal_searches=0 rebuttal_skipped=0
2026-09-19 23:37:13.526 INFO Calculating metric: flow_classification_supermajority
No reference counts per domain available in this timestep.
2026-09-19 23:37:13.541 INFO Memory usage (end of timestep, peak): 0.70 GiB
2026-09-19 23:37:13.542 INFO Memory usage (end of timestep, current): 0.70 GiB
2026-09-19 23:37:13.542 INFO (Iteration 0) reference_counts_per_domain: real 0.04s | cpu 0.02s
2026-09-19 23:37:13.542 INFO (Iteration 0) session_flow_counts: real 0.05s | cpu 0.02s
2026-09-19 23:37:13.542 INFO (Iteration 0) flow_classification_supermajority: real 0.02s | cpu 0.01s
2026-09-19 23:37:13.542 INFO Iteration 0 finished in 7.60s (real) and 4.19s (process)
2026-09-19 23:37:13.543 INFO Start timestep 2012-11-28 00:00:00+00:00 -> 2012-12-28 00:00:00+00:00
2026-09-19 23:37:33.175 INFO DuckDB memory logs:
  database_name database_size  block_size  ...  wal_size  memory_usage  memory_limit
0   postgres_db       6.3 TiB           0  ...   0 bytes       1.8 GiB     228.8 GiB
1        memory       0 bytes           0  ...   0 bytes       1.8 GiB     228.8 GiB

[2 rows x 9 columns]
2026-09-19 23:37:33.192 INFO Loading data (2012-11-28 00:00:00+00:00 -> 2012-12-28 00:00:00+00:00) done in 19.65s (real) and 14.48s (process)
2026-09-19 23:37:33.193 INFO Memory usage (start of timestep, peak): 2.00 GiB
2026-09-19 23:37:33.193 INFO Memory usage (start of timestep, current): 2.00 GiB
2026-09-19 23:37:33.193 INFO Calculating metrics
2026-09-19 23:37:33.193 INFO Calculating metric: reference_counts_per_domain
2026-09-19 23:37:33.213 INFO Calculating metric: session_flow_counts
Found 0 usable reference edits in this timestep.
2026-09-19 23:37:33.236 INFO [session_flow_counts.calculate] total=0.02s query=0.01s update counters=0.00s write=0.02s rebuttal_searches=0 rebuttal_skipped=0
2026-09-19 23:37:33.236 INFO Calculating metric: flow_classification_supermajority
No reference counts per domain available in this timestep.
2026-09-19 23:37:33.252 INFO Memory usage (end of timestep, peak): 2.00 GiB
2026-09-19 23:37:33.252 INFO Memory usage (end of timestep, current): 2.00 GiB
2026-09-19 23:37:33.252 INFO (Iteration 1) reference_counts_per_domain: real 0.02s | cpu 0.02s
2026-09-19 23:37:33.252 INFO (Iteration 1) session_flow_counts: real 0.02s | cpu 0.02s
2026-09-19 23:37:33.252 INFO (Iteration 1) flow_classification_supermajority: real 0.01s | cpu 0.01s
2026-09-19 23:37:33.252 INFO Iteration 1 finished in 19.71s (real) and 14.52s (process)
2026-09-19 23:37:33.253 INFO Start timestep 2012-12-28 00:00:00+00:00 -> 2013-01-27 00:00:00+00:00
2026-09-19 23:37:44.739 INFO DuckDB memory logs:
  database_name database_size  block_size  ...  wal_size  memory_usage  memory_limit
0   postgres_db       6.3 TiB           0  ...   0 bytes       1.1 GiB     228.8 GiB
1        memory       0 bytes           0  ...   0 bytes       1.1 GiB     228.8 GiB

[2 rows x 9 columns]
2026-09-19 23:37:44.739 INFO Loading data (2012-12-28 00:00:00+00:00 -> 2013-01-27 00:00:00+00:00) done in 11.49s (real) and 8.32s (process)
2026-09-19 23:37:44.740 INFO Memory usage (start of timestep, peak): 2.00 GiB
2026-09-19 23:37:44.740 INFO Memory usage (start of timestep, current): 1.31 GiB
2026-09-19 23:37:44.740 INFO Calculating metrics
2026-09-19 23:37:44.740 INFO Calculating metric: reference_counts_per_domain
2026-09-19 23:37:44.756 INFO Calculating metric: session_flow_counts
Found 0 usable reference edits in this timestep.
2026-09-19 23:37:44.780 INFO [session_flow_counts.calculate] total=0.02s query=0.01s update counters=0.00s write=0.02s rebuttal_searches=0 rebuttal_skipped=0
2026-09-19 23:37:44.780 INFO Calculating metric: flow_classification_supermajority
No reference counts per domain available in this timestep.
2026-09-19 23:37:44.794 INFO Memory usage (end of timestep, peak): 2.00 GiB
2026-09-19 23:37:44.795 INFO Memory usage (end of timestep, current): 1.31 GiB
2026-09-19 23:37:44.795 INFO (Iteration 2) reference_counts_per_domain: real 0.02s | cpu 0.01s
2026-09-19 23:37:44.795 INFO (Iteration 2) session_flow_counts: real 0.02s | cpu 0.02s
2026-09-19 23:37:44.795 INFO (Iteration 2) flow_classification_supermajority: real 0.01s | cpu 0.01s
2026-09-19 23:37:44.795 INFO Iteration 2 finished in 11.54s (real) and 8.35s (process)
2026-09-19 23:37:44.796 INFO Start timestep 2013-01-27 00:00:00+00:00 -> 2013-02-26 00:00:00+00:00
2026-09-19 23:37:54.028 INFO DuckDB memory logs:
  database_name database_size  block_size  ...  wal_size  memory_usage  memory_limit
0   postgres_db       6.3 TiB           0  ...   0 bytes    1011.7 MiB     228.8 GiB
1        memory       0 bytes           0  ...   0 bytes    1011.7 MiB     228.8 GiB

[2 rows x 9 columns]
2026-09-19 23:37:54.028 INFO Loading data (2013-01-27 00:00:00+00:00 -> 2013-02-26 00:00:00+00:00) done in 9.23s (real) and 6.63s (process)
2026-09-19 23:37:54.028 INFO Memory usage (start of timestep, peak): 2.00 GiB
2026-09-19 23:37:54.029 INFO Memory usage (start of timestep, current): 1.13 GiB
2026-09-19 23:37:54.029 INFO Calculating metrics
2026-09-19 23:37:54.029 INFO Calculating metric: reference_counts_per_domain
2026-09-19 23:37:54.270 INFO Calculating metric: session_flow_counts
Found 5 prefs in this timestep.
2026-09-19 23:37:54.395 INFO [session_flow_counts.calculate] total=0.13s query=0.02s derive=0.02s elicit=0.07s update counters=0.00s write=0.01s rebuttal_searches=0 rebuttal_skipped=0
2026-09-19 23:37:54.395 INFO Calculating metric: flow_classification_supermajority
Fraction of references that are clearly dominated: 2.17%
Fraction of references that are clearly dominating: 10.87%
Fraction of references that are contested: 0.00%
Fraction of references that are unclassified: 86.96%
2026-09-19 23:37:54.477 INFO [flow_classification_supermajority.calculate] total=0.08s classify=0.00s score=0.00s write=0.08s
2026-09-19 23:37:54.478 INFO Memory usage (end of timestep, peak): 2.00 GiB
2026-09-19 23:37:54.478 INFO Memory usage (end of timestep, current): 1.14 GiB
2026-09-19 23:37:54.478 INFO (Iteration 3) reference_counts_per_domain: real 0.24s | cpu 0.06s
2026-09-19 23:37:54.478 INFO (Iteration 3) session_flow_counts: real 0.13s | cpu 0.05s
2026-09-19 23:37:54.478 INFO (Iteration 3) flow_classification_supermajority: real 0.08s | cpu 0.01s
2026-09-19 23:37:54.478 INFO Iteration 3 finished in 9.68s (real) and 6.76s (process)
2026-09-19 23:37:54.479 INFO Start timestep 2013-02-26 00:00:00+00:00 -> 2013-03-28 00:00:00+00:00
2026-09-19 23:38:21.536 INFO DuckDB memory logs:
  database_name database_size  block_size  ...  wal_size  memory_usage  memory_limit
0   postgres_db       6.3 TiB           0  ...   0 bytes       3.2 GiB     228.8 GiB
1        memory       0 bytes           0  ...   0 bytes       3.2 GiB     228.8 GiB

[2 rows x 9 columns]
2026-09-19 23:38:21.537 INFO Loading data (2013-02-26 00:00:00+00:00 -> 2013-03-28 00:00:00+00:00) done in 27.06s (real) and 19.29s (process)
2026-09-19 23:38:21.537 INFO Memory usage (start of timestep, peak): 3.28 GiB
2026-09-19 23:38:21.537 INFO Memory usage (start of timestep, current): 3.28 GiB
2026-09-19 23:38:21.537 INFO Calculating metrics
2026-09-19 23:38:21.537 INFO Calculating metric: reference_counts_per_domain
2026-09-19 23:38:21.851 INFO Calculating metric: session_flow_counts
Found 25 prefs in this timestep.
2026-09-19 23:38:36.855 INFO [session_flow_counts.calculate] total=15.00s query=0.30s derive=0.96s elicit=13.72s update counters=0.00s write=0.01s rebuttal_searches=0 rebuttal_skipped=0
2026-09-19 23:38:36.855 INFO Calculating metric: flow_classification_supermajority
Fraction of references that are clearly dominated: 0.00%
Fraction of references that are clearly dominating: 0.00%
Fraction of references that are contested: 0.00%
Fraction of references that are unclassified: 100.00%
2026-09-19 23:38:36.949 INFO [flow_classification_supermajority.calculate] total=0.09s classify=0.00s score=0.00s write=0.09s
2026-09-19 23:38:36.950 INFO Memory usage (end of timestep, peak): 3.67 GiB
2026-09-19 23:38:36.950 INFO Memory usage (end of timestep, current): 3.63 GiB
2026-09-19 23:38:36.950 INFO (Iteration 4) reference_counts_per_domain: real 0.31s | cpu 0.22s
2026-09-19 23:38:36.950 INFO (Iteration 4) session_flow_counts: real 15.00s | cpu 15.35s
2026-09-19 23:38:36.950 INFO (Iteration 4) flow_classification_supermajority: real 0.09s | cpu 0.02s
2026-09-19 23:38:36.950 INFO Iteration 4 finished in 42.47s (real) and 34.89s (process)
2026-09-19 23:38:36.966 INFO Start timestep 2013-03-28 00:00:00+00:00 -> 2013-04-27 00:00:00+00:00
2026-09-19 23:39:07.347 INFO DuckDB memory logs:
  database_name database_size  block_size  ...  wal_size  memory_usage  memory_limit
0   postgres_db       6.3 TiB           0  ...   0 bytes       4.2 GiB     228.8 GiB
1        memory       0 bytes           0  ...   0 bytes       4.2 GiB     228.8 GiB

[2 rows x 9 columns]
2026-09-19 23:39:07.347 INFO Loading data (2013-03-28 00:00:00+00:00 -> 2013-04-27 00:00:00+00:00) done in 30.38s (real) and 42.85s (process)
2026-09-19 23:39:07.347 INFO Memory usage (start of timestep, peak): 4.43 GiB
2026-09-19 23:39:07.347 INFO Memory usage (start of timestep, current): 4.44 GiB
2026-09-19 23:39:07.347 INFO Calculating metrics
2026-09-19 23:39:07.347 INFO Calculating metric: reference_counts_per_domain
2026-09-19 23:39:07.596 INFO Calculating metric: session_flow_counts
Found 43 prefs in this timestep.
2026-09-19 23:39:56.720 INFO [session_flow_counts.calculate] total=49.12s query=1.35s derive=3.94s elicit=43.74s update counters=0.00s write=0.01s rebuttal_searches=0 rebuttal_skipped=0
2026-09-19 23:39:56.720 INFO Calculating metric: flow_classification_supermajority
Fraction of references that are clearly dominated: 0.00%
Fraction of references that are clearly dominating: 0.01%
Fraction of references that are contested: 0.00%
Fraction of references that are unclassified: 99.99%
2026-09-19 23:39:56.866 INFO [flow_classification_supermajority.calculate] total=0.15s classify=0.00s score=0.00s write=0.14s
2026-09-19 23:39:56.867 INFO Memory usage (end of timestep, peak): 5.95 GiB
2026-09-19 23:39:56.867 INFO Memory usage (end of timestep, current): 5.74 GiB
2026-09-19 23:39:56.867 INFO (Iteration 5) reference_counts_per_domain: real 0.25s | cpu 0.34s
2026-09-19 23:39:56.867 INFO (Iteration 5) session_flow_counts: real 49.12s | cpu 50.13s
2026-09-19 23:39:56.867 INFO (Iteration 5) flow_classification_supermajority: real 0.15s | cpu 0.02s
2026-09-19 23:39:56.867 INFO Iteration 5 finished in 79.90s (real) and 93.34s (process)
2026-09-19 23:39:56.882 INFO Start timestep 2013-04-27 00:00:00+00:00 -> 2013-05-27 00:00:00+00:00
2026-09-19 23:40:35.392 INFO DuckDB memory logs:
  database_name database_size  block_size  ...  wal_size  memory_usage  memory_limit
0   postgres_db       6.3 TiB           0  ...   0 bytes       5.6 GiB     228.8 GiB
1        memory       0 bytes           0  ...   0 bytes       5.6 GiB     228.8 GiB

[2 rows x 9 columns]
2026-09-19 23:40:35.393 INFO Loading data (2013-04-27 00:00:00+00:00 -> 2013-05-27 00:00:00+00:00) done in 38.51s (real) and 26.37s (process)
2026-09-19 23:40:35.393 INFO Memory usage (start of timestep, peak): 5.95 GiB
2026-09-19 23:40:35.393 INFO Memory usage (start of timestep, current): 5.91 GiB
2026-09-19 23:40:35.393 INFO Calculating metrics
2026-09-19 23:40:35.393 INFO Calculating metric: reference_counts_per_domain
2026-09-19 23:40:35.727 INFO Calculating metric: session_flow_counts
Found 27223 prefs in this timestep.
2026-09-19 23:42:26.950 INFO [session_flow_counts.calculate] total=111.22s query=2.33s derive=7.49s elicit=101.27s update counters=0.01s write=0.02s rebuttal_searches=0 rebuttal_skipped=0
2026-09-19 23:42:26.968 INFO Calculating metric: flow_classification_supermajority
Fraction of references that are clearly dominated: 0.00%
Fraction of references that are clearly dominating: 0.40%
Fraction of references that are contested: 0.00%
Fraction of references that are unclassified: 99.60%
2026-09-19 23:42:27.125 INFO [flow_classification_supermajority.calculate] total=0.16s classify=0.00s score=0.00s write=0.15s
2026-09-19 23:42:27.125 INFO Memory usage (end of timestep, peak): 8.28 GiB
2026-09-19 23:42:27.125 INFO Memory usage (end of timestep, current): 6.35 GiB
2026-09-19 23:42:27.125 INFO (Iteration 6) reference_counts_per_domain: real 0.33s | cpu 0.61s
2026-09-19 23:42:27.125 INFO (Iteration 6) session_flow_counts: real 111.24s | cpu 113.05s
2026-09-19 23:42:27.125 INFO (Iteration 6) flow_classification_supermajority: real 0.16s | cpu 0.03s
2026-09-19 23:42:27.126 INFO Iteration 6 finished in 150.24s (real) and 140.05s (process)
2026-09-19 23:42:27.126 INFO Start timestep 2013-05-27 00:00:00+00:00 -> 2013-06-26 00:00:00+00:00
2026-09-19 23:42:41.447 INFO DuckDB memory logs:
  database_name database_size  block_size  ...  wal_size  memory_usage  memory_limit
0   postgres_db       6.3 TiB           0  ...   0 bytes       1.9 GiB     228.8 GiB
1        memory       0 bytes           0  ...   0 bytes       1.9 GiB     228.8 GiB

[2 rows x 9 columns]
2026-09-19 23:42:41.448 INFO Loading data (2013-05-27 00:00:00+00:00 -> 2013-06-26 00:00:00+00:00) done in 14.32s (real) and 9.70s (process)
2026-09-19 23:42:41.448 INFO Memory usage (start of timestep, peak): 8.28 GiB
2026-09-19 23:42:41.448 INFO Memory usage (start of timestep, current): 2.64 GiB
2026-09-19 23:42:41.448 INFO Calculating metrics
2026-09-19 23:42:41.448 INFO Calculating metric: reference_counts_per_domain
2026-09-19 23:42:41.897 INFO Calculating metric: session_flow_counts
Found 756 prefs in this timestep.
2026-09-19 23:43:09.982 INFO [session_flow_counts.calculate] total=28.08s query=0.61s derive=2.40s elicit=24.99s update counters=0.00s write=0.02s rebuttal_searches=0 rebuttal_skipped=0
2026-09-19 23:43:09.982 INFO Calculating metric: flow_classification_supermajority
Fraction of references that are clearly dominated: 0.00%
Fraction of references that are clearly dominating: 0.37%
Fraction of references that are contested: 0.00%
Fraction of references that are unclassified: 99.63%
2026-09-19 23:43:10.123 INFO [flow_classification_supermajority.calculate] total=0.14s classify=0.00s score=0.00s write=0.14s
2026-09-19 23:43:10.123 INFO Memory usage (end of timestep, peak): 8.28 GiB
2026-09-19 23:43:10.124 INFO Memory usage (end of timestep, current): 3.35 GiB
2026-09-19 23:43:10.124 INFO (Iteration 7) reference_counts_per_domain: real 0.45s | cpu 0.38s
2026-09-19 23:43:10.124 INFO (Iteration 7) session_flow_counts: real 28.08s | cpu 28.81s
2026-09-19 23:43:10.124 INFO (Iteration 7) flow_classification_supermajority: real 0.14s | cpu 0.03s
2026-09-19 23:43:10.124 INFO Iteration 7 finished in 43.00s (real) and 38.92s (process)
2026-09-19 23:43:10.124 INFO Start timestep 2013-06-26 00:00:00+00:00 -> 2013-07-26 00:00:00+00:00
2026-09-19 23:43:31.817 INFO DuckDB memory logs:
  database_name database_size  block_size  ...  wal_size  memory_usage  memory_limit
0   postgres_db       6.3 TiB           0  ...   0 bytes       3.2 GiB     228.8 GiB
1        memory       0 bytes           0  ...   0 bytes       3.2 GiB     228.8 GiB

[2 rows x 9 columns]
2026-09-19 23:43:31.817 INFO Loading data (2013-06-26 00:00:00+00:00 -> 2013-07-26 00:00:00+00:00) done in 21.69s (real) and 20.52s (process)
2026-09-19 23:43:31.817 INFO Memory usage (start of timestep, peak): 8.28 GiB
2026-09-19 23:43:31.817 INFO Memory usage (start of timestep, current): 3.67 GiB
2026-09-19 23:43:31.817 INFO Calculating metrics
2026-09-19 23:43:31.817 INFO Calculating metric: reference_counts_per_domain
2026-09-19 23:43:32.188 INFO Calculating metric: session_flow_counts
Found 25861 prefs in this timestep.
2026-09-19 23:44:00.799 INFO [session_flow_counts.calculate] total=28.61s query=1.01s derive=3.47s elicit=24.04s update counters=0.01s write=0.01s rebuttal_searches=0 rebuttal_skipped=0
2026-09-19 23:44:00.800 INFO Calculating metric: flow_classification_supermajority
Fraction of references that are clearly dominated: 0.00%
Fraction of references that are clearly dominating: 0.53%
Fraction of references that are contested: 0.00%
Fraction of references that are unclassified: 99.47%
2026-09-19 23:44:00.955 INFO [flow_classification_supermajority.calculate] total=0.15s classify=0.00s score=0.00s write=0.15s
2026-09-19 23:44:00.955 INFO Memory usage (end of timestep, peak): 8.28 GiB
2026-09-19 23:44:00.955 INFO Memory usage (end of timestep, current): 5.03 GiB
2026-09-19 23:44:00.955 INFO (Iteration 8) reference_counts_per_domain: real 0.37s | cpu 0.48s
2026-09-19 23:44:00.955 INFO (Iteration 8) session_flow_counts: real 28.61s | cpu 29.61s
2026-09-19 23:44:00.955 INFO (Iteration 8) flow_classification_supermajority: real 0.15s | cpu 0.02s
2026-09-19 23:44:00.956 INFO Iteration 8 finished in 50.83s (real) and 50.64s (process)
2026-09-19 23:44:00.956 INFO Start timestep 2013-07-26 00:00:00+00:00 -> 2013-08-25 00:00:00+00:00
2026-09-19 23:44:13.780 INFO DuckDB memory logs:
  database_name database_size  block_size  ...  wal_size  memory_usage  memory_limit
0   postgres_db       6.3 TiB           0  ...   0 bytes       1.8 GiB     228.8 GiB
1        memory       0 bytes           0  ...   0 bytes       1.8 GiB     228.8 GiB

[2 rows x 9 columns]
2026-09-19 23:44:13.780 INFO Loading data (2013-07-26 00:00:00+00:00 -> 2013-08-25 00:00:00+00:00) done in 12.82s (real) and 8.88s (process)
2026-09-19 23:44:13.780 INFO Memory usage (start of timestep, peak): 8.28 GiB
2026-09-19 23:44:13.780 INFO Memory usage (start of timestep, current): 2.35 GiB
2026-09-19 23:44:13.780 INFO Calculating metrics
2026-09-19 23:44:13.780 INFO Calculating metric: reference_counts_per_domain
2026-09-19 23:44:14.125 INFO Calculating metric: session_flow_counts
Found 5323 prefs in this timestep.
2026-09-19 23:44:27.457 INFO [session_flow_counts.calculate] total=13.33s query=0.39s derive=1.28s elicit=11.63s update counters=0.00s write=0.01s rebuttal_searches=0 rebuttal_skipped=0
2026-09-19 23:44:27.458 INFO Calculating metric: flow_classification_supermajority
Fraction of references that are clearly dominated: 0.03%
Fraction of references that are clearly dominating: 0.54%
Fraction of references that are contested: 0.00%
Fraction of references that are unclassified: 99.43%
2026-09-19 23:44:27.634 INFO [flow_classification_supermajority.calculate] total=0.18s classify=0.00s score=0.00s write=0.17s
2026-09-19 23:44:27.634 INFO Memory usage (end of timestep, peak): 8.28 GiB
2026-09-19 23:44:27.635 INFO Memory usage (end of timestep, current): 2.94 GiB
2026-09-19 23:44:27.635 INFO (Iteration 9) reference_counts_per_domain: real 0.34s | cpu 0.30s
2026-09-19 23:44:27.635 INFO (Iteration 9) session_flow_counts: real 13.33s | cpu 13.78s
2026-09-19 23:44:27.635 INFO (Iteration 9) flow_classification_supermajority: real 0.18s | cpu 0.03s
2026-09-19 23:44:27.635 INFO Iteration 9 finished in 26.68s (real) and 22.99s (process)
2026-09-19 23:44:27.635 INFO Start timestep 2013-08-25 00:00:00+00:00 -> 2013-09-24 00:00:00+00:00
2026-09-19 23:44:40.531 INFO DuckDB memory logs:
  database_name database_size  block_size  ...  wal_size  memory_usage  memory_limit
0   postgres_db       6.3 TiB           0  ...   0 bytes       1.8 GiB     228.8 GiB
1        memory       0 bytes           0  ...   0 bytes       1.8 GiB     228.8 GiB

[2 rows x 9 columns]
2026-09-19 23:44:40.531 INFO Loading data (2013-08-25 00:00:00+00:00 -> 2013-09-24 00:00:00+00:00) done in 12.90s (real) and 8.98s (process)
2026-09-19 23:44:40.531 INFO Memory usage (start of timestep, peak): 8.28 GiB
2026-09-19 23:44:40.532 INFO Memory usage (start of timestep, current): 2.35 GiB
2026-09-19 23:44:40.532 INFO Calculating metrics
2026-09-19 23:44:40.532 INFO Calculating metric: reference_counts_per_domain
2026-09-19 23:44:40.907 INFO Calculating metric: session_flow_counts
Found 1696 prefs in this timestep.
2026-09-19 23:44:56.381 INFO [session_flow_counts.calculate] total=15.47s query=0.42s derive=1.58s elicit=13.44s update counters=0.00s write=0.02s rebuttal_searches=0 rebuttal_skipped=0
2026-09-19 23:44:56.382 INFO Calculating metric: flow_classification_supermajority
Fraction of references that are clearly dominated: 0.03%
Fraction of references that are clearly dominating: 0.57%
Fraction of references that are contested: 0.00%
Fraction of references that are unclassified: 99.40%
2026-09-19 23:44:56.568 INFO [flow_classification_supermajority.calculate] total=0.19s classify=0.00s score=0.00s write=0.18s
2026-09-19 23:44:56.568 INFO Memory usage (end of timestep, peak): 8.28 GiB
2026-09-19 23:44:56.568 INFO Memory usage (end of timestep, current): 2.90 GiB
2026-09-19 23:44:56.568 INFO (Iteration 10) reference_counts_per_domain: real 0.38s | cpu 0.33s
2026-09-19 23:44:56.569 INFO (Iteration 10) session_flow_counts: real 15.47s | cpu 16.00s
2026-09-19 23:44:56.569 INFO (Iteration 10) flow_classification_supermajority: real 0.19s | cpu 0.04s
2026-09-19 23:44:56.569 INFO Iteration 10 finished in 28.93s (real) and 25.35s (process)
2026-09-19 23:44:56.569 INFO Start timestep 2013-09-24 00:00:00+00:00 -> 2013-10-24 00:00:00+00:00
2026-09-19 23:45:16.497 INFO DuckDB memory logs:
  database_name database_size  block_size  ...  wal_size  memory_usage  memory_limit
0   postgres_db       6.3 TiB           0  ...   0 bytes       2.9 GiB     228.8 GiB
1        memory       0 bytes           0  ...   0 bytes       2.9 GiB     228.8 GiB

[2 rows x 9 columns]
2026-09-19 23:45:16.497 INFO Loading data (2013-09-24 00:00:00+00:00 -> 2013-10-24 00:00:00+00:00) done in 19.93s (real) and 13.52s (process)
2026-09-19 23:45:16.497 INFO Memory usage (start of timestep, peak): 8.28 GiB
2026-09-19 23:45:16.497 INFO Memory usage (start of timestep, current): 3.45 GiB
2026-09-19 23:45:16.497 INFO Calculating metrics
2026-09-19 23:45:16.497 INFO Calculating metric: reference_counts_per_domain
2026-09-19 23:45:17.055 INFO Calculating metric: session_flow_counts
Found 41051 prefs in this timestep.
2026-09-19 23:46:02.142 INFO [session_flow_counts.calculate] total=45.09s query=1.02s derive=3.54s elicit=40.44s update counters=0.01s write=0.02s rebuttal_searches=0 rebuttal_skipped=0
2026-09-19 23:46:02.145 INFO Calculating metric: flow_classification_supermajority
Fraction of references that are clearly dominated: 0.03%
Fraction of references that are clearly dominating: 0.41%
Fraction of references that are contested: 0.13%
Fraction of references that are unclassified: 99.43%
2026-09-19 23:46:02.317 INFO [flow_classification_supermajority.calculate] total=0.17s classify=0.00s score=0.00s write=0.16s
2026-09-19 23:46:02.317 INFO Memory usage (end of timestep, peak): 8.28 GiB
2026-09-19 23:46:02.318 INFO Memory usage (end of timestep, current): 4.74 GiB
2026-09-19 23:46:02.318 INFO (Iteration 11) reference_counts_per_domain: real 0.56s | cpu 0.74s
2026-09-19 23:46:02.318 INFO (Iteration 11) session_flow_counts: real 45.09s | cpu 46.12s
2026-09-19 23:46:02.318 INFO (Iteration 11) flow_classification_supermajority: real 0.17s | cpu 0.04s
2026-09-19 23:46:02.318 INFO Iteration 11 finished in 65.75s (real) and 60.42s (process)
2026-09-19 23:46:02.334 INFO Start timestep 2013-10-24 00:00:00+00:00 -> 2013-11-23 00:00:00+00:00
2026-09-19 23:46:20.150 INFO DuckDB memory logs:
  database_name database_size  block_size  ...  wal_size  memory_usage  memory_limit
0   postgres_db       6.3 TiB           0  ...   0 bytes       2.6 GiB     228.8 GiB
1        memory       0 bytes           0  ...   0 bytes       2.6 GiB     228.8 GiB

[2 rows x 9 columns]
2026-09-19 23:46:20.151 INFO Loading data (2013-10-24 00:00:00+00:00 -> 2013-11-23 00:00:00+00:00) done in 17.82s (real) and 22.23s (process)
2026-09-19 23:46:20.151 INFO Memory usage (start of timestep, peak): 8.28 GiB
2026-09-19 23:46:20.151 INFO Memory usage (start of timestep, current): 3.33 GiB
2026-09-19 23:46:20.151 INFO Calculating metrics
2026-09-19 23:46:20.151 INFO Calculating metric: reference_counts_per_domain
2026-09-19 23:46:20.580 INFO Calculating metric: session_flow_counts
Found 36367 prefs in this timestep.
2026-09-19 23:46:56.255 INFO [session_flow_counts.calculate] total=35.67s query=0.84s derive=2.84s elicit=31.92s update counters=0.01s write=0.02s rebuttal_searches=0 rebuttal_skipped=0
2026-09-19 23:46:56.259 INFO Calculating metric: flow_classification_supermajority
Fraction of references that are clearly dominated: 0.75%
Fraction of references that are clearly dominating: 0.84%
Fraction of references that are contested: 0.12%
Fraction of references that are unclassified: 98.29%
2026-09-19 23:46:56.440 INFO [flow_classification_supermajority.calculate] total=0.18s classify=0.00s score=0.00s write=0.17s
2026-09-19 23:46:56.441 INFO Memory usage (end of timestep, peak): 8.28 GiB
2026-09-19 23:46:56.441 INFO Memory usage (end of timestep, current): 4.45 GiB
2026-09-19 23:46:56.441 INFO (Iteration 12) reference_counts_per_domain: real 0.43s | cpu 0.47s
2026-09-19 23:46:56.441 INFO (Iteration 12) session_flow_counts: real 35.68s | cpu 36.58s
2026-09-19 23:46:56.441 INFO (Iteration 12) flow_classification_supermajority: real 0.18s | cpu 0.03s
2026-09-19 23:46:56.441 INFO Iteration 12 finished in 54.11s (real) and 59.31s (process)
2026-09-19 23:46:56.442 INFO Start timestep 2013-11-23 00:00:00+00:00 -> 2013-12-23 00:00:00+00:00
2026-09-19 23:47:17.660 INFO DuckDB memory logs:
  database_name database_size  block_size  ...  wal_size  memory_usage  memory_limit
0   postgres_db       6.3 TiB           0  ...   0 bytes       3.1 GiB     228.8 GiB
1        memory       0 bytes           0  ...   0 bytes       3.1 GiB     228.8 GiB

[2 rows x 9 columns]
2026-09-19 23:47:17.661 INFO Loading data (2013-11-23 00:00:00+00:00 -> 2013-12-23 00:00:00+00:00) done in 21.22s (real) and 20.80s (process)
2026-09-19 23:47:17.661 INFO Memory usage (start of timestep, peak): 8.28 GiB
2026-09-19 23:47:17.661 INFO Memory usage (start of timestep, current): 3.75 GiB
2026-09-19 23:47:17.661 INFO Calculating metrics
2026-09-19 23:47:17.661 INFO Calculating metric: reference_counts_per_domain
2026-09-19 23:47:18.080 INFO Calculating metric: session_flow_counts
Found 928 prefs in this timestep.
2026-09-19 23:47:51.037 INFO [session_flow_counts.calculate] total=32.96s query=1.03s derive=2.69s elicit=29.16s update counters=0.00s write=0.02s rebuttal_searches=0 rebuttal_skipped=0
2026-09-19 23:47:51.037 INFO Calculating metric: flow_classification_supermajority
Fraction of references that are clearly dominated: 0.71%
Fraction of references that are clearly dominating: 0.81%
Fraction of references that are contested: 0.12%
Fraction of references that are unclassified: 98.36%
2026-09-19 23:47:51.240 INFO [flow_classification_supermajority.calculate] total=0.20s classify=0.00s score=0.00s write=0.19s
2026-09-19 23:47:51.240 INFO Memory usage (end of timestep, peak): 8.28 GiB
2026-09-19 23:47:51.240 INFO Memory usage (end of timestep, current): 4.60 GiB
2026-09-19 23:47:51.240 INFO (Iteration 13) reference_counts_per_domain: real 0.42s | cpu 0.61s
2026-09-19 23:47:51.240 INFO (Iteration 13) session_flow_counts: real 32.96s | cpu 34.16s
2026-09-19 23:47:51.241 INFO (Iteration 13) flow_classification_supermajority: real 0.20s | cpu 0.04s
2026-09-19 23:47:51.241 INFO Iteration 13 finished in 54.80s (real) and 55.62s (process)
2026-09-19 23:47:51.241 INFO Start timestep 2013-12-23 00:00:00+00:00 -> 2014-01-22 00:00:00+00:00
2026-09-19 23:48:11.971 INFO DuckDB memory logs:
  database_name database_size  block_size  ...  wal_size  memory_usage  memory_limit
0   postgres_db       6.3 TiB           0  ...   0 bytes       3.0 GiB     228.8 GiB
1        memory       0 bytes           0  ...   0 bytes       3.0 GiB     228.8 GiB

[2 rows x 9 columns]
2026-09-19 23:48:11.971 INFO Loading data (2013-12-23 00:00:00+00:00 -> 2014-01-22 00:00:00+00:00) done in 20.73s (real) and 18.86s (process)
2026-09-19 23:48:11.971 INFO Memory usage (start of timestep, peak): 8.28 GiB
2026-09-19 23:48:11.971 INFO Memory usage (start of timestep, current): 3.62 GiB
2026-09-19 23:48:11.971 INFO Calculating metrics
2026-09-19 23:48:11.972 INFO Calculating metric: reference_counts_per_domain
2026-09-19 23:48:12.528 INFO Calculating metric: session_flow_counts
Found 41694 prefs in this timestep.
2026-09-19 23:48:39.969 INFO [session_flow_counts.calculate] total=27.44s query=0.91s derive=2.52s elicit=23.94s update counters=0.01s write=0.01s rebuttal_searches=0 rebuttal_skipped=0
2026-09-19 23:48:39.972 INFO Calculating metric: flow_classification_supermajority
Fraction of references that are clearly dominated: 0.67%
Fraction of references that are clearly dominating: 0.87%
Fraction of references that are contested: 0.11%
Fraction of references that are unclassified: 98.35%
2026-09-19 23:48:40.151 INFO [flow_classification_supermajority.calculate] total=0.18s classify=0.00s score=0.00s write=0.17s
2026-09-19 23:48:40.151 INFO Memory usage (end of timestep, peak): 8.28 GiB
2026-09-19 23:48:40.152 INFO Memory usage (end of timestep, current): 4.57 GiB
2026-09-19 23:48:40.152 INFO (Iteration 14) reference_counts_per_domain: real 0.56s | cpu 0.74s
2026-09-19 23:48:40.152 INFO (Iteration 14) session_flow_counts: real 27.44s | cpu 28.55s
2026-09-19 23:48:40.152 INFO (Iteration 14) flow_classification_supermajority: real 0.18s | cpu 0.04s
2026-09-19 23:48:40.152 INFO Iteration 14 finished in 48.91s (real) and 48.19s (process)
2026-09-19 23:48:40.152 INFO Start timestep 2014-01-22 00:00:00+00:00 -> 2014-02-21 00:00:00+00:00
2026-09-19 23:48:59.123 INFO DuckDB memory logs:
  database_name database_size  block_size  ...  wal_size  memory_usage  memory_limit
0   postgres_db       6.3 TiB           0  ...   0 bytes       2.8 GiB     228.8 GiB
1        memory       0 bytes           0  ...   0 bytes       2.8 GiB     228.8 GiB

[2 rows x 9 columns]
2026-09-19 23:48:59.123 INFO Loading data (2014-01-22 00:00:00+00:00 -> 2014-02-21 00:00:00+00:00) done in 18.97s (real) and 18.29s (process)
2026-09-19 23:48:59.123 INFO Memory usage (start of timestep, peak): 8.28 GiB
2026-09-19 23:48:59.123 INFO Memory usage (start of timestep, current): 3.51 GiB
2026-09-19 23:48:59.123 INFO Calculating metrics
2026-09-19 23:48:59.124 INFO Calculating metric: reference_counts_per_domain
2026-09-19 23:49:00.244 INFO Calculating metric: session_flow_counts
Found 1311 prefs in this timestep.
2026-09-19 23:49:34.956 INFO [session_flow_counts.calculate] total=34.71s query=0.93s derive=2.97s elicit=30.75s update counters=0.00s write=0.02s rebuttal_searches=0 rebuttal_skipped=0
2026-09-19 23:49:34.956 INFO Calculating metric: flow_classification_supermajority
Fraction of references that are clearly dominated: 0.63%
Fraction of references that are clearly dominating: 0.84%
Fraction of references that are contested: 0.10%
Fraction of references that are unclassified: 98.43%
2026-09-19 23:49:35.136 INFO [flow_classification_supermajority.calculate] total=0.18s classify=0.01s score=0.00s write=0.16s
2026-09-19 23:49:35.136 INFO Memory usage (end of timestep, peak): 8.28 GiB
2026-09-19 23:49:35.137 INFO Memory usage (end of timestep, current): 4.60 GiB
2026-09-19 23:49:35.137 INFO (Iteration 15) reference_counts_per_domain: real 1.12s | cpu 0.78s
2026-09-19 23:49:35.137 INFO (Iteration 15) session_flow_counts: real 34.71s | cpu 35.74s
2026-09-19 23:49:35.137 INFO (Iteration 15) flow_classification_supermajority: real 0.18s | cpu 0.05s
2026-09-19 23:49:35.137 INFO Iteration 15 finished in 54.98s (real) and 54.86s (process)
2026-09-19 23:49:35.137 INFO Start timestep 2014-02-21 00:00:00+00:00 -> 2014-03-23 00:00:00+00:00
2026-09-19 23:49:56.634 INFO DuckDB memory logs:
  database_name database_size  block_size  ...  wal_size  memory_usage  memory_limit
0   postgres_db       6.3 TiB           0  ...   0 bytes       3.2 GiB     228.8 GiB
1        memory       0 bytes           0  ...   0 bytes       3.2 GiB     228.8 GiB

[2 rows x 9 columns]
2026-09-19 23:49:56.634 INFO Loading data (2014-02-21 00:00:00+00:00 -> 2014-03-23 00:00:00+00:00) done in 21.50s (real) and 14.56s (process)
2026-09-19 23:49:56.634 INFO Memory usage (start of timestep, peak): 8.28 GiB
2026-09-19 23:49:56.634 INFO Memory usage (start of timestep, current): 3.89 GiB
2026-09-19 23:49:56.634 INFO Calculating metrics
2026-09-19 23:49:56.634 INFO Calculating metric: reference_counts_per_domain
2026-09-19 23:49:57.723 INFO Calculating metric: session_flow_counts
Found 858 prefs in this timestep.
2026-09-19 23:50:33.894 INFO [session_flow_counts.calculate] total=36.17s query=1.10s derive=3.31s elicit=31.70s update counters=0.00s write=0.02s rebuttal_searches=0 rebuttal_skipped=0
2026-09-19 23:50:33.895 INFO Calculating metric: flow_classification_supermajority
Fraction of references that are clearly dominated: 0.59%
Fraction of references that are clearly dominating: 0.77%
Fraction of references that are contested: 0.09%
Fraction of references that are unclassified: 98.55%
2026-09-19 23:50:34.121 INFO [flow_classification_supermajority.calculate] total=0.23s classify=0.01s score=0.00s write=0.21s
2026-09-19 23:50:34.121 INFO Memory usage (end of timestep, peak): 8.28 GiB
2026-09-19 23:50:34.122 INFO Memory usage (end of timestep, current): 5.39 GiB
2026-09-19 23:50:34.122 INFO (Iteration 16) reference_counts_per_domain: real 1.09s | cpu 0.74s
2026-09-19 23:50:34.122 INFO (Iteration 16) session_flow_counts: real 36.17s | cpu 37.44s
2026-09-19 23:50:34.122 INFO (Iteration 16) flow_classification_supermajority: real 0.23s | cpu 0.05s
2026-09-19 23:50:34.122 INFO Iteration 16 finished in 58.98s (real) and 52.79s (process)
2026-09-19 23:50:34.122 INFO Start timestep 2014-03-23 00:00:00+00:00 -> 2014-04-22 00:00:00+00:00
2026-09-19 23:50:49.414 INFO DuckDB memory logs:
  database_name database_size  block_size  ...  wal_size  memory_usage  memory_limit
0   postgres_db       6.3 TiB           0  ...   0 bytes       2.1 GiB     228.8 GiB
1        memory       0 bytes           0  ...   0 bytes       2.1 GiB     228.8 GiB

[2 rows x 9 columns]
2026-09-19 23:50:49.415 INFO Loading data (2014-03-23 00:00:00+00:00 -> 2014-04-22 00:00:00+00:00) done in 15.29s (real) and 14.87s (process)
2026-09-19 23:50:49.415 INFO Memory usage (start of timestep, peak): 8.28 GiB
2026-09-19 23:50:49.415 INFO Memory usage (start of timestep, current): 3.04 GiB
2026-09-19 23:50:49.415 INFO Calculating metrics
2026-09-19 23:50:49.415 INFO Calculating metric: reference_counts_per_domain
2026-09-19 23:50:50.566 INFO Calculating metric: session_flow_counts
Found 472 prefs in this timestep.
2026-09-19 23:51:07.627 INFO [session_flow_counts.calculate] total=17.06s query=0.65s derive=1.56s elicit=14.81s update counters=0.00s write=0.02s rebuttal_searches=0 rebuttal_skipped=0
2026-09-19 23:51:07.627 INFO Calculating metric: flow_classification_supermajority
Fraction of references that are clearly dominated: 0.56%
Fraction of references that are clearly dominating: 0.76%
Fraction of references that are contested: 0.09%
Fraction of references that are unclassified: 98.59%
2026-09-19 23:51:07.813 INFO [flow_classification_supermajority.calculate] total=0.19s classify=0.02s score=0.00s write=0.16s
2026-09-19 23:51:07.814 INFO Memory usage (end of timestep, peak): 8.28 GiB
2026-09-19 23:51:07.814 INFO Memory usage (end of timestep, current): 3.45 GiB
2026-09-19 23:51:07.814 INFO (Iteration 17) reference_counts_per_domain: real 1.15s | cpu 0.63s
2026-09-19 23:51:07.814 INFO (Iteration 17) session_flow_counts: real 17.06s | cpu 18.01s
2026-09-19 23:51:07.815 INFO (Iteration 17) flow_classification_supermajority: real 0.19s | cpu 0.06s
2026-09-19 23:51:07.815 INFO Iteration 17 finished in 33.69s (real) and 33.57s (process)
2026-09-19 23:51:07.815 INFO Start timestep 2014-04-22 00:00:00+00:00 -> 2014-05-22 00:00:00+00:00
2026-09-19 23:51:36.027 INFO DuckDB memory logs:
  database_name database_size  block_size  ...  wal_size  memory_usage  memory_limit
0   postgres_db       6.3 TiB           0  ...   0 bytes       4.3 GiB     228.8 GiB
1        memory       0 bytes           0  ...   0 bytes       4.3 GiB     228.8 GiB

[2 rows x 9 columns]
2026-09-19 23:51:36.027 INFO Loading data (2014-04-22 00:00:00+00:00 -> 2014-05-22 00:00:00+00:00) done in 28.21s (real) and 19.07s (process)
2026-09-19 23:51:36.027 INFO Memory usage (start of timestep, peak): 8.28 GiB
2026-09-19 23:51:36.027 INFO Memory usage (start of timestep, current): 4.89 GiB
2026-09-19 23:51:36.027 INFO Calculating metrics
2026-09-19 23:51:36.028 INFO Calculating metric: reference_counts_per_domain
2026-09-19 23:51:37.170 INFO Calculating metric: session_flow_counts
Found 421 prefs in this timestep.
2026-09-19 23:52:16.976 INFO [session_flow_counts.calculate] total=39.81s query=1.26s derive=4.20s elicit=34.24s update counters=0.00s write=0.02s rebuttal_searches=0 rebuttal_skipped=0
2026-09-19 23:52:16.976 INFO Calculating metric: flow_classification_supermajority
Fraction of references that are clearly dominated: 0.56%
Fraction of references that are clearly dominating: 0.76%
Fraction of references that are contested: 0.09%
Fraction of references that are unclassified: 98.59%
2026-09-19 23:52:17.204 INFO [flow_classification_supermajority.calculate] total=0.23s classify=0.02s score=0.00s write=0.20s
2026-09-19 23:52:17.205 INFO Memory usage (end of timestep, peak): 8.28 GiB
2026-09-19 23:52:17.205 INFO Memory usage (end of timestep, current): 6.38 GiB
2026-09-19 23:52:17.205 INFO (Iteration 18) reference_counts_per_domain: real 1.14s | cpu 0.82s
2026-09-19 23:52:17.205 INFO (Iteration 18) session_flow_counts: real 39.81s | cpu 41.22s
2026-09-19 23:52:17.205 INFO (Iteration 18) flow_classification_supermajority: real 0.23s | cpu 0.06s
2026-09-19 23:52:17.205 INFO Iteration 18 finished in 69.39s (real) and 61.18s (process)
2026-09-19 23:52:17.222 INFO Start timestep 2014-05-22 00:00:00+00:00 -> 2014-06-21 00:00:00+00:00
2026-09-19 23:52:36.169 INFO DuckDB memory logs:
  database_name database_size  block_size  ...  wal_size  memory_usage  memory_limit
0   postgres_db       6.3 TiB           0  ...   0 bytes       2.7 GiB     228.8 GiB
1        memory       0 bytes           0  ...   0 bytes       2.7 GiB     228.8 GiB

[2 rows x 9 columns]
2026-09-19 23:52:36.169 INFO Loading data (2014-05-22 00:00:00+00:00 -> 2014-06-21 00:00:00+00:00) done in 18.95s (real) and 12.92s (process)
2026-09-19 23:52:36.169 INFO Memory usage (start of timestep, peak): 8.28 GiB
2026-09-19 23:52:36.169 INFO Memory usage (start of timestep, current): 3.51 GiB
2026-09-19 23:52:36.169 INFO Calculating metrics
2026-09-19 23:52:36.170 INFO Calculating metric: reference_counts_per_domain
2026-09-19 23:52:37.381 INFO Calculating metric: session_flow_counts
Found 601 prefs in this timestep.
2026-09-19 23:52:47.850 INFO [session_flow_counts.calculate] total=10.47s query=0.32s derive=1.11s elicit=9.01s update counters=0.00s write=0.01s rebuttal_searches=0 rebuttal_skipped=0
2026-09-19 23:52:47.850 INFO Calculating metric: flow_classification_supermajority
Fraction of references that are clearly dominated: 0.54%
Fraction of references that are clearly dominating: 0.75%
Fraction of references that are contested: 0.09%
Fraction of references that are unclassified: 98.61%
2026-09-19 23:52:48.021 INFO [flow_classification_supermajority.calculate] total=0.17s classify=0.01s score=0.00s write=0.16s
2026-09-19 23:52:48.022 INFO Memory usage (end of timestep, peak): 8.28 GiB
2026-09-19 23:52:48.022 INFO Memory usage (end of timestep, current): 3.83 GiB
2026-09-19 23:52:48.022 INFO (Iteration 19) reference_counts_per_domain: real 1.21s | cpu 0.54s
2026-09-19 23:52:48.022 INFO (Iteration 19) session_flow_counts: real 10.47s | cpu 10.95s
2026-09-19 23:52:48.022 INFO (Iteration 19) flow_classification_supermajority: real 0.17s | cpu 0.04s
2026-09-19 23:52:48.022 INFO Iteration 19 finished in 30.80s (real) and 24.45s (process)
2026-09-19 23:52:48.023 INFO Start timestep 2014-06-21 00:00:00+00:00 -> 2014-07-21 00:00:00+00:00
2026-09-19 23:53:03.367 INFO DuckDB memory logs:
  database_name database_size  block_size  ...  wal_size  memory_usage  memory_limit
0   postgres_db       6.3 TiB           0  ...   0 bytes       2.2 GiB     228.8 GiB
1        memory       0 bytes           0  ...   0 bytes       2.2 GiB     228.8 GiB

[2 rows x 9 columns]
2026-09-19 23:53:03.367 INFO Loading data (2014-06-21 00:00:00+00:00 -> 2014-07-21 00:00:00+00:00) done in 15.34s (real) and 10.50s (process)
2026-09-19 23:53:03.367 INFO Memory usage (start of timestep, peak): 8.28 GiB
2026-09-19 23:53:03.368 INFO Memory usage (start of timestep, current): 2.88 GiB
2026-09-19 23:53:03.368 INFO Calculating metrics
2026-09-19 23:53:03.368 INFO Calculating metric: reference_counts_per_domain
2026-09-19 23:53:04.709 INFO Calculating metric: session_flow_counts
Found 68753 prefs in this timestep.
2026-09-19 23:53:14.219 INFO [session_flow_counts.calculate] total=9.51s query=0.43s derive=1.23s elicit=7.79s update counters=0.02s write=0.01s rebuttal_searches=0 rebuttal_skipped=0
2026-09-19 23:53:14.222 INFO Calculating metric: flow_classification_supermajority
Fraction of references that are clearly dominated: 0.54%
Fraction of references that are clearly dominating: 0.75%
Fraction of references that are contested: 0.09%
Fraction of references that are unclassified: 98.62%
2026-09-19 23:53:14.395 INFO [flow_classification_supermajority.calculate] total=0.17s classify=0.01s score=0.00s write=0.16s
2026-09-19 23:53:14.395 INFO Memory usage (end of timestep, peak): 8.28 GiB
2026-09-19 23:53:14.396 INFO Memory usage (end of timestep, current): 3.25 GiB
2026-09-19 23:53:14.396 INFO (Iteration 20) reference_counts_per_domain: real 1.34s | cpu 0.69s
2026-09-19 23:53:14.396 INFO (Iteration 20) session_flow_counts: real 9.51s | cpu 10.16s
2026-09-19 23:53:14.396 INFO (Iteration 20) flow_classification_supermajority: real 0.17s | cpu 0.04s
2026-09-19 23:53:14.396 INFO Iteration 20 finished in 26.37s (real) and 21.40s (process)
2026-09-19 23:53:14.396 INFO Start timestep 2014-07-21 00:00:00+00:00 -> 2014-08-20 00:00:00+00:00
2026-09-19 23:53:27.271 INFO DuckDB memory logs:
  database_name database_size  block_size  ...  wal_size  memory_usage  memory_limit
0   postgres_db       6.3 TiB           0  ...   0 bytes       1.9 GiB     228.8 GiB
1        memory       0 bytes           0  ...   0 bytes       1.9 GiB     228.8 GiB

[2 rows x 9 columns]
2026-09-19 23:53:27.271 INFO Loading data (2014-07-21 00:00:00+00:00 -> 2014-08-20 00:00:00+00:00) done in 12.87s (real) and 8.79s (process)
2026-09-19 23:53:27.271 INFO Memory usage (start of timestep, peak): 8.28 GiB
2026-09-19 23:53:27.271 INFO Memory usage (start of timestep, current): 2.52 GiB
2026-09-19 23:53:27.271 INFO Calculating metrics
2026-09-19 23:53:27.271 INFO Calculating metric: reference_counts_per_domain
2026-09-19 23:53:28.634 INFO Calculating metric: session_flow_counts
Found 2842 prefs in this timestep.
2026-09-19 23:53:43.245 INFO [session_flow_counts.calculate] total=14.61s query=0.32s derive=1.14s elicit=13.12s update counters=0.00s write=0.01s rebuttal_searches=0 rebuttal_skipped=0
2026-09-19 23:53:43.245 INFO Calculating metric: flow_classification_supermajority
Fraction of references that are clearly dominated: 0.53%
Fraction of references that are clearly dominating: 0.75%
Fraction of references that are contested: 0.08%
Fraction of references that are unclassified: 98.64%
2026-09-19 23:53:43.433 INFO [flow_classification_supermajority.calculate] total=0.19s classify=0.01s score=0.00s write=0.17s
2026-09-19 23:53:43.434 INFO Memory usage (end of timestep, peak): 8.28 GiB
2026-09-19 23:53:43.434 INFO Memory usage (end of timestep, current): 3.01 GiB
2026-09-19 23:53:43.434 INFO (Iteration 21) reference_counts_per_domain: real 1.36s | cpu 0.54s
2026-09-19 23:53:43.434 INFO (Iteration 21) session_flow_counts: real 14.61s | cpu 15.08s
2026-09-19 23:53:43.434 INFO (Iteration 21) flow_classification_supermajority: real 0.19s | cpu 0.05s
2026-09-19 23:53:43.434 INFO Iteration 21 finished in 29.04s (real) and 24.46s (process)
2026-09-19 23:53:43.435 INFO Start timestep 2014-08-20 00:00:00+00:00 -> 2014-09-19 00:00:00+00:00
2026-09-19 23:53:59.370 INFO DuckDB memory logs:
  database_name database_size  block_size  ...  wal_size  memory_usage  memory_limit
0   postgres_db       6.3 TiB           0  ...   0 bytes       2.1 GiB     228.8 GiB
1        memory       0 bytes           0  ...   0 bytes       2.1 GiB     228.8 GiB

[2 rows x 9 columns]
2026-09-19 23:53:59.370 INFO Loading data (2014-08-20 00:00:00+00:00 -> 2014-09-19 00:00:00+00:00) done in 15.94s (real) and 10.61s (process)
2026-09-19 23:53:59.370 INFO Memory usage (start of timestep, peak): 8.28 GiB
2026-09-19 23:53:59.370 INFO Memory usage (start of timestep, current): 2.76 GiB
2026-09-19 23:53:59.370 INFO Calculating metrics
2026-09-19 23:53:59.370 INFO Calculating metric: reference_counts_per_domain
2026-09-19 23:54:00.675 INFO Calculating metric: session_flow_counts
Found 951 prefs in this timestep.
2026-09-19 23:54:14.039 INFO [session_flow_counts.calculate] total=13.36s query=0.40s derive=1.34s elicit=11.59s update counters=0.00s write=0.01s rebuttal_searches=0 rebuttal_skipped=0
2026-09-19 23:54:14.039 INFO Calculating metric: flow_classification_supermajority
Fraction of references that are clearly dominated: 0.52%
Fraction of references that are clearly dominating: 0.74%
Fraction of references that are contested: 0.08%
Fraction of references that are unclassified: 98.66%
2026-09-19 23:54:14.220 INFO [flow_classification_supermajority.calculate] total=0.18s classify=0.02s score=0.00s write=0.15s
2026-09-19 23:54:14.221 INFO Memory usage (end of timestep, peak): 8.28 GiB
2026-09-19 23:54:14.221 INFO Memory usage (end of timestep, current): 3.25 GiB
2026-09-19 23:54:14.221 INFO (Iteration 22) reference_counts_per_domain: real 1.30s | cpu 0.51s
2026-09-19 23:54:14.221 INFO (Iteration 22) session_flow_counts: real 13.36s | cpu 13.90s
2026-09-19 23:54:14.221 INFO (Iteration 22) flow_classification_supermajority: real 0.18s | cpu 0.06s
2026-09-19 23:54:14.221 INFO Iteration 22 finished in 30.79s (real) and 25.08s (process)
2026-09-19 23:54:14.222 INFO Start timestep 2014-09-19 00:00:00+00:00 -> 2014-10-19 00:00:00+00:00
2026-09-19 23:54:32.098 INFO DuckDB memory logs:
  database_name database_size  block_size  ...  wal_size  memory_usage  memory_limit
0   postgres_db       6.3 TiB           0  ...   0 bytes       2.5 GiB     228.8 GiB
1        memory       0 bytes           0  ...   0 bytes       2.5 GiB     228.8 GiB

[2 rows x 9 columns]
2026-09-19 23:54:32.099 INFO Loading data (2014-09-19 00:00:00+00:00 -> 2014-10-19 00:00:00+00:00) done in 17.88s (real) and 12.35s (process)
2026-09-19 23:54:32.099 INFO Memory usage (start of timestep, peak): 8.28 GiB
2026-09-19 23:54:32.099 INFO Memory usage (start of timestep, current): 3.16 GiB
2026-09-19 23:54:32.099 INFO Calculating metrics
2026-09-19 23:54:32.099 INFO Calculating metric: reference_counts_per_domain
2026-09-19 23:54:33.615 INFO Calculating metric: session_flow_counts
Found 67492 prefs in this timestep.
2026-09-19 23:54:51.746 INFO [session_flow_counts.calculate] total=18.13s query=0.55s derive=2.02s elicit=15.49s update counters=0.02s write=0.02s rebuttal_searches=0 rebuttal_skipped=0
2026-09-19 23:54:51.750 INFO Calculating metric: flow_classification_supermajority
Fraction of references that are clearly dominated: 0.50%
Fraction of references that are clearly dominating: 0.72%
Fraction of references that are contested: 0.08%
Fraction of references that are unclassified: 98.69%
2026-09-19 23:54:51.930 INFO [flow_classification_supermajority.calculate] total=0.18s classify=0.02s score=0.00s write=0.16s
2026-09-19 23:54:51.931 INFO Memory usage (end of timestep, peak): 8.28 GiB
2026-09-19 23:54:51.931 INFO Memory usage (end of timestep, current): 3.80 GiB
2026-09-19 23:54:51.931 INFO (Iteration 23) reference_counts_per_domain: real 1.52s | cpu 0.73s
2026-09-19 23:54:51.931 INFO (Iteration 23) session_flow_counts: real 18.13s | cpu 18.90s
2026-09-19 23:54:51.931 INFO (Iteration 23) flow_classification_supermajority: real 0.18s | cpu 0.04s
2026-09-19 23:54:51.931 INFO Iteration 23 finished in 37.71s (real) and 32.03s (process)
2026-09-19 23:54:51.932 INFO Start timestep 2014-10-19 00:00:00+00:00 -> 2014-11-18 00:00:00+00:00
2026-09-19 23:55:16.268 INFO DuckDB memory logs:
  database_name database_size  block_size  ...  wal_size  memory_usage  memory_limit
0   postgres_db       6.3 TiB           0  ...   0 bytes       3.6 GiB     228.8 GiB
1        memory       0 bytes           0  ...   0 bytes       3.6 GiB     228.8 GiB

[2 rows x 9 columns]
2026-09-19 23:55:16.268 INFO Loading data (2014-10-19 00:00:00+00:00 -> 2014-11-18 00:00:00+00:00) done in 24.34s (real) and 17.56s (process)
2026-09-19 23:55:16.268 INFO Memory usage (start of timestep, peak): 8.28 GiB
2026-09-19 23:55:16.268 INFO Memory usage (start of timestep, current): 4.17 GiB
2026-09-19 23:55:16.268 INFO Calculating metrics
2026-09-19 23:55:16.268 INFO Calculating metric: reference_counts_per_domain
2026-09-19 23:55:17.218 INFO Calculating metric: session_flow_counts
Found 117485 prefs in this timestep.
2026-09-19 23:55:51.010 INFO [session_flow_counts.calculate] total=33.79s query=1.47s derive=4.38s elicit=27.83s update counters=0.03s write=0.02s rebuttal_searches=0 rebuttal_skipped=0
2026-09-19 23:55:51.019 INFO Calculating metric: flow_classification_supermajority
Fraction of references that are clearly dominated: 0.49%
Fraction of references that are clearly dominating: 4.25%
Fraction of references that are contested: 0.08%
Fraction of references that are unclassified: 95.19%
2026-09-19 23:55:51.207 INFO [flow_classification_supermajority.calculate] total=0.19s classify=0.01s score=0.00s write=0.17s
2026-09-19 23:55:51.208 INFO Memory usage (end of timestep, peak): 8.28 GiB
2026-09-19 23:55:51.208 INFO Memory usage (end of timestep, current): 5.64 GiB
2026-09-19 23:55:51.209 INFO (Iteration 24) reference_counts_per_domain: real 0.95s | cpu 0.89s
2026-09-19 23:55:51.209 INFO (Iteration 24) session_flow_counts: real 33.80s | cpu 35.51s
2026-09-19 23:55:51.209 INFO (Iteration 24) flow_classification_supermajority: real 0.19s | cpu 0.04s
2026-09-19 23:55:51.209 INFO Iteration 24 finished in 59.28s (real) and 54.01s (process)
2026-09-19 23:55:51.209 INFO Start timestep 2014-11-18 00:00:00+00:00 -> 2014-12-18 00:00:00+00:00
2026-09-19 23:56:06.482 INFO DuckDB memory logs:
  database_name database_size  block_size  ...  wal_size  memory_usage  memory_limit
0   postgres_db       6.3 TiB           0  ...   0 bytes       2.2 GiB     228.8 GiB
1        memory       0 bytes           0  ...   0 bytes       2.2 GiB     228.8 GiB

[2 rows x 9 columns]
2026-09-19 23:56:06.482 INFO Loading data (2014-11-18 00:00:00+00:00 -> 2014-12-18 00:00:00+00:00) done in 15.27s (real) and 10.54s (process)
2026-09-19 23:56:06.482 INFO Memory usage (start of timestep, peak): 8.28 GiB
2026-09-19 23:56:06.482 INFO Memory usage (start of timestep, current): 2.92 GiB
2026-09-19 23:56:06.482 INFO Calculating metrics
2026-09-19 23:56:06.482 INFO Calculating metric: reference_counts_per_domain
2026-09-19 23:56:07.471 INFO Calculating metric: session_flow_counts
Found 33012 prefs in this timestep.
2026-09-19 23:56:26.014 INFO [session_flow_counts.calculate] total=18.54s query=0.54s derive=1.56s elicit=16.40s update counters=0.01s write=0.02s rebuttal_searches=0 rebuttal_skipped=0
2026-09-19 23:56:26.016 INFO Calculating metric: flow_classification_supermajority
Fraction of references that are clearly dominated: 0.48%
Fraction of references that are clearly dominating: 5.04%
Fraction of references that are contested: 0.08%
Fraction of references that are unclassified: 94.41%
2026-09-19 23:56:26.203 INFO [flow_classification_supermajority.calculate] total=0.19s classify=0.01s score=0.00s write=0.17s
2026-09-19 23:56:26.204 INFO Memory usage (end of timestep, peak): 8.28 GiB
2026-09-19 23:56:26.204 INFO Memory usage (end of timestep, current): 3.36 GiB
2026-09-19 23:56:26.204 INFO (Iteration 25) reference_counts_per_domain: real 0.99s | cpu 0.67s
2026-09-19 23:56:26.205 INFO (Iteration 25) session_flow_counts: real 18.55s | cpu 19.37s
2026-09-19 23:56:26.205 INFO (Iteration 25) flow_classification_supermajority: real 0.19s | cpu 0.05s
2026-09-19 23:56:26.205 INFO Iteration 25 finished in 35.00s (real) and 30.63s (process)
2026-09-19 23:56:26.205 INFO Start timestep 2014-12-18 00:00:00+00:00 -> 2015-01-17 00:00:00+00:00
2026-09-19 23:56:39.690 INFO DuckDB memory logs:
  database_name database_size  block_size  ...  wal_size  memory_usage  memory_limit
0   postgres_db       6.3 TiB           0  ...   0 bytes       2.0 GiB     228.8 GiB
1        memory       0 bytes           0  ...   0 bytes       2.0 GiB     228.8 GiB

[2 rows x 9 columns]
2026-09-19 23:56:39.690 INFO Loading data (2014-12-18 00:00:00+00:00 -> 2015-01-17 00:00:00+00:00) done in 13.49s (real) and 13.66s (process)
2026-09-19 23:56:39.691 INFO Memory usage (start of timestep, peak): 8.28 GiB
2026-09-19 23:56:39.691 INFO Memory usage (start of timestep, current): 2.66 GiB
2026-09-19 23:56:39.691 INFO Calculating metrics
2026-09-19 23:56:39.691 INFO Calculating metric: reference_counts_per_domain
2026-09-19 23:56:41.310 INFO Calculating metric: session_flow_counts
Found 70731 prefs in this timestep.
2026-09-19 23:56:57.596 INFO [session_flow_counts.calculate] total=16.29s query=0.60s derive=2.49s elicit=13.13s update counters=0.02s write=0.01s rebuttal_searches=0 rebuttal_skipped=0
2026-09-19 23:56:57.598 INFO Calculating metric: flow_classification_supermajority
Fraction of references that are clearly dominated: 1.27%
Fraction of references that are clearly dominating: 4.90%
Fraction of references that are contested: 0.08%
Fraction of references that are unclassified: 93.75%
2026-09-19 23:56:57.775 INFO [flow_classification_supermajority.calculate] total=0.18s classify=0.01s score=0.00s write=0.17s
2026-09-19 23:56:57.776 INFO Memory usage (end of timestep, peak): 8.28 GiB
2026-09-19 23:56:57.776 INFO Memory usage (end of timestep, current): 3.37 GiB
2026-09-19 23:56:57.777 INFO (Iteration 26) reference_counts_per_domain: real 1.62s | cpu 1.39s
2026-09-19 23:56:57.777 INFO (Iteration 26) session_flow_counts: real 16.29s | cpu 17.13s
2026-09-19 23:56:57.777 INFO (Iteration 26) flow_classification_supermajority: real 0.18s | cpu 0.04s
2026-09-19 23:56:57.777 INFO Iteration 26 finished in 31.57s (real) and 32.21s (process)
2026-09-19 23:56:57.777 INFO Start timestep 2015-01-17 00:00:00+00:00 -> 2015-02-16 00:00:00+00:00
2026-09-19 23:57:19.465 INFO DuckDB memory logs:
  database_name database_size  block_size  ...  wal_size  memory_usage  memory_limit
0   postgres_db       6.3 TiB           0  ...   0 bytes       3.0 GiB     228.8 GiB
1        memory       0 bytes           0  ...   0 bytes       3.0 GiB     228.8 GiB

[2 rows x 9 columns]
2026-09-19 23:57:19.465 INFO Loading data (2015-01-17 00:00:00+00:00 -> 2015-02-16 00:00:00+00:00) done in 21.69s (real) and 14.86s (process)
2026-09-19 23:57:19.465 INFO Memory usage (start of timestep, peak): 8.28 GiB
2026-09-19 23:57:19.465 INFO Memory usage (start of timestep, current): 3.75 GiB
2026-09-19 23:57:19.466 INFO Calculating metrics
2026-09-19 23:57:19.466 INFO Calculating metric: reference_counts_per_domain
2026-09-19 23:57:20.503 INFO Calculating metric: session_flow_counts
Found 128949 prefs in this timestep.
2026-09-19 23:57:41.283 INFO [session_flow_counts.calculate] total=20.78s query=0.78s derive=2.52s elicit=17.39s update counters=0.04s write=0.02s rebuttal_searches=0 rebuttal_skipped=0
2026-09-19 23:57:41.291 INFO Calculating metric: flow_classification_supermajority
Fraction of references that are clearly dominated: 2.09%
Fraction of references that are clearly dominating: 4.96%
Fraction of references that are contested: 0.01%
Fraction of references that are unclassified: 92.95%
2026-09-19 23:57:41.497 INFO [flow_classification_supermajority.calculate] total=0.21s classify=0.01s score=0.00s write=0.19s
2026-09-19 23:57:41.498 INFO Memory usage (end of timestep, peak): 8.28 GiB
2026-09-19 23:57:41.498 INFO Memory usage (end of timestep, current): 4.41 GiB
2026-09-19 23:57:41.499 INFO (Iteration 27) reference_counts_per_domain: real 1.04s | cpu 0.64s
2026-09-19 23:57:41.499 INFO (Iteration 27) session_flow_counts: real 20.79s | cpu 21.73s
2026-09-19 23:57:41.499 INFO (Iteration 27) flow_classification_supermajority: real 0.21s | cpu 0.05s
2026-09-19 23:57:41.499 INFO Iteration 27 finished in 43.72s (real) and 37.28s (process)
2026-09-19 23:57:41.499 INFO Start timestep 2015-02-16 00:00:00+00:00 -> 2015-03-18 00:00:00+00:00
2026-09-19 23:57:59.836 INFO DuckDB memory logs:
  database_name database_size  block_size  ...  wal_size  memory_usage  memory_limit
0   postgres_db       6.3 TiB           0  ...   0 bytes       2.7 GiB     228.8 GiB
1        memory       0 bytes           0  ...   0 bytes       2.7 GiB     228.8 GiB

[2 rows x 9 columns]
2026-09-19 23:57:59.836 INFO Loading data (2015-02-16 00:00:00+00:00 -> 2015-03-18 00:00:00+00:00) done in 18.34s (real) and 18.66s (process)
2026-09-19 23:57:59.836 INFO Memory usage (start of timestep, peak): 8.28 GiB
2026-09-19 23:57:59.836 INFO Memory usage (start of timestep, current): 3.42 GiB
2026-09-19 23:57:59.836 INFO Calculating metrics
2026-09-19 23:57:59.836 INFO Calculating metric: reference_counts_per_domain
2026-09-19 23:58:01.004 INFO Calculating metric: session_flow_counts
Found 40317 prefs in this timestep.
2026-09-19 23:58:12.965 INFO [session_flow_counts.calculate] total=11.96s query=0.55s derive=1.53s elicit=9.83s update counters=0.01s write=0.02s rebuttal_searches=0 rebuttal_skipped=0
2026-09-19 23:58:12.968 INFO Calculating metric: flow_classification_supermajority
Fraction of references that are clearly dominated: 1.97%
Fraction of references that are clearly dominating: 4.84%
Fraction of references that are contested: 0.01%
Fraction of references that are unclassified: 93.19%
2026-09-19 23:58:13.148 INFO [flow_classification_supermajority.calculate] total=0.18s classify=0.02s score=0.00s write=0.16s
2026-09-19 23:58:13.148 INFO Memory usage (end of timestep, peak): 8.28 GiB
2026-09-19 23:58:13.149 INFO Memory usage (end of timestep, current): 3.97 GiB
2026-09-19 23:58:13.149 INFO (Iteration 28) reference_counts_per_domain: real 1.17s | cpu 0.65s
2026-09-19 23:58:13.149 INFO (Iteration 28) session_flow_counts: real 11.96s | cpu 12.75s
2026-09-19 23:58:13.149 INFO (Iteration 28) flow_classification_supermajority: real 0.18s | cpu 0.05s
2026-09-19 23:58:13.149 INFO Iteration 28 finished in 31.65s (real) and 32.10s (process)
2026-09-19 23:58:13.149 INFO Start timestep 2015-03-18 00:00:00+00:00 -> 2015-04-17 00:00:00+00:00
2026-09-19 23:58:30.839 INFO DuckDB memory logs:
  database_name database_size  block_size  ...  wal_size  memory_usage  memory_limit
0   postgres_db       6.3 TiB           0  ...   0 bytes       2.4 GiB     228.8 GiB
1        memory       0 bytes           0  ...   0 bytes       2.4 GiB     228.8 GiB

[2 rows x 9 columns]
2026-09-19 23:58:30.839 INFO Loading data (2015-03-18 00:00:00+00:00 -> 2015-04-17 00:00:00+00:00) done in 17.69s (real) and 18.00s (process)
2026-09-19 23:58:30.839 INFO Memory usage (start of timestep, peak): 8.28 GiB
2026-09-19 23:58:30.839 INFO Memory usage (start of timestep, current): 3.16 GiB
2026-09-19 23:58:30.839 INFO Calculating metrics
2026-09-19 23:58:30.839 INFO Calculating metric: reference_counts_per_domain
2026-09-19 23:58:32.052 INFO Calculating metric: session_flow_counts
Found 86052 prefs in this timestep.
2026-09-19 23:58:45.582 INFO [session_flow_counts.calculate] total=13.53s query=0.69s derive=2.33s elicit=10.44s update counters=0.03s write=0.01s rebuttal_searches=0 rebuttal_skipped=0
2026-09-19 23:58:45.584 INFO Calculating metric: flow_classification_supermajority
Fraction of references that are clearly dominated: 1.94%
Fraction of references that are clearly dominating: 4.86%
Fraction of references that are contested: 0.01%
Fraction of references that are unclassified: 93.19%
2026-09-19 23:58:45.743 INFO [flow_classification_supermajority.calculate] total=0.16s classify=0.01s score=0.00s write=0.15s
2026-09-19 23:58:45.744 INFO Memory usage (end of timestep, peak): 8.28 GiB
2026-09-19 23:58:45.744 INFO Memory usage (end of timestep, current): 3.83 GiB
2026-09-19 23:58:45.744 INFO (Iteration 29) reference_counts_per_domain: real 1.21s | cpu 0.62s
2026-09-19 23:58:45.745 INFO (Iteration 29) session_flow_counts: real 13.53s | cpu 14.45s
2026-09-19 23:58:45.745 INFO (Iteration 29) flow_classification_supermajority: real 0.16s | cpu 0.03s
2026-09-19 23:58:45.745 INFO Iteration 29 finished in 32.60s (real) and 33.11s (process)
2026-09-19 23:58:45.745 INFO Start timestep 2015-04-17 00:00:00+00:00 -> 2015-05-17 00:00:00+00:00
2026-09-19 23:59:01.753 INFO DuckDB memory logs:
  database_name database_size  block_size  ...  wal_size  memory_usage  memory_limit
0   postgres_db       6.3 TiB           0  ...   0 bytes       2.2 GiB     228.8 GiB
1        memory       0 bytes           0  ...   0 bytes       2.2 GiB     228.8 GiB

[2 rows x 9 columns]
2026-09-19 23:59:01.753 INFO Loading data (2015-04-17 00:00:00+00:00 -> 2015-05-17 00:00:00+00:00) done in 16.01s (real) and 10.99s (process)
2026-09-19 23:59:01.753 INFO Memory usage (start of timestep, peak): 8.28 GiB
2026-09-19 23:59:01.754 INFO Memory usage (start of timestep, current): 2.92 GiB
2026-09-19 23:59:01.754 INFO Calculating metrics
2026-09-19 23:59:01.754 INFO Calculating metric: reference_counts_per_domain
2026-09-19 23:59:03.077 INFO Calculating metric: session_flow_counts
Found 51810 prefs in this timestep.
2026-09-19 23:59:20.986 INFO [session_flow_counts.calculate] total=17.91s query=0.64s derive=1.95s elicit=15.26s update counters=0.02s write=0.02s rebuttal_searches=0 rebuttal_skipped=0
2026-09-19 23:59:20.990 INFO Calculating metric: flow_classification_supermajority
Fraction of references that are clearly dominated: 1.90%
Fraction of references that are clearly dominating: 4.77%
Fraction of references that are contested: 0.01%
Fraction of references that are unclassified: 93.32%
2026-09-19 23:59:21.180 INFO [flow_classification_supermajority.calculate] total=0.19s classify=0.02s score=0.00s write=0.17s
2026-09-19 23:59:21.181 INFO Memory usage (end of timestep, peak): 8.28 GiB
2026-09-19 23:59:21.181 INFO Memory usage (end of timestep, current): 3.43 GiB
2026-09-19 23:59:21.181 INFO (Iteration 30) reference_counts_per_domain: real 1.32s | cpu 0.72s
2026-09-19 23:59:21.182 INFO (Iteration 30) session_flow_counts: real 17.91s | cpu 18.85s
2026-09-19 23:59:21.182 INFO (Iteration 30) flow_classification_supermajority: real 0.19s | cpu 0.06s
2026-09-19 23:59:21.182 INFO Iteration 30 finished in 35.44s (real) and 30.62s (process)
2026-09-19 23:59:21.182 INFO Start timestep 2015-05-17 00:00:00+00:00 -> 2015-06-16 00:00:00+00:00
2026-09-19 23:59:48.658 INFO DuckDB memory logs:
  database_name database_size  block_size  ...  wal_size  memory_usage  memory_limit
0   postgres_db       6.3 TiB           0  ...   0 bytes       4.1 GiB     228.8 GiB
1        memory       0 bytes           0  ...   0 bytes       4.1 GiB     228.8 GiB

[2 rows x 9 columns]
2026-09-19 23:59:48.658 INFO Loading data (2015-05-17 00:00:00+00:00 -> 2015-06-16 00:00:00+00:00) done in 27.48s (real) and 18.92s (process)
2026-09-19 23:59:48.658 INFO Memory usage (start of timestep, peak): 8.28 GiB
2026-09-19 23:59:48.659 INFO Memory usage (start of timestep, current): 4.74 GiB
2026-09-19 23:59:48.659 INFO Calculating metrics
2026-09-19 23:59:48.659 INFO Calculating metric: reference_counts_per_domain
2026-09-19 23:59:50.247 INFO Calculating metric: session_flow_counts
Found 74469 prefs in this timestep.
2026-09-20 00:00:17.043 INFO [session_flow_counts.calculate] total=26.80s query=1.46s derive=3.25s elicit=22.01s update counters=0.02s write=0.02s rebuttal_searches=0 rebuttal_skipped=0
2026-09-20 00:00:17.048 INFO Calculating metric: flow_classification_supermajority
Fraction of references that are clearly dominated: 1.79%
Fraction of references that are clearly dominating: 4.52%
Fraction of references that are contested: 0.01%
Fraction of references that are unclassified: 93.67%
2026-09-20 00:00:17.263 INFO [flow_classification_supermajority.calculate] total=0.21s classify=0.02s score=0.00s write=0.19s
2026-09-20 00:00:17.264 INFO Memory usage (end of timestep, peak): 8.28 GiB
2026-09-20 00:00:17.265 INFO Memory usage (end of timestep, current): 5.61 GiB
2026-09-20 00:00:17.265 INFO (Iteration 31) reference_counts_per_domain: real 1.59s | cpu 1.18s
2026-09-20 00:00:17.265 INFO (Iteration 31) session_flow_counts: real 26.80s | cpu 28.62s
2026-09-20 00:00:17.265 INFO (Iteration 31) flow_classification_supermajority: real 0.22s | cpu 0.06s
2026-09-20 00:00:17.265 INFO Iteration 31 finished in 56.08s (real) and 48.78s (process)
2026-09-20 00:00:17.265 INFO Start timestep 2015-06-16 00:00:00+00:00 -> 2015-07-16 00:00:00+00:00
2026-09-20 00:00:41.269 INFO DuckDB memory logs:
  database_name database_size  block_size  ...  wal_size  memory_usage  memory_limit
0   postgres_db       6.3 TiB           0  ...   0 bytes       3.4 GiB     228.8 GiB
1        memory       0 bytes           0  ...   0 bytes       3.4 GiB     228.8 GiB

[2 rows x 9 columns]
2026-09-20 00:00:41.270 INFO Loading data (2015-06-16 00:00:00+00:00 -> 2015-07-16 00:00:00+00:00) done in 24.00s (real) and 20.89s (process)
2026-09-20 00:00:41.270 INFO Memory usage (start of timestep, peak): 8.28 GiB
2026-09-20 00:00:41.270 INFO Memory usage (start of timestep, current): 4.13 GiB
2026-09-20 00:00:41.270 INFO Calculating metrics
2026-09-20 00:00:41.270 INFO Calculating metric: reference_counts_per_domain
2026-09-20 00:00:44.469 INFO Calculating metric: session_flow_counts
Found 79348 prefs in this timestep.
2026-09-20 00:01:05.315 INFO [session_flow_counts.calculate] total=20.85s query=1.20s derive=3.03s elicit=16.54s update counters=0.02s write=0.02s rebuttal_searches=0 rebuttal_skipped=0
2026-09-20 00:01:05.321 INFO Calculating metric: flow_classification_supermajority
Fraction of references that are clearly dominated: 1.80%
Fraction of references that are clearly dominating: 4.34%
Fraction of references that are contested: 0.01%
Fraction of references that are unclassified: 93.84%
2026-09-20 00:01:05.525 INFO [flow_classification_supermajority.calculate] total=0.20s classify=0.04s score=0.00s write=0.16s
2026-09-20 00:01:05.527 INFO Memory usage (end of timestep, peak): 8.28 GiB
2026-09-20 00:01:05.528 INFO Memory usage (end of timestep, current): 4.95 GiB
2026-09-20 00:01:05.528 INFO (Iteration 32) reference_counts_per_domain: real 3.20s | cpu 1.47s
2026-09-20 00:01:05.528 INFO (Iteration 32) session_flow_counts: real 20.85s | cpu 22.28s
2026-09-20 00:01:05.528 INFO (Iteration 32) flow_classification_supermajority: real 0.21s | cpu 0.06s
2026-09-20 00:01:05.528 INFO Iteration 32 finished in 48.26s (real) and 44.70s (process)
2026-09-20 00:01:05.528 INFO Start timestep 2015-07-16 00:00:00+00:00 -> 2015-08-15 00:00:00+00:00
2026-09-20 00:01:38.256 INFO DuckDB memory logs:
  database_name database_size  block_size  ...  wal_size  memory_usage  memory_limit
0   postgres_db       6.3 TiB           0  ...   0 bytes       4.4 GiB     228.8 GiB
1        memory       0 bytes           0  ...   0 bytes       4.4 GiB     228.8 GiB

[2 rows x 9 columns]
2026-09-20 00:01:38.257 INFO Loading data (2015-07-16 00:00:00+00:00 -> 2015-08-15 00:00:00+00:00) done in 32.73s (real) and 22.55s (process)
2026-09-20 00:01:38.257 INFO Memory usage (start of timestep, peak): 8.28 GiB
2026-09-20 00:01:38.257 INFO Memory usage (start of timestep, current): 5.14 GiB
2026-09-20 00:01:38.257 INFO Calculating metrics
2026-09-20 00:01:38.257 INFO Calculating metric: reference_counts_per_domain
2026-09-20 00:01:41.322 INFO Calculating metric: session_flow_counts
Found 831296 prefs in this timestep.
2026-09-20 00:02:17.641 INFO [session_flow_counts.calculate] total=36.32s query=2.12s derive=5.31s elicit=28.56s update counters=0.25s write=0.01s rebuttal_searches=0 rebuttal_skipped=0
2026-09-20 00:02:17.677 INFO Calculating metric: flow_classification_supermajority
Fraction of references that are clearly dominated: 4.01%
Fraction of references that are clearly dominating: 3.24%
Fraction of references that are contested: 0.01%
Fraction of references that are unclassified: 92.75%
2026-09-20 00:02:17.879 INFO [flow_classification_supermajority.calculate] total=0.20s classify=0.02s score=0.00s write=0.17s
2026-09-20 00:02:17.881 INFO Memory usage (end of timestep, peak): 8.28 GiB
2026-09-20 00:02:17.882 INFO Memory usage (end of timestep, current): 6.48 GiB
2026-09-20 00:02:17.882 INFO (Iteration 33) reference_counts_per_domain: real 3.06s | cpu 1.51s
2026-09-20 00:02:17.882 INFO (Iteration 33) session_flow_counts: real 36.35s | cpu 38.59s
2026-09-20 00:02:17.882 INFO (Iteration 33) flow_classification_supermajority: real 0.20s | cpu 0.06s
2026-09-20 00:02:17.882 INFO Iteration 33 finished in 72.35s (real) and 62.71s (process)
2026-09-20 00:02:17.897 INFO Start timestep 2015-08-15 00:00:00+00:00 -> 2015-09-14 00:00:00+00:00
2026-09-20 00:02:53.110 INFO DuckDB memory logs:
  database_name database_size  block_size  ...  wal_size  memory_usage  memory_limit
0   postgres_db       6.3 TiB           0  ...   0 bytes       4.7 GiB     228.8 GiB
1        memory       0 bytes           0  ...   0 bytes       4.7 GiB     228.8 GiB

[2 rows x 9 columns]
2026-09-20 00:02:53.111 INFO Loading data (2015-08-15 00:00:00+00:00 -> 2015-09-14 00:00:00+00:00) done in 35.21s (real) and 39.72s (process)
2026-09-20 00:02:53.111 INFO Memory usage (start of timestep, peak): 8.28 GiB
2026-09-20 00:02:53.111 INFO Memory usage (start of timestep, current): 5.41 GiB
2026-09-20 00:02:53.111 INFO Calculating metrics
2026-09-20 00:02:53.111 INFO Calculating metric: reference_counts_per_domain
2026-09-20 00:02:56.173 INFO Calculating metric: session_flow_counts
Found 835246 prefs in this timestep.
2026-09-20 00:03:40.726 INFO [session_flow_counts.calculate] total=44.55s query=2.37s derive=6.20s elicit=35.61s update counters=0.25s write=0.01s rebuttal_searches=0 rebuttal_skipped=0
2026-09-20 00:03:40.752 INFO Calculating metric: flow_classification_supermajority
Fraction of references that are clearly dominated: 2.78%
Fraction of references that are clearly dominating: 6.17%
Fraction of references that are contested: 0.01%
Fraction of references that are unclassified: 91.04%
2026-09-20 00:03:40.944 INFO [flow_classification_supermajority.calculate] total=0.19s classify=0.02s score=0.00s write=0.16s
2026-09-20 00:03:40.946 INFO Memory usage (end of timestep, peak): 8.28 GiB
2026-09-20 00:03:40.947 INFO Memory usage (end of timestep, current): 7.55 GiB
2026-09-20 00:03:40.947 INFO (Iteration 34) reference_counts_per_domain: real 3.06s | cpu 1.34s
2026-09-20 00:03:40.947 INFO (Iteration 34) session_flow_counts: real 44.58s | cpu 46.86s
2026-09-20 00:03:40.947 INFO (Iteration 34) flow_classification_supermajority: real 0.19s | cpu 0.06s
2026-09-20 00:03:40.947 INFO Iteration 34 finished in 83.05s (real) and 87.99s (process)
2026-09-20 00:03:40.963 INFO Start timestep 2015-09-14 00:00:00+00:00 -> 2015-10-14 00:00:00+00:00
2026-09-20 00:04:52.259 INFO DuckDB memory logs:
  database_name database_size  block_size  ...  wal_size  memory_usage  memory_limit
0   postgres_db       6.3 TiB           0  ...   0 bytes      10.5 GiB     228.8 GiB
1        memory       0 bytes           0  ...   0 bytes      10.5 GiB     228.8 GiB

[2 rows x 9 columns]
2026-09-20 00:04:52.276 INFO Loading data (2015-09-14 00:00:00+00:00 -> 2015-10-14 00:00:00+00:00) done in 71.31s (real) and 105.23s (process)
2026-09-20 00:04:52.277 INFO Memory usage (start of timestep, peak): 11.54 GiB
2026-09-20 00:04:52.277 INFO Memory usage (start of timestep, current): 11.12 GiB
2026-09-20 00:04:52.277 INFO Calculating metrics
2026-09-20 00:04:52.277 INFO Calculating metric: reference_counts_per_domain
2026-09-20 00:04:56.306 INFO Calculating metric: session_flow_counts
Found 2069290 prefs in this timestep.
2026-09-20 00:07:26.746 INFO [session_flow_counts.calculate] total=150.44s query=11.12s derive=22.69s elicit=115.79s update counters=0.61s write=0.02s rebuttal_searches=0 rebuttal_skipped=0
2026-09-20 00:07:26.828 INFO Calculating metric: flow_classification_supermajority
Fraction of references that are clearly dominated: 0.99%
Fraction of references that are clearly dominating: 4.85%
Fraction of references that are contested: 3.20%
Fraction of references that are unclassified: 90.96%
2026-09-20 00:07:27.039 INFO [flow_classification_supermajority.calculate] total=0.21s classify=0.02s score=0.01s write=0.18s
2026-09-20 00:07:27.041 INFO Memory usage (end of timestep, peak): 18.96 GiB
2026-09-20 00:07:27.041 INFO Memory usage (end of timestep, current): 15.36 GiB
2026-09-20 00:07:27.041 INFO (Iteration 35) reference_counts_per_domain: real 4.03s | cpu 4.33s
2026-09-20 00:07:27.041 INFO (Iteration 35) session_flow_counts: real 150.52s | cpu 159.75s
2026-09-20 00:07:27.041 INFO (Iteration 35) flow_classification_supermajority: real 0.21s | cpu 0.06s
2026-09-20 00:07:27.042 INFO Iteration 35 finished in 226.08s (real) and 269.38s (process)
2026-09-20 00:07:27.042 INFO Start timestep 2015-10-14 00:00:00+00:00 -> 2015-11-13 00:00:00+00:00
2026-09-20 00:08:49.659 INFO DuckDB memory logs:
  database_name database_size  block_size  ...  wal_size  memory_usage  memory_limit
0   postgres_db       6.3 TiB           0  ...   0 bytes      12.3 GiB     228.8 GiB
1        memory       0 bytes           0  ...   0 bytes      12.3 GiB     228.8 GiB

[2 rows x 9 columns]
2026-09-20 00:08:49.676 INFO Loading data (2015-10-14 00:00:00+00:00 -> 2015-11-13 00:00:00+00:00) done in 82.63s (real) and 57.67s (process)
2026-09-20 00:08:49.676 INFO Memory usage (start of timestep, peak): 18.96 GiB
2026-09-20 00:08:49.677 INFO Memory usage (start of timestep, current): 13.94 GiB
2026-09-20 00:08:49.677 INFO Calculating metrics
2026-09-20 00:08:49.677 INFO Calculating metric: reference_counts_per_domain
2026-09-20 00:08:52.341 INFO Calculating metric: session_flow_counts
Found 1245362 prefs in this timestep.
2026-09-20 00:11:37.215 INFO [session_flow_counts.calculate] total=164.87s query=10.38s derive=27.22s elicit=126.41s update counters=0.39s write=0.02s rebuttal_searches=0 rebuttal_skipped=0
2026-09-20 00:11:37.292 INFO Calculating metric: flow_classification_supermajority
Fraction of references that are clearly dominated: 2.06%
Fraction of references that are clearly dominating: 5.69%
Fraction of references that are contested: 4.46%
Fraction of references that are unclassified: 87.79%
2026-09-20 00:11:37.494 INFO [flow_classification_supermajority.calculate] total=0.20s classify=0.01s score=0.00s write=0.19s
2026-09-20 00:11:37.495 INFO Memory usage (end of timestep, peak): 21.65 GiB
2026-09-20 00:11:37.496 INFO Memory usage (end of timestep, current): 14.38 GiB
2026-09-20 00:11:37.496 INFO (Iteration 36) reference_counts_per_domain: real 2.66s | cpu 4.69s
2026-09-20 00:11:37.496 INFO (Iteration 36) session_flow_counts: real 164.95s | cpu 174.36s
2026-09-20 00:11:37.496 INFO (Iteration 36) flow_classification_supermajority: real 0.20s | cpu 0.05s
2026-09-20 00:11:37.496 INFO Iteration 36 finished in 250.45s (real) and 236.77s (process)
2026-09-20 00:11:37.497 INFO Start timestep 2015-11-13 00:00:00+00:00 -> 2015-12-13 00:00:00+00:00
2026-09-20 00:12:52.445 INFO DuckDB memory logs:
  database_name database_size  block_size  ...  wal_size  memory_usage  memory_limit
0   postgres_db       6.3 TiB           0  ...   0 bytes      10.9 GiB     228.8 GiB
1        memory       0 bytes           0  ...   0 bytes      10.9 GiB     228.8 GiB

[2 rows x 9 columns]
2026-09-20 00:12:52.461 INFO Loading data (2015-11-13 00:00:00+00:00 -> 2015-12-13 00:00:00+00:00) done in 74.96s (real) and 51.68s (process)
2026-09-20 00:12:52.461 INFO Memory usage (start of timestep, peak): 21.65 GiB
2026-09-20 00:12:52.461 INFO Memory usage (start of timestep, current): 12.48 GiB
2026-09-20 00:12:52.462 INFO Calculating metrics
2026-09-20 00:12:52.462 INFO Calculating metric: reference_counts_per_domain
2026-09-20 00:12:54.686 INFO Calculating metric: session_flow_counts
Found 1173305 prefs in this timestep.
2026-09-20 00:14:44.438 INFO [session_flow_counts.calculate] total=109.75s query=7.38s derive=17.35s elicit=84.34s update counters=0.35s write=0.02s rebuttal_searches=0 rebuttal_skipped=0
2026-09-20 00:14:44.505 INFO Calculating metric: flow_classification_supermajority
Fraction of references that are clearly dominated: 2.33%
Fraction of references that are clearly dominating: 7.54%
Fraction of references that are contested: 3.31%
Fraction of references that are unclassified: 86.82%
2026-09-20 00:14:44.679 INFO [flow_classification_supermajority.calculate] total=0.17s classify=0.01s score=0.00s write=0.16s
2026-09-20 00:14:44.681 INFO Memory usage (end of timestep, peak): 21.65 GiB
2026-09-20 00:14:44.681 INFO Memory usage (end of timestep, current): 13.41 GiB
2026-09-20 00:14:44.681 INFO (Iteration 37) reference_counts_per_domain: real 2.22s | cpu 3.94s
2026-09-20 00:14:44.681 INFO (Iteration 37) session_flow_counts: real 109.82s | cpu 117.30s
2026-09-20 00:14:44.682 INFO (Iteration 37) flow_classification_supermajority: real 0.18s | cpu 0.04s
2026-09-20 00:14:44.682 INFO Iteration 37 finished in 187.18s (real) and 172.95s (process)
2026-09-20 00:14:44.683 INFO Start timestep 2015-12-13 00:00:00+00:00 -> 2016-01-12 00:00:00+00:00
2026-09-20 00:16:24.649 INFO DuckDB memory logs:
  database_name database_size  block_size  ...  wal_size  memory_usage  memory_limit
0   postgres_db       6.3 TiB           0  ...   0 bytes      14.5 GiB     228.8 GiB
1        memory       0 bytes           0  ...   0 bytes      14.5 GiB     228.8 GiB

[2 rows x 9 columns]
2026-09-20 00:16:24.665 INFO Loading data (2015-12-13 00:00:00+00:00 -> 2016-01-12 00:00:00+00:00) done in 99.98s (real) and 69.18s (process)
2026-09-20 00:16:24.665 INFO Memory usage (start of timestep, peak): 21.65 GiB
2026-09-20 00:16:24.665 INFO Memory usage (start of timestep, current): 15.06 GiB
2026-09-20 00:16:24.666 INFO Calculating metrics
2026-09-20 00:16:24.666 INFO Calculating metric: reference_counts_per_domain
2026-09-20 00:16:27.329 INFO Calculating metric: session_flow_counts
Found 168553 prefs in this timestep.
2026-09-20 00:20:36.354 INFO [session_flow_counts.calculate] total=249.02s query=13.15s derive=33.61s elicit=201.84s update counters=0.05s write=0.02s rebuttal_searches=0 rebuttal_skipped=0
2026-09-20 00:20:36.381 INFO Calculating metric: flow_classification_supermajority
Fraction of references that are clearly dominated: 5.47%
Fraction of references that are clearly dominating: 5.96%
Fraction of references that are contested: 4.32%
Fraction of references that are unclassified: 84.25%
2026-09-20 00:20:36.594 INFO [flow_classification_supermajority.calculate] total=0.21s classify=0.02s score=0.00s write=0.18s
2026-09-20 00:20:36.596 INFO Memory usage (end of timestep, peak): 25.29 GiB
2026-09-20 00:20:36.596 INFO Memory usage (end of timestep, current): 18.19 GiB
2026-09-20 00:20:36.596 INFO (Iteration 38) reference_counts_per_domain: real 2.66s | cpu 5.31s
2026-09-20 00:20:36.596 INFO (Iteration 38) session_flow_counts: real 249.05s | cpu 260.66s
2026-09-20 00:20:36.596 INFO (Iteration 38) flow_classification_supermajority: real 0.21s | cpu 0.05s
2026-09-20 00:20:36.596 INFO Iteration 38 finished in 351.91s (real) and 335.21s (process)
2026-09-20 00:20:36.597 INFO Start timestep 2016-01-12 00:00:00+00:00 -> 2016-02-11 00:00:00+00:00
2026-09-20 00:21:43.198 INFO DuckDB memory logs:
  database_name database_size  block_size  ...  wal_size  memory_usage  memory_limit
0   postgres_db       6.3 TiB           0  ...   0 bytes       8.9 GiB     228.8 GiB
1        memory       0 bytes           0  ...   0 bytes       8.9 GiB     228.8 GiB

[2 rows x 9 columns]
2026-09-20 00:21:43.215 INFO Loading data (2016-01-12 00:00:00+00:00 -> 2016-02-11 00:00:00+00:00) done in 66.62s (real) and 46.31s (process)
2026-09-20 00:21:43.216 INFO Memory usage (start of timestep, peak): 25.29 GiB
2026-09-20 00:21:43.216 INFO Memory usage (start of timestep, current): 11.98 GiB
2026-09-20 00:21:43.216 INFO Calculating metrics
2026-09-20 00:21:43.216 INFO Calculating metric: reference_counts_per_domain
2026-09-20 00:21:47.992 INFO Calculating metric: session_flow_counts
Found 842704 prefs in this timestep.
2026-09-20 00:24:34.273 INFO [session_flow_counts.calculate] total=166.28s query=6.12s derive=15.62s elicit=144.04s update counters=0.28s write=0.02s rebuttal_searches=0 rebuttal_skipped=0
2026-09-20 00:24:34.334 INFO Calculating metric: flow_classification_supermajority
Fraction of references that are clearly dominated: 5.78%
Fraction of references that are clearly dominating: 5.18%
Fraction of references that are contested: 3.38%
Fraction of references that are unclassified: 85.66%
2026-09-20 00:24:34.654 INFO [flow_classification_supermajority.calculate] total=0.32s classify=0.03s score=0.01s write=0.28s
2026-09-20 00:24:34.657 INFO Memory usage (end of timestep, peak): 25.29 GiB
2026-09-20 00:24:34.657 INFO Memory usage (end of timestep, current): 15.53 GiB
2026-09-20 00:24:34.657 INFO (Iteration 39) reference_counts_per_domain: real 4.77s | cpu 3.82s
2026-09-20 00:24:34.657 INFO (Iteration 39) session_flow_counts: real 166.34s | cpu 172.61s
2026-09-20 00:24:34.657 INFO (Iteration 39) flow_classification_supermajority: real 0.32s | cpu 0.07s
2026-09-20 00:24:34.657 INFO Iteration 39 finished in 238.06s (real) and 222.81s (process)
2026-09-20 00:24:34.658 INFO Start timestep 2016-02-11 00:00:00+00:00 -> 2016-03-12 00:00:00+00:00
2026-09-20 00:26:03.893 INFO DuckDB memory logs:
  database_name database_size  block_size  ...  wal_size  memory_usage  memory_limit
0   postgres_db       6.3 TiB           0  ...   0 bytes      12.0 GiB     228.8 GiB
1        memory       0 bytes           0  ...   0 bytes      12.0 GiB     228.8 GiB

[2 rows x 9 columns]
2026-09-20 00:26:03.909 INFO Loading data (2016-02-11 00:00:00+00:00 -> 2016-03-12 00:00:00+00:00) done in 89.25s (real) and 61.73s (process)
2026-09-20 00:26:03.909 INFO Memory usage (start of timestep, peak): 25.29 GiB
2026-09-20 00:26:03.910 INFO Memory usage (start of timestep, current): 14.74 GiB
2026-09-20 00:26:03.910 INFO Calculating metrics
2026-09-20 00:26:03.910 INFO Calculating metric: reference_counts_per_domain
2026-09-20 00:26:09.056 INFO Calculating metric: session_flow_counts
Found 3201374 prefs in this timestep.
2026-09-20 00:29:18.855 INFO [session_flow_counts.calculate] total=189.80s query=9.47s derive=23.18s elicit=155.88s update counters=1.00s write=0.01s rebuttal_searches=0 rebuttal_skipped=0
2026-09-20 00:29:18.990 INFO Calculating metric: flow_classification_supermajority
Fraction of references that are clearly dominated: 5.93%
Fraction of references that are clearly dominating: 8.27%
Fraction of references that are contested: 3.61%
Fraction of references that are unclassified: 82.19%
2026-09-20 00:29:19.241 INFO [flow_classification_supermajority.calculate] total=0.25s classify=0.05s score=0.02s write=0.19s
2026-09-20 00:29:19.246 INFO Memory usage (end of timestep, peak): 25.29 GiB
2026-09-20 00:29:19.246 INFO Memory usage (end of timestep, current): 18.84 GiB
2026-09-20 00:29:19.247 INFO (Iteration 40) reference_counts_per_domain: real 5.15s | cpu 4.69s
2026-09-20 00:29:19.247 INFO (Iteration 40) session_flow_counts: real 189.93s | cpu 199.29s
2026-09-20 00:29:19.247 INFO (Iteration 40) flow_classification_supermajority: real 0.26s | cpu 0.11s
2026-09-20 00:29:19.247 INFO Iteration 40 finished in 284.59s (real) and 265.82s (process)
2026-09-20 00:29:19.248 INFO Start timestep 2016-03-12 00:00:00+00:00 -> 2016-04-11 00:00:00+00:00
2026-09-20 00:31:19.191 INFO DuckDB memory logs:
  database_name database_size  block_size  ...  wal_size  memory_usage  memory_limit
0   postgres_db       6.3 TiB           0  ...   0 bytes      15.8 GiB     228.8 GiB
1        memory       0 bytes           0  ...   0 bytes      15.8 GiB     228.8 GiB

[2 rows x 9 columns]
2026-09-20 00:31:19.209 INFO Loading data (2016-03-12 00:00:00+00:00 -> 2016-04-11 00:00:00+00:00) done in 119.96s (real) and 90.36s (process)
2026-09-20 00:31:19.209 INFO Memory usage (start of timestep, peak): 25.29 GiB
2026-09-20 00:31:19.209 INFO Memory usage (start of timestep, current): 19.10 GiB
2026-09-20 00:31:19.209 INFO Calculating metrics
2026-09-20 00:31:19.209 INFO Calculating metric: reference_counts_per_domain
2026-09-20 00:31:38.637 INFO Calculating metric: session_flow_counts
Found 885971 prefs in this timestep.
2026-09-20 00:35:01.400 INFO [session_flow_counts.calculate] total=202.76s query=11.73s derive=31.27s elicit=158.91s update counters=0.30s write=0.01s rebuttal_searches=0 rebuttal_skipped=0
2026-09-20 00:35:01.492 INFO Calculating metric: flow_classification_supermajority
Fraction of references that are clearly dominated: 7.40%
Fraction of references that are clearly dominating: 13.92%
Fraction of references that are contested: 6.53%
Fraction of references that are unclassified: 72.16%
2026-09-20 00:35:01.967 INFO [flow_classification_supermajority.calculate] total=0.48s classify=0.20s score=0.06s write=0.22s
2026-09-20 00:35:01.984 INFO Memory usage (end of timestep, peak): 29.03 GiB
2026-09-20 00:35:01.984 INFO Memory usage (end of timestep, current): 17.48 GiB
2026-09-20 00:35:01.984 INFO (Iteration 41) reference_counts_per_domain: real 19.43s | cpu 8.26s
2026-09-20 00:35:01.984 INFO (Iteration 41) session_flow_counts: real 202.85s | cpu 214.75s
2026-09-20 00:35:01.985 INFO (Iteration 41) flow_classification_supermajority: real 0.49s | cpu 0.33s
2026-09-20 00:35:01.985 INFO Iteration 41 finished in 342.74s (real) and 313.71s (process)
2026-09-20 00:35:01.986 INFO Start timestep 2016-04-11 00:00:00+00:00 -> 2016-05-11 00:00:00+00:00
2026-09-20 00:35:53.725 INFO DuckDB memory logs:
  database_name database_size  block_size  ...  wal_size  memory_usage  memory_limit
0   postgres_db       6.3 TiB           0  ...   0 bytes       7.3 GiB     228.8 GiB
1        memory       0 bytes           0  ...   0 bytes       7.3 GiB     228.8 GiB

[2 rows x 9 columns]
2026-09-20 00:35:53.725 INFO Loading data (2016-04-11 00:00:00+00:00 -> 2016-05-11 00:00:00+00:00) done in 51.74s (real) and 35.84s (process)
2026-09-20 00:35:53.725 INFO Memory usage (start of timestep, peak): 29.03 GiB
2026-09-20 00:35:53.725 INFO Memory usage (start of timestep, current): 8.74 GiB
2026-09-20 00:35:53.725 INFO Calculating metrics
2026-09-20 00:35:53.725 INFO Calculating metric: reference_counts_per_domain
2026-09-20 00:36:12.094 INFO Calculating metric: session_flow_counts
Found 11597 prefs in this timestep.
2026-09-20 00:37:46.746 INFO [session_flow_counts.calculate] total=94.65s query=4.49s derive=11.45s elicit=78.54s update counters=0.00s write=0.02s rebuttal_searches=0 rebuttal_skipped=0
2026-09-20 00:37:46.763 INFO Calculating metric: flow_classification_supermajority
Fraction of references that are clearly dominated: 7.23%
Fraction of references that are clearly dominating: 13.75%
Fraction of references that are contested: 6.45%
Fraction of references that are unclassified: 72.58%
2026-09-20 00:37:47.249 INFO [flow_classification_supermajority.calculate] total=0.49s classify=0.20s score=0.06s write=0.23s
2026-09-20 00:37:47.267 INFO Memory usage (end of timestep, peak): 29.03 GiB
2026-09-20 00:37:47.267 INFO Memory usage (end of timestep, current): 12.57 GiB
2026-09-20 00:37:47.267 INFO (Iteration 42) reference_counts_per_domain: real 18.37s | cpu 4.33s
2026-09-20 00:37:47.267 INFO (Iteration 42) session_flow_counts: real 94.67s | cpu 99.21s
2026-09-20 00:37:47.267 INFO (Iteration 42) flow_classification_supermajority: real 0.50s | cpu 0.34s
2026-09-20 00:37:47.267 INFO Iteration 42 finished in 165.28s (real) and 139.72s (process)
2026-09-20 00:37:47.269 INFO Start timestep 2016-05-11 00:00:00+00:00 -> 2016-06-10 00:00:00+00:00
2026-09-20 00:40:21.073 INFO DuckDB memory logs:
  database_name database_size  block_size  ...  wal_size  memory_usage  memory_limit
0   postgres_db       6.3 TiB           0  ...   0 bytes      20.4 GiB     228.8 GiB
1        memory       0 bytes           0  ...   0 bytes      20.4 GiB     228.8 GiB

[2 rows x 9 columns]
2026-09-20 00:40:21.089 INFO Loading data (2016-05-11 00:00:00+00:00 -> 2016-06-10 00:00:00+00:00) done in 153.82s (real) and 105.22s (process)
2026-09-20 00:40:21.089 INFO Memory usage (start of timestep, peak): 29.03 GiB
2026-09-20 00:40:21.089 INFO Memory usage (start of timestep, current): 21.72 GiB
2026-09-20 00:40:21.089 INFO Calculating metrics
2026-09-20 00:40:21.090 INFO Calculating metric: reference_counts_per_domain
2026-09-20 00:40:44.719 INFO Calculating metric: session_flow_counts
Found 201976 prefs in this timestep.
2026-09-20 00:44:25.189 INFO [session_flow_counts.calculate] total=220.47s query=18.41s derive=41.38s elicit=160.05s update counters=0.07s write=0.03s rebuttal_searches=0 rebuttal_skipped=0
2026-09-20 00:44:25.216 INFO Calculating metric: flow_classification_supermajority
Fraction of references that are clearly dominated: 7.58%
Fraction of references that are clearly dominating: 14.84%
Fraction of references that are contested: 7.16%
Fraction of references that are unclassified: 70.42%
2026-09-20 00:44:25.747 INFO [flow_classification_supermajority.calculate] total=0.53s classify=0.25s score=0.05s write=0.22s
2026-09-20 00:44:25.767 INFO Memory usage (end of timestep, peak): 37.63 GiB
2026-09-20 00:44:25.767 INFO Memory usage (end of timestep, current): 22.26 GiB
2026-09-20 00:44:25.767 INFO (Iteration 43) reference_counts_per_domain: real 23.63s | cpu 10.73s
2026-09-20 00:44:25.767 INFO (Iteration 43) session_flow_counts: real 220.50s | cpu 237.71s
2026-09-20 00:44:25.767 INFO (Iteration 43) flow_classification_supermajority: real 0.55s | cpu 0.40s
2026-09-20 00:44:25.767 INFO Iteration 43 finished in 398.50s (real) and 354.05s (process)
2026-09-20 00:44:25.768 INFO Start timestep 2016-06-10 00:00:00+00:00 -> 2016-07-10 00:00:00+00:00
2026-09-20 00:45:09.145 INFO DuckDB memory logs:
  database_name database_size  block_size  ...  wal_size  memory_usage  memory_limit
0   postgres_db       6.3 TiB           0  ...   0 bytes       5.6 GiB     228.8 GiB
1        memory       0 bytes           0  ...   0 bytes       5.6 GiB     228.8 GiB

[2 rows x 9 columns]
2026-09-20 00:45:09.146 INFO Loading data (2016-06-10 00:00:00+00:00 -> 2016-07-10 00:00:00+00:00) done in 43.38s (real) and 30.30s (process)
2026-09-20 00:45:09.146 INFO Memory usage (start of timestep, peak): 37.63 GiB
2026-09-20 00:45:09.146 INFO Memory usage (start of timestep, current): 7.20 GiB
2026-09-20 00:45:09.146 INFO Calculating metrics
2026-09-20 00:45:09.146 INFO Calculating metric: reference_counts_per_domain
2026-09-20 00:45:31.964 INFO Calculating metric: session_flow_counts
Found 56582 prefs in this timestep.
2026-09-20 00:46:09.724 INFO [session_flow_counts.calculate] total=37.76s query=2.20s derive=5.97s elicit=29.49s update counters=0.02s write=0.02s rebuttal_searches=0 rebuttal_skipped=0
2026-09-20 00:46:09.728 INFO Calculating metric: flow_classification_supermajority
Fraction of references that are clearly dominated: 7.38%
Fraction of references that are clearly dominating: 14.46%
Fraction of references that are contested: 7.33%
Fraction of references that are unclassified: 70.84%
2026-09-20 00:46:10.257 INFO [flow_classification_supermajority.calculate] total=0.53s classify=0.25s score=0.06s write=0.23s
2026-09-20 00:46:10.279 INFO Memory usage (end of timestep, peak): 37.63 GiB
2026-09-20 00:46:10.279 INFO Memory usage (end of timestep, current): 9.52 GiB
2026-09-20 00:46:10.279 INFO (Iteration 44) reference_counts_per_domain: real 22.82s | cpu 4.35s
2026-09-20 00:46:10.279 INFO (Iteration 44) session_flow_counts: real 37.76s | cpu 40.10s
2026-09-20 00:46:10.280 INFO (Iteration 44) flow_classification_supermajority: real 0.55s | cpu 0.39s
2026-09-20 00:46:10.280 INFO Iteration 44 finished in 104.51s (real) and 75.14s (process)
2026-09-20 00:46:10.294 INFO Start timestep 2016-07-10 00:00:00+00:00 -> 2016-08-09 00:00:00+00:00
2026-09-20 00:46:39.368 INFO DuckDB memory logs:
  database_name database_size  block_size  ...  wal_size  memory_usage  memory_limit
0   postgres_db       6.3 TiB           0  ...   0 bytes       3.9 GiB     228.8 GiB
1        memory       0 bytes           0  ...   0 bytes       3.9 GiB     228.8 GiB

[2 rows x 9 columns]
2026-09-20 00:46:39.368 INFO Loading data (2016-07-10 00:00:00+00:00 -> 2016-08-09 00:00:00+00:00) done in 29.07s (real) and 20.15s (process)
2026-09-20 00:46:39.369 INFO Memory usage (start of timestep, peak): 37.63 GiB
2026-09-20 00:46:39.369 INFO Memory usage (start of timestep, current): 5.53 GiB
2026-09-20 00:46:39.369 INFO Calculating metrics
2026-09-20 00:46:39.369 INFO Calculating metric: reference_counts_per_domain
2026-09-20 00:47:02.671 INFO Calculating metric: session_flow_counts
Found 25483 prefs in this timestep.
2026-09-20 00:47:32.459 INFO [session_flow_counts.calculate] total=29.79s query=1.94s derive=5.76s elicit=22.00s update counters=0.01s write=0.01s rebuttal_searches=0 rebuttal_skipped=0
2026-09-20 00:47:32.461 INFO Calculating metric: flow_classification_supermajority
Fraction of references that are clearly dominated: 7.17%
Fraction of references that are clearly dominating: 14.02%
Fraction of references that are contested: 7.19%
Fraction of references that are unclassified: 71.62%
2026-09-20 00:47:32.964 INFO [flow_classification_supermajority.calculate] total=0.50s classify=0.24s score=0.06s write=0.21s
2026-09-20 00:47:32.984 INFO Memory usage (end of timestep, peak): 37.63 GiB
2026-09-20 00:47:32.984 INFO Memory usage (end of timestep, current): 7.39 GiB
2026-09-20 00:47:32.985 INFO (Iteration 45) reference_counts_per_domain: real 23.30s | cpu 4.38s
2026-09-20 00:47:32.985 INFO (Iteration 45) session_flow_counts: real 29.79s | cpu 31.80s
2026-09-20 00:47:32.985 INFO (Iteration 45) flow_classification_supermajority: real 0.52s | cpu 0.38s
2026-09-20 00:47:32.985 INFO Iteration 45 finished in 82.69s (real) and 56.72s (process)
2026-09-20 00:47:32.999 INFO Start timestep 2016-08-09 00:00:00+00:00 -> 2016-09-08 00:00:00+00:00
2026-09-20 00:48:38.525 INFO DuckDB memory logs:
  database_name database_size  block_size  ...  wal_size  memory_usage  memory_limit
0   postgres_db       6.3 TiB           0  ...   0 bytes       9.0 GiB     228.8 GiB
1        memory       0 bytes           0  ...   0 bytes       9.0 GiB     228.8 GiB

[2 rows x 9 columns]
2026-09-20 00:48:38.539 INFO Loading data (2016-08-09 00:00:00+00:00 -> 2016-09-08 00:00:00+00:00) done in 65.54s (real) and 44.91s (process)
2026-09-20 00:48:38.540 INFO Memory usage (start of timestep, peak): 37.63 GiB
2026-09-20 00:48:38.540 INFO Memory usage (start of timestep, current): 10.38 GiB
2026-09-20 00:48:38.540 INFO Calculating metrics
2026-09-20 00:48:38.540 INFO Calculating metric: reference_counts_per_domain
2026-09-20 00:49:01.371 INFO Calculating metric: session_flow_counts
Found 114704 prefs in this timestep.
2026-09-20 00:50:26.225 INFO [session_flow_counts.calculate] total=84.85s query=5.10s derive=13.92s elicit=65.58s update counters=0.04s write=0.02s rebuttal_searches=0 rebuttal_skipped=0
2026-09-20 00:50:26.246 INFO Calculating metric: flow_classification_supermajority
Fraction of references that are clearly dominated: 7.00%
Fraction of references that are clearly dominating: 13.69%
Fraction of references that are contested: 6.98%
Fraction of references that are unclassified: 72.34%
2026-09-20 00:50:26.784 INFO [flow_classification_supermajority.calculate] total=0.54s classify=0.26s score=0.06s write=0.23s
2026-09-20 00:50:26.805 INFO Memory usage (end of timestep, peak): 37.63 GiB
2026-09-20 00:50:26.805 INFO Memory usage (end of timestep, current): 14.87 GiB
2026-09-20 00:50:26.806 INFO (Iteration 46) reference_counts_per_domain: real 22.83s | cpu 4.93s
2026-09-20 00:50:26.806 INFO (Iteration 46) session_flow_counts: real 84.87s | cpu 90.19s
2026-09-20 00:50:26.806 INFO (Iteration 46) flow_classification_supermajority: real 0.56s | cpu 0.40s
2026-09-20 00:50:26.806 INFO Iteration 46 finished in 173.81s (real) and 140.44s (process)
2026-09-20 00:50:26.807 INFO Start timestep 2016-09-08 00:00:00+00:00 -> 2016-10-08 00:00:00+00:00
2026-09-20 00:51:59.772 INFO DuckDB memory logs:
  database_name database_size  block_size  ...  wal_size  memory_usage  memory_limit
0   postgres_db       6.3 TiB           0  ...   0 bytes      12.5 GiB     228.8 GiB
1        memory       0 bytes           0  ...   0 bytes      12.5 GiB     228.8 GiB

[2 rows x 9 columns]
2026-09-20 00:51:59.789 INFO Loading data (2016-09-08 00:00:00+00:00 -> 2016-10-08 00:00:00+00:00) done in 92.98s (real) and 64.98s (process)
2026-09-20 00:51:59.789 INFO Memory usage (start of timestep, peak): 37.63 GiB
2026-09-20 00:51:59.790 INFO Memory usage (start of timestep, current): 13.88 GiB
2026-09-20 00:51:59.790 INFO Calculating metrics
2026-09-20 00:51:59.790 INFO Calculating metric: reference_counts_per_domain
2026-09-20 00:52:24.123 INFO Calculating metric: session_flow_counts
Found 230948 prefs in this timestep.
2026-09-20 00:55:19.459 INFO [session_flow_counts.calculate] total=175.34s query=9.81s derive=20.04s elicit=145.16s update counters=0.07s write=0.02s rebuttal_searches=0 rebuttal_skipped=0
2026-09-20 00:55:19.488 INFO Calculating metric: flow_classification_supermajority
Fraction of references that are clearly dominated: 7.16%
Fraction of references that are clearly dominating: 14.01%
Fraction of references that are contested: 5.98%
Fraction of references that are unclassified: 72.85%
2026-09-20 00:55:20.023 INFO [flow_classification_supermajority.calculate] total=0.54s classify=0.26s score=0.06s write=0.22s
2026-09-20 00:55:20.045 INFO Memory usage (end of timestep, peak): 37.63 GiB
2026-09-20 00:55:20.045 INFO Memory usage (end of timestep, current): 20.03 GiB
2026-09-20 00:55:20.045 INFO (Iteration 47) reference_counts_per_domain: real 24.33s | cpu 7.68s
2026-09-20 00:55:20.045 INFO (Iteration 47) session_flow_counts: real 175.36s | cpu 184.89s
2026-09-20 00:55:20.045 INFO (Iteration 47) flow_classification_supermajority: real 0.56s | cpu 0.40s
2026-09-20 00:55:20.045 INFO Iteration 47 finished in 293.24s (real) and 257.95s (process)
2026-09-20 00:55:20.046 INFO Start timestep 2016-10-08 00:00:00+00:00 -> 2016-11-07 00:00:00+00:00
2026-09-20 00:58:41.752 INFO DuckDB memory logs:
  database_name database_size  block_size  ...  wal_size  memory_usage  memory_limit
0   postgres_db       6.3 TiB           0  ...   0 bytes      27.8 GiB     228.8 GiB
1        memory       0 bytes           0  ...   0 bytes      27.8 GiB     228.8 GiB

[2 rows x 9 columns]
2026-09-20 00:58:41.768 INFO Loading data (2016-10-08 00:00:00+00:00 -> 2016-11-07 00:00:00+00:00) done in 201.72s (real) and 140.80s (process)
2026-09-20 00:58:41.768 INFO Memory usage (start of timestep, peak): 37.63 GiB
2026-09-20 00:58:41.768 INFO Memory usage (start of timestep, current): 29.34 GiB
2026-09-20 00:58:41.769 INFO Calculating metrics
2026-09-20 00:58:41.769 INFO Calculating metric: reference_counts_per_domain
2026-09-20 00:59:09.200 INFO Calculating metric: session_flow_counts
Found 894542 prefs in this timestep.
2026-09-20 01:05:08.410 INFO [session_flow_counts.calculate] total=359.21s query=28.92s derive=65.51s elicit=263.59s update counters=0.31s write=0.02s rebuttal_searches=0 rebuttal_skipped=0
2026-09-20 01:05:08.466 INFO Calculating metric: flow_classification_supermajority
Fraction of references that are clearly dominated: 11.02%
Fraction of references that are clearly dominating: 17.32%
Fraction of references that are contested: 5.56%
Fraction of references that are unclassified: 66.10%
2026-09-20 01:05:09.099 INFO [flow_classification_supermajority.calculate] total=0.63s classify=0.27s score=0.10s write=0.26s
2026-09-20 01:05:09.122 INFO Memory usage (end of timestep, peak): 49.31 GiB
2026-09-20 01:05:09.123 INFO Memory usage (end of timestep, current): 30.34 GiB
2026-09-20 01:05:09.123 INFO (Iteration 48) reference_counts_per_domain: real 27.43s | cpu 15.94s
2026-09-20 01:05:09.123 INFO (Iteration 48) session_flow_counts: real 359.27s | cpu 383.30s
2026-09-20 01:05:09.123 INFO (Iteration 48) flow_classification_supermajority: real 0.66s | cpu 0.49s
2026-09-20 01:05:09.123 INFO Iteration 48 finished in 589.08s (real) and 540.53s (process)
2026-09-20 01:05:09.124 INFO Start timestep 2016-11-07 00:00:00+00:00 -> 2016-12-07 00:00:00+00:00
2026-09-20 01:08:38.677 INFO DuckDB memory logs:
  database_name database_size  block_size  ...  wal_size  memory_usage  memory_limit
0   postgres_db       6.3 TiB           0  ...   0 bytes      27.5 GiB     228.8 GiB
1        memory       0 bytes           0  ...   0 bytes      27.5 GiB     228.8 GiB

[2 rows x 9 columns]
2026-09-20 01:08:38.692 INFO Loading data (2016-11-07 00:00:00+00:00 -> 2016-12-07 00:00:00+00:00) done in 209.57s (real) and 146.22s (process)
2026-09-20 01:08:38.693 INFO Memory usage (start of timestep, peak): 49.31 GiB
2026-09-20 01:08:38.693 INFO Memory usage (start of timestep, current): 29.16 GiB
2026-09-20 01:08:38.693 INFO Calculating metrics
2026-09-20 01:08:38.693 INFO Calculating metric: reference_counts_per_domain
2026-09-20 01:09:08.576 INFO Calculating metric: session_flow_counts
Found 1000619 prefs in this timestep.
2026-09-20 01:15:32.299 INFO [session_flow_counts.calculate] total=383.72s query=28.89s derive=72.02s elicit=281.54s update counters=0.33s write=0.02s rebuttal_searches=0 rebuttal_skipped=0
2026-09-20 01:15:32.354 INFO Calculating metric: flow_classification_supermajority
Fraction of references that are clearly dominated: 13.57%
Fraction of references that are clearly dominating: 17.24%
Fraction of references that are contested: 5.77%
Fraction of references that are unclassified: 63.42%
2026-09-20 01:15:33.030 INFO [flow_classification_supermajority.calculate] total=0.68s classify=0.30s score=0.12s write=0.25s
2026-09-20 01:15:33.057 INFO Memory usage (end of timestep, peak): 50.19 GiB
2026-09-20 01:15:33.057 INFO Memory usage (end of timestep, current): 31.15 GiB
2026-09-20 01:15:33.057 INFO (Iteration 49) reference_counts_per_domain: real 29.88s | cpu 17.55s
2026-09-20 01:15:33.057 INFO (Iteration 49) session_flow_counts: real 383.78s | cpu 410.29s
2026-09-20 01:15:33.057 INFO (Iteration 49) flow_classification_supermajority: real 0.70s | cpu 0.55s
2026-09-20 01:15:33.057 INFO Iteration 49 finished in 623.93s (real) and 574.60s (process)
2026-09-20 01:15:33.058 INFO Start timestep 2016-12-07 00:00:00+00:00 -> 2017-01-06 00:00:00+00:00
2026-09-20 01:18:14.660 INFO DuckDB memory logs:
  database_name database_size  block_size  ...  wal_size  memory_usage  memory_limit
0   postgres_db       6.3 TiB           0  ...   0 bytes      21.5 GiB     228.8 GiB
1        memory       0 bytes           0  ...   0 bytes      21.5 GiB     228.8 GiB

[2 rows x 9 columns]
2026-09-20 01:18:14.674 INFO Loading data (2016-12-07 00:00:00+00:00 -> 2017-01-06 00:00:00+00:00) done in 161.62s (real) and 112.38s (process)
2026-09-20 01:18:14.674 INFO Memory usage (start of timestep, peak): 50.19 GiB
2026-09-20 01:18:14.675 INFO Memory usage (start of timestep, current): 24.01 GiB
2026-09-20 01:18:14.675 INFO Calculating metrics
2026-09-20 01:18:14.675 INFO Calculating metric: reference_counts_per_domain
2026-09-20 01:18:45.855 INFO Calculating metric: session_flow_counts
Found 1029932 prefs in this timestep.
2026-09-20 01:23:24.579 INFO [session_flow_counts.calculate] total=278.72s query=23.68s derive=53.02s elicit=201.03s update counters=0.34s write=0.03s rebuttal_searches=0 rebuttal_skipped=0
2026-09-20 01:23:24.634 INFO Calculating metric: flow_classification_supermajority
Fraction of references that are clearly dominated: 13.55%
Fraction of references that are clearly dominating: 16.74%
Fraction of references that are contested: 5.99%
Fraction of references that are unclassified: 63.72%
2026-09-20 01:23:25.389 INFO [flow_classification_supermajority.calculate] total=0.76s classify=0.35s score=0.14s write=0.27s
2026-09-20 01:23:25.418 INFO Memory usage (end of timestep, peak): 50.19 GiB
2026-09-20 01:23:25.418 INFO Memory usage (end of timestep, current): 29.13 GiB
2026-09-20 01:23:25.418 INFO (Iteration 50) reference_counts_per_domain: real 31.18s | cpu 14.43s
2026-09-20 01:23:25.418 INFO (Iteration 50) session_flow_counts: real 278.78s | cpu 298.04s
2026-09-20 01:23:25.418 INFO (Iteration 50) flow_classification_supermajority: real 0.78s | cpu 0.61s
2026-09-20 01:23:25.418 INFO Iteration 50 finished in 472.36s (real) and 425.45s (process)
2026-09-20 01:23:25.419 INFO Start timestep 2017-01-06 00:00:00+00:00 -> 2017-02-05 00:00:00+00:00
2026-09-20 01:27:07.354 INFO DuckDB memory logs:
  database_name database_size  block_size  ...  wal_size  memory_usage  memory_limit
0   postgres_db       6.3 TiB           0  ...   0 bytes      30.0 GiB     228.8 GiB
1        memory       0 bytes           0  ...   0 bytes      30.0 GiB     228.8 GiB

[2 rows x 9 columns]
2026-09-20 01:27:07.367 INFO Loading data (2017-01-06 00:00:00+00:00 -> 2017-02-05 00:00:00+00:00) done in 221.95s (real) and 155.30s (process)
2026-09-20 01:27:07.367 INFO Memory usage (start of timestep, peak): 50.19 GiB
2026-09-20 01:27:07.368 INFO Memory usage (start of timestep, current): 32.11 GiB
2026-09-20 01:27:07.368 INFO Calculating metrics
2026-09-20 01:27:07.368 INFO Calculating metric: reference_counts_per_domain
2026-09-20 01:27:43.573 INFO Calculating metric: session_flow_counts
Found 7630699 prefs in this timestep.
2026-09-20 01:34:09.744 INFO [session_flow_counts.calculate] total=386.17s query=30.70s derive=72.94s elicit=278.95s update counters=2.33s write=0.02s rebuttal_searches=0 rebuttal_skipped=0
2026-09-20 01:34:10.003 INFO Calculating metric: flow_classification_supermajority
Fraction of references that are clearly dominated: 8.66%
Fraction of references that are clearly dominating: 13.19%
Fraction of references that are contested: 13.33%
Fraction of references that are unclassified: 64.82%
2026-09-20 01:34:10.937 INFO [flow_classification_supermajority.calculate] total=0.93s classify=0.40s score=0.22s write=0.31s
2026-09-20 01:34:10.972 INFO Memory usage (end of timestep, peak): 52.61 GiB
2026-09-20 01:34:10.973 INFO Memory usage (end of timestep, current): 32.45 GiB
2026-09-20 01:34:10.973 INFO (Iteration 51) reference_counts_per_domain: real 36.20s | cpu 18.19s
2026-09-20 01:34:10.973 INFO (Iteration 51) session_flow_counts: real 386.43s | cpu 413.89s
2026-09-20 01:34:10.973 INFO (Iteration 51) flow_classification_supermajority: real 0.97s | cpu 0.79s
2026-09-20 01:34:10.973 INFO Iteration 51 finished in 645.55s (real) and 588.17s (process)
2026-09-20 01:34:10.974 INFO Start timestep 2017-02-05 00:00:00+00:00 -> 2017-03-07 00:00:00+00:00
2026-09-20 01:36:02.282 INFO DuckDB memory logs:
  database_name database_size  block_size  ...  wal_size  memory_usage  memory_limit
0   postgres_db       6.3 TiB           0  ...   0 bytes      15.4 GiB     228.8 GiB
1        memory       0 bytes           0  ...   0 bytes      15.4 GiB     228.8 GiB

[2 rows x 9 columns]
2026-09-20 01:36:02.297 INFO Loading data (2017-02-05 00:00:00+00:00 -> 2017-03-07 00:00:00+00:00) done in 111.32s (real) and 78.42s (process)
2026-09-20 01:36:02.297 INFO Memory usage (start of timestep, peak): 52.61 GiB
2026-09-20 01:36:02.297 INFO Memory usage (start of timestep, current): 17.43 GiB
2026-09-20 01:36:02.297 INFO Calculating metrics
2026-09-20 01:36:02.298 INFO Calculating metric: reference_counts_per_domain
2026-09-20 01:36:34.913 INFO Calculating metric: session_flow_counts
Found 566779 prefs in this timestep.
2026-09-20 01:38:29.226 INFO [session_flow_counts.calculate] total=114.31s query=10.92s derive=21.69s elicit=81.20s update counters=0.20s write=0.02s rebuttal_searches=0 rebuttal_skipped=0
2026-09-20 01:38:29.270 INFO Calculating metric: flow_classification_supermajority
Fraction of references that are clearly dominated: 8.62%
Fraction of references that are clearly dominating: 13.20%
Fraction of references that are contested: 12.71%
Fraction of references that are unclassified: 65.48%
2026-09-20 01:38:30.197 INFO [flow_classification_supermajority.calculate] total=0.93s classify=0.43s score=0.21s write=0.29s
2026-09-20 01:38:30.231 INFO Memory usage (end of timestep, peak): 52.61 GiB
2026-09-20 01:38:30.232 INFO Memory usage (end of timestep, current): 22.93 GiB
2026-09-20 01:38:30.232 INFO (Iteration 52) reference_counts_per_domain: real 32.62s | cpu 9.46s
2026-09-20 01:38:30.232 INFO (Iteration 52) session_flow_counts: real 114.36s | cpu 125.31s
2026-09-20 01:38:30.232 INFO (Iteration 52) flow_classification_supermajority: real 0.96s | cpu 0.80s
2026-09-20 01:38:30.232 INFO Iteration 52 finished in 259.26s (real) and 213.99s (process)
2026-09-20 01:38:30.233 INFO Start timestep 2017-03-07 00:00:00+00:00 -> 2017-04-06 00:00:00+00:00
2026-09-20 01:39:38.936 INFO DuckDB memory logs:
  database_name database_size  block_size  ...  wal_size  memory_usage  memory_limit
0   postgres_db       6.3 TiB           0  ...   0 bytes       9.2 GiB     228.8 GiB
1        memory       0 bytes           0  ...   0 bytes       9.2 GiB     228.8 GiB

[2 rows x 9 columns]
2026-09-20 01:39:38.949 INFO Loading data (2017-03-07 00:00:00+00:00 -> 2017-04-06 00:00:00+00:00) done in 68.72s (real) and 48.00s (process)
2026-09-20 01:39:38.949 INFO Memory usage (start of timestep, peak): 52.61 GiB
2026-09-20 01:39:38.949 INFO Memory usage (start of timestep, current): 11.20 GiB
2026-09-20 01:39:38.949 INFO Calculating metrics
2026-09-20 01:39:38.950 INFO Calculating metric: reference_counts_per_domain
2026-09-20 01:40:12.492 INFO Calculating metric: session_flow_counts
Found 2284843 prefs in this timestep.
2026-09-20 01:42:01.271 INFO [session_flow_counts.calculate] total=108.78s query=7.77s derive=20.41s elicit=79.67s update counters=0.67s write=0.02s rebuttal_searches=0 rebuttal_skipped=0
2026-09-20 01:42:01.358 INFO Calculating metric: flow_classification_supermajority
Fraction of references that are clearly dominated: 11.26%
Fraction of references that are clearly dominating: 16.25%
Fraction of references that are contested: 11.10%
Fraction of references that are unclassified: 61.38%
2026-09-20 01:42:02.305 INFO [flow_classification_supermajority.calculate] total=0.95s classify=0.43s score=0.22s write=0.30s
2026-09-20 01:42:02.342 INFO Memory usage (end of timestep, peak): 52.61 GiB
2026-09-20 01:42:02.342 INFO Memory usage (end of timestep, current): 17.81 GiB
2026-09-20 01:42:02.342 INFO (Iteration 53) reference_counts_per_domain: real 33.54s | cpu 8.85s
2026-09-20 01:42:02.342 INFO (Iteration 53) session_flow_counts: real 108.87s | cpu 115.89s
2026-09-20 01:42:02.342 INFO (Iteration 53) flow_classification_supermajority: real 0.98s | cpu 0.82s
2026-09-20 01:42:02.342 INFO Iteration 53 finished in 212.11s (real) and 173.56s (process)
2026-09-20 01:42:02.343 INFO Start timestep 2017-04-06 00:00:00+00:00 -> 2017-05-06 00:00:00+00:00
2026-09-20 01:43:45.228 INFO DuckDB memory logs:
  database_name database_size  block_size  ...  wal_size  memory_usage  memory_limit
0   postgres_db       6.3 TiB           0  ...   0 bytes      13.2 GiB     228.8 GiB
1        memory       0 bytes           0  ...   0 bytes      13.2 GiB     228.8 GiB

[2 rows x 9 columns]
2026-09-20 01:43:45.244 INFO Loading data (2017-04-06 00:00:00+00:00 -> 2017-05-06 00:00:00+00:00) done in 102.90s (real) and 70.87s (process)
2026-09-20 01:43:45.244 INFO Memory usage (start of timestep, peak): 52.61 GiB
2026-09-20 01:43:45.244 INFO Memory usage (start of timestep, current): 15.48 GiB
2026-09-20 01:43:45.244 INFO Calculating metrics
2026-09-20 01:43:45.245 INFO Calculating metric: reference_counts_per_domain
2026-09-20 01:44:20.400 INFO Calculating metric: session_flow_counts
Found 1841424 prefs in this timestep.
2026-09-20 01:48:20.067 INFO [session_flow_counts.calculate] total=239.67s query=10.18s derive=24.92s elicit=203.69s update counters=0.57s write=0.02s rebuttal_searches=0 rebuttal_skipped=0
2026-09-20 01:48:20.146 INFO Calculating metric: flow_classification_supermajority
Fraction of references that are clearly dominated: 11.25%
Fraction of references that are clearly dominating: 15.96%
Fraction of references that are contested: 12.41%
Fraction of references that are unclassified: 60.38%
2026-09-20 01:48:21.128 INFO [flow_classification_supermajority.calculate] total=0.98s classify=0.47s score=0.22s write=0.29s
2026-09-20 01:48:21.163 INFO Memory usage (end of timestep, peak): 52.61 GiB
2026-09-20 01:48:21.164 INFO Memory usage (end of timestep, current): 22.82 GiB
2026-09-20 01:48:21.164 INFO (Iteration 54) reference_counts_per_domain: real 35.15s | cpu 11.57s
2026-09-20 01:48:21.164 INFO (Iteration 54) session_flow_counts: real 239.75s | cpu 249.73s
2026-09-20 01:48:21.164 INFO (Iteration 54) flow_classification_supermajority: real 1.02s | cpu 0.86s
2026-09-20 01:48:21.164 INFO Iteration 54 finished in 378.82s (real) and 333.04s (process)
2026-09-20 01:48:21.165 INFO Start timestep 2017-05-06 00:00:00+00:00 -> 2017-06-05 00:00:00+00:00
2026-09-20 01:50:32.221 INFO DuckDB memory logs:
  database_name database_size  block_size  ...  wal_size  memory_usage  memory_limit
0   postgres_db       6.3 TiB           0  ...   0 bytes      17.4 GiB     228.8 GiB
1        memory       0 bytes           0  ...   0 bytes      17.4 GiB     228.8 GiB

[2 rows x 9 columns]
2026-09-20 01:50:32.236 INFO Loading data (2017-05-06 00:00:00+00:00 -> 2017-06-05 00:00:00+00:00) done in 131.07s (real) and 91.32s (process)
2026-09-20 01:50:32.236 INFO Memory usage (start of timestep, peak): 52.61 GiB
2026-09-20 01:50:32.237 INFO Memory usage (start of timestep, current): 19.96 GiB
2026-09-20 01:50:32.237 INFO Calculating metrics
2026-09-20 01:50:32.237 INFO Calculating metric: reference_counts_per_domain
2026-09-20 01:51:09.491 INFO Calculating metric: session_flow_counts
Found 892982 prefs in this timestep.
2026-09-20 01:55:48.302 INFO [session_flow_counts.calculate] total=278.81s query=15.31s derive=29.65s elicit=233.16s update counters=0.32s write=0.02s rebuttal_searches=0 rebuttal_skipped=0
2026-09-20 01:55:48.363 INFO Calculating metric: flow_classification_supermajority
Fraction of references that are clearly dominated: 12.48%
Fraction of references that are clearly dominating: 17.39%
Fraction of references that are contested: 11.41%
Fraction of references that are unclassified: 58.72%
2026-09-20 01:55:49.457 INFO [flow_classification_supermajority.calculate] total=1.09s classify=0.50s score=0.26s write=0.34s
2026-09-20 01:55:49.497 INFO Memory usage (end of timestep, peak): 52.61 GiB
2026-09-20 01:55:49.497 INFO Memory usage (end of timestep, current): 27.27 GiB
2026-09-20 01:55:49.497 INFO (Iteration 55) reference_counts_per_domain: real 37.25s | cpu 13.42s
2026-09-20 01:55:49.497 INFO (Iteration 55) session_flow_counts: real 278.87s | cpu 292.93s
2026-09-20 01:55:49.497 INFO (Iteration 55) flow_classification_supermajority: real 1.13s | cpu 0.95s
2026-09-20 01:55:49.497 INFO Iteration 55 finished in 448.33s (real) and 398.62s (process)
2026-09-20 01:55:49.498 INFO Start timestep 2017-06-05 00:00:00+00:00 -> 2017-07-05 00:00:00+00:00
2026-09-20 01:59:35.733 INFO DuckDB memory logs:
  database_name database_size  block_size  ...  wal_size  memory_usage  memory_limit
0   postgres_db       6.3 TiB           0  ...   0 bytes      30.7 GiB     228.8 GiB
1        memory       0 bytes           0  ...   0 bytes      30.7 GiB     228.8 GiB

[2 rows x 9 columns]
2026-09-20 01:59:35.746 INFO Loading data (2017-06-05 00:00:00+00:00 -> 2017-07-05 00:00:00+00:00) done in 226.25s (real) and 159.29s (process)
2026-09-20 01:59:35.746 INFO Memory usage (start of timestep, peak): 52.61 GiB
2026-09-20 01:59:35.747 INFO Memory usage (start of timestep, current): 33.13 GiB
2026-09-20 01:59:35.747 INFO Calculating metrics
2026-09-20 01:59:35.747 INFO Calculating metric: reference_counts_per_domain
2026-09-20 02:00:16.256 INFO Calculating metric: session_flow_counts
Found 1286262 prefs in this timestep.
2026-09-20 02:06:40.535 INFO [session_flow_counts.calculate] total=384.28s query=27.29s derive=57.54s elicit=298.30s update counters=0.47s write=0.02s rebuttal_searches=0 rebuttal_skipped=0
2026-09-20 02:06:40.607 INFO Calculating metric: flow_classification_supermajority
Fraction of references that are clearly dominated: 11.96%
Fraction of references that are clearly dominating: 15.81%
Fraction of references that are contested: 10.04%
Fraction of references that are unclassified: 62.19%
2026-09-20 02:06:41.822 INFO [flow_classification_supermajority.calculate] total=1.21s classify=0.54s score=0.31s write=0.36s
2026-09-20 02:06:41.862 INFO Memory usage (end of timestep, peak): 53.34 GiB
2026-09-20 02:06:41.862 INFO Memory usage (end of timestep, current): 33.82 GiB
2026-09-20 02:06:41.862 INFO (Iteration 56) reference_counts_per_domain: real 40.51s | cpu 18.89s
2026-09-20 02:06:41.862 INFO (Iteration 56) session_flow_counts: real 384.35s | cpu 410.24s
2026-09-20 02:06:41.862 INFO (Iteration 56) flow_classification_supermajority: real 1.25s | cpu 1.08s
2026-09-20 02:06:41.862 INFO Iteration 56 finished in 652.36s (real) and 589.50s (process)
2026-09-20 02:06:41.863 INFO Start timestep 2017-07-05 00:00:00+00:00 -> 2017-08-04 00:00:00+00:00
2026-09-20 02:12:13.180 INFO DuckDB memory logs:
  database_name database_size  block_size  ...  wal_size  memory_usage  memory_limit
0   postgres_db       6.3 TiB           0  ...   0 bytes      43.6 GiB     228.8 GiB
1        memory       0 bytes           0  ...   0 bytes      43.6 GiB     228.8 GiB

[2 rows x 9 columns]
2026-09-20 02:12:13.192 INFO Loading data (2017-07-05 00:00:00+00:00 -> 2017-08-04 00:00:00+00:00) done in 331.33s (real) and 235.45s (process)
2026-09-20 02:12:13.193 INFO Memory usage (start of timestep, peak): 53.34 GiB
2026-09-20 02:12:13.193 INFO Memory usage (start of timestep, current): 45.24 GiB
2026-09-20 02:12:13.193 INFO Calculating metrics
2026-09-20 02:12:13.194 INFO Calculating metric: reference_counts_per_domain
2026-09-20 02:12:56.266 INFO Calculating metric: session_flow_counts
Found 3089461 prefs in this timestep.
2026-09-20 02:25:35.164 INFO [session_flow_counts.calculate] total=758.90s query=38.91s derive=88.04s elicit=630.21s update counters=0.98s write=0.02s rebuttal_searches=0 rebuttal_skipped=0
2026-09-20 02:25:35.272 INFO Calculating metric: flow_classification_supermajority
Fraction of references that are clearly dominated: 12.56%
Fraction of references that are clearly dominating: 11.87%
Fraction of references that are contested: 8.44%
Fraction of references that are unclassified: 67.13%
2026-09-20 02:25:36.574 INFO [flow_classification_supermajority.calculate] total=1.30s classify=0.57s score=0.33s write=0.40s
2026-09-20 02:25:36.615 INFO Memory usage (end of timestep, peak): 75.88 GiB
2026-09-20 02:25:36.615 INFO Memory usage (end of timestep, current): 48.04 GiB
2026-09-20 02:25:36.615 INFO (Iteration 57) reference_counts_per_domain: real 43.07s | cpu 23.61s
2026-09-20 02:25:36.615 INFO (Iteration 57) session_flow_counts: real 759.01s | cpu 791.29s
2026-09-20 02:25:36.615 INFO (Iteration 57) flow_classification_supermajority: real 1.34s | cpu 1.13s
2026-09-20 02:25:36.615 INFO Iteration 57 finished in 1134.75s (real) and 1051.48s (process)
2026-09-20 02:25:36.616 INFO Start timestep 2017-08-04 00:00:00+00:00 -> 2017-09-03 00:00:00+00:00
2026-09-20 02:35:42.434 INFO DuckDB memory logs:
  database_name database_size  block_size  ...  wal_size  memory_usage  memory_limit
0   postgres_db       6.3 TiB           0  ...   0 bytes      79.4 GiB     228.8 GiB
1        memory       0 bytes           0  ...   0 bytes      79.4 GiB     228.8 GiB

[2 rows x 9 columns]
2026-09-20 02:35:42.448 INFO Loading data (2017-08-04 00:00:00+00:00 -> 2017-09-03 00:00:00+00:00) done in 605.83s (real) and 913.27s (process)
2026-09-20 02:35:42.449 INFO Memory usage (start of timestep, peak): 81.44 GiB
2026-09-20 02:35:42.449 INFO Memory usage (start of timestep, current): 81.45 GiB
2026-09-20 02:35:42.449 INFO Calculating metrics
2026-09-20 02:35:42.449 INFO Calculating metric: reference_counts_per_domain
2026-09-20 02:36:25.919 INFO Calculating metric: session_flow_counts
Found 1340354 prefs in this timestep.
2026-09-20 02:54:26.277 INFO [session_flow_counts.calculate] total=1080.36s query=85.65s derive=138.30s elicit=854.76s update counters=0.43s write=0.03s rebuttal_searches=0 rebuttal_skipped=0
2026-09-20 02:54:26.343 INFO Calculating metric: flow_classification_supermajority
Fraction of references that are clearly dominated: 10.69%
Fraction of references that are clearly dominating: 10.29%
Fraction of references that are contested: 6.11%
Fraction of references that are unclassified: 72.92%
2026-09-20 02:54:27.670 INFO [flow_classification_supermajority.calculate] total=1.33s classify=0.59s score=0.36s write=0.38s
2026-09-20 02:54:27.712 INFO Memory usage (end of timestep, peak): 140.58 GiB
2026-09-20 02:54:27.713 INFO Memory usage (end of timestep, current): 86.72 GiB
2026-09-20 02:54:27.714 INFO (Iteration 58) reference_counts_per_domain: real 43.47s | cpu 32.24s
2026-09-20 02:54:27.714 INFO (Iteration 58) session_flow_counts: real 1080.42s | cpu 1150.97s
2026-09-20 02:54:27.714 INFO (Iteration 58) flow_classification_supermajority: real 1.37s | cpu 1.19s
2026-09-20 02:54:27.714 INFO Iteration 58 finished in 1731.10s (real) and 2097.67s (process)
2026-09-20 02:54:27.714 INFO Start timestep 2017-09-03 00:00:00+00:00 -> 2017-10-03 00:00:00+00:00
2026-09-20 03:10:13.743 INFO DuckDB memory logs:
  database_name database_size  block_size  ...  wal_size  memory_usage  memory_limit
0   postgres_db       6.3 TiB           0  ...   0 bytes     132.1 GiB     228.8 GiB
1        memory       0 bytes           0  ...   0 bytes     132.1 GiB     228.8 GiB

[2 rows x 9 columns]
2026-09-20 03:10:13.758 INFO Loading data (2017-09-03 00:00:00+00:00 -> 2017-10-03 00:00:00+00:00) done in 946.04s (real) and 745.43s (process)
2026-09-20 03:10:13.758 INFO Memory usage (start of timestep, peak): 140.58 GiB
2026-09-20 03:10:13.758 INFO Memory usage (start of timestep, current): 133.59 GiB
2026-09-20 03:10:13.759 INFO Calculating metrics
2026-09-20 03:10:13.759 INFO Calculating metric: reference_counts_per_domain
2026-09-20 03:11:11.496 INFO Calculating metric: session_flow_counts
Found 11916798 prefs in this timestep.
2026-09-20 03:55:05.020 INFO [session_flow_counts.calculate] total=2633.52s query=118.43s derive=289.42s elicit=2216.16s update counters=3.87s write=0.06s rebuttal_searches=0 rebuttal_skipped=0
2026-09-20 03:55:05.290 INFO Calculating metric: flow_classification_supermajority
Fraction of references that are clearly dominated: 17.70%
Fraction of references that are clearly dominating: 18.72%
Fraction of references that are contested: 3.04%
Fraction of references that are unclassified: 60.54%
2026-09-20 03:55:06.781 INFO [flow_classification_supermajority.calculate] total=1.49s classify=0.67s score=0.42s write=0.40s
2026-09-20 03:55:06.823 INFO Memory usage (end of timestep, peak): 228.87 GiB
2026-09-20 03:55:06.823 INFO Memory usage (end of timestep, current): 140.29 GiB
2026-09-20 03:55:06.823 INFO (Iteration 59) reference_counts_per_domain: real 57.74s | cpu 69.88s
2026-09-20 03:55:06.823 INFO (Iteration 59) session_flow_counts: real 2633.79s | cpu 2768.09s
2026-09-20 03:55:06.823 INFO (Iteration 59) flow_classification_supermajority: real 1.53s | cpu 1.33s
2026-09-20 03:55:06.823 INFO Iteration 59 finished in 3639.11s (real) and 3584.74s (process)
2026-09-20 03:55:06.824 INFO Start timestep 2017-10-03 00:00:00+00:00 -> 2017-11-02 00:00:00+00:00
2026-09-20 03:59:04.308 INFO DuckDB memory logs:
  database_name database_size  block_size  ...  wal_size  memory_usage  memory_limit
0   postgres_db       6.3 TiB           0  ...   0 bytes      30.4 GiB     228.8 GiB
1        memory       0 bytes           0  ...   0 bytes      30.4 GiB     228.8 GiB

[2 rows x 9 columns]
2026-09-20 03:59:04.322 INFO Loading data (2017-10-03 00:00:00+00:00 -> 2017-11-02 00:00:00+00:00) done in 237.50s (real) and 179.54s (process)
2026-09-20 03:59:04.322 INFO Memory usage (start of timestep, peak): 228.87 GiB
2026-09-20 03:59:04.323 INFO Memory usage (start of timestep, current): 37.57 GiB
2026-09-20 03:59:04.323 INFO Calculating metrics
2026-09-20 03:59:04.323 INFO Calculating metric: reference_counts_per_domain
2026-09-20 03:59:45.203 INFO Calculating metric: session_flow_counts
Found 2854792 prefs in this timestep.
2026-09-20 04:07:44.810 INFO [session_flow_counts.calculate] total=479.60s query=25.92s derive=52.84s elicit=399.20s update counters=0.91s write=0.03s rebuttal_searches=0 rebuttal_skipped=0
2026-09-20 04:07:44.913 INFO Calculating metric: flow_classification_supermajority
Fraction of references that are clearly dominated: 17.15%
Fraction of references that are clearly dominating: 18.23%
Fraction of references that are contested: 2.91%
Fraction of references that are unclassified: 61.70%
2026-09-20 04:07:46.236 INFO [flow_classification_supermajority.calculate] total=1.32s classify=0.57s score=0.37s write=0.38s
2026-09-20 04:07:46.277 INFO Memory usage (end of timestep, peak): 228.87 GiB
2026-09-20 04:07:46.283 INFO Memory usage (end of timestep, current): 48.57 GiB
2026-09-20 04:07:46.283 INFO (Iteration 60) reference_counts_per_domain: real 40.88s | cpu 21.71s
2026-09-20 04:07:46.283 INFO (Iteration 60) session_flow_counts: real 479.70s | cpu 503.90s
2026-09-20 04:07:46.283 INFO (Iteration 60) flow_classification_supermajority: real 1.36s | cpu 1.21s
2026-09-20 04:07:46.283 INFO Iteration 60 finished in 759.46s (real) and 706.37s (process)
2026-09-20 04:07:46.284 INFO Start timestep 2017-11-02 00:00:00+00:00 -> 2017-12-02 00:00:00+00:00
2026-09-20 04:12:19.601 INFO DuckDB memory logs:
  database_name database_size  block_size  ...  wal_size  memory_usage  memory_limit
0   postgres_db       6.3 TiB           0  ...   0 bytes      39.3 GiB     228.8 GiB
1        memory       0 bytes           0  ...   0 bytes      39.3 GiB     228.8 GiB

[2 rows x 9 columns]
2026-09-20 04:12:19.616 INFO Loading data (2017-11-02 00:00:00+00:00 -> 2017-12-02 00:00:00+00:00) done in 273.33s (real) and 202.94s (process)
2026-09-20 04:12:19.616 INFO Memory usage (start of timestep, peak): 228.87 GiB
2026-09-20 04:12:19.616 INFO Memory usage (start of timestep, current): 45.89 GiB
2026-09-20 04:12:19.617 INFO Calculating metrics
2026-09-20 04:12:19.617 INFO Calculating metric: reference_counts_per_domain
2026-09-20 04:12:58.052 INFO Calculating metric: session_flow_counts
Found 313596 prefs in this timestep.
2026-09-20 04:21:57.418 INFO [session_flow_counts.calculate] total=539.36s query=30.41s derive=50.70s elicit=457.59s update counters=0.10s write=0.02s rebuttal_searches=0 rebuttal_skipped=0
2026-09-20 04:21:57.465 INFO Calculating metric: flow_classification_supermajority
Fraction of references that are clearly dominated: 16.02%
Fraction of references that are clearly dominating: 17.03%
Fraction of references that are contested: 2.72%
Fraction of references that are unclassified: 64.23%
2026-09-20 04:21:58.820 INFO [flow_classification_supermajority.calculate] total=1.35s classify=0.61s score=0.36s write=0.38s
2026-09-20 04:21:58.863 INFO Memory usage (end of timestep, peak): 228.87 GiB
2026-09-20 04:21:58.866 INFO Memory usage (end of timestep, current): 54.99 GiB
2026-09-20 04:21:58.866 INFO (Iteration 61) reference_counts_per_domain: real 38.44s | cpu 20.10s
2026-09-20 04:21:58.866 INFO (Iteration 61) session_flow_counts: real 539.41s | cpu 567.98s
2026-09-20 04:21:58.866 INFO (Iteration 61) flow_classification_supermajority: real 1.40s | cpu 1.23s
2026-09-20 04:21:58.866 INFO Iteration 61 finished in 852.58s (real) and 792.26s (process)
2026-09-20 04:21:58.867 INFO Start timestep 2017-12-02 00:00:00+00:00 -> 2018-01-01 00:00:00+00:00
2026-09-20 04:28:13.616 INFO DuckDB memory logs:
  database_name database_size  block_size  ...  wal_size  memory_usage  memory_limit
0   postgres_db       6.3 TiB           0  ...   0 bytes      54.6 GiB     228.8 GiB
1        memory       0 bytes           0  ...   0 bytes      54.6 GiB     228.8 GiB

[2 rows x 9 columns]
2026-09-20 04:28:13.631 INFO Loading data (2017-12-02 00:00:00+00:00 -> 2018-01-01 00:00:00+00:00) done in 374.76s (real) and 278.66s (process)
2026-09-20 04:28:13.631 INFO Memory usage (start of timestep, peak): 228.87 GiB
2026-09-20 04:28:13.632 INFO Memory usage (start of timestep, current): 59.55 GiB
2026-09-20 04:28:13.632 INFO Calculating metrics
2026-09-20 04:28:13.632 INFO Calculating metric: reference_counts_per_domain
2026-09-20 04:29:00.250 INFO Calculating metric: session_flow_counts
Found 1368039 prefs in this timestep.
2026-09-20 04:40:00.798 INFO [session_flow_counts.calculate] total=660.55s query=45.96s derive=97.21s elicit=515.94s update counters=0.44s write=0.02s rebuttal_searches=0 rebuttal_skipped=0
2026-09-20 04:40:00.867 INFO Calculating metric: flow_classification_supermajority
Fraction of references that are clearly dominated: 14.15%
Fraction of references that are clearly dominating: 15.03%
Fraction of references that are contested: 2.40%
Fraction of references that are unclassified: 68.42%
2026-09-20 04:40:02.243 INFO [flow_classification_supermajority.calculate] total=1.38s classify=0.63s score=0.36s write=0.39s
2026-09-20 04:40:02.289 INFO Memory usage (end of timestep, peak): 228.87 GiB
2026-09-20 04:40:02.290 INFO Memory usage (end of timestep, current): 67.78 GiB
2026-09-20 04:40:02.291 INFO (Iteration 62) reference_counts_per_domain: real 46.62s | cpu 30.30s
2026-09-20 04:40:02.291 INFO (Iteration 62) session_flow_counts: real 660.62s | cpu 702.21s
2026-09-20 04:40:02.291 INFO (Iteration 62) flow_classification_supermajority: real 1.42s | cpu 1.25s
2026-09-20 04:40:02.291 INFO Iteration 62 finished in 1083.42s (real) and 1012.42s (process)
2026-09-20 04:40:02.291 INFO Start timestep 2018-01-01 00:00:00+00:00 -> 2018-01-31 00:00:00+00:00
2026-09-20 04:42:01.105 INFO DuckDB memory logs:
  database_name database_size  block_size  ...  wal_size  memory_usage  memory_limit
0   postgres_db       6.3 TiB           0  ...   0 bytes      16.9 GiB     228.8 GiB
1        memory       0 bytes           0  ...   0 bytes      16.9 GiB     228.8 GiB

[2 rows x 9 columns]
2026-09-20 04:42:01.120 INFO Loading data (2018-01-01 00:00:00+00:00 -> 2018-01-31 00:00:00+00:00) done in 118.83s (real) and 86.51s (process)
2026-09-20 04:42:01.120 INFO Memory usage (start of timestep, peak): 228.87 GiB
2026-09-20 04:42:01.121 INFO Memory usage (start of timestep, current): 21.90 GiB
2026-09-20 04:42:01.121 INFO Calculating metrics
2026-09-20 04:42:01.121 INFO Calculating metric: reference_counts_per_domain
2026-09-20 04:42:41.775 INFO Calculating metric: session_flow_counts
Found 726390 prefs in this timestep.
2026-09-20 04:45:32.108 INFO [session_flow_counts.calculate] total=170.33s query=13.63s derive=33.17s elicit=122.89s update counters=0.23s write=0.02s rebuttal_searches=0 rebuttal_skipped=0
2026-09-20 04:45:32.159 INFO Calculating metric: flow_classification_supermajority
Fraction of references that are clearly dominated: 13.79%
Fraction of references that are clearly dominating: 14.84%
Fraction of references that are contested: 2.40%
Fraction of references that are unclassified: 68.98%
2026-09-20 04:45:33.578 INFO [flow_classification_supermajority.calculate] total=1.42s classify=0.66s score=0.37s write=0.39s
2026-09-20 04:45:33.624 INFO Memory usage (end of timestep, peak): 228.87 GiB
2026-09-20 04:45:33.626 INFO Memory usage (end of timestep, current): 33.25 GiB
2026-09-20 04:45:33.626 INFO (Iteration 63) reference_counts_per_domain: real 40.65s | cpu 14.11s
2026-09-20 04:45:33.626 INFO (Iteration 63) session_flow_counts: real 170.38s | cpu 183.57s
2026-09-20 04:45:33.626 INFO (Iteration 63) flow_classification_supermajority: real 1.46s | cpu 1.29s
2026-09-20 04:45:33.626 INFO Iteration 63 finished in 331.33s (real) and 285.48s (process)
2026-09-20 04:45:33.627 INFO Start timestep 2018-01-31 00:00:00+00:00 -> 2018-03-02 00:00:00+00:00
2026-09-20 04:51:29.438 INFO DuckDB memory logs:
  database_name database_size  block_size  ...  wal_size  memory_usage  memory_limit
0   postgres_db       6.3 TiB           0  ...   0 bytes      53.1 GiB     228.8 GiB
1        memory       0 bytes           0  ...   0 bytes      53.1 GiB     228.8 GiB

[2 rows x 9 columns]
2026-09-20 04:51:29.452 INFO Loading data (2018-01-31 00:00:00+00:00 -> 2018-03-02 00:00:00+00:00) done in 355.83s (real) and 259.25s (process)
2026-09-20 04:51:29.453 INFO Memory usage (start of timestep, peak): 228.87 GiB
2026-09-20 04:51:29.453 INFO Memory usage (start of timestep, current): 56.82 GiB
2026-09-20 04:51:29.453 INFO Calculating metrics
2026-09-20 04:51:29.453 INFO Calculating metric: reference_counts_per_domain
2026-09-20 04:52:20.157 INFO Calculating metric: session_flow_counts
Found 656083 prefs in this timestep.
2026-09-20 05:04:25.273 INFO [session_flow_counts.calculate] total=725.12s query=45.12s derive=105.76s elicit=572.98s update counters=0.20s write=0.02s rebuttal_searches=0 rebuttal_skipped=0
2026-09-20 05:04:25.309 INFO Calculating metric: flow_classification_supermajority
Fraction of references that are clearly dominated: 12.33%
Fraction of references that are clearly dominating: 13.31%
Fraction of references that are contested: 2.15%
Fraction of references that are unclassified: 72.21%
2026-09-20 05:04:26.705 INFO [flow_classification_supermajority.calculate] total=1.40s classify=0.68s score=0.35s write=0.36s
2026-09-20 05:04:26.750 INFO Memory usage (end of timestep, peak): 228.87 GiB
2026-09-20 05:04:26.751 INFO Memory usage (end of timestep, current): 73.11 GiB
2026-09-20 05:04:26.751 INFO (Iteration 64) reference_counts_per_domain: real 50.70s | cpu 32.14s
2026-09-20 05:04:26.751 INFO (Iteration 64) session_flow_counts: real 725.15s | cpu 767.56s
2026-09-20 05:04:26.751 INFO (Iteration 64) flow_classification_supermajority: real 1.44s | cpu 1.29s
2026-09-20 05:04:26.751 INFO Iteration 64 finished in 1133.12s (real) and 1060.24s (process)
2026-09-20 05:04:26.752 INFO Start timestep 2018-03-02 00:00:00+00:00 -> 2018-04-01 00:00:00+00:00
2026-09-20 05:09:12.921 INFO DuckDB memory logs:
  database_name database_size  block_size  ...  wal_size  memory_usage  memory_limit
0   postgres_db       6.3 TiB           0  ...   0 bytes      42.0 GiB     228.8 GiB
1        memory       0 bytes           0  ...   0 bytes      42.0 GiB     228.8 GiB

[2 rows x 9 columns]
2026-09-20 05:09:12.936 INFO Loading data (2018-03-02 00:00:00+00:00 -> 2018-04-01 00:00:00+00:00) done in 286.18s (real) and 208.50s (process)
2026-09-20 05:09:12.937 INFO Memory usage (start of timestep, peak): 228.87 GiB
2026-09-20 05:09:12.937 INFO Memory usage (start of timestep, current): 47.26 GiB
2026-09-20 05:09:12.937 INFO Calculating metrics
2026-09-20 05:09:12.938 INFO Calculating metric: reference_counts_per_domain
2026-09-20 05:10:03.589 INFO Calculating metric: session_flow_counts
Found 960700 prefs in this timestep.
2026-09-20 05:18:42.805 INFO [session_flow_counts.calculate] total=519.22s query=39.48s derive=85.04s elicit=393.42s update counters=0.32s write=0.02s rebuttal_searches=0 rebuttal_skipped=0
2026-09-20 05:18:42.858 INFO Calculating metric: flow_classification_supermajority
Fraction of references that are clearly dominated: 11.87%
Fraction of references that are clearly dominating: 12.84%
Fraction of references that are contested: 2.08%
Fraction of references that are unclassified: 73.21%
2026-09-20 05:18:44.248 INFO [flow_classification_supermajority.calculate] total=1.39s classify=0.65s score=0.36s write=0.38s
2026-09-20 05:18:44.293 INFO Memory usage (end of timestep, peak): 228.87 GiB
2026-09-20 05:18:44.293 INFO Memory usage (end of timestep, current): 69.49 GiB
2026-09-20 05:18:44.293 INFO (Iteration 65) reference_counts_per_domain: real 50.65s | cpu 30.26s
2026-09-20 05:18:44.293 INFO (Iteration 65) session_flow_counts: real 519.27s | cpu 557.05s
2026-09-20 05:18:44.293 INFO (Iteration 65) flow_classification_supermajority: real 1.43s | cpu 1.27s
2026-09-20 05:18:44.293 INFO Iteration 65 finished in 857.54s (real) and 797.08s (process)
2026-09-20 05:18:44.294 INFO Start timestep 2018-04-01 00:00:00+00:00 -> 2018-05-01 00:00:00+00:00
2026-09-20 05:22:06.239 INFO DuckDB memory logs:
  database_name database_size  block_size  ...  wal_size  memory_usage  memory_limit
0   postgres_db       6.3 TiB           0  ...   0 bytes      29.7 GiB     228.8 GiB
1        memory       0 bytes           0  ...   0 bytes      29.7 GiB     228.8 GiB

[2 rows x 9 columns]
2026-09-20 05:22:06.254 INFO Loading data (2018-04-01 00:00:00+00:00 -> 2018-05-01 00:00:00+00:00) done in 201.96s (real) and 144.94s (process)
2026-09-20 05:22:06.254 INFO Memory usage (start of timestep, peak): 228.87 GiB
2026-09-20 05:22:06.255 INFO Memory usage (start of timestep, current): 35.69 GiB
2026-09-20 05:22:06.255 INFO Calculating metrics
2026-09-20 05:22:06.255 INFO Calculating metric: reference_counts_per_domain
2026-09-20 05:22:53.669 INFO Calculating metric: session_flow_counts
Found 40070 prefs in this timestep.
2026-09-20 05:29:05.677 INFO [session_flow_counts.calculate] total=372.01s query=24.10s derive=55.27s elicit=292.01s update counters=0.02s write=0.02s rebuttal_searches=0 rebuttal_skipped=0
2026-09-20 05:29:05.695 INFO Calculating metric: flow_classification_supermajority
Fraction of references that are clearly dominated: 11.25%
Fraction of references that are clearly dominating: 12.21%
Fraction of references that are contested: 1.95%
Fraction of references that are unclassified: 74.59%
2026-09-20 05:29:07.191 INFO [flow_classification_supermajority.calculate] total=1.50s classify=0.74s score=0.37s write=0.39s
2026-09-20 05:29:07.239 INFO Memory usage (end of timestep, peak): 228.87 GiB
2026-09-20 05:29:07.240 INFO Memory usage (end of timestep, current): 53.77 GiB
2026-09-20 05:29:07.240 INFO (Iteration 66) reference_counts_per_domain: real 47.41s | cpu 20.01s
2026-09-20 05:29:07.240 INFO (Iteration 66) session_flow_counts: real 372.03s | cpu 394.17s
2026-09-20 05:29:07.240 INFO (Iteration 66) flow_classification_supermajority: real 1.54s | cpu 1.38s
2026-09-20 05:29:07.240 INFO Iteration 66 finished in 622.95s (real) and 560.50s (process)
2026-09-20 05:29:07.240 INFO Start timestep 2018-05-01 00:00:00+00:00 -> 2018-05-31 00:00:00+00:00
2026-09-20 05:34:47.625 INFO DuckDB memory logs:
  database_name database_size  block_size  ...  wal_size  memory_usage  memory_limit
0   postgres_db       6.3 TiB           0  ...   0 bytes      50.2 GiB     228.8 GiB
1        memory       0 bytes           0  ...   0 bytes      50.2 GiB     228.8 GiB

[2 rows x 9 columns]
2026-09-20 05:34:47.640 INFO Loading data (2018-05-01 00:00:00+00:00 -> 2018-05-31 00:00:00+00:00) done in 340.40s (real) and 247.55s (process)
2026-09-20 05:34:47.640 INFO Memory usage (start of timestep, peak): 228.87 GiB
2026-09-20 05:34:47.640 INFO Memory usage (start of timestep, current): 55.23 GiB
2026-09-20 05:34:47.640 INFO Calculating metrics
2026-09-20 05:34:47.641 INFO Calculating metric: reference_counts_per_domain
2026-09-20 05:35:44.364 INFO Calculating metric: session_flow_counts
Found 615243 prefs in this timestep.
2026-09-20 05:47:35.381 INFO [session_flow_counts.calculate] total=711.02s query=42.45s derive=104.18s elicit=563.09s update counters=0.22s write=0.02s rebuttal_searches=0 rebuttal_skipped=0
2026-09-20 05:47:35.425 INFO Calculating metric: flow_classification_supermajority
Fraction of references that are clearly dominated: 11.65%
Fraction of references that are clearly dominating: 12.52%
Fraction of references that are contested: 1.79%
Fraction of references that are unclassified: 74.04%
2026-09-20 05:47:37.108 INFO [flow_classification_supermajority.calculate] total=1.68s classify=0.81s score=0.48s write=0.39s
2026-09-20 05:47:37.162 INFO Memory usage (end of timestep, peak): 228.87 GiB
2026-09-20 05:47:37.162 INFO Memory usage (end of timestep, current): 83.09 GiB
2026-09-20 05:47:37.162 INFO (Iteration 67) reference_counts_per_domain: real 56.72s | cpu 31.40s
2026-09-20 05:47:37.162 INFO (Iteration 67) session_flow_counts: real 711.06s | cpu 750.77s
2026-09-20 05:47:37.163 INFO (Iteration 67) flow_classification_supermajority: real 1.74s | cpu 1.59s
2026-09-20 05:47:37.163 INFO Iteration 67 finished in 1109.92s (real) and 1031.30s (process)
2026-09-20 05:47:37.163 INFO Start timestep 2018-05-31 00:00:00+00:00 -> 2018-06-30 00:00:00+00:00
2026-09-20 05:52:51.588 INFO DuckDB memory logs:
  database_name database_size  block_size  ...  wal_size  memory_usage  memory_limit
0   postgres_db       6.3 TiB           0  ...   0 bytes      46.9 GiB     228.8 GiB
1        memory       0 bytes           0  ...   0 bytes      46.9 GiB     228.8 GiB

[2 rows x 9 columns]
2026-09-20 05:52:51.602 INFO Loading data (2018-05-31 00:00:00+00:00 -> 2018-06-30 00:00:00+00:00) done in 314.44s (real) and 284.25s (process)
2026-09-20 05:52:51.602 INFO Memory usage (start of timestep, peak): 228.87 GiB
2026-09-20 05:52:51.603 INFO Memory usage (start of timestep, current): 52.79 GiB
2026-09-20 05:52:51.603 INFO Calculating metrics
2026-09-20 05:52:51.603 INFO Calculating metric: reference_counts_per_domain
2026-09-20 05:53:51.268 INFO Calculating metric: session_flow_counts
Found 2981789 prefs in this timestep.
2026-09-20 06:04:21.285 INFO [session_flow_counts.calculate] total=630.02s query=41.05s derive=100.72s elicit=486.13s update counters=0.98s write=0.02s rebuttal_searches=0 rebuttal_skipped=0
2026-09-20 06:04:21.399 INFO Calculating metric: flow_classification_supermajority
Fraction of references that are clearly dominated: 2.75%
Fraction of references that are clearly dominating: 3.60%
Fraction of references that are contested: 1.69%
Fraction of references that are unclassified: 91.96%
2026-09-20 06:04:23.173 INFO [flow_classification_supermajority.calculate] total=1.77s classify=0.81s score=0.53s write=0.43s
2026-09-20 06:04:23.227 INFO Memory usage (end of timestep, peak): 228.87 GiB
2026-09-20 06:04:23.228 INFO Memory usage (end of timestep, current): 82.30 GiB
2026-09-20 06:04:23.228 INFO (Iteration 68) reference_counts_per_domain: real 59.66s | cpu 34.43s
2026-09-20 06:04:23.228 INFO (Iteration 68) session_flow_counts: real 630.13s | cpu 670.16s
2026-09-20 06:04:23.228 INFO (Iteration 68) flow_classification_supermajority: real 1.83s | cpu 1.66s
2026-09-20 06:04:23.228 INFO Iteration 68 finished in 1006.06s (real) and 990.50s (process)
2026-09-20 06:04:23.229 INFO Start timestep 2018-06-30 00:00:00+00:00 -> 2018-07-30 00:00:00+00:00
2026-09-20 06:10:49.586 INFO DuckDB memory logs:
  database_name database_size  block_size  ...  wal_size  memory_usage  memory_limit
0   postgres_db       6.3 TiB           0  ...   0 bytes      58.1 GiB     228.8 GiB
1        memory       0 bytes           0  ...   0 bytes      58.1 GiB     228.8 GiB

[2 rows x 9 columns]
2026-09-20 06:10:49.601 INFO Loading data (2018-06-30 00:00:00+00:00 -> 2018-07-30 00:00:00+00:00) done in 386.37s (real) and 283.69s (process)
2026-09-20 06:10:49.602 INFO Memory usage (start of timestep, peak): 228.87 GiB
2026-09-20 06:10:49.602 INFO Memory usage (start of timestep, current): 63.83 GiB
2026-09-20 06:10:49.602 INFO Calculating metrics
2026-09-20 06:10:49.602 INFO Calculating metric: reference_counts_per_domain
2026-09-20 06:11:48.525 INFO Calculating metric: session_flow_counts
Found 832732 prefs in this timestep.
2026-09-20 06:26:41.781 INFO [session_flow_counts.calculate] total=893.26s query=46.96s derive=121.75s elicit=722.82s update counters=0.28s write=0.02s rebuttal_searches=0 rebuttal_skipped=0
2026-09-20 06:26:41.834 INFO Calculating metric: flow_classification_supermajority
Fraction of references that are clearly dominated: 2.51%
Fraction of references that are clearly dominating: 3.37%
Fraction of references that are contested: 1.54%
Fraction of references that are unclassified: 92.58%
2026-09-20 06:26:43.721 INFO [flow_classification_supermajority.calculate] total=1.89s classify=0.90s score=0.54s write=0.45s
2026-09-20 06:26:43.780 INFO Memory usage (end of timestep, peak): 228.87 GiB
2026-09-20 06:26:43.780 INFO Memory usage (end of timestep, current): 94.12 GiB
2026-09-20 06:26:43.780 INFO (Iteration 69) reference_counts_per_domain: real 58.92s | cpu 34.90s
2026-09-20 06:26:43.780 INFO (Iteration 69) session_flow_counts: real 893.31s | cpu 940.57s
2026-09-20 06:26:43.780 INFO (Iteration 69) flow_classification_supermajority: real 1.95s | cpu 1.74s
2026-09-20 06:26:43.780 INFO Iteration 69 finished in 1340.55s (real) and 1260.90s (process)
2026-09-20 06:26:43.781 INFO Start timestep 2018-07-30 00:00:00+00:00 -> 2018-08-29 00:00:00+00:00
2026-09-20 06:31:38.401 INFO DuckDB memory logs:
  database_name database_size  block_size  ...  wal_size  memory_usage  memory_limit
0   postgres_db       6.3 TiB           0  ...   0 bytes      42.7 GiB     228.8 GiB
1        memory       0 bytes           0  ...   0 bytes      42.7 GiB     228.8 GiB

[2 rows x 9 columns]
2026-09-20 06:31:38.415 INFO Loading data (2018-07-30 00:00:00+00:00 -> 2018-08-29 00:00:00+00:00) done in 294.63s (real) and 214.23s (process)
2026-09-20 06:31:38.415 INFO Memory usage (start of timestep, peak): 228.87 GiB
2026-09-20 06:31:38.416 INFO Memory usage (start of timestep, current): 49.00 GiB
2026-09-20 06:31:38.416 INFO Calculating metrics
2026-09-20 06:31:38.416 INFO Calculating metric: reference_counts_per_domain
2026-09-20 06:32:43.367 INFO Calculating metric: session_flow_counts
Found 2108073 prefs in this timestep.
2026-09-20 06:42:49.422 INFO [session_flow_counts.calculate] total=606.05s query=36.42s derive=93.04s elicit=474.94s update counters=0.70s write=0.03s rebuttal_searches=0 rebuttal_skipped=0
2026-09-20 06:42:49.514 INFO Calculating metric: flow_classification_supermajority
Fraction of references that are clearly dominated: 2.41%
Fraction of references that are clearly dominating: 3.35%
Fraction of references that are contested: 1.51%
Fraction of references that are unclassified: 92.72%
2026-09-20 06:42:51.413 INFO [flow_classification_supermajority.calculate] total=1.90s classify=0.89s score=0.57s write=0.44s
2026-09-20 06:42:51.483 INFO Memory usage (end of timestep, peak): 228.87 GiB
2026-09-20 06:42:51.483 INFO Memory usage (end of timestep, current): 77.59 GiB
2026-09-20 06:42:51.483 INFO (Iteration 70) reference_counts_per_domain: real 64.95s | cpu 36.27s
2026-09-20 06:42:51.483 INFO (Iteration 70) session_flow_counts: real 606.15s | cpu 642.02s
2026-09-20 06:42:51.483 INFO (Iteration 70) flow_classification_supermajority: real 1.97s | cpu 1.80s
2026-09-20 06:42:51.484 INFO Iteration 70 finished in 967.70s (real) and 894.33s (process)
2026-09-20 06:42:51.484 INFO Start timestep 2018-08-29 00:00:00+00:00 -> 2018-09-28 00:00:00+00:00
2026-09-20 06:49:17.400 INFO DuckDB memory logs:
  database_name database_size  block_size  ...  wal_size  memory_usage  memory_limit
0   postgres_db       6.3 TiB           0  ...   0 bytes      53.6 GiB     228.8 GiB
1        memory       0 bytes           0  ...   0 bytes      53.6 GiB     228.8 GiB

[2 rows x 9 columns]
2026-09-20 06:49:17.414 INFO Loading data (2018-08-29 00:00:00+00:00 -> 2018-09-28 00:00:00+00:00) done in 385.93s (real) and 280.54s (process)
2026-09-20 06:49:17.414 INFO Memory usage (start of timestep, peak): 228.87 GiB
2026-09-20 06:49:17.414 INFO Memory usage (start of timestep, current): 59.73 GiB
2026-09-20 06:49:17.414 INFO Calculating metrics
2026-09-20 06:49:17.414 INFO Calculating metric: reference_counts_per_domain
2026-09-20 06:50:26.473 INFO Calculating metric: session_flow_counts
Found 1028656 prefs in this timestep.
2026-09-20 07:04:21.545 INFO [session_flow_counts.calculate] total=835.06s query=44.24s derive=127.40s elicit=661.62s update counters=0.34s write=0.03s rebuttal_searches=0 rebuttal_skipped=0
2026-09-20 07:04:21.606 INFO Calculating metric: flow_classification_supermajority
Fraction of references that are clearly dominated: 2.93%
Fraction of references that are clearly dominating: 3.53%
Fraction of references that are contested: 1.46%
Fraction of references that are unclassified: 92.07%
2026-09-20 07:04:23.523 INFO [flow_classification_supermajority.calculate] total=1.92s classify=0.92s score=0.54s write=0.45s
2026-09-20 07:04:23.583 INFO Memory usage (end of timestep, peak): 228.87 GiB
2026-09-20 07:04:23.584 INFO Memory usage (end of timestep, current): 95.16 GiB
2026-09-20 07:04:23.584 INFO (Iteration 71) reference_counts_per_domain: real 69.06s | cpu 41.98s
2026-09-20 07:04:23.584 INFO (Iteration 71) session_flow_counts: real 835.12s | cpu 879.01s
2026-09-20 07:04:23.584 INFO (Iteration 71) flow_classification_supermajority: real 1.98s | cpu 1.79s
2026-09-20 07:04:23.584 INFO Iteration 71 finished in 1292.10s (real) and 1203.31s (process)
2026-09-20 07:04:23.584 INFO Start timestep 2018-09-28 00:00:00+00:00 -> 2018-10-28 00:00:00+00:00
2026-09-20 07:14:55.843 INFO DuckDB memory logs:
  database_name database_size  block_size  ...  wal_size  memory_usage  memory_limit
0   postgres_db       6.3 TiB           0  ...   0 bytes      85.1 GiB     228.8 GiB
1        memory       0 bytes           0  ...   0 bytes      85.1 GiB     228.8 GiB

[2 rows x 9 columns]
2026-09-20 07:14:55.857 INFO Loading data (2018-09-28 00:00:00+00:00 -> 2018-10-28 00:00:00+00:00) done in 632.27s (real) and 474.30s (process)
2026-09-20 07:14:55.857 INFO Memory usage (start of timestep, peak): 228.87 GiB
2026-09-20 07:14:55.858 INFO Memory usage (start of timestep, current): 91.45 GiB
2026-09-20 07:14:55.858 INFO Calculating metrics
2026-09-20 07:14:55.858 INFO Calculating metric: reference_counts_per_domain
2026-09-20 07:15:55.577 INFO Calculating metric: session_flow_counts
Found 1486511 prefs in this timestep.
2026-09-20 07:38:31.096 INFO [session_flow_counts.calculate] total=1355.52s query=74.53s derive=194.08s elicit=1083.87s update counters=0.52s write=0.02s rebuttal_searches=0 rebuttal_skipped=0
2026-09-20 07:38:31.182 INFO Calculating metric: flow_classification_supermajority
Fraction of references that are clearly dominated: 2.70%
Fraction of references that are clearly dominating: 3.34%
Fraction of references that are contested: 1.22%
Fraction of references that are unclassified: 92.74%
2026-09-20 07:38:32.647 INFO [flow_classification_supermajority.calculate] total=1.46s classify=0.63s score=0.39s write=0.45s
2026-09-20 07:38:32.695 INFO Memory usage (end of timestep, peak): 228.87 GiB
2026-09-20 07:38:32.695 INFO Memory usage (end of timestep, current): 122.83 GiB
2026-09-20 07:38:32.695 INFO (Iteration 72) reference_counts_per_domain: real 59.72s | cpu 50.69s
2026-09-20 07:38:32.695 INFO (Iteration 72) session_flow_counts: real 1355.60s | cpu 1423.79s
2026-09-20 07:38:32.695 INFO (Iteration 72) flow_classification_supermajority: real 1.51s | cpu 1.29s
2026-09-20 07:38:32.695 INFO Iteration 72 finished in 2049.11s (real) and 1950.07s (process)
2026-09-20 07:38:32.696 INFO Start timestep 2018-10-28 00:00:00+00:00 -> 2018-11-27 00:00:00+00:00
2026-09-20 07:42:36.547 INFO DuckDB memory logs:
  database_name database_size  block_size  ...  wal_size  memory_usage  memory_limit
0   postgres_db       6.3 TiB           0  ...   0 bytes      36.0 GiB     228.8 GiB
1        memory       0 bytes           0  ...   0 bytes      36.0 GiB     228.8 GiB

[2 rows x 9 columns]
2026-09-20 07:42:36.562 INFO Loading data (2018-10-28 00:00:00+00:00 -> 2018-11-27 00:00:00+00:00) done in 243.87s (real) and 184.34s (process)
2026-09-20 07:42:36.562 INFO Memory usage (start of timestep, peak): 228.87 GiB
2026-09-20 07:42:36.562 INFO Memory usage (start of timestep, current): 44.26 GiB
2026-09-20 07:42:36.562 INFO Calculating metrics
2026-09-20 07:42:36.563 INFO Calculating metric: reference_counts_per_domain
2026-09-20 07:43:35.944 INFO Calculating metric: session_flow_counts
Found 3416605 prefs in this timestep.
2026-09-20 07:52:10.057 INFO [session_flow_counts.calculate] total=514.11s query=23.33s derive=77.11s elicit=411.86s update counters=1.05s write=0.03s rebuttal_searches=0 rebuttal_skipped=0
2026-09-20 07:52:10.182 INFO Calculating metric: flow_classification_supermajority
Fraction of references that are clearly dominated: 2.97%
Fraction of references that are clearly dominating: 3.55%
Fraction of references that are contested: 1.19%
Fraction of references that are unclassified: 92.30%
2026-09-20 07:52:11.635 INFO [flow_classification_supermajority.calculate] total=1.45s classify=0.67s score=0.38s write=0.39s
2026-09-20 07:52:11.683 INFO Memory usage (end of timestep, peak): 228.87 GiB
2026-09-20 07:52:11.684 INFO Memory usage (end of timestep, current): 62.21 GiB
2026-09-20 07:52:11.684 INFO (Iteration 73) reference_counts_per_domain: real 59.38s | cpu 36.38s
2026-09-20 07:52:11.684 INFO (Iteration 73) session_flow_counts: real 514.24s | cpu 537.74s
2026-09-20 07:52:11.684 INFO (Iteration 73) flow_classification_supermajority: real 1.50s | cpu 1.33s
2026-09-20 07:52:11.684 INFO Iteration 73 finished in 818.99s (real) and 759.78s (process)
2026-09-20 07:52:11.685 INFO Start timestep 2018-11-27 00:00:00+00:00 -> 2018-12-27 00:00:00+00:00
2026-09-20 07:56:15.329 INFO DuckDB memory logs:
  database_name database_size  block_size  ...  wal_size  memory_usage  memory_limit
0   postgres_db       6.3 TiB           0  ...   0 bytes      36.3 GiB     228.8 GiB
1        memory       0 bytes           0  ...   0 bytes      36.3 GiB     228.8 GiB

[2 rows x 9 columns]
2026-09-20 07:56:15.343 INFO Loading data (2018-11-27 00:00:00+00:00 -> 2018-12-27 00:00:00+00:00) done in 243.66s (real) and 184.93s (process)
2026-09-20 07:56:15.343 INFO Memory usage (start of timestep, peak): 228.87 GiB
2026-09-20 07:56:15.343 INFO Memory usage (start of timestep, current): 44.15 GiB
2026-09-20 07:56:15.343 INFO Calculating metrics
2026-09-20 07:56:15.344 INFO Calculating metric: reference_counts_per_domain
2026-09-20 07:57:11.121 INFO Calculating metric: session_flow_counts
Found 1622740 prefs in this timestep.
2026-09-20 08:03:34.185 INFO [session_flow_counts.calculate] total=383.06s query=26.48s derive=73.58s elicit=281.75s update counters=0.52s write=0.02s rebuttal_searches=0 rebuttal_skipped=0
2026-09-20 08:03:34.278 INFO Calculating metric: flow_classification_supermajority
Fraction of references that are clearly dominated: 2.90%
Fraction of references that are clearly dominating: 3.61%
Fraction of references that are contested: 1.16%
Fraction of references that are unclassified: 92.33%
2026-09-20 08:03:35.776 INFO [flow_classification_supermajority.calculate] total=1.50s classify=0.72s score=0.40s write=0.38s
2026-09-20 08:03:35.827 INFO Memory usage (end of timestep, peak): 228.87 GiB
2026-09-20 08:03:35.828 INFO Memory usage (end of timestep, current): 59.49 GiB
2026-09-20 08:03:35.828 INFO (Iteration 74) reference_counts_per_domain: real 55.78s | cpu 32.45s
2026-09-20 08:03:35.828 INFO (Iteration 74) session_flow_counts: real 383.16s | cpu 411.05s
2026-09-20 08:03:35.828 INFO (Iteration 74) flow_classification_supermajority: real 1.55s | cpu 1.40s
2026-09-20 08:03:35.828 INFO Iteration 74 finished in 684.14s (real) and 629.84s (process)
2026-09-20 08:03:35.829 INFO Start timestep 2018-12-27 00:00:00+00:00 -> 2019-01-26 00:00:00+00:00
2026-09-20 08:06:16.915 INFO DuckDB memory logs:
  database_name database_size  block_size  ...  wal_size  memory_usage  memory_limit
0   postgres_db       6.3 TiB           0  ...   0 bytes      23.4 GiB     228.8 GiB
1        memory       0 bytes           0  ...   0 bytes      23.4 GiB     228.8 GiB

[2 rows x 9 columns]
2026-09-20 08:06:16.930 INFO Loading data (2018-12-27 00:00:00+00:00 -> 2019-01-26 00:00:00+00:00) done in 161.10s (real) and 118.89s (process)
2026-09-20 08:06:16.931 INFO Memory usage (start of timestep, peak): 228.87 GiB
2026-09-20 08:06:16.931 INFO Memory usage (start of timestep, current): 30.67 GiB
2026-09-20 08:06:16.931 INFO Calculating metrics
2026-09-20 08:06:16.931 INFO Calculating metric: reference_counts_per_domain
2026-09-20 08:07:06.488 INFO Calculating metric: session_flow_counts
Found 2091170 prefs in this timestep.
2026-09-20 08:11:28.216 INFO [session_flow_counts.calculate] total=261.73s query=18.99s derive=48.20s elicit=193.40s update counters=0.64s write=0.02s rebuttal_searches=0 rebuttal_skipped=0
2026-09-20 08:11:28.300 INFO Calculating metric: flow_classification_supermajority
Fraction of references that are clearly dominated: 2.93%
Fraction of references that are clearly dominating: 3.73%
Fraction of references that are contested: 1.20%
Fraction of references that are unclassified: 92.14%
2026-09-20 08:11:29.873 INFO [flow_classification_supermajority.calculate] total=1.57s classify=0.77s score=0.41s write=0.39s
2026-09-20 08:11:29.922 INFO Memory usage (end of timestep, peak): 228.87 GiB
2026-09-20 08:11:29.923 INFO Memory usage (end of timestep, current): 45.82 GiB
2026-09-20 08:11:29.923 INFO (Iteration 75) reference_counts_per_domain: real 49.56s | cpu 18.92s
2026-09-20 08:11:29.923 INFO (Iteration 75) session_flow_counts: real 261.81s | cpu 280.08s
2026-09-20 08:11:29.923 INFO (Iteration 75) flow_classification_supermajority: real 1.62s | cpu 1.47s
2026-09-20 08:11:29.923 INFO Iteration 75 finished in 474.09s (real) and 419.37s (process)
2026-09-20 08:11:29.924 INFO Start timestep 2019-01-26 00:00:00+00:00 -> 2019-02-25 00:00:00+00:00
2026-09-20 08:13:14.831 INFO DuckDB memory logs:
  database_name database_size  block_size  ...  wal_size  memory_usage  memory_limit
0   postgres_db       6.3 TiB           0  ...   0 bytes      16.1 GiB     228.8 GiB
1        memory       0 bytes           0  ...   0 bytes      16.1 GiB     228.8 GiB

[2 rows x 9 columns]
2026-09-20 08:13:14.845 INFO Loading data (2019-01-26 00:00:00+00:00 -> 2019-02-25 00:00:00+00:00) done in 104.92s (real) and 77.19s (process)
2026-09-20 08:13:14.846 INFO Memory usage (start of timestep, peak): 228.87 GiB
2026-09-20 08:13:14.846 INFO Memory usage (start of timestep, current): 24.54 GiB
2026-09-20 08:13:14.846 INFO Calculating metrics
2026-09-20 08:13:14.846 INFO Calculating metric: reference_counts_per_domain
2026-09-20 08:14:04.622 INFO Calculating metric: session_flow_counts
Found 442853 prefs in this timestep.
2026-09-20 08:16:53.369 INFO [session_flow_counts.calculate] total=168.75s query=10.28s derive=28.57s elicit=129.41s update counters=0.14s write=0.02s rebuttal_searches=0 rebuttal_skipped=0
2026-09-20 08:16:53.409 INFO Calculating metric: flow_classification_supermajority
Fraction of references that are clearly dominated: 2.91%
Fraction of references that are clearly dominating: 3.75%
Fraction of references that are contested: 1.18%
Fraction of references that are unclassified: 92.16%
2026-09-20 08:16:55.024 INFO [flow_classification_supermajority.calculate] total=1.61s classify=0.79s score=0.42s write=0.40s
2026-09-20 08:16:55.076 INFO Memory usage (end of timestep, peak): 228.87 GiB
2026-09-20 08:16:55.077 INFO Memory usage (end of timestep, current): 33.02 GiB
2026-09-20 08:16:55.077 INFO (Iteration 76) reference_counts_per_domain: real 49.78s | cpu 15.92s
2026-09-20 08:16:55.077 INFO (Iteration 76) session_flow_counts: real 168.79s | cpu 179.18s
2026-09-20 08:16:55.077 INFO (Iteration 76) flow_classification_supermajority: real 1.67s | cpu 1.51s
2026-09-20 08:16:55.077 INFO Iteration 76 finished in 325.15s (real) and 273.81s (process)
2026-09-20 08:16:55.078 INFO Start timestep 2019-02-25 00:00:00+00:00 -> 2019-03-27 00:00:00+00:00
2026-09-20 08:20:36.855 INFO DuckDB memory logs:
  database_name database_size  block_size  ...  wal_size  memory_usage  memory_limit
0   postgres_db       6.3 TiB           0  ...   0 bytes      33.0 GiB     228.8 GiB
1        memory       0 bytes           0  ...   0 bytes      33.0 GiB     228.8 GiB

[2 rows x 9 columns]
2026-09-20 08:20:36.869 INFO Loading data (2019-02-25 00:00:00+00:00 -> 2019-03-27 00:00:00+00:00) done in 221.79s (real) and 190.28s (process)
2026-09-20 08:20:36.869 INFO Memory usage (start of timestep, peak): 228.87 GiB
2026-09-20 08:20:36.870 INFO Memory usage (start of timestep, current): 39.71 GiB
2026-09-20 08:20:36.870 INFO Calculating metrics
2026-09-20 08:20:36.870 INFO Calculating metric: reference_counts_per_domain
2026-09-20 08:21:30.684 INFO Calculating metric: session_flow_counts
Found 10736715 prefs in this timestep.
2026-09-20 08:30:50.214 INFO [session_flow_counts.calculate] total=559.53s query=25.52s derive=73.47s elicit=456.35s update counters=3.29s write=0.02s rebuttal_searches=0 rebuttal_skipped=0
2026-09-20 08:30:50.522 INFO Calculating metric: flow_classification_supermajority
Fraction of references that are clearly dominated: 3.15%
Fraction of references that are clearly dominating: 2.72%
Fraction of references that are contested: 2.01%
Fraction of references that are unclassified: 92.12%
2026-09-20 08:30:52.375 INFO [flow_classification_supermajority.calculate] total=1.85s classify=0.84s score=0.58s write=0.43s
2026-09-20 08:30:52.433 INFO Memory usage (end of timestep, peak): 228.87 GiB
2026-09-20 08:30:52.434 INFO Memory usage (end of timestep, current): 63.53 GiB
2026-09-20 08:30:52.434 INFO (Iteration 77) reference_counts_per_domain: real 53.81s | cpu 24.22s
2026-09-20 08:30:52.434 INFO (Iteration 77) session_flow_counts: real 559.84s | cpu 586.07s
2026-09-20 08:30:52.434 INFO (Iteration 77) flow_classification_supermajority: real 1.91s | cpu 1.76s
2026-09-20 08:30:52.434 INFO Iteration 77 finished in 837.36s (real) and 802.34s (process)
2026-09-20 08:30:52.435 INFO Start timestep 2019-03-27 00:00:00+00:00 -> 2019-04-26 00:00:00+00:00
2026-09-20 08:34:24.463 INFO DuckDB memory logs:
  database_name database_size  block_size  ...  wal_size  memory_usage  memory_limit
0   postgres_db       6.3 TiB           0  ...   0 bytes      31.5 GiB     228.8 GiB
1        memory       0 bytes           0  ...   0 bytes      31.5 GiB     228.8 GiB

[2 rows x 9 columns]
2026-09-20 08:34:24.478 INFO Loading data (2019-03-27 00:00:00+00:00 -> 2019-04-26 00:00:00+00:00) done in 212.04s (real) and 156.87s (process)
2026-09-20 08:34:24.478 INFO Memory usage (start of timestep, peak): 228.87 GiB
2026-09-20 08:34:24.479 INFO Memory usage (start of timestep, current): 38.95 GiB
2026-09-20 08:34:24.479 INFO Calculating metrics
2026-09-20 08:34:24.479 INFO Calculating metric: reference_counts_per_domain
2026-09-20 08:35:14.078 INFO Calculating metric: session_flow_counts
Found 1745102 prefs in this timestep.
2026-09-20 08:42:01.356 INFO [session_flow_counts.calculate] total=407.28s query=21.22s derive=42.91s elicit=342.06s update counters=0.59s write=0.02s rebuttal_searches=0 rebuttal_skipped=0
2026-09-20 08:42:01.436 INFO Calculating metric: flow_classification_supermajority
Fraction of references that are clearly dominated: 3.13%
Fraction of references that are clearly dominating: 2.68%
Fraction of references that are contested: 1.98%
Fraction of references that are unclassified: 92.21%
2026-09-20 08:42:03.344 INFO [flow_classification_supermajority.calculate] total=1.91s classify=0.90s score=0.56s write=0.44s
2026-09-20 08:42:03.403 INFO Memory usage (end of timestep, peak): 228.87 GiB
2026-09-20 08:42:03.404 INFO Memory usage (end of timestep, current): 55.94 GiB
2026-09-20 08:42:03.404 INFO (Iteration 78) reference_counts_per_domain: real 49.60s | cpu 19.02s
2026-09-20 08:42:03.404 INFO (Iteration 78) session_flow_counts: real 407.36s | cpu 429.62s
2026-09-20 08:42:03.404 INFO (Iteration 78) flow_classification_supermajority: real 1.97s | cpu 1.80s
2026-09-20 08:42:03.404 INFO Iteration 78 finished in 670.97s (real) and 607.31s (process)
2026-09-20 08:42:03.405 INFO Start timestep 2019-04-26 00:00:00+00:00 -> 2019-05-26 00:00:00+00:00
2026-09-20 08:44:46.131 INFO DuckDB memory logs:
  database_name database_size  block_size  ...  wal_size  memory_usage  memory_limit
0   postgres_db       6.3 TiB           0  ...   0 bytes      24.5 GiB     228.8 GiB
1        memory       0 bytes           0  ...   0 bytes      24.5 GiB     228.8 GiB

[2 rows x 9 columns]
2026-09-20 08:44:46.146 INFO Loading data (2019-04-26 00:00:00+00:00 -> 2019-05-26 00:00:00+00:00) done in 162.74s (real) and 118.54s (process)
2026-09-20 08:44:46.146 INFO Memory usage (start of timestep, peak): 228.87 GiB
2026-09-20 08:44:46.146 INFO Memory usage (start of timestep, current): 32.78 GiB
2026-09-20 08:44:46.146 INFO Calculating metrics
2026-09-20 08:44:46.146 INFO Calculating metric: reference_counts_per_domain
2026-09-20 08:45:38.790 INFO Calculating metric: session_flow_counts
Found 1993035 prefs in this timestep.
2026-09-20 08:50:48.021 INFO [session_flow_counts.calculate] total=309.23s query=19.78s derive=53.64s elicit=234.57s update counters=0.63s write=0.02s rebuttal_searches=0 rebuttal_skipped=0
2026-09-20 08:50:48.105 INFO Calculating metric: flow_classification_supermajority
Fraction of references that are clearly dominated: 3.14%
Fraction of references that are clearly dominating: 2.86%
Fraction of references that are contested: 1.96%
Fraction of references that are unclassified: 92.04%
2026-09-20 08:50:49.926 INFO [flow_classification_supermajority.calculate] total=1.82s classify=0.85s score=0.55s write=0.42s
2026-09-20 08:50:49.983 INFO Memory usage (end of timestep, peak): 228.87 GiB
2026-09-20 08:50:49.984 INFO Memory usage (end of timestep, current): 49.03 GiB
2026-09-20 08:50:49.984 INFO (Iteration 79) reference_counts_per_domain: real 52.64s | cpu 19.39s
2026-09-20 08:50:49.984 INFO (Iteration 79) session_flow_counts: real 309.31s | cpu 328.14s
2026-09-20 08:50:49.984 INFO (Iteration 79) flow_classification_supermajority: real 1.88s | cpu 1.72s
2026-09-20 08:50:49.984 INFO Iteration 79 finished in 526.58s (real) and 467.79s (process)
2026-09-20 08:50:49.984 INFO Start timestep 2019-05-26 00:00:00+00:00 -> 2019-06-25 00:00:00+00:00
2026-09-20 08:52:20.778 INFO DuckDB memory logs:
  database_name database_size  block_size  ...  wal_size  memory_usage  memory_limit
0   postgres_db       6.3 TiB           0  ...   0 bytes      13.8 GiB     228.8 GiB
1        memory       0 bytes           0  ...   0 bytes      13.8 GiB     228.8 GiB

[2 rows x 9 columns]
2026-09-20 08:52:20.792 INFO Loading data (2019-05-26 00:00:00+00:00 -> 2019-06-25 00:00:00+00:00) done in 90.81s (real) and 67.46s (process)
2026-09-20 08:52:20.793 INFO Memory usage (start of timestep, peak): 228.87 GiB
2026-09-20 08:52:20.793 INFO Memory usage (start of timestep, current): 21.74 GiB
2026-09-20 08:52:20.793 INFO Calculating metrics
2026-09-20 08:52:20.793 INFO Calculating metric: reference_counts_per_domain
2026-09-20 08:53:11.842 INFO Calculating metric: session_flow_counts
Found 367292 prefs in this timestep.
2026-09-20 08:55:14.724 INFO [session_flow_counts.calculate] total=122.88s query=8.15s derive=20.32s elicit=94.09s update counters=0.12s write=0.02s rebuttal_searches=0 rebuttal_skipped=0
2026-09-20 08:55:14.759 INFO Calculating metric: flow_classification_supermajority
Fraction of references that are clearly dominated: 3.15%
Fraction of references that are clearly dominating: 2.87%
Fraction of references that are contested: 2.01%
Fraction of references that are unclassified: 91.97%
2026-09-20 08:55:16.694 INFO [flow_classification_supermajority.calculate] total=1.93s classify=0.92s score=0.57s write=0.44s
2026-09-20 08:55:16.755 INFO Memory usage (end of timestep, peak): 228.87 GiB
2026-09-20 08:55:16.756 INFO Memory usage (end of timestep, current): 28.04 GiB
2026-09-20 08:55:16.756 INFO (Iteration 80) reference_counts_per_domain: real 51.05s | cpu 13.79s
2026-09-20 08:55:16.756 INFO (Iteration 80) session_flow_counts: real 122.92s | cpu 130.94s
2026-09-20 08:55:16.756 INFO (Iteration 80) flow_classification_supermajority: real 2.00s | cpu 1.83s
2026-09-20 08:55:16.756 INFO Iteration 80 finished in 266.77s (real) and 214.02s (process)
2026-09-20 08:55:16.756 INFO Start timestep 2019-06-25 00:00:00+00:00 -> 2019-07-25 00:00:00+00:00
2026-09-20 08:57:54.647 INFO DuckDB memory logs:
  database_name database_size  block_size  ...  wal_size  memory_usage  memory_limit
0   postgres_db       6.3 TiB           0  ...   0 bytes      23.6 GiB     228.8 GiB
1        memory       0 bytes           0  ...   0 bytes      23.6 GiB     228.8 GiB

[2 rows x 9 columns]
2026-09-20 08:57:54.662 INFO Loading data (2019-06-25 00:00:00+00:00 -> 2019-07-25 00:00:00+00:00) done in 157.91s (real) and 113.77s (process)
2026-09-20 08:57:54.662 INFO Memory usage (start of timestep, peak): 228.87 GiB
2026-09-20 08:57:54.663 INFO Memory usage (start of timestep, current): 30.45 GiB
2026-09-20 08:57:54.663 INFO Calculating metrics
2026-09-20 08:57:54.663 INFO Calculating metric: reference_counts_per_domain
2026-09-20 08:58:47.412 INFO Calculating metric: session_flow_counts
Found 129057 prefs in this timestep.
2026-09-20 09:04:27.328 INFO [session_flow_counts.calculate] total=339.92s query=12.83s derive=32.19s elicit=294.50s update counters=0.04s write=0.02s rebuttal_searches=0 rebuttal_skipped=0
2026-09-20 09:04:27.351 INFO Calculating metric: flow_classification_supermajority
Fraction of references that are clearly dominated: 3.15%
Fraction of references that are clearly dominating: 2.86%
Fraction of references that are contested: 2.00%
Fraction of references that are unclassified: 91.98%
2026-09-20 09:04:29.362 INFO [flow_classification_supermajority.calculate] total=2.01s classify=0.96s score=0.60s write=0.45s
2026-09-20 09:04:29.425 INFO Memory usage (end of timestep, peak): 228.87 GiB
2026-09-20 09:04:29.426 INFO Memory usage (end of timestep, current): 42.84 GiB
2026-09-20 09:04:29.426 INFO (Iteration 81) reference_counts_per_domain: real 52.75s | cpu 14.44s
2026-09-20 09:04:29.426 INFO (Iteration 81) session_flow_counts: real 339.94s | cpu 353.81s
2026-09-20 09:04:29.426 INFO (Iteration 81) flow_classification_supermajority: real 2.07s | cpu 1.90s
2026-09-20 09:04:29.426 INFO Iteration 81 finished in 552.67s (real) and 483.91s (process)
2026-09-20 09:04:29.427 INFO Start timestep 2019-07-25 00:00:00+00:00 -> 2019-08-24 00:00:00+00:00
2026-09-20 09:06:09.476 INFO DuckDB memory logs:
  database_name database_size  block_size  ...  wal_size  memory_usage  memory_limit
0   postgres_db       6.3 TiB           0  ...   0 bytes      13.9 GiB     228.8 GiB
1        memory       0 bytes           0  ...   0 bytes      13.9 GiB     228.8 GiB

[2 rows x 9 columns]
2026-09-20 09:06:09.490 INFO Loading data (2019-07-25 00:00:00+00:00 -> 2019-08-24 00:00:00+00:00) done in 100.06s (real) and 125.99s (process)
2026-09-20 09:06:09.490 INFO Memory usage (start of timestep, peak): 228.87 GiB
2026-09-20 09:06:09.490 INFO Memory usage (start of timestep, current): 21.43 GiB
2026-09-20 09:06:09.490 INFO Calculating metrics
2026-09-20 09:06:09.491 INFO Calculating metric: reference_counts_per_domain
2026-09-20 09:07:03.607 INFO Calculating metric: session_flow_counts
Found 93964 prefs in this timestep.
2026-09-20 09:10:27.892 INFO [session_flow_counts.calculate] total=204.28s query=6.70s derive=17.60s elicit=179.78s update counters=0.03s write=0.02s rebuttal_searches=0 rebuttal_skipped=0
2026-09-20 09:10:27.913 INFO Calculating metric: flow_classification_supermajority
Fraction of references that are clearly dominated: 3.15%
Fraction of references that are clearly dominating: 2.87%
Fraction of references that are contested: 2.00%
Fraction of references that are unclassified: 91.97%
2026-09-20 09:10:29.885 INFO [flow_classification_supermajority.calculate] total=1.97s classify=0.95s score=0.60s write=0.42s
2026-09-20 09:10:29.945 INFO Memory usage (end of timestep, peak): 228.87 GiB
2026-09-20 09:10:29.946 INFO Memory usage (end of timestep, current): 28.24 GiB
2026-09-20 09:10:29.946 INFO (Iteration 82) reference_counts_per_domain: real 54.12s | cpu 12.74s
2026-09-20 09:10:29.946 INFO (Iteration 82) session_flow_counts: real 204.30s | cpu 211.46s
2026-09-20 09:10:29.946 INFO (Iteration 82) flow_classification_supermajority: real 2.03s | cpu 1.88s
2026-09-20 09:10:29.946 INFO Iteration 82 finished in 360.52s (real) and 352.07s (process)
2026-09-20 09:10:29.947 INFO Start timestep 2019-08-24 00:00:00+00:00 -> 2019-09-23 00:00:00+00:00
2026-09-20 09:14:24.293 INFO DuckDB memory logs:
  database_name database_size  block_size  ...  wal_size  memory_usage  memory_limit
0   postgres_db       6.3 TiB           0  ...   0 bytes      35.0 GiB     228.8 GiB
1        memory       0 bytes           0  ...   0 bytes      35.0 GiB     228.8 GiB

[2 rows x 9 columns]
2026-09-20 09:14:24.307 INFO Loading data (2019-08-24 00:00:00+00:00 -> 2019-09-23 00:00:00+00:00) done in 234.36s (real) and 171.21s (process)
2026-09-20 09:14:24.308 INFO Memory usage (start of timestep, peak): 228.87 GiB
2026-09-20 09:14:24.308 INFO Memory usage (start of timestep, current): 41.45 GiB
2026-09-20 09:14:24.308 INFO Calculating metrics
2026-09-20 09:14:24.308 INFO Calculating metric: reference_counts_per_domain
2026-09-20 09:15:27.072 INFO Calculating metric: session_flow_counts
Found 1507716 prefs in this timestep.
2026-09-20 09:24:45.467 INFO [session_flow_counts.calculate] total=558.39s query=26.74s derive=66.75s elicit=463.76s update counters=0.49s write=0.02s rebuttal_searches=0 rebuttal_skipped=0
2026-09-20 09:24:45.537 INFO Calculating metric: flow_classification_supermajority
Fraction of references that are clearly dominated: 3.02%
Fraction of references that are clearly dominating: 4.00%
Fraction of references that are contested: 1.95%
Fraction of references that are unclassified: 91.03%
2026-09-20 09:24:47.561 INFO [flow_classification_supermajority.calculate] total=2.02s classify=0.97s score=0.59s write=0.46s
2026-09-20 09:24:47.625 INFO Memory usage (end of timestep, peak): 228.87 GiB
2026-09-20 09:24:47.626 INFO Memory usage (end of timestep, current): 63.49 GiB
2026-09-20 09:24:47.626 INFO (Iteration 83) reference_counts_per_domain: real 62.76s | cpu 27.56s
2026-09-20 09:24:47.626 INFO (Iteration 83) session_flow_counts: real 558.46s | cpu 585.70s
2026-09-20 09:24:47.626 INFO (Iteration 83) flow_classification_supermajority: real 2.09s | cpu 1.92s
2026-09-20 09:24:47.626 INFO Iteration 83 finished in 857.68s (real) and 786.39s (process)
2026-09-20 09:24:47.627 INFO Start timestep 2019-09-23 00:00:00+00:00 -> 2019-10-23 00:00:00+00:00
2026-09-20 09:35:19.537 INFO DuckDB memory logs:
  database_name database_size  block_size  ...  wal_size  memory_usage  memory_limit
0   postgres_db       6.3 TiB           0  ...   0 bytes      92.5 GiB     228.8 GiB
1        memory       0 bytes           0  ...   0 bytes      92.5 GiB     228.8 GiB

[2 rows x 9 columns]
2026-09-20 09:35:19.552 INFO Loading data (2019-09-23 00:00:00+00:00 -> 2019-10-23 00:00:00+00:00) done in 631.92s (real) and 488.70s (process)
2026-09-20 09:35:19.552 INFO Memory usage (start of timestep, peak): 228.87 GiB
2026-09-20 09:35:19.552 INFO Memory usage (start of timestep, current): 98.02 GiB
2026-09-20 09:35:19.552 INFO Calculating metrics
2026-09-20 09:35:19.552 INFO Calculating metric: reference_counts_per_domain
2026-09-20 09:36:32.521 INFO Calculating metric: session_flow_counts
Found 6934849 prefs in this timestep.
2026-09-20 10:01:44.793 INFO [session_flow_counts.calculate] total=1512.26s query=98.96s derive=254.48s elicit=1154.21s update counters=2.23s write=0.02s rebuttal_searches=0 rebuttal_skipped=0
2026-09-20 10:01:44.999 INFO Calculating metric: flow_classification_supermajority
Fraction of references that are clearly dominated: 2.79%
Fraction of references that are clearly dominating: 7.62%
Fraction of references that are contested: 1.84%
Fraction of references that are unclassified: 87.75%
2026-09-20 10:01:46.785 INFO [flow_classification_supermajority.calculate] total=1.79s classify=0.81s score=0.53s write=0.45s
2026-09-20 10:01:46.838 INFO Memory usage (end of timestep, peak): 228.87 GiB
2026-09-20 10:01:46.838 INFO Memory usage (end of timestep, current): 135.84 GiB
2026-09-20 10:01:46.838 INFO (Iteration 84) reference_counts_per_domain: real 72.97s | cpu 65.95s
2026-09-20 10:01:46.838 INFO (Iteration 84) session_flow_counts: real 1512.47s | cpu 1595.10s
2026-09-20 10:01:46.838 INFO (Iteration 84) flow_classification_supermajority: real 1.84s | cpu 1.65s
2026-09-20 10:01:46.838 INFO Iteration 84 finished in 2219.21s (real) and 2151.40s (process)
2026-09-20 10:01:46.839 INFO Start timestep 2019-10-23 00:00:00+00:00 -> 2019-11-22 00:00:00+00:00
2026-09-20 10:12:08.402 INFO DuckDB memory logs:
  database_name database_size  block_size  ...  wal_size  memory_usage  memory_limit
0   postgres_db       6.3 TiB           0  ...   0 bytes      87.8 GiB     228.8 GiB
1        memory       0 bytes           0  ...   0 bytes      87.8 GiB     228.8 GiB

[2 rows x 9 columns]
2026-09-20 10:12:08.415 INFO Loading data (2019-10-23 00:00:00+00:00 -> 2019-11-22 00:00:00+00:00) done in 621.58s (real) and 485.01s (process)
2026-09-20 10:12:08.416 INFO Memory usage (start of timestep, peak): 228.87 GiB
2026-09-20 10:12:08.416 INFO Memory usage (start of timestep, current): 96.37 GiB
2026-09-20 10:12:08.416 INFO Calculating metrics
2026-09-20 10:12:08.416 INFO Calculating metric: reference_counts_per_domain
2026-09-20 10:13:20.101 INFO Calculating metric: session_flow_counts
Found 6561821 prefs in this timestep.
2026-09-20 10:36:14.846 INFO [session_flow_counts.calculate] total=1374.73s query=96.95s derive=233.71s elicit=1039.91s update counters=2.09s write=0.02s rebuttal_searches=0 rebuttal_skipped=0
2026-09-20 10:36:15.054 INFO Calculating metric: flow_classification_supermajority
Fraction of references that are clearly dominated: 10.08%
Fraction of references that are clearly dominating: 10.41%
Fraction of references that are contested: 1.71%
Fraction of references that are unclassified: 77.80%
2026-09-20 10:36:16.734 INFO [flow_classification_supermajority.calculate] total=1.68s classify=0.78s score=0.49s write=0.42s
2026-09-20 10:36:16.792 INFO Memory usage (end of timestep, peak): 228.87 GiB
2026-09-20 10:36:16.792 INFO Memory usage (end of timestep, current): 132.10 GiB
2026-09-20 10:36:16.792 INFO (Iteration 85) reference_counts_per_domain: real 71.68s | cpu 62.64s
2026-09-20 10:36:16.792 INFO (Iteration 85) session_flow_counts: real 1374.94s | cpu 1456.14s
2026-09-20 10:36:16.792 INFO (Iteration 85) flow_classification_supermajority: real 1.74s | cpu 1.57s
2026-09-20 10:36:16.792 INFO Iteration 85 finished in 2069.95s (real) and 2005.37s (process)
2026-09-20 10:36:16.793 INFO Start timestep 2019-11-22 00:00:00+00:00 -> 2019-12-22 00:00:00+00:00
2026-09-20 10:43:13.946 INFO DuckDB memory logs:
  database_name database_size  block_size  ...  wal_size  memory_usage  memory_limit
0   postgres_db       6.3 TiB           0  ...   0 bytes      59.3 GiB     228.8 GiB
1        memory       0 bytes           0  ...   0 bytes      59.3 GiB     228.8 GiB

[2 rows x 9 columns]
2026-09-20 10:43:13.960 INFO Loading data (2019-11-22 00:00:00+00:00 -> 2019-12-22 00:00:00+00:00) done in 417.17s (real) and 341.91s (process)
2026-09-20 10:43:13.960 INFO Memory usage (start of timestep, peak): 228.87 GiB
2026-09-20 10:43:13.960 INFO Memory usage (start of timestep, current): 68.97 GiB
2026-09-20 10:43:13.960 INFO Calculating metrics
2026-09-20 10:43:13.961 INFO Calculating metric: reference_counts_per_domain
2026-09-20 10:44:17.204 INFO Calculating metric: session_flow_counts
Found 3006498 prefs in this timestep.
2026-09-20 11:01:06.842 INFO [session_flow_counts.calculate] total=1009.64s query=52.50s derive=140.41s elicit=814.27s update counters=0.98s write=0.02s rebuttal_searches=0 rebuttal_skipped=0
2026-09-20 11:01:06.955 INFO Calculating metric: flow_classification_supermajority
Fraction of references that are clearly dominated: 9.47%
Fraction of references that are clearly dominating: 11.50%
Fraction of references that are contested: 1.61%
Fraction of references that are unclassified: 77.42%
2026-09-20 11:01:08.808 INFO [flow_classification_supermajority.calculate] total=1.85s classify=0.86s score=0.55s write=0.44s
2026-09-20 11:01:08.866 INFO Memory usage (end of timestep, peak): 228.87 GiB
2026-09-20 11:01:08.867 INFO Memory usage (end of timestep, current): 96.16 GiB
2026-09-20 11:01:08.867 INFO (Iteration 86) reference_counts_per_domain: real 63.24s | cpu 40.65s
2026-09-20 11:01:08.867 INFO (Iteration 86) session_flow_counts: real 1009.75s | cpu 1058.08s
2026-09-20 11:01:08.867 INFO (Iteration 86) flow_classification_supermajority: real 1.91s | cpu 1.73s
2026-09-20 11:01:08.867 INFO Iteration 86 finished in 1492.07s (real) and 1442.37s (process)
2026-09-20 11:01:08.868 INFO Start timestep 2019-12-22 00:00:00+00:00 -> 2020-01-21 00:00:00+00:00
2026-09-20 11:11:43.607 INFO DuckDB memory logs:
  database_name database_size  block_size  ...  wal_size  memory_usage  memory_limit
0   postgres_db       6.3 TiB           0  ...   0 bytes      86.6 GiB     228.8 GiB
1        memory       0 bytes           0  ...   0 bytes      86.6 GiB     228.8 GiB

[2 rows x 9 columns]
2026-09-20 11:11:43.623 INFO Loading data (2019-12-22 00:00:00+00:00 -> 2020-01-21 00:00:00+00:00) done in 634.76s (real) and 492.42s (process)
2026-09-20 11:11:43.623 INFO Memory usage (start of timestep, peak): 228.87 GiB
2026-09-20 11:11:43.624 INFO Memory usage (start of timestep, current): 95.80 GiB
2026-09-20 11:11:43.624 INFO Calculating metrics
2026-09-20 11:11:43.624 INFO Calculating metric: reference_counts_per_domain
2026-09-20 11:12:51.755 INFO Calculating metric: session_flow_counts
Found 10351425 prefs in this timestep.
2026-09-20 11:41:18.476 INFO [session_flow_counts.calculate] total=1706.71s query=95.59s derive=222.32s elicit=1382.86s update counters=3.30s write=0.02s rebuttal_searches=0 rebuttal_skipped=0
2026-09-20 11:41:18.733 INFO Calculating metric: flow_classification_supermajority
Fraction of references that are clearly dominated: 37.32%
Fraction of references that are clearly dominating: 13.20%
Fraction of references that are contested: 1.51%
Fraction of references that are unclassified: 47.98%
2026-09-20 11:41:20.634 INFO [flow_classification_supermajority.calculate] total=1.90s classify=0.86s score=0.57s write=0.47s
2026-09-20 11:41:20.695 INFO Memory usage (end of timestep, peak): 228.87 GiB
2026-09-20 11:41:20.695 INFO Memory usage (end of timestep, current): 132.72 GiB
2026-09-20 11:41:20.695 INFO (Iteration 87) reference_counts_per_domain: real 68.13s | cpu 54.78s
2026-09-20 11:41:20.695 INFO (Iteration 87) session_flow_counts: real 1706.96s | cpu 1785.89s
2026-09-20 11:41:20.695 INFO (Iteration 87) flow_classification_supermajority: real 1.96s | cpu 1.75s
2026-09-20 11:41:20.695 INFO Iteration 87 finished in 2411.83s (real) and 2334.85s (process)
2026-09-20 11:41:20.696 INFO Start timestep 2020-01-21 00:00:00+00:00 -> 2020-02-20 00:00:00+00:00
2026-09-20 11:48:24.992 INFO DuckDB memory logs:
  database_name database_size  block_size  ...  wal_size  memory_usage  memory_limit
0   postgres_db       6.3 TiB           0  ...   0 bytes      60.1 GiB     228.8 GiB
1        memory       0 bytes           0  ...   0 bytes      60.1 GiB     228.8 GiB

[2 rows x 9 columns]
2026-09-20 11:48:25.007 INFO Loading data (2020-01-21 00:00:00+00:00 -> 2020-02-20 00:00:00+00:00) done in 424.31s (real) and 327.92s (process)
2026-09-20 11:48:25.008 INFO Memory usage (start of timestep, peak): 228.87 GiB
2026-09-20 11:48:25.008 INFO Memory usage (start of timestep, current): 69.94 GiB
2026-09-20 11:48:25.008 INFO Calculating metrics
2026-09-20 11:48:25.009 INFO Calculating metric: reference_counts_per_domain
2026-09-20 11:49:26.526 INFO Calculating metric: session_flow_counts
Found 8562173 prefs in this timestep.
2026-09-20 12:06:23.376 INFO [session_flow_counts.calculate] total=1016.85s query=60.53s derive=135.16s elicit=816.47s update counters=2.75s write=0.02s rebuttal_searches=0 rebuttal_skipped=0
2026-09-20 12:06:23.625 INFO Calculating metric: flow_classification_supermajority
Fraction of references that are clearly dominated: 36.65%
Fraction of references that are clearly dominating: 14.21%
Fraction of references that are contested: 1.45%
Fraction of references that are unclassified: 47.69%
2026-09-20 12:06:25.501 INFO [flow_classification_supermajority.calculate] total=1.88s classify=0.88s score=0.56s write=0.44s
2026-09-20 12:06:25.561 INFO Memory usage (end of timestep, peak): 228.87 GiB
2026-09-20 12:06:25.562 INFO Memory usage (end of timestep, current): 100.18 GiB
2026-09-20 12:06:25.562 INFO (Iteration 88) reference_counts_per_domain: real 61.52s | cpu 38.43s
2026-09-20 12:06:25.562 INFO (Iteration 88) session_flow_counts: real 1017.10s | cpu 1070.88s
2026-09-20 12:06:25.562 INFO (Iteration 88) flow_classification_supermajority: real 1.94s | cpu 1.77s
2026-09-20 12:06:25.562 INFO Iteration 88 finished in 1504.87s (real) and 1439.02s (process)
2026-09-20 12:06:25.563 INFO Start timestep 2020-02-20 00:00:00+00:00 -> 2020-03-21 00:00:00+00:00
2026-09-20 12:14:58.952 INFO DuckDB memory logs:
  database_name database_size  block_size  ...  wal_size  memory_usage  memory_limit
0   postgres_db       6.3 TiB           0  ...   0 bytes      73.5 GiB     228.8 GiB
1        memory       0 bytes           0  ...   0 bytes      73.5 GiB     228.8 GiB

[2 rows x 9 columns]
2026-09-20 12:14:58.967 INFO Loading data (2020-02-20 00:00:00+00:00 -> 2020-03-21 00:00:00+00:00) done in 513.40s (real) and 401.21s (process)
2026-09-20 12:14:58.967 INFO Memory usage (start of timestep, peak): 228.87 GiB
2026-09-20 12:14:58.967 INFO Memory usage (start of timestep, current): 82.54 GiB
2026-09-20 12:14:58.967 INFO Calculating metrics
2026-09-20 12:14:58.967 INFO Calculating metric: reference_counts_per_domain
2026-09-20 12:16:05.962 INFO Calculating metric: session_flow_counts
Found 10810440 prefs in this timestep.
2026-09-20 12:37:43.349 INFO [session_flow_counts.calculate] total=1297.37s query=77.40s derive=164.00s elicit=1050.36s update counters=3.72s write=0.05s rebuttal_searches=0 rebuttal_skipped=0
2026-09-20 12:37:43.659 INFO Calculating metric: flow_classification_supermajority
Fraction of references that are clearly dominated: 35.69%
Fraction of references that are clearly dominating: 15.12%
Fraction of references that are contested: 1.39%
Fraction of references that are unclassified: 47.80%
2026-09-20 12:37:45.686 INFO [flow_classification_supermajority.calculate] total=2.03s classify=0.94s score=0.64s write=0.45s
2026-09-20 12:37:45.752 INFO Memory usage (end of timestep, peak): 228.87 GiB
2026-09-20 12:37:45.752 INFO Memory usage (end of timestep, current): 116.81 GiB
2026-09-20 12:37:45.752 INFO (Iteration 89) reference_counts_per_domain: real 67.00s | cpu 47.76s
2026-09-20 12:37:45.752 INFO (Iteration 89) session_flow_counts: real 1297.68s | cpu 1366.28s
2026-09-20 12:37:45.752 INFO (Iteration 89) flow_classification_supermajority: real 2.09s | cpu 1.90s
2026-09-20 12:37:45.752 INFO Iteration 89 finished in 1880.19s (real) and 1817.14s (process)
2026-09-20 12:37:45.753 INFO Start timestep 2020-03-21 00:00:00+00:00 -> 2020-04-20 00:00:00+00:00
2026-09-20 12:46:09.209 INFO DuckDB memory logs:
  database_name database_size  block_size  ...  wal_size  memory_usage  memory_limit
0   postgres_db       6.3 TiB           0  ...   0 bytes      71.8 GiB     228.8 GiB
1        memory       0 bytes           0  ...   0 bytes      71.8 GiB     228.8 GiB

[2 rows x 9 columns]
2026-09-20 12:46:09.224 INFO Loading data (2020-03-21 00:00:00+00:00 -> 2020-04-20 00:00:00+00:00) done in 503.47s (real) and 386.86s (process)
2026-09-20 12:46:09.225 INFO Memory usage (start of timestep, peak): 228.87 GiB
2026-09-20 12:46:09.225 INFO Memory usage (start of timestep, current): 82.64 GiB
2026-09-20 12:46:09.225 INFO Calculating metrics
2026-09-20 12:46:09.225 INFO Calculating metric: reference_counts_per_domain
2026-09-20 12:47:16.990 INFO Calculating metric: session_flow_counts
Found 9228091 prefs in this timestep.
2026-09-20 13:07:56.382 INFO [session_flow_counts.calculate] total=1239.38s query=73.18s derive=171.48s elicit=989.45s update counters=2.96s write=0.02s rebuttal_searches=0 rebuttal_skipped=0
2026-09-20 13:07:56.643 INFO Calculating metric: flow_classification_supermajority
Fraction of references that are clearly dominated: 35.03%
Fraction of references that are clearly dominating: 16.17%
Fraction of references that are contested: 1.33%
Fraction of references that are unclassified: 47.46%
2026-09-20 13:07:58.605 INFO [flow_classification_supermajority.calculate] total=1.96s classify=0.94s score=0.56s write=0.46s
2026-09-20 13:07:58.665 INFO Memory usage (end of timestep, peak): 228.87 GiB
2026-09-20 13:07:58.665 INFO Memory usage (end of timestep, current): 118.19 GiB
2026-09-20 13:07:58.665 INFO (Iteration 90) reference_counts_per_domain: real 67.76s | cpu 45.27s
2026-09-20 13:07:58.665 INFO (Iteration 90) session_flow_counts: real 1239.64s | cpu 1302.55s
2026-09-20 13:07:58.665 INFO (Iteration 90) flow_classification_supermajority: real 2.02s | cpu 1.83s
2026-09-20 13:07:58.665 INFO Iteration 90 finished in 1812.91s (real) and 1736.52s (process)
2026-09-20 13:07:58.666 INFO Start timestep 2020-04-20 00:00:00+00:00 -> 2020-05-20 00:00:00+00:00
2026-09-20 13:17:19.246 INFO DuckDB memory logs:
  database_name database_size  block_size  ...  wal_size  memory_usage  memory_limit
0   postgres_db       6.3 TiB           0  ...   0 bytes      80.9 GiB     228.8 GiB
1        memory       0 bytes           0  ...   0 bytes      80.9 GiB     228.8 GiB

[2 rows x 9 columns]
2026-09-20 13:17:19.261 INFO Loading data (2020-04-20 00:00:00+00:00 -> 2020-05-20 00:00:00+00:00) done in 560.59s (real) and 438.06s (process)
2026-09-20 13:17:19.261 INFO Memory usage (start of timestep, peak): 228.87 GiB
2026-09-20 13:17:19.261 INFO Memory usage (start of timestep, current): 90.57 GiB
2026-09-20 13:17:19.261 INFO Calculating metrics
2026-09-20 13:17:19.261 INFO Calculating metric: reference_counts_per_domain
2026-09-20 13:18:32.780 INFO Calculating metric: session_flow_counts
Found 2271617 prefs in this timestep.
2026-09-20 13:39:12.446 INFO [session_flow_counts.calculate] total=1239.65s query=81.20s derive=193.89s elicit=961.64s update counters=0.77s write=0.02s rebuttal_searches=0 rebuttal_skipped=0
2026-09-20 13:39:12.509 INFO Calculating metric: flow_classification_supermajority
Fraction of references that are clearly dominated: 35.11%
Fraction of references that are clearly dominating: 17.42%
Fraction of references that are contested: 1.26%
Fraction of references that are unclassified: 46.22%
2026-09-20 13:39:14.519 INFO [flow_classification_supermajority.calculate] total=2.01s classify=1.02s score=0.55s write=0.43s
2026-09-20 13:39:14.578 INFO Memory usage (end of timestep, peak): 228.87 GiB
2026-09-20 13:39:14.578 INFO Memory usage (end of timestep, current): 128.08 GiB
2026-09-20 13:39:14.578 INFO (Iteration 91) reference_counts_per_domain: real 73.52s | cpu 52.27s
2026-09-20 13:39:14.578 INFO (Iteration 91) session_flow_counts: real 1239.71s | cpu 1311.98s
2026-09-20 13:39:14.578 INFO (Iteration 91) flow_classification_supermajority: real 2.07s | cpu 1.89s
2026-09-20 13:39:14.578 INFO Iteration 91 finished in 1875.91s (real) and 1804.20s (process)
2026-09-20 13:39:14.579 INFO Start timestep 2020-05-20 00:00:00+00:00 -> 2020-06-19 00:00:00+00:00
2026-09-20 13:44:25.363 INFO DuckDB memory logs:
  database_name database_size  block_size  ...  wal_size  memory_usage  memory_limit
0   postgres_db       6.3 TiB           0  ...   0 bytes      46.1 GiB     228.8 GiB
1        memory       0 bytes           0  ...   0 bytes      46.1 GiB     228.8 GiB

[2 rows x 9 columns]
2026-09-20 13:44:25.377 INFO Loading data (2020-05-20 00:00:00+00:00 -> 2020-06-19 00:00:00+00:00) done in 310.80s (real) and 215.47s (process)
2026-09-20 13:44:25.377 INFO Memory usage (start of timestep, peak): 228.87 GiB
2026-09-20 13:44:25.377 INFO Memory usage (start of timestep, current): 58.37 GiB
2026-09-20 13:44:25.377 INFO Calculating metrics
2026-09-20 13:44:25.377 INFO Calculating metric: reference_counts_per_domain
2026-09-20 13:45:32.661 INFO Calculating metric: session_flow_counts
Found 8487835 prefs in this timestep.
2026-09-20 13:54:17.524 INFO [session_flow_counts.calculate] total=524.85s query=42.37s derive=93.44s elicit=385.27s update counters=2.74s write=0.02s rebuttal_searches=0 rebuttal_skipped=0
2026-09-20 13:54:17.735 INFO Calculating metric: flow_classification_supermajority
Fraction of references that are clearly dominated: 34.73%
Fraction of references that are clearly dominating: 18.03%
Fraction of references that are contested: 1.24%
Fraction of references that are unclassified: 46.01%
2026-09-20 13:54:19.790 INFO [flow_classification_supermajority.calculate] total=2.05s classify=1.01s score=0.61s write=0.44s
2026-09-20 13:54:19.850 INFO Memory usage (end of timestep, peak): 228.87 GiB
2026-09-20 13:54:19.851 INFO Memory usage (end of timestep, current): 73.89 GiB
2026-09-20 13:54:19.851 INFO (Iteration 92) reference_counts_per_domain: real 67.28s | cpu 36.27s
2026-09-20 13:54:19.851 INFO (Iteration 92) session_flow_counts: real 525.06s | cpu 565.97s
2026-09-20 13:54:19.851 INFO (Iteration 92) flow_classification_supermajority: real 2.11s | cpu 1.95s
2026-09-20 13:54:19.851 INFO Iteration 92 finished in 905.27s (real) and 819.66s (process)
2026-09-20 13:54:19.852 INFO Start timestep 2020-06-19 00:00:00+00:00 -> 2020-07-19 00:00:00+00:00
2026-09-20 13:56:05.625 INFO DuckDB memory logs:
  database_name database_size  block_size  ...  wal_size  memory_usage  memory_limit
0   postgres_db       6.3 TiB           0  ...   0 bytes      15.3 GiB     228.8 GiB
1        memory       0 bytes           0  ...   0 bytes      15.3 GiB     228.8 GiB

[2 rows x 9 columns]
2026-09-20 13:56:05.640 INFO Loading data (2020-06-19 00:00:00+00:00 -> 2020-07-19 00:00:00+00:00) done in 105.79s (real) and 148.79s (process)
2026-09-20 13:56:05.640 INFO Memory usage (start of timestep, peak): 228.87 GiB
2026-09-20 13:56:05.640 INFO Memory usage (start of timestep, current): 27.25 GiB
2026-09-20 13:56:05.640 INFO Calculating metrics
2026-09-20 13:56:05.641 INFO Calculating metric: reference_counts_per_domain
2026-09-20 13:57:05.834 INFO Calculating metric: session_flow_counts
Found 147728 prefs in this timestep.
2026-09-20 14:00:36.975 INFO [session_flow_counts.calculate] total=211.14s query=9.94s derive=24.76s elicit=176.09s update counters=0.06s write=0.02s rebuttal_searches=0 rebuttal_skipped=0
2026-09-20 14:00:36.981 INFO Calculating metric: flow_classification_supermajority
Fraction of references that are clearly dominated: 34.77%
Fraction of references that are clearly dominating: 18.02%
Fraction of references that are contested: 1.24%
Fraction of references that are unclassified: 45.97%
2026-09-20 14:00:39.187 INFO [flow_classification_supermajority.calculate] total=2.21s classify=1.10s score=0.66s write=0.44s
2026-09-20 14:00:39.248 INFO Memory usage (end of timestep, peak): 228.87 GiB
2026-09-20 14:00:39.250 INFO Memory usage (end of timestep, current): 34.60 GiB
2026-09-20 14:00:39.250 INFO (Iteration 93) reference_counts_per_domain: real 60.19s | cpu 15.90s
2026-09-20 14:00:39.250 INFO (Iteration 93) session_flow_counts: real 211.14s | cpu 219.99s
2026-09-20 14:00:39.250 INFO (Iteration 93) flow_classification_supermajority: real 2.27s | cpu 2.12s
2026-09-20 14:00:39.250 INFO Iteration 93 finished in 379.40s (real) and 386.81s (process)
2026-09-20 14:00:39.251 INFO Start timestep 2020-07-19 00:00:00+00:00 -> 2020-08-18 00:00:00+00:00
2026-09-20 14:02:53.833 INFO DuckDB memory logs:
  database_name database_size  block_size  ...  wal_size  memory_usage  memory_limit
0   postgres_db       6.3 TiB           0  ...   0 bytes      20.9 GiB     228.8 GiB
1        memory       0 bytes           0  ...   0 bytes      20.9 GiB     228.8 GiB

[2 rows x 9 columns]
2026-09-20 14:02:53.848 INFO Loading data (2020-07-19 00:00:00+00:00 -> 2020-08-18 00:00:00+00:00) done in 134.60s (real) and 106.47s (process)
2026-09-20 14:02:53.848 INFO Memory usage (start of timestep, peak): 228.87 GiB
2026-09-20 14:02:53.848 INFO Memory usage (start of timestep, current): 31.10 GiB
2026-09-20 14:02:53.848 INFO Calculating metrics
2026-09-20 14:02:53.848 INFO Calculating metric: reference_counts_per_domain
2026-09-20 14:03:55.762 INFO Calculating metric: session_flow_counts
Found 706468 prefs in this timestep.
2026-09-20 14:08:02.031 INFO [session_flow_counts.calculate] total=246.27s query=12.68s derive=34.03s elicit=199.07s update counters=0.23s write=0.02s rebuttal_searches=0 rebuttal_skipped=0
2026-09-20 14:08:02.068 INFO Calculating metric: flow_classification_supermajority
Fraction of references that are clearly dominated: 34.70%
Fraction of references that are clearly dominating: 18.09%
Fraction of references that are contested: 1.23%
Fraction of references that are unclassified: 45.98%
2026-09-20 14:08:04.297 INFO [flow_classification_supermajority.calculate] total=2.23s classify=1.13s score=0.64s write=0.47s
2026-09-20 14:08:04.360 INFO Memory usage (end of timestep, peak): 228.87 GiB
2026-09-20 14:08:04.361 INFO Memory usage (end of timestep, current): 41.74 GiB
2026-09-20 14:08:04.361 INFO (Iteration 94) reference_counts_per_domain: real 61.91s | cpu 18.14s
2026-09-20 14:08:04.361 INFO (Iteration 94) session_flow_counts: real 246.31s | cpu 259.29s
2026-09-20 14:08:04.361 INFO (Iteration 94) flow_classification_supermajority: real 2.29s | cpu 2.11s
2026-09-20 14:08:04.361 INFO Iteration 94 finished in 445.11s (real) and 386.02s (process)
2026-09-20 14:08:04.362 INFO Start timestep 2020-08-18 00:00:00+00:00 -> 2020-09-17 00:00:00+00:00
2026-09-20 14:09:33.874 INFO DuckDB memory logs:
  database_name database_size  block_size  ...  wal_size  memory_usage  memory_limit
0   postgres_db       6.3 TiB           0  ...   0 bytes      13.4 GiB     228.8 GiB
1        memory       0 bytes           0  ...   0 bytes      13.4 GiB     228.8 GiB

[2 rows x 9 columns]
2026-09-20 14:09:33.889 INFO Loading data (2020-08-18 00:00:00+00:00 -> 2020-09-17 00:00:00+00:00) done in 89.53s (real) and 59.08s (process)
2026-09-20 14:09:33.889 INFO Memory usage (start of timestep, peak): 228.87 GiB
2026-09-20 14:09:33.889 INFO Memory usage (start of timestep, current): 23.93 GiB
2026-09-20 14:09:33.889 INFO Calculating metrics
2026-09-20 14:09:33.890 INFO Calculating metric: reference_counts_per_domain
2026-09-20 14:10:36.458 INFO Calculating metric: session_flow_counts
Found 202403 prefs in this timestep.
2026-09-20 14:12:58.153 INFO [session_flow_counts.calculate] total=141.69s query=8.89s derive=23.83s elicit=108.71s update counters=0.08s write=0.02s rebuttal_searches=0 rebuttal_skipped=0
2026-09-20 14:12:58.161 INFO Calculating metric: flow_classification_supermajority
Fraction of references that are clearly dominated: 34.61%
Fraction of references that are clearly dominating: 18.09%
Fraction of references that are contested: 1.23%
Fraction of references that are unclassified: 46.07%
2026-09-20 14:13:00.383 INFO [flow_classification_supermajority.calculate] total=2.22s classify=1.14s score=0.64s write=0.45s
2026-09-20 14:13:00.443 INFO Memory usage (end of timestep, peak): 228.87 GiB
2026-09-20 14:13:00.444 INFO Memory usage (end of timestep, current): 32.44 GiB
2026-09-20 14:13:00.444 INFO (Iteration 95) reference_counts_per_domain: real 62.57s | cpu 16.90s
2026-09-20 14:13:00.444 INFO (Iteration 95) session_flow_counts: real 141.70s | cpu 149.59s
2026-09-20 14:13:00.444 INFO (Iteration 95) flow_classification_supermajority: real 2.28s | cpu 2.12s
2026-09-20 14:13:00.444 INFO Iteration 95 finished in 296.08s (real) and 227.68s (process)
2026-09-20 14:13:00.444 INFO Start timestep 2020-09-17 00:00:00+00:00 -> 2020-10-17 00:00:00+00:00
2026-09-20 14:14:26.110 INFO DuckDB memory logs:
  database_name database_size  block_size  ...  wal_size  memory_usage  memory_limit
0   postgres_db       6.3 TiB           0  ...   0 bytes      13.0 GiB     228.8 GiB
1        memory       0 bytes           0  ...   0 bytes      13.0 GiB     228.8 GiB

[2 rows x 9 columns]
2026-09-20 14:14:26.125 INFO Loading data (2020-09-17 00:00:00+00:00 -> 2020-10-17 00:00:00+00:00) done in 85.68s (real) and 55.97s (process)
2026-09-20 14:14:26.125 INFO Memory usage (start of timestep, peak): 228.87 GiB
2026-09-20 14:14:26.125 INFO Memory usage (start of timestep, current): 23.44 GiB
2026-09-20 14:14:26.125 INFO Calculating metrics
2026-09-20 14:14:26.125 INFO Calculating metric: reference_counts_per_domain
2026-09-20 14:15:19.461 INFO Calculating metric: session_flow_counts
Found 48725 prefs in this timestep.
2026-09-20 14:17:59.355 INFO [session_flow_counts.calculate] total=159.89s query=8.63s derive=22.32s elicit=128.74s update counters=0.03s write=0.02s rebuttal_searches=0 rebuttal_skipped=0
2026-09-20 14:17:59.371 INFO Calculating metric: flow_classification_supermajority
Fraction of references that are clearly dominated: 34.51%
Fraction of references that are clearly dominating: 18.09%
Fraction of references that are contested: 1.23%
Fraction of references that are unclassified: 46.17%
2026-09-20 14:18:01.324 INFO [flow_classification_supermajority.calculate] total=1.95s classify=0.94s score=0.58s write=0.44s
2026-09-20 14:18:01.380 INFO Memory usage (end of timestep, peak): 228.87 GiB
2026-09-20 14:18:01.381 INFO Memory usage (end of timestep, current): 30.81 GiB
2026-09-20 14:18:01.381 INFO (Iteration 96) reference_counts_per_domain: real 53.34s | cpu 14.43s
2026-09-20 14:18:01.381 INFO (Iteration 96) session_flow_counts: real 159.91s | cpu 167.60s
2026-09-20 14:18:01.381 INFO (Iteration 96) flow_classification_supermajority: real 2.01s | cpu 1.84s
2026-09-20 14:18:01.381 INFO Iteration 96 finished in 300.94s (real) and 239.83s (process)
2026-09-20 14:18:01.381 INFO Start timestep 2020-10-17 00:00:00+00:00 -> 2020-11-16 00:00:00+00:00
2026-09-20 14:19:34.033 INFO DuckDB memory logs:
  database_name database_size  block_size  ...  wal_size  memory_usage  memory_limit
0   postgres_db       6.3 TiB           0  ...   0 bytes      13.9 GiB     228.8 GiB
1        memory       0 bytes           0  ...   0 bytes      13.9 GiB     228.8 GiB

[2 rows x 9 columns]
2026-09-20 14:19:34.047 INFO Loading data (2020-10-17 00:00:00+00:00 -> 2020-11-16 00:00:00+00:00) done in 92.67s (real) and 60.37s (process)
2026-09-20 14:19:34.047 INFO Memory usage (start of timestep, peak): 228.87 GiB
2026-09-20 14:19:34.047 INFO Memory usage (start of timestep, current): 24.30 GiB
2026-09-20 14:19:34.047 INFO Calculating metrics
2026-09-20 14:19:34.047 INFO Calculating metric: reference_counts_per_domain
2026-09-20 14:20:26.849 INFO Calculating metric: session_flow_counts
Found 44969 prefs in this timestep.
2026-09-20 14:22:40.166 INFO [session_flow_counts.calculate] total=133.32s query=9.47s derive=22.19s elicit=101.45s update counters=0.02s write=0.01s rebuttal_searches=0 rebuttal_skipped=0
2026-09-20 14:22:40.182 INFO Calculating metric: flow_classification_supermajority
Fraction of references that are clearly dominated: 34.46%
Fraction of references that are clearly dominating: 18.14%
Fraction of references that are contested: 1.23%
Fraction of references that are unclassified: 46.16%
2026-09-20 14:22:42.227 INFO [flow_classification_supermajority.calculate] total=2.04s classify=0.97s score=0.60s write=0.48s
2026-09-20 14:22:42.287 INFO Memory usage (end of timestep, peak): 228.87 GiB
2026-09-20 14:22:42.287 INFO Memory usage (end of timestep, current): 33.06 GiB
2026-09-20 14:22:42.287 INFO (Iteration 97) reference_counts_per_domain: real 52.80s | cpu 13.82s
2026-09-20 14:22:42.288 INFO (Iteration 97) session_flow_counts: real 133.33s | cpu 142.34s
2026-09-20 14:22:42.288 INFO (Iteration 97) flow_classification_supermajority: real 2.10s | cpu 1.95s
2026-09-20 14:22:42.288 INFO Iteration 97 finished in 280.91s (real) and 218.48s (process)
2026-09-20 14:22:42.288 INFO Start timestep 2020-11-16 00:00:00+00:00 -> 2020-12-16 00:00:00+00:00
2026-09-20 14:24:14.806 INFO DuckDB memory logs:
  database_name database_size  block_size  ...  wal_size  memory_usage  memory_limit
0   postgres_db       6.3 TiB           0  ...   0 bytes      13.9 GiB     228.8 GiB
1        memory       0 bytes           0  ...   0 bytes      13.9 GiB     228.8 GiB

[2 rows x 9 columns]
2026-09-20 14:24:14.819 INFO Loading data (2020-11-16 00:00:00+00:00 -> 2020-12-16 00:00:00+00:00) done in 92.53s (real) and 60.99s (process)
2026-09-20 14:24:14.819 INFO Memory usage (start of timestep, peak): 228.87 GiB
2026-09-20 14:24:14.820 INFO Memory usage (start of timestep, current): 24.17 GiB
2026-09-20 14:24:14.820 INFO Calculating metrics
2026-09-20 14:24:14.820 INFO Calculating metric: reference_counts_per_domain
2026-09-20 14:25:12.104 INFO Calculating metric: session_flow_counts
Found 747247 prefs in this timestep.
2026-09-20 14:27:18.804 INFO [session_flow_counts.calculate] total=126.70s query=9.38s derive=24.96s elicit=91.92s update counters=0.23s write=0.01s rebuttal_searches=0 rebuttal_skipped=0
2026-09-20 14:27:18.843 INFO Calculating metric: flow_classification_supermajority
Fraction of references that are clearly dominated: 34.40%
Fraction of references that are clearly dominating: 18.17%
Fraction of references that are contested: 1.22%
Fraction of references that are unclassified: 46.21%
2026-09-20 14:27:20.899 INFO [flow_classification_supermajority.calculate] total=2.06s classify=1.02s score=0.60s write=0.43s
2026-09-20 14:27:20.956 INFO Memory usage (end of timestep, peak): 228.87 GiB
2026-09-20 14:27:20.956 INFO Memory usage (end of timestep, current): 31.21 GiB
2026-09-20 14:27:20.956 INFO (Iteration 98) reference_counts_per_domain: real 57.28s | cpu 15.92s
2026-09-20 14:27:20.956 INFO (Iteration 98) session_flow_counts: real 126.74s | cpu 135.45s
2026-09-20 14:27:20.956 INFO (Iteration 98) flow_classification_supermajority: real 2.11s | cpu 1.96s
2026-09-20 14:27:20.956 INFO Iteration 98 finished in 278.67s (real) and 214.32s (process)
2026-09-20 14:27:20.957 INFO Start timestep 2020-12-16 00:00:00+00:00 -> 2021-01-15 00:00:00+00:00
2026-09-20 14:28:56.935 INFO DuckDB memory logs:
  database_name database_size  block_size  ...  wal_size  memory_usage  memory_limit
0   postgres_db       6.3 TiB           0  ...   0 bytes      14.4 GiB     228.8 GiB
1        memory       0 bytes           0  ...   0 bytes      14.4 GiB     228.8 GiB

[2 rows x 9 columns]
2026-09-20 14:28:56.947 INFO Loading data (2020-12-16 00:00:00+00:00 -> 2021-01-15 00:00:00+00:00) done in 95.99s (real) and 76.58s (process)
2026-09-20 14:28:56.947 INFO Memory usage (start of timestep, peak): 228.87 GiB
2026-09-20 14:28:56.947 INFO Memory usage (start of timestep, current): 24.46 GiB
2026-09-20 14:28:56.947 INFO Calculating metrics
2026-09-20 14:28:56.947 INFO Calculating metric: reference_counts_per_domain
2026-09-20 14:29:54.421 INFO Calculating metric: session_flow_counts
Found 150515 prefs in this timestep.
2026-09-20 14:31:53.778 INFO [session_flow_counts.calculate] total=119.36s query=9.89s derive=22.97s elicit=86.26s update counters=0.06s write=0.02s rebuttal_searches=0 rebuttal_skipped=0
2026-09-20 14:31:53.797 INFO Calculating metric: flow_classification_supermajority
Fraction of references that are clearly dominated: 34.34%
Fraction of references that are clearly dominating: 18.22%
Fraction of references that are contested: 1.22%
Fraction of references that are unclassified: 46.22%
2026-09-20 14:31:55.887 INFO [flow_classification_supermajority.calculate] total=2.09s classify=1.06s score=0.60s write=0.43s
2026-09-20 14:31:55.946 INFO Memory usage (end of timestep, peak): 228.87 GiB
2026-09-20 14:31:55.947 INFO Memory usage (end of timestep, current): 33.42 GiB
2026-09-20 14:31:55.947 INFO (Iteration 99) reference_counts_per_domain: real 57.47s | cpu 15.47s
2026-09-20 14:31:55.947 INFO (Iteration 99) session_flow_counts: real 119.37s | cpu 128.86s
2026-09-20 14:31:55.947 INFO (Iteration 99) flow_classification_supermajority: real 2.15s | cpu 1.99s
2026-09-20 14:31:55.947 INFO Iteration 99 finished in 274.99s (real) and 222.91s (process)
2026-09-20 14:31:55.948 INFO Start timestep 2021-01-15 00:00:00+00:00 -> 2021-02-14 00:00:00+00:00
2026-09-20 14:33:56.160 INFO DuckDB memory logs:
  database_name database_size  block_size  ...  wal_size  memory_usage  memory_limit
0   postgres_db       6.3 TiB           0  ...   0 bytes      18.2 GiB     228.8 GiB
1        memory       0 bytes           0  ...   0 bytes      18.2 GiB     228.8 GiB

[2 rows x 9 columns]
2026-09-20 14:33:56.174 INFO Loading data (2021-01-15 00:00:00+00:00 -> 2021-02-14 00:00:00+00:00) done in 120.23s (real) and 78.30s (process)
2026-09-20 14:33:56.174 INFO Memory usage (start of timestep, peak): 228.87 GiB
2026-09-20 14:33:56.174 INFO Memory usage (start of timestep, current): 28.14 GiB
2026-09-20 14:33:56.174 INFO Calculating metrics
2026-09-20 14:33:56.175 INFO Calculating metric: reference_counts_per_domain
2026-09-20 14:35:04.773 INFO Calculating metric: session_flow_counts
Found 94952 prefs in this timestep.
2026-09-20 14:41:26.761 INFO [session_flow_counts.calculate] total=381.97s query=11.44s derive=35.95s elicit=334.29s update counters=0.03s write=0.02s rebuttal_searches=0 rebuttal_skipped=0
2026-09-20 14:41:26.782 INFO Calculating metric: flow_classification_supermajority
Fraction of references that are clearly dominated: 33.99%
Fraction of references that are clearly dominating: 18.04%
Fraction of references that are contested: 1.21%
Fraction of references that are unclassified: 46.77%
2026-09-20 14:41:28.882 INFO [flow_classification_supermajority.calculate] total=2.10s classify=1.03s score=0.62s write=0.45s
2026-09-20 14:41:28.949 INFO Memory usage (end of timestep, peak): 228.87 GiB
2026-09-20 14:41:28.950 INFO Memory usage (end of timestep, current): 39.84 GiB
2026-09-20 14:41:28.950 INFO (Iteration 100) reference_counts_per_domain: real 68.60s | cpu 21.54s
2026-09-20 14:41:28.950 INFO (Iteration 100) session_flow_counts: real 382.00s | cpu 393.49s
2026-09-20 14:41:28.950 INFO (Iteration 100) flow_classification_supermajority: real 2.17s | cpu 2.02s
2026-09-20 14:41:28.950 INFO Iteration 100 finished in 573.00s (real) and 495.35s (process)
2026-09-20 14:41:28.951 INFO Start timestep 2021-02-14 00:00:00+00:00 -> 2021-03-16 00:00:00+00:00
2026-09-20 14:47:56.037 INFO DuckDB memory logs:
  database_name database_size  block_size  ...  wal_size  memory_usage  memory_limit
0   postgres_db       6.3 TiB           0  ...   0 bytes      57.3 GiB     228.8 GiB
1        memory       0 bytes           0  ...   0 bytes      57.3 GiB     228.8 GiB

[2 rows x 9 columns]
2026-09-20 14:47:56.051 INFO Loading data (2021-02-14 00:00:00+00:00 -> 2021-03-16 00:00:00+00:00) done in 387.10s (real) and 345.00s (process)
2026-09-20 14:47:56.051 INFO Memory usage (start of timestep, peak): 228.87 GiB
2026-09-20 14:47:56.052 INFO Memory usage (start of timestep, current): 66.12 GiB
2026-09-20 14:47:56.052 INFO Calculating metrics
2026-09-20 14:47:56.052 INFO Calculating metric: reference_counts_per_domain
2026-09-20 14:49:17.636 INFO Calculating metric: session_flow_counts
Found 708759 prefs in this timestep.
2026-09-20 15:03:35.736 INFO [session_flow_counts.calculate] total=858.09s query=43.83s derive=126.24s elicit=686.17s update counters=0.26s write=0.02s rebuttal_searches=0 rebuttal_skipped=0
2026-09-20 15:03:35.783 INFO Calculating metric: flow_classification_supermajority
Fraction of references that are clearly dominated: 32.46%
Fraction of references that are clearly dominating: 17.30%
Fraction of references that are contested: 1.17%
Fraction of references that are unclassified: 49.08%
2026-09-20 15:03:38.259 INFO [flow_classification_supermajority.calculate] total=2.47s classify=1.29s score=0.68s write=0.50s
2026-09-20 15:03:38.335 INFO Memory usage (end of timestep, peak): 228.87 GiB
2026-09-20 15:03:38.335 INFO Memory usage (end of timestep, current): 96.12 GiB
2026-09-20 15:03:38.335 INFO (Iteration 101) reference_counts_per_domain: real 81.58s | cpu 36.84s
2026-09-20 15:03:38.335 INFO (Iteration 101) session_flow_counts: real 858.13s | cpu 902.00s
2026-09-20 15:03:38.335 INFO (Iteration 101) flow_classification_supermajority: real 2.55s | cpu 2.37s
2026-09-20 15:03:38.335 INFO Iteration 101 finished in 1329.38s (real) and 1286.22s (process)
2026-09-20 15:03:38.336 INFO Start timestep 2021-03-16 00:00:00+00:00 -> 2021-04-15 00:00:00+00:00
2026-09-20 15:09:21.389 INFO DuckDB memory logs:
  database_name database_size  block_size  ...  wal_size  memory_usage  memory_limit
0   postgres_db       6.3 TiB           0  ...   0 bytes      50.8 GiB     228.8 GiB
1        memory       0 bytes           0  ...   0 bytes      50.8 GiB     228.8 GiB

[2 rows x 9 columns]
2026-09-20 15:09:21.404 INFO Loading data (2021-03-16 00:00:00+00:00 -> 2021-04-15 00:00:00+00:00) done in 343.07s (real) and 305.22s (process)
2026-09-20 15:09:21.404 INFO Memory usage (start of timestep, peak): 228.87 GiB
2026-09-20 15:09:21.405 INFO Memory usage (start of timestep, current): 61.10 GiB
2026-09-20 15:09:21.405 INFO Calculating metrics
2026-09-20 15:09:21.405 INFO Calculating metric: reference_counts_per_domain
2026-09-20 15:10:47.764 INFO Calculating metric: session_flow_counts
Found 836755 prefs in this timestep.
2026-09-20 15:24:34.803 INFO [session_flow_counts.calculate] total=827.03s query=42.23s derive=130.44s elicit=652.44s update counters=0.28s write=0.02s rebuttal_searches=0 rebuttal_skipped=0
2026-09-20 15:24:34.857 INFO Calculating metric: flow_classification_supermajority
Fraction of references that are clearly dominated: 31.13%
Fraction of references that are clearly dominating: 16.65%
Fraction of references that are contested: 1.12%
Fraction of references that are unclassified: 51.10%
2026-09-20 15:24:37.435 INFO [flow_classification_supermajority.calculate] total=2.58s classify=1.42s score=0.69s write=0.47s
2026-09-20 15:24:37.515 INFO Memory usage (end of timestep, peak): 228.87 GiB
2026-09-20 15:24:37.515 INFO Memory usage (end of timestep, current): 91.48 GiB
2026-09-20 15:24:37.515 INFO (Iteration 102) reference_counts_per_domain: real 86.36s | cpu 38.25s
2026-09-20 15:24:37.515 INFO (Iteration 102) session_flow_counts: real 827.08s | cpu 867.83s
2026-09-20 15:24:37.515 INFO (Iteration 102) flow_classification_supermajority: real 2.66s | cpu 2.50s
2026-09-20 15:24:37.515 INFO Iteration 102 finished in 1259.18s (real) and 1213.81s (process)
2026-09-20 15:24:37.516 INFO Start timestep 2021-04-15 00:00:00+00:00 -> 2021-05-15 00:00:00+00:00
2026-09-20 15:29:58.471 INFO DuckDB memory logs:
  database_name database_size  block_size  ...  wal_size  memory_usage  memory_limit
0   postgres_db       6.3 TiB           0  ...   0 bytes      47.5 GiB     228.8 GiB
1        memory       0 bytes           0  ...   0 bytes      47.5 GiB     228.8 GiB

[2 rows x 9 columns]
2026-09-20 15:29:58.485 INFO Loading data (2021-04-15 00:00:00+00:00 -> 2021-05-15 00:00:00+00:00) done in 320.97s (real) and 239.98s (process)
2026-09-20 15:29:58.486 INFO Memory usage (start of timestep, peak): 228.87 GiB
2026-09-20 15:29:58.486 INFO Memory usage (start of timestep, current): 58.96 GiB
2026-09-20 15:29:58.486 INFO Calculating metrics
2026-09-20 15:29:58.486 INFO Calculating metric: reference_counts_per_domain
2026-09-20 15:31:22.314 INFO Calculating metric: session_flow_counts
Found 22892 prefs in this timestep.
2026-09-20 15:43:28.142 INFO [session_flow_counts.calculate] total=725.81s query=38.42s derive=113.85s elicit=572.12s update counters=0.02s write=0.02s rebuttal_searches=0 rebuttal_skipped=0
2026-09-20 15:43:28.159 INFO Calculating metric: flow_classification_supermajority
Fraction of references that are clearly dominated: 29.96%
Fraction of references that are clearly dominating: 16.02%
Fraction of references that are contested: 1.07%
Fraction of references that are unclassified: 52.95%
2026-09-20 15:43:30.741 INFO [flow_classification_supermajority.calculate] total=2.58s classify=1.39s score=0.71s write=0.49s
2026-09-20 15:43:30.826 INFO Memory usage (end of timestep, peak): 228.87 GiB
2026-09-20 15:43:30.826 INFO Memory usage (end of timestep, current): 83.86 GiB
2026-09-20 15:43:30.826 INFO (Iteration 103) reference_counts_per_domain: real 83.83s | cpu 35.28s
2026-09-20 15:43:30.826 INFO (Iteration 103) session_flow_counts: real 725.83s | cpu 763.92s
2026-09-20 15:43:30.826 INFO (Iteration 103) flow_classification_supermajority: real 2.67s | cpu 2.49s
2026-09-20 15:43:30.827 INFO Iteration 103 finished in 1133.31s (real) and 1041.68s (process)
2026-09-20 15:43:30.827 INFO Start timestep 2021-05-15 00:00:00+00:00 -> 2021-06-14 00:00:00+00:00
2026-09-20 15:45:19.693 INFO DuckDB memory logs:
  database_name database_size  block_size  ...  wal_size  memory_usage  memory_limit
0   postgres_db       6.3 TiB           0  ...   0 bytes      16.4 GiB     228.8 GiB
1        memory       0 bytes           0  ...   0 bytes      16.4 GiB     228.8 GiB

[2 rows x 9 columns]
2026-09-20 15:45:19.707 INFO Loading data (2021-05-15 00:00:00+00:00 -> 2021-06-14 00:00:00+00:00) done in 108.88s (real) and 79.63s (process)
2026-09-20 15:45:19.708 INFO Memory usage (start of timestep, peak): 228.87 GiB
2026-09-20 15:45:19.708 INFO Memory usage (start of timestep, current): 28.34 GiB
2026-09-20 15:45:19.708 INFO Calculating metrics
2026-09-20 15:45:19.708 INFO Calculating metric: reference_counts_per_domain
2026-09-20 15:46:37.807 INFO Calculating metric: session_flow_counts
Found 1461172 prefs in this timestep.
2026-09-20 15:49:59.096 INFO [session_flow_counts.calculate] total=201.28s query=11.72s derive=32.46s elicit=156.32s update counters=0.46s write=0.02s rebuttal_searches=0 rebuttal_skipped=0
2026-09-20 15:49:59.163 INFO Calculating metric: flow_classification_supermajority
Fraction of references that are clearly dominated: 29.75%
Fraction of references that are clearly dominating: 15.93%
Fraction of references that are contested: 1.06%
Fraction of references that are unclassified: 53.26%
2026-09-20 15:50:01.749 INFO [flow_classification_supermajority.calculate] total=2.59s classify=1.42s score=0.70s write=0.47s
2026-09-20 15:50:01.828 INFO Memory usage (end of timestep, peak): 228.87 GiB
2026-09-20 15:50:01.829 INFO Memory usage (end of timestep, current): 38.20 GiB
2026-09-20 15:50:01.829 INFO (Iteration 104) reference_counts_per_domain: real 78.10s | cpu 20.06s
2026-09-20 15:50:01.829 INFO (Iteration 104) session_flow_counts: real 201.34s | cpu 212.83s
2026-09-20 15:50:01.829 INFO (Iteration 104) flow_classification_supermajority: real 2.67s | cpu 2.51s
2026-09-20 15:50:01.829 INFO Iteration 104 finished in 391.00s (real) and 315.02s (process)
2026-09-20 15:50:01.830 INFO Start timestep 2021-06-14 00:00:00+00:00 -> 2021-07-14 00:00:00+00:00
2026-09-20 15:53:26.691 INFO DuckDB memory logs:
  database_name database_size  block_size  ...  wal_size  memory_usage  memory_limit
0   postgres_db       6.3 TiB           0  ...   0 bytes      29.7 GiB     228.8 GiB
1        memory       0 bytes           0  ...   0 bytes      29.7 GiB     228.8 GiB

[2 rows x 9 columns]
2026-09-20 15:53:26.705 INFO Loading data (2021-06-14 00:00:00+00:00 -> 2021-07-14 00:00:00+00:00) done in 204.88s (real) and 148.67s (process)
2026-09-20 15:53:26.705 INFO Memory usage (start of timestep, peak): 228.87 GiB
2026-09-20 15:53:26.706 INFO Memory usage (start of timestep, current): 40.42 GiB
2026-09-20 15:53:26.706 INFO Calculating metrics
2026-09-20 15:53:26.706 INFO Calculating metric: reference_counts_per_domain
2026-09-20 15:54:47.860 INFO Calculating metric: session_flow_counts
Found 215662 prefs in this timestep.
2026-09-20 16:02:25.392 INFO [session_flow_counts.calculate] total=457.52s query=22.08s derive=69.10s elicit=365.39s update counters=0.11s write=0.01s rebuttal_searches=0 rebuttal_skipped=0
2026-09-20 16:02:25.417 INFO Calculating metric: flow_classification_supermajority
Fraction of references that are clearly dominated: 29.10%
Fraction of references that are clearly dominating: 15.59%
Fraction of references that are contested: 1.04%
Fraction of references that are unclassified: 54.28%
2026-09-20 16:02:27.948 INFO [flow_classification_supermajority.calculate] total=2.53s classify=1.35s score=0.70s write=0.47s
2026-09-20 16:02:28.026 INFO Memory usage (end of timestep, peak): 228.87 GiB
2026-09-20 16:02:28.026 INFO Memory usage (end of timestep, current): 57.62 GiB
2026-09-20 16:02:28.026 INFO (Iteration 105) reference_counts_per_domain: real 81.15s | cpu 26.10s
2026-09-20 16:02:28.026 INFO (Iteration 105) session_flow_counts: real 457.54s | cpu 479.89s
2026-09-20 16:02:28.026 INFO (Iteration 105) flow_classification_supermajority: real 2.61s | cpu 2.46s
2026-09-20 16:02:28.026 INFO Iteration 105 finished in 746.20s (real) and 657.13s (process)
2026-09-20 16:02:28.027 INFO Start timestep 2021-07-14 00:00:00+00:00 -> 2021-08-13 00:00:00+00:00
2026-09-20 16:05:07.952 INFO DuckDB memory logs:
  database_name database_size  block_size  ...  wal_size  memory_usage  memory_limit
0   postgres_db       6.3 TiB           0  ...   0 bytes      24.1 GiB     228.8 GiB
1        memory       0 bytes           0  ...   0 bytes      24.1 GiB     228.8 GiB

[2 rows x 9 columns]
2026-09-20 16:05:07.966 INFO Loading data (2021-07-14 00:00:00+00:00 -> 2021-08-13 00:00:00+00:00) done in 159.94s (real) and 117.45s (process)
2026-09-20 16:05:07.966 INFO Memory usage (start of timestep, peak): 228.87 GiB
2026-09-20 16:05:07.967 INFO Memory usage (start of timestep, current): 35.99 GiB
2026-09-20 16:05:07.967 INFO Calculating metrics
2026-09-20 16:05:07.967 INFO Calculating metric: reference_counts_per_domain
2026-09-20 16:06:29.349 INFO Calculating metric: session_flow_counts
Found 38390 prefs in this timestep.
2026-09-20 16:13:22.083 INFO [session_flow_counts.calculate] total=412.72s query=18.78s derive=57.69s elicit=335.56s update counters=0.02s write=0.02s rebuttal_searches=0 rebuttal_skipped=0
2026-09-20 16:13:22.102 INFO Calculating metric: flow_classification_supermajority
Fraction of references that are clearly dominated: 28.58%
Fraction of references that are clearly dominating: 15.32%
Fraction of references that are contested: 1.02%
Fraction of references that are unclassified: 55.08%
2026-09-20 16:13:24.723 INFO [flow_classification_supermajority.calculate] total=2.62s classify=1.40s score=0.72s write=0.50s
2026-09-20 16:13:24.805 INFO Memory usage (end of timestep, peak): 228.87 GiB
2026-09-20 16:13:24.806 INFO Memory usage (end of timestep, current): 49.62 GiB
2026-09-20 16:13:24.806 INFO (Iteration 106) reference_counts_per_domain: real 81.38s | cpu 23.84s
2026-09-20 16:13:24.806 INFO (Iteration 106) session_flow_counts: real 412.74s | cpu 430.52s
2026-09-20 16:13:24.806 INFO (Iteration 106) flow_classification_supermajority: real 2.70s | cpu 2.53s
2026-09-20 16:13:24.806 INFO Iteration 106 finished in 656.78s (real) and 574.34s (process)
2026-09-20 16:13:24.807 INFO Start timestep 2021-08-13 00:00:00+00:00 -> 2021-09-12 00:00:00+00:00
2026-09-20 16:17:37.319 INFO DuckDB memory logs:
  database_name database_size  block_size  ...  wal_size  memory_usage  memory_limit
0   postgres_db       6.3 TiB           0  ...   0 bytes      37.4 GiB     228.8 GiB
1        memory       0 bytes           0  ...   0 bytes      37.4 GiB     228.8 GiB

[2 rows x 9 columns]
2026-09-20 16:17:37.333 INFO Loading data (2021-08-13 00:00:00+00:00 -> 2021-09-12 00:00:00+00:00) done in 252.53s (real) and 186.26s (process)
2026-09-20 16:17:37.334 INFO Memory usage (start of timestep, peak): 228.87 GiB
2026-09-20 16:17:37.334 INFO Memory usage (start of timestep, current): 48.70 GiB
2026-09-20 16:17:37.334 INFO Calculating metrics
2026-09-20 16:17:37.334 INFO Calculating metric: reference_counts_per_domain
2026-09-20 16:19:00.184 INFO Calculating metric: session_flow_counts
Found 25217 prefs in this timestep.
2026-09-20 16:27:38.429 INFO [session_flow_counts.calculate] total=518.23s query=31.85s derive=86.55s elicit=398.68s update counters=0.01s write=0.02s rebuttal_searches=0 rebuttal_skipped=0
2026-09-20 16:27:38.445 INFO Calculating metric: flow_classification_supermajority
Fraction of references that are clearly dominated: 27.74%
Fraction of references that are clearly dominating: 14.87%
Fraction of references that are contested: 0.99%
Fraction of references that are unclassified: 56.40%
2026-09-20 16:27:41.054 INFO [flow_classification_supermajority.calculate] total=2.61s classify=1.39s score=0.72s write=0.50s
2026-09-20 16:27:41.132 INFO Memory usage (end of timestep, peak): 228.87 GiB
2026-09-20 16:27:41.133 INFO Memory usage (end of timestep, current): 76.81 GiB
2026-09-20 16:27:41.133 INFO (Iteration 107) reference_counts_per_domain: real 82.85s | cpu 24.60s
2026-09-20 16:27:41.133 INFO (Iteration 107) session_flow_counts: real 518.25s | cpu 547.84s
2026-09-20 16:27:41.133 INFO (Iteration 107) flow_classification_supermajority: real 2.69s | cpu 2.52s
2026-09-20 16:27:41.133 INFO Iteration 107 finished in 856.33s (real) and 761.22s (process)
2026-09-20 16:27:41.134 INFO Start timestep 2021-09-12 00:00:00+00:00 -> 2021-10-12 00:00:00+00:00
2026-09-20 16:28:44.712 INFO DuckDB memory logs:
  database_name database_size  block_size  ...  wal_size  memory_usage  memory_limit
0   postgres_db       6.3 TiB           0  ...   0 bytes       9.2 GiB     228.8 GiB
1        memory       0 bytes           0  ...   0 bytes       9.2 GiB     228.8 GiB

[2 rows x 9 columns]
2026-09-20 16:28:44.727 INFO Loading data (2021-09-12 00:00:00+00:00 -> 2021-10-12 00:00:00+00:00) done in 63.59s (real) and 57.02s (process)
2026-09-20 16:28:44.727 INFO Memory usage (start of timestep, peak): 228.87 GiB
2026-09-20 16:28:44.727 INFO Memory usage (start of timestep, current): 21.28 GiB
2026-09-20 16:28:44.727 INFO Calculating metrics
2026-09-20 16:28:44.727 INFO Calculating metric: reference_counts_per_domain
2026-09-20 16:29:47.150 INFO Calculating metric: session_flow_counts
Found 391116 prefs in this timestep.
2026-09-20 16:31:19.188 INFO [session_flow_counts.calculate] total=92.04s query=5.65s derive=13.82s elicit=72.31s update counters=0.12s write=0.02s rebuttal_searches=0 rebuttal_skipped=0
2026-09-20 16:31:19.223 INFO Calculating metric: flow_classification_supermajority
Fraction of references that are clearly dominated: 27.85%
Fraction of references that are clearly dominating: 14.86%
Fraction of references that are contested: 0.99%
Fraction of references that are unclassified: 56.30%
2026-09-20 16:31:21.331 INFO [flow_classification_supermajority.calculate] total=2.11s classify=1.01s score=0.64s write=0.46s
2026-09-20 16:31:21.398 INFO Memory usage (end of timestep, peak): 228.87 GiB
2026-09-20 16:31:21.399 INFO Memory usage (end of timestep, current): 25.46 GiB
2026-09-20 16:31:21.399 INFO (Iteration 108) reference_counts_per_domain: real 62.42s | cpu 13.22s
2026-09-20 16:31:21.399 INFO (Iteration 108) session_flow_counts: real 92.07s | cpu 97.57s
2026-09-20 16:31:21.399 INFO (Iteration 108) flow_classification_supermajority: real 2.17s | cpu 2.02s
2026-09-20 16:31:21.399 INFO Iteration 108 finished in 220.27s (real) and 169.84s (process)
2026-09-20 16:31:21.400 INFO Start timestep 2021-10-12 00:00:00+00:00 -> 2021-11-11 00:00:00+00:00
2026-09-20 16:32:48.347 INFO DuckDB memory logs:
  database_name database_size  block_size  ...  wal_size  memory_usage  memory_limit
0   postgres_db       6.3 TiB           0  ...   0 bytes      13.4 GiB     228.8 GiB
1        memory       0 bytes           0  ...   0 bytes      13.4 GiB     228.8 GiB

[2 rows x 9 columns]
2026-09-20 16:32:48.362 INFO Loading data (2021-10-12 00:00:00+00:00 -> 2021-11-11 00:00:00+00:00) done in 86.96s (real) and 62.13s (process)
2026-09-20 16:32:48.362 INFO Memory usage (start of timestep, peak): 228.87 GiB
2026-09-20 16:32:48.363 INFO Memory usage (start of timestep, current): 24.56 GiB
2026-09-20 16:32:48.363 INFO Calculating metrics
2026-09-20 16:32:48.363 INFO Calculating metric: reference_counts_per_domain
2026-09-20 16:33:50.129 INFO Calculating metric: session_flow_counts
Found 699452 prefs in this timestep.
2026-09-20 16:36:28.049 INFO [session_flow_counts.calculate] total=157.92s query=8.68s derive=19.54s elicit=129.29s update counters=0.22s write=0.02s rebuttal_searches=0 rebuttal_skipped=0
2026-09-20 16:36:28.096 INFO Calculating metric: flow_classification_supermajority
Fraction of references that are clearly dominated: 27.80%
Fraction of references that are clearly dominating: 14.84%
Fraction of references that are contested: 1.00%
Fraction of references that are unclassified: 56.36%
2026-09-20 16:36:30.358 INFO [flow_classification_supermajority.calculate] total=2.26s classify=1.11s score=0.64s write=0.51s
2026-09-20 16:36:30.429 INFO Memory usage (end of timestep, peak): 228.87 GiB
2026-09-20 16:36:30.429 INFO Memory usage (end of timestep, current): 33.57 GiB
2026-09-20 16:36:30.429 INFO (Iteration 109) reference_counts_per_domain: real 61.77s | cpu 13.18s
2026-09-20 16:36:30.429 INFO (Iteration 109) session_flow_counts: real 157.97s | cpu 166.26s
2026-09-20 16:36:30.429 INFO (Iteration 109) flow_classification_supermajority: real 2.33s | cpu 2.13s
2026-09-20 16:36:30.429 INFO Iteration 109 finished in 309.03s (real) and 243.70s (process)
2026-09-20 16:36:30.430 INFO Start timestep 2021-11-11 00:00:00+00:00 -> 2021-12-11 00:00:00+00:00
2026-09-20 16:37:31.720 INFO DuckDB memory logs:
  database_name database_size  block_size  ...  wal_size  memory_usage  memory_limit
0   postgres_db       6.3 TiB           0  ...   0 bytes       9.5 GiB     228.8 GiB
1        memory       0 bytes           0  ...   0 bytes       9.5 GiB     228.8 GiB

[2 rows x 9 columns]
2026-09-20 16:37:31.721 INFO Loading data (2021-11-11 00:00:00+00:00 -> 2021-12-11 00:00:00+00:00) done in 61.29s (real) and 43.86s (process)
2026-09-20 16:37:31.721 INFO Memory usage (start of timestep, peak): 228.87 GiB
2026-09-20 16:37:31.721 INFO Memory usage (start of timestep, current): 20.78 GiB
2026-09-20 16:37:31.721 INFO Calculating metrics
2026-09-20 16:37:31.721 INFO Calculating metric: reference_counts_per_domain
2026-09-20 16:38:37.530 INFO Calculating metric: session_flow_counts
Found 399572 prefs in this timestep.
2026-09-20 16:40:21.298 INFO [session_flow_counts.calculate] total=103.75s query=5.05s derive=15.47s elicit=82.98s update counters=0.13s write=0.02s rebuttal_searches=0 rebuttal_skipped=0
2026-09-20 16:40:21.335 INFO Calculating metric: flow_classification_supermajority
Fraction of references that are clearly dominated: 27.79%
Fraction of references that are clearly dominating: 14.83%
Fraction of references that are contested: 1.00%
Fraction of references that are unclassified: 56.37%
2026-09-20 16:40:23.686 INFO [flow_classification_supermajority.calculate] total=2.35s classify=1.22s score=0.65s write=0.48s
2026-09-20 16:40:23.755 INFO Memory usage (end of timestep, peak): 228.87 GiB
2026-09-20 16:40:23.756 INFO Memory usage (end of timestep, current): 25.84 GiB
2026-09-20 16:40:23.756 INFO (Iteration 110) reference_counts_per_domain: real 65.81s | cpu 14.64s
2026-09-20 16:40:23.756 INFO (Iteration 110) session_flow_counts: real 103.79s | cpu 108.57s
2026-09-20 16:40:23.756 INFO (Iteration 110) flow_classification_supermajority: real 2.42s | cpu 2.25s
2026-09-20 16:40:23.756 INFO Iteration 110 finished in 233.33s (real) and 169.33s (process)
2026-09-20 16:40:23.757 INFO Start timestep 2021-12-11 00:00:00+00:00 -> 2022-01-10 00:00:00+00:00
2026-09-20 16:41:30.649 INFO DuckDB memory logs:
  database_name database_size  block_size  ...  wal_size  memory_usage  memory_limit
0   postgres_db       6.3 TiB           0  ...   0 bytes      10.2 GiB     228.8 GiB
1        memory       0 bytes           0  ...   0 bytes      10.2 GiB     228.8 GiB

[2 rows x 9 columns]
2026-09-20 16:41:30.664 INFO Loading data (2021-12-11 00:00:00+00:00 -> 2022-01-10 00:00:00+00:00) done in 66.91s (real) and 48.14s (process)
2026-09-20 16:41:30.664 INFO Memory usage (start of timestep, peak): 228.87 GiB
2026-09-20 16:41:30.665 INFO Memory usage (start of timestep, current): 21.49 GiB
2026-09-20 16:41:30.665 INFO Calculating metrics
2026-09-20 16:41:30.665 INFO Calculating metric: reference_counts_per_domain
2026-09-20 16:42:37.838 INFO Calculating metric: session_flow_counts
Found 932112 prefs in this timestep.
2026-09-20 16:44:18.372 INFO [session_flow_counts.calculate] total=100.52s query=5.74s derive=14.59s elicit=79.79s update counters=0.28s write=0.02s rebuttal_searches=0 rebuttal_skipped=0
2026-09-20 16:44:18.424 INFO Calculating metric: flow_classification_supermajority
Fraction of references that are clearly dominated: 27.80%
Fraction of references that are clearly dominating: 14.84%
Fraction of references that are contested: 1.00%
Fraction of references that are unclassified: 56.36%
2026-09-20 16:44:20.819 INFO [flow_classification_supermajority.calculate] total=2.39s classify=1.24s score=0.66s write=0.49s
2026-09-20 16:44:20.892 INFO Memory usage (end of timestep, peak): 228.87 GiB
2026-09-20 16:44:20.893 INFO Memory usage (end of timestep, current): 25.97 GiB
2026-09-20 16:44:20.893 INFO (Iteration 111) reference_counts_per_domain: real 67.17s | cpu 14.95s
2026-09-20 16:44:20.893 INFO (Iteration 111) session_flow_counts: real 100.57s | cpu 106.21s
2026-09-20 16:44:20.893 INFO (Iteration 111) flow_classification_supermajority: real 2.47s | cpu 2.29s
2026-09-20 16:44:20.893 INFO Iteration 111 finished in 237.14s (real) and 171.59s (process)
2026-09-20 16:44:20.893 INFO Start timestep 2022-01-10 00:00:00+00:00 -> 2022-02-09 00:00:00+00:00
2026-09-20 16:45:16.533 INFO DuckDB memory logs:
  database_name database_size  block_size  ...  wal_size  memory_usage  memory_limit
0   postgres_db       6.3 TiB           0  ...   0 bytes       8.5 GiB     228.8 GiB
1        memory       0 bytes           0  ...   0 bytes       8.5 GiB     228.8 GiB

[2 rows x 9 columns]
2026-09-20 16:45:16.533 INFO Loading data (2022-01-10 00:00:00+00:00 -> 2022-02-09 00:00:00+00:00) done in 55.64s (real) and 39.86s (process)
2026-09-20 16:45:16.533 INFO Memory usage (start of timestep, peak): 228.87 GiB
2026-09-20 16:45:16.534 INFO Memory usage (start of timestep, current): 19.79 GiB
2026-09-20 16:45:16.534 INFO Calculating metrics
2026-09-20 16:45:16.534 INFO Calculating metric: reference_counts_per_domain
2026-09-20 16:46:22.424 INFO Calculating metric: session_flow_counts
Found 810676 prefs in this timestep.
2026-09-20 16:47:43.697 INFO [session_flow_counts.calculate] total=81.26s query=5.09s derive=12.78s elicit=63.03s update counters=0.25s write=0.02s rebuttal_searches=0 rebuttal_skipped=0
2026-09-20 16:47:43.750 INFO Calculating metric: flow_classification_supermajority
Fraction of references that are clearly dominated: 27.76%
Fraction of references that are clearly dominating: 14.82%
Fraction of references that are contested: 1.00%
Fraction of references that are unclassified: 56.41%
2026-09-20 16:47:46.136 INFO [flow_classification_supermajority.calculate] total=2.39s classify=1.24s score=0.67s write=0.47s
2026-09-20 16:47:46.208 INFO Memory usage (end of timestep, peak): 228.87 GiB
2026-09-20 16:47:46.209 INFO Memory usage (end of timestep, current): 23.77 GiB
2026-09-20 16:47:46.209 INFO (Iteration 112) reference_counts_per_domain: real 65.89s | cpu 12.83s
2026-09-20 16:47:46.209 INFO (Iteration 112) session_flow_counts: real 81.31s | cpu 85.99s
2026-09-20 16:47:46.209 INFO (Iteration 112) flow_classification_supermajority: real 2.46s | cpu 2.30s
2026-09-20 16:47:46.209 INFO Iteration 112 finished in 205.32s (real) and 140.98s (process)
2026-09-20 16:47:46.210 INFO Start timestep 2022-02-09 00:00:00+00:00 -> 2022-03-11 00:00:00+00:00
2026-09-20 16:48:56.806 INFO DuckDB memory logs:
  database_name database_size  block_size  ...  wal_size  memory_usage  memory_limit
0   postgres_db       6.3 TiB           0  ...   0 bytes      10.8 GiB     228.8 GiB
1        memory       0 bytes           0  ...   0 bytes      10.8 GiB     228.8 GiB

[2 rows x 9 columns]
2026-09-20 16:48:56.820 INFO Loading data (2022-02-09 00:00:00+00:00 -> 2022-03-11 00:00:00+00:00) done in 70.61s (real) and 51.09s (process)
2026-09-20 16:48:56.820 INFO Memory usage (start of timestep, peak): 228.87 GiB
2026-09-20 16:48:56.820 INFO Memory usage (start of timestep, current): 21.91 GiB
2026-09-20 16:48:56.820 INFO Calculating metrics
2026-09-20 16:48:56.820 INFO Calculating metric: reference_counts_per_domain
2026-09-20 16:50:04.721 INFO Calculating metric: session_flow_counts
Found 758345 prefs in this timestep.
2026-09-20 16:51:50.992 INFO [session_flow_counts.calculate] total=106.26s query=8.07s derive=16.92s elicit=80.89s update counters=0.23s write=0.03s rebuttal_searches=0 rebuttal_skipped=0
2026-09-20 16:51:51.038 INFO Calculating metric: flow_classification_supermajority
Fraction of references that are clearly dominated: 27.73%
Fraction of references that are clearly dominating: 14.80%
Fraction of references that are contested: 1.01%
Fraction of references that are unclassified: 56.46%
2026-09-20 16:51:53.461 INFO [flow_classification_supermajority.calculate] total=2.42s classify=1.27s score=0.68s write=0.47s
2026-09-20 16:51:53.533 INFO Memory usage (end of timestep, peak): 228.87 GiB
2026-09-20 16:51:53.534 INFO Memory usage (end of timestep, current): 27.78 GiB
2026-09-20 16:51:53.534 INFO (Iteration 113) reference_counts_per_domain: real 67.90s | cpu 14.17s
2026-09-20 16:51:53.534 INFO (Iteration 113) session_flow_counts: real 106.30s | cpu 113.65s
2026-09-20 16:51:53.534 INFO (Iteration 113) flow_classification_supermajority: real 2.49s | cpu 2.33s
2026-09-20 16:51:53.534 INFO Iteration 113 finished in 247.32s (real) and 181.25s (process)
2026-09-20 16:51:53.535 INFO Start timestep 2022-03-11 00:00:00+00:00 -> 2022-04-10 00:00:00+00:00
2026-09-20 16:52:53.695 INFO DuckDB memory logs:
  database_name database_size  block_size  ...  wal_size  memory_usage  memory_limit
0   postgres_db       6.3 TiB           0  ...   0 bytes       9.6 GiB     228.8 GiB
1        memory       0 bytes           0  ...   0 bytes       9.6 GiB     228.8 GiB

[2 rows x 9 columns]
2026-09-20 16:52:53.695 INFO Loading data (2022-03-11 00:00:00+00:00 -> 2022-04-10 00:00:00+00:00) done in 60.16s (real) and 43.09s (process)
2026-09-20 16:52:53.696 INFO Memory usage (start of timestep, peak): 228.87 GiB
2026-09-20 16:52:53.696 INFO Memory usage (start of timestep, current): 20.76 GiB
2026-09-20 16:52:53.696 INFO Calculating metrics
2026-09-20 16:52:53.696 INFO Calculating metric: reference_counts_per_domain
2026-09-20 16:54:03.997 INFO Calculating metric: session_flow_counts
Found 43527 prefs in this timestep.
2026-09-20 16:55:33.653 INFO [session_flow_counts.calculate] total=89.64s query=5.72s derive=15.30s elicit=68.46s update counters=0.02s write=0.02s rebuttal_searches=0 rebuttal_skipped=0
2026-09-20 16:55:33.670 INFO Calculating metric: flow_classification_supermajority
Fraction of references that are clearly dominated: 27.68%
Fraction of references that are clearly dominating: 14.78%
Fraction of references that are contested: 1.01%
Fraction of references that are unclassified: 56.53%
2026-09-20 16:55:36.110 INFO [flow_classification_supermajority.calculate] total=2.44s classify=1.28s score=0.68s write=0.48s
2026-09-20 16:55:36.185 INFO Memory usage (end of timestep, peak): 228.87 GiB
2026-09-20 16:55:36.186 INFO Memory usage (end of timestep, current): 25.60 GiB
2026-09-20 16:55:36.186 INFO (Iteration 114) reference_counts_per_domain: real 70.30s | cpu 14.50s
2026-09-20 16:55:36.186 INFO (Iteration 114) session_flow_counts: real 89.66s | cpu 95.00s
2026-09-20 16:55:36.186 INFO (Iteration 114) flow_classification_supermajority: real 2.52s | cpu 2.35s
2026-09-20 16:55:36.186 INFO Iteration 114 finished in 222.65s (real) and 154.95s (process)
2026-09-20 16:55:36.186 INFO Start timestep 2022-04-10 00:00:00+00:00 -> 2022-05-10 00:00:00+00:00
2026-09-20 16:57:03.795 INFO DuckDB memory logs:
  database_name database_size  block_size  ...  wal_size  memory_usage  memory_limit
0   postgres_db       6.3 TiB           0  ...   0 bytes      13.8 GiB     228.8 GiB
1        memory       0 bytes           0  ...   0 bytes      13.8 GiB     228.8 GiB

[2 rows x 9 columns]
2026-09-20 16:57:03.810 INFO Loading data (2022-04-10 00:00:00+00:00 -> 2022-05-10 00:00:00+00:00) done in 87.62s (real) and 62.53s (process)
2026-09-20 16:57:03.810 INFO Memory usage (start of timestep, peak): 228.87 GiB
2026-09-20 16:57:03.811 INFO Memory usage (start of timestep, current): 24.85 GiB
2026-09-20 16:57:03.811 INFO Calculating metrics
2026-09-20 16:57:03.811 INFO Calculating metric: reference_counts_per_domain
2026-09-20 16:58:16.375 INFO Calculating metric: session_flow_counts
Found 995672 prefs in this timestep.
2026-09-20 17:00:27.796 INFO [session_flow_counts.calculate] total=131.41s query=9.01s derive=21.60s elicit=100.33s update counters=0.29s write=0.02s rebuttal_searches=0 rebuttal_skipped=0
2026-09-20 17:00:27.853 INFO Calculating metric: flow_classification_supermajority
Fraction of references that are clearly dominated: 27.60%
Fraction of references that are clearly dominating: 14.75%
Fraction of references that are contested: 1.01%
Fraction of references that are unclassified: 56.63%
2026-09-20 17:00:30.341 INFO [flow_classification_supermajority.calculate] total=2.49s classify=1.31s score=0.70s write=0.48s
2026-09-20 17:00:30.416 INFO Memory usage (end of timestep, peak): 228.87 GiB
2026-09-20 17:00:30.417 INFO Memory usage (end of timestep, current): 33.29 GiB
2026-09-20 17:00:30.417 INFO (Iteration 115) reference_counts_per_domain: real 72.56s | cpu 17.08s
2026-09-20 17:00:30.417 INFO (Iteration 115) session_flow_counts: real 131.46s | cpu 140.27s
2026-09-20 17:00:30.417 INFO (Iteration 115) flow_classification_supermajority: real 2.56s | cpu 2.41s
2026-09-20 17:00:30.417 INFO Iteration 115 finished in 294.23s (real) and 222.29s (process)
2026-09-20 17:00:30.418 INFO Start timestep 2022-05-10 00:00:00+00:00 -> 2022-06-09 00:00:00+00:00
2026-09-20 17:01:49.077 INFO DuckDB memory logs:
  database_name database_size  block_size  ...  wal_size  memory_usage  memory_limit
0   postgres_db       6.3 TiB           0  ...   0 bytes      12.3 GiB     228.8 GiB
1        memory       0 bytes           0  ...   0 bytes      12.3 GiB     228.8 GiB

[2 rows x 9 columns]
2026-09-20 17:01:49.092 INFO Loading data (2022-05-10 00:00:00+00:00 -> 2022-06-09 00:00:00+00:00) done in 78.67s (real) and 55.96s (process)
2026-09-20 17:01:49.092 INFO Memory usage (start of timestep, peak): 228.87 GiB
2026-09-20 17:01:49.092 INFO Memory usage (start of timestep, current): 23.34 GiB
2026-09-20 17:01:49.092 INFO Calculating metrics
2026-09-20 17:01:49.092 INFO Calculating metric: reference_counts_per_domain
2026-09-20 17:03:02.207 INFO Calculating metric: session_flow_counts
Found 496435 prefs in this timestep.
2026-09-20 17:05:09.912 INFO [session_flow_counts.calculate] total=127.69s query=8.34s derive=19.03s elicit=100.00s update counters=0.16s write=0.02s rebuttal_searches=0 rebuttal_skipped=0
2026-09-20 17:05:09.952 INFO Calculating metric: flow_classification_supermajority
Fraction of references that are clearly dominated: 27.55%
Fraction of references that are clearly dominating: 14.74%
Fraction of references that are contested: 1.01%
Fraction of references that are unclassified: 56.69%
2026-09-20 17:05:12.436 INFO [flow_classification_supermajority.calculate] total=2.48s classify=1.39s score=0.61s write=0.48s
2026-09-20 17:05:12.515 INFO Memory usage (end of timestep, peak): 228.87 GiB
2026-09-20 17:05:12.515 INFO Memory usage (end of timestep, current): 29.84 GiB
2026-09-20 17:05:12.515 INFO (Iteration 116) reference_counts_per_domain: real 73.11s | cpu 16.03s
2026-09-20 17:05:12.516 INFO (Iteration 116) session_flow_counts: real 127.73s | cpu 135.35s
2026-09-20 17:05:12.516 INFO (Iteration 116) flow_classification_supermajority: real 2.56s | cpu 2.41s
2026-09-20 17:05:12.516 INFO Iteration 116 finished in 282.10s (real) and 209.75s (process)
2026-09-20 17:05:12.516 INFO Start timestep 2022-06-09 00:00:00+00:00 -> 2022-07-09 00:00:00+00:00
2026-09-20 17:07:25.793 INFO DuckDB memory logs:
  database_name database_size  block_size  ...  wal_size  memory_usage  memory_limit
0   postgres_db       6.3 TiB           0  ...   0 bytes      20.0 GiB     228.8 GiB
1        memory       0 bytes           0  ...   0 bytes      20.0 GiB     228.8 GiB

[2 rows x 9 columns]
2026-09-20 17:07:25.808 INFO Loading data (2022-06-09 00:00:00+00:00 -> 2022-07-09 00:00:00+00:00) done in 133.29s (real) and 96.86s (process)
2026-09-20 17:07:25.808 INFO Memory usage (start of timestep, peak): 228.87 GiB
2026-09-20 17:07:25.809 INFO Memory usage (start of timestep, current): 30.84 GiB
2026-09-20 17:07:25.809 INFO Calculating metrics
2026-09-20 17:07:25.809 INFO Calculating metric: reference_counts_per_domain
2026-09-20 17:08:45.801 INFO Calculating metric: session_flow_counts
Found 320636 prefs in this timestep.
2026-09-20 17:12:42.517 INFO [session_flow_counts.calculate] total=236.70s query=13.26s derive=33.31s elicit=189.79s update counters=0.09s write=0.02s rebuttal_searches=0 rebuttal_skipped=0
2026-09-20 17:12:42.549 INFO Calculating metric: flow_classification_supermajority
Fraction of references that are clearly dominated: 27.53%
Fraction of references that are clearly dominating: 14.78%
Fraction of references that are contested: 1.01%
Fraction of references that are unclassified: 56.69%
2026-09-20 17:12:45.039 INFO [flow_classification_supermajority.calculate] total=2.49s classify=1.37s score=0.60s write=0.52s
2026-09-20 17:12:45.117 INFO Memory usage (end of timestep, peak): 228.87 GiB
2026-09-20 17:12:45.117 INFO Memory usage (end of timestep, current): 41.61 GiB
2026-09-20 17:12:45.117 INFO (Iteration 117) reference_counts_per_domain: real 79.99s | cpu 22.59s
2026-09-20 17:12:45.117 INFO (Iteration 117) session_flow_counts: real 236.73s | cpu 250.81s
2026-09-20 17:12:45.117 INFO (Iteration 117) flow_classification_supermajority: real 2.57s | cpu 2.37s
2026-09-20 17:12:45.117 INFO Iteration 117 finished in 452.60s (real) and 372.64s (process)
2026-09-20 17:12:45.118 INFO Start timestep 2022-07-09 00:00:00+00:00 -> 2022-08-08 00:00:00+00:00
2026-09-20 17:15:17.536 INFO DuckDB memory logs:
  database_name database_size  block_size  ...  wal_size  memory_usage  memory_limit
0   postgres_db       6.3 TiB           0  ...   0 bytes      23.3 GiB     228.8 GiB
1        memory       0 bytes           0  ...   0 bytes      23.3 GiB     228.8 GiB

[2 rows x 9 columns]
2026-09-20 17:15:17.550 INFO Loading data (2022-07-09 00:00:00+00:00 -> 2022-08-08 00:00:00+00:00) done in 152.43s (real) and 111.09s (process)
2026-09-20 17:15:17.550 INFO Memory usage (start of timestep, peak): 228.87 GiB
2026-09-20 17:15:17.551 INFO Memory usage (start of timestep, current): 34.15 GiB
2026-09-20 17:15:17.551 INFO Calculating metrics
2026-09-20 17:15:17.551 INFO Calculating metric: reference_counts_per_domain
2026-09-20 17:16:38.060 INFO Calculating metric: session_flow_counts
Found 593442 prefs in this timestep.
2026-09-20 17:22:50.323 INFO [session_flow_counts.calculate] total=372.25s query=15.97s derive=43.84s elicit=311.86s update counters=0.19s write=0.02s rebuttal_searches=0 rebuttal_skipped=0
2026-09-20 17:22:50.376 INFO Calculating metric: flow_classification_supermajority
Fraction of references that are clearly dominated: 27.44%
Fraction of references that are clearly dominating: 14.75%
Fraction of references that are contested: 1.01%
Fraction of references that are unclassified: 56.80%
2026-09-20 17:22:52.981 INFO [flow_classification_supermajority.calculate] total=2.61s classify=1.42s score=0.63s write=0.56s
2026-09-20 17:22:53.064 INFO Memory usage (end of timestep, peak): 228.87 GiB
2026-09-20 17:22:53.064 INFO Memory usage (end of timestep, current): 49.08 GiB
2026-09-20 17:22:53.064 INFO (Iteration 118) reference_counts_per_domain: real 80.51s | cpu 22.64s
2026-09-20 17:22:53.064 INFO (Iteration 118) session_flow_counts: real 372.30s | cpu 387.16s
2026-09-20 17:22:53.064 INFO (Iteration 118) flow_classification_supermajority: real 2.69s | cpu 2.47s
2026-09-20 17:22:53.064 INFO Iteration 118 finished in 607.95s (real) and 523.37s (process)
2026-09-20 17:22:53.065 INFO Start timestep 2022-08-08 00:00:00+00:00 -> 2022-09-07 00:00:00+00:00
2026-09-20 17:24:46.494 INFO DuckDB memory logs:
  database_name database_size  block_size  ...  wal_size  memory_usage  memory_limit
0   postgres_db       6.3 TiB           0  ...   0 bytes      17.1 GiB     228.8 GiB
1        memory       0 bytes           0  ...   0 bytes      17.1 GiB     228.8 GiB

[2 rows x 9 columns]
2026-09-20 17:24:46.508 INFO Loading data (2022-08-08 00:00:00+00:00 -> 2022-09-07 00:00:00+00:00) done in 113.44s (real) and 82.87s (process)
2026-09-20 17:24:46.509 INFO Memory usage (start of timestep, peak): 228.87 GiB
2026-09-20 17:24:46.509 INFO Memory usage (start of timestep, current): 28.56 GiB
2026-09-20 17:24:46.509 INFO Calculating metrics
2026-09-20 17:24:46.509 INFO Calculating metric: reference_counts_per_domain
2026-09-20 17:26:06.239 INFO Calculating metric: session_flow_counts
Found 22285 prefs in this timestep.
2026-09-20 17:30:33.418 INFO [session_flow_counts.calculate] total=267.16s query=9.99s derive=31.01s elicit=225.87s update counters=0.01s write=0.02s rebuttal_searches=0 rebuttal_skipped=0
2026-09-20 17:30:33.434 INFO Calculating metric: flow_classification_supermajority
Fraction of references that are clearly dominated: 27.40%
Fraction of references that are clearly dominating: 14.76%
Fraction of references that are contested: 1.01%
Fraction of references that are unclassified: 56.84%
2026-09-20 17:30:35.958 INFO [flow_classification_supermajority.calculate] total=2.52s classify=1.42s score=0.61s write=0.49s
2026-09-20 17:30:36.044 INFO Memory usage (end of timestep, peak): 228.87 GiB
2026-09-20 17:30:36.044 INFO Memory usage (end of timestep, current): 40.62 GiB
2026-09-20 17:30:36.044 INFO (Iteration 119) reference_counts_per_domain: real 79.73s | cpu 18.92s
2026-09-20 17:30:36.044 INFO (Iteration 119) session_flow_counts: real 267.18s | cpu 276.90s
2026-09-20 17:30:36.044 INFO (Iteration 119) flow_classification_supermajority: real 2.61s | cpu 2.45s
2026-09-20 17:30:36.044 INFO Iteration 119 finished in 462.98s (real) and 381.15s (process)
2026-09-20 17:30:36.045 INFO Start timestep 2022-09-07 00:00:00+00:00 -> 2022-10-07 00:00:00+00:00
2026-09-20 17:32:47.472 INFO DuckDB memory logs:
  database_name database_size  block_size  ...  wal_size  memory_usage  memory_limit
0   postgres_db       6.3 TiB           0  ...   0 bytes      20.7 GiB     228.8 GiB
1        memory       0 bytes           0  ...   0 bytes      20.7 GiB     228.8 GiB

[2 rows x 9 columns]
2026-09-20 17:32:47.486 INFO Loading data (2022-09-07 00:00:00+00:00 -> 2022-10-07 00:00:00+00:00) done in 131.44s (real) and 94.45s (process)
2026-09-20 17:32:47.486 INFO Memory usage (start of timestep, peak): 228.87 GiB
2026-09-20 17:32:47.486 INFO Memory usage (start of timestep, current): 31.66 GiB
2026-09-20 17:32:47.486 INFO Calculating metrics
2026-09-20 17:32:47.487 INFO Calculating metric: reference_counts_per_domain
2026-09-20 17:33:57.900 INFO Calculating metric: session_flow_counts
Found 243132 prefs in this timestep.
2026-09-20 17:37:31.787 INFO [session_flow_counts.calculate] total=213.87s query=11.84s derive=33.16s elicit=168.56s update counters=0.08s write=0.02s rebuttal_searches=0 rebuttal_skipped=0
2026-09-20 17:37:31.815 INFO Calculating metric: flow_classification_supermajority
Fraction of references that are clearly dominated: 27.29%
Fraction of references that are clearly dominating: 14.72%
Fraction of references that are contested: 1.01%
Fraction of references that are unclassified: 56.99%
2026-09-20 17:37:34.209 INFO [flow_classification_supermajority.calculate] total=2.39s classify=1.25s score=0.68s write=0.46s
2026-09-20 17:37:34.285 INFO Memory usage (end of timestep, peak): 228.87 GiB
2026-09-20 17:37:34.286 INFO Memory usage (end of timestep, current): 41.33 GiB
2026-09-20 17:37:34.286 INFO (Iteration 120) reference_counts_per_domain: real 70.41s | cpu 21.24s
2026-09-20 17:37:34.286 INFO (Iteration 120) session_flow_counts: real 213.90s | cpu 226.46s
2026-09-20 17:37:34.286 INFO (Iteration 120) flow_classification_supermajority: real 2.47s | cpu 2.32s
2026-09-20 17:37:34.286 INFO Iteration 120 finished in 418.24s (real) and 344.48s (process)
2026-09-20 17:37:34.287 INFO Start timestep 2022-10-07 00:00:00+00:00 -> 2022-11-06 00:00:00+00:00
2026-09-20 17:39:34.763 INFO DuckDB memory logs:
  database_name database_size  block_size  ...  wal_size  memory_usage  memory_limit
0   postgres_db       6.3 TiB           0  ...   0 bytes      19.0 GiB     228.8 GiB
1        memory       0 bytes           0  ...   0 bytes      19.0 GiB     228.8 GiB

[2 rows x 9 columns]
2026-09-20 17:39:34.778 INFO Loading data (2022-10-07 00:00:00+00:00 -> 2022-11-06 00:00:00+00:00) done in 120.49s (real) and 85.86s (process)
2026-09-20 17:39:34.778 INFO Memory usage (start of timestep, peak): 228.87 GiB
2026-09-20 17:39:34.779 INFO Memory usage (start of timestep, current): 30.03 GiB
2026-09-20 17:39:34.779 INFO Calculating metrics
2026-09-20 17:39:34.779 INFO Calculating metric: reference_counts_per_domain
2026-09-20 17:40:45.950 INFO Calculating metric: session_flow_counts
Found 730087 prefs in this timestep.
2026-09-20 17:43:58.702 INFO [session_flow_counts.calculate] total=192.75s query=11.77s derive=30.81s elicit=149.69s update counters=0.23s write=0.02s rebuttal_searches=0 rebuttal_skipped=0
2026-09-20 17:43:58.747 INFO Calculating metric: flow_classification_supermajority
Fraction of references that are clearly dominated: 27.16%
Fraction of references that are clearly dominating: 14.67%
Fraction of references that are contested: 1.01%
Fraction of references that are unclassified: 57.16%
2026-09-20 17:44:01.112 INFO [flow_classification_supermajority.calculate] total=2.36s classify=1.27s score=0.59s write=0.50s
2026-09-20 17:44:01.189 INFO Memory usage (end of timestep, peak): 228.87 GiB
2026-09-20 17:44:01.189 INFO Memory usage (end of timestep, current): 39.20 GiB
2026-09-20 17:44:01.189 INFO (Iteration 121) reference_counts_per_domain: real 71.17s | cpu 20.36s
2026-09-20 17:44:01.189 INFO (Iteration 121) session_flow_counts: real 192.80s | cpu 204.94s
2026-09-20 17:44:01.189 INFO (Iteration 121) flow_classification_supermajority: real 2.44s | cpu 2.26s
2026-09-20 17:44:01.189 INFO Iteration 121 finished in 386.90s (real) and 313.42s (process)
2026-09-20 17:44:01.190 INFO Start timestep 2022-11-06 00:00:00+00:00 -> 2022-12-06 00:00:00+00:00
2026-09-20 17:45:40.141 INFO DuckDB memory logs:
  database_name database_size  block_size  ...  wal_size  memory_usage  memory_limit
0   postgres_db       6.3 TiB           0  ...   0 bytes      15.6 GiB     228.8 GiB
1        memory       0 bytes           0  ...   0 bytes      15.6 GiB     228.8 GiB

[2 rows x 9 columns]
2026-09-20 17:45:40.156 INFO Loading data (2022-11-06 00:00:00+00:00 -> 2022-12-06 00:00:00+00:00) done in 98.97s (real) and 71.26s (process)
2026-09-20 17:45:40.156 INFO Memory usage (start of timestep, peak): 228.87 GiB
2026-09-20 17:45:40.156 INFO Memory usage (start of timestep, current): 26.73 GiB
2026-09-20 17:45:40.156 INFO Calculating metrics
2026-09-20 17:45:40.157 INFO Calculating metric: reference_counts_per_domain
2026-09-20 17:46:52.676 INFO Calculating metric: session_flow_counts
Found 23403 prefs in this timestep.
2026-09-20 17:49:49.700 INFO [session_flow_counts.calculate] total=177.01s query=9.52s derive=25.76s elicit=141.53s update counters=0.01s write=0.02s rebuttal_searches=0 rebuttal_skipped=0
2026-09-20 17:49:49.717 INFO Calculating metric: flow_classification_supermajority
Fraction of references that are clearly dominated: 27.03%
Fraction of references that are clearly dominating: 14.62%
Fraction of references that are contested: 1.00%
Fraction of references that are unclassified: 57.35%
2026-09-20 17:49:52.141 INFO [flow_classification_supermajority.calculate] total=2.42s classify=1.34s score=0.60s write=0.49s
2026-09-20 17:49:52.221 INFO Memory usage (end of timestep, peak): 228.87 GiB
2026-09-20 17:49:52.222 INFO Memory usage (end of timestep, current): 35.72 GiB
2026-09-20 17:49:52.222 INFO (Iteration 122) reference_counts_per_domain: real 72.52s | cpu 17.91s
2026-09-20 17:49:52.222 INFO (Iteration 122) session_flow_counts: real 177.03s | cpu 186.03s
2026-09-20 17:49:52.222 INFO (Iteration 122) flow_classification_supermajority: real 2.50s | cpu 2.34s
2026-09-20 17:49:52.222 INFO Iteration 122 finished in 351.03s (real) and 277.54s (process)
2026-09-20 17:49:52.223 INFO Start timestep 2022-12-06 00:00:00+00:00 -> 2023-01-05 00:00:00+00:00
2026-09-20 17:51:07.123 INFO DuckDB memory logs:
  database_name database_size  block_size  ...  wal_size  memory_usage  memory_limit
0   postgres_db       6.3 TiB           0  ...   0 bytes      11.6 GiB     228.8 GiB
1        memory       0 bytes           0  ...   0 bytes      11.6 GiB     228.8 GiB

[2 rows x 9 columns]
2026-09-20 17:51:07.136 INFO Loading data (2022-12-06 00:00:00+00:00 -> 2023-01-05 00:00:00+00:00) done in 74.91s (real) and 88.95s (process)
2026-09-20 17:51:07.136 INFO Memory usage (start of timestep, peak): 228.87 GiB
2026-09-20 17:51:07.136 INFO Memory usage (start of timestep, current): 22.77 GiB
2026-09-20 17:51:07.136 INFO Calculating metrics
2026-09-20 17:51:07.136 INFO Calculating metric: reference_counts_per_domain
2026-09-20 17:52:20.274 INFO Calculating metric: session_flow_counts
Found 193754 prefs in this timestep.
2026-09-20 17:54:44.929 INFO [session_flow_counts.calculate] total=144.64s query=6.11s derive=18.80s elicit=119.51s update counters=0.08s write=0.02s rebuttal_searches=0 rebuttal_skipped=0
2026-09-20 17:54:44.957 INFO Calculating metric: flow_classification_supermajority
Fraction of references that are clearly dominated: 26.96%
Fraction of references that are clearly dominating: 14.63%
Fraction of references that are contested: 1.00%
Fraction of references that are unclassified: 57.41%
2026-09-20 17:54:47.466 INFO [flow_classification_supermajority.calculate] total=2.51s classify=1.36s score=0.64s write=0.50s
2026-09-20 17:54:47.546 INFO Memory usage (end of timestep, peak): 228.87 GiB
2026-09-20 17:54:47.547 INFO Memory usage (end of timestep, current): 28.60 GiB
2026-09-20 17:54:47.547 INFO (Iteration 123) reference_counts_per_domain: real 73.14s | cpu 16.61s
2026-09-20 17:54:47.547 INFO (Iteration 123) session_flow_counts: real 144.67s | cpu 150.66s
2026-09-20 17:54:47.547 INFO (Iteration 123) flow_classification_supermajority: real 2.59s | cpu 2.43s
2026-09-20 17:54:47.547 INFO Iteration 123 finished in 295.32s (real) and 258.65s (process)
2026-09-20 17:54:47.548 INFO Start timestep 2023-01-05 00:00:00+00:00 -> 2023-02-04 00:00:00+00:00
2026-09-20 17:56:25.415 INFO DuckDB memory logs:
  database_name database_size  block_size  ...  wal_size  memory_usage  memory_limit
0   postgres_db       6.3 TiB           0  ...   0 bytes      15.5 GiB     228.8 GiB
1        memory       0 bytes           0  ...   0 bytes      15.5 GiB     228.8 GiB

[2 rows x 9 columns]
2026-09-20 17:56:25.430 INFO Loading data (2023-01-05 00:00:00+00:00 -> 2023-02-04 00:00:00+00:00) done in 97.88s (real) and 70.40s (process)
2026-09-20 17:56:25.431 INFO Memory usage (start of timestep, peak): 228.87 GiB
2026-09-20 17:56:25.431 INFO Memory usage (start of timestep, current): 26.56 GiB
2026-09-20 17:56:25.431 INFO Calculating metrics
2026-09-20 17:56:25.431 INFO Calculating metric: reference_counts_per_domain
2026-09-20 17:57:40.537 INFO Calculating metric: session_flow_counts
Found 1540824 prefs in this timestep.
2026-09-20 17:59:58.608 INFO [session_flow_counts.calculate] total=138.06s query=8.26s derive=19.23s elicit=109.95s update counters=0.49s write=0.02s rebuttal_searches=0 rebuttal_skipped=0
2026-09-20 17:59:58.684 INFO Calculating metric: flow_classification_supermajority
Fraction of references that are clearly dominated: 26.91%
Fraction of references that are clearly dominating: 14.58%
Fraction of references that are contested: 1.00%
Fraction of references that are unclassified: 57.51%
2026-09-20 18:00:01.156 INFO [flow_classification_supermajority.calculate] total=2.47s classify=1.36s score=0.63s write=0.49s
2026-09-20 18:00:01.236 INFO Memory usage (end of timestep, peak): 228.87 GiB
2026-09-20 18:00:01.237 INFO Memory usage (end of timestep, current): 32.42 GiB
2026-09-20 18:00:01.237 INFO (Iteration 124) reference_counts_per_domain: real 75.11s | cpu 17.17s
2026-09-20 18:00:01.237 INFO (Iteration 124) session_flow_counts: real 138.13s | cpu 146.01s
2026-09-20 18:00:01.237 INFO (Iteration 124) flow_classification_supermajority: real 2.55s | cpu 2.40s
2026-09-20 18:00:01.237 INFO Iteration 124 finished in 313.69s (real) and 235.99s (process)
2026-09-20 18:00:01.238 INFO Start timestep 2023-02-04 00:00:00+00:00 -> 2023-03-06 00:00:00+00:00
2026-09-20 18:01:39.597 INFO DuckDB memory logs:
  database_name database_size  block_size  ...  wal_size  memory_usage  memory_limit
0   postgres_db       6.3 TiB           0  ...   0 bytes      14.4 GiB     228.8 GiB
1        memory       0 bytes           0  ...   0 bytes      14.4 GiB     228.8 GiB

[2 rows x 9 columns]
2026-09-20 18:01:39.611 INFO Loading data (2023-02-04 00:00:00+00:00 -> 2023-03-06 00:00:00+00:00) done in 98.37s (real) and 69.95s (process)
2026-09-20 18:01:39.611 INFO Memory usage (start of timestep, peak): 228.87 GiB
2026-09-20 18:01:39.611 INFO Memory usage (start of timestep, current): 25.54 GiB
2026-09-20 18:01:39.611 INFO Calculating metrics
2026-09-20 18:01:39.611 INFO Calculating metric: reference_counts_per_domain
2026-09-20 18:03:03.947 INFO Calculating metric: session_flow_counts
Found 55822 prefs in this timestep.
2026-09-20 18:05:28.234 INFO [session_flow_counts.calculate] total=144.28s query=8.56s derive=29.19s elicit=106.30s update counters=0.02s write=0.02s rebuttal_searches=0 rebuttal_skipped=0
2026-09-20 18:05:28.252 INFO Calculating metric: flow_classification_supermajority
Fraction of references that are clearly dominated: 26.79%
Fraction of references that are clearly dominating: 14.69%
Fraction of references that are contested: 1.00%
Fraction of references that are unclassified: 57.52%
2026-09-20 18:05:31.027 INFO [flow_classification_supermajority.calculate] total=2.77s classify=1.49s score=0.66s write=0.62s
2026-09-20 18:05:31.112 INFO Memory usage (end of timestep, peak): 228.87 GiB
2026-09-20 18:05:31.113 INFO Memory usage (end of timestep, current): 33.36 GiB
2026-09-20 18:05:31.113 INFO (Iteration 125) reference_counts_per_domain: real 84.34s | cpu 23.63s
2026-09-20 18:05:31.113 INFO (Iteration 125) session_flow_counts: real 144.29s | cpu 152.22s
2026-09-20 18:05:31.113 INFO (Iteration 125) flow_classification_supermajority: real 2.86s | cpu 2.59s
2026-09-20 18:05:31.113 INFO Iteration 125 finished in 329.88s (real) and 248.39s (process)
2026-09-20 18:05:31.114 INFO Start timestep 2023-03-06 00:00:00+00:00 -> 2023-04-05 00:00:00+00:00
2026-09-20 18:06:55.484 INFO DuckDB memory logs:
  database_name database_size  block_size  ...  wal_size  memory_usage  memory_limit
0   postgres_db       6.3 TiB           0  ...   0 bytes      13.7 GiB     228.8 GiB
1        memory       0 bytes           0  ...   0 bytes      13.7 GiB     228.8 GiB

[2 rows x 9 columns]
2026-09-20 18:06:55.499 INFO Loading data (2023-03-06 00:00:00+00:00 -> 2023-04-05 00:00:00+00:00) done in 84.38s (real) and 60.30s (process)
2026-09-20 18:06:55.499 INFO Memory usage (start of timestep, peak): 228.87 GiB
2026-09-20 18:06:55.499 INFO Memory usage (start of timestep, current): 24.80 GiB
2026-09-20 18:06:55.499 INFO Calculating metrics
2026-09-20 18:06:55.499 INFO Calculating metric: reference_counts_per_domain
2026-09-20 18:08:16.425 INFO Calculating metric: session_flow_counts
Found 23826 prefs in this timestep.
2026-09-20 18:10:22.063 INFO [session_flow_counts.calculate] total=125.62s query=6.49s derive=22.13s elicit=96.84s update counters=0.01s write=0.02s rebuttal_searches=0 rebuttal_skipped=0
2026-09-20 18:10:22.079 INFO Calculating metric: flow_classification_supermajority
Fraction of references that are clearly dominated: 26.72%
Fraction of references that are clearly dominating: 14.67%
Fraction of references that are contested: 1.00%
Fraction of references that are unclassified: 57.61%
2026-09-20 18:10:24.663 INFO [flow_classification_supermajority.calculate] total=2.58s classify=1.46s score=0.64s write=0.48s
2026-09-20 18:10:24.749 INFO Memory usage (end of timestep, peak): 228.87 GiB
2026-09-20 18:10:24.749 INFO Memory usage (end of timestep, current): 30.68 GiB
2026-09-20 18:10:24.750 INFO (Iteration 126) reference_counts_per_domain: real 80.93s | cpu 19.00s
2026-09-20 18:10:24.750 INFO (Iteration 126) session_flow_counts: real 125.64s | cpu 132.36s
2026-09-20 18:10:24.750 INFO (Iteration 126) flow_classification_supermajority: real 2.67s | cpu 2.52s
2026-09-20 18:10:24.750 INFO Iteration 126 finished in 293.64s (real) and 214.18s (process)
2026-09-20 18:10:24.750 INFO Start timestep 2023-04-05 00:00:00+00:00 -> 2023-05-05 00:00:00+00:00
2026-09-20 18:11:41.354 INFO DuckDB memory logs:
  database_name database_size  block_size  ...  wal_size  memory_usage  memory_limit
0   postgres_db       6.3 TiB           0  ...   0 bytes      12.3 GiB     228.8 GiB
1        memory       0 bytes           0  ...   0 bytes      12.3 GiB     228.8 GiB

[2 rows x 9 columns]
2026-09-20 18:11:41.369 INFO Loading data (2023-04-05 00:00:00+00:00 -> 2023-05-05 00:00:00+00:00) done in 76.62s (real) and 55.50s (process)
2026-09-20 18:11:41.370 INFO Memory usage (start of timestep, peak): 228.87 GiB
2026-09-20 18:11:41.370 INFO Memory usage (start of timestep, current): 23.45 GiB
2026-09-20 18:11:41.370 INFO Calculating metrics
2026-09-20 18:11:41.370 INFO Calculating metric: reference_counts_per_domain
2026-09-20 18:13:00.990 INFO Calculating metric: session_flow_counts
Found 141644 prefs in this timestep.
2026-09-20 18:15:08.815 INFO [session_flow_counts.calculate] total=127.81s query=5.91s derive=17.78s elicit=103.95s update counters=0.05s write=0.01s rebuttal_searches=0 rebuttal_skipped=0
2026-09-20 18:15:08.835 INFO Calculating metric: flow_classification_supermajority
Fraction of references that are clearly dominated: 26.65%
Fraction of references that are clearly dominating: 14.64%
Fraction of references that are contested: 1.00%
Fraction of references that are unclassified: 57.70%
2026-09-20 18:15:11.488 INFO [flow_classification_supermajority.calculate] total=2.65s classify=1.48s score=0.65s write=0.53s
2026-09-20 18:15:11.572 INFO Memory usage (end of timestep, peak): 228.87 GiB
2026-09-20 18:15:11.573 INFO Memory usage (end of timestep, current): 28.88 GiB
2026-09-20 18:15:11.573 INFO (Iteration 127) reference_counts_per_domain: real 79.62s | cpu 16.40s
2026-09-20 18:15:11.573 INFO (Iteration 127) session_flow_counts: real 127.83s | cpu 133.49s
2026-09-20 18:15:11.573 INFO (Iteration 127) flow_classification_supermajority: real 2.74s | cpu 2.56s
2026-09-20 18:15:11.573 INFO Iteration 127 finished in 286.82s (real) and 207.95s (process)
2026-09-20 18:15:11.574 INFO Start timestep 2023-05-05 00:00:00+00:00 -> 2023-06-04 00:00:00+00:00
2026-09-20 18:17:11.424 INFO DuckDB memory logs:
  database_name database_size  block_size  ...  wal_size  memory_usage  memory_limit
0   postgres_db       6.3 TiB           0  ...   0 bytes      18.8 GiB     228.8 GiB
1        memory       0 bytes           0  ...   0 bytes      18.8 GiB     228.8 GiB

[2 rows x 9 columns]
2026-09-20 18:17:11.438 INFO Loading data (2023-05-05 00:00:00+00:00 -> 2023-06-04 00:00:00+00:00) done in 119.86s (real) and 85.79s (process)
2026-09-20 18:17:11.439 INFO Memory usage (start of timestep, peak): 228.87 GiB
2026-09-20 18:17:11.439 INFO Memory usage (start of timestep, current): 29.72 GiB
2026-09-20 18:17:11.439 INFO Calculating metrics
2026-09-20 18:17:11.439 INFO Calculating metric: reference_counts_per_domain
2026-09-20 18:18:35.188 INFO Calculating metric: session_flow_counts
Found 317896 prefs in this timestep.
2026-09-20 18:22:02.369 INFO [session_flow_counts.calculate] total=207.17s query=10.76s derive=28.51s elicit=167.59s update counters=0.10s write=0.02s rebuttal_searches=0 rebuttal_skipped=0
2026-09-20 18:22:02.403 INFO Calculating metric: flow_classification_supermajority
Fraction of references that are clearly dominated: 26.55%
Fraction of references that are clearly dominating: 14.59%
Fraction of references that are contested: 0.99%
Fraction of references that are unclassified: 57.87%
2026-09-20 18:22:05.072 INFO [flow_classification_supermajority.calculate] total=2.67s classify=1.51s score=0.66s write=0.51s
2026-09-20 18:22:05.166 INFO Memory usage (end of timestep, peak): 228.87 GiB
2026-09-20 18:22:05.167 INFO Memory usage (end of timestep, current): 39.72 GiB
2026-09-20 18:22:05.167 INFO (Iteration 128) reference_counts_per_domain: real 83.75s | cpu 20.85s
2026-09-20 18:22:05.167 INFO (Iteration 128) session_flow_counts: real 207.20s | cpu 218.00s
2026-09-20 18:22:05.167 INFO (Iteration 128) flow_classification_supermajority: real 2.76s | cpu 2.60s
2026-09-20 18:22:05.167 INFO Iteration 128 finished in 413.59s (real) and 327.25s (process)
2026-09-20 18:22:05.168 INFO Start timestep 2023-06-04 00:00:00+00:00 -> 2023-07-04 00:00:00+00:00
2026-09-20 18:24:34.184 INFO DuckDB memory logs:
  database_name database_size  block_size  ...  wal_size  memory_usage  memory_limit
0   postgres_db       6.3 TiB           0  ...   0 bytes      22.9 GiB     228.8 GiB
1        memory       0 bytes           0  ...   0 bytes      22.9 GiB     228.8 GiB

[2 rows x 9 columns]
2026-09-20 18:24:34.200 INFO Loading data (2023-06-04 00:00:00+00:00 -> 2023-07-04 00:00:00+00:00) done in 149.03s (real) and 107.93s (process)
2026-09-20 18:24:34.200 INFO Memory usage (start of timestep, peak): 228.87 GiB
2026-09-20 18:24:34.200 INFO Memory usage (start of timestep, current): 33.67 GiB
2026-09-20 18:24:34.200 INFO Calculating metrics
2026-09-20 18:24:34.201 INFO Calculating metric: reference_counts_per_domain
2026-09-20 18:26:07.206 INFO Calculating metric: session_flow_counts
Found 68381 prefs in this timestep.
2026-09-20 18:30:26.555 INFO [session_flow_counts.calculate] total=259.34s query=12.87s derive=34.94s elicit=211.22s update counters=0.03s write=0.02s rebuttal_searches=0 rebuttal_skipped=0
2026-09-20 18:30:26.575 INFO Calculating metric: flow_classification_supermajority
Fraction of references that are clearly dominated: 26.40%
Fraction of references that are clearly dominating: 14.52%
Fraction of references that are contested: 0.99%
Fraction of references that are unclassified: 58.10%
2026-09-20 18:30:29.388 INFO [flow_classification_supermajority.calculate] total=2.81s classify=1.61s score=0.68s write=0.52s
2026-09-20 18:30:29.483 INFO Memory usage (end of timestep, peak): 228.87 GiB
2026-09-20 18:30:29.483 INFO Memory usage (end of timestep, current): 44.84 GiB
2026-09-20 18:30:29.483 INFO (Iteration 129) reference_counts_per_domain: real 93.01s | cpu 23.55s
2026-09-20 18:30:29.483 INFO (Iteration 129) session_flow_counts: real 259.35s | cpu 273.14s
2026-09-20 18:30:29.483 INFO (Iteration 129) flow_classification_supermajority: real 2.91s | cpu 2.75s
2026-09-20 18:30:29.483 INFO Iteration 129 finished in 504.32s (real) and 407.37s (process)
2026-09-20 18:30:29.484 INFO Start timestep 2023-07-04 00:00:00+00:00 -> 2023-08-03 00:00:00+00:00
2026-09-20 18:32:23.760 INFO DuckDB memory logs:
  database_name database_size  block_size  ...  wal_size  memory_usage  memory_limit
0   postgres_db       6.3 TiB           0  ...   0 bytes      17.1 GiB     228.8 GiB
1        memory       0 bytes           0  ...   0 bytes      17.1 GiB     228.8 GiB

[2 rows x 9 columns]
2026-09-20 18:32:23.775 INFO Loading data (2023-07-04 00:00:00+00:00 -> 2023-08-03 00:00:00+00:00) done in 114.29s (real) and 83.08s (process)
2026-09-20 18:32:23.775 INFO Memory usage (start of timestep, peak): 228.87 GiB
2026-09-20 18:32:23.776 INFO Memory usage (start of timestep, current): 28.17 GiB
2026-09-20 18:32:23.776 INFO Calculating metrics
2026-09-20 18:32:23.776 INFO Calculating metric: reference_counts_per_domain
2026-09-20 18:33:56.118 INFO Calculating metric: session_flow_counts
Found 28604 prefs in this timestep.
2026-09-20 18:36:56.468 INFO [session_flow_counts.calculate] total=180.34s query=10.43s derive=27.40s elicit=142.30s update counters=0.01s write=0.02s rebuttal_searches=0 rebuttal_skipped=0
2026-09-20 18:36:56.485 INFO Calculating metric: flow_classification_supermajority
Fraction of references that are clearly dominated: 26.29%
Fraction of references that are clearly dominating: 14.47%
Fraction of references that are contested: 0.98%
Fraction of references that are unclassified: 58.25%
2026-09-20 18:36:59.441 INFO [flow_classification_supermajority.calculate] total=2.96s classify=1.64s score=0.68s write=0.64s
2026-09-20 18:36:59.531 INFO Memory usage (end of timestep, peak): 228.87 GiB
2026-09-20 18:36:59.531 INFO Memory usage (end of timestep, current): 37.75 GiB
2026-09-20 18:36:59.531 INFO (Iteration 130) reference_counts_per_domain: real 92.34s | cpu 21.44s
2026-09-20 18:36:59.531 INFO (Iteration 130) session_flow_counts: real 180.35s | cpu 190.84s
2026-09-20 18:36:59.531 INFO (Iteration 130) flow_classification_supermajority: real 3.05s | cpu 2.77s
2026-09-20 18:36:59.531 INFO Iteration 130 finished in 390.05s (real) and 298.15s (process)
2026-09-20 18:36:59.532 INFO Start timestep 2023-08-03 00:00:00+00:00 -> 2023-09-02 00:00:00+00:00
2026-09-20 18:39:25.609 INFO DuckDB memory logs:
  database_name database_size  block_size  ...  wal_size  memory_usage  memory_limit
0   postgres_db       6.3 TiB           0  ...   0 bytes      22.3 GiB     228.8 GiB
1        memory       0 bytes           0  ...   0 bytes      22.3 GiB     228.8 GiB

[2 rows x 9 columns]
2026-09-20 18:39:25.624 INFO Loading data (2023-08-03 00:00:00+00:00 -> 2023-09-02 00:00:00+00:00) done in 146.09s (real) and 105.60s (process)
2026-09-20 18:39:25.625 INFO Memory usage (start of timestep, peak): 228.87 GiB
2026-09-20 18:39:25.625 INFO Memory usage (start of timestep, current): 33.18 GiB
2026-09-20 18:39:25.625 INFO Calculating metrics
2026-09-20 18:39:25.625 INFO Calculating metric: reference_counts_per_domain
2026-09-20 18:40:58.310 INFO Calculating metric: session_flow_counts
Found 120000 prefs in this timestep.
2026-09-20 18:44:43.793 INFO [session_flow_counts.calculate] total=225.47s query=12.96s derive=30.43s elicit=181.81s update counters=0.04s write=0.02s rebuttal_searches=0 rebuttal_skipped=0
2026-09-20 18:44:43.814 INFO Calculating metric: flow_classification_supermajority
Fraction of references that are clearly dominated: 26.15%
Fraction of references that are clearly dominating: 14.40%
Fraction of references that are contested: 0.98%
Fraction of references that are unclassified: 58.46%
2026-09-20 18:44:46.723 INFO [flow_classification_supermajority.calculate] total=2.91s classify=1.65s score=0.69s write=0.56s
2026-09-20 18:44:46.817 INFO Memory usage (end of timestep, peak): 228.87 GiB
2026-09-20 18:44:46.818 INFO Memory usage (end of timestep, current): 44.07 GiB
2026-09-20 18:44:46.818 INFO (Iteration 131) reference_counts_per_domain: real 92.68s | cpu 21.72s
2026-09-20 18:44:46.818 INFO (Iteration 131) session_flow_counts: real 225.49s | cpu 239.08s
2026-09-20 18:44:46.818 INFO (Iteration 131) flow_classification_supermajority: real 3.00s | cpu 2.83s
2026-09-20 18:44:46.818 INFO Iteration 131 finished in 467.29s (real) and 369.23s (process)
2026-09-20 18:44:46.818 INFO Start timestep 2023-09-02 00:00:00+00:00 -> 2023-10-02 00:00:00+00:00
2026-09-20 18:46:21.492 INFO DuckDB memory logs:
  database_name database_size  block_size  ...  wal_size  memory_usage  memory_limit
0   postgres_db       6.3 TiB           0  ...   0 bytes      14.0 GiB     228.8 GiB
1        memory       0 bytes           0  ...   0 bytes      14.0 GiB     228.8 GiB

[2 rows x 9 columns]
2026-09-20 18:46:21.506 INFO Loading data (2023-09-02 00:00:00+00:00 -> 2023-10-02 00:00:00+00:00) done in 94.69s (real) and 68.25s (process)
2026-09-20 18:46:21.506 INFO Memory usage (start of timestep, peak): 228.87 GiB
2026-09-20 18:46:21.507 INFO Memory usage (start of timestep, current): 25.18 GiB
2026-09-20 18:46:21.507 INFO Calculating metrics
2026-09-20 18:46:21.507 INFO Calculating metric: reference_counts_per_domain
2026-09-20 18:47:41.851 INFO Calculating metric: session_flow_counts
Found 113842 prefs in this timestep.
2026-09-20 18:49:41.840 INFO [session_flow_counts.calculate] total=119.98s query=8.32s derive=20.35s elicit=91.12s update counters=0.04s write=0.02s rebuttal_searches=0 rebuttal_skipped=0
2026-09-20 18:49:41.862 INFO Calculating metric: flow_classification_supermajority
Fraction of references that are clearly dominated: 26.06%
Fraction of references that are clearly dominating: 14.38%
Fraction of references that are contested: 0.98%
Fraction of references that are unclassified: 58.58%
2026-09-20 18:49:44.401 INFO [flow_classification_supermajority.calculate] total=2.54s classify=1.43s score=0.62s write=0.48s
2026-09-20 18:49:44.484 INFO Memory usage (end of timestep, peak): 228.87 GiB
2026-09-20 18:49:44.485 INFO Memory usage (end of timestep, current): 31.22 GiB
2026-09-20 18:49:44.485 INFO (Iteration 132) reference_counts_per_domain: real 80.34s | cpu 18.41s
2026-09-20 18:49:44.485 INFO (Iteration 132) session_flow_counts: real 120.00s | cpu 127.67s
2026-09-20 18:49:44.485 INFO (Iteration 132) flow_classification_supermajority: real 2.62s | cpu 2.46s
2026-09-20 18:49:44.485 INFO Iteration 132 finished in 297.67s (real) and 216.80s (process)
2026-09-20 18:49:44.485 INFO Start timestep 2023-10-02 00:00:00+00:00 -> 2023-11-01 00:00:00+00:00
2026-09-20 18:50:53.136 INFO DuckDB memory logs:
  database_name database_size  block_size  ...  wal_size  memory_usage  memory_limit
0   postgres_db       6.3 TiB           0  ...   0 bytes      10.2 GiB     228.8 GiB
1        memory       0 bytes           0  ...   0 bytes      10.2 GiB     228.8 GiB

[2 rows x 9 columns]
2026-09-20 18:50:53.151 INFO Loading data (2023-10-02 00:00:00+00:00 -> 2023-11-01 00:00:00+00:00) done in 68.67s (real) and 65.66s (process)
2026-09-20 18:50:53.151 INFO Memory usage (start of timestep, peak): 228.87 GiB
2026-09-20 18:50:53.152 INFO Memory usage (start of timestep, current): 21.42 GiB
2026-09-20 18:50:53.152 INFO Calculating metrics
2026-09-20 18:50:53.152 INFO Calculating metric: reference_counts_per_domain
2026-09-20 18:52:12.808 INFO Calculating metric: session_flow_counts
Found 159438 prefs in this timestep.
2026-09-20 18:53:58.269 INFO [session_flow_counts.calculate] total=105.45s query=5.45s derive=15.12s elicit=84.70s update counters=0.05s write=0.02s rebuttal_searches=0 rebuttal_skipped=0
2026-09-20 18:53:58.291 INFO Calculating metric: flow_classification_supermajority
Fraction of references that are clearly dominated: 26.02%
Fraction of references that are clearly dominating: 14.35%
Fraction of references that are contested: 0.98%
Fraction of references that are unclassified: 58.65%
2026-09-20 18:54:00.871 INFO [flow_classification_supermajority.calculate] total=2.58s classify=1.43s score=0.64s write=0.51s
2026-09-20 18:54:00.951 INFO Memory usage (end of timestep, peak): 228.87 GiB
2026-09-20 18:54:00.952 INFO Memory usage (end of timestep, current): 26.72 GiB
2026-09-20 18:54:00.952 INFO (Iteration 133) reference_counts_per_domain: real 79.66s | cpu 15.08s
2026-09-20 18:54:00.952 INFO (Iteration 133) session_flow_counts: real 105.47s | cpu 110.72s
2026-09-20 18:54:00.952 INFO (Iteration 133) flow_classification_supermajority: real 2.66s | cpu 2.50s
2026-09-20 18:54:00.952 INFO Iteration 133 finished in 256.47s (real) and 193.97s (process)
2026-09-20 18:54:00.953 INFO Start timestep 2023-11-01 00:00:00+00:00 -> 2023-12-01 00:00:00+00:00
2026-09-20 18:55:05.074 INFO DuckDB memory logs:
  database_name database_size  block_size  ...  wal_size  memory_usage  memory_limit
0   postgres_db       6.3 TiB           0  ...   0 bytes       9.9 GiB     228.8 GiB
1        memory       0 bytes           0  ...   0 bytes       9.9 GiB     228.8 GiB

[2 rows x 9 columns]
2026-09-20 18:55:05.074 INFO Loading data (2023-11-01 00:00:00+00:00 -> 2023-12-01 00:00:00+00:00) done in 64.12s (real) and 45.62s (process)
2026-09-20 18:55:05.075 INFO Memory usage (start of timestep, peak): 228.87 GiB
2026-09-20 18:55:05.075 INFO Memory usage (start of timestep, current): 21.07 GiB
2026-09-20 18:55:05.075 INFO Calculating metrics
2026-09-20 18:55:05.075 INFO Calculating metric: reference_counts_per_domain
2026-09-20 18:56:27.965 INFO Calculating metric: session_flow_counts
Found 144350 prefs in this timestep.
2026-09-20 18:58:06.730 INFO [session_flow_counts.calculate] total=98.75s query=5.24s derive=16.59s elicit=76.74s update counters=0.05s write=0.02s rebuttal_searches=0 rebuttal_skipped=0
2026-09-20 18:58:06.755 INFO Calculating metric: flow_classification_supermajority
Fraction of references that are clearly dominated: 25.99%
Fraction of references that are clearly dominating: 14.34%
Fraction of references that are contested: 0.98%
Fraction of references that are unclassified: 58.69%
2026-09-20 18:58:09.364 INFO [flow_classification_supermajority.calculate] total=2.61s classify=1.43s score=0.65s write=0.53s
2026-09-20 18:58:09.451 INFO Memory usage (end of timestep, peak): 228.87 GiB
2026-09-20 18:58:09.452 INFO Memory usage (end of timestep, current): 26.51 GiB
2026-09-20 18:58:09.452 INFO (Iteration 134) reference_counts_per_domain: real 82.89s | cpu 16.35s
2026-09-20 18:58:09.452 INFO (Iteration 134) session_flow_counts: real 98.78s | cpu 103.74s
2026-09-20 18:58:09.452 INFO (Iteration 134) flow_classification_supermajority: real 2.70s | cpu 2.54s
2026-09-20 18:58:09.452 INFO Iteration 134 finished in 248.50s (real) and 168.25s (process)
2026-09-20 18:58:09.453 INFO Start timestep 2023-12-01 00:00:00+00:00 -> 2023-12-31 00:00:00+00:00
2026-09-20 18:59:15.192 INFO DuckDB memory logs:
  database_name database_size  block_size  ...  wal_size  memory_usage  memory_limit
0   postgres_db       6.3 TiB           0  ...   0 bytes      10.4 GiB     228.8 GiB
1        memory       0 bytes           0  ...   0 bytes      10.4 GiB     228.8 GiB

[2 rows x 9 columns]
2026-09-20 18:59:15.207 INFO Loading data (2023-12-01 00:00:00+00:00 -> 2023-12-31 00:00:00+00:00) done in 65.75s (real) and 47.24s (process)
2026-09-20 18:59:15.207 INFO Memory usage (start of timestep, peak): 228.87 GiB
2026-09-20 18:59:15.208 INFO Memory usage (start of timestep, current): 21.56 GiB
2026-09-20 18:59:15.208 INFO Calculating metrics
2026-09-20 18:59:15.208 INFO Calculating metric: reference_counts_per_domain
2026-09-20 19:00:37.626 INFO Calculating metric: session_flow_counts
Found 367684 prefs in this timestep.
2026-09-20 19:02:14.102 INFO [session_flow_counts.calculate] total=96.46s query=5.55s derive=17.06s elicit=73.58s update counters=0.12s write=0.02s rebuttal_searches=0 rebuttal_skipped=0
2026-09-20 19:02:14.139 INFO Calculating metric: flow_classification_supermajority
Fraction of references that are clearly dominated: 25.97%
Fraction of references that are clearly dominating: 14.34%
Fraction of references that are contested: 0.98%
Fraction of references that are unclassified: 58.72%
2026-09-20 19:02:16.804 INFO [flow_classification_supermajority.calculate] total=2.67s classify=1.49s score=0.65s write=0.53s
2026-09-20 19:02:16.887 INFO Memory usage (end of timestep, peak): 228.87 GiB
2026-09-20 19:02:16.888 INFO Memory usage (end of timestep, current): 26.63 GiB
2026-09-20 19:02:16.888 INFO (Iteration 135) reference_counts_per_domain: real 82.42s | cpu 16.58s
2026-09-20 19:02:16.888 INFO (Iteration 135) session_flow_counts: real 96.50s | cpu 101.80s
2026-09-20 19:02:16.888 INFO (Iteration 135) flow_classification_supermajority: real 2.75s | cpu 2.57s
2026-09-20 19:02:16.888 INFO Iteration 135 finished in 247.44s (real) and 168.19s (process)
2026-09-20 19:02:16.889 INFO Start timestep 2023-12-31 00:00:00+00:00 -> 2024-01-30 00:00:00+00:00
2026-09-20 19:03:35.484 INFO DuckDB memory logs:
  database_name database_size  block_size  ...  wal_size  memory_usage  memory_limit
0   postgres_db       6.3 TiB           0  ...   0 bytes      12.7 GiB     228.8 GiB
1        memory       0 bytes           0  ...   0 bytes      12.7 GiB     228.8 GiB

[2 rows x 9 columns]
2026-09-20 19:03:35.497 INFO Loading data (2023-12-31 00:00:00+00:00 -> 2024-01-30 00:00:00+00:00) done in 78.61s (real) and 55.55s (process)
2026-09-20 19:03:35.497 INFO Memory usage (start of timestep, peak): 228.87 GiB
2026-09-20 19:03:35.498 INFO Memory usage (start of timestep, current): 23.82 GiB
2026-09-20 19:03:35.498 INFO Calculating metrics
2026-09-20 19:03:35.498 INFO Calculating metric: reference_counts_per_domain
2026-09-20 19:05:00.276 INFO Calculating metric: session_flow_counts
Found 297743 prefs in this timestep.
2026-09-20 19:06:54.397 INFO [session_flow_counts.calculate] total=114.11s query=6.47s derive=20.40s elicit=86.96s update counters=0.11s write=0.01s rebuttal_searches=0 rebuttal_skipped=0
2026-09-20 19:06:54.424 INFO Calculating metric: flow_classification_supermajority
Fraction of references that are clearly dominated: 25.97%
Fraction of references that are clearly dominating: 14.36%
Fraction of references that are contested: 0.98%
Fraction of references that are unclassified: 58.70%
2026-09-20 19:06:57.214 INFO [flow_classification_supermajority.calculate] total=2.79s classify=1.58s score=0.70s write=0.52s
2026-09-20 19:06:57.293 INFO Memory usage (end of timestep, peak): 228.87 GiB
2026-09-20 19:06:57.294 INFO Memory usage (end of timestep, current): 29.74 GiB
2026-09-20 19:06:57.294 INFO (Iteration 136) reference_counts_per_domain: real 84.78s | cpu 18.62s
2026-09-20 19:06:57.294 INFO (Iteration 136) session_flow_counts: real 114.13s | cpu 120.88s
2026-09-20 19:06:57.294 INFO (Iteration 136) flow_classification_supermajority: real 2.87s | cpu 2.70s
2026-09-20 19:06:57.294 INFO Iteration 136 finished in 280.41s (real) and 197.75s (process)
2026-09-20 19:06:57.298 INFO Start timestep 2024-01-30 00:00:00+00:00 -> 2024-02-29 00:00:00+00:00
2026-09-20 19:08:08.599 INFO DuckDB memory logs:
  database_name database_size  block_size  ...  wal_size  memory_usage  memory_limit
0   postgres_db       6.3 TiB           0  ...   0 bytes      11.3 GiB     228.8 GiB
1        memory       0 bytes           0  ...   0 bytes      11.3 GiB     228.8 GiB

[2 rows x 9 columns]
2026-09-20 19:08:08.600 INFO Loading data (2024-01-30 00:00:00+00:00 -> 2024-02-29 00:00:00+00:00) done in 71.30s (real) and 63.69s (process)
2026-09-20 19:08:08.600 INFO Memory usage (start of timestep, peak): 228.87 GiB
2026-09-20 19:08:08.600 INFO Memory usage (start of timestep, current): 22.46 GiB
2026-09-20 19:08:08.600 INFO Calculating metrics
2026-09-20 19:08:08.600 INFO Calculating metric: reference_counts_per_domain
2026-09-20 19:09:35.909 INFO Calculating metric: session_flow_counts
Found 33338 prefs in this timestep.
2026-09-20 19:11:19.719 INFO [session_flow_counts.calculate] total=103.80s query=5.94s derive=21.54s elicit=76.16s update counters=0.02s write=0.02s rebuttal_searches=0 rebuttal_skipped=0
2026-09-20 19:11:19.736 INFO Calculating metric: flow_classification_supermajority
Fraction of references that are clearly dominated: 25.95%
Fraction of references that are clearly dominating: 14.36%
Fraction of references that are contested: 0.98%
Fraction of references that are unclassified: 58.71%
2026-09-20 19:11:22.565 INFO [flow_classification_supermajority.calculate] total=2.83s classify=1.62s score=0.69s write=0.52s
2026-09-20 19:11:22.654 INFO Memory usage (end of timestep, peak): 228.87 GiB
2026-09-20 19:11:22.655 INFO Memory usage (end of timestep, current): 27.10 GiB
2026-09-20 19:11:22.655 INFO (Iteration 137) reference_counts_per_domain: real 87.31s | cpu 19.92s
2026-09-20 19:11:22.655 INFO (Iteration 137) session_flow_counts: real 103.81s | cpu 109.46s
2026-09-20 19:11:22.655 INFO (Iteration 137) flow_classification_supermajority: real 2.92s | cpu 2.76s
2026-09-20 19:11:22.655 INFO Iteration 137 finished in 265.36s (real) and 195.83s (process)
2026-09-20 19:11:22.656 INFO Start timestep 2024-02-29 00:00:00+00:00 -> 2024-03-30 00:00:00+00:00
2026-09-20 19:12:53.757 INFO DuckDB memory logs:
  database_name database_size  block_size  ...  wal_size  memory_usage  memory_limit
0   postgres_db       6.3 TiB           0  ...   0 bytes      14.6 GiB     228.8 GiB
1        memory       0 bytes           0  ...   0 bytes      14.6 GiB     228.8 GiB

[2 rows x 9 columns]
2026-09-20 19:12:53.771 INFO Loading data (2024-02-29 00:00:00+00:00 -> 2024-03-30 00:00:00+00:00) done in 91.12s (real) and 59.49s (process)
2026-09-20 19:12:53.771 INFO Memory usage (start of timestep, peak): 228.87 GiB
2026-09-20 19:12:53.772 INFO Memory usage (start of timestep, current): 25.64 GiB
2026-09-20 19:12:53.772 INFO Calculating metrics
2026-09-20 19:12:53.772 INFO Calculating metric: reference_counts_per_domain
2026-09-20 19:14:22.492 INFO Calculating metric: session_flow_counts
Found 67418 prefs in this timestep.
2026-09-20 19:17:04.542 INFO [session_flow_counts.calculate] total=162.04s query=8.83s derive=24.60s elicit=128.40s update counters=0.03s write=0.01s rebuttal_searches=0 rebuttal_skipped=0
2026-09-20 19:17:04.559 INFO Calculating metric: flow_classification_supermajority
Fraction of references that are clearly dominated: 25.88%
Fraction of references that are clearly dominating: 14.34%
Fraction of references that are contested: 0.97%
Fraction of references that are unclassified: 58.80%
2026-09-20 19:17:07.475 INFO [flow_classification_supermajority.calculate] total=2.92s classify=1.68s score=0.71s write=0.52s
2026-09-20 19:17:07.557 INFO Memory usage (end of timestep, peak): 228.87 GiB
2026-09-20 19:17:07.557 INFO Memory usage (end of timestep, current): 32.59 GiB
2026-09-20 19:17:07.557 INFO (Iteration 138) reference_counts_per_domain: real 88.72s | cpu 20.76s
2026-09-20 19:17:07.557 INFO (Iteration 138) session_flow_counts: real 162.05s | cpu 170.07s
2026-09-20 19:17:07.557 INFO (Iteration 138) flow_classification_supermajority: real 3.00s | cpu 2.84s
2026-09-20 19:17:07.557 INFO Iteration 138 finished in 344.90s (real) and 253.16s (process)
2026-09-20 19:17:07.558 INFO Start timestep 2024-03-30 00:00:00+00:00 -> 2024-04-29 00:00:00+00:00
2026-09-20 19:18:46.059 INFO DuckDB memory logs:
  database_name database_size  block_size  ...  wal_size  memory_usage  memory_limit
0   postgres_db       6.3 TiB           0  ...   0 bytes      15.1 GiB     228.8 GiB
1        memory       0 bytes           0  ...   0 bytes      15.1 GiB     228.8 GiB

[2 rows x 9 columns]
2026-09-20 19:18:46.073 INFO Loading data (2024-03-30 00:00:00+00:00 -> 2024-04-29 00:00:00+00:00) done in 98.52s (real) and 64.08s (process)
2026-09-20 19:18:46.074 INFO Memory usage (start of timestep, peak): 228.87 GiB
2026-09-20 19:18:46.074 INFO Memory usage (start of timestep, current): 26.16 GiB
2026-09-20 19:18:46.074 INFO Calculating metrics
2026-09-20 19:18:46.074 INFO Calculating metric: reference_counts_per_domain
2026-09-20 19:20:16.579 INFO Calculating metric: session_flow_counts
Found 121096 prefs in this timestep.
2026-09-20 19:23:14.561 INFO [session_flow_counts.calculate] total=177.97s query=9.28s derive=27.80s elicit=140.64s update counters=0.05s write=0.02s rebuttal_searches=0 rebuttal_skipped=0
2026-09-20 19:23:14.579 INFO Calculating metric: flow_classification_supermajority
Fraction of references that are clearly dominated: 25.80%
Fraction of references that are clearly dominating: 14.33%
Fraction of references that are contested: 0.97%
Fraction of references that are unclassified: 58.90%
2026-09-20 19:23:17.415 INFO [flow_classification_supermajority.calculate] total=2.84s classify=1.61s score=0.69s write=0.53s
2026-09-20 19:23:17.504 INFO Memory usage (end of timestep, peak): 228.87 GiB
2026-09-20 19:23:17.505 INFO Memory usage (end of timestep, current): 34.66 GiB
2026-09-20 19:23:17.505 INFO (Iteration 139) reference_counts_per_domain: real 90.50s | cpu 22.10s
2026-09-20 19:23:17.505 INFO (Iteration 139) session_flow_counts: real 177.99s | cpu 186.44s
2026-09-20 19:23:17.505 INFO (Iteration 139) flow_classification_supermajority: real 2.93s | cpu 2.75s
2026-09-20 19:23:17.505 INFO Iteration 139 finished in 369.95s (real) and 275.38s (process)
2026-09-20 19:23:17.505 INFO Start timestep 2024-04-29 00:00:00+00:00 -> 2024-05-29 00:00:00+00:00
2026-09-20 19:25:14.201 INFO DuckDB memory logs:
  database_name database_size  block_size  ...  wal_size  memory_usage  memory_limit
0   postgres_db       6.3 TiB           0  ...   0 bytes      18.3 GiB     228.8 GiB
1        memory       0 bytes           0  ...   0 bytes      18.3 GiB     228.8 GiB

[2 rows x 9 columns]
2026-09-20 19:25:14.215 INFO Loading data (2024-04-29 00:00:00+00:00 -> 2024-05-29 00:00:00+00:00) done in 116.71s (real) and 76.43s (process)
2026-09-20 19:25:14.215 INFO Memory usage (start of timestep, peak): 228.87 GiB
2026-09-20 19:25:14.216 INFO Memory usage (start of timestep, current): 29.09 GiB
2026-09-20 19:25:14.216 INFO Calculating metrics
2026-09-20 19:25:14.216 INFO Calculating metric: reference_counts_per_domain
2026-09-20 19:26:51.392 INFO Calculating metric: session_flow_counts
Found 100110 prefs in this timestep.
2026-09-20 19:30:54.719 INFO [session_flow_counts.calculate] total=243.31s query=11.79s derive=40.74s elicit=190.49s update counters=0.04s write=0.02s rebuttal_searches=0 rebuttal_skipped=0
2026-09-20 19:30:54.737 INFO Calculating metric: flow_classification_supermajority
Fraction of references that are clearly dominated: 25.66%
Fraction of references that are clearly dominating: 14.31%
Fraction of references that are contested: 0.97%
Fraction of references that are unclassified: 59.06%
2026-09-20 19:30:57.774 INFO [flow_classification_supermajority.calculate] total=3.04s classify=1.79s score=0.72s write=0.52s
2026-09-20 19:30:57.864 INFO Memory usage (end of timestep, peak): 228.87 GiB
2026-09-20 19:30:57.864 INFO Memory usage (end of timestep, current): 40.48 GiB
2026-09-20 19:30:57.864 INFO (Iteration 140) reference_counts_per_domain: real 97.18s | cpu 27.16s
2026-09-20 19:30:57.864 INFO (Iteration 140) session_flow_counts: real 243.33s | cpu 254.76s
2026-09-20 19:30:57.864 INFO (Iteration 140) flow_classification_supermajority: real 3.13s | cpu 2.97s
2026-09-20 19:30:57.865 INFO Iteration 140 finished in 460.36s (real) and 361.32s (process)
2026-09-20 19:30:57.865 INFO Start timestep 2024-05-29 00:00:00+00:00 -> 2024-06-28 00:00:00+00:00
2026-09-20 19:33:01.007 INFO DuckDB memory logs:
  database_name database_size  block_size  ...  wal_size  memory_usage  memory_limit
0   postgres_db       6.3 TiB           0  ...   0 bytes      19.0 GiB     228.8 GiB
1        memory       0 bytes           0  ...   0 bytes      19.0 GiB     228.8 GiB

[2 rows x 9 columns]
2026-09-20 19:33:01.020 INFO Loading data (2024-05-29 00:00:00+00:00 -> 2024-06-28 00:00:00+00:00) done in 123.15s (real) and 80.86s (process)
2026-09-20 19:33:01.020 INFO Memory usage (start of timestep, peak): 228.87 GiB
2026-09-20 19:33:01.020 INFO Memory usage (start of timestep, current): 29.83 GiB
2026-09-20 19:33:01.020 INFO Calculating metrics
2026-09-20 19:33:01.020 INFO Calculating metric: reference_counts_per_domain
2026-09-20 19:34:39.945 INFO Calculating metric: session_flow_counts
Found 365985 prefs in this timestep.
2026-09-20 19:38:31.648 INFO [session_flow_counts.calculate] total=231.69s query=12.63s derive=38.41s elicit=180.23s update counters=0.13s write=0.02s rebuttal_searches=0 rebuttal_skipped=0
2026-09-20 19:38:31.677 INFO Calculating metric: flow_classification_supermajority
Fraction of references that are clearly dominated: 25.60%
Fraction of references that are clearly dominating: 14.31%
Fraction of references that are contested: 0.96%
Fraction of references that are unclassified: 59.13%
2026-09-20 19:38:34.722 INFO [flow_classification_supermajority.calculate] total=3.05s classify=1.75s score=0.71s write=0.59s
2026-09-20 19:38:34.814 INFO Memory usage (end of timestep, peak): 228.87 GiB
2026-09-20 19:38:34.814 INFO Memory usage (end of timestep, current): 41.70 GiB
2026-09-20 19:38:34.814 INFO (Iteration 141) reference_counts_per_domain: real 98.93s | cpu 24.73s
2026-09-20 19:38:34.814 INFO (Iteration 141) session_flow_counts: real 231.72s | cpu 243.34s
2026-09-20 19:38:34.814 INFO (Iteration 141) flow_classification_supermajority: real 3.14s | cpu 2.91s
2026-09-20 19:38:34.814 INFO Iteration 141 finished in 456.95s (real) and 351.84s (process)
2026-09-20 19:38:34.815 INFO Start timestep 2024-06-28 00:00:00+00:00 -> 2024-07-28 00:00:00+00:00
2026-09-20 19:40:48.602 INFO DuckDB memory logs:
  database_name database_size  block_size  ...  wal_size  memory_usage  memory_limit
0   postgres_db       6.3 TiB           0  ...   0 bytes      21.0 GiB     228.8 GiB
1        memory       0 bytes           0  ...   0 bytes      21.0 GiB     228.8 GiB

[2 rows x 9 columns]
2026-09-20 19:40:48.603 INFO Loading data (2024-06-28 00:00:00+00:00 -> 2024-07-28 00:00:00+00:00) done in 133.79s (real) and 87.90s (process)
2026-09-20 19:40:48.603 INFO Memory usage (start of timestep, peak): 228.87 GiB
2026-09-20 19:40:48.603 INFO Memory usage (start of timestep, current): 31.72 GiB
2026-09-20 19:40:48.603 INFO Calculating metrics
2026-09-20 19:40:48.604 INFO Calculating metric: reference_counts_per_domain
2026-09-20 19:42:24.515 INFO Calculating metric: session_flow_counts
Found 1190056 prefs in this timestep.
2026-09-20 19:47:57.656 INFO [session_flow_counts.calculate] total=333.13s query=12.71s derive=35.34s elicit=284.38s update counters=0.38s write=0.01s rebuttal_searches=0 rebuttal_skipped=0
2026-09-20 19:47:57.705 INFO Calculating metric: flow_classification_supermajority
Fraction of references that are clearly dominated: 25.48%
Fraction of references that are clearly dominating: 14.27%
Fraction of references that are contested: 0.96%
Fraction of references that are unclassified: 59.29%
2026-09-20 19:48:00.793 INFO [flow_classification_supermajority.calculate] total=3.09s classify=1.82s score=0.73s write=0.54s
2026-09-20 19:48:00.890 INFO Memory usage (end of timestep, peak): 228.87 GiB
2026-09-20 19:48:00.890 INFO Memory usage (end of timestep, current): 45.47 GiB
2026-09-20 19:48:00.890 INFO (Iteration 142) reference_counts_per_domain: real 95.91s | cpu 21.42s
2026-09-20 19:48:00.890 INFO (Iteration 142) session_flow_counts: real 333.18s | cpu 345.20s
2026-09-20 19:48:00.890 INFO (Iteration 142) flow_classification_supermajority: real 3.18s | cpu 3.02s
2026-09-20 19:48:00.890 INFO Iteration 142 finished in 566.08s (real) and 457.55s (process)
2026-09-20 19:48:00.891 INFO Start timestep 2024-07-28 00:00:00+00:00 -> 2024-08-27 00:00:00+00:00
2026-09-20 19:50:28.920 INFO DuckDB memory logs:
  database_name database_size  block_size  ...  wal_size  memory_usage  memory_limit
0   postgres_db       6.4 TiB           0  ...   0 bytes      22.1 GiB     228.8 GiB
1        memory       0 bytes           0  ...   0 bytes      22.1 GiB     228.8 GiB

[2 rows x 9 columns]
2026-09-20 19:50:28.933 INFO Loading data (2024-07-28 00:00:00+00:00 -> 2024-08-27 00:00:00+00:00) done in 148.04s (real) and 97.98s (process)
2026-09-20 19:50:28.933 INFO Memory usage (start of timestep, peak): 228.87 GiB
2026-09-20 19:50:28.934 INFO Memory usage (start of timestep, current): 32.91 GiB
2026-09-20 19:50:28.934 INFO Calculating metrics
2026-09-20 19:50:28.934 INFO Calculating metric: reference_counts_per_domain
2026-09-20 19:52:06.998 INFO Calculating metric: session_flow_counts
Found 45798 prefs in this timestep.
2026-09-20 20:00:06.188 INFO [session_flow_counts.calculate] total=479.18s query=12.94s derive=42.73s elicit=422.97s update counters=0.02s write=0.01s rebuttal_searches=0 rebuttal_skipped=0
2026-09-20 20:00:06.204 INFO Calculating metric: flow_classification_supermajority
Fraction of references that are clearly dominated: 25.19%
Fraction of references that are clearly dominating: 14.13%
Fraction of references that are contested: 0.95%
Fraction of references that are unclassified: 59.73%
2026-09-20 20:00:09.323 INFO [flow_classification_supermajority.calculate] total=3.12s classify=1.82s score=0.76s write=0.54s
2026-09-20 20:00:09.415 INFO Memory usage (end of timestep, peak): 228.87 GiB
2026-09-20 20:00:09.415 INFO Memory usage (end of timestep, current): 48.27 GiB
2026-09-20 20:00:09.415 INFO (Iteration 143) reference_counts_per_domain: real 98.06s | cpu 20.84s
2026-09-20 20:00:09.415 INFO (Iteration 143) session_flow_counts: real 479.19s | cpu 491.37s
2026-09-20 20:00:09.415 INFO (Iteration 143) flow_classification_supermajority: real 3.21s | cpu 3.05s
2026-09-20 20:00:09.415 INFO Iteration 143 finished in 728.52s (real) and 613.24s (process)
2026-09-20 20:00:09.416 INFO Start timestep 2024-08-27 00:00:00+00:00 -> 2024-09-26 00:00:00+00:00
2026-09-20 20:01:26.053 INFO DuckDB memory logs:
  database_name database_size  block_size  ...  wal_size  memory_usage  memory_limit
0   postgres_db       6.4 TiB           0  ...   0 bytes      11.4 GiB     228.8 GiB
1        memory       0 bytes           0  ...   0 bytes      11.4 GiB     228.8 GiB

[2 rows x 9 columns]
2026-09-20 20:01:26.054 INFO Loading data (2024-08-27 00:00:00+00:00 -> 2024-09-26 00:00:00+00:00) done in 76.64s (real) and 51.27s (process)
2026-09-20 20:01:26.054 INFO Memory usage (start of timestep, peak): 228.87 GiB
2026-09-20 20:01:26.054 INFO Memory usage (start of timestep, current): 23.10 GiB
2026-09-20 20:01:26.054 INFO Calculating metrics
2026-09-20 20:01:26.054 INFO Calculating metric: reference_counts_per_domain
2026-09-20 20:02:54.717 INFO Calculating metric: session_flow_counts
Found 297175 prefs in this timestep.
2026-09-20 20:05:32.510 INFO [session_flow_counts.calculate] total=157.79s query=6.17s derive=21.65s elicit=129.66s update counters=0.11s write=0.01s rebuttal_searches=0 rebuttal_skipped=0
2026-09-20 20:05:32.524 INFO Calculating metric: flow_classification_supermajority
Fraction of references that are clearly dominated: 25.13%
Fraction of references that are clearly dominating: 14.11%
Fraction of references that are contested: 1.00%
Fraction of references that are unclassified: 59.76%
2026-09-20 20:05:35.415 INFO [flow_classification_supermajority.calculate] total=2.89s classify=1.65s score=0.71s write=0.53s
2026-09-20 20:05:35.501 INFO Memory usage (end of timestep, peak): 228.87 GiB
2026-09-20 20:05:35.502 INFO Memory usage (end of timestep, current): 30.84 GiB
2026-09-20 20:05:35.502 INFO (Iteration 144) reference_counts_per_domain: real 88.66s | cpu 19.20s
2026-09-20 20:05:35.502 INFO (Iteration 144) session_flow_counts: real 157.81s | cpu 163.73s
2026-09-20 20:05:35.502 INFO (Iteration 144) flow_classification_supermajority: real 2.98s | cpu 2.80s
2026-09-20 20:05:35.502 INFO Iteration 144 finished in 326.09s (real) and 237.01s (process)
2026-09-20 20:05:35.503 INFO Start timestep 2024-09-26 00:00:00+00:00 -> 2024-10-26 00:00:00+00:00
2026-09-20 20:06:32.038 INFO DuckDB memory logs:
  database_name database_size  block_size  ...  wal_size  memory_usage  memory_limit
0   postgres_db       6.4 TiB           0  ...   0 bytes       8.8 GiB     228.8 GiB
1        memory       0 bytes           0  ...   0 bytes       8.8 GiB     228.8 GiB

[2 rows x 9 columns]
2026-09-20 20:06:32.038 INFO Loading data (2024-09-26 00:00:00+00:00 -> 2024-10-26 00:00:00+00:00) done in 56.53s (real) and 37.09s (process)
2026-09-20 20:06:32.038 INFO Memory usage (start of timestep, peak): 228.87 GiB
2026-09-20 20:06:32.038 INFO Memory usage (start of timestep, current): 20.17 GiB
2026-09-20 20:06:32.038 INFO Calculating metrics
2026-09-20 20:06:32.038 INFO Calculating metric: reference_counts_per_domain
2026-09-20 20:08:01.288 INFO Calculating metric: session_flow_counts
Found 429314 prefs in this timestep.
2026-09-20 20:09:19.788 INFO [session_flow_counts.calculate] total=78.50s query=4.72s derive=14.48s elicit=59.05s update counters=0.15s write=0.02s rebuttal_searches=0 rebuttal_skipped=0
2026-09-20 20:09:19.805 INFO Calculating metric: flow_classification_supermajority
Fraction of references that are clearly dominated: 25.18%
Fraction of references that are clearly dominating: 14.14%
Fraction of references that are contested: 0.95%
Fraction of references that are unclassified: 59.72%
2026-09-20 20:09:22.691 INFO [flow_classification_supermajority.calculate] total=2.89s classify=1.63s score=0.72s write=0.54s
2026-09-20 20:09:22.782 INFO Memory usage (end of timestep, peak): 228.87 GiB
2026-09-20 20:09:22.783 INFO Memory usage (end of timestep, current): 23.88 GiB
2026-09-20 20:09:22.783 INFO (Iteration 145) reference_counts_per_domain: real 89.25s | cpu 17.52s
2026-09-20 20:09:22.783 INFO (Iteration 145) session_flow_counts: real 78.52s | cpu 82.71s
2026-09-20 20:09:22.783 INFO (Iteration 145) flow_classification_supermajority: real 2.98s | cpu 2.82s
2026-09-20 20:09:22.783 INFO Iteration 145 finished in 227.28s (real) and 140.14s (process)
2026-09-20 20:09:22.784 INFO Start timestep 2024-10-26 00:00:00+00:00 -> 2024-11-25 00:00:00+00:00
2026-09-20 20:11:29.546 INFO DuckDB memory logs:
  database_name database_size  block_size  ...  wal_size  memory_usage  memory_limit
0   postgres_db       6.4 TiB           0  ...   0 bytes      18.7 GiB     228.8 GiB
1        memory       0 bytes           0  ...   0 bytes      18.7 GiB     228.8 GiB

[2 rows x 9 columns]
2026-09-20 20:11:29.558 INFO Loading data (2024-10-26 00:00:00+00:00 -> 2024-11-25 00:00:00+00:00) done in 126.77s (real) and 96.54s (process)
2026-09-20 20:11:29.559 INFO Memory usage (start of timestep, peak): 228.87 GiB
2026-09-20 20:11:29.559 INFO Memory usage (start of timestep, current): 29.76 GiB
2026-09-20 20:11:29.559 INFO Calculating metrics
2026-09-20 20:11:29.559 INFO Calculating metric: reference_counts_per_domain
2026-09-20 20:13:03.964 INFO Calculating metric: session_flow_counts
Found 306656 prefs in this timestep.
2026-09-20 20:16:51.794 INFO [session_flow_counts.calculate] total=227.83s query=12.39s derive=35.70s elicit=179.36s update counters=0.12s write=0.03s rebuttal_searches=0 rebuttal_skipped=0
2026-09-20 20:16:51.827 INFO Calculating metric: flow_classification_supermajority
Fraction of references that are clearly dominated: 25.09%
Fraction of references that are clearly dominating: 14.13%
Fraction of references that are contested: 0.97%
Fraction of references that are unclassified: 59.81%
2026-09-20 20:16:54.800 INFO [flow_classification_supermajority.calculate] total=2.97s classify=1.72s score=0.71s write=0.54s
2026-09-20 20:16:54.883 INFO Memory usage (end of timestep, peak): 228.87 GiB
2026-09-20 20:16:54.884 INFO Memory usage (end of timestep, current): 39.63 GiB
2026-09-20 20:16:54.884 INFO (Iteration 146) reference_counts_per_domain: real 94.41s | cpu 25.60s
2026-09-20 20:16:54.884 INFO (Iteration 146) session_flow_counts: real 227.86s | cpu 240.09s
2026-09-20 20:16:54.884 INFO (Iteration 146) flow_classification_supermajority: real 3.06s | cpu 2.88s
2026-09-20 20:16:54.884 INFO Iteration 146 finished in 452.10s (real) and 365.11s (process)
2026-09-20 20:16:54.885 INFO Start timestep 2024-11-25 00:00:00+00:00 -> 2024-12-25 00:00:00+00:00
2026-09-20 20:20:09.864 INFO DuckDB memory logs:
  database_name database_size  block_size  ...  wal_size  memory_usage  memory_limit
0   postgres_db       6.4 TiB           0  ...   0 bytes      29.7 GiB     228.8 GiB
1        memory       0 bytes           0  ...   0 bytes      29.7 GiB     228.8 GiB

[2 rows x 9 columns]
2026-09-20 20:20:09.865 INFO Loading data (2024-11-25 00:00:00+00:00 -> 2024-12-25 00:00:00+00:00) done in 194.98s (real) and 278.50s (process)
2026-09-20 20:20:09.865 INFO Memory usage (start of timestep, peak): 228.87 GiB
2026-09-20 20:20:09.865 INFO Memory usage (start of timestep, current): 40.25 GiB
2026-09-20 20:20:09.865 INFO Calculating metrics
2026-09-20 20:20:09.865 INFO Calculating metric: reference_counts_per_domain
2026-09-20 20:21:55.019 INFO Calculating metric: session_flow_counts
Found 1022741 prefs in this timestep.
2026-09-20 20:28:35.217 INFO [session_flow_counts.calculate] total=400.18s query=23.49s derive=69.78s elicit=305.95s update counters=0.35s write=0.02s rebuttal_searches=0 rebuttal_skipped=0
2026-09-20 20:28:35.270 INFO Calculating metric: flow_classification_supermajority
Fraction of references that are clearly dominated: 25.03%
Fraction of references that are clearly dominating: 14.22%
Fraction of references that are contested: 0.96%
Fraction of references that are unclassified: 59.79%
2026-09-20 20:28:38.316 INFO [flow_classification_supermajority.calculate] total=3.05s classify=1.78s score=0.73s write=0.54s
2026-09-20 20:28:38.405 INFO Memory usage (end of timestep, peak): 228.87 GiB
2026-09-20 20:28:38.406 INFO Memory usage (end of timestep, current): 59.11 GiB
2026-09-20 20:28:38.406 INFO (Iteration 147) reference_counts_per_domain: real 105.15s | cpu 39.82s
2026-09-20 20:28:38.406 INFO (Iteration 147) session_flow_counts: real 400.24s | cpu 423.82s
2026-09-20 20:28:38.406 INFO (Iteration 147) flow_classification_supermajority: real 3.14s | cpu 2.97s
2026-09-20 20:28:38.406 INFO Iteration 147 finished in 703.52s (real) and 745.12s (process)
2026-09-20 20:28:38.407 INFO Start timestep 2024-12-25 00:00:00+00:00 -> 2025-01-24 00:00:00+00:00
2026-09-20 20:31:54.707 INFO DuckDB memory logs:
  database_name database_size  block_size  ...  wal_size  memory_usage  memory_limit
0   postgres_db       6.4 TiB           0  ...   0 bytes      29.7 GiB     228.8 GiB
1        memory       0 bytes           0  ...   0 bytes      29.7 GiB     228.8 GiB

[2 rows x 9 columns]
2026-09-20 20:31:54.720 INFO Loading data (2024-12-25 00:00:00+00:00 -> 2025-01-24 00:00:00+00:00) done in 196.31s (real) and 130.64s (process)
2026-09-20 20:31:54.720 INFO Memory usage (start of timestep, peak): 228.87 GiB
2026-09-20 20:31:54.720 INFO Memory usage (start of timestep, current): 41.47 GiB
2026-09-20 20:31:54.720 INFO Calculating metrics
2026-09-20 20:31:54.720 INFO Calculating metric: reference_counts_per_domain
2026-09-20 20:33:38.559 INFO Calculating metric: session_flow_counts
Found 1130434 prefs in this timestep.
2026-09-20 20:40:59.163 INFO [session_flow_counts.calculate] total=440.59s query=23.36s derive=71.68s elicit=344.52s update counters=0.38s write=0.01s rebuttal_searches=0 rebuttal_skipped=0
2026-09-20 20:40:59.213 INFO Calculating metric: flow_classification_supermajority
Fraction of references that are clearly dominated: 24.89%
Fraction of references that are clearly dominating: 14.26%
Fraction of references that are contested: 0.95%
Fraction of references that are unclassified: 59.90%
2026-09-20 20:41:02.275 INFO [flow_classification_supermajority.calculate] total=3.06s classify=1.75s score=0.73s write=0.59s
2026-09-20 20:41:02.363 INFO Memory usage (end of timestep, peak): 228.87 GiB
2026-09-20 20:41:02.363 INFO Memory usage (end of timestep, current): 59.50 GiB
2026-09-20 20:41:02.363 INFO (Iteration 148) reference_counts_per_domain: real 103.84s | cpu 38.51s
2026-09-20 20:41:02.363 INFO (Iteration 148) session_flow_counts: real 440.64s | cpu 464.02s
2026-09-20 20:41:02.363 INFO (Iteration 148) flow_classification_supermajority: real 3.15s | cpu 2.93s
2026-09-20 20:41:02.363 INFO Iteration 148 finished in 743.96s (real) and 636.09s (process)
2026-09-20 20:41:02.364 INFO Start timestep 2025-01-24 00:00:00+00:00 -> 2025-02-23 00:00:00+00:00
2026-09-20 20:43:48.647 INFO DuckDB memory logs:
  database_name database_size  block_size  ...  wal_size  memory_usage  memory_limit
0   postgres_db       6.4 TiB           0  ...   0 bytes      24.3 GiB     228.8 GiB
1        memory       0 bytes           0  ...   0 bytes      24.3 GiB     228.8 GiB

[2 rows x 9 columns]
2026-09-20 20:43:48.660 INFO Loading data (2025-01-24 00:00:00+00:00 -> 2025-02-23 00:00:00+00:00) done in 166.30s (real) and 123.29s (process)
2026-09-20 20:43:48.660 INFO Memory usage (start of timestep, peak): 228.87 GiB
2026-09-20 20:43:48.660 INFO Memory usage (start of timestep, current): 36.70 GiB
2026-09-20 20:43:48.660 INFO Calculating metrics
2026-09-20 20:43:48.661 INFO Calculating metric: reference_counts_per_domain
2026-09-20 20:45:32.216 INFO Calculating metric: session_flow_counts
Found 1388398 prefs in this timestep.
2026-09-20 20:50:30.251 INFO [session_flow_counts.calculate] total=298.02s query=18.88s derive=52.67s elicit=225.63s update counters=0.45s write=0.01s rebuttal_searches=0 rebuttal_skipped=0
2026-09-20 20:50:30.312 INFO Calculating metric: flow_classification_supermajority
Fraction of references that are clearly dominated: 24.67%
Fraction of references that are clearly dominating: 14.29%
Fraction of references that are contested: 0.92%
Fraction of references that are unclassified: 60.12%
2026-09-20 20:50:33.461 INFO [flow_classification_supermajority.calculate] total=3.15s classify=1.83s score=0.76s write=0.56s
2026-09-20 20:50:33.558 INFO Memory usage (end of timestep, peak): 228.87 GiB
2026-09-20 20:50:33.559 INFO Memory usage (end of timestep, current): 51.30 GiB
2026-09-20 20:50:33.559 INFO (Iteration 149) reference_counts_per_domain: real 103.56s | cpu 32.98s
2026-09-20 20:50:33.559 INFO (Iteration 149) session_flow_counts: real 298.08s | cpu 315.97s
2026-09-20 20:50:33.559 INFO (Iteration 149) flow_classification_supermajority: real 3.25s | cpu 3.08s
2026-09-20 20:50:33.559 INFO Iteration 149 finished in 571.20s (real) and 475.32s (process)
2026-09-20 20:50:33.560 INFO Start timestep 2025-02-23 00:00:00+00:00 -> 2025-03-25 00:00:00+00:00
2026-09-20 20:51:48.084 INFO DuckDB memory logs:
  database_name database_size  block_size  ...  wal_size  memory_usage  memory_limit
0   postgres_db       6.4 TiB           0  ...   0 bytes      11.3 GiB     228.8 GiB
1        memory       0 bytes           0  ...   0 bytes      11.3 GiB     228.8 GiB

[2 rows x 9 columns]
2026-09-20 20:51:48.097 INFO Loading data (2025-02-23 00:00:00+00:00 -> 2025-03-25 00:00:00+00:00) done in 74.54s (real) and 50.03s (process)
2026-09-20 20:51:48.098 INFO Memory usage (start of timestep, peak): 228.87 GiB
2026-09-20 20:51:48.098 INFO Memory usage (start of timestep, current): 23.75 GiB
2026-09-20 20:51:48.098 INFO Calculating metrics
2026-09-20 20:51:48.098 INFO Calculating metric: reference_counts_per_domain
2026-09-20 20:53:22.938 INFO Calculating metric: session_flow_counts
Found 258071 prefs in this timestep.
2026-09-20 20:55:33.161 INFO [session_flow_counts.calculate] total=130.21s query=5.81s derive=18.56s elicit=105.57s update counters=0.10s write=0.02s rebuttal_searches=0 rebuttal_skipped=0
2026-09-20 20:55:33.189 INFO Calculating metric: flow_classification_supermajority
Fraction of references that are clearly dominated: 24.65%
Fraction of references that are clearly dominating: 14.30%
Fraction of references that are contested: 0.91%
Fraction of references that are unclassified: 60.13%
2026-09-20 20:55:36.226 INFO [flow_classification_supermajority.calculate] total=3.04s classify=1.77s score=0.73s write=0.54s
2026-09-20 20:55:36.316 INFO Memory usage (end of timestep, peak): 228.87 GiB
2026-09-20 20:55:36.316 INFO Memory usage (end of timestep, current): 29.71 GiB
2026-09-20 20:55:36.316 INFO (Iteration 150) reference_counts_per_domain: real 94.84s | cpu 17.90s
2026-09-20 20:55:36.316 INFO (Iteration 150) session_flow_counts: real 130.24s | cpu 135.65s
2026-09-20 20:55:36.316 INFO (Iteration 150) flow_classification_supermajority: real 3.13s | cpu 2.96s
2026-09-20 20:55:36.316 INFO Iteration 150 finished in 302.76s (real) and 206.54s (process)
2026-09-20 20:55:36.317 INFO Start timestep 2025-03-25 00:00:00+00:00 -> 2025-04-24 00:00:00+00:00
2026-09-20 20:56:24.584 INFO DuckDB memory logs:
  database_name database_size  block_size  ...  wal_size  memory_usage  memory_limit
0   postgres_db       6.4 TiB           0  ...   0 bytes       7.2 GiB     228.8 GiB
1        memory       0 bytes           0  ...   0 bytes       7.2 GiB     228.8 GiB

[2 rows x 9 columns]
2026-09-20 20:56:24.584 INFO Loading data (2025-03-25 00:00:00+00:00 -> 2025-04-24 00:00:00+00:00) done in 48.27s (real) and 31.36s (process)
2026-09-20 20:56:24.584 INFO Memory usage (start of timestep, peak): 228.87 GiB
2026-09-20 20:56:24.585 INFO Memory usage (start of timestep, current): 19.43 GiB
2026-09-20 20:56:24.585 INFO Calculating metrics
2026-09-20 20:56:24.585 INFO Calculating metric: reference_counts_per_domain
2026-09-20 20:57:59.751 INFO Calculating metric: session_flow_counts
Found 21375 prefs in this timestep.
2026-09-20 20:59:21.255 INFO [session_flow_counts.calculate] total=81.50s query=3.76s derive=12.72s elicit=64.92s update counters=0.01s write=0.02s rebuttal_searches=0 rebuttal_skipped=0
2026-09-20 20:59:21.270 INFO Calculating metric: flow_classification_supermajority
Fraction of references that are clearly dominated: 24.63%
Fraction of references that are clearly dominating: 14.30%
Fraction of references that are contested: 0.91%
Fraction of references that are unclassified: 60.16%
2026-09-20 20:59:24.298 INFO [flow_classification_supermajority.calculate] total=3.03s classify=1.74s score=0.73s write=0.56s
2026-09-20 20:59:24.388 INFO Memory usage (end of timestep, peak): 228.87 GiB
2026-09-20 20:59:24.388 INFO Memory usage (end of timestep, current): 22.94 GiB
2026-09-20 20:59:24.389 INFO (Iteration 151) reference_counts_per_domain: real 95.17s | cpu 16.49s
2026-09-20 20:59:24.389 INFO (Iteration 151) session_flow_counts: real 81.52s | cpu 85.28s
2026-09-20 20:59:24.389 INFO (Iteration 151) flow_classification_supermajority: real 3.12s | cpu 2.94s
2026-09-20 20:59:24.389 INFO Iteration 151 finished in 228.07s (real) and 136.06s (process)
2026-09-20 20:59:24.389 INFO Start timestep 2025-04-24 00:00:00+00:00 -> 2025-05-24 00:00:00+00:00
2026-09-20 21:00:52.669 INFO DuckDB memory logs:
  database_name database_size  block_size  ...  wal_size  memory_usage  memory_limit
0   postgres_db       6.4 TiB           0  ...   0 bytes      13.1 GiB     228.8 GiB
1        memory       0 bytes           0  ...   0 bytes      13.1 GiB     228.8 GiB

[2 rows x 9 columns]
2026-09-20 21:00:52.683 INFO Loading data (2025-04-24 00:00:00+00:00 -> 2025-05-24 00:00:00+00:00) done in 88.29s (real) and 77.44s (process)
2026-09-20 21:00:52.683 INFO Memory usage (start of timestep, peak): 228.87 GiB
2026-09-20 21:00:52.684 INFO Memory usage (start of timestep, current): 25.11 GiB
2026-09-20 21:00:52.684 INFO Calculating metrics
2026-09-20 21:00:52.684 INFO Calculating metric: reference_counts_per_domain
2026-09-20 21:02:31.021 INFO Calculating metric: session_flow_counts
Found 26023 prefs in this timestep.
2026-09-20 21:04:37.000 INFO [session_flow_counts.calculate] total=125.97s query=9.41s derive=25.66s elicit=90.71s update counters=0.02s write=0.02s rebuttal_searches=0 rebuttal_skipped=0
2026-09-20 21:04:37.019 INFO Calculating metric: flow_classification_supermajority
Fraction of references that are clearly dominated: 24.55%
Fraction of references that are clearly dominating: 14.28%
Fraction of references that are contested: 0.91%
Fraction of references that are unclassified: 60.26%
2026-09-20 21:04:40.138 INFO [flow_classification_supermajority.calculate] total=3.12s classify=1.82s score=0.73s write=0.57s
2026-09-20 21:04:40.240 INFO Memory usage (end of timestep, peak): 228.87 GiB
2026-09-20 21:04:40.241 INFO Memory usage (end of timestep, current): 33.44 GiB
2026-09-20 21:04:40.241 INFO (Iteration 152) reference_counts_per_domain: real 98.34s | cpu 21.36s
2026-09-20 21:04:40.241 INFO (Iteration 152) session_flow_counts: real 125.98s | cpu 134.59s
2026-09-20 21:04:40.241 INFO (Iteration 152) flow_classification_supermajority: real 3.22s | cpu 3.05s
2026-09-20 21:04:40.241 INFO Iteration 152 finished in 315.85s (real) and 236.44s (process)
2026-09-20 21:04:40.242 INFO Start timestep 2025-05-24 00:00:00+00:00 -> 2025-06-23 00:00:00+00:00
2026-09-20 21:05:08.746 INFO DuckDB memory logs:
  database_name database_size  block_size  ...  wal_size  memory_usage  memory_limit
0   postgres_db       6.4 TiB           0  ...   0 bytes       4.1 GiB     228.8 GiB
1        memory       0 bytes           0  ...   0 bytes       4.1 GiB     228.8 GiB

[2 rows x 9 columns]
2026-09-20 21:05:08.746 INFO Loading data (2025-05-24 00:00:00+00:00 -> 2025-06-23 00:00:00+00:00) done in 28.50s (real) and 21.12s (process)
2026-09-20 21:05:08.746 INFO Memory usage (start of timestep, peak): 228.87 GiB
2026-09-20 21:05:08.746 INFO Memory usage (start of timestep, current): 16.44 GiB
2026-09-20 21:05:08.746 INFO Calculating metrics
2026-09-20 21:05:08.746 INFO Calculating metric: reference_counts_per_domain
2026-09-20 21:06:45.119 INFO Calculating metric: session_flow_counts
Found 28088 prefs in this timestep.
2026-09-20 21:07:18.874 INFO [session_flow_counts.calculate] total=33.74s query=2.99s derive=8.88s elicit=21.80s update counters=0.01s write=0.02s rebuttal_searches=0 rebuttal_skipped=0
2026-09-20 21:07:18.877 INFO Calculating metric: flow_classification_supermajority
Fraction of references that are clearly dominated: 24.53%
Fraction of references that are clearly dominating: 14.28%
Fraction of references that are contested: 0.91%
Fraction of references that are unclassified: 60.28%
2026-09-20 21:07:21.977 INFO [flow_classification_supermajority.calculate] total=3.10s classify=1.71s score=0.74s write=0.64s
2026-09-20 21:07:22.075 INFO Memory usage (end of timestep, peak): 228.87 GiB
2026-09-20 21:07:22.076 INFO Memory usage (end of timestep, current): 18.61 GiB
2026-09-20 21:07:22.076 INFO (Iteration 153) reference_counts_per_domain: real 96.37s | cpu 15.28s
2026-09-20 21:07:22.076 INFO (Iteration 153) session_flow_counts: real 33.74s | cpu 36.57s
2026-09-20 21:07:22.076 INFO (Iteration 153) flow_classification_supermajority: real 3.20s | cpu 2.96s
2026-09-20 21:07:22.076 INFO Iteration 153 finished in 161.83s (real) and 75.93s (process)
2026-09-20 21:07:22.089 INFO Start timestep 2025-06-23 00:00:00+00:00 -> 2025-07-23 00:00:00+00:00
2026-09-20 21:07:22.466 INFO DuckDB memory logs:
  database_name database_size  block_size  ...  wal_size  memory_usage  memory_limit
0   postgres_db       6.4 TiB           0  ...   0 bytes       0 bytes     228.8 GiB
1        memory       0 bytes           0  ...   0 bytes       0 bytes     228.8 GiB

[2 rows x 9 columns]
2026-09-20 21:07:22.467 INFO Loading data (2025-06-23 00:00:00+00:00 -> 2025-07-23 00:00:00+00:00) done in 0.38s (real) and 0.19s (process)
2026-09-20 21:07:22.467 INFO Memory usage (start of timestep, peak): 228.87 GiB
2026-09-20 21:07:22.467 INFO Memory usage (start of timestep, current): 18.61 GiB
2026-09-20 21:07:22.467 INFO Calculating metrics
2026-09-20 21:07:22.467 INFO Calculating metric: reference_counts_per_domain
2026-09-20 21:08:55.264 INFO Calculating metric: session_flow_counts
Found 0 usable reference edits in this timestep.
2026-09-20 21:08:55.311 INFO [session_flow_counts.calculate] total=0.03s query=0.01s update counters=0.00s write=0.02s rebuttal_searches=0 rebuttal_skipped=0
2026-09-20 21:08:55.312 INFO Calculating metric: flow_classification_supermajority
Fraction of references that are clearly dominated: 24.53%
Fraction of references that are clearly dominating: 14.28%
Fraction of references that are contested: 0.91%
Fraction of references that are unclassified: 60.28%
2026-09-20 21:08:58.452 INFO [flow_classification_supermajority.calculate] total=3.14s classify=1.82s score=0.76s write=0.56s
2026-09-20 21:08:58.549 INFO Memory usage (end of timestep, peak): 228.87 GiB
2026-09-20 21:08:58.550 INFO Memory usage (end of timestep, current): 12.45 GiB
2026-09-20 21:08:58.550 INFO (Iteration 154) reference_counts_per_domain: real 92.80s | cpu 11.51s
2026-09-20 21:08:58.550 INFO (Iteration 154) session_flow_counts: real 0.03s | cpu 0.02s
2026-09-20 21:08:58.550 INFO (Iteration 154) flow_classification_supermajority: real 3.24s | cpu 3.21s
2026-09-20 21:08:58.551 INFO Iteration 154 finished in 96.46s (real) and 14.93s (process)
2026-09-20 21:08:58.551 INFO Start timestep 2025-07-23 00:00:00+00:00 -> 2025-08-22 00:00:00+00:00
2026-09-20 21:08:58.759 INFO DuckDB memory logs:
  database_name database_size  block_size  ...  wal_size  memory_usage  memory_limit
0   postgres_db       6.4 TiB           0  ...   0 bytes       0 bytes     228.8 GiB
1        memory       0 bytes           0  ...   0 bytes       0 bytes     228.8 GiB

[2 rows x 9 columns]
2026-09-20 21:08:58.760 INFO Loading data (2025-07-23 00:00:00+00:00 -> 2025-08-22 00:00:00+00:00) done in 0.21s (real) and 0.04s (process)
2026-09-20 21:08:58.760 INFO Memory usage (start of timestep, peak): 228.87 GiB
2026-09-20 21:08:58.760 INFO Memory usage (start of timestep, current): 12.45 GiB
2026-09-20 21:08:58.760 INFO Calculating metrics
2026-09-20 21:08:58.760 INFO Calculating metric: reference_counts_per_domain
2026-09-20 21:10:31.799 INFO Calculating metric: session_flow_counts
Found 0 usable reference edits in this timestep.
2026-09-20 21:10:31.846 INFO [session_flow_counts.calculate] total=0.03s query=0.01s update counters=0.00s write=0.02s rebuttal_searches=0 rebuttal_skipped=0
2026-09-20 21:10:31.846 INFO Calculating metric: flow_classification_supermajority
Fraction of references that are clearly dominated: 24.53%
Fraction of references that are clearly dominating: 14.28%
Fraction of references that are contested: 0.91%
Fraction of references that are unclassified: 60.28%
2026-09-20 21:10:35.019 INFO [flow_classification_supermajority.calculate] total=3.17s classify=1.83s score=0.76s write=0.58s
2026-09-20 21:10:35.117 INFO Memory usage (end of timestep, peak): 228.87 GiB
2026-09-20 21:10:35.118 INFO Memory usage (end of timestep, current): 12.45 GiB
2026-09-20 21:10:35.118 INFO (Iteration 155) reference_counts_per_domain: real 93.04s | cpu 10.96s
2026-09-20 21:10:35.118 INFO (Iteration 155) session_flow_counts: real 0.03s | cpu 0.02s
2026-09-20 21:10:35.118 INFO (Iteration 155) flow_classification_supermajority: real 3.27s | cpu 3.20s
2026-09-20 21:10:35.118 INFO Iteration 155 finished in 96.57s (real) and 14.23s (process)
Warning: (ReferenceCountPerDomain) save_cache is not implemented. This metric currently only supports in-memory state.
Warning: (ReferenceReplacement) save_cache is not implemented: the preference graph, the open sessions and the tombstone state are lost on restart, so a run cannot be resumed. Resuming would also need ReferenceCountPerDomain.save_cache.
Warning: (ReferenceReplacement) save_cache is not implemented: the preference graph, the open sessions and the tombstone state are lost on restart, so a run cannot be resumed. Resuming would also need ReferenceCountPerDomain.save_cache.
2026-09-20 21:10:35.191 INFO finished
2026-09-20 21:10:35.191 INFO TOTAL flow_classification_supermajority: real 253.70s | cpu 228.88s
2026-09-20 21:10:35.192 INFO TOTAL reference_counts_per_domain: real 7635.86s | cpu 2705.81s
2026-09-20 21:10:35.192 INFO TOTAL session_flow_counts: real 46759.03s | cpu 49278.19s

--- Metric Name to ID Mapping ---
'subject_constraint_violation_count': 96
'easy_subject_constraint_violation_count': 97
'symmetric_inverse_constraint_violation_count': 98
'subject_constraint_violation_ratio': 99
'easy_subject_constraint_violation_ratio': 100
'symmetric_inverse_violation_ratio': 101
'general_constraint_violation_ratio': 102
'range_constraint_violation_ratio': 103
'currency_per_statement': 104
'currency_per_property': 105
'range_constraint_violation_count': 106
'completeness_currency': 107
'subject_constraint_completeness': 108
'range_constraint_completeness': 109
'range_constraint_violation_count_mandatory': 110
'range_constraint_violation_count_regular': 111
'range_constraint_violation_count_suggestion': 112
'statement_count_property_range_all': 113
'statement_count_property_range_mandatory': 114
'statement_count_property_range_regular': 115
'statement_count_property_range_suggestion': 116
'range_constraint_violation_total_all': 117
'range_constraint_violation_total_mandatory': 118
'range_constraint_violation_total_regular': 119
'range_constraint_violation_total_suggestion': 120
'range_constraint_completeness_mandatory': 121
'range_constraint_completeness_regular': 122
'range_constraint_completeness_suggestion': 123
'range_constraint_violation_ratio_regular': 124
'currency_global': 125
'currency_per_property_exp': 126
'currency_global_exp': 127
'range_constraint_violation_ratio_mandatory': 128
'range_constraint_violation_ratio_suggestion': 129
'reference_counts_per_domain_total_reference_count': 131
'reference_counts_per_domain_tail_count': 132
'reference_counts_per_domain_tail_accounts_for_fraction': 133
'reference_replacements_simple_with_path_discard_edge_heuristic_dominated': 134
'reference_replacements_simple_with_path_discard_edge_heuristic_dominating': 135
'reference_replacements_simple_with_path_discard_edge_heuristic_contested': 136
'reference_replacements_weight_flow_keep_all_edges_dominated': 137
'reference_replacements_weight_flow_keep_all_edges_dominating': 138
'reference_replacements_weight_flow_keep_all_edges_contested': 139
'reference_counts_per_domain': 140
'reference_counts_per_domain_fractions': 141
'reference_replacements_weight_flow_keep_all_edges_domain_classification': 142
'reference_replacements_simple_with_path_discard_edge_heuristic_domain_classification': 143
'entity_count': 66
'description_count': 67
'label_count': 68
'property_count': 69
'statement_count': 70
'subclass_count': 71
'revision_count': 72
'reference_existence_per_statement_count_dict': 73
'reference_existence_per_statement_count_df': 74
'reference_count': 75
'statement_count_property_range': 76
'statement_count_property_subject': 77
'statement_count_property_sym_inv': 78
'Has_descript_label': 79
'avg_properties_per_entity': 80
'avg_statements_per_entity': 81
'reference_completeness_dict': 82
'reference_completeness_df': 83
'subject_constraint_violation_total': 84
'range_constraint_violation_total': 85
'total_statement_count_property': 86
'easy_subject_constraint_violation_total': 87
'symmetric_inverse_violation_total': 88
'schema_property_occurrence': 89
'schema_fulfillment': 90
'schema_fulfillment_optional': 91
'schema_fulfillment_per_schema': 92
'schema_fulfillment_per_schema_optional': 93
'total_constraint_violations': 94
'property_constraint_completeness': 95
'reference_replacements_simple_with_path_discard_edge_heuristic_contracted_mass_total': 144
'reference_replacements_simple_with_path_discard_edge_heuristic_contracted_mass_step': 145
'reference_replacements_weight_flow_keep_all_edges_contracted_mass_total': 146
'reference_replacements_weight_flow_keep_all_edges_contracted_mass_step': 147
'reference_replacements_simple_with_path_discard_edge_heuristic_dis_5pct_dominated': 148
'reference_replacements_simple_with_path_discard_edge_heuristic_dis_5pct_dominating': 149
'reference_replacements_simple_with_path_discard_edge_heuristic_dis_5pct_contested': 150
'reference_replacements_simple_with_path_discard_edge_heuristic_dis_5pct_contracted_mass_total': 151
'reference_replacements_simple_with_path_discard_edge_heuristic_dis_5pct_contracted_mass_step': 152
'reference_replacements_weight_flow_keep_all_edges_dis_5pct_dominated': 153
'reference_replacements_weight_flow_keep_all_edges_dis_5pct_dominating': 154
'reference_replacements_weight_flow_keep_all_edges_dis_5pct_contested': 155
'reference_replacements_weight_flow_keep_all_edges_dis_5pct_contracted_mass_total': 156
'reference_replacements_weight_flow_keep_all_edges_dis_5pct_contracted_mass_step': 157
'reference_replacements_weight_flow_keep_all_edges_dis_5pct_domain_classification': 158
'reference_replacements_simple_with_path_discard_edge_heuristic_dis_5pct_domain_classification': 159
'reference_replacements_simple_with_path_discard_edge_heuristic_dis_5pct_graph_edge_density': 160
'reference_replacements_simple_with_path_discard_edge_heuristic_dis_5pct_graph_average_degree': 161
'reference_replacements_simple_with_path_discard_edge_heuristic_dis_5pct_recycled_mass_total': 162
'reference_replacements_simple_with_path_discard_edge_heuristic_dis_5pct_recycled_mass_step': 163
'reference_replacements_simple_with_path_discard_edge_heuristic_dis_5pct_tombstoned_domains_step': 164
'data_age_at_insertion_scaled_score': 165
'data_age_at_insertion_avg_delay_days': 166
'data_age_at_insertion_late_statement_count': 167
'data_age_at_insertion_too_old_statement_count': 168
'data_age_at_insertion_future_dated_statement_count': 170
'data_age_at_insertion_statement_count': 171
'data_age_at_insertion_future_statement_count': 172
'data_age_at_insertion_statement_average_scaled_score': 173
'reference_replacements_simple_with_path_discard_edge_heuristic_dis_5pct_unclassified': 174
'reference_replacements_simple_with_path_discard_edge_heuristic_dis_5pct_not_in_graph': 175
'reference_replacements_simple_with_path_discard_edge_heuristic_dis_5pct_relevance_weight_cutoff': 176
'reference_replacements_simple_with_path_discard_edge_heuristic_dis_5pct_relevant_edge_fraction': 177
'reference_replacements_simple_with_path_discard_edge_heuristic_dis_5pct_avg_session_size_step': 178
'reference_replacements_simple_with_path_discard_edge_heuristic_dis_5pct_avg_session_size_cumulative': 179
'reference_replacements_simple_with_path_discard_edge_heuristic_dis_5pct_avg_session_references_cumulative': 180
'reference_replacements_simple_with_path_discard_edge_heuristic_dis_5pct_closed_sessions_step': 181
'reference_replacements_simple_with_path_discard_edge_heuristic_dis_5pct_closed_sessions_total': 182
'reference_replacements_simple_with_path_discard_edge_heuristic_dis_5pct_pref_graph_edge_density': 183
'reference_replacements_simple_with_path_discard_edge_heuristic_dis_5pct_pref_graph_average_degree': 184
'reference_replacements_simple_with_path_discard_edge_heuristic_dis_5pct_pref_graph_max_average_degree': 185
'reference_replacements_simple_with_path_discard_edge_heuristic_dis_5pct_live_vertices': 186
'reference_replacements_simple_with_path_discard_edge_heuristic_dis_5pct_tombstoned_vertices': 187
'session_flow_counts_avg_session_size_step': 188
'session_flow_counts_avg_session_size_cumulative': 189
'session_flow_counts_avg_session_references_cumulative': 190
'session_flow_counts_closed_sessions_step': 191
'session_flow_counts_closed_sessions_total': 192
'flow_classification_supermajority_dominated': 193
'flow_classification_supermajority_dominating': 194
'flow_classification_supermajority_contested': 195
'flow_classification_supermajority_unclassified': 196
'flow_classification_supermajority_domain_classification': 197
'preference_graph_vertices': 198
'preference_graph_edges': 199
'preference_graph_new_edges_step': 200
'preference_graph_edge_weight_total': 201
'preference_graph_edge_weight_added_step': 202
'preference_graph_preference_pairs_step': 203
'preference_graph_distinct_pairs_step': 204
'preference_graph_graph_edge_density': 205
'preference_graph_graph_average_degree': 206
'preference_graph_graph_max_average_degree': 207
'preference_graph_snapshots_saved_total': 208
'preference_graph_last_save_seconds': 209
'flow_classification_wilson_dominated': 210
'flow_classification_wilson_dominating': 211
'flow_classification_wilson_contested': 212
'flow_classification_wilson_unclassified': 213
'flow_classification_wilson_active_domains': 214
'flow_classification_wilson_median_deff': 215
'flow_classification_wilson_mass_weighted_mean_deff': 216
'flow_classification_wilson_mass_weighted_mean_p0': 217
'flow_classification_wilson_exposure_raised_bar_domains': 218
'flow_classification_wilson_domain_classification': 219
-------------------------------------

Run ID: 2559236
