Commit at submit time: 2a59ae9cea07375d41dee1f80c999786e0ae2c88
Running from snapshot: /tmp/mp2025-wikiwatch-2575162
DuckDB memory_limit: 267.0 GiB
2026-09-24 14:40:09.080 INFO starting
2026-09-24 14:40:09.081 INFO Memory logging: False
2026-09-24 14:40:09.081 INFO Less entities: False
2026-09-24 14:40:09.081 INFO Use cache: False
2026-09-24 14:40:09.243 INFO Start timestep 2012-10-29 00:00:00+00:00 -> 2012-11-28 00:00:00+00:00
2026-09-24 14:40:21.386 INFO DuckDB memory logs:
  database_name database_size  block_size  ...  wal_size  memory_usage  memory_limit
0   postgres_db       6.4 TiB           0  ...   0 bytes     558.0 MiB     267.0 GiB
1        memory       0 bytes           0  ...   0 bytes     558.0 MiB     267.0 GiB

[2 rows x 9 columns]
2026-09-24 14:40:21.387 INFO Loading data (2012-10-29 00:00:00+00:00 -> 2012-11-28 00:00:00+00:00) done in 12.14s (real) and 9.87s (process)
2026-09-24 14:40:21.387 INFO Memory usage (start of timestep, peak): 0.67 GiB
2026-09-24 14:40:21.388 INFO Memory usage (start of timestep, current): 0.68 GiB
2026-09-24 14:40:21.388 INFO Calculating metrics
2026-09-24 14:40:21.388 INFO Calculating metric: schema_fulfillment_count
2026-09-24 14:40:53.868 INFO Calculating metric: schema_fulfillment
2026-09-24 14:40:56.602 INFO Memory usage (end of timestep, peak): 0.95 GiB
2026-09-24 14:40:56.603 INFO Memory usage (end of timestep, current): 0.89 GiB
2026-09-24 14:40:56.603 INFO (Iteration 0) schema_fulfillment_count: real 32.48s | cpu 75.83s
2026-09-24 14:40:56.603 INFO (Iteration 0) schema_fulfillment: real 2.73s | cpu 2.70s
2026-09-24 14:40:56.603 INFO Iteration 0 finished in 47.36s (real) and 88.41s (process)
2026-09-24 14:40:56.604 INFO Start timestep 2012-11-28 00:00:00+00:00 -> 2012-12-28 00:00:00+00:00
2026-09-24 14:41:18.600 INFO DuckDB memory logs:
  database_name database_size  block_size  ...  wal_size  memory_usage  memory_limit
0   postgres_db       6.4 TiB           0  ...   0 bytes       1.8 GiB     267.0 GiB
1        memory       0 bytes           0  ...   0 bytes       1.8 GiB     267.0 GiB

[2 rows x 9 columns]
2026-09-24 14:41:18.600 INFO Loading data (2012-11-28 00:00:00+00:00 -> 2012-12-28 00:00:00+00:00) done in 22.00s (real) and 15.46s (process)
2026-09-24 14:41:18.601 INFO Memory usage (start of timestep, peak): 2.17 GiB
2026-09-24 14:41:18.601 INFO Memory usage (start of timestep, current): 2.17 GiB
2026-09-24 14:41:18.601 INFO Calculating metrics
2026-09-24 14:41:18.601 INFO Calculating metric: schema_fulfillment_count
2026-09-24 14:42:09.327 INFO Calculating metric: schema_fulfillment
2026-09-24 14:42:40.054 INFO Memory usage (end of timestep, peak): 4.29 GiB
2026-09-24 14:42:40.054 INFO Memory usage (end of timestep, current): 3.59 GiB
2026-09-24 14:42:40.054 INFO (Iteration 1) schema_fulfillment_count: real 50.73s | cpu 90.88s
2026-09-24 14:42:40.054 INFO (Iteration 1) schema_fulfillment: real 30.73s | cpu 30.64s
2026-09-24 14:42:40.054 INFO Iteration 1 finished in 103.45s (real) and 136.98s (process)
2026-09-24 14:42:40.055 INFO Start timestep 2012-12-28 00:00:00+00:00 -> 2013-01-27 00:00:00+00:00
2026-09-24 14:42:53.068 INFO DuckDB memory logs:
  database_name database_size  block_size  ...  wal_size  memory_usage  memory_limit
0   postgres_db       6.4 TiB           0  ...   0 bytes       1.1 GiB     267.0 GiB
1        memory       0 bytes           0  ...   0 bytes       1.1 GiB     267.0 GiB

[2 rows x 9 columns]
2026-09-24 14:42:53.069 INFO Loading data (2012-12-28 00:00:00+00:00 -> 2013-01-27 00:00:00+00:00) done in 13.01s (real) and 8.31s (process)
2026-09-24 14:42:53.069 INFO Memory usage (start of timestep, peak): 4.29 GiB
2026-09-24 14:42:53.069 INFO Memory usage (start of timestep, current): 2.85 GiB
2026-09-24 14:42:53.069 INFO Calculating metrics
2026-09-24 14:42:53.069 INFO Calculating metric: schema_fulfillment_count
2026-09-24 14:43:42.127 INFO Calculating metric: schema_fulfillment
2026-09-24 14:44:17.916 INFO Memory usage (end of timestep, peak): 5.52 GiB
2026-09-24 14:44:17.917 INFO Memory usage (end of timestep, current): 4.44 GiB
2026-09-24 14:44:17.917 INFO (Iteration 2) schema_fulfillment_count: real 49.06s | cpu 88.89s
2026-09-24 14:44:17.917 INFO (Iteration 2) schema_fulfillment: real 35.79s | cpu 35.78s
2026-09-24 14:44:17.917 INFO Iteration 2 finished in 97.86s (real) and 132.98s (process)
2026-09-24 14:44:17.918 INFO Start timestep 2013-01-27 00:00:00+00:00 -> 2013-02-26 00:00:00+00:00
2026-09-24 14:44:28.107 INFO DuckDB memory logs:
  database_name database_size  block_size  ...  wal_size  memory_usage  memory_limit
0   postgres_db       6.4 TiB           0  ...   0 bytes    1011.7 MiB     267.0 GiB
1        memory       0 bytes           0  ...   0 bytes    1011.7 MiB     267.0 GiB

[2 rows x 9 columns]
2026-09-24 14:44:28.107 INFO Loading data (2013-01-27 00:00:00+00:00 -> 2013-02-26 00:00:00+00:00) done in 10.19s (real) and 6.61s (process)
2026-09-24 14:44:28.107 INFO Memory usage (start of timestep, peak): 5.52 GiB
2026-09-24 14:44:28.107 INFO Memory usage (start of timestep, current): 4.20 GiB
2026-09-24 14:44:28.107 INFO Calculating metrics
2026-09-24 14:44:28.108 INFO Calculating metric: schema_fulfillment_count
2026-09-24 14:45:23.155 INFO Calculating metric: schema_fulfillment
2026-09-24 14:45:46.549 INFO Memory usage (end of timestep, peak): 8.97 GiB
2026-09-24 14:45:46.550 INFO Memory usage (end of timestep, current): 7.02 GiB
2026-09-24 14:45:46.550 INFO (Iteration 3) schema_fulfillment_count: real 55.05s | cpu 107.43s
2026-09-24 14:45:46.550 INFO (Iteration 3) schema_fulfillment: real 23.39s | cpu 23.39s
2026-09-24 14:45:46.550 INFO Iteration 3 finished in 88.63s (real) and 137.43s (process)
2026-09-24 14:45:46.551 INFO Start timestep 2013-02-26 00:00:00+00:00 -> 2013-03-28 00:00:00+00:00
2026-09-24 14:46:13.572 INFO DuckDB memory logs:
  database_name database_size  block_size  ...  wal_size  memory_usage  memory_limit
0   postgres_db       6.4 TiB           0  ...   0 bytes       3.2 GiB     267.0 GiB
1        memory       0 bytes           0  ...   0 bytes       3.2 GiB     267.0 GiB

[2 rows x 9 columns]
2026-09-24 14:46:13.572 INFO Loading data (2013-02-26 00:00:00+00:00 -> 2013-03-28 00:00:00+00:00) done in 27.02s (real) and 19.34s (process)
2026-09-24 14:46:13.572 INFO Memory usage (start of timestep, peak): 8.97 GiB
2026-09-24 14:46:13.572 INFO Memory usage (start of timestep, current): 7.05 GiB
2026-09-24 14:46:13.572 INFO Calculating metrics
2026-09-24 14:46:13.572 INFO Calculating metric: schema_fulfillment_count
2026-09-24 14:48:45.159 INFO Calculating metric: schema_fulfillment
2026-09-24 14:49:23.817 INFO Memory usage (end of timestep, peak): 14.65 GiB
2026-09-24 14:49:23.817 INFO Memory usage (end of timestep, current): 12.03 GiB
2026-09-24 14:49:23.817 INFO (Iteration 4) schema_fulfillment_count: real 151.59s | cpu 207.43s
2026-09-24 14:49:23.817 INFO (Iteration 4) schema_fulfillment: real 38.66s | cpu 38.64s
2026-09-24 14:49:23.817 INFO Iteration 4 finished in 217.27s (real) and 265.41s (process)
2026-09-24 14:49:23.818 INFO Start timestep 2013-03-28 00:00:00+00:00 -> 2013-04-27 00:00:00+00:00
2026-09-24 14:49:58.674 INFO DuckDB memory logs:
  database_name database_size  block_size  ...  wal_size  memory_usage  memory_limit
0   postgres_db       6.4 TiB           0  ...   0 bytes       4.2 GiB     267.0 GiB
1        memory       0 bytes           0  ...   0 bytes       4.2 GiB     267.0 GiB

[2 rows x 9 columns]
2026-09-24 14:49:58.674 INFO Loading data (2013-03-28 00:00:00+00:00 -> 2013-04-27 00:00:00+00:00) done in 34.86s (real) and 23.66s (process)
2026-09-24 14:49:58.675 INFO Memory usage (start of timestep, peak): 14.65 GiB
2026-09-24 14:49:58.675 INFO Memory usage (start of timestep, current): 10.44 GiB
2026-09-24 14:49:58.675 INFO Calculating metrics
2026-09-24 14:49:58.675 INFO Calculating metric: schema_fulfillment_count
2026-09-24 14:51:14.579 INFO Calculating metric: schema_fulfillment
2026-09-24 14:51:51.524 INFO Memory usage (end of timestep, peak): 15.92 GiB
2026-09-24 14:51:51.525 INFO Memory usage (end of timestep, current): 14.15 GiB
2026-09-24 14:51:51.525 INFO (Iteration 5) schema_fulfillment_count: real 75.90s | cpu 130.43s
2026-09-24 14:51:51.525 INFO (Iteration 5) schema_fulfillment: real 36.94s | cpu 36.93s
2026-09-24 14:51:51.525 INFO Iteration 5 finished in 147.71s (real) and 191.02s (process)
2026-09-24 14:51:51.526 INFO Start timestep 2013-04-27 00:00:00+00:00 -> 2013-05-27 00:00:00+00:00
2026-09-24 14:52:30.519 INFO DuckDB memory logs:
  database_name database_size  block_size  ...  wal_size  memory_usage  memory_limit
0   postgres_db       6.4 TiB           0  ...   0 bytes       5.6 GiB     267.0 GiB
1        memory       0 bytes           0  ...   0 bytes       5.6 GiB     267.0 GiB

[2 rows x 9 columns]
2026-09-24 14:52:30.520 INFO Loading data (2013-04-27 00:00:00+00:00 -> 2013-05-27 00:00:00+00:00) done in 38.99s (real) and 27.47s (process)
2026-09-24 14:52:30.520 INFO Memory usage (start of timestep, peak): 15.92 GiB
2026-09-24 14:52:30.520 INFO Memory usage (start of timestep, current): 12.87 GiB
2026-09-24 14:52:30.520 INFO Calculating metrics
2026-09-24 14:52:30.520 INFO Calculating metric: schema_fulfillment_count
2026-09-24 14:54:20.612 INFO Calculating metric: schema_fulfillment
2026-09-24 14:54:42.156 INFO Memory usage (end of timestep, peak): 17.29 GiB
2026-09-24 14:54:42.157 INFO Memory usage (end of timestep, current): 14.41 GiB
2026-09-24 14:54:42.157 INFO (Iteration 6) schema_fulfillment_count: real 110.09s | cpu 179.09s
2026-09-24 14:54:42.157 INFO (Iteration 6) schema_fulfillment: real 21.54s | cpu 21.54s
2026-09-24 14:54:42.157 INFO Iteration 6 finished in 170.63s (real) and 228.10s (process)
2026-09-24 14:54:42.157 INFO Start timestep 2013-05-27 00:00:00+00:00 -> 2013-06-26 00:00:00+00:00
2026-09-24 14:55:04.425 INFO DuckDB memory logs:
  database_name database_size  block_size  ...  wal_size  memory_usage  memory_limit
0   postgres_db       6.4 TiB           0  ...   0 bytes       1.9 GiB     267.0 GiB
1        memory       0 bytes           0  ...   0 bytes       1.9 GiB     267.0 GiB

[2 rows x 9 columns]
2026-09-24 14:55:04.425 INFO Loading data (2013-05-27 00:00:00+00:00 -> 2013-06-26 00:00:00+00:00) done in 22.27s (real) and 14.48s (process)
2026-09-24 14:55:04.425 INFO Memory usage (start of timestep, peak): 17.29 GiB
2026-09-24 14:55:04.425 INFO Memory usage (start of timestep, current): 9.66 GiB
2026-09-24 14:55:04.425 INFO Calculating metrics
2026-09-24 14:55:04.425 INFO Calculating metric: schema_fulfillment_count
2026-09-24 14:56:02.367 INFO Calculating metric: schema_fulfillment
2026-09-24 14:56:06.651 INFO Memory usage (end of timestep, peak): 19.15 GiB
2026-09-24 14:56:06.651 INFO Memory usage (end of timestep, current): 15.65 GiB
2026-09-24 14:56:06.651 INFO (Iteration 7) schema_fulfillment_count: real 57.94s | cpu 116.51s
2026-09-24 14:56:06.652 INFO (Iteration 7) schema_fulfillment: real 4.28s | cpu 4.28s
2026-09-24 14:56:06.652 INFO Iteration 7 finished in 84.49s (real) and 135.27s (process)
2026-09-24 14:56:06.652 INFO Start timestep 2013-06-26 00:00:00+00:00 -> 2013-07-26 00:00:00+00:00
2026-09-24 14:56:32.391 INFO DuckDB memory logs:
  database_name database_size  block_size  ...  wal_size  memory_usage  memory_limit
0   postgres_db       6.4 TiB           0  ...   0 bytes       3.2 GiB     267.0 GiB
1        memory       0 bytes           0  ...   0 bytes       3.2 GiB     267.0 GiB

[2 rows x 9 columns]
2026-09-24 14:56:32.391 INFO Loading data (2013-06-26 00:00:00+00:00 -> 2013-07-26 00:00:00+00:00) done in 25.74s (real) and 17.99s (process)
2026-09-24 14:56:32.392 INFO Memory usage (start of timestep, peak): 19.15 GiB
2026-09-24 14:56:32.392 INFO Memory usage (start of timestep, current): 10.82 GiB
2026-09-24 14:56:32.392 INFO Calculating metrics
2026-09-24 14:56:32.392 INFO Calculating metric: schema_fulfillment_count
2026-09-24 14:58:31.954 INFO Calculating metric: schema_fulfillment
2026-09-24 14:58:47.959 INFO Memory usage (end of timestep, peak): 19.15 GiB
2026-09-24 14:58:47.959 INFO Memory usage (end of timestep, current): 12.97 GiB
2026-09-24 14:58:47.959 INFO (Iteration 8) schema_fulfillment_count: real 119.56s | cpu 176.40s
2026-09-24 14:58:47.959 INFO (Iteration 8) schema_fulfillment: real 16.00s | cpu 16.00s
2026-09-24 14:58:47.959 INFO Iteration 8 finished in 161.31s (real) and 210.39s (process)
2026-09-24 14:58:47.960 INFO Start timestep 2013-07-26 00:00:00+00:00 -> 2013-08-25 00:00:00+00:00
2026-09-24 14:59:04.656 INFO DuckDB memory logs:
  database_name database_size  block_size  ...  wal_size  memory_usage  memory_limit
0   postgres_db       6.4 TiB           0  ...   0 bytes       1.8 GiB     267.0 GiB
1        memory       0 bytes           0  ...   0 bytes       1.8 GiB     267.0 GiB

[2 rows x 9 columns]
2026-09-24 14:59:04.656 INFO Loading data (2013-07-26 00:00:00+00:00 -> 2013-08-25 00:00:00+00:00) done in 16.70s (real) and 10.61s (process)
2026-09-24 14:59:04.656 INFO Memory usage (start of timestep, peak): 19.15 GiB
2026-09-24 14:59:04.656 INFO Memory usage (start of timestep, current): 10.21 GiB
2026-09-24 14:59:04.657 INFO Calculating metrics
2026-09-24 14:59:04.657 INFO Calculating metric: schema_fulfillment_count
2026-09-24 15:00:15.177 INFO Calculating metric: schema_fulfillment
2026-09-24 15:00:22.366 INFO Memory usage (end of timestep, peak): 26.02 GiB
2026-09-24 15:00:22.367 INFO Memory usage (end of timestep, current): 21.91 GiB
2026-09-24 15:00:22.367 INFO (Iteration 9) schema_fulfillment_count: real 70.52s | cpu 133.19s
2026-09-24 15:00:22.367 INFO (Iteration 9) schema_fulfillment: real 7.19s | cpu 7.18s
2026-09-24 15:00:22.367 INFO Iteration 9 finished in 94.41s (real) and 150.99s (process)
2026-09-24 15:00:22.368 INFO Start timestep 2013-08-25 00:00:00+00:00 -> 2013-09-24 00:00:00+00:00
2026-09-24 15:00:38.589 INFO DuckDB memory logs:
  database_name database_size  block_size  ...  wal_size  memory_usage  memory_limit
0   postgres_db       6.4 TiB           0  ...   0 bytes       1.8 GiB     267.0 GiB
1        memory       0 bytes           0  ...   0 bytes       1.8 GiB     267.0 GiB

[2 rows x 9 columns]
2026-09-24 15:00:38.589 INFO Loading data (2013-08-25 00:00:00+00:00 -> 2013-09-24 00:00:00+00:00) done in 16.22s (real) and 11.65s (process)
2026-09-24 15:00:38.589 INFO Memory usage (start of timestep, peak): 26.02 GiB
2026-09-24 15:00:38.589 INFO Memory usage (start of timestep, current): 10.35 GiB
2026-09-24 15:00:38.589 INFO Calculating metrics
2026-09-24 15:00:38.589 INFO Calculating metric: schema_fulfillment_count
2026-09-24 15:01:53.476 INFO Calculating metric: schema_fulfillment
2026-09-24 15:02:01.344 INFO Memory usage (end of timestep, peak): 28.96 GiB
2026-09-24 15:02:01.344 INFO Memory usage (end of timestep, current): 27.60 GiB
2026-09-24 15:02:01.344 INFO (Iteration 10) schema_fulfillment_count: real 74.89s | cpu 141.36s
2026-09-24 15:02:01.344 INFO (Iteration 10) schema_fulfillment: real 7.87s | cpu 7.86s
2026-09-24 15:02:01.344 INFO Iteration 10 finished in 98.98s (real) and 160.88s (process)
2026-09-24 15:02:01.346 INFO Start timestep 2013-09-24 00:00:00+00:00 -> 2013-10-24 00:00:00+00:00
2026-09-24 15:02:24.164 INFO DuckDB memory logs:
  database_name database_size  block_size  ...  wal_size  memory_usage  memory_limit
0   postgres_db       6.4 TiB           0  ...   0 bytes       2.9 GiB     267.0 GiB
1        memory       0 bytes           0  ...   0 bytes       2.9 GiB     267.0 GiB

[2 rows x 9 columns]
2026-09-24 15:02:24.165 INFO Loading data (2013-09-24 00:00:00+00:00 -> 2013-10-24 00:00:00+00:00) done in 22.82s (real) and 16.90s (process)
2026-09-24 15:02:24.165 INFO Memory usage (start of timestep, peak): 28.96 GiB
2026-09-24 15:02:24.165 INFO Memory usage (start of timestep, current): 11.72 GiB
2026-09-24 15:02:24.165 INFO Calculating metrics
2026-09-24 15:02:24.165 INFO Calculating metric: schema_fulfillment_count
2026-09-24 15:04:23.216 INFO Calculating metric: schema_fulfillment
2026-09-24 15:04:31.704 INFO Memory usage (end of timestep, peak): 28.96 GiB
2026-09-24 15:04:31.704 INFO Memory usage (end of timestep, current): 13.19 GiB
2026-09-24 15:04:31.705 INFO (Iteration 11) schema_fulfillment_count: real 119.05s | cpu 174.30s
2026-09-24 15:04:31.705 INFO (Iteration 11) schema_fulfillment: real 8.49s | cpu 8.48s
2026-09-24 15:04:31.705 INFO Iteration 11 finished in 150.36s (real) and 199.69s (process)
2026-09-24 15:04:31.706 INFO Start timestep 2013-10-24 00:00:00+00:00 -> 2013-11-23 00:00:00+00:00
2026-09-24 15:04:51.495 INFO DuckDB memory logs:
  database_name database_size  block_size  ...  wal_size  memory_usage  memory_limit
0   postgres_db       6.4 TiB           0  ...   0 bytes       2.6 GiB     267.0 GiB
1        memory       0 bytes           0  ...   0 bytes       2.6 GiB     267.0 GiB

[2 rows x 9 columns]
2026-09-24 15:04:51.495 INFO Loading data (2013-10-24 00:00:00+00:00 -> 2013-11-23 00:00:00+00:00) done in 19.79s (real) and 16.52s (process)
2026-09-24 15:04:51.495 INFO Memory usage (start of timestep, peak): 28.96 GiB
2026-09-24 15:04:51.495 INFO Memory usage (start of timestep, current): 11.66 GiB
2026-09-24 15:04:51.495 INFO Calculating metrics
2026-09-24 15:04:51.496 INFO Calculating metric: schema_fulfillment_count
2026-09-24 15:06:42.729 INFO Calculating metric: schema_fulfillment
2026-09-24 15:06:52.268 INFO Memory usage (end of timestep, peak): 28.96 GiB
2026-09-24 15:06:52.269 INFO Memory usage (end of timestep, current): 13.88 GiB
2026-09-24 15:06:52.269 INFO (Iteration 12) schema_fulfillment_count: real 111.23s | cpu 166.56s
2026-09-24 15:06:52.269 INFO (Iteration 12) schema_fulfillment: real 9.54s | cpu 9.53s
2026-09-24 15:06:52.269 INFO Iteration 12 finished in 140.56s (real) and 192.62s (process)
2026-09-24 15:06:52.270 INFO Start timestep 2013-11-23 00:00:00+00:00 -> 2013-12-23 00:00:00+00:00
2026-09-24 15:07:21.632 INFO DuckDB memory logs:
  database_name database_size  block_size  ...  wal_size  memory_usage  memory_limit
0   postgres_db       6.4 TiB           0  ...   0 bytes       3.1 GiB     267.0 GiB
1        memory       0 bytes           0  ...   0 bytes       3.1 GiB     267.0 GiB

[2 rows x 9 columns]
2026-09-24 15:07:21.632 INFO Loading data (2013-11-23 00:00:00+00:00 -> 2013-12-23 00:00:00+00:00) done in 29.36s (real) and 18.01s (process)
2026-09-24 15:07:21.632 INFO Memory usage (start of timestep, peak): 28.96 GiB
2026-09-24 15:07:21.632 INFO Memory usage (start of timestep, current): 12.18 GiB
2026-09-24 15:07:21.632 INFO Calculating metrics
2026-09-24 15:07:21.632 INFO Calculating metric: schema_fulfillment_count
2026-09-24 15:09:00.149 INFO Calculating metric: schema_fulfillment
2026-09-24 15:09:09.720 INFO Memory usage (end of timestep, peak): 28.96 GiB
2026-09-24 15:09:09.720 INFO Memory usage (end of timestep, current): 14.29 GiB
2026-09-24 15:09:09.720 INFO (Iteration 13) schema_fulfillment_count: real 98.52s | cpu 156.07s
2026-09-24 15:09:09.720 INFO (Iteration 13) schema_fulfillment: real 9.57s | cpu 9.57s
2026-09-24 15:09:09.720 INFO Iteration 13 finished in 137.45s (real) and 183.65s (process)
2026-09-24 15:09:09.721 INFO Start timestep 2013-12-23 00:00:00+00:00 -> 2014-01-22 00:00:00+00:00
2026-09-24 15:09:30.433 INFO DuckDB memory logs:
  database_name database_size  block_size  ...  wal_size  memory_usage  memory_limit
0   postgres_db       6.4 TiB           0  ...   0 bytes       3.0 GiB     267.0 GiB
1        memory       0 bytes           0  ...   0 bytes       3.0 GiB     267.0 GiB

[2 rows x 9 columns]
2026-09-24 15:09:30.434 INFO Loading data (2013-12-23 00:00:00+00:00 -> 2014-01-22 00:00:00+00:00) done in 20.71s (real) and 13.80s (process)
2026-09-24 15:09:30.434 INFO Memory usage (start of timestep, peak): 28.96 GiB
2026-09-24 15:09:30.434 INFO Memory usage (start of timestep, current): 12.09 GiB
2026-09-24 15:09:30.434 INFO Calculating metrics
2026-09-24 15:09:30.435 INFO Calculating metric: schema_fulfillment_count
2026-09-24 15:11:09.534 INFO Calculating metric: schema_fulfillment
2026-09-24 15:11:17.461 INFO Memory usage (end of timestep, peak): 28.96 GiB
2026-09-24 15:11:17.461 INFO Memory usage (end of timestep, current): 14.40 GiB
2026-09-24 15:11:17.461 INFO (Iteration 14) schema_fulfillment_count: real 99.10s | cpu 149.39s
2026-09-24 15:11:17.461 INFO (Iteration 14) schema_fulfillment: real 7.93s | cpu 7.92s
2026-09-24 15:11:17.461 INFO Iteration 14 finished in 127.74s (real) and 171.11s (process)
2026-09-24 15:11:17.462 INFO Start timestep 2014-01-22 00:00:00+00:00 -> 2014-02-21 00:00:00+00:00
2026-09-24 15:11:33.307 INFO DuckDB memory logs:
  database_name database_size  block_size  ...  wal_size  memory_usage  memory_limit
0   postgres_db       6.4 TiB           0  ...   0 bytes       2.8 GiB     267.0 GiB
1        memory       0 bytes           0  ...   0 bytes       2.8 GiB     267.0 GiB

[2 rows x 9 columns]
2026-09-24 15:11:33.307 INFO Loading data (2014-01-22 00:00:00+00:00 -> 2014-02-21 00:00:00+00:00) done in 15.85s (real) and 12.21s (process)
2026-09-24 15:11:33.307 INFO Memory usage (start of timestep, peak): 28.96 GiB
2026-09-24 15:11:33.307 INFO Memory usage (start of timestep, current): 11.99 GiB
2026-09-24 15:11:33.307 INFO Calculating metrics
2026-09-24 15:11:33.307 INFO Calculating metric: schema_fulfillment_count
2026-09-24 15:12:58.576 INFO Calculating metric: schema_fulfillment
2026-09-24 15:13:05.385 INFO Memory usage (end of timestep, peak): 28.96 GiB
2026-09-24 15:13:05.386 INFO Memory usage (end of timestep, current): 14.42 GiB
2026-09-24 15:13:05.386 INFO (Iteration 15) schema_fulfillment_count: real 85.27s | cpu 137.26s
2026-09-24 15:13:05.386 INFO (Iteration 15) schema_fulfillment: real 6.81s | cpu 6.80s
2026-09-24 15:13:05.386 INFO Iteration 15 finished in 107.92s (real) and 156.28s (process)
2026-09-24 15:13:05.387 INFO Start timestep 2014-02-21 00:00:00+00:00 -> 2014-03-23 00:00:00+00:00
2026-09-24 15:13:28.218 INFO DuckDB memory logs:
  database_name database_size  block_size  ...  wal_size  memory_usage  memory_limit
0   postgres_db       6.4 TiB           0  ...   0 bytes       3.2 GiB     267.0 GiB
1        memory       0 bytes           0  ...   0 bytes       3.2 GiB     267.0 GiB

[2 rows x 9 columns]
2026-09-24 15:13:28.218 INFO Loading data (2014-02-21 00:00:00+00:00 -> 2014-03-23 00:00:00+00:00) done in 22.83s (real) and 15.38s (process)
2026-09-24 15:13:28.218 INFO Memory usage (start of timestep, peak): 28.96 GiB
2026-09-24 15:13:28.218 INFO Memory usage (start of timestep, current): 12.41 GiB
2026-09-24 15:13:28.218 INFO Calculating metrics
2026-09-24 15:13:28.219 INFO Calculating metric: schema_fulfillment_count
2026-09-24 15:14:49.635 INFO Calculating metric: schema_fulfillment
2026-09-24 15:14:56.514 INFO Memory usage (end of timestep, peak): 28.96 GiB
2026-09-24 15:14:56.514 INFO Memory usage (end of timestep, current): 14.44 GiB
2026-09-24 15:14:56.514 INFO (Iteration 16) schema_fulfillment_count: real 81.42s | cpu 131.80s
2026-09-24 15:14:56.514 INFO (Iteration 16) schema_fulfillment: real 6.88s | cpu 6.87s
2026-09-24 15:14:56.514 INFO Iteration 16 finished in 111.13s (real) and 154.06s (process)
2026-09-24 15:14:56.515 INFO Start timestep 2014-03-23 00:00:00+00:00 -> 2014-04-22 00:00:00+00:00
2026-09-24 15:15:17.471 INFO DuckDB memory logs:
  database_name database_size  block_size  ...  wal_size  memory_usage  memory_limit
0   postgres_db       6.4 TiB           0  ...   0 bytes       2.1 GiB     267.0 GiB
1        memory       0 bytes           0  ...   0 bytes       2.1 GiB     267.0 GiB

[2 rows x 9 columns]
2026-09-24 15:15:17.472 INFO Loading data (2014-03-23 00:00:00+00:00 -> 2014-04-22 00:00:00+00:00) done in 20.96s (real) and 19.18s (process)
2026-09-24 15:15:17.472 INFO Memory usage (start of timestep, peak): 28.96 GiB
2026-09-24 15:15:17.472 INFO Memory usage (start of timestep, current): 11.52 GiB
2026-09-24 15:15:17.472 INFO Calculating metrics
2026-09-24 15:15:17.472 INFO Calculating metric: schema_fulfillment_count
2026-09-24 15:16:10.323 INFO Calculating metric: schema_fulfillment
2026-09-24 15:16:18.230 INFO Memory usage (end of timestep, peak): 28.96 GiB
2026-09-24 15:16:18.230 INFO Memory usage (end of timestep, current): 19.67 GiB
2026-09-24 15:16:18.230 INFO (Iteration 17) schema_fulfillment_count: real 52.85s | cpu 110.63s
2026-09-24 15:16:18.230 INFO (Iteration 17) schema_fulfillment: real 7.91s | cpu 7.90s
2026-09-24 15:16:18.230 INFO Iteration 17 finished in 81.71s (real) and 137.71s (process)
2026-09-24 15:16:18.231 INFO Start timestep 2014-04-22 00:00:00+00:00 -> 2014-05-22 00:00:00+00:00
2026-09-24 15:16:44.502 INFO DuckDB memory logs:
  database_name database_size  block_size  ...  wal_size  memory_usage  memory_limit
0   postgres_db       6.4 TiB           0  ...   0 bytes       4.3 GiB     267.0 GiB
1        memory       0 bytes           0  ...   0 bytes       4.3 GiB     267.0 GiB

[2 rows x 9 columns]
2026-09-24 15:16:44.502 INFO Loading data (2014-04-22 00:00:00+00:00 -> 2014-05-22 00:00:00+00:00) done in 26.27s (real) and 26.62s (process)
2026-09-24 15:16:44.503 INFO Memory usage (start of timestep, peak): 28.96 GiB
2026-09-24 15:16:44.503 INFO Memory usage (start of timestep, current): 13.73 GiB
2026-09-24 15:16:44.503 INFO Calculating metrics
2026-09-24 15:16:44.503 INFO Calculating metric: schema_fulfillment_count
2026-09-24 15:18:57.353 INFO Calculating metric: schema_fulfillment
2026-09-24 15:19:07.329 INFO Memory usage (end of timestep, peak): 28.96 GiB
2026-09-24 15:19:07.329 INFO Memory usage (end of timestep, current): 17.67 GiB
2026-09-24 15:19:07.329 INFO (Iteration 18) schema_fulfillment_count: real 132.85s | cpu 189.37s
2026-09-24 15:19:07.329 INFO (Iteration 18) schema_fulfillment: real 9.97s | cpu 9.97s
2026-09-24 15:19:07.329 INFO Iteration 18 finished in 169.10s (real) and 225.97s (process)
2026-09-24 15:19:07.330 INFO Start timestep 2014-05-22 00:00:00+00:00 -> 2014-06-21 00:00:00+00:00
2026-09-24 15:19:32.357 INFO DuckDB memory logs:
  database_name database_size  block_size  ...  wal_size  memory_usage  memory_limit
0   postgres_db       6.4 TiB           0  ...   0 bytes       2.7 GiB     267.0 GiB
1        memory       0 bytes           0  ...   0 bytes       2.7 GiB     267.0 GiB

[2 rows x 9 columns]
2026-09-24 15:19:32.357 INFO Loading data (2014-05-22 00:00:00+00:00 -> 2014-06-21 00:00:00+00:00) done in 25.03s (real) and 16.88s (process)
2026-09-24 15:19:32.357 INFO Memory usage (start of timestep, peak): 28.96 GiB
2026-09-24 15:19:32.357 INFO Memory usage (start of timestep, current): 13.83 GiB
2026-09-24 15:19:32.357 INFO Calculating metrics
2026-09-24 15:19:32.358 INFO Calculating metric: schema_fulfillment_count
2026-09-24 15:21:38.562 INFO Calculating metric: schema_fulfillment
2026-09-24 15:21:47.772 INFO Memory usage (end of timestep, peak): 28.96 GiB
2026-09-24 15:21:47.772 INFO Memory usage (end of timestep, current): 16.81 GiB
2026-09-24 15:21:47.772 INFO (Iteration 19) schema_fulfillment_count: real 126.20s | cpu 183.16s
2026-09-24 15:21:47.772 INFO (Iteration 19) schema_fulfillment: real 9.21s | cpu 9.20s
2026-09-24 15:21:47.772 INFO Iteration 19 finished in 160.44s (real) and 209.24s (process)
2026-09-24 15:21:47.773 INFO Start timestep 2014-06-21 00:00:00+00:00 -> 2014-07-21 00:00:00+00:00
2026-09-24 15:22:05.700 INFO DuckDB memory logs:
  database_name database_size  block_size  ...  wal_size  memory_usage  memory_limit
0   postgres_db       6.4 TiB           0  ...   0 bytes       2.2 GiB     267.0 GiB
1        memory       0 bytes           0  ...   0 bytes       2.2 GiB     267.0 GiB

[2 rows x 9 columns]
2026-09-24 15:22:05.700 INFO Loading data (2014-06-21 00:00:00+00:00 -> 2014-07-21 00:00:00+00:00) done in 17.93s (real) and 11.81s (process)
2026-09-24 15:22:05.700 INFO Memory usage (start of timestep, peak): 28.96 GiB
2026-09-24 15:22:05.700 INFO Memory usage (start of timestep, current): 13.49 GiB
2026-09-24 15:22:05.701 INFO Calculating metrics
2026-09-24 15:22:05.701 INFO Calculating metric: schema_fulfillment_count
2026-09-24 15:23:28.233 INFO Calculating metric: schema_fulfillment
2026-09-24 15:23:32.487 INFO Memory usage (end of timestep, peak): 45.05 GiB
2026-09-24 15:23:32.488 INFO Memory usage (end of timestep, current): 13.99 GiB
2026-09-24 15:23:32.488 INFO (Iteration 20) schema_fulfillment_count: real 82.53s | cpu 169.21s
2026-09-24 15:23:32.488 INFO (Iteration 20) schema_fulfillment: real 4.25s | cpu 4.25s
2026-09-24 15:23:32.488 INFO Iteration 20 finished in 104.71s (real) and 185.27s (process)
2026-09-24 15:23:32.489 INFO Start timestep 2014-07-21 00:00:00+00:00 -> 2014-08-20 00:00:00+00:00
2026-09-24 15:23:44.037 INFO DuckDB memory logs:
  database_name database_size  block_size  ...  wal_size  memory_usage  memory_limit
0   postgres_db       6.4 TiB           0  ...   0 bytes       1.9 GiB     267.0 GiB
1        memory       0 bytes           0  ...   0 bytes       1.9 GiB     267.0 GiB

[2 rows x 9 columns]
2026-09-24 15:23:44.038 INFO Loading data (2014-07-21 00:00:00+00:00 -> 2014-08-20 00:00:00+00:00) done in 11.55s (real) and 8.05s (process)
2026-09-24 15:23:44.038 INFO Memory usage (start of timestep, peak): 45.05 GiB
2026-09-24 15:23:44.038 INFO Memory usage (start of timestep, current): 13.13 GiB
2026-09-24 15:23:44.038 INFO Calculating metrics
2026-09-24 15:23:44.038 INFO Calculating metric: schema_fulfillment_count
2026-09-24 15:24:57.575 INFO Calculating metric: schema_fulfillment
2026-09-24 15:25:02.798 INFO Memory usage (end of timestep, peak): 45.05 GiB
2026-09-24 15:25:02.798 INFO Memory usage (end of timestep, current): 15.44 GiB
2026-09-24 15:25:02.798 INFO (Iteration 21) schema_fulfillment_count: real 73.54s | cpu 122.74s
2026-09-24 15:25:02.798 INFO (Iteration 21) schema_fulfillment: real 5.22s | cpu 5.22s
2026-09-24 15:25:02.798 INFO Iteration 21 finished in 90.31s (real) and 136.01s (process)
2026-09-24 15:25:02.799 INFO Start timestep 2014-08-20 00:00:00+00:00 -> 2014-09-19 00:00:00+00:00
2026-09-24 15:25:22.655 INFO DuckDB memory logs:
  database_name database_size  block_size  ...  wal_size  memory_usage  memory_limit
0   postgres_db       6.4 TiB           0  ...   0 bytes       2.1 GiB     267.0 GiB
1        memory       0 bytes           0  ...   0 bytes       2.1 GiB     267.0 GiB

[2 rows x 9 columns]
2026-09-24 15:25:22.655 INFO Loading data (2014-08-20 00:00:00+00:00 -> 2014-09-19 00:00:00+00:00) done in 19.86s (real) and 12.67s (process)
2026-09-24 15:25:22.655 INFO Memory usage (start of timestep, peak): 45.05 GiB
2026-09-24 15:25:22.655 INFO Memory usage (start of timestep, current): 13.40 GiB
2026-09-24 15:25:22.655 INFO Calculating metrics
2026-09-24 15:25:22.656 INFO Calculating metric: schema_fulfillment_count
2026-09-24 15:26:27.315 INFO Calculating metric: schema_fulfillment
2026-09-24 15:26:32.503 INFO Memory usage (end of timestep, peak): 45.05 GiB
2026-09-24 15:26:32.504 INFO Memory usage (end of timestep, current): 15.57 GiB
2026-09-24 15:26:32.504 INFO (Iteration 22) schema_fulfillment_count: real 64.66s | cpu 114.90s
2026-09-24 15:26:32.504 INFO (Iteration 22) schema_fulfillment: real 5.19s | cpu 5.18s
2026-09-24 15:26:32.504 INFO Iteration 22 finished in 89.70s (real) and 132.76s (process)
2026-09-24 15:26:32.505 INFO Start timestep 2014-09-19 00:00:00+00:00 -> 2014-10-19 00:00:00+00:00
2026-09-24 15:26:56.438 INFO DuckDB memory logs:
  database_name database_size  block_size  ...  wal_size  memory_usage  memory_limit
0   postgres_db       6.4 TiB           0  ...   0 bytes       2.5 GiB     267.0 GiB
1        memory       0 bytes           0  ...   0 bytes       2.5 GiB     267.0 GiB

[2 rows x 9 columns]
2026-09-24 15:26:56.438 INFO Loading data (2014-09-19 00:00:00+00:00 -> 2014-10-19 00:00:00+00:00) done in 23.93s (real) and 18.03s (process)
2026-09-24 15:26:56.438 INFO Memory usage (start of timestep, peak): 45.05 GiB
2026-09-24 15:26:56.438 INFO Memory usage (start of timestep, current): 13.87 GiB
2026-09-24 15:26:56.438 INFO Calculating metrics
2026-09-24 15:26:56.439 INFO Calculating metric: schema_fulfillment_count
Warning: (SchemaFulfillmentCount) Unsupported IriStem prefix https://stackoverflow.com/tags
Warning: (SchemaFulfillmentCount) Unsupported IriStem prefix https://stackoverflow.com/tags
Warning: (SchemaFulfillmentCount) Unsupported IriStem prefix https://stackoverflow.com/tags
Warning: (SchemaFulfillmentCount) Unsupported IriStem prefix https://stackoverflow.com/tags
2026-09-24 15:27:53.711 INFO Calculating metric: schema_fulfillment
2026-09-24 15:27:57.729 INFO Memory usage (end of timestep, peak): 45.05 GiB
2026-09-24 15:27:57.729 INFO Memory usage (end of timestep, current): 16.29 GiB
2026-09-24 15:27:57.729 INFO (Iteration 23) schema_fulfillment_count: real 57.27s | cpu 105.94s
2026-09-24 15:27:57.729 INFO (Iteration 23) schema_fulfillment: real 4.02s | cpu 4.01s
2026-09-24 15:27:57.729 INFO Iteration 23 finished in 85.22s (real) and 127.99s (process)
2026-09-24 15:27:57.730 INFO Start timestep 2014-10-19 00:00:00+00:00 -> 2014-11-18 00:00:00+00:00
2026-09-24 15:28:26.917 INFO DuckDB memory logs:
  database_name database_size  block_size  ...  wal_size  memory_usage  memory_limit
0   postgres_db       6.4 TiB           0  ...   0 bytes       3.6 GiB     267.0 GiB
1        memory       0 bytes           0  ...   0 bytes       3.6 GiB     267.0 GiB

[2 rows x 9 columns]
2026-09-24 15:28:26.917 INFO Loading data (2014-10-19 00:00:00+00:00 -> 2014-11-18 00:00:00+00:00) done in 29.19s (real) and 19.84s (process)
2026-09-24 15:28:26.917 INFO Memory usage (start of timestep, peak): 45.05 GiB
2026-09-24 15:28:26.917 INFO Memory usage (start of timestep, current): 14.92 GiB
2026-09-24 15:28:26.917 INFO Calculating metrics
2026-09-24 15:28:26.917 INFO Calculating metric: schema_fulfillment_count
2026-09-24 15:29:21.289 INFO Calculating metric: schema_fulfillment
2026-09-24 15:29:25.174 INFO Memory usage (end of timestep, peak): 45.05 GiB
2026-09-24 15:29:25.174 INFO Memory usage (end of timestep, current): 23.51 GiB
2026-09-24 15:29:25.174 INFO (Iteration 24) schema_fulfillment_count: real 54.37s | cpu 114.81s
2026-09-24 15:29:25.174 INFO (Iteration 24) schema_fulfillment: real 3.88s | cpu 3.88s
2026-09-24 15:29:25.174 INFO Iteration 24 finished in 87.44s (real) and 138.53s (process)
2026-09-24 15:29:25.176 INFO Start timestep 2014-11-18 00:00:00+00:00 -> 2014-12-18 00:00:00+00:00
2026-09-24 15:29:40.573 INFO DuckDB memory logs:
  database_name database_size  block_size  ...  wal_size  memory_usage  memory_limit
0   postgres_db       6.4 TiB           0  ...   0 bytes       2.2 GiB     267.0 GiB
1        memory       0 bytes           0  ...   0 bytes       2.2 GiB     267.0 GiB

[2 rows x 9 columns]
2026-09-24 15:29:40.573 INFO Loading data (2014-11-18 00:00:00+00:00 -> 2014-12-18 00:00:00+00:00) done in 15.40s (real) and 13.45s (process)
2026-09-24 15:29:40.573 INFO Memory usage (start of timestep, peak): 45.05 GiB
2026-09-24 15:29:40.573 INFO Memory usage (start of timestep, current): 13.66 GiB
2026-09-24 15:29:40.573 INFO Calculating metrics
2026-09-24 15:29:40.573 INFO Calculating metric: schema_fulfillment_count
2026-09-24 15:30:56.686 INFO Calculating metric: schema_fulfillment
2026-09-24 15:31:00.065 INFO Memory usage (end of timestep, peak): 45.05 GiB
2026-09-24 15:31:00.065 INFO Memory usage (end of timestep, current): 22.37 GiB
2026-09-24 15:31:00.065 INFO (Iteration 25) schema_fulfillment_count: real 76.11s | cpu 134.28s
2026-09-24 15:31:00.065 INFO (Iteration 25) schema_fulfillment: real 3.38s | cpu 3.38s
2026-09-24 15:31:00.065 INFO Iteration 25 finished in 94.89s (real) and 151.10s (process)
2026-09-24 15:31:00.066 INFO Start timestep 2014-12-18 00:00:00+00:00 -> 2015-01-17 00:00:00+00:00
2026-09-24 15:31:15.757 INFO DuckDB memory logs:
  database_name database_size  block_size  ...  wal_size  memory_usage  memory_limit
0   postgres_db       6.4 TiB           0  ...   0 bytes       2.0 GiB     267.0 GiB
1        memory       0 bytes           0  ...   0 bytes       2.0 GiB     267.0 GiB

[2 rows x 9 columns]
2026-09-24 15:31:15.757 INFO Loading data (2014-12-18 00:00:00+00:00 -> 2015-01-17 00:00:00+00:00) done in 15.69s (real) and 19.96s (process)
2026-09-24 15:31:15.757 INFO Memory usage (start of timestep, peak): 45.05 GiB
2026-09-24 15:31:15.757 INFO Memory usage (start of timestep, current): 14.73 GiB
2026-09-24 15:31:15.757 INFO Calculating metrics
2026-09-24 15:31:15.757 INFO Calculating metric: schema_fulfillment_count
Warning: (SchemaFulfillmentCount) Unsupported IriStem prefix https:/
Warning: (SchemaFulfillmentCount) Unsupported type of allowed value constraint in entity schemas: http://www.w3.org/2001/XMLSchema#dateTime
2026-09-24 15:32:00.622 INFO Calculating metric: schema_fulfillment
2026-09-24 15:32:03.042 INFO Memory usage (end of timestep, peak): 45.05 GiB
2026-09-24 15:32:03.042 INFO Memory usage (end of timestep, current): 24.57 GiB
2026-09-24 15:32:03.042 INFO (Iteration 26) schema_fulfillment_count: real 44.86s | cpu 104.77s
2026-09-24 15:32:03.042 INFO (Iteration 26) schema_fulfillment: real 2.42s | cpu 2.42s
2026-09-24 15:32:03.042 INFO Iteration 26 finished in 62.98s (real) and 127.15s (process)
2026-09-24 15:32:03.042 INFO Start timestep 2015-01-17 00:00:00+00:00 -> 2015-02-16 00:00:00+00:00
2026-09-24 15:32:24.487 INFO DuckDB memory logs:
  database_name database_size  block_size  ...  wal_size  memory_usage  memory_limit
0   postgres_db       6.4 TiB           0  ...   0 bytes       3.0 GiB     267.0 GiB
1        memory       0 bytes           0  ...   0 bytes       3.0 GiB     267.0 GiB

[2 rows x 9 columns]
2026-09-24 15:32:24.488 INFO Loading data (2015-01-17 00:00:00+00:00 -> 2015-02-16 00:00:00+00:00) done in 21.45s (real) and 16.42s (process)
2026-09-24 15:32:24.488 INFO Memory usage (start of timestep, peak): 45.05 GiB
2026-09-24 15:32:24.488 INFO Memory usage (start of timestep, current): 14.53 GiB
2026-09-24 15:32:24.488 INFO Calculating metrics
2026-09-24 15:32:24.488 INFO Calculating metric: schema_fulfillment_count
2026-09-24 15:33:35.048 INFO Calculating metric: schema_fulfillment
2026-09-24 15:33:45.145 INFO Memory usage (end of timestep, peak): 45.05 GiB
2026-09-24 15:33:45.145 INFO Memory usage (end of timestep, current): 17.08 GiB
2026-09-24 15:33:45.146 INFO (Iteration 27) schema_fulfillment_count: real 70.56s | cpu 119.19s
2026-09-24 15:33:45.146 INFO (Iteration 27) schema_fulfillment: real 10.10s | cpu 10.09s
2026-09-24 15:33:45.146 INFO Iteration 27 finished in 102.10s (real) and 145.70s (process)
2026-09-24 15:33:45.147 INFO Start timestep 2015-02-16 00:00:00+00:00 -> 2015-03-18 00:00:00+00:00
2026-09-24 15:34:10.688 INFO DuckDB memory logs:
  database_name database_size  block_size  ...  wal_size  memory_usage  memory_limit
0   postgres_db       6.4 TiB           0  ...   0 bytes       2.7 GiB     267.0 GiB
1        memory       0 bytes           0  ...   0 bytes       2.7 GiB     267.0 GiB

[2 rows x 9 columns]
2026-09-24 15:34:10.688 INFO Loading data (2015-02-16 00:00:00+00:00 -> 2015-03-18 00:00:00+00:00) done in 25.54s (real) and 16.75s (process)
2026-09-24 15:34:10.688 INFO Memory usage (start of timestep, peak): 45.05 GiB
2026-09-24 15:34:10.688 INFO Memory usage (start of timestep, current): 14.69 GiB
2026-09-24 15:34:10.688 INFO Calculating metrics
2026-09-24 15:34:10.688 INFO Calculating metric: schema_fulfillment_count
2026-09-24 15:35:29.953 INFO Calculating metric: schema_fulfillment
2026-09-24 15:35:39.274 INFO Memory usage (end of timestep, peak): 45.05 GiB
2026-09-24 15:35:39.274 INFO Memory usage (end of timestep, current): 23.97 GiB
2026-09-24 15:35:39.274 INFO (Iteration 28) schema_fulfillment_count: real 79.26s | cpu 145.27s
2026-09-24 15:35:39.274 INFO (Iteration 28) schema_fulfillment: real 9.32s | cpu 9.32s
2026-09-24 15:35:39.275 INFO Iteration 28 finished in 114.13s (real) and 171.34s (process)
2026-09-24 15:35:39.276 INFO Start timestep 2015-03-18 00:00:00+00:00 -> 2015-04-17 00:00:00+00:00
2026-09-24 15:35:59.436 INFO DuckDB memory logs:
  database_name database_size  block_size  ...  wal_size  memory_usage  memory_limit
0   postgres_db       6.4 TiB           0  ...   0 bytes       2.4 GiB     267.0 GiB
1        memory       0 bytes           0  ...   0 bytes       2.4 GiB     267.0 GiB

[2 rows x 9 columns]
2026-09-24 15:35:59.436 INFO Loading data (2015-03-18 00:00:00+00:00 -> 2015-04-17 00:00:00+00:00) done in 20.16s (real) and 14.52s (process)
2026-09-24 15:35:59.436 INFO Memory usage (start of timestep, peak): 45.05 GiB
2026-09-24 15:35:59.436 INFO Memory usage (start of timestep, current): 14.78 GiB
2026-09-24 15:35:59.436 INFO Calculating metrics
2026-09-24 15:35:59.436 INFO Calculating metric: schema_fulfillment_count
2026-09-24 15:36:51.418 INFO Calculating metric: schema_fulfillment
2026-09-24 15:36:54.789 INFO Memory usage (end of timestep, peak): 45.05 GiB
2026-09-24 15:36:54.790 INFO Memory usage (end of timestep, current): 31.18 GiB
2026-09-24 15:36:54.790 INFO (Iteration 29) schema_fulfillment_count: real 51.98s | cpu 118.44s
2026-09-24 15:36:54.790 INFO (Iteration 29) schema_fulfillment: real 3.37s | cpu 3.37s
2026-09-24 15:36:54.790 INFO Iteration 29 finished in 75.51s (real) and 136.32s (process)
2026-09-24 15:36:54.791 INFO Start timestep 2015-04-17 00:00:00+00:00 -> 2015-05-17 00:00:00+00:00
2026-09-24 15:37:09.770 INFO DuckDB memory logs:
  database_name database_size  block_size  ...  wal_size  memory_usage  memory_limit
0   postgres_db       6.4 TiB           0  ...   0 bytes       2.2 GiB     267.0 GiB
1        memory       0 bytes           0  ...   0 bytes       2.2 GiB     267.0 GiB

[2 rows x 9 columns]
2026-09-24 15:37:09.771 INFO Loading data (2015-04-17 00:00:00+00:00 -> 2015-05-17 00:00:00+00:00) done in 14.98s (real) and 14.00s (process)
2026-09-24 15:37:09.771 INFO Memory usage (start of timestep, peak): 45.05 GiB
2026-09-24 15:37:09.771 INFO Memory usage (start of timestep, current): 14.59 GiB
2026-09-24 15:37:09.771 INFO Calculating metrics
2026-09-24 15:37:09.771 INFO Calculating metric: schema_fulfillment_count
2026-09-24 15:38:01.449 INFO Calculating metric: schema_fulfillment
2026-09-24 15:38:04.784 INFO Memory usage (end of timestep, peak): 45.05 GiB
2026-09-24 15:38:04.784 INFO Memory usage (end of timestep, current): 22.40 GiB
2026-09-24 15:38:04.784 INFO (Iteration 30) schema_fulfillment_count: real 51.68s | cpu 105.62s
2026-09-24 15:38:04.784 INFO (Iteration 30) schema_fulfillment: real 3.33s | cpu 3.33s
2026-09-24 15:38:04.784 INFO Iteration 30 finished in 69.99s (real) and 122.95s (process)
2026-09-24 15:38:04.785 INFO Start timestep 2015-05-17 00:00:00+00:00 -> 2015-06-16 00:00:00+00:00
2026-09-24 15:38:38.408 INFO DuckDB memory logs:
  database_name database_size  block_size  ...  wal_size  memory_usage  memory_limit
0   postgres_db       6.4 TiB           0  ...   0 bytes       4.1 GiB     267.0 GiB
1        memory       0 bytes           0  ...   0 bytes       4.1 GiB     267.0 GiB

[2 rows x 9 columns]
2026-09-24 15:38:38.409 INFO Loading data (2015-05-17 00:00:00+00:00 -> 2015-06-16 00:00:00+00:00) done in 33.62s (real) and 25.54s (process)
2026-09-24 15:38:38.409 INFO Memory usage (start of timestep, peak): 45.05 GiB
2026-09-24 15:38:38.409 INFO Memory usage (start of timestep, current): 16.48 GiB
2026-09-24 15:38:38.409 INFO Calculating metrics
2026-09-24 15:38:38.409 INFO Calculating metric: schema_fulfillment_count
2026-09-24 15:39:23.753 INFO Calculating metric: schema_fulfillment
2026-09-24 15:39:26.976 INFO Memory usage (end of timestep, peak): 45.05 GiB
2026-09-24 15:39:26.977 INFO Memory usage (end of timestep, current): 22.44 GiB
2026-09-24 15:39:26.977 INFO (Iteration 31) schema_fulfillment_count: real 45.34s | cpu 100.05s
2026-09-24 15:39:26.977 INFO (Iteration 31) schema_fulfillment: real 3.22s | cpu 3.22s
2026-09-24 15:39:26.977 INFO Iteration 31 finished in 82.19s (real) and 128.80s (process)
2026-09-24 15:39:26.978 INFO Start timestep 2015-06-16 00:00:00+00:00 -> 2015-07-16 00:00:00+00:00
2026-09-24 15:39:48.731 INFO DuckDB memory logs:
  database_name database_size  block_size  ...  wal_size  memory_usage  memory_limit
0   postgres_db       6.4 TiB           0  ...   0 bytes       3.4 GiB     267.0 GiB
1        memory       0 bytes           0  ...   0 bytes       3.4 GiB     267.0 GiB

[2 rows x 9 columns]
2026-09-24 15:39:48.731 INFO Loading data (2015-06-16 00:00:00+00:00 -> 2015-07-16 00:00:00+00:00) done in 21.75s (real) and 17.19s (process)
2026-09-24 15:39:48.731 INFO Memory usage (start of timestep, peak): 45.05 GiB
2026-09-24 15:39:48.731 INFO Memory usage (start of timestep, current): 15.93 GiB
2026-09-24 15:39:48.731 INFO Calculating metrics
2026-09-24 15:39:48.731 INFO Calculating metric: schema_fulfillment_count
2026-09-24 15:40:40.427 INFO Calculating metric: schema_fulfillment
2026-09-24 15:40:46.116 INFO Memory usage (end of timestep, peak): 45.05 GiB
2026-09-24 15:40:46.116 INFO Memory usage (end of timestep, current): 25.68 GiB
2026-09-24 15:40:46.116 INFO (Iteration 32) schema_fulfillment_count: real 51.70s | cpu 106.33s
2026-09-24 15:40:46.116 INFO (Iteration 32) schema_fulfillment: real 5.69s | cpu 5.68s
2026-09-24 15:40:46.116 INFO Iteration 32 finished in 79.14s (real) and 129.20s (process)
2026-09-24 15:40:46.117 INFO Start timestep 2015-07-16 00:00:00+00:00 -> 2015-08-15 00:00:00+00:00
2026-09-24 15:41:16.892 INFO DuckDB memory logs:
  database_name database_size  block_size  ...  wal_size  memory_usage  memory_limit
0   postgres_db       6.4 TiB           0  ...   0 bytes       4.4 GiB     267.0 GiB
1        memory       0 bytes           0  ...   0 bytes       4.4 GiB     267.0 GiB

[2 rows x 9 columns]
2026-09-24 15:41:16.892 INFO Loading data (2015-07-16 00:00:00+00:00 -> 2015-08-15 00:00:00+00:00) done in 30.78s (real) and 22.61s (process)
2026-09-24 15:41:16.892 INFO Memory usage (start of timestep, peak): 45.05 GiB
2026-09-24 15:41:16.893 INFO Memory usage (start of timestep, current): 17.10 GiB
2026-09-24 15:41:16.893 INFO Calculating metrics
2026-09-24 15:41:16.893 INFO Calculating metric: schema_fulfillment_count
2026-09-24 15:41:58.956 INFO Calculating metric: schema_fulfillment
2026-09-24 15:42:01.082 INFO Memory usage (end of timestep, peak): 45.05 GiB
2026-09-24 15:42:01.083 INFO Memory usage (end of timestep, current): 18.88 GiB
2026-09-24 15:42:01.083 INFO (Iteration 33) schema_fulfillment_count: real 42.06s | cpu 89.91s
2026-09-24 15:42:01.083 INFO (Iteration 33) schema_fulfillment: real 2.13s | cpu 2.12s
2026-09-24 15:42:01.083 INFO Iteration 33 finished in 74.97s (real) and 114.64s (process)
2026-09-24 15:42:01.084 INFO Start timestep 2015-08-15 00:00:00+00:00 -> 2015-09-14 00:00:00+00:00
2026-09-24 15:42:37.594 INFO DuckDB memory logs:
  database_name database_size  block_size  ...  wal_size  memory_usage  memory_limit
0   postgres_db       6.4 TiB           0  ...   0 bytes       4.7 GiB     267.0 GiB
1        memory       0 bytes           0  ...   0 bytes       4.7 GiB     267.0 GiB

[2 rows x 9 columns]
2026-09-24 15:42:37.594 INFO Loading data (2015-08-15 00:00:00+00:00 -> 2015-09-14 00:00:00+00:00) done in 36.51s (real) and 24.87s (process)
2026-09-24 15:42:37.595 INFO Memory usage (start of timestep, peak): 45.05 GiB
2026-09-24 15:42:37.595 INFO Memory usage (start of timestep, current): 17.38 GiB
2026-09-24 15:42:37.595 INFO Calculating metrics
2026-09-24 15:42:37.595 INFO Calculating metric: schema_fulfillment_count
2026-09-24 15:43:39.279 INFO Calculating metric: schema_fulfillment
2026-09-24 15:43:42.479 INFO Memory usage (end of timestep, peak): 45.05 GiB
2026-09-24 15:43:42.480 INFO Memory usage (end of timestep, current): 19.14 GiB
2026-09-24 15:43:42.480 INFO (Iteration 34) schema_fulfillment_count: real 61.68s | cpu 119.60s
2026-09-24 15:43:42.480 INFO (Iteration 34) schema_fulfillment: real 3.20s | cpu 3.20s
2026-09-24 15:43:42.480 INFO Iteration 34 finished in 101.40s (real) and 147.67s (process)
2026-09-24 15:43:42.481 INFO Start timestep 2015-09-14 00:00:00+00:00 -> 2015-10-14 00:00:00+00:00
2026-09-24 15:45:03.870 INFO DuckDB memory logs:
  database_name database_size  block_size  ...  wal_size  memory_usage  memory_limit
0   postgres_db       6.4 TiB           0  ...   0 bytes      10.5 GiB     267.0 GiB
1        memory       0 bytes           0  ...   0 bytes      10.5 GiB     267.0 GiB

[2 rows x 9 columns]
2026-09-24 15:45:03.872 INFO Loading data (2015-09-14 00:00:00+00:00 -> 2015-10-14 00:00:00+00:00) done in 81.39s (real) and 57.14s (process)
2026-09-24 15:45:03.872 INFO Memory usage (start of timestep, peak): 45.05 GiB
2026-09-24 15:45:03.872 INFO Memory usage (start of timestep, current): 23.18 GiB
2026-09-24 15:45:03.872 INFO Calculating metrics
2026-09-24 15:45:03.872 INFO Calculating metric: schema_fulfillment_count
2026-09-24 15:46:04.179 INFO Calculating metric: schema_fulfillment
2026-09-24 15:46:07.342 INFO Memory usage (end of timestep, peak): 45.05 GiB
2026-09-24 15:46:07.342 INFO Memory usage (end of timestep, current): 31.31 GiB
2026-09-24 15:46:07.342 INFO (Iteration 35) schema_fulfillment_count: real 60.31s | cpu 120.95s
2026-09-24 15:46:07.342 INFO (Iteration 35) schema_fulfillment: real 3.16s | cpu 3.16s
2026-09-24 15:46:07.342 INFO Iteration 35 finished in 144.86s (real) and 181.25s (process)
2026-09-24 15:46:07.343 INFO Start timestep 2015-10-14 00:00:00+00:00 -> 2015-11-13 00:00:00+00:00
2026-09-24 15:47:42.585 INFO DuckDB memory logs:
  database_name database_size  block_size  ...  wal_size  memory_usage  memory_limit
0   postgres_db       6.4 TiB           0  ...   0 bytes      12.3 GiB     267.0 GiB
1        memory       0 bytes           0  ...   0 bytes      12.3 GiB     267.0 GiB

[2 rows x 9 columns]
2026-09-24 15:47:42.586 INFO Loading data (2015-10-14 00:00:00+00:00 -> 2015-11-13 00:00:00+00:00) done in 95.24s (real) and 68.60s (process)
2026-09-24 15:47:42.586 INFO Memory usage (start of timestep, peak): 45.05 GiB
2026-09-24 15:47:42.586 INFO Memory usage (start of timestep, current): 24.94 GiB
2026-09-24 15:47:42.586 INFO Calculating metrics
2026-09-24 15:47:42.587 INFO Calculating metric: schema_fulfillment_count
Warning: (SchemaFulfillmentCount) Unsupported IriStem prefix https:/
2026-09-24 15:50:13.848 INFO Calculating metric: schema_fulfillment
2026-09-24 15:50:24.612 INFO Memory usage (end of timestep, peak): 45.05 GiB
2026-09-24 15:50:24.613 INFO Memory usage (end of timestep, current): 27.19 GiB
2026-09-24 15:50:24.613 INFO (Iteration 36) schema_fulfillment_count: real 151.26s | cpu 203.32s
2026-09-24 15:50:24.613 INFO (Iteration 36) schema_fulfillment: real 10.76s | cpu 10.76s
2026-09-24 15:50:24.613 INFO Iteration 36 finished in 257.27s (real) and 282.67s (process)
2026-09-24 15:50:24.614 INFO Start timestep 2015-11-13 00:00:00+00:00 -> 2015-12-13 00:00:00+00:00
2026-09-24 15:51:47.023 INFO DuckDB memory logs:
  database_name database_size  block_size  ...  wal_size  memory_usage  memory_limit
0   postgres_db       6.4 TiB           0  ...   0 bytes      10.9 GiB     267.0 GiB
1        memory       0 bytes           0  ...   0 bytes      10.9 GiB     267.0 GiB

[2 rows x 9 columns]
2026-09-24 15:51:47.024 INFO Loading data (2015-11-13 00:00:00+00:00 -> 2015-12-13 00:00:00+00:00) done in 82.41s (real) and 57.84s (process)
2026-09-24 15:51:47.024 INFO Memory usage (start of timestep, peak): 45.05 GiB
2026-09-24 15:51:47.024 INFO Memory usage (start of timestep, current): 23.98 GiB
2026-09-24 15:51:47.024 INFO Calculating metrics
2026-09-24 15:51:47.024 INFO Calculating metric: schema_fulfillment_count
2026-09-24 15:52:44.935 INFO Calculating metric: schema_fulfillment
2026-09-24 15:52:49.467 INFO Memory usage (end of timestep, peak): 45.05 GiB
2026-09-24 15:52:49.467 INFO Memory usage (end of timestep, current): 26.03 GiB
2026-09-24 15:52:49.467 INFO (Iteration 37) schema_fulfillment_count: real 57.91s | cpu 107.40s
2026-09-24 15:52:49.467 INFO (Iteration 37) schema_fulfillment: real 4.53s | cpu 4.53s
2026-09-24 15:52:49.467 INFO Iteration 37 finished in 144.85s (real) and 169.77s (process)
2026-09-24 15:52:49.469 INFO Start timestep 2015-12-13 00:00:00+00:00 -> 2016-01-12 00:00:00+00:00
2026-09-24 15:54:39.382 INFO DuckDB memory logs:
  database_name database_size  block_size  ...  wal_size  memory_usage  memory_limit
0   postgres_db       6.4 TiB           0  ...   0 bytes      14.5 GiB     267.0 GiB
1        memory       0 bytes           0  ...   0 bytes      14.5 GiB     267.0 GiB

[2 rows x 9 columns]
2026-09-24 15:54:39.383 INFO Loading data (2015-12-13 00:00:00+00:00 -> 2016-01-12 00:00:00+00:00) done in 109.91s (real) and 169.00s (process)
2026-09-24 15:54:39.383 INFO Memory usage (start of timestep, peak): 45.05 GiB
2026-09-24 15:54:39.383 INFO Memory usage (start of timestep, current): 27.45 GiB
2026-09-24 15:54:39.383 INFO Calculating metrics
2026-09-24 15:54:39.383 INFO Calculating metric: schema_fulfillment_count
2026-09-24 15:55:27.334 INFO Calculating metric: schema_fulfillment
2026-09-24 15:55:32.015 INFO Memory usage (end of timestep, peak): 45.05 GiB
2026-09-24 15:55:32.016 INFO Memory usage (end of timestep, current): 39.39 GiB
2026-09-24 15:55:32.016 INFO (Iteration 38) schema_fulfillment_count: real 47.95s | cpu 107.54s
2026-09-24 15:55:32.016 INFO (Iteration 38) schema_fulfillment: real 4.68s | cpu 4.68s
2026-09-24 15:55:32.016 INFO Iteration 38 finished in 162.55s (real) and 281.21s (process)
2026-09-24 15:55:32.016 INFO Start timestep 2016-01-12 00:00:00+00:00 -> 2016-02-11 00:00:00+00:00
2026-09-24 15:56:39.102 INFO DuckDB memory logs:
  database_name database_size  block_size  ...  wal_size  memory_usage  memory_limit
0   postgres_db       6.4 TiB           0  ...   0 bytes       8.9 GiB     267.0 GiB
1        memory       0 bytes           0  ...   0 bytes       8.9 GiB     267.0 GiB

[2 rows x 9 columns]
2026-09-24 15:56:39.102 INFO Loading data (2016-01-12 00:00:00+00:00 -> 2016-02-11 00:00:00+00:00) done in 67.09s (real) and 48.27s (process)
2026-09-24 15:56:39.103 INFO Memory usage (start of timestep, peak): 45.05 GiB
2026-09-24 15:56:39.103 INFO Memory usage (start of timestep, current): 22.18 GiB
2026-09-24 15:56:39.103 INFO Calculating metrics
2026-09-24 15:56:39.103 INFO Calculating metric: schema_fulfillment_count
2026-09-24 15:57:50.625 INFO Calculating metric: schema_fulfillment
2026-09-24 15:57:55.862 INFO Memory usage (end of timestep, peak): 45.05 GiB
2026-09-24 15:57:55.862 INFO Memory usage (end of timestep, current): 31.08 GiB
2026-09-24 15:57:55.862 INFO (Iteration 39) schema_fulfillment_count: real 71.52s | cpu 139.73s
2026-09-24 15:57:55.862 INFO (Iteration 39) schema_fulfillment: real 5.24s | cpu 5.23s
2026-09-24 15:57:55.862 INFO Iteration 39 finished in 143.85s (real) and 193.23s (process)
2026-09-24 15:57:55.863 INFO Start timestep 2016-02-11 00:00:00+00:00 -> 2016-03-12 00:00:00+00:00
2026-09-24 15:59:38.520 INFO DuckDB memory logs:
  database_name database_size  block_size  ...  wal_size  memory_usage  memory_limit
0   postgres_db       6.4 TiB           0  ...   0 bytes      12.0 GiB     267.0 GiB
1        memory       0 bytes           0  ...   0 bytes      12.0 GiB     267.0 GiB

[2 rows x 9 columns]
2026-09-24 15:59:38.521 INFO Loading data (2016-02-11 00:00:00+00:00 -> 2016-03-12 00:00:00+00:00) done in 102.66s (real) and 70.60s (process)
2026-09-24 15:59:38.522 INFO Memory usage (start of timestep, peak): 45.05 GiB
2026-09-24 15:59:38.522 INFO Memory usage (start of timestep, current): 25.46 GiB
2026-09-24 15:59:38.522 INFO Calculating metrics
2026-09-24 15:59:38.522 INFO Calculating metric: schema_fulfillment_count
2026-09-24 16:00:58.184 INFO Calculating metric: schema_fulfillment
2026-09-24 16:01:01.978 INFO Memory usage (end of timestep, peak): 63.11 GiB
2026-09-24 16:01:01.978 INFO Memory usage (end of timestep, current): 25.84 GiB
2026-09-24 16:01:01.978 INFO (Iteration 40) schema_fulfillment_count: real 79.66s | cpu 173.70s
2026-09-24 16:01:01.978 INFO (Iteration 40) schema_fulfillment: real 3.79s | cpu 3.79s
2026-09-24 16:01:01.978 INFO Iteration 40 finished in 186.11s (real) and 248.10s (process)
2026-09-24 16:01:01.979 INFO Start timestep 2016-03-12 00:00:00+00:00 -> 2016-04-11 00:00:00+00:00
2026-09-24 16:02:48.069 INFO DuckDB memory logs:
  database_name database_size  block_size  ...  wal_size  memory_usage  memory_limit
0   postgres_db       6.4 TiB           0  ...   0 bytes      15.8 GiB     267.0 GiB
1        memory       0 bytes           0  ...   0 bytes      15.8 GiB     267.0 GiB

[2 rows x 9 columns]
2026-09-24 16:02:48.071 INFO Loading data (2016-03-12 00:00:00+00:00 -> 2016-04-11 00:00:00+00:00) done in 106.09s (real) and 76.94s (process)
2026-09-24 16:02:48.071 INFO Memory usage (start of timestep, peak): 63.11 GiB
2026-09-24 16:02:48.071 INFO Memory usage (start of timestep, current): 29.28 GiB
2026-09-24 16:02:48.071 INFO Calculating metrics
2026-09-24 16:02:48.072 INFO Calculating metric: schema_fulfillment_count
2026-09-24 16:04:11.962 INFO Calculating metric: schema_fulfillment
2026-09-24 16:04:18.349 INFO Memory usage (end of timestep, peak): 63.11 GiB
2026-09-24 16:04:18.350 INFO Memory usage (end of timestep, current): 31.31 GiB
2026-09-24 16:04:18.350 INFO (Iteration 41) schema_fulfillment_count: real 83.89s | cpu 132.05s
2026-09-24 16:04:18.350 INFO (Iteration 41) schema_fulfillment: real 6.39s | cpu 6.38s
2026-09-24 16:04:18.350 INFO Iteration 41 finished in 196.37s (real) and 215.37s (process)
2026-09-24 16:04:18.351 INFO Start timestep 2016-04-11 00:00:00+00:00 -> 2016-05-11 00:00:00+00:00
2026-09-24 16:05:07.781 INFO DuckDB memory logs:
  database_name database_size  block_size  ...  wal_size  memory_usage  memory_limit
0   postgres_db       6.4 TiB           0  ...   0 bytes       7.3 GiB     267.0 GiB
1        memory       0 bytes           0  ...   0 bytes       7.3 GiB     267.0 GiB

[2 rows x 9 columns]
2026-09-24 16:05:07.781 INFO Loading data (2016-04-11 00:00:00+00:00 -> 2016-05-11 00:00:00+00:00) done in 49.43s (real) and 35.51s (process)
2026-09-24 16:05:07.781 INFO Memory usage (start of timestep, peak): 63.11 GiB
2026-09-24 16:05:07.782 INFO Memory usage (start of timestep, current): 21.22 GiB
2026-09-24 16:05:07.782 INFO Calculating metrics
2026-09-24 16:05:07.782 INFO Calculating metric: schema_fulfillment_count
Warning: (SchemaFulfillmentCount) Unsupported type of allowed value constraint in entity schemas: http://www.w3.org/2001/XMLSchema#dateTime
Warning: (SchemaFulfillmentCount) Unsupported type of allowed value constraint in entity schemas: http://www.w3.org/2001/XMLSchema#dateTime
Warning: (SchemaFulfillmentCount) Unsupported type of allowed value constraint in entity schemas: http://www.w3.org/2001/XMLSchema#dateTime
Warning: (SchemaFulfillmentCount) Unsupported type of allowed value constraint in entity schemas: http://www.w3.org/2001/XMLSchema#dateTime
Warning: (SchemaFulfillmentCount) Unsupported type of allowed value constraint in entity schemas: http://www.w3.org/2001/XMLSchema#dateTime
Warning: (SchemaFulfillmentCount) Unsupported type of allowed value constraint in entity schemas: http://www.w3.org/2001/XMLSchema#dateTime
Warning: (SchemaFulfillmentCount) Unsupported type of allowed value constraint in entity schemas: http://www.w3.org/2001/XMLSchema#dateTime
Warning: (SchemaFulfillmentCount) Unsupported type of allowed value constraint in entity schemas: http://www.w3.org/2001/XMLSchema#dateTime
Warning: (SchemaFulfillmentCount) Unsupported type of allowed value constraint in entity schemas: http://www.w3.org/2001/XMLSchema#dateTime
Warning: (SchemaFulfillmentCount) Unsupported type of allowed value constraint in entity schemas: http://www.w3.org/2001/XMLSchema#dateTime
Warning: (SchemaFulfillmentCount) Unsupported type of allowed value constraint in entity schemas: http://www.w3.org/2001/XMLSchema#dateTime
Warning: (SchemaFulfillmentCount) Unsupported type of allowed value constraint in entity schemas: http://www.w3.org/2001/XMLSchema#dateTime
Warning: (SchemaFulfillmentCount) Unsupported type of allowed value constraint in entity schemas: http://www.w3.org/2001/XMLSchema#dateTime
Warning: (SchemaFulfillmentCount) Unsupported type of allowed value constraint in entity schemas: http://www.w3.org/2001/XMLSchema#dateTime
Warning: (SchemaFulfillmentCount) Unsupported type of allowed value constraint in entity schemas: http://www.w3.org/2001/XMLSchema#dateTime
Warning: (SchemaFulfillmentCount) Unsupported type of allowed value constraint in entity schemas: http://www.w3.org/2001/XMLSchema#dateTime
Warning: (SchemaFulfillmentCount) Unsupported type of allowed value constraint in entity schemas: http://www.w3.org/2001/XMLSchema#dateTime
Warning: (SchemaFulfillmentCount) Unsupported type of allowed value constraint in entity schemas: http://www.w3.org/2001/XMLSchema#dateTime
Warning: (SchemaFulfillmentCount) Unsupported type of allowed value constraint in entity schemas: http://www.w3.org/2001/XMLSchema#dateTime
Warning: (SchemaFulfillmentCount) Unsupported type of allowed value constraint in entity schemas: http://www.w3.org/2001/XMLSchema#dateTime
Warning: (SchemaFulfillmentCount) Unsupported type of allowed value constraint in entity schemas: http://www.w3.org/2001/XMLSchema#dateTime
Warning: (SchemaFulfillmentCount) Unsupported type of allowed value constraint in entity schemas: http://www.w3.org/2001/XMLSchema#dateTime
Warning: (SchemaFulfillmentCount) Unsupported type of allowed value constraint in entity schemas: http://www.w3.org/2001/XMLSchema#dateTime
Warning: (SchemaFulfillmentCount) Unsupported type of allowed value constraint in entity schemas: http://www.w3.org/2001/XMLSchema#dateTime
Warning: (SchemaFulfillmentCount) Unsupported type of allowed value constraint in entity schemas: http://www.w3.org/2001/XMLSchema#dateTime
Warning: (SchemaFulfillmentCount) Unsupported type of allowed value constraint in entity schemas: http://www.w3.org/2001/XMLSchema#dateTime
Warning: (SchemaFulfillmentCount) Unsupported type of allowed value constraint in entity schemas: http://www.w3.org/2001/XMLSchema#dateTime
Warning: (SchemaFulfillmentCount) Unsupported type of allowed value constraint in entity schemas: http://www.w3.org/2001/XMLSchema#dateTime
Warning: (SchemaFulfillmentCount) Unsupported type of allowed value constraint in entity schemas: http://www.w3.org/2001/XMLSchema#dateTime
Warning: (SchemaFulfillmentCount) Unsupported type of allowed value constraint in entity schemas: http://www.w3.org/2001/XMLSchema#dateTime
Warning: (SchemaFulfillmentCount) Unsupported type of allowed value constraint in entity schemas: http://www.w3.org/2001/XMLSchema#dateTime
Warning: (SchemaFulfillmentCount) Unsupported type of allowed value constraint in entity schemas: http://www.w3.org/2001/XMLSchema#dateTime
Warning: (SchemaFulfillmentCount) Unsupported type of allowed value constraint in entity schemas: http://www.w3.org/2001/XMLSchema#dateTime
Warning: (SchemaFulfillmentCount) Unsupported type of allowed value constraint in entity schemas: http://www.w3.org/2001/XMLSchema#dateTime
Warning: (SchemaFulfillmentCount) Unsupported type of allowed value constraint in entity schemas: http://www.w3.org/2001/XMLSchema#dateTime
Warning: (SchemaFulfillmentCount) Unsupported type of allowed value constraint in entity schemas: http://www.w3.org/2001/XMLSchema#dateTime
Warning: (SchemaFulfillmentCount) Unsupported type of allowed value constraint in entity schemas: http://www.w3.org/2001/XMLSchema#dateTime
Warning: (SchemaFulfillmentCount) Unsupported type of allowed value constraint in entity schemas: http://www.w3.org/2001/XMLSchema#dateTime
Warning: (SchemaFulfillmentCount) Unsupported type of allowed value constraint in entity schemas: http://www.w3.org/2001/XMLSchema#dateTime
Warning: (SchemaFulfillmentCount) Unsupported type of allowed value constraint in entity schemas: http://www.w3.org/2001/XMLSchema#dateTime
Warning: (SchemaFulfillmentCount) Unsupported type of allowed value constraint in entity schemas: http://www.w3.org/2001/XMLSchema#dateTime
Warning: (SchemaFulfillmentCount) Unsupported type of allowed value constraint in entity schemas: http://www.w3.org/2001/XMLSchema#dateTime
Warning: (SchemaFulfillmentCount) Unsupported type of allowed value constraint in entity schemas: http://www.w3.org/2001/XMLSchema#dateTime
2026-09-24 16:06:09.781 INFO Calculating metric: schema_fulfillment
2026-09-24 16:06:13.658 INFO Memory usage (end of timestep, peak): 63.11 GiB
2026-09-24 16:06:13.658 INFO Memory usage (end of timestep, current): 33.63 GiB
2026-09-24 16:06:13.658 INFO (Iteration 42) schema_fulfillment_count: real 62.00s | cpu 127.01s
2026-09-24 16:06:13.658 INFO (Iteration 42) schema_fulfillment: real 3.88s | cpu 3.87s
2026-09-24 16:06:13.658 INFO Iteration 42 finished in 115.31s (real) and 166.39s (process)
2026-09-24 16:06:13.659 INFO Start timestep 2016-05-11 00:00:00+00:00 -> 2016-06-10 00:00:00+00:00
2026-09-24 16:08:35.117 INFO DuckDB memory logs:
  database_name database_size  block_size  ...  wal_size  memory_usage  memory_limit
0   postgres_db       6.4 TiB           0  ...   0 bytes      20.4 GiB     267.0 GiB
1        memory       0 bytes           0  ...   0 bytes      20.4 GiB     267.0 GiB

[2 rows x 9 columns]
2026-09-24 16:08:35.118 INFO Loading data (2016-05-11 00:00:00+00:00 -> 2016-06-10 00:00:00+00:00) done in 141.46s (real) and 103.59s (process)
2026-09-24 16:08:35.118 INFO Memory usage (start of timestep, peak): 63.11 GiB
2026-09-24 16:08:35.118 INFO Memory usage (start of timestep, current): 34.09 GiB
2026-09-24 16:08:35.118 INFO Calculating metrics
2026-09-24 16:08:35.118 INFO Calculating metric: schema_fulfillment_count
2026-09-24 16:10:08.967 INFO Calculating metric: schema_fulfillment
2026-09-24 16:10:16.099 INFO Memory usage (end of timestep, peak): 63.11 GiB
2026-09-24 16:10:16.099 INFO Memory usage (end of timestep, current): 47.90 GiB
2026-09-24 16:10:16.099 INFO (Iteration 43) schema_fulfillment_count: real 93.85s | cpu 159.44s
2026-09-24 16:10:16.099 INFO (Iteration 43) schema_fulfillment: real 7.13s | cpu 7.13s
2026-09-24 16:10:16.099 INFO Iteration 43 finished in 242.44s (real) and 270.17s (process)
2026-09-24 16:10:16.100 INFO Start timestep 2016-06-10 00:00:00+00:00 -> 2016-07-10 00:00:00+00:00
2026-09-24 16:10:57.300 INFO DuckDB memory logs:
  database_name database_size  block_size  ...  wal_size  memory_usage  memory_limit
0   postgres_db       6.4 TiB           0  ...   0 bytes       5.6 GiB     267.0 GiB
1        memory       0 bytes           0  ...   0 bytes       5.6 GiB     267.0 GiB

[2 rows x 9 columns]
2026-09-24 16:10:57.300 INFO Loading data (2016-06-10 00:00:00+00:00 -> 2016-07-10 00:00:00+00:00) done in 41.20s (real) and 30.94s (process)
2026-09-24 16:10:57.300 INFO Memory usage (start of timestep, peak): 63.11 GiB
2026-09-24 16:10:57.301 INFO Memory usage (start of timestep, current): 20.01 GiB
2026-09-24 16:10:57.301 INFO Calculating metrics
2026-09-24 16:10:57.301 INFO Calculating metric: schema_fulfillment_count
2026-09-24 16:12:50.582 INFO Calculating metric: schema_fulfillment
2026-09-24 16:13:03.190 INFO Memory usage (end of timestep, peak): 63.11 GiB
2026-09-24 16:13:03.191 INFO Memory usage (end of timestep, current): 22.86 GiB
2026-09-24 16:13:03.191 INFO (Iteration 44) schema_fulfillment_count: real 113.28s | cpu 162.08s
2026-09-24 16:13:03.191 INFO (Iteration 44) schema_fulfillment: real 12.61s | cpu 12.60s
2026-09-24 16:13:03.191 INFO Iteration 44 finished in 167.09s (real) and 205.63s (process)
2026-09-24 16:13:03.192 INFO Start timestep 2016-07-10 00:00:00+00:00 -> 2016-08-09 00:00:00+00:00
2026-09-24 16:13:36.879 INFO DuckDB memory logs:
  database_name database_size  block_size  ...  wal_size  memory_usage  memory_limit
0   postgres_db       6.4 TiB           0  ...   0 bytes       3.9 GiB     267.0 GiB
1        memory       0 bytes           0  ...   0 bytes       3.9 GiB     267.0 GiB

[2 rows x 9 columns]
2026-09-24 16:13:36.879 INFO Loading data (2016-07-10 00:00:00+00:00 -> 2016-08-09 00:00:00+00:00) done in 33.69s (real) and 22.33s (process)
2026-09-24 16:13:36.880 INFO Memory usage (start of timestep, peak): 63.11 GiB
2026-09-24 16:13:36.880 INFO Memory usage (start of timestep, current): 18.95 GiB
2026-09-24 16:13:36.880 INFO Calculating metrics
2026-09-24 16:13:36.880 INFO Calculating metric: schema_fulfillment_count
2026-09-24 16:14:57.373 INFO Calculating metric: schema_fulfillment
2026-09-24 16:15:01.866 INFO Memory usage (end of timestep, peak): 63.11 GiB
2026-09-24 16:15:01.867 INFO Memory usage (end of timestep, current): 38.41 GiB
2026-09-24 16:15:01.867 INFO (Iteration 45) schema_fulfillment_count: real 80.49s | cpu 156.93s
2026-09-24 16:15:01.867 INFO (Iteration 45) schema_fulfillment: real 4.49s | cpu 4.49s
2026-09-24 16:15:01.867 INFO Iteration 45 finished in 118.67s (real) and 183.75s (process)
2026-09-24 16:15:01.868 INFO Start timestep 2016-08-09 00:00:00+00:00 -> 2016-09-08 00:00:00+00:00
2026-09-24 16:16:12.000 INFO DuckDB memory logs:
  database_name database_size  block_size  ...  wal_size  memory_usage  memory_limit
0   postgres_db       6.4 TiB           0  ...   0 bytes       9.0 GiB     267.0 GiB
1        memory       0 bytes           0  ...   0 bytes       9.0 GiB     267.0 GiB

[2 rows x 9 columns]
2026-09-24 16:16:12.001 INFO Loading data (2016-08-09 00:00:00+00:00 -> 2016-09-08 00:00:00+00:00) done in 70.13s (real) and 51.40s (process)
2026-09-24 16:16:12.001 INFO Memory usage (start of timestep, peak): 63.11 GiB
2026-09-24 16:16:12.002 INFO Memory usage (start of timestep, current): 23.87 GiB
2026-09-24 16:16:12.002 INFO Calculating metrics
2026-09-24 16:16:12.002 INFO Calculating metric: schema_fulfillment_count
Warning: (SchemaFulfillmentCount) Unsupported IriStem prefix https:/
Warning: (SchemaFulfillmentCount) Unsupported IriStem prefix https:/
2026-09-24 16:17:48.494 INFO Calculating metric: schema_fulfillment
2026-09-24 16:17:56.329 INFO Memory usage (end of timestep, peak): 63.11 GiB
2026-09-24 16:17:56.329 INFO Memory usage (end of timestep, current): 26.18 GiB
2026-09-24 16:17:56.329 INFO (Iteration 46) schema_fulfillment_count: real 96.49s | cpu 149.28s
2026-09-24 16:17:56.329 INFO (Iteration 46) schema_fulfillment: real 7.83s | cpu 7.81s
2026-09-24 16:17:56.329 INFO Iteration 46 finished in 174.46s (real) and 208.50s (process)
2026-09-24 16:17:56.330 INFO Start timestep 2016-09-08 00:00:00+00:00 -> 2016-10-08 00:00:00+00:00
2026-09-24 16:19:24.484 INFO DuckDB memory logs:
  database_name database_size  block_size  ...  wal_size  memory_usage  memory_limit
0   postgres_db       6.4 TiB           0  ...   0 bytes      12.5 GiB     267.0 GiB
1        memory       0 bytes           0  ...   0 bytes      12.5 GiB     267.0 GiB

[2 rows x 9 columns]
2026-09-24 16:19:24.486 INFO Loading data (2016-09-08 00:00:00+00:00 -> 2016-10-08 00:00:00+00:00) done in 88.16s (real) and 70.51s (process)
2026-09-24 16:19:24.486 INFO Memory usage (start of timestep, peak): 63.11 GiB
2026-09-24 16:19:24.487 INFO Memory usage (start of timestep, current): 27.61 GiB
2026-09-24 16:19:24.487 INFO Calculating metrics
2026-09-24 16:19:24.487 INFO Calculating metric: schema_fulfillment_count
2026-09-24 16:20:45.627 INFO Calculating metric: schema_fulfillment
2026-09-24 16:20:51.643 INFO Memory usage (end of timestep, peak): 63.11 GiB
2026-09-24 16:20:51.644 INFO Memory usage (end of timestep, current): 34.82 GiB
2026-09-24 16:20:51.644 INFO (Iteration 47) schema_fulfillment_count: real 81.14s | cpu 145.13s
2026-09-24 16:20:51.644 INFO (Iteration 47) schema_fulfillment: real 6.02s | cpu 6.01s
2026-09-24 16:20:51.644 INFO Iteration 47 finished in 175.31s (real) and 221.66s (process)
2026-09-24 16:20:51.645 INFO Start timestep 2016-10-08 00:00:00+00:00 -> 2016-11-07 00:00:00+00:00
2026-09-24 16:24:17.006 INFO DuckDB memory logs:
  database_name database_size  block_size  ...  wal_size  memory_usage  memory_limit
0   postgres_db       6.4 TiB           0  ...   0 bytes      27.8 GiB     267.0 GiB
1        memory       0 bytes           0  ...   0 bytes      27.8 GiB     267.0 GiB

[2 rows x 9 columns]
2026-09-24 16:24:17.007 INFO Loading data (2016-10-08 00:00:00+00:00 -> 2016-11-07 00:00:00+00:00) done in 205.36s (real) and 147.31s (process)
2026-09-24 16:24:17.007 INFO Memory usage (start of timestep, peak): 63.11 GiB
2026-09-24 16:24:17.007 INFO Memory usage (start of timestep, current): 42.81 GiB
2026-09-24 16:24:17.007 INFO Calculating metrics
2026-09-24 16:24:17.008 INFO Calculating metric: schema_fulfillment_count
2026-09-24 16:27:24.738 INFO Calculating metric: schema_fulfillment
2026-09-24 16:27:36.494 INFO Memory usage (end of timestep, peak): 63.11 GiB
2026-09-24 16:27:36.494 INFO Memory usage (end of timestep, current): 45.20 GiB
2026-09-24 16:27:36.494 INFO (Iteration 48) schema_fulfillment_count: real 187.73s | cpu 238.92s
2026-09-24 16:27:36.494 INFO (Iteration 48) schema_fulfillment: real 11.75s | cpu 11.74s
2026-09-24 16:27:36.494 INFO Iteration 48 finished in 404.85s (real) and 397.98s (process)
2026-09-24 16:27:36.495 INFO Start timestep 2016-11-07 00:00:00+00:00 -> 2016-12-07 00:00:00+00:00
2026-09-24 16:30:48.639 INFO DuckDB memory logs:
  database_name database_size  block_size  ...  wal_size  memory_usage  memory_limit
0   postgres_db       6.4 TiB           0  ...   0 bytes      27.5 GiB     267.0 GiB
1        memory       0 bytes           0  ...   0 bytes      27.5 GiB     267.0 GiB

[2 rows x 9 columns]
2026-09-24 16:30:48.641 INFO Loading data (2016-11-07 00:00:00+00:00 -> 2016-12-07 00:00:00+00:00) done in 192.14s (real) and 140.40s (process)
2026-09-24 16:30:48.641 INFO Memory usage (start of timestep, peak): 63.11 GiB
2026-09-24 16:30:48.641 INFO Memory usage (start of timestep, current): 43.13 GiB
2026-09-24 16:30:48.641 INFO Calculating metrics
2026-09-24 16:30:48.641 INFO Calculating metric: schema_fulfillment_count
2026-09-24 16:32:01.037 INFO Calculating metric: schema_fulfillment
2026-09-24 16:32:05.735 INFO Memory usage (end of timestep, peak): 63.11 GiB
2026-09-24 16:32:05.735 INFO Memory usage (end of timestep, current): 52.54 GiB
2026-09-24 16:32:05.735 INFO (Iteration 49) schema_fulfillment_count: real 72.40s | cpu 128.91s
2026-09-24 16:32:05.735 INFO (Iteration 49) schema_fulfillment: real 4.70s | cpu 4.68s
2026-09-24 16:32:05.735 INFO Iteration 49 finished in 269.24s (real) and 273.99s (process)
2026-09-24 16:32:05.736 INFO Start timestep 2016-12-07 00:00:00+00:00 -> 2017-01-06 00:00:00+00:00
2026-09-24 16:34:47.784 INFO DuckDB memory logs:
  database_name database_size  block_size  ...  wal_size  memory_usage  memory_limit
0   postgres_db       6.4 TiB           0  ...   0 bytes      21.5 GiB     267.0 GiB
1        memory       0 bytes           0  ...   0 bytes      21.5 GiB     267.0 GiB

[2 rows x 9 columns]
2026-09-24 16:34:47.785 INFO Loading data (2016-12-07 00:00:00+00:00 -> 2017-01-06 00:00:00+00:00) done in 162.05s (real) and 115.68s (process)
2026-09-24 16:34:47.785 INFO Memory usage (start of timestep, peak): 63.11 GiB
2026-09-24 16:34:47.785 INFO Memory usage (start of timestep, current): 37.18 GiB
2026-09-24 16:34:47.785 INFO Calculating metrics
2026-09-24 16:34:47.785 INFO Calculating metric: schema_fulfillment_count
2026-09-24 16:36:08.129 INFO Calculating metric: schema_fulfillment
2026-09-24 16:36:12.849 INFO Memory usage (end of timestep, peak): 63.11 GiB
2026-09-24 16:36:12.849 INFO Memory usage (end of timestep, current): 44.42 GiB
2026-09-24 16:36:12.849 INFO (Iteration 50) schema_fulfillment_count: real 80.34s | cpu 136.57s
2026-09-24 16:36:12.850 INFO (Iteration 50) schema_fulfillment: real 4.72s | cpu 4.70s
2026-09-24 16:36:12.850 INFO Iteration 50 finished in 247.11s (real) and 256.95s (process)
2026-09-24 16:36:12.851 INFO Start timestep 2017-01-06 00:00:00+00:00 -> 2017-02-05 00:00:00+00:00
2026-09-24 16:39:58.659 INFO DuckDB memory logs:
  database_name database_size  block_size  ...  wal_size  memory_usage  memory_limit
0   postgres_db       6.4 TiB           0  ...   0 bytes      30.0 GiB     267.0 GiB
1        memory       0 bytes           0  ...   0 bytes      30.0 GiB     267.0 GiB

[2 rows x 9 columns]
2026-09-24 16:39:58.660 INFO Loading data (2017-01-06 00:00:00+00:00 -> 2017-02-05 00:00:00+00:00) done in 225.81s (real) and 161.96s (process)
2026-09-24 16:39:58.660 INFO Memory usage (start of timestep, peak): 63.11 GiB
2026-09-24 16:39:58.660 INFO Memory usage (start of timestep, current): 45.59 GiB
2026-09-24 16:39:58.660 INFO Calculating metrics
2026-09-24 16:39:58.660 INFO Calculating metric: schema_fulfillment_count
2026-09-24 16:43:19.994 INFO Calculating metric: schema_fulfillment
2026-09-24 16:43:33.831 INFO Memory usage (end of timestep, peak): 63.11 GiB
2026-09-24 16:43:33.831 INFO Memory usage (end of timestep, current): 48.05 GiB
2026-09-24 16:43:33.831 INFO (Iteration 51) schema_fulfillment_count: real 201.33s | cpu 254.29s
2026-09-24 16:43:33.831 INFO (Iteration 51) schema_fulfillment: real 13.83s | cpu 13.81s
2026-09-24 16:43:33.831 INFO Iteration 51 finished in 440.98s (real) and 430.06s (process)
2026-09-24 16:43:33.832 INFO Start timestep 2017-02-05 00:00:00+00:00 -> 2017-03-07 00:00:00+00:00
2026-09-24 16:45:22.476 INFO DuckDB memory logs:
  database_name database_size  block_size  ...  wal_size  memory_usage  memory_limit
0   postgres_db       6.4 TiB           0  ...   0 bytes      15.4 GiB     267.0 GiB
1        memory       0 bytes           0  ...   0 bytes      15.4 GiB     267.0 GiB

[2 rows x 9 columns]
2026-09-24 16:45:22.477 INFO Loading data (2017-02-05 00:00:00+00:00 -> 2017-03-07 00:00:00+00:00) done in 108.65s (real) and 78.89s (process)
2026-09-24 16:45:22.477 INFO Memory usage (start of timestep, peak): 63.11 GiB
2026-09-24 16:45:22.478 INFO Memory usage (start of timestep, current): 32.08 GiB
2026-09-24 16:45:22.478 INFO Calculating metrics
2026-09-24 16:45:22.478 INFO Calculating metric: schema_fulfillment_count
2026-09-24 16:47:18.511 INFO Calculating metric: schema_fulfillment
2026-09-24 16:47:26.760 INFO Memory usage (end of timestep, peak): 63.11 GiB
2026-09-24 16:47:26.761 INFO Memory usage (end of timestep, current): 43.13 GiB
2026-09-24 16:47:26.761 INFO (Iteration 52) schema_fulfillment_count: real 116.03s | cpu 186.77s
2026-09-24 16:47:26.761 INFO (Iteration 52) schema_fulfillment: real 8.25s | cpu 8.24s
2026-09-24 16:47:26.761 INFO Iteration 52 finished in 232.93s (real) and 273.91s (process)
2026-09-24 16:47:26.762 INFO Start timestep 2017-03-07 00:00:00+00:00 -> 2017-04-06 00:00:00+00:00
2026-09-24 16:48:29.181 INFO DuckDB memory logs:
  database_name database_size  block_size  ...  wal_size  memory_usage  memory_limit
0   postgres_db       6.4 TiB           0  ...   0 bytes       9.2 GiB     267.0 GiB
1        memory       0 bytes           0  ...   0 bytes       9.2 GiB     267.0 GiB

[2 rows x 9 columns]
2026-09-24 16:48:29.182 INFO Loading data (2017-03-07 00:00:00+00:00 -> 2017-04-06 00:00:00+00:00) done in 62.42s (real) and 45.81s (process)
2026-09-24 16:48:29.182 INFO Memory usage (start of timestep, peak): 63.11 GiB
2026-09-24 16:48:29.182 INFO Memory usage (start of timestep, current): 26.02 GiB
2026-09-24 16:48:29.182 INFO Calculating metrics
2026-09-24 16:48:29.183 INFO Calculating metric: schema_fulfillment_count
2026-09-24 16:49:35.014 INFO Calculating metric: schema_fulfillment
2026-09-24 16:49:38.453 INFO Memory usage (end of timestep, peak): 63.11 GiB
2026-09-24 16:49:38.454 INFO Memory usage (end of timestep, current): 40.41 GiB
2026-09-24 16:49:38.454 INFO (Iteration 53) schema_fulfillment_count: real 65.83s | cpu 129.53s
2026-09-24 16:49:38.454 INFO (Iteration 53) schema_fulfillment: real 3.44s | cpu 3.43s
2026-09-24 16:49:38.454 INFO Iteration 53 finished in 131.69s (real) and 178.78s (process)
2026-09-24 16:49:38.456 INFO Start timestep 2017-04-06 00:00:00+00:00 -> 2017-05-06 00:00:00+00:00
2026-09-24 16:51:11.620 INFO DuckDB memory logs:
  database_name database_size  block_size  ...  wal_size  memory_usage  memory_limit
0   postgres_db       6.4 TiB           0  ...   0 bytes      13.2 GiB     267.0 GiB
1        memory       0 bytes           0  ...   0 bytes      13.2 GiB     267.0 GiB

[2 rows x 9 columns]
2026-09-24 16:51:11.621 INFO Loading data (2017-04-06 00:00:00+00:00 -> 2017-05-06 00:00:00+00:00) done in 93.17s (real) and 67.26s (process)
2026-09-24 16:51:11.622 INFO Memory usage (start of timestep, peak): 63.11 GiB
2026-09-24 16:51:11.622 INFO Memory usage (start of timestep, current): 29.87 GiB
2026-09-24 16:51:11.622 INFO Calculating metrics
2026-09-24 16:51:11.622 INFO Calculating metric: schema_fulfillment_count
2026-09-24 16:52:46.527 INFO Calculating metric: schema_fulfillment
2026-09-24 16:52:51.288 INFO Memory usage (end of timestep, peak): 67.70 GiB
2026-09-24 16:52:51.288 INFO Memory usage (end of timestep, current): 30.75 GiB
2026-09-24 16:52:51.288 INFO (Iteration 54) schema_fulfillment_count: real 94.90s | cpu 189.36s
2026-09-24 16:52:51.288 INFO (Iteration 54) schema_fulfillment: real 4.76s | cpu 4.76s
2026-09-24 16:52:51.288 INFO Iteration 54 finished in 192.83s (real) and 261.38s (process)
2026-09-24 16:52:51.289 INFO Start timestep 2017-05-06 00:00:00+00:00 -> 2017-06-05 00:00:00+00:00
2026-09-24 16:54:52.132 INFO DuckDB memory logs:
  database_name database_size  block_size  ...  wal_size  memory_usage  memory_limit
0   postgres_db       6.4 TiB           0  ...   0 bytes      17.4 GiB     267.0 GiB
1        memory       0 bytes           0  ...   0 bytes      17.4 GiB     267.0 GiB

[2 rows x 9 columns]
2026-09-24 16:54:52.133 INFO Loading data (2017-05-06 00:00:00+00:00 -> 2017-06-05 00:00:00+00:00) done in 120.84s (real) and 87.00s (process)
2026-09-24 16:54:52.133 INFO Memory usage (start of timestep, peak): 67.70 GiB
2026-09-24 16:54:52.133 INFO Memory usage (start of timestep, current): 34.21 GiB
2026-09-24 16:54:52.134 INFO Calculating metrics
2026-09-24 16:54:52.134 INFO Calculating metric: schema_fulfillment_count
Warning: (SchemaFulfillmentCount) Unsupported IriStem prefix https://stackoverflow.com/tags
Warning: (SchemaFulfillmentCount) Unsupported IriStem prefix https://stackoverflow.com/tags
Warning: (SchemaFulfillmentCount) Unsupported IriStem prefix https://stackoverflow.com/tags
Warning: (SchemaFulfillmentCount) Unsupported IriStem prefix https://stackoverflow.com/tags
Warning: (SchemaFulfillmentCount) Unsupported IriStem prefix https://stackoverflow.com/tags
Warning: (SchemaFulfillmentCount) Unsupported IriStem prefix https://stackoverflow.com/tags
Warning: (SchemaFulfillmentCount) Unsupported IriStem prefix https://stackoverflow.com/tags
Warning: (SchemaFulfillmentCount) Unsupported IriStem prefix https://stackoverflow.com/tags
2026-09-24 16:57:05.222 INFO Calculating metric: schema_fulfillment
2026-09-24 16:57:09.546 INFO Memory usage (end of timestep, peak): 68.06 GiB
2026-09-24 16:57:09.546 INFO Memory usage (end of timestep, current): 34.85 GiB
2026-09-24 16:57:09.546 INFO (Iteration 55) schema_fulfillment_count: real 133.09s | cpu 225.03s
2026-09-24 16:57:09.546 INFO (Iteration 55) schema_fulfillment: real 4.32s | cpu 4.31s
2026-09-24 16:57:09.546 INFO Iteration 55 finished in 258.26s (real) and 316.34s (process)
2026-09-24 16:57:09.549 INFO Start timestep 2017-06-05 00:00:00+00:00 -> 2017-07-05 00:00:00+00:00
2026-09-24 17:01:19.341 INFO DuckDB memory logs:
  database_name database_size  block_size  ...  wal_size  memory_usage  memory_limit
0   postgres_db       6.4 TiB           0  ...   0 bytes      30.7 GiB     267.0 GiB
1        memory       0 bytes           0  ...   0 bytes      30.7 GiB     267.0 GiB

[2 rows x 9 columns]
2026-09-24 17:01:19.342 INFO Loading data (2017-06-05 00:00:00+00:00 -> 2017-07-05 00:00:00+00:00) done in 249.79s (real) and 174.13s (process)
2026-09-24 17:01:19.342 INFO Memory usage (start of timestep, peak): 68.06 GiB
2026-09-24 17:01:19.343 INFO Memory usage (start of timestep, current): 47.36 GiB
2026-09-24 17:01:19.343 INFO Calculating metrics
2026-09-24 17:01:19.343 INFO Calculating metric: schema_fulfillment_count
Warning: (SchemaFulfillmentCount) Unsupported IriStem prefix https:/
Warning: (SchemaFulfillmentCount) Unsupported IriStem prefix https:/
Warning: (SchemaFulfillmentCount) Unsupported type of allowed value constraint in entity schemas: http://www.w3.org/2001/XMLSchema#dateTime
Warning: (SchemaFulfillmentCount) Unsupported IriStem prefix http://movatwitter.jugem.jp
Warning: (SchemaFulfillmentCount) Unsupported IriStem prefix http://movatwitter.jugem.jp
2026-09-24 17:09:09.886 INFO Calculating metric: schema_fulfillment
2026-09-24 17:09:42.363 INFO Memory usage (end of timestep, peak): 68.06 GiB
2026-09-24 17:09:42.364 INFO Memory usage (end of timestep, current): 51.26 GiB
2026-09-24 17:09:42.364 INFO (Iteration 56) schema_fulfillment_count: real 470.54s | cpu 534.47s
2026-09-24 17:09:42.364 INFO (Iteration 56) schema_fulfillment: real 32.48s | cpu 32.46s
2026-09-24 17:09:42.364 INFO Iteration 56 finished in 752.81s (real) and 741.06s (process)
2026-09-24 17:09:42.365 INFO Start timestep 2017-07-05 00:00:00+00:00 -> 2017-08-04 00:00:00+00:00
2026-09-24 17:15:08.217 INFO DuckDB memory logs:
  database_name database_size  block_size  ...  wal_size  memory_usage  memory_limit
0   postgres_db       6.4 TiB           0  ...   0 bytes      43.6 GiB     267.0 GiB
1        memory       0 bytes           0  ...   0 bytes      43.6 GiB     267.0 GiB

[2 rows x 9 columns]
2026-09-24 17:15:08.218 INFO Loading data (2017-07-05 00:00:00+00:00 -> 2017-08-04 00:00:00+00:00) done in 325.85s (real) and 238.25s (process)
2026-09-24 17:15:08.218 INFO Memory usage (start of timestep, peak): 68.06 GiB
2026-09-24 17:15:08.218 INFO Memory usage (start of timestep, current): 61.93 GiB
2026-09-24 17:15:08.218 INFO Calculating metrics
2026-09-24 17:15:08.219 INFO Calculating metric: schema_fulfillment_count
2026-09-24 17:29:16.382 INFO Calculating metric: schema_fulfillment
2026-09-24 17:30:20.322 INFO Memory usage (end of timestep, peak): 76.33 GiB
2026-09-24 17:30:20.323 INFO Memory usage (end of timestep, current): 69.86 GiB
2026-09-24 17:30:20.323 INFO (Iteration 57) schema_fulfillment_count: real 848.16s | cpu 935.90s
2026-09-24 17:30:20.323 INFO (Iteration 57) schema_fulfillment: real 63.94s | cpu 63.92s
2026-09-24 17:30:20.323 INFO Iteration 57 finished in 1237.96s (real) and 1238.07s (process)
2026-09-24 17:30:20.324 INFO Start timestep 2017-08-04 00:00:00+00:00 -> 2017-09-03 00:00:00+00:00
2026-09-24 17:40:57.419 INFO DuckDB memory logs:
  database_name database_size  block_size  ...  wal_size  memory_usage  memory_limit
0   postgres_db       6.4 TiB           0  ...   0 bytes      79.4 GiB     267.0 GiB
1        memory       0 bytes           0  ...   0 bytes      79.4 GiB     267.0 GiB

[2 rows x 9 columns]
2026-09-24 17:40:57.420 INFO Loading data (2017-08-04 00:00:00+00:00 -> 2017-09-03 00:00:00+00:00) done in 637.10s (real) and 464.58s (process)
2026-09-24 17:40:57.420 INFO Memory usage (start of timestep, peak): 103.17 GiB
2026-09-24 17:40:57.420 INFO Memory usage (start of timestep, current): 103.17 GiB
2026-09-24 17:40:57.420 INFO Calculating metrics
2026-09-24 17:40:57.420 INFO Calculating metric: schema_fulfillment_count
2026-09-24 18:11:01.521 INFO Calculating metric: schema_fulfillment
2026-09-24 18:13:44.481 INFO Memory usage (end of timestep, peak): 124.03 GiB
2026-09-24 18:13:44.483 INFO Memory usage (end of timestep, current): 110.99 GiB
2026-09-24 18:13:44.483 INFO (Iteration 58) schema_fulfillment_count: real 1804.10s | cpu 1951.01s
2026-09-24 18:13:44.483 INFO (Iteration 58) schema_fulfillment: real 162.96s | cpu 162.59s
2026-09-24 18:13:44.483 INFO Iteration 58 finished in 2604.16s (real) and 2578.18s (process)
2026-09-24 18:13:44.484 INFO Start timestep 2017-09-03 00:00:00+00:00 -> 2017-10-03 00:00:00+00:00
2026-09-24 18:30:37.551 INFO DuckDB memory logs:
  database_name database_size  block_size  ...  wal_size  memory_usage  memory_limit
0   postgres_db       6.4 TiB           0  ...   0 bytes     132.1 GiB     267.0 GiB
1        memory       0 bytes           0  ...   0 bytes     132.1 GiB     267.0 GiB

[2 rows x 9 columns]
2026-09-24 18:30:37.552 INFO Loading data (2017-09-03 00:00:00+00:00 -> 2017-10-03 00:00:00+00:00) done in 1013.07s (real) and 804.60s (process)
2026-09-24 18:30:37.553 INFO Memory usage (start of timestep, peak): 162.19 GiB
2026-09-24 18:30:37.553 INFO Memory usage (start of timestep, current): 162.20 GiB
2026-09-24 18:30:37.553 INFO Calculating metrics
2026-09-24 18:30:37.553 INFO Calculating metric: schema_fulfillment_count
Warning: (SchemaFulfillmentCount) Unsupported IriStem prefix https://stackoverflow.com/tags
2026-09-24 18:59:28.786 INFO Calculating metric: schema_fulfillment
2026-09-24 19:02:13.446 INFO Memory usage (end of timestep, peak): 180.11 GiB
2026-09-24 19:02:13.449 INFO Memory usage (end of timestep, current): 167.88 GiB
2026-09-24 19:02:13.449 INFO (Iteration 59) schema_fulfillment_count: real 1731.23s | cpu 1868.05s
2026-09-24 19:02:13.449 INFO (Iteration 59) schema_fulfillment: real 164.66s | cpu 164.45s
2026-09-24 19:02:13.449 INFO Iteration 59 finished in 2908.97s (real) and 2837.10s (process)
2026-09-24 19:02:13.450 INFO Start timestep 2017-10-03 00:00:00+00:00 -> 2017-11-02 00:00:00+00:00
2026-09-24 19:06:05.624 INFO DuckDB memory logs:
  database_name database_size  block_size  ...  wal_size  memory_usage  memory_limit
0   postgres_db       6.4 TiB           0  ...   0 bytes      30.4 GiB     267.0 GiB
1        memory       0 bytes           0  ...   0 bytes      30.4 GiB     267.0 GiB

[2 rows x 9 columns]
2026-09-24 19:06:05.625 INFO Loading data (2017-10-03 00:00:00+00:00 -> 2017-11-02 00:00:00+00:00) done in 232.17s (real) and 176.82s (process)
2026-09-24 19:06:05.625 INFO Memory usage (start of timestep, peak): 180.11 GiB
2026-09-24 19:06:05.626 INFO Memory usage (start of timestep, current): 67.65 GiB
2026-09-24 19:06:05.626 INFO Calculating metrics
2026-09-24 19:06:05.626 INFO Calculating metric: schema_fulfillment_count
2026-09-24 19:14:12.456 INFO Calculating metric: schema_fulfillment
2026-09-24 19:14:50.690 INFO Memory usage (end of timestep, peak): 180.11 GiB
2026-09-24 19:14:50.691 INFO Memory usage (end of timestep, current): 68.65 GiB
2026-09-24 19:14:50.691 INFO (Iteration 60) schema_fulfillment_count: real 486.83s | cpu 550.06s
2026-09-24 19:14:50.691 INFO (Iteration 60) schema_fulfillment: real 38.23s | cpu 38.22s
2026-09-24 19:14:50.691 INFO Iteration 60 finished in 757.24s (real) and 765.11s (process)
2026-09-24 19:14:50.692 INFO Start timestep 2017-11-02 00:00:00+00:00 -> 2017-12-02 00:00:00+00:00
2026-09-24 19:20:11.651 INFO DuckDB memory logs:
  database_name database_size  block_size  ...  wal_size  memory_usage  memory_limit
0   postgres_db       6.4 TiB           0  ...   0 bytes      39.3 GiB     267.0 GiB
1        memory       0 bytes           0  ...   0 bytes      39.3 GiB     267.0 GiB

[2 rows x 9 columns]
2026-09-24 19:20:11.653 INFO Loading data (2017-11-02 00:00:00+00:00 -> 2017-12-02 00:00:00+00:00) done in 320.96s (real) and 228.70s (process)
2026-09-24 19:20:11.653 INFO Memory usage (start of timestep, peak): 180.11 GiB
2026-09-24 19:20:11.653 INFO Memory usage (start of timestep, current): 75.63 GiB
2026-09-24 19:20:11.653 INFO Calculating metrics
2026-09-24 19:20:11.654 INFO Calculating metric: schema_fulfillment_count
Warning: (SchemaFulfillmentCount) Unsupported IriStem prefix https://stackoverflow.com/tags
Warning: (SchemaFulfillmentCount) Unsupported IriStem prefix https://stackoverflow.com/tags
Warning: (SchemaFulfillmentCount) Unsupported IriStem prefix https://stackoverflow.com/tags
Warning: (SchemaFulfillmentCount) Unsupported IriStem prefix https://stackoverflow.com/tags
2026-09-24 19:34:06.998 INFO Calculating metric: schema_fulfillment
2026-09-24 19:35:12.581 INFO Memory usage (end of timestep, peak): 180.11 GiB
2026-09-24 19:35:12.582 INFO Memory usage (end of timestep, current): 81.36 GiB
2026-09-24 19:35:12.582 INFO (Iteration 61) schema_fulfillment_count: real 835.34s | cpu 918.07s
2026-09-24 19:35:12.582 INFO (Iteration 61) schema_fulfillment: real 65.58s | cpu 65.54s
2026-09-24 19:35:12.582 INFO Iteration 61 finished in 1221.89s (real) and 1212.31s (process)
2026-09-24 19:35:12.583 INFO Start timestep 2017-12-02 00:00:00+00:00 -> 2018-01-01 00:00:00+00:00
2026-09-24 19:42:07.290 INFO DuckDB memory logs:
  database_name database_size  block_size  ...  wal_size  memory_usage  memory_limit
0   postgres_db       6.4 TiB           0  ...   0 bytes      54.6 GiB     267.0 GiB
1        memory       0 bytes           0  ...   0 bytes      54.6 GiB     267.0 GiB

[2 rows x 9 columns]
2026-09-24 19:42:07.291 INFO Loading data (2017-12-02 00:00:00+00:00 -> 2018-01-01 00:00:00+00:00) done in 414.71s (real) and 304.76s (process)
2026-09-24 19:42:07.291 INFO Memory usage (start of timestep, peak): 180.11 GiB
2026-09-24 19:42:07.292 INFO Memory usage (start of timestep, current): 93.98 GiB
2026-09-24 19:42:07.292 INFO Calculating metrics
2026-09-24 19:42:07.292 INFO Calculating metric: schema_fulfillment_count
2026-09-24 20:03:07.449 INFO Calculating metric: schema_fulfillment
2026-09-24 20:04:55.073 INFO Memory usage (end of timestep, peak): 180.11 GiB
2026-09-24 20:04:55.075 INFO Memory usage (end of timestep, current): 105.19 GiB
2026-09-24 20:04:55.075 INFO (Iteration 62) schema_fulfillment_count: real 1260.16s | cpu 1355.43s
2026-09-24 20:04:55.075 INFO (Iteration 62) schema_fulfillment: real 107.62s | cpu 107.59s
2026-09-24 20:04:55.075 INFO Iteration 62 finished in 1782.49s (real) and 1767.78s (process)
2026-09-24 20:04:55.076 INFO Start timestep 2018-01-01 00:00:00+00:00 -> 2018-01-31 00:00:00+00:00
2026-09-24 20:07:02.612 INFO DuckDB memory logs:
  database_name database_size  block_size  ...  wal_size  memory_usage  memory_limit
0   postgres_db       6.4 TiB           0  ...   0 bytes      16.9 GiB     267.0 GiB
1        memory       0 bytes           0  ...   0 bytes      16.9 GiB     267.0 GiB

[2 rows x 9 columns]
2026-09-24 20:07:02.613 INFO Loading data (2018-01-01 00:00:00+00:00 -> 2018-01-31 00:00:00+00:00) done in 127.54s (real) and 92.73s (process)
2026-09-24 20:07:02.614 INFO Memory usage (start of timestep, peak): 180.11 GiB
2026-09-24 20:07:02.614 INFO Memory usage (start of timestep, current): 67.72 GiB
2026-09-24 20:07:02.614 INFO Calculating metrics
2026-09-24 20:07:02.614 INFO Calculating metric: schema_fulfillment_count
2026-09-24 20:10:44.271 INFO Calculating metric: schema_fulfillment
2026-09-24 20:10:59.793 INFO Memory usage (end of timestep, peak): 180.11 GiB
2026-09-24 20:10:59.794 INFO Memory usage (end of timestep, current): 66.58 GiB
2026-09-24 20:10:59.794 INFO (Iteration 63) schema_fulfillment_count: real 221.66s | cpu 310.58s
2026-09-24 20:10:59.794 INFO (Iteration 63) schema_fulfillment: real 15.52s | cpu 15.49s
2026-09-24 20:10:59.794 INFO Iteration 63 finished in 364.72s (real) and 418.80s (process)
2026-09-24 20:10:59.795 INFO Start timestep 2018-01-31 00:00:00+00:00 -> 2018-03-02 00:00:00+00:00
2026-09-24 20:17:55.830 INFO DuckDB memory logs:
  database_name database_size  block_size  ...  wal_size  memory_usage  memory_limit
0   postgres_db       6.4 TiB           0  ...   0 bytes      53.1 GiB     267.0 GiB
1        memory       0 bytes           0  ...   0 bytes      53.1 GiB     267.0 GiB

[2 rows x 9 columns]
2026-09-24 20:17:55.831 INFO Loading data (2018-01-31 00:00:00+00:00 -> 2018-03-02 00:00:00+00:00) done in 416.04s (real) and 297.94s (process)
2026-09-24 20:17:55.832 INFO Memory usage (start of timestep, peak): 180.11 GiB
2026-09-24 20:17:55.832 INFO Memory usage (start of timestep, current): 101.29 GiB
2026-09-24 20:17:55.832 INFO Calculating metrics
2026-09-24 20:17:55.832 INFO Calculating metric: schema_fulfillment_count
2026-09-24 20:33:56.037 INFO Calculating metric: schema_fulfillment
2026-09-24 20:35:13.756 INFO Memory usage (end of timestep, peak): 180.11 GiB
2026-09-24 20:35:13.757 INFO Memory usage (end of timestep, current): 107.07 GiB
2026-09-24 20:35:13.758 INFO (Iteration 64) schema_fulfillment_count: real 960.20s | cpu 1043.65s
2026-09-24 20:35:13.758 INFO (Iteration 64) schema_fulfillment: real 77.72s | cpu 77.67s
2026-09-24 20:35:13.758 INFO Iteration 64 finished in 1453.96s (real) and 1419.26s (process)
2026-09-24 20:35:13.760 INFO Start timestep 2018-03-02 00:00:00+00:00 -> 2018-04-01 00:00:00+00:00
2026-09-24 20:40:58.430 INFO DuckDB memory logs:
  database_name database_size  block_size  ...  wal_size  memory_usage  memory_limit
0   postgres_db       6.4 TiB           0  ...   0 bytes      42.0 GiB     267.0 GiB
1        memory       0 bytes           0  ...   0 bytes      42.0 GiB     267.0 GiB

[2 rows x 9 columns]
2026-09-24 20:40:58.431 INFO Loading data (2018-03-02 00:00:00+00:00 -> 2018-04-01 00:00:00+00:00) done in 344.67s (real) and 247.37s (process)
2026-09-24 20:40:58.431 INFO Memory usage (start of timestep, peak): 180.11 GiB
2026-09-24 20:40:58.431 INFO Memory usage (start of timestep, current): 95.24 GiB
2026-09-24 20:40:58.431 INFO Calculating metrics
2026-09-24 20:40:58.431 INFO Calculating metric: schema_fulfillment_count
2026-09-24 20:47:18.207 INFO Calculating metric: schema_fulfillment
2026-09-24 20:47:47.187 INFO Memory usage (end of timestep, peak): 180.11 GiB
2026-09-24 20:47:47.187 INFO Memory usage (end of timestep, current): 97.56 GiB
2026-09-24 20:47:47.187 INFO (Iteration 65) schema_fulfillment_count: real 379.78s | cpu 439.31s
2026-09-24 20:47:47.187 INFO (Iteration 65) schema_fulfillment: real 28.98s | cpu 28.96s
2026-09-24 20:47:47.187 INFO Iteration 65 finished in 753.43s (real) and 715.65s (process)
2026-09-24 20:47:47.189 INFO Start timestep 2018-04-01 00:00:00+00:00 -> 2018-05-01 00:00:00+00:00
2026-09-24 20:51:36.326 INFO DuckDB memory logs:
  database_name database_size  block_size  ...  wal_size  memory_usage  memory_limit
0   postgres_db       6.4 TiB           0  ...   0 bytes      29.7 GiB     267.0 GiB
1        memory       0 bytes           0  ...   0 bytes      29.7 GiB     267.0 GiB

[2 rows x 9 columns]
2026-09-24 20:51:36.327 INFO Loading data (2018-04-01 00:00:00+00:00 -> 2018-05-01 00:00:00+00:00) done in 229.14s (real) and 200.40s (process)
2026-09-24 20:51:36.328 INFO Memory usage (start of timestep, peak): 180.11 GiB
2026-09-24 20:51:36.335 INFO Memory usage (start of timestep, current): 83.45 GiB
2026-09-24 20:51:36.335 INFO Calculating metrics
2026-09-24 20:51:36.335 INFO Calculating metric: schema_fulfillment_count
2026-09-24 21:04:22.618 INFO Calculating metric: schema_fulfillment
2026-09-24 21:05:14.226 INFO Memory usage (end of timestep, peak): 180.11 GiB
2026-09-24 21:05:14.227 INFO Memory usage (end of timestep, current): 87.09 GiB
2026-09-24 21:05:14.227 INFO (Iteration 66) schema_fulfillment_count: real 766.28s | cpu 837.07s
2026-09-24 21:05:14.227 INFO (Iteration 66) schema_fulfillment: real 51.61s | cpu 51.56s
2026-09-24 21:05:14.227 INFO Iteration 66 finished in 1047.04s (real) and 1089.05s (process)
2026-09-24 21:05:14.228 INFO Start timestep 2018-05-01 00:00:00+00:00 -> 2018-05-31 00:00:00+00:00
2026-09-24 21:11:53.805 INFO DuckDB memory logs:
  database_name database_size  block_size  ...  wal_size  memory_usage  memory_limit
0   postgres_db       6.4 TiB           0  ...   0 bytes      50.2 GiB     267.0 GiB
1        memory       0 bytes           0  ...   0 bytes      50.2 GiB     267.0 GiB

[2 rows x 9 columns]
2026-09-24 21:11:53.807 INFO Loading data (2018-05-01 00:00:00+00:00 -> 2018-05-31 00:00:00+00:00) done in 399.58s (real) and 286.83s (process)
2026-09-24 21:11:53.807 INFO Memory usage (start of timestep, peak): 180.11 GiB
2026-09-24 21:11:53.807 INFO Memory usage (start of timestep, current): 105.82 GiB
2026-09-24 21:11:53.807 INFO Calculating metrics
2026-09-24 21:11:53.807 INFO Calculating metric: schema_fulfillment_count
2026-09-24 21:24:56.000 INFO Calculating metric: schema_fulfillment
2026-09-24 21:25:58.959 INFO Memory usage (end of timestep, peak): 180.11 GiB
2026-09-24 21:25:58.959 INFO Memory usage (end of timestep, current): 109.24 GiB
2026-09-24 21:25:58.959 INFO (Iteration 67) schema_fulfillment_count: real 782.19s | cpu 869.32s
2026-09-24 21:25:58.960 INFO (Iteration 67) schema_fulfillment: real 62.96s | cpu 62.94s
2026-09-24 21:25:58.960 INFO Iteration 67 finished in 1244.73s (real) and 1219.10s (process)
2026-09-24 21:25:58.961 INFO Start timestep 2018-05-31 00:00:00+00:00 -> 2018-06-30 00:00:00+00:00
2026-09-24 21:32:08.000 INFO DuckDB memory logs:
  database_name database_size  block_size  ...  wal_size  memory_usage  memory_limit
0   postgres_db       6.4 TiB           0  ...   0 bytes      46.9 GiB     267.0 GiB
1        memory       0 bytes           0  ...   0 bytes      46.9 GiB     267.0 GiB

[2 rows x 9 columns]
2026-09-24 21:32:08.001 INFO Loading data (2018-05-31 00:00:00+00:00 -> 2018-06-30 00:00:00+00:00) done in 369.04s (real) and 264.47s (process)
2026-09-24 21:32:08.001 INFO Memory usage (start of timestep, peak): 180.11 GiB
2026-09-24 21:32:08.001 INFO Memory usage (start of timestep, current): 105.35 GiB
2026-09-24 21:32:08.001 INFO Calculating metrics
2026-09-24 21:32:08.001 INFO Calculating metric: schema_fulfillment_count
Warning: (SchemaFulfillmentCount) Unsupported IriStem prefix http://commons.wikimedia.org/data/main
2026-09-24 21:35:36.455 INFO Calculating metric: schema_fulfillment
2026-09-24 21:35:54.268 INFO Memory usage (end of timestep, peak): 180.11 GiB
2026-09-24 21:35:54.268 INFO Memory usage (end of timestep, current): 106.35 GiB
2026-09-24 21:35:54.268 INFO (Iteration 68) schema_fulfillment_count: real 208.45s | cpu 267.13s
2026-09-24 21:35:54.268 INFO (Iteration 68) schema_fulfillment: real 17.81s | cpu 17.79s
2026-09-24 21:35:54.268 INFO Iteration 68 finished in 595.31s (real) and 549.40s (process)
2026-09-24 21:35:54.269 INFO Start timestep 2018-06-30 00:00:00+00:00 -> 2018-07-30 00:00:00+00:00
2026-09-24 21:43:25.821 INFO DuckDB memory logs:
  database_name database_size  block_size  ...  wal_size  memory_usage  memory_limit
0   postgres_db       6.4 TiB           0  ...   0 bytes      58.1 GiB     267.0 GiB
1        memory       0 bytes           0  ...   0 bytes      58.1 GiB     267.0 GiB

[2 rows x 9 columns]
2026-09-24 21:43:25.822 INFO Loading data (2018-06-30 00:00:00+00:00 -> 2018-07-30 00:00:00+00:00) done in 451.55s (real) and 332.14s (process)
2026-09-24 21:43:25.822 INFO Memory usage (start of timestep, peak): 180.11 GiB
2026-09-24 21:43:25.822 INFO Memory usage (start of timestep, current): 115.85 GiB
2026-09-24 21:43:25.822 INFO Calculating metrics
2026-09-24 21:43:25.822 INFO Calculating metric: schema_fulfillment_count
2026-09-24 21:46:33.012 INFO Calculating metric: schema_fulfillment
2026-09-24 21:46:49.346 INFO Memory usage (end of timestep, peak): 180.11 GiB
2026-09-24 21:46:49.347 INFO Memory usage (end of timestep, current): 118.30 GiB
2026-09-24 21:46:49.347 INFO (Iteration 69) schema_fulfillment_count: real 187.19s | cpu 253.75s
2026-09-24 21:46:49.347 INFO (Iteration 69) schema_fulfillment: real 16.33s | cpu 16.33s
2026-09-24 21:46:49.347 INFO Iteration 69 finished in 655.08s (real) and 602.22s (process)
2026-09-24 21:46:49.348 INFO Start timestep 2018-07-30 00:00:00+00:00 -> 2018-08-29 00:00:00+00:00
2026-09-24 21:52:30.510 INFO DuckDB memory logs:
  database_name database_size  block_size  ...  wal_size  memory_usage  memory_limit
0   postgres_db       6.4 TiB           0  ...   0 bytes      42.7 GiB     267.0 GiB
1        memory       0 bytes           0  ...   0 bytes      42.7 GiB     267.0 GiB

[2 rows x 9 columns]
2026-09-24 21:52:30.511 INFO Loading data (2018-07-30 00:00:00+00:00 -> 2018-08-29 00:00:00+00:00) done in 341.16s (real) and 245.74s (process)
2026-09-24 21:52:30.512 INFO Memory usage (start of timestep, peak): 180.11 GiB
2026-09-24 21:52:30.512 INFO Memory usage (start of timestep, current): 100.92 GiB
2026-09-24 21:52:30.512 INFO Calculating metrics
2026-09-24 21:52:30.512 INFO Calculating metric: schema_fulfillment_count
2026-09-24 21:55:22.879 INFO Calculating metric: schema_fulfillment
2026-09-24 21:55:37.072 INFO Memory usage (end of timestep, peak): 180.11 GiB
2026-09-24 21:55:37.072 INFO Memory usage (end of timestep, current): 103.10 GiB
2026-09-24 21:55:37.072 INFO (Iteration 70) schema_fulfillment_count: real 172.37s | cpu 228.50s
2026-09-24 21:55:37.072 INFO (Iteration 70) schema_fulfillment: real 14.19s | cpu 14.16s
2026-09-24 21:55:37.072 INFO Iteration 70 finished in 527.72s (real) and 488.40s (process)
2026-09-24 21:55:37.073 INFO Start timestep 2018-08-29 00:00:00+00:00 -> 2018-09-28 00:00:00+00:00
2026-09-24 22:02:43.236 INFO DuckDB memory logs:
  database_name database_size  block_size  ...  wal_size  memory_usage  memory_limit
0   postgres_db       6.4 TiB           0  ...   0 bytes      53.6 GiB     267.0 GiB
1        memory       0 bytes           0  ...   0 bytes      53.6 GiB     267.0 GiB

[2 rows x 9 columns]
2026-09-24 22:02:43.237 INFO Loading data (2018-08-29 00:00:00+00:00 -> 2018-09-28 00:00:00+00:00) done in 426.16s (real) and 305.01s (process)
2026-09-24 22:02:43.237 INFO Memory usage (start of timestep, peak): 180.11 GiB
2026-09-24 22:02:43.237 INFO Memory usage (start of timestep, current): 112.00 GiB
2026-09-24 22:02:43.237 INFO Calculating metrics
2026-09-24 22:02:43.238 INFO Calculating metric: schema_fulfillment_count
Warning: (SchemaFulfillmentCount) Unsupported IriStem prefix http://movatwitter.jugem.jp
Warning: (SchemaFulfillmentCount) Unsupported IriStem prefix http://movatwitter.jugem.jp
2026-09-24 22:05:07.562 INFO Calculating metric: schema_fulfillment
2026-09-24 22:05:20.978 INFO Memory usage (end of timestep, peak): 180.11 GiB
2026-09-24 22:05:20.978 INFO Memory usage (end of timestep, current): 113.64 GiB
2026-09-24 22:05:20.978 INFO (Iteration 71) schema_fulfillment_count: real 144.32s | cpu 213.98s
2026-09-24 22:05:20.978 INFO (Iteration 71) schema_fulfillment: real 13.41s | cpu 13.41s
2026-09-24 22:05:20.978 INFO Iteration 71 finished in 583.90s (real) and 532.39s (process)
2026-09-24 22:05:20.981 INFO Start timestep 2018-09-28 00:00:00+00:00 -> 2018-10-28 00:00:00+00:00
2026-09-24 22:16:54.756 INFO DuckDB memory logs:
  database_name database_size  block_size  ...  wal_size  memory_usage  memory_limit
0   postgres_db       6.4 TiB           0  ...   0 bytes      85.1 GiB     267.0 GiB
1        memory       0 bytes           0  ...   0 bytes      85.1 GiB     267.0 GiB

[2 rows x 9 columns]
2026-09-24 22:16:54.757 INFO Loading data (2018-09-28 00:00:00+00:00 -> 2018-10-28 00:00:00+00:00) done in 693.78s (real) and 519.86s (process)
2026-09-24 22:16:54.757 INFO Memory usage (start of timestep, peak): 180.11 GiB
2026-09-24 22:16:54.757 INFO Memory usage (start of timestep, current): 143.11 GiB
2026-09-24 22:16:54.757 INFO Calculating metrics
2026-09-24 22:16:54.757 INFO Calculating metric: schema_fulfillment_count
2026-09-24 22:27:47.042 INFO Calculating metric: schema_fulfillment
2026-09-24 22:28:40.055 INFO Memory usage (end of timestep, peak): 180.11 GiB
2026-09-24 22:28:40.056 INFO Memory usage (end of timestep, current): 146.77 GiB
2026-09-24 22:28:40.056 INFO (Iteration 72) schema_fulfillment_count: real 652.28s | cpu 743.47s
2026-09-24 22:28:40.056 INFO (Iteration 72) schema_fulfillment: real 53.01s | cpu 53.00s
2026-09-24 22:28:40.056 INFO Iteration 72 finished in 1399.08s (real) and 1316.33s (process)
2026-09-24 22:28:40.057 INFO Start timestep 2018-10-28 00:00:00+00:00 -> 2018-11-27 00:00:00+00:00
2026-09-24 22:32:48.127 INFO DuckDB memory logs:
  database_name database_size  block_size  ...  wal_size  memory_usage  memory_limit
0   postgres_db       6.4 TiB           0  ...   0 bytes      36.0 GiB     267.0 GiB
1        memory       0 bytes           0  ...   0 bytes      36.0 GiB     267.0 GiB

[2 rows x 9 columns]
2026-09-24 22:32:48.128 INFO Loading data (2018-10-28 00:00:00+00:00 -> 2018-11-27 00:00:00+00:00) done in 248.07s (real) and 189.75s (process)
2026-09-24 22:32:48.129 INFO Memory usage (start of timestep, peak): 180.11 GiB
2026-09-24 22:32:48.129 INFO Memory usage (start of timestep, current): 97.42 GiB
2026-09-24 22:32:48.129 INFO Calculating metrics
2026-09-24 22:32:48.129 INFO Calculating metric: schema_fulfillment_count
2026-09-24 22:44:03.426 INFO Calculating metric: schema_fulfillment
2026-09-24 22:44:59.570 INFO Memory usage (end of timestep, peak): 180.11 GiB
2026-09-24 22:44:59.571 INFO Memory usage (end of timestep, current): 101.78 GiB
2026-09-24 22:44:59.571 INFO (Iteration 73) schema_fulfillment_count: real 675.30s | cpu 751.64s
2026-09-24 22:44:59.571 INFO (Iteration 73) schema_fulfillment: real 56.13s | cpu 56.10s
2026-09-24 22:44:59.571 INFO Iteration 73 finished in 979.51s (real) and 997.50s (process)
2026-09-24 22:44:59.572 INFO Start timestep 2018-11-27 00:00:00+00:00 -> 2018-12-27 00:00:00+00:00
2026-09-24 22:49:47.285 INFO DuckDB memory logs:
  database_name database_size  block_size  ...  wal_size  memory_usage  memory_limit
0   postgres_db       6.4 TiB           0  ...   0 bytes      36.3 GiB     267.0 GiB
1        memory       0 bytes           0  ...   0 bytes      36.3 GiB     267.0 GiB

[2 rows x 9 columns]
2026-09-24 22:49:47.286 INFO Loading data (2018-11-27 00:00:00+00:00 -> 2018-12-27 00:00:00+00:00) done in 287.71s (real) and 205.95s (process)
2026-09-24 22:49:47.286 INFO Memory usage (start of timestep, peak): 180.11 GiB
2026-09-24 22:49:47.287 INFO Memory usage (start of timestep, current): 100.46 GiB
2026-09-24 22:49:47.287 INFO Calculating metrics
2026-09-24 22:49:47.287 INFO Calculating metric: schema_fulfillment_count
2026-09-24 22:55:38.473 INFO Calculating metric: schema_fulfillment
2026-09-24 22:56:10.661 INFO Memory usage (end of timestep, peak): 180.11 GiB
2026-09-24 22:56:10.661 INFO Memory usage (end of timestep, current): 103.06 GiB
2026-09-24 22:56:10.661 INFO (Iteration 74) schema_fulfillment_count: real 351.19s | cpu 413.76s
2026-09-24 22:56:10.661 INFO (Iteration 74) schema_fulfillment: real 32.19s | cpu 32.14s
2026-09-24 22:56:10.661 INFO Iteration 74 finished in 671.09s (real) and 651.85s (process)
2026-09-24 22:56:10.663 INFO Start timestep 2018-12-27 00:00:00+00:00 -> 2019-01-26 00:00:00+00:00
2026-09-24 22:59:34.484 INFO DuckDB memory logs:
  database_name database_size  block_size  ...  wal_size  memory_usage  memory_limit
0   postgres_db       6.4 TiB           0  ...   0 bytes      23.4 GiB     267.0 GiB
1        memory       0 bytes           0  ...   0 bytes      23.4 GiB     267.0 GiB

[2 rows x 9 columns]
2026-09-24 22:59:34.485 INFO Loading data (2018-12-27 00:00:00+00:00 -> 2019-01-26 00:00:00+00:00) done in 203.82s (real) and 140.54s (process)
2026-09-24 22:59:34.485 INFO Memory usage (start of timestep, peak): 180.11 GiB
2026-09-24 22:59:34.486 INFO Memory usage (start of timestep, current): 88.31 GiB
2026-09-24 22:59:34.486 INFO Calculating metrics
2026-09-24 22:59:34.486 INFO Calculating metric: schema_fulfillment_count
Warning: (SchemaFulfillmentCount) Unsupported IriStem prefix http://movatwitter.jugem.jp
Warning: (SchemaFulfillmentCount) Unsupported IriStem prefix http://movatwitter.jugem.jp
2026-09-24 23:04:22.565 INFO Calculating metric: schema_fulfillment
2026-09-24 23:04:44.049 INFO Memory usage (end of timestep, peak): 180.11 GiB
2026-09-24 23:04:44.049 INFO Memory usage (end of timestep, current): 89.65 GiB
2026-09-24 23:04:44.049 INFO (Iteration 75) schema_fulfillment_count: real 288.08s | cpu 426.60s
2026-09-24 23:04:44.050 INFO (Iteration 75) schema_fulfillment: real 21.48s | cpu 21.47s
2026-09-24 23:04:44.050 INFO Iteration 75 finished in 513.39s (real) and 588.62s (process)
2026-09-24 23:04:44.051 INFO Start timestep 2019-01-26 00:00:00+00:00 -> 2019-02-25 00:00:00+00:00
2026-09-24 23:06:46.169 INFO DuckDB memory logs:
  database_name database_size  block_size  ...  wal_size  memory_usage  memory_limit
0   postgres_db       6.4 TiB           0  ...   0 bytes      16.1 GiB     267.0 GiB
1        memory       0 bytes           0  ...   0 bytes      16.1 GiB     267.0 GiB

[2 rows x 9 columns]
2026-09-24 23:06:46.171 INFO Loading data (2019-01-26 00:00:00+00:00 -> 2019-02-25 00:00:00+00:00) done in 122.12s (real) and 86.40s (process)
2026-09-24 23:06:46.171 INFO Memory usage (start of timestep, peak): 180.11 GiB
2026-09-24 23:06:46.172 INFO Memory usage (start of timestep, current): 81.71 GiB
2026-09-24 23:06:46.172 INFO Calculating metrics
2026-09-24 23:06:46.172 INFO Calculating metric: schema_fulfillment_count
2026-09-24 23:10:03.224 INFO Calculating metric: schema_fulfillment
2026-09-24 23:10:18.376 INFO Memory usage (end of timestep, peak): 180.11 GiB
2026-09-24 23:10:18.377 INFO Memory usage (end of timestep, current): 82.95 GiB
2026-09-24 23:10:18.377 INFO (Iteration 76) schema_fulfillment_count: real 197.05s | cpu 314.73s
2026-09-24 23:10:18.377 INFO (Iteration 76) schema_fulfillment: real 15.15s | cpu 15.15s
2026-09-24 23:10:18.377 INFO Iteration 76 finished in 334.33s (real) and 416.28s (process)
2026-09-24 23:10:18.378 INFO Start timestep 2019-02-25 00:00:00+00:00 -> 2019-03-27 00:00:00+00:00
2026-09-24 23:14:51.611 INFO DuckDB memory logs:
  database_name database_size  block_size  ...  wal_size  memory_usage  memory_limit
0   postgres_db       6.4 TiB           0  ...   0 bytes      33.0 GiB     267.0 GiB
1        memory       0 bytes           0  ...   0 bytes      33.0 GiB     267.0 GiB

[2 rows x 9 columns]
2026-09-24 23:14:51.612 INFO Loading data (2019-02-25 00:00:00+00:00 -> 2019-03-27 00:00:00+00:00) done in 273.23s (real) and 192.02s (process)
2026-09-24 23:14:51.613 INFO Memory usage (start of timestep, peak): 180.11 GiB
2026-09-24 23:14:51.613 INFO Memory usage (start of timestep, current): 98.51 GiB
2026-09-24 23:14:51.613 INFO Calculating metrics
2026-09-24 23:14:51.613 INFO Calculating metric: schema_fulfillment_count
Warning: (SchemaFulfillmentCount) Unsupported IriStem prefix https:/
2026-09-24 23:17:18.489 INFO Calculating metric: schema_fulfillment
2026-09-24 23:17:32.362 INFO Memory usage (end of timestep, peak): 180.11 GiB
2026-09-24 23:17:32.362 INFO Memory usage (end of timestep, current): 100.70 GiB
2026-09-24 23:17:32.362 INFO (Iteration 77) schema_fulfillment_count: real 146.88s | cpu 204.78s
2026-09-24 23:17:32.362 INFO (Iteration 77) schema_fulfillment: real 13.87s | cpu 13.86s
2026-09-24 23:17:32.362 INFO Iteration 77 finished in 433.98s (real) and 410.67s (process)
2026-09-24 23:17:32.363 INFO Start timestep 2019-03-27 00:00:00+00:00 -> 2019-04-26 00:00:00+00:00
2026-09-24 23:22:17.814 INFO DuckDB memory logs:
  database_name database_size  block_size  ...  wal_size  memory_usage  memory_limit
0   postgres_db       6.4 TiB           0  ...   0 bytes      31.5 GiB     267.0 GiB
1        memory       0 bytes           0  ...   0 bytes      31.5 GiB     267.0 GiB

[2 rows x 9 columns]
2026-09-24 23:22:17.816 INFO Loading data (2019-03-27 00:00:00+00:00 -> 2019-04-26 00:00:00+00:00) done in 285.45s (real) and 198.55s (process)
2026-09-24 23:22:17.816 INFO Memory usage (start of timestep, peak): 180.11 GiB
2026-09-24 23:22:17.816 INFO Memory usage (start of timestep, current): 97.44 GiB
2026-09-24 23:22:17.816 INFO Calculating metrics
2026-09-24 23:22:17.816 INFO Calculating metric: schema_fulfillment_count
Warning: (SchemaFulfillmentCount) Unsupported IriStem prefix https:/
2026-09-24 23:24:32.750 INFO Calculating metric: schema_fulfillment
2026-09-24 23:24:44.424 INFO Memory usage (end of timestep, peak): 180.11 GiB
2026-09-24 23:24:44.425 INFO Memory usage (end of timestep, current): 99.81 GiB
2026-09-24 23:24:44.425 INFO (Iteration 78) schema_fulfillment_count: real 134.93s | cpu 191.39s
2026-09-24 23:24:44.425 INFO (Iteration 78) schema_fulfillment: real 11.67s | cpu 11.66s
2026-09-24 23:24:44.425 INFO Iteration 78 finished in 432.06s (real) and 401.60s (process)
2026-09-24 23:24:44.426 INFO Start timestep 2019-04-26 00:00:00+00:00 -> 2019-05-26 00:00:00+00:00
2026-09-24 23:28:12.932 INFO DuckDB memory logs:
  database_name database_size  block_size  ...  wal_size  memory_usage  memory_limit
0   postgres_db       6.4 TiB           0  ...   0 bytes      24.5 GiB     267.0 GiB
1        memory       0 bytes           0  ...   0 bytes      24.5 GiB     267.0 GiB

[2 rows x 9 columns]
2026-09-24 23:28:12.934 INFO Loading data (2019-04-26 00:00:00+00:00 -> 2019-05-26 00:00:00+00:00) done in 208.51s (real) and 170.14s (process)
2026-09-24 23:28:12.934 INFO Memory usage (start of timestep, peak): 180.11 GiB
2026-09-24 23:28:12.934 INFO Memory usage (start of timestep, current): 91.08 GiB
2026-09-24 23:28:12.934 INFO Calculating metrics
2026-09-24 23:28:12.934 INFO Calculating metric: schema_fulfillment_count
2026-09-24 23:32:30.600 INFO Calculating metric: schema_fulfillment
2026-09-24 23:32:53.054 INFO Memory usage (end of timestep, peak): 180.11 GiB
2026-09-24 23:32:53.055 INFO Memory usage (end of timestep, current): 92.99 GiB
2026-09-24 23:32:53.055 INFO (Iteration 79) schema_fulfillment_count: real 257.67s | cpu 384.45s
2026-09-24 23:32:53.055 INFO (Iteration 79) schema_fulfillment: real 22.45s | cpu 22.45s
2026-09-24 23:32:53.055 INFO Iteration 79 finished in 488.63s (real) and 577.04s (process)
2026-09-24 23:32:53.056 INFO Start timestep 2019-05-26 00:00:00+00:00 -> 2019-06-25 00:00:00+00:00
2026-09-24 23:34:44.947 INFO DuckDB memory logs:
  database_name database_size  block_size  ...  wal_size  memory_usage  memory_limit
0   postgres_db       6.4 TiB           0  ...   0 bytes      13.8 GiB     267.0 GiB
1        memory       0 bytes           0  ...   0 bytes      13.8 GiB     267.0 GiB

[2 rows x 9 columns]
2026-09-24 23:34:44.948 INFO Loading data (2019-05-26 00:00:00+00:00 -> 2019-06-25 00:00:00+00:00) done in 111.89s (real) and 78.23s (process)
2026-09-24 23:34:44.948 INFO Memory usage (start of timestep, peak): 180.11 GiB
2026-09-24 23:34:44.949 INFO Memory usage (start of timestep, current): 81.70 GiB
2026-09-24 23:34:44.949 INFO Calculating metrics
2026-09-24 23:34:44.949 INFO Calculating metric: schema_fulfillment_count
Warning: (SchemaFulfillmentCount) Unsupported IriStem prefix http://movatwitter.jugem.jp
2026-09-24 23:39:27.395 INFO Calculating metric: schema_fulfillment
2026-09-24 23:39:49.978 INFO Memory usage (end of timestep, peak): 180.11 GiB
2026-09-24 23:39:49.979 INFO Memory usage (end of timestep, current): 83.36 GiB
2026-09-24 23:39:49.979 INFO (Iteration 80) schema_fulfillment_count: real 282.45s | cpu 413.89s
2026-09-24 23:39:49.979 INFO (Iteration 80) schema_fulfillment: real 22.58s | cpu 22.57s
2026-09-24 23:39:49.979 INFO Iteration 80 finished in 416.92s (real) and 514.70s (process)
2026-09-24 23:39:49.980 INFO Start timestep 2019-06-25 00:00:00+00:00 -> 2019-07-25 00:00:00+00:00
2026-09-24 23:42:47.127 INFO DuckDB memory logs:
  database_name database_size  block_size  ...  wal_size  memory_usage  memory_limit
0   postgres_db       6.4 TiB           0  ...   0 bytes      23.6 GiB     267.0 GiB
1        memory       0 bytes           0  ...   0 bytes      23.6 GiB     267.0 GiB

[2 rows x 9 columns]
2026-09-24 23:42:47.129 INFO Loading data (2019-06-25 00:00:00+00:00 -> 2019-07-25 00:00:00+00:00) done in 177.15s (real) and 125.50s (process)
2026-09-24 23:42:47.129 INFO Memory usage (start of timestep, peak): 180.11 GiB
2026-09-24 23:42:47.129 INFO Memory usage (start of timestep, current): 92.08 GiB
2026-09-24 23:42:47.129 INFO Calculating metrics
2026-09-24 23:42:47.129 INFO Calculating metric: schema_fulfillment_count
2026-09-24 23:45:42.484 INFO Calculating metric: schema_fulfillment
2026-09-24 23:46:02.322 INFO Memory usage (end of timestep, peak): 180.11 GiB
2026-09-24 23:46:02.322 INFO Memory usage (end of timestep, current): 95.38 GiB
2026-09-24 23:46:02.322 INFO (Iteration 81) schema_fulfillment_count: real 175.35s | cpu 234.43s
2026-09-24 23:46:02.322 INFO (Iteration 81) schema_fulfillment: real 19.84s | cpu 19.80s
2026-09-24 23:46:02.322 INFO Iteration 81 finished in 372.34s (real) and 379.74s (process)
2026-09-24 23:46:02.324 INFO Start timestep 2019-07-25 00:00:00+00:00 -> 2019-08-24 00:00:00+00:00
2026-09-24 23:47:44.569 INFO DuckDB memory logs:
  database_name database_size  block_size  ...  wal_size  memory_usage  memory_limit
0   postgres_db       6.4 TiB           0  ...   0 bytes      13.9 GiB     267.0 GiB
1        memory       0 bytes           0  ...   0 bytes      13.9 GiB     267.0 GiB

[2 rows x 9 columns]
2026-09-24 23:47:44.571 INFO Loading data (2019-07-25 00:00:00+00:00 -> 2019-08-24 00:00:00+00:00) done in 102.25s (real) and 73.45s (process)
2026-09-24 23:47:44.572 INFO Memory usage (start of timestep, peak): 180.11 GiB
2026-09-24 23:47:44.572 INFO Memory usage (start of timestep, current): 83.18 GiB
2026-09-24 23:47:44.572 INFO Calculating metrics
2026-09-24 23:47:44.572 INFO Calculating metric: schema_fulfillment_count
2026-09-24 23:52:16.214 INFO Calculating metric: schema_fulfillment
2026-09-24 23:52:40.227 INFO Memory usage (end of timestep, peak): 180.11 GiB
2026-09-24 23:52:40.227 INFO Memory usage (end of timestep, current): 84.73 GiB
2026-09-24 23:52:40.227 INFO (Iteration 82) schema_fulfillment_count: real 271.64s | cpu 427.14s
2026-09-24 23:52:40.227 INFO (Iteration 82) schema_fulfillment: real 24.01s | cpu 23.99s
2026-09-24 23:52:40.227 INFO Iteration 82 finished in 397.90s (real) and 524.58s (process)
2026-09-24 23:52:40.229 INFO Start timestep 2019-08-24 00:00:00+00:00 -> 2019-09-23 00:00:00+00:00
2026-09-24 23:56:40.337 INFO DuckDB memory logs:
  database_name database_size  block_size  ...  wal_size  memory_usage  memory_limit
0   postgres_db       6.4 TiB           0  ...   0 bytes      35.0 GiB     267.0 GiB
1        memory       0 bytes           0  ...   0 bytes      35.0 GiB     267.0 GiB

[2 rows x 9 columns]
2026-09-24 23:56:40.338 INFO Loading data (2019-08-24 00:00:00+00:00 -> 2019-09-23 00:00:00+00:00) done in 240.11s (real) and 376.24s (process)
2026-09-24 23:56:40.338 INFO Memory usage (start of timestep, peak): 180.11 GiB
2026-09-24 23:56:40.338 INFO Memory usage (start of timestep, current): 104.62 GiB
2026-09-24 23:56:40.338 INFO Calculating metrics
2026-09-24 23:56:40.338 INFO Calculating metric: schema_fulfillment_count
Warning: (SchemaFulfillmentCount) Unsupported IriStem prefix https://stackoverflow.com/tags
Warning: (SchemaFulfillmentCount) Unsupported IriStem prefix https://stackoverflow.com/tags
2026-09-25 00:10:50.077 INFO Calculating metric: schema_fulfillment
2026-09-25 00:11:59.814 INFO Memory usage (end of timestep, peak): 180.11 GiB
2026-09-25 00:11:59.816 INFO Memory usage (end of timestep, current): 108.06 GiB
2026-09-25 00:11:59.816 INFO (Iteration 83) schema_fulfillment_count: real 849.74s | cpu 946.27s
2026-09-25 00:11:59.816 INFO (Iteration 83) schema_fulfillment: real 69.73s | cpu 69.71s
2026-09-25 00:11:59.816 INFO Iteration 83 finished in 1159.59s (real) and 1392.23s (process)
2026-09-25 00:11:59.817 INFO Start timestep 2019-09-23 00:00:00+00:00 -> 2019-10-23 00:00:00+00:00
2026-09-25 00:25:25.827 INFO DuckDB memory logs:
  database_name database_size  block_size  ...  wal_size  memory_usage  memory_limit
0   postgres_db       6.4 TiB           0  ...   0 bytes      92.5 GiB     267.0 GiB
1        memory       0 bytes           0  ...   0 bytes      92.5 GiB     267.0 GiB

[2 rows x 9 columns]
2026-09-25 00:25:25.828 INFO Loading data (2019-09-23 00:00:00+00:00 -> 2019-10-23 00:00:00+00:00) done in 806.01s (real) and 598.78s (process)
2026-09-25 00:25:25.829 INFO Memory usage (start of timestep, peak): 180.11 GiB
2026-09-25 00:25:25.829 INFO Memory usage (start of timestep, current): 163.43 GiB
2026-09-25 00:25:25.829 INFO Calculating metrics
2026-09-25 00:25:25.829 INFO Calculating metric: schema_fulfillment_count
2026-09-25 00:57:53.031 INFO Calculating metric: schema_fulfillment
2026-09-25 01:00:28.083 INFO Memory usage (end of timestep, peak): 186.64 GiB
2026-09-25 01:00:28.084 INFO Memory usage (end of timestep, current): 172.75 GiB
2026-09-25 01:00:28.084 INFO (Iteration 84) schema_fulfillment_count: real 1947.20s | cpu 2084.19s
2026-09-25 01:00:28.084 INFO (Iteration 84) schema_fulfillment: real 155.05s | cpu 155.01s
2026-09-25 01:00:28.084 INFO Iteration 84 finished in 2908.27s (real) and 2837.98s (process)
2026-09-25 01:00:28.085 INFO Start timestep 2019-10-23 00:00:00+00:00 -> 2019-11-22 00:00:00+00:00
2026-09-25 01:12:40.749 INFO DuckDB memory logs:
  database_name database_size  block_size  ...  wal_size  memory_usage  memory_limit
0   postgres_db       6.4 TiB           0  ...   0 bytes      87.8 GiB     267.0 GiB
1        memory       0 bytes           0  ...   0 bytes      87.8 GiB     267.0 GiB

[2 rows x 9 columns]
2026-09-25 01:12:40.750 INFO Loading data (2019-10-23 00:00:00+00:00 -> 2019-11-22 00:00:00+00:00) done in 732.66s (real) and 551.55s (process)
2026-09-25 01:12:40.750 INFO Memory usage (start of timestep, peak): 186.64 GiB
2026-09-25 01:12:40.750 INFO Memory usage (start of timestep, current): 167.32 GiB
2026-09-25 01:12:40.750 INFO Calculating metrics
2026-09-25 01:12:40.750 INFO Calculating metric: schema_fulfillment_count
2026-09-25 01:46:07.881 INFO Calculating metric: schema_fulfillment
2026-09-25 01:49:05.842 INFO Memory usage (end of timestep, peak): 198.56 GiB
2026-09-25 01:49:05.843 INFO Memory usage (end of timestep, current): 184.51 GiB
2026-09-25 01:49:05.843 INFO (Iteration 85) schema_fulfillment_count: real 2007.13s | cpu 2135.86s
2026-09-25 01:49:05.843 INFO (Iteration 85) schema_fulfillment: real 177.96s | cpu 177.63s
2026-09-25 01:49:05.843 INFO Iteration 85 finished in 2917.76s (real) and 2865.04s (process)
2026-09-25 01:49:05.844 INFO Start timestep 2019-11-22 00:00:00+00:00 -> 2019-12-22 00:00:00+00:00
2026-09-25 01:57:15.090 INFO DuckDB memory logs:
  database_name database_size  block_size  ...  wal_size  memory_usage  memory_limit
0   postgres_db       6.4 TiB           0  ...   0 bytes      59.3 GiB     267.0 GiB
1        memory       0 bytes           0  ...   0 bytes      59.3 GiB     267.0 GiB

[2 rows x 9 columns]
2026-09-25 01:57:15.091 INFO Loading data (2019-11-22 00:00:00+00:00 -> 2019-12-22 00:00:00+00:00) done in 489.25s (real) and 360.64s (process)
2026-09-25 01:57:15.091 INFO Memory usage (start of timestep, peak): 198.56 GiB
2026-09-25 01:57:15.091 INFO Memory usage (start of timestep, current): 155.42 GiB
2026-09-25 01:57:15.092 INFO Calculating metrics
2026-09-25 01:57:15.092 INFO Calculating metric: schema_fulfillment_count
2026-09-25 02:23:26.207 INFO Calculating metric: schema_fulfillment
2026-09-25 02:25:37.406 INFO Memory usage (end of timestep, peak): 198.56 GiB
2026-09-25 02:25:37.407 INFO Memory usage (end of timestep, current): 160.52 GiB
2026-09-25 02:25:37.407 INFO (Iteration 86) schema_fulfillment_count: real 1571.11s | cpu 1683.56s
2026-09-25 02:25:37.407 INFO (Iteration 86) schema_fulfillment: real 131.20s | cpu 131.07s
2026-09-25 02:25:37.407 INFO Iteration 86 finished in 2191.56s (real) and 2175.28s (process)
2026-09-25 02:25:37.408 INFO Start timestep 2019-12-22 00:00:00+00:00 -> 2020-01-21 00:00:00+00:00
2026-09-25 02:37:48.946 INFO DuckDB memory logs:
  database_name database_size  block_size  ...  wal_size  memory_usage  memory_limit
0   postgres_db       6.4 TiB           0  ...   0 bytes      86.6 GiB     267.0 GiB
1        memory       0 bytes           0  ...   0 bytes      86.6 GiB     267.0 GiB

[2 rows x 9 columns]
2026-09-25 02:37:48.947 INFO Loading data (2019-12-22 00:00:00+00:00 -> 2020-01-21 00:00:00+00:00) done in 731.54s (real) and 546.59s (process)
2026-09-25 02:37:48.947 INFO Memory usage (start of timestep, peak): 198.56 GiB
2026-09-25 02:37:48.948 INFO Memory usage (start of timestep, current): 186.30 GiB
2026-09-25 02:37:48.948 INFO Calculating metrics
2026-09-25 02:37:48.948 INFO Calculating metric: schema_fulfillment_count
2026-09-25 03:13:34.413 INFO Calculating metric: schema_fulfillment
2026-09-25 03:16:37.204 INFO Memory usage (end of timestep, peak): 206.79 GiB
2026-09-25 03:16:37.205 INFO Memory usage (end of timestep, current): 193.08 GiB
2026-09-25 03:16:37.205 INFO (Iteration 87) schema_fulfillment_count: real 2145.46s | cpu 2291.31s
2026-09-25 03:16:37.205 INFO (Iteration 87) schema_fulfillment: real 182.79s | cpu 182.76s
2026-09-25 03:16:37.205 INFO Iteration 87 finished in 3059.80s (real) and 3020.66s (process)
2026-09-25 03:16:37.206 INFO Start timestep 2020-01-21 00:00:00+00:00 -> 2020-02-20 00:00:00+00:00
2026-09-25 03:24:33.316 INFO DuckDB memory logs:
  database_name database_size  block_size  ...  wal_size  memory_usage  memory_limit
0   postgres_db       6.4 TiB           0  ...   0 bytes      60.1 GiB     267.0 GiB
1        memory       0 bytes           0  ...   0 bytes      60.1 GiB     267.0 GiB

[2 rows x 9 columns]
2026-09-25 03:24:33.317 INFO Loading data (2020-01-21 00:00:00+00:00 -> 2020-02-20 00:00:00+00:00) done in 476.11s (real) and 351.70s (process)
2026-09-25 03:24:33.317 INFO Memory usage (start of timestep, peak): 206.79 GiB
2026-09-25 03:24:33.317 INFO Memory usage (start of timestep, current): 166.34 GiB
2026-09-25 03:24:33.317 INFO Calculating metrics
2026-09-25 03:24:33.317 INFO Calculating metric: schema_fulfillment_count
Warning: (SchemaFulfillmentCount) Unsupported IriStem prefix http://movatwitter.jugem.jp
Warning: (SchemaFulfillmentCount) Unsupported IriStem prefix http://movatwitter.jugem.jp
2026-09-25 03:46:41.054 INFO Calculating metric: schema_fulfillment
2026-09-25 03:48:10.300 INFO Memory usage (end of timestep, peak): 206.79 GiB
2026-09-25 03:48:10.302 INFO Memory usage (end of timestep, current): 168.79 GiB
2026-09-25 03:48:10.303 INFO (Iteration 88) schema_fulfillment_count: real 1327.74s | cpu 1436.52s
2026-09-25 03:48:10.303 INFO (Iteration 88) schema_fulfillment: real 89.24s | cpu 89.06s
2026-09-25 03:48:10.303 INFO Iteration 88 finished in 1893.10s (real) and 1877.29s (process)
2026-09-25 03:48:10.304 INFO Start timestep 2020-02-20 00:00:00+00:00 -> 2020-03-21 00:00:00+00:00
2026-09-25 03:58:48.195 INFO DuckDB memory logs:
  database_name database_size  block_size  ...  wal_size  memory_usage  memory_limit
0   postgres_db       6.4 TiB           0  ...   0 bytes      73.5 GiB     267.0 GiB
1        memory       0 bytes           0  ...   0 bytes      73.5 GiB     267.0 GiB

[2 rows x 9 columns]
2026-09-25 03:58:48.196 INFO Loading data (2020-02-20 00:00:00+00:00 -> 2020-03-21 00:00:00+00:00) done in 637.89s (real) and 460.60s (process)
2026-09-25 03:58:48.197 INFO Memory usage (start of timestep, peak): 206.79 GiB
2026-09-25 03:58:48.197 INFO Memory usage (start of timestep, current): 181.19 GiB
2026-09-25 03:58:48.197 INFO Calculating metrics
2026-09-25 03:58:48.197 INFO Calculating metric: schema_fulfillment_count
2026-09-25 04:23:49.672 INFO Calculating metric: schema_fulfillment
2026-09-25 04:25:23.102 INFO Memory usage (end of timestep, peak): 206.79 GiB
2026-09-25 04:25:23.104 INFO Memory usage (end of timestep, current): 185.71 GiB
2026-09-25 04:25:23.104 INFO (Iteration 89) schema_fulfillment_count: real 1501.47s | cpu 1604.06s
2026-09-25 04:25:23.104 INFO (Iteration 89) schema_fulfillment: real 93.43s | cpu 93.39s
2026-09-25 04:25:23.104 INFO Iteration 89 finished in 2232.80s (real) and 2158.06s (process)
2026-09-25 04:25:23.105 INFO Start timestep 2020-03-21 00:00:00+00:00 -> 2020-04-20 00:00:00+00:00
2026-09-25 04:34:30.260 INFO DuckDB memory logs:
  database_name database_size  block_size  ...  wal_size  memory_usage  memory_limit
0   postgres_db       6.4 TiB           0  ...   0 bytes      71.8 GiB     267.0 GiB
1        memory       0 bytes           0  ...   0 bytes      71.8 GiB     267.0 GiB

[2 rows x 9 columns]
2026-09-25 04:34:30.262 INFO Loading data (2020-03-21 00:00:00+00:00 -> 2020-04-20 00:00:00+00:00) done in 547.16s (real) and 409.04s (process)
2026-09-25 04:34:30.262 INFO Memory usage (start of timestep, peak): 206.79 GiB
2026-09-25 04:34:30.263 INFO Memory usage (start of timestep, current): 183.38 GiB
2026-09-25 04:34:30.263 INFO Calculating metrics
2026-09-25 04:34:30.263 INFO Calculating metric: schema_fulfillment_count
Warning: (SchemaFulfillmentCount) Unsupported type of allowed value constraint in entity schemas: http://www.w3.org/2001/XMLSchema#dateTime
Warning: (SchemaFulfillmentCount) Unsupported type of allowed value constraint in entity schemas: http://www.w3.org/2001/XMLSchema#dateTime
Warning: (SchemaFulfillmentCount) Unsupported type of allowed value constraint in entity schemas: http://www.w3.org/2001/XMLSchema#dateTime
Warning: (SchemaFulfillmentCount) Unsupported type of allowed value constraint in entity schemas: http://www.w3.org/2001/XMLSchema#dateTime
Warning: (SchemaFulfillmentCount) Unsupported type of allowed value constraint in entity schemas: http://www.w3.org/2001/XMLSchema#dateTime
Warning: (SchemaFulfillmentCount) Unsupported type of allowed value constraint in entity schemas: http://www.w3.org/2001/XMLSchema#dateTime
Warning: (SchemaFulfillmentCount) Unsupported type of allowed value constraint in entity schemas: http://www.w3.org/2001/XMLSchema#dateTime
Warning: (SchemaFulfillmentCount) Unsupported type of allowed value constraint in entity schemas: http://www.w3.org/2001/XMLSchema#dateTime
Warning: (SchemaFulfillmentCount) Unsupported type of allowed value constraint in entity schemas: http://www.w3.org/2001/XMLSchema#dateTime
Warning: (SchemaFulfillmentCount) Unsupported type of allowed value constraint in entity schemas: http://www.w3.org/2001/XMLSchema#dateTime
Warning: (SchemaFulfillmentCount) Unsupported type of allowed value constraint in entity schemas: http://www.w3.org/2001/XMLSchema#dateTime
Warning: (SchemaFulfillmentCount) Unsupported type of allowed value constraint in entity schemas: http://www.w3.org/2001/XMLSchema#dateTime
Warning: (SchemaFulfillmentCount) Unsupported type of allowed value constraint in entity schemas: http://www.w3.org/2001/XMLSchema#dateTime
Warning: (SchemaFulfillmentCount) Unsupported type of allowed value constraint in entity schemas: http://www.w3.org/2001/XMLSchema#dateTime
Warning: (SchemaFulfillmentCount) Unsupported type of allowed value constraint in entity schemas: http://www.w3.org/2001/XMLSchema#dateTime
Warning: (SchemaFulfillmentCount) Unsupported type of allowed value constraint in entity schemas: http://www.w3.org/2001/XMLSchema#dateTime
Warning: (SchemaFulfillmentCount) Unsupported type of allowed value constraint in entity schemas: http://www.w3.org/2001/XMLSchema#dateTime
Warning: (SchemaFulfillmentCount) Unsupported type of allowed value constraint in entity schemas: http://www.w3.org/2001/XMLSchema#dateTime
Warning: (SchemaFulfillmentCount) Unsupported type of allowed value constraint in entity schemas: http://www.w3.org/2001/XMLSchema#dateTime
Warning: (SchemaFulfillmentCount) Unsupported type of allowed value constraint in entity schemas: http://www.w3.org/2001/XMLSchema#dateTime
Warning: (SchemaFulfillmentCount) Unsupported type of allowed value constraint in entity schemas: http://www.w3.org/2001/XMLSchema#dateTime
Warning: (SchemaFulfillmentCount) Unsupported type of allowed value constraint in entity schemas: http://www.w3.org/2001/XMLSchema#dateTime
Warning: (SchemaFulfillmentCount) Unsupported type of allowed value constraint in entity schemas: http://www.w3.org/2001/XMLSchema#dateTime
Warning: (SchemaFulfillmentCount) Unsupported type of allowed value constraint in entity schemas: http://www.w3.org/2001/XMLSchema#dateTime
Warning: (SchemaFulfillmentCount) Unsupported type of allowed value constraint in entity schemas: http://www.w3.org/2001/XMLSchema#dateTime
Warning: (SchemaFulfillmentCount) Unsupported type of allowed value constraint in entity schemas: http://www.w3.org/2001/XMLSchema#dateTime
Warning: (SchemaFulfillmentCount) Unsupported type of allowed value constraint in entity schemas: http://www.w3.org/2001/XMLSchema#dateTime
Warning: (SchemaFulfillmentCount) Unsupported type of allowed value constraint in entity schemas: http://www.w3.org/2001/XMLSchema#dateTime
Warning: (SchemaFulfillmentCount) Unsupported type of allowed value constraint in entity schemas: http://www.w3.org/2001/XMLSchema#dateTime
Warning: (SchemaFulfillmentCount) Unsupported type of allowed value constraint in entity schemas: http://www.w3.org/2001/XMLSchema#dateTime
Warning: (SchemaFulfillmentCount) Unsupported type of allowed value constraint in entity schemas: http://www.w3.org/2001/XMLSchema#dateTime
Warning: (SchemaFulfillmentCount) Unsupported type of allowed value constraint in entity schemas: http://www.w3.org/2001/XMLSchema#dateTime
Warning: (SchemaFulfillmentCount) Unsupported type of allowed value constraint in entity schemas: http://www.w3.org/2001/XMLSchema#dateTime
Warning: (SchemaFulfillmentCount) Unsupported type of allowed value constraint in entity schemas: http://www.w3.org/2001/XMLSchema#dateTime
Warning: (SchemaFulfillmentCount) Unsupported type of allowed value constraint in entity schemas: http://www.w3.org/2001/XMLSchema#dateTime
Warning: (SchemaFulfillmentCount) Unsupported type of allowed value constraint in entity schemas: http://www.w3.org/2001/XMLSchema#dateTime
Warning: (SchemaFulfillmentCount) Unsupported type of allowed value constraint in entity schemas: http://www.w3.org/2001/XMLSchema#dateTime
Warning: (SchemaFulfillmentCount) Unsupported type of allowed value constraint in entity schemas: http://www.w3.org/2001/XMLSchema#dateTime
Warning: (SchemaFulfillmentCount) Unsupported type of allowed value constraint in entity schemas: http://www.w3.org/2001/XMLSchema#dateTime
Warning: (SchemaFulfillmentCount) Unsupported type of allowed value constraint in entity schemas: http://www.w3.org/2001/XMLSchema#dateTime
2026-09-25 05:09:35.094 INFO Calculating metric: schema_fulfillment
2026-09-25 05:11:48.375 INFO Memory usage (end of timestep, peak): 206.79 GiB
2026-09-25 05:11:48.376 INFO Memory usage (end of timestep, current): 189.87 GiB
2026-09-25 05:11:48.377 INFO (Iteration 90) schema_fulfillment_count: real 2104.83s | cpu 2216.52s
2026-09-25 05:11:48.377 INFO (Iteration 90) schema_fulfillment: real 133.28s | cpu 133.25s
2026-09-25 05:11:48.377 INFO Iteration 90 finished in 2785.27s (real) and 2758.81s (process)
2026-09-25 05:11:48.378 INFO Start timestep 2020-04-20 00:00:00+00:00 -> 2020-05-20 00:00:00+00:00
2026-09-25 05:23:03.176 INFO DuckDB memory logs:
  database_name database_size  block_size  ...  wal_size  memory_usage  memory_limit
0   postgres_db       6.4 TiB           0  ...   0 bytes      80.9 GiB     267.0 GiB
1        memory       0 bytes           0  ...   0 bytes      80.9 GiB     267.0 GiB

[2 rows x 9 columns]
2026-09-25 05:23:03.177 INFO Loading data (2020-04-20 00:00:00+00:00 -> 2020-05-20 00:00:00+00:00) done in 674.80s (real) and 498.86s (process)
2026-09-25 05:23:03.178 INFO Memory usage (start of timestep, peak): 206.79 GiB
2026-09-25 05:23:03.178 INFO Memory usage (start of timestep, current): 197.63 GiB
2026-09-25 05:23:03.178 INFO Calculating metrics
2026-09-25 05:23:03.178 INFO Calculating metric: schema_fulfillment_count
2026-09-25 05:56:20.502 INFO Calculating metric: schema_fulfillment
2026-09-25 05:59:35.053 INFO Memory usage (end of timestep, peak): 218.62 GiB
2026-09-25 05:59:35.055 INFO Memory usage (end of timestep, current): 204.44 GiB
2026-09-25 05:59:35.055 INFO (Iteration 91) schema_fulfillment_count: real 1997.32s | cpu 2139.79s
2026-09-25 05:59:35.055 INFO (Iteration 91) schema_fulfillment: real 194.55s | cpu 194.48s
2026-09-25 05:59:35.055 INFO Iteration 91 finished in 2866.68s (real) and 2833.14s (process)
2026-09-25 05:59:35.056 INFO Start timestep 2020-05-20 00:00:00+00:00 -> 2020-06-19 00:00:00+00:00
2026-09-25 06:05:42.595 INFO DuckDB memory logs:
  database_name database_size  block_size  ...  wal_size  memory_usage  memory_limit
0   postgres_db       6.4 TiB           0  ...   0 bytes      46.1 GiB     267.0 GiB
1        memory       0 bytes           0  ...   0 bytes      46.1 GiB     267.0 GiB

[2 rows x 9 columns]
2026-09-25 06:05:42.597 INFO Loading data (2020-05-20 00:00:00+00:00 -> 2020-06-19 00:00:00+00:00) done in 367.54s (real) and 266.99s (process)
2026-09-25 06:05:42.597 INFO Memory usage (start of timestep, peak): 218.62 GiB
2026-09-25 06:05:42.597 INFO Memory usage (start of timestep, current): 169.73 GiB
2026-09-25 06:05:42.597 INFO Calculating metrics
2026-09-25 06:05:42.597 INFO Calculating metric: schema_fulfillment_count
2026-09-25 06:14:04.343 INFO Calculating metric: schema_fulfillment
2026-09-25 06:15:03.737 INFO Memory usage (end of timestep, peak): 218.62 GiB
2026-09-25 06:15:03.738 INFO Memory usage (end of timestep, current): 169.98 GiB
2026-09-25 06:15:03.738 INFO (Iteration 92) schema_fulfillment_count: real 501.75s | cpu 572.90s
2026-09-25 06:15:03.738 INFO (Iteration 92) schema_fulfillment: real 59.39s | cpu 59.35s
2026-09-25 06:15:03.738 INFO Iteration 92 finished in 928.68s (real) and 899.24s (process)
2026-09-25 06:15:03.739 INFO Start timestep 2020-06-19 00:00:00+00:00 -> 2020-07-19 00:00:00+00:00
2026-09-25 06:17:10.535 INFO DuckDB memory logs:
  database_name database_size  block_size  ...  wal_size  memory_usage  memory_limit
0   postgres_db       6.4 TiB           0  ...   0 bytes      15.3 GiB     267.0 GiB
1        memory       0 bytes           0  ...   0 bytes      15.3 GiB     267.0 GiB

[2 rows x 9 columns]
2026-09-25 06:17:10.536 INFO Loading data (2020-06-19 00:00:00+00:00 -> 2020-07-19 00:00:00+00:00) done in 126.80s (real) and 88.38s (process)
2026-09-25 06:17:10.537 INFO Memory usage (start of timestep, peak): 218.62 GiB
2026-09-25 06:17:10.537 INFO Memory usage (start of timestep, current): 138.49 GiB
2026-09-25 06:17:10.537 INFO Calculating metrics
2026-09-25 06:17:10.537 INFO Calculating metric: schema_fulfillment_count
2026-09-25 06:28:46.329 INFO Calculating metric: schema_fulfillment
2026-09-25 06:29:20.966 INFO Memory usage (end of timestep, peak): 243.18 GiB
2026-09-25 06:29:20.966 INFO Memory usage (end of timestep, current): 140.02 GiB
2026-09-25 06:29:20.966 INFO (Iteration 93) schema_fulfillment_count: real 695.79s | cpu 950.59s
2026-09-25 06:29:20.966 INFO (Iteration 93) schema_fulfillment: real 34.63s | cpu 34.61s
2026-09-25 06:29:20.966 INFO Iteration 93 finished in 857.23s (real) and 1073.59s (process)
2026-09-25 06:29:20.967 INFO Start timestep 2020-07-19 00:00:00+00:00 -> 2020-08-18 00:00:00+00:00
2026-09-25 06:31:32.524 INFO DuckDB memory logs:
  database_name database_size  block_size  ...  wal_size  memory_usage  memory_limit
0   postgres_db       6.4 TiB           0  ...   0 bytes      20.9 GiB     267.0 GiB
1        memory       0 bytes           0  ...   0 bytes      20.9 GiB     267.0 GiB

[2 rows x 9 columns]
2026-09-25 06:31:32.526 INFO Loading data (2020-07-19 00:00:00+00:00 -> 2020-08-18 00:00:00+00:00) done in 131.56s (real) and 99.09s (process)
2026-09-25 06:31:32.526 INFO Memory usage (start of timestep, peak): 243.18 GiB
2026-09-25 06:31:32.526 INFO Memory usage (start of timestep, current): 144.27 GiB
2026-09-25 06:31:32.526 INFO Calculating metrics
2026-09-25 06:31:32.526 INFO Calculating metric: schema_fulfillment_count
2026-09-25 06:34:47.884 INFO Calculating metric: schema_fulfillment
2026-09-25 06:35:10.754 INFO Memory usage (end of timestep, peak): 243.18 GiB
2026-09-25 06:35:10.754 INFO Memory usage (end of timestep, current): 146.54 GiB
2026-09-25 06:35:10.754 INFO (Iteration 94) schema_fulfillment_count: real 195.36s | cpu 253.48s
2026-09-25 06:35:10.754 INFO (Iteration 94) schema_fulfillment: real 22.87s | cpu 22.86s
2026-09-25 06:35:10.754 INFO Iteration 94 finished in 349.79s (real) and 375.44s (process)
2026-09-25 06:35:10.755 INFO Start timestep 2020-08-18 00:00:00+00:00 -> 2020-09-17 00:00:00+00:00
2026-09-25 06:36:31.499 INFO DuckDB memory logs:
  database_name database_size  block_size  ...  wal_size  memory_usage  memory_limit
0   postgres_db       6.4 TiB           0  ...   0 bytes      13.4 GiB     267.0 GiB
1        memory       0 bytes           0  ...   0 bytes      13.4 GiB     267.0 GiB

[2 rows x 9 columns]
2026-09-25 06:36:31.500 INFO Loading data (2020-08-18 00:00:00+00:00 -> 2020-09-17 00:00:00+00:00) done in 80.74s (real) and 61.93s (process)
2026-09-25 06:36:31.500 INFO Memory usage (start of timestep, peak): 243.18 GiB
2026-09-25 06:36:31.500 INFO Memory usage (start of timestep, current): 137.20 GiB
2026-09-25 06:36:31.500 INFO Calculating metrics
2026-09-25 06:36:31.500 INFO Calculating metric: schema_fulfillment_count
2026-09-25 06:40:23.096 INFO Calculating metric: schema_fulfillment
2026-09-25 06:40:44.960 INFO Memory usage (end of timestep, peak): 243.18 GiB
2026-09-25 06:40:44.960 INFO Memory usage (end of timestep, current): 140.76 GiB
2026-09-25 06:40:44.960 INFO (Iteration 95) schema_fulfillment_count: real 231.60s | cpu 344.94s
2026-09-25 06:40:44.960 INFO (Iteration 95) schema_fulfillment: real 21.86s | cpu 21.85s
2026-09-25 06:40:44.960 INFO Iteration 95 finished in 334.20s (real) and 428.72s (process)
2026-09-25 06:40:44.961 INFO Start timestep 2020-09-17 00:00:00+00:00 -> 2020-10-17 00:00:00+00:00
2026-09-25 06:42:10.644 INFO DuckDB memory logs:
  database_name database_size  block_size  ...  wal_size  memory_usage  memory_limit
0   postgres_db       6.4 TiB           0  ...   0 bytes      13.0 GiB     267.0 GiB
1        memory       0 bytes           0  ...   0 bytes      13.0 GiB     267.0 GiB

[2 rows x 9 columns]
2026-09-25 06:42:10.646 INFO Loading data (2020-09-17 00:00:00+00:00 -> 2020-10-17 00:00:00+00:00) done in 85.68s (real) and 63.43s (process)
2026-09-25 06:42:10.646 INFO Memory usage (start of timestep, peak): 243.18 GiB
2026-09-25 06:42:10.646 INFO Memory usage (start of timestep, current): 137.47 GiB
2026-09-25 06:42:10.646 INFO Calculating metrics
2026-09-25 06:42:10.646 INFO Calculating metric: schema_fulfillment_count
2026-09-25 06:52:33.468 INFO Calculating metric: schema_fulfillment
2026-09-25 06:53:00.292 INFO Memory usage (end of timestep, peak): 243.18 GiB
2026-09-25 06:53:00.292 INFO Memory usage (end of timestep, current): 142.00 GiB
2026-09-25 06:53:00.292 INFO (Iteration 96) schema_fulfillment_count: real 622.82s | cpu 745.42s
2026-09-25 06:53:00.292 INFO (Iteration 96) schema_fulfillment: real 26.82s | cpu 26.81s
2026-09-25 06:53:00.292 INFO Iteration 96 finished in 735.33s (real) and 835.67s (process)
2026-09-25 06:53:00.293 INFO Start timestep 2020-10-17 00:00:00+00:00 -> 2020-11-16 00:00:00+00:00
2026-09-25 06:54:35.118 INFO DuckDB memory logs:
  database_name database_size  block_size  ...  wal_size  memory_usage  memory_limit
0   postgres_db       6.4 TiB           0  ...   0 bytes      13.9 GiB     267.0 GiB
1        memory       0 bytes           0  ...   0 bytes      13.9 GiB     267.0 GiB

[2 rows x 9 columns]
2026-09-25 06:54:35.119 INFO Loading data (2020-10-17 00:00:00+00:00 -> 2020-11-16 00:00:00+00:00) done in 94.83s (real) and 70.12s (process)
2026-09-25 06:54:35.120 INFO Memory usage (start of timestep, peak): 243.18 GiB
2026-09-25 06:54:35.120 INFO Memory usage (start of timestep, current): 139.28 GiB
2026-09-25 06:54:35.120 INFO Calculating metrics
2026-09-25 06:54:35.120 INFO Calculating metric: schema_fulfillment_count
2026-09-25 06:59:03.116 INFO Calculating metric: schema_fulfillment
2026-09-25 06:59:35.544 INFO Memory usage (end of timestep, peak): 243.18 GiB
2026-09-25 06:59:35.544 INFO Memory usage (end of timestep, current): 141.09 GiB
2026-09-25 06:59:35.544 INFO (Iteration 97) schema_fulfillment_count: real 268.00s | cpu 380.22s
2026-09-25 06:59:35.544 INFO (Iteration 97) schema_fulfillment: real 32.43s | cpu 32.42s
2026-09-25 06:59:35.544 INFO Iteration 97 finished in 395.25s (real) and 482.76s (process)
2026-09-25 06:59:35.545 INFO Start timestep 2020-11-16 00:00:00+00:00 -> 2020-12-16 00:00:00+00:00
2026-09-25 07:00:56.594 INFO DuckDB memory logs:
  database_name database_size  block_size  ...  wal_size  memory_usage  memory_limit
0   postgres_db       6.4 TiB           0  ...   0 bytes      13.9 GiB     267.0 GiB
1        memory       0 bytes           0  ...   0 bytes      13.9 GiB     267.0 GiB

[2 rows x 9 columns]
2026-09-25 07:00:56.595 INFO Loading data (2020-11-16 00:00:00+00:00 -> 2020-12-16 00:00:00+00:00) done in 81.05s (real) and 61.95s (process)
2026-09-25 07:00:56.595 INFO Memory usage (start of timestep, peak): 243.18 GiB
2026-09-25 07:00:56.595 INFO Memory usage (start of timestep, current): 140.23 GiB
2026-09-25 07:00:56.595 INFO Calculating metrics
2026-09-25 07:00:56.595 INFO Calculating metric: schema_fulfillment_count
2026-09-25 07:04:38.940 INFO Calculating metric: schema_fulfillment
2026-09-25 07:05:10.364 INFO Memory usage (end of timestep, peak): 243.18 GiB
2026-09-25 07:05:10.365 INFO Memory usage (end of timestep, current): 141.82 GiB
2026-09-25 07:05:10.365 INFO (Iteration 98) schema_fulfillment_count: real 222.34s | cpu 339.35s
2026-09-25 07:05:10.365 INFO (Iteration 98) schema_fulfillment: real 31.42s | cpu 31.41s
2026-09-25 07:05:10.365 INFO Iteration 98 finished in 334.82s (real) and 432.71s (process)
2026-09-25 07:05:10.366 INFO Start timestep 2020-12-16 00:00:00+00:00 -> 2021-01-15 00:00:00+00:00
2026-09-25 07:06:38.891 INFO DuckDB memory logs:
  database_name database_size  block_size  ...  wal_size  memory_usage  memory_limit
0   postgres_db       6.4 TiB           0  ...   0 bytes      14.4 GiB     267.0 GiB
1        memory       0 bytes           0  ...   0 bytes      14.4 GiB     267.0 GiB

[2 rows x 9 columns]
2026-09-25 07:06:38.893 INFO Loading data (2020-12-16 00:00:00+00:00 -> 2021-01-15 00:00:00+00:00) done in 88.53s (real) and 65.51s (process)
2026-09-25 07:06:38.893 INFO Memory usage (start of timestep, peak): 243.18 GiB
2026-09-25 07:06:38.893 INFO Memory usage (start of timestep, current): 141.52 GiB
2026-09-25 07:06:38.893 INFO Calculating metrics
2026-09-25 07:06:38.893 INFO Calculating metric: schema_fulfillment_count
2026-09-25 07:09:56.916 INFO Calculating metric: schema_fulfillment
2026-09-25 07:10:17.505 INFO Memory usage (end of timestep, peak): 243.18 GiB
2026-09-25 07:10:17.506 INFO Memory usage (end of timestep, current): 142.64 GiB
2026-09-25 07:10:17.506 INFO (Iteration 99) schema_fulfillment_count: real 198.02s | cpu 294.19s
2026-09-25 07:10:17.506 INFO (Iteration 99) schema_fulfillment: real 20.59s | cpu 20.58s
2026-09-25 07:10:17.506 INFO Iteration 99 finished in 307.14s (real) and 380.29s (process)
2026-09-25 07:10:17.507 INFO Start timestep 2021-01-15 00:00:00+00:00 -> 2021-02-14 00:00:00+00:00
2026-09-25 07:12:35.395 INFO DuckDB memory logs:
  database_name database_size  block_size  ...  wal_size  memory_usage  memory_limit
0   postgres_db       6.4 TiB           0  ...   0 bytes      18.2 GiB     267.0 GiB
1        memory       0 bytes           0  ...   0 bytes      18.2 GiB     267.0 GiB

[2 rows x 9 columns]
2026-09-25 07:12:35.396 INFO Loading data (2021-01-15 00:00:00+00:00 -> 2021-02-14 00:00:00+00:00) done in 137.89s (real) and 97.68s (process)
2026-09-25 07:12:35.396 INFO Memory usage (start of timestep, peak): 243.18 GiB
2026-09-25 07:12:35.397 INFO Memory usage (start of timestep, current): 145.67 GiB
2026-09-25 07:12:35.397 INFO Calculating metrics
2026-09-25 07:12:35.397 INFO Calculating metric: schema_fulfillment_count
Warning: (SchemaFulfillmentCount) Unsupported IriStem prefix https:/
Warning: (SchemaFulfillmentCount) Unsupported IriStem prefix http://movatwitter.jugem.jp
Warning: (SchemaFulfillmentCount) Unsupported IriStem prefix http://movatwitter.jugem.jp
Warning: (SchemaFulfillmentCount) Unsupported IriStem prefix http://movatwitter.jugem.jp
2026-09-25 07:15:20.400 INFO Calculating metric: schema_fulfillment
2026-09-25 07:15:34.922 INFO Memory usage (end of timestep, peak): 243.18 GiB
2026-09-25 07:15:34.922 INFO Memory usage (end of timestep, current): 146.62 GiB
2026-09-25 07:15:34.923 INFO (Iteration 100) schema_fulfillment_count: real 165.00s | cpu 257.99s
2026-09-25 07:15:34.923 INFO (Iteration 100) schema_fulfillment: real 14.52s | cpu 14.52s
2026-09-25 07:15:34.923 INFO Iteration 100 finished in 317.42s (real) and 370.19s (process)
2026-09-25 07:15:34.924 INFO Start timestep 2021-02-14 00:00:00+00:00 -> 2021-03-16 00:00:00+00:00
2026-09-25 07:23:09.846 INFO DuckDB memory logs:
  database_name database_size  block_size  ...  wal_size  memory_usage  memory_limit
0   postgres_db       6.4 TiB           0  ...   0 bytes      57.3 GiB     267.0 GiB
1        memory       0 bytes           0  ...   0 bytes      57.3 GiB     267.0 GiB

[2 rows x 9 columns]
2026-09-25 07:23:09.847 INFO Loading data (2021-02-14 00:00:00+00:00 -> 2021-03-16 00:00:00+00:00) done in 454.92s (real) and 326.46s (process)
2026-09-25 07:23:09.847 INFO Memory usage (start of timestep, peak): 243.18 GiB
2026-09-25 07:23:09.847 INFO Memory usage (start of timestep, current): 184.27 GiB
2026-09-25 07:23:09.847 INFO Calculating metrics
2026-09-25 07:23:09.847 INFO Calculating metric: schema_fulfillment_count
Warning: (SchemaFulfillmentCount) Unsupported IriStem prefix https://stackoverflow.com/tags
2026-09-25 07:25:47.038 INFO Calculating metric: schema_fulfillment
2026-09-25 07:26:03.647 INFO Memory usage (end of timestep, peak): 243.18 GiB
2026-09-25 07:26:03.647 INFO Memory usage (end of timestep, current): 186.99 GiB
2026-09-25 07:26:03.647 INFO (Iteration 101) schema_fulfillment_count: real 157.19s | cpu 215.69s
2026-09-25 07:26:03.647 INFO (Iteration 101) schema_fulfillment: real 16.61s | cpu 16.60s
2026-09-25 07:26:03.647 INFO Iteration 101 finished in 628.72s (real) and 558.75s (process)
2026-09-25 07:26:03.652 INFO Start timestep 2021-03-16 00:00:00+00:00 -> 2021-04-15 00:00:00+00:00
2026-09-25 07:33:27.585 INFO DuckDB memory logs:
  database_name database_size  block_size  ...  wal_size  memory_usage  memory_limit
0   postgres_db       6.4 TiB           0  ...   0 bytes      50.8 GiB     267.0 GiB
1        memory       0 bytes           0  ...   0 bytes      50.8 GiB     267.0 GiB

[2 rows x 9 columns]
2026-09-25 07:33:27.586 INFO Loading data (2021-03-16 00:00:00+00:00 -> 2021-04-15 00:00:00+00:00) done in 443.93s (real) and 315.78s (process)
2026-09-25 07:33:27.586 INFO Memory usage (start of timestep, peak): 243.18 GiB
2026-09-25 07:33:27.586 INFO Memory usage (start of timestep, current): 178.31 GiB
2026-09-25 07:33:27.586 INFO Calculating metrics
2026-09-25 07:33:27.586 INFO Calculating metric: schema_fulfillment_count
Warning: (SchemaFulfillmentCount) Unsupported IriStem prefix http://movatwitter.jugem.jp
2026-09-25 07:35:24.218 INFO Calculating metric: schema_fulfillment
2026-09-25 07:35:36.363 INFO Memory usage (end of timestep, peak): 243.18 GiB
2026-09-25 07:35:36.363 INFO Memory usage (end of timestep, current): 180.45 GiB
2026-09-25 07:35:36.363 INFO (Iteration 102) schema_fulfillment_count: real 116.63s | cpu 172.52s
2026-09-25 07:35:36.363 INFO (Iteration 102) schema_fulfillment: real 12.14s | cpu 12.14s
2026-09-25 07:35:36.363 INFO Iteration 102 finished in 572.71s (real) and 500.43s (process)
2026-09-25 07:35:36.366 INFO Start timestep 2021-04-15 00:00:00+00:00 -> 2021-05-15 00:00:00+00:00
2026-09-25 07:41:55.651 INFO DuckDB memory logs:
  database_name database_size  block_size  ...  wal_size  memory_usage  memory_limit
0   postgres_db       6.4 TiB           0  ...   0 bytes      47.5 GiB     267.0 GiB
1        memory       0 bytes           0  ...   0 bytes      47.5 GiB     267.0 GiB

[2 rows x 9 columns]
2026-09-25 07:41:55.653 INFO Loading data (2021-04-15 00:00:00+00:00 -> 2021-05-15 00:00:00+00:00) done in 379.29s (real) and 272.97s (process)
2026-09-25 07:41:55.653 INFO Memory usage (start of timestep, peak): 243.18 GiB
2026-09-25 07:41:55.653 INFO Memory usage (start of timestep, current): 175.30 GiB
2026-09-25 07:41:55.653 INFO Calculating metrics
2026-09-25 07:41:55.654 INFO Calculating metric: schema_fulfillment_count
2026-09-25 07:43:28.015 INFO Calculating metric: schema_fulfillment
2026-09-25 07:43:35.149 INFO Memory usage (end of timestep, peak): 243.18 GiB
2026-09-25 07:43:35.149 INFO Memory usage (end of timestep, current): 177.12 GiB
2026-09-25 07:43:35.149 INFO (Iteration 103) schema_fulfillment_count: real 92.36s | cpu 146.18s
2026-09-25 07:43:35.149 INFO (Iteration 103) schema_fulfillment: real 7.13s | cpu 7.13s
2026-09-25 07:43:35.149 INFO Iteration 103 finished in 478.78s (real) and 426.28s (process)
2026-09-25 07:43:35.151 INFO Start timestep 2021-05-15 00:00:00+00:00 -> 2021-06-14 00:00:00+00:00
2026-09-25 07:46:07.636 INFO DuckDB memory logs:
  database_name database_size  block_size  ...  wal_size  memory_usage  memory_limit
0   postgres_db       6.4 TiB           0  ...   0 bytes      16.4 GiB     267.0 GiB
1        memory       0 bytes           0  ...   0 bytes      16.4 GiB     267.0 GiB

[2 rows x 9 columns]
2026-09-25 07:46:07.637 INFO Loading data (2021-05-15 00:00:00+00:00 -> 2021-06-14 00:00:00+00:00) done in 152.49s (real) and 105.46s (process)
2026-09-25 07:46:07.637 INFO Memory usage (start of timestep, peak): 243.18 GiB
2026-09-25 07:46:07.637 INFO Memory usage (start of timestep, current): 144.86 GiB
2026-09-25 07:46:07.637 INFO Calculating metrics
2026-09-25 07:46:07.637 INFO Calculating metric: schema_fulfillment_count
2026-09-25 07:53:17.681 INFO Calculating metric: schema_fulfillment
2026-09-25 07:53:26.170 INFO Memory usage (end of timestep, peak): 243.18 GiB
2026-09-25 07:53:26.171 INFO Memory usage (end of timestep, current): 164.97 GiB
2026-09-25 07:53:26.171 INFO (Iteration 104) schema_fulfillment_count: real 430.04s | cpu 515.09s
2026-09-25 07:53:26.171 INFO (Iteration 104) schema_fulfillment: real 8.49s | cpu 8.48s
2026-09-25 07:53:26.171 INFO Iteration 104 finished in 591.02s (real) and 629.04s (process)
2026-09-25 07:53:26.172 INFO Start timestep 2021-06-14 00:00:00+00:00 -> 2021-07-14 00:00:00+00:00
2026-09-25 07:57:18.521 INFO DuckDB memory logs:
  database_name database_size  block_size  ...  wal_size  memory_usage  memory_limit
0   postgres_db       6.4 TiB           0  ...   0 bytes      29.7 GiB     267.0 GiB
1        memory       0 bytes           0  ...   0 bytes      29.7 GiB     267.0 GiB

[2 rows x 9 columns]
2026-09-25 07:57:18.523 INFO Loading data (2021-06-14 00:00:00+00:00 -> 2021-07-14 00:00:00+00:00) done in 232.35s (real) and 166.79s (process)
2026-09-25 07:57:18.523 INFO Memory usage (start of timestep, peak): 243.18 GiB
2026-09-25 07:57:18.523 INFO Memory usage (start of timestep, current): 158.25 GiB
2026-09-25 07:57:18.523 INFO Calculating metrics
2026-09-25 07:57:18.523 INFO Calculating metric: schema_fulfillment_count
2026-09-25 07:58:59.055 INFO Calculating metric: schema_fulfillment
2026-09-25 07:59:06.570 INFO Memory usage (end of timestep, peak): 243.18 GiB
2026-09-25 07:59:06.570 INFO Memory usage (end of timestep, current): 160.28 GiB
2026-09-25 07:59:06.570 INFO (Iteration 105) schema_fulfillment_count: real 100.53s | cpu 152.96s
2026-09-25 07:59:06.571 INFO (Iteration 105) schema_fulfillment: real 7.51s | cpu 7.51s
2026-09-25 07:59:06.571 INFO Iteration 105 finished in 340.40s (real) and 327.25s (process)
2026-09-25 07:59:06.574 INFO Start timestep 2021-07-14 00:00:00+00:00 -> 2021-08-13 00:00:00+00:00
2026-09-25 08:02:42.513 INFO DuckDB memory logs:
  database_name database_size  block_size  ...  wal_size  memory_usage  memory_limit
0   postgres_db       6.4 TiB           0  ...   0 bytes      24.1 GiB     267.0 GiB
1        memory       0 bytes           0  ...   0 bytes      24.1 GiB     267.0 GiB

[2 rows x 9 columns]
2026-09-25 08:02:42.514 INFO Loading data (2021-07-14 00:00:00+00:00 -> 2021-08-13 00:00:00+00:00) done in 215.94s (real) and 152.87s (process)
2026-09-25 08:02:42.514 INFO Memory usage (start of timestep, peak): 243.18 GiB
2026-09-25 08:02:42.515 INFO Memory usage (start of timestep, current): 152.96 GiB
2026-09-25 08:02:42.515 INFO Calculating metrics
2026-09-25 08:02:42.515 INFO Calculating metric: schema_fulfillment_count
2026-09-25 08:06:19.541 INFO Calculating metric: schema_fulfillment
2026-09-25 08:06:36.559 INFO Memory usage (end of timestep, peak): 243.18 GiB
2026-09-25 08:06:36.560 INFO Memory usage (end of timestep, current): 154.33 GiB
2026-09-25 08:06:36.560 INFO (Iteration 106) schema_fulfillment_count: real 217.03s | cpu 319.83s
2026-09-25 08:06:36.560 INFO (Iteration 106) schema_fulfillment: real 17.02s | cpu 17.01s
2026-09-25 08:06:36.560 INFO Iteration 106 finished in 449.99s (real) and 489.71s (process)
2026-09-25 08:06:36.561 INFO Start timestep 2021-08-13 00:00:00+00:00 -> 2021-09-12 00:00:00+00:00
2026-09-25 08:11:56.540 INFO DuckDB memory logs:
  database_name database_size  block_size  ...  wal_size  memory_usage  memory_limit
0   postgres_db       6.4 TiB           0  ...   0 bytes      37.4 GiB     267.0 GiB
1        memory       0 bytes           0  ...   0 bytes      37.4 GiB     267.0 GiB

[2 rows x 9 columns]
2026-09-25 08:11:56.542 INFO Loading data (2021-08-13 00:00:00+00:00 -> 2021-09-12 00:00:00+00:00) done in 319.98s (real) and 222.92s (process)
2026-09-25 08:11:56.542 INFO Memory usage (start of timestep, peak): 243.18 GiB
2026-09-25 08:11:56.542 INFO Memory usage (start of timestep, current): 166.72 GiB
2026-09-25 08:11:56.542 INFO Calculating metrics
2026-09-25 08:11:56.542 INFO Calculating metric: schema_fulfillment_count
2026-09-25 08:13:59.721 INFO Calculating metric: schema_fulfillment
2026-09-25 08:14:10.304 INFO Memory usage (end of timestep, peak): 243.18 GiB
2026-09-25 08:14:10.304 INFO Memory usage (end of timestep, current): 169.22 GiB
2026-09-25 08:14:10.305 INFO (Iteration 107) schema_fulfillment_count: real 123.18s | cpu 176.55s
2026-09-25 08:14:10.305 INFO (Iteration 107) schema_fulfillment: real 10.58s | cpu 10.57s
2026-09-25 08:14:10.305 INFO Iteration 107 finished in 453.74s (real) and 410.05s (process)
2026-09-25 08:14:10.306 INFO Start timestep 2021-09-12 00:00:00+00:00 -> 2021-10-12 00:00:00+00:00
2026-09-25 08:15:35.216 INFO DuckDB memory logs:
  database_name database_size  block_size  ...  wal_size  memory_usage  memory_limit
0   postgres_db       6.4 TiB           0  ...   0 bytes       9.2 GiB     267.0 GiB
1        memory       0 bytes           0  ...   0 bytes       9.2 GiB     267.0 GiB

[2 rows x 9 columns]
2026-09-25 08:15:35.218 INFO Loading data (2021-09-12 00:00:00+00:00 -> 2021-10-12 00:00:00+00:00) done in 84.91s (real) and 58.72s (process)
2026-09-25 08:15:35.218 INFO Memory usage (start of timestep, peak): 243.18 GiB
2026-09-25 08:15:35.218 INFO Memory usage (start of timestep, current): 139.15 GiB
2026-09-25 08:15:35.218 INFO Calculating metrics
2026-09-25 08:15:35.218 INFO Calculating metric: schema_fulfillment_count
2026-09-25 08:17:34.022 INFO Calculating metric: schema_fulfillment
2026-09-25 08:17:43.444 INFO Memory usage (end of timestep, peak): 243.18 GiB
2026-09-25 08:17:43.444 INFO Memory usage (end of timestep, current): 151.49 GiB
2026-09-25 08:17:43.444 INFO (Iteration 108) schema_fulfillment_count: real 118.80s | cpu 201.38s
2026-09-25 08:17:43.444 INFO (Iteration 108) schema_fulfillment: real 9.42s | cpu 9.41s
2026-09-25 08:17:43.444 INFO Iteration 108 finished in 213.14s (real) and 269.51s (process)
2026-09-25 08:17:43.445 INFO Start timestep 2021-10-12 00:00:00+00:00 -> 2021-11-11 00:00:00+00:00
2026-09-25 08:20:00.342 INFO DuckDB memory logs:
  database_name database_size  block_size  ...  wal_size  memory_usage  memory_limit
0   postgres_db       6.4 TiB           0  ...   0 bytes      13.4 GiB     267.0 GiB
1        memory       0 bytes           0  ...   0 bytes      13.4 GiB     267.0 GiB

[2 rows x 9 columns]
2026-09-25 08:20:00.343 INFO Loading data (2021-10-12 00:00:00+00:00 -> 2021-11-11 00:00:00+00:00) done in 136.90s (real) and 168.39s (process)
2026-09-25 08:20:00.343 INFO Memory usage (start of timestep, peak): 243.18 GiB
2026-09-25 08:20:00.343 INFO Memory usage (start of timestep, current): 143.40 GiB
2026-09-25 08:20:00.343 INFO Calculating metrics
2026-09-25 08:20:00.344 INFO Calculating metric: schema_fulfillment_count
Warning: (SchemaFulfillmentCount) Unsupported IriStem prefix https:/
Warning: (SchemaFulfillmentCount) Unsupported IriStem prefix https:/
Warning: (SchemaFulfillmentCount) Unsupported IriStem prefix http://movatwitter.jugem.jp
Warning: (SchemaFulfillmentCount) Unsupported IriStem prefix http://movatwitter.jugem.jp
Warning: (SchemaFulfillmentCount) Unsupported IriStem prefix https:/
Warning: (SchemaFulfillmentCount) Unsupported IriStem prefix https:/
2026-09-25 08:22:16.767 INFO Calculating metric: schema_fulfillment
2026-09-25 08:22:33.106 INFO Memory usage (end of timestep, peak): 243.18 GiB
2026-09-25 08:22:33.106 INFO Memory usage (end of timestep, current): 144.32 GiB
2026-09-25 08:22:33.106 INFO (Iteration 109) schema_fulfillment_count: real 136.42s | cpu 227.76s
2026-09-25 08:22:33.106 INFO (Iteration 109) schema_fulfillment: real 16.34s | cpu 16.33s
2026-09-25 08:22:33.106 INFO Iteration 109 finished in 289.66s (real) and 412.49s (process)
2026-09-25 08:22:33.107 INFO Start timestep 2021-11-11 00:00:00+00:00 -> 2021-12-11 00:00:00+00:00
2026-09-25 08:24:00.329 INFO DuckDB memory logs:
  database_name database_size  block_size  ...  wal_size  memory_usage  memory_limit
0   postgres_db       6.4 TiB           0  ...   0 bytes       9.5 GiB     267.0 GiB
1        memory       0 bytes           0  ...   0 bytes       9.5 GiB     267.0 GiB

[2 rows x 9 columns]
2026-09-25 08:24:00.330 INFO Loading data (2021-11-11 00:00:00+00:00 -> 2021-12-11 00:00:00+00:00) done in 87.22s (real) and 57.47s (process)
2026-09-25 08:24:00.330 INFO Memory usage (start of timestep, peak): 243.18 GiB
2026-09-25 08:24:00.331 INFO Memory usage (start of timestep, current): 139.98 GiB
2026-09-25 08:24:00.331 INFO Calculating metrics
2026-09-25 08:24:00.331 INFO Calculating metric: schema_fulfillment_count
2026-09-25 08:27:42.739 INFO Calculating metric: schema_fulfillment
2026-09-25 08:28:01.580 INFO Memory usage (end of timestep, peak): 243.18 GiB
2026-09-25 08:28:01.581 INFO Memory usage (end of timestep, current): 143.22 GiB
2026-09-25 08:28:01.581 INFO (Iteration 110) schema_fulfillment_count: real 222.41s | cpu 334.57s
2026-09-25 08:28:01.581 INFO (Iteration 110) schema_fulfillment: real 18.84s | cpu 18.83s
2026-09-25 08:28:01.581 INFO Iteration 110 finished in 328.47s (real) and 410.87s (process)
2026-09-25 08:28:01.582 INFO Start timestep 2021-12-11 00:00:00+00:00 -> 2022-01-10 00:00:00+00:00
2026-09-25 08:29:38.962 INFO DuckDB memory logs:
  database_name database_size  block_size  ...  wal_size  memory_usage  memory_limit
0   postgres_db       6.4 TiB           0  ...   0 bytes      10.2 GiB     267.0 GiB
1        memory       0 bytes           0  ...   0 bytes      10.2 GiB     267.0 GiB

[2 rows x 9 columns]
2026-09-25 08:29:38.964 INFO Loading data (2021-12-11 00:00:00+00:00 -> 2022-01-10 00:00:00+00:00) done in 97.38s (real) and 65.76s (process)
2026-09-25 08:29:38.964 INFO Memory usage (start of timestep, peak): 243.18 GiB
2026-09-25 08:29:38.964 INFO Memory usage (start of timestep, current): 141.37 GiB
2026-09-25 08:29:38.965 INFO Calculating metrics
2026-09-25 08:29:38.965 INFO Calculating metric: schema_fulfillment_count
2026-09-25 08:37:38.087 INFO Calculating metric: schema_fulfillment
2026-09-25 08:37:50.346 INFO Memory usage (end of timestep, peak): 243.18 GiB
2026-09-25 08:37:50.347 INFO Memory usage (end of timestep, current): 142.12 GiB
2026-09-25 08:37:50.347 INFO (Iteration 111) schema_fulfillment_count: real 479.12s | cpu 570.42s
2026-09-25 08:37:50.347 INFO (Iteration 111) schema_fulfillment: real 12.26s | cpu 12.25s
2026-09-25 08:37:50.347 INFO Iteration 111 finished in 588.77s (real) and 648.43s (process)
2026-09-25 08:37:50.348 INFO Start timestep 2022-01-10 00:00:00+00:00 -> 2022-02-09 00:00:00+00:00
2026-09-25 08:38:46.460 INFO DuckDB memory logs:
  database_name database_size  block_size  ...  wal_size  memory_usage  memory_limit
0   postgres_db       6.4 TiB           0  ...   0 bytes       8.5 GiB     267.0 GiB
1        memory       0 bytes           0  ...   0 bytes       8.5 GiB     267.0 GiB

[2 rows x 9 columns]
2026-09-25 08:38:46.460 INFO Loading data (2022-01-10 00:00:00+00:00 -> 2022-02-09 00:00:00+00:00) done in 56.11s (real) and 41.56s (process)
2026-09-25 08:38:46.460 INFO Memory usage (start of timestep, peak): 243.18 GiB
2026-09-25 08:38:46.461 INFO Memory usage (start of timestep, current): 139.69 GiB
2026-09-25 08:38:46.461 INFO Calculating metrics
2026-09-25 08:38:46.461 INFO Calculating metric: schema_fulfillment_count
2026-09-25 08:41:17.942 INFO Calculating metric: schema_fulfillment
2026-09-25 08:41:30.603 INFO Memory usage (end of timestep, peak): 243.18 GiB
2026-09-25 08:41:30.603 INFO Memory usage (end of timestep, current): 155.15 GiB
2026-09-25 08:41:30.603 INFO (Iteration 112) schema_fulfillment_count: real 151.48s | cpu 228.02s
2026-09-25 08:41:30.603 INFO (Iteration 112) schema_fulfillment: real 12.66s | cpu 12.65s
2026-09-25 08:41:30.603 INFO Iteration 112 finished in 220.26s (real) and 282.23s (process)
2026-09-25 08:41:30.604 INFO Start timestep 2022-02-09 00:00:00+00:00 -> 2022-03-11 00:00:00+00:00
2026-09-25 08:42:36.047 INFO DuckDB memory logs:
  database_name database_size  block_size  ...  wal_size  memory_usage  memory_limit
0   postgres_db       6.4 TiB           0  ...   0 bytes      10.8 GiB     267.0 GiB
1        memory       0 bytes           0  ...   0 bytes      10.8 GiB     267.0 GiB

[2 rows x 9 columns]
2026-09-25 08:42:36.048 INFO Loading data (2022-02-09 00:00:00+00:00 -> 2022-03-11 00:00:00+00:00) done in 65.44s (real) and 51.25s (process)
2026-09-25 08:42:36.049 INFO Memory usage (start of timestep, peak): 243.18 GiB
2026-09-25 08:42:36.049 INFO Memory usage (start of timestep, current): 142.20 GiB
2026-09-25 08:42:36.049 INFO Calculating metrics
2026-09-25 08:42:36.049 INFO Calculating metric: schema_fulfillment_count
2026-09-25 08:44:34.909 INFO Calculating metric: schema_fulfillment
2026-09-25 08:44:43.713 INFO Memory usage (end of timestep, peak): 243.18 GiB
2026-09-25 08:44:43.714 INFO Memory usage (end of timestep, current): 148.39 GiB
2026-09-25 08:44:43.714 INFO (Iteration 113) schema_fulfillment_count: real 118.86s | cpu 196.18s
2026-09-25 08:44:43.714 INFO (Iteration 113) schema_fulfillment: real 8.80s | cpu 8.80s
2026-09-25 08:44:43.714 INFO Iteration 113 finished in 193.11s (real) and 256.23s (process)
2026-09-25 08:44:43.715 INFO Start timestep 2022-03-11 00:00:00+00:00 -> 2022-04-10 00:00:00+00:00
2026-09-25 08:46:13.064 INFO DuckDB memory logs:
  database_name database_size  block_size  ...  wal_size  memory_usage  memory_limit
0   postgres_db       6.4 TiB           0  ...   0 bytes       9.6 GiB     267.0 GiB
1        memory       0 bytes           0  ...   0 bytes       9.6 GiB     267.0 GiB

[2 rows x 9 columns]
2026-09-25 08:46:13.065 INFO Loading data (2022-03-11 00:00:00+00:00 -> 2022-04-10 00:00:00+00:00) done in 89.35s (real) and 59.96s (process)
2026-09-25 08:46:13.065 INFO Memory usage (start of timestep, peak): 243.18 GiB
2026-09-25 08:46:13.065 INFO Memory usage (start of timestep, current): 141.21 GiB
2026-09-25 08:46:13.065 INFO Calculating metrics
2026-09-25 08:46:13.066 INFO Calculating metric: schema_fulfillment_count
2026-09-25 08:48:37.847 INFO Calculating metric: schema_fulfillment
2026-09-25 08:48:50.722 INFO Memory usage (end of timestep, peak): 243.18 GiB
2026-09-25 08:48:50.722 INFO Memory usage (end of timestep, current): 154.86 GiB
2026-09-25 08:48:50.723 INFO (Iteration 114) schema_fulfillment_count: real 144.78s | cpu 225.07s
2026-09-25 08:48:50.723 INFO (Iteration 114) schema_fulfillment: real 12.87s | cpu 12.86s
2026-09-25 08:48:50.723 INFO Iteration 114 finished in 247.01s (real) and 297.89s (process)
2026-09-25 08:48:50.724 INFO Start timestep 2022-04-10 00:00:00+00:00 -> 2022-05-10 00:00:00+00:00
2026-09-25 08:50:45.068 INFO DuckDB memory logs:
  database_name database_size  block_size  ...  wal_size  memory_usage  memory_limit
0   postgres_db       6.4 TiB           0  ...   0 bytes      13.8 GiB     267.0 GiB
1        memory       0 bytes           0  ...   0 bytes      13.8 GiB     267.0 GiB

[2 rows x 9 columns]
2026-09-25 08:50:45.070 INFO Loading data (2022-04-10 00:00:00+00:00 -> 2022-05-10 00:00:00+00:00) done in 114.35s (real) and 81.09s (process)
2026-09-25 08:50:45.070 INFO Memory usage (start of timestep, peak): 243.18 GiB
2026-09-25 08:50:45.070 INFO Memory usage (start of timestep, current): 145.64 GiB
2026-09-25 08:50:45.070 INFO Calculating metrics
2026-09-25 08:50:45.070 INFO Calculating metric: schema_fulfillment_count
2026-09-25 08:53:02.379 INFO Calculating metric: schema_fulfillment
2026-09-25 08:53:12.754 INFO Memory usage (end of timestep, peak): 243.18 GiB
2026-09-25 08:53:12.754 INFO Memory usage (end of timestep, current): 146.80 GiB
2026-09-25 08:53:12.754 INFO (Iteration 115) schema_fulfillment_count: real 137.31s | cpu 227.25s
2026-09-25 08:53:12.754 INFO (Iteration 115) schema_fulfillment: real 10.37s | cpu 10.37s
2026-09-25 08:53:12.754 INFO Iteration 115 finished in 262.03s (real) and 318.70s (process)
2026-09-25 08:53:12.755 INFO Start timestep 2022-05-10 00:00:00+00:00 -> 2022-06-09 00:00:00+00:00
2026-09-25 08:54:45.993 INFO DuckDB memory logs:
  database_name database_size  block_size  ...  wal_size  memory_usage  memory_limit
0   postgres_db       6.4 TiB           0  ...   0 bytes      12.3 GiB     267.0 GiB
1        memory       0 bytes           0  ...   0 bytes      12.3 GiB     267.0 GiB

[2 rows x 9 columns]
2026-09-25 08:54:45.994 INFO Loading data (2022-05-10 00:00:00+00:00 -> 2022-06-09 00:00:00+00:00) done in 93.24s (real) and 65.43s (process)
2026-09-25 08:54:45.994 INFO Memory usage (start of timestep, peak): 243.18 GiB
2026-09-25 08:54:45.995 INFO Memory usage (start of timestep, current): 144.37 GiB
2026-09-25 08:54:45.995 INFO Calculating metrics
2026-09-25 08:54:45.995 INFO Calculating metric: schema_fulfillment_count
Warning: (SchemaFulfillmentCount) Unsupported IriStem prefix http://movatwitter.jugem.jp
2026-09-25 08:57:04.774 INFO Calculating metric: schema_fulfillment
2026-09-25 08:57:16.048 INFO Memory usage (end of timestep, peak): 243.18 GiB
2026-09-25 08:57:16.048 INFO Memory usage (end of timestep, current): 145.30 GiB
2026-09-25 08:57:16.048 INFO (Iteration 116) schema_fulfillment_count: real 138.78s | cpu 226.37s
2026-09-25 08:57:16.048 INFO (Iteration 116) schema_fulfillment: real 11.27s | cpu 11.26s
2026-09-25 08:57:16.048 INFO Iteration 116 finished in 243.29s (real) and 303.06s (process)
2026-09-25 08:57:16.049 INFO Start timestep 2022-06-09 00:00:00+00:00 -> 2022-07-09 00:00:00+00:00
2026-09-25 09:00:06.896 INFO DuckDB memory logs:
  database_name database_size  block_size  ...  wal_size  memory_usage  memory_limit
0   postgres_db       6.4 TiB           0  ...   0 bytes      20.0 GiB     267.0 GiB
1        memory       0 bytes           0  ...   0 bytes      20.0 GiB     267.0 GiB

[2 rows x 9 columns]
2026-09-25 09:00:06.898 INFO Loading data (2022-06-09 00:00:00+00:00 -> 2022-07-09 00:00:00+00:00) done in 170.85s (real) and 119.09s (process)
2026-09-25 09:00:06.898 INFO Memory usage (start of timestep, peak): 243.18 GiB
2026-09-25 09:00:06.898 INFO Memory usage (start of timestep, current): 152.10 GiB
2026-09-25 09:00:06.898 INFO Calculating metrics
2026-09-25 09:00:06.899 INFO Calculating metric: schema_fulfillment_count
2026-09-25 09:09:38.924 INFO Calculating metric: schema_fulfillment
2026-09-25 09:10:00.615 INFO Memory usage (end of timestep, peak): 243.18 GiB
2026-09-25 09:10:00.616 INFO Memory usage (end of timestep, current): 154.02 GiB
2026-09-25 09:10:00.616 INFO (Iteration 117) schema_fulfillment_count: real 572.03s | cpu 698.33s
2026-09-25 09:10:00.616 INFO (Iteration 117) schema_fulfillment: real 21.69s | cpu 21.68s
2026-09-25 09:10:00.616 INFO Iteration 117 finished in 764.57s (real) and 839.11s (process)
2026-09-25 09:10:00.617 INFO Start timestep 2022-07-09 00:00:00+00:00 -> 2022-08-08 00:00:00+00:00
2026-09-25 09:13:52.629 INFO DuckDB memory logs:
  database_name database_size  block_size  ...  wal_size  memory_usage  memory_limit
0   postgres_db       6.4 TiB           0  ...   0 bytes      23.3 GiB     267.0 GiB
1        memory       0 bytes           0  ...   0 bytes      23.3 GiB     267.0 GiB

[2 rows x 9 columns]
2026-09-25 09:13:52.630 INFO Loading data (2022-07-09 00:00:00+00:00 -> 2022-08-08 00:00:00+00:00) done in 232.01s (real) and 157.75s (process)
2026-09-25 09:13:52.630 INFO Memory usage (start of timestep, peak): 243.18 GiB
2026-09-25 09:13:52.631 INFO Memory usage (start of timestep, current): 156.09 GiB
2026-09-25 09:13:52.631 INFO Calculating metrics
2026-09-25 09:13:52.631 INFO Calculating metric: schema_fulfillment_count
Warning: (SchemaFulfillmentCount) Unsupported IriStem prefix https:/
2026-09-25 09:27:01.747 INFO Calculating metric: schema_fulfillment
2026-09-25 09:27:38.813 INFO Memory usage (end of timestep, peak): 243.18 GiB
2026-09-25 09:27:38.813 INFO Memory usage (end of timestep, current): 158.66 GiB
2026-09-25 09:27:38.814 INFO (Iteration 118) schema_fulfillment_count: real 789.12s | cpu 852.71s
2026-09-25 09:27:38.814 INFO (Iteration 118) schema_fulfillment: real 37.06s | cpu 37.04s
2026-09-25 09:27:38.814 INFO Iteration 118 finished in 1058.20s (real) and 1047.50s (process)
2026-09-25 09:27:38.816 INFO Start timestep 2022-08-08 00:00:00+00:00 -> 2022-09-07 00:00:00+00:00
2026-09-25 09:30:09.646 INFO DuckDB memory logs:
  database_name database_size  block_size  ...  wal_size  memory_usage  memory_limit
0   postgres_db       6.4 TiB           0  ...   0 bytes      17.1 GiB     267.0 GiB
1        memory       0 bytes           0  ...   0 bytes      17.1 GiB     267.0 GiB

[2 rows x 9 columns]
2026-09-25 09:30:09.647 INFO Loading data (2022-08-08 00:00:00+00:00 -> 2022-09-07 00:00:00+00:00) done in 150.83s (real) and 105.11s (process)
2026-09-25 09:30:09.648 INFO Memory usage (start of timestep, peak): 243.18 GiB
2026-09-25 09:30:09.648 INFO Memory usage (start of timestep, current): 151.39 GiB
2026-09-25 09:30:09.648 INFO Calculating metrics
2026-09-25 09:30:09.648 INFO Calculating metric: schema_fulfillment_count
2026-09-25 09:42:52.209 INFO Calculating metric: schema_fulfillment
2026-09-25 09:43:32.609 INFO Memory usage (end of timestep, peak): 243.18 GiB
2026-09-25 09:43:32.609 INFO Memory usage (end of timestep, current): 153.76 GiB
2026-09-25 09:43:32.609 INFO (Iteration 119) schema_fulfillment_count: real 762.56s | cpu 825.96s
2026-09-25 09:43:32.609 INFO (Iteration 119) schema_fulfillment: real 40.40s | cpu 40.38s
2026-09-25 09:43:32.609 INFO Iteration 119 finished in 953.79s (real) and 971.45s (process)
2026-09-25 09:43:32.611 INFO Start timestep 2022-09-07 00:00:00+00:00 -> 2022-10-07 00:00:00+00:00
2026-09-25 09:45:55.054 INFO DuckDB memory logs:
  database_name database_size  block_size  ...  wal_size  memory_usage  memory_limit
0   postgres_db       6.4 TiB           0  ...   0 bytes      20.7 GiB     267.0 GiB
1        memory       0 bytes           0  ...   0 bytes      20.7 GiB     267.0 GiB

[2 rows x 9 columns]
2026-09-25 09:45:55.056 INFO Loading data (2022-09-07 00:00:00+00:00 -> 2022-10-07 00:00:00+00:00) done in 142.44s (real) and 104.74s (process)
2026-09-25 09:45:55.056 INFO Memory usage (start of timestep, peak): 243.18 GiB
2026-09-25 09:45:55.056 INFO Memory usage (start of timestep, current): 155.44 GiB
2026-09-25 09:45:55.056 INFO Calculating metrics
2026-09-25 09:45:55.056 INFO Calculating metric: schema_fulfillment_count
Warning: (SchemaFulfillmentCount) Unsupported IriStem prefix http://movatwitter.jugem.jp
2026-09-25 09:51:48.788 INFO Calculating metric: schema_fulfillment
2026-09-25 09:52:21.568 INFO Memory usage (end of timestep, peak): 243.18 GiB
2026-09-25 09:52:21.569 INFO Memory usage (end of timestep, current): 156.69 GiB
2026-09-25 09:52:21.569 INFO (Iteration 120) schema_fulfillment_count: real 353.73s | cpu 516.79s
2026-09-25 09:52:21.569 INFO (Iteration 120) schema_fulfillment: real 32.78s | cpu 32.77s
2026-09-25 09:52:21.569 INFO Iteration 120 finished in 528.96s (real) and 654.30s (process)
2026-09-25 09:52:21.570 INFO Start timestep 2022-10-07 00:00:00+00:00 -> 2022-11-06 00:00:00+00:00
2026-09-25 09:55:23.532 INFO DuckDB memory logs:
  database_name database_size  block_size  ...  wal_size  memory_usage  memory_limit
0   postgres_db       6.4 TiB           0  ...   0 bytes      19.0 GiB     267.0 GiB
1        memory       0 bytes           0  ...   0 bytes      19.0 GiB     267.0 GiB

[2 rows x 9 columns]
2026-09-25 09:55:23.534 INFO Loading data (2022-10-07 00:00:00+00:00 -> 2022-11-06 00:00:00+00:00) done in 181.96s (real) and 123.93s (process)
2026-09-25 09:55:23.534 INFO Memory usage (start of timestep, peak): 243.18 GiB
2026-09-25 09:55:23.535 INFO Memory usage (start of timestep, current): 153.73 GiB
2026-09-25 09:55:23.535 INFO Calculating metrics
2026-09-25 09:55:23.535 INFO Calculating metric: schema_fulfillment_count
Warning: (SchemaFulfillmentCount) Unsupported IriStem prefix http://movatwitter.jugem.jp
2026-09-25 10:00:14.827 INFO Calculating metric: schema_fulfillment
2026-09-25 10:00:40.612 INFO Memory usage (end of timestep, peak): 243.18 GiB
2026-09-25 10:00:40.613 INFO Memory usage (end of timestep, current): 155.37 GiB
2026-09-25 10:00:40.613 INFO (Iteration 121) schema_fulfillment_count: real 291.29s | cpu 425.60s
2026-09-25 10:00:40.613 INFO (Iteration 121) schema_fulfillment: real 25.78s | cpu 25.77s
2026-09-25 10:00:40.613 INFO Iteration 121 finished in 499.04s (real) and 575.31s (process)
2026-09-25 10:00:40.614 INFO Start timestep 2022-11-06 00:00:00+00:00 -> 2022-12-06 00:00:00+00:00
2026-09-25 10:02:39.488 INFO DuckDB memory logs:
  database_name database_size  block_size  ...  wal_size  memory_usage  memory_limit
0   postgres_db       6.4 TiB           0  ...   0 bytes      15.6 GiB     267.0 GiB
1        memory       0 bytes           0  ...   0 bytes      15.6 GiB     267.0 GiB

[2 rows x 9 columns]
2026-09-25 10:02:39.489 INFO Loading data (2022-11-06 00:00:00+00:00 -> 2022-12-06 00:00:00+00:00) done in 118.88s (real) and 82.95s (process)
2026-09-25 10:02:39.489 INFO Memory usage (start of timestep, peak): 243.18 GiB
2026-09-25 10:02:39.490 INFO Memory usage (start of timestep, current): 150.74 GiB
2026-09-25 10:02:39.490 INFO Calculating metrics
2026-09-25 10:02:39.490 INFO Calculating metric: schema_fulfillment_count
2026-09-25 10:12:06.875 INFO Calculating metric: schema_fulfillment
2026-09-25 10:12:23.329 INFO Memory usage (end of timestep, peak): 243.18 GiB
2026-09-25 10:12:23.330 INFO Memory usage (end of timestep, current): 152.94 GiB
2026-09-25 10:12:23.330 INFO (Iteration 122) schema_fulfillment_count: real 567.38s | cpu 671.85s
2026-09-25 10:12:23.330 INFO (Iteration 122) schema_fulfillment: real 16.45s | cpu 16.44s
2026-09-25 10:12:23.330 INFO Iteration 122 finished in 702.72s (real) and 771.24s (process)
2026-09-25 10:12:23.332 INFO Start timestep 2022-12-06 00:00:00+00:00 -> 2023-01-05 00:00:00+00:00
2026-09-25 10:13:51.663 INFO DuckDB memory logs:
  database_name database_size  block_size  ...  wal_size  memory_usage  memory_limit
0   postgres_db       6.4 TiB           0  ...   0 bytes      11.6 GiB     267.0 GiB
1        memory       0 bytes           0  ...   0 bytes      11.6 GiB     267.0 GiB

[2 rows x 9 columns]
2026-09-25 10:13:51.664 INFO Loading data (2022-12-06 00:00:00+00:00 -> 2023-01-05 00:00:00+00:00) done in 88.33s (real) and 63.88s (process)
2026-09-25 10:13:51.664 INFO Memory usage (start of timestep, peak): 243.18 GiB
2026-09-25 10:13:51.665 INFO Memory usage (start of timestep, current): 147.27 GiB
2026-09-25 10:13:51.665 INFO Calculating metrics
2026-09-25 10:13:51.665 INFO Calculating metric: schema_fulfillment_count
2026-09-25 10:16:23.171 INFO Calculating metric: schema_fulfillment
2026-09-25 10:16:36.154 INFO Memory usage (end of timestep, peak): 243.18 GiB
2026-09-25 10:16:36.154 INFO Memory usage (end of timestep, current): 148.09 GiB
2026-09-25 10:16:36.154 INFO (Iteration 123) schema_fulfillment_count: real 151.51s | cpu 245.09s
2026-09-25 10:16:36.154 INFO (Iteration 123) schema_fulfillment: real 12.98s | cpu 12.96s
2026-09-25 10:16:36.155 INFO Iteration 123 finished in 252.82s (real) and 321.94s (process)
2026-09-25 10:16:36.156 INFO Start timestep 2023-01-05 00:00:00+00:00 -> 2023-02-04 00:00:00+00:00
2026-09-25 10:18:35.647 INFO DuckDB memory logs:
  database_name database_size  block_size  ...  wal_size  memory_usage  memory_limit
0   postgres_db       6.4 TiB           0  ...   0 bytes      15.5 GiB     267.0 GiB
1        memory       0 bytes           0  ...   0 bytes      15.5 GiB     267.0 GiB

[2 rows x 9 columns]
2026-09-25 10:18:35.647 INFO Loading data (2023-01-05 00:00:00+00:00 -> 2023-02-04 00:00:00+00:00) done in 119.49s (real) and 144.42s (process)
2026-09-25 10:18:35.648 INFO Memory usage (start of timestep, peak): 243.18 GiB
2026-09-25 10:18:35.648 INFO Memory usage (start of timestep, current): 151.10 GiB
2026-09-25 10:18:35.648 INFO Calculating metrics
2026-09-25 10:18:35.648 INFO Calculating metric: schema_fulfillment_count
2026-09-25 10:21:28.283 INFO Calculating metric: schema_fulfillment
2026-09-25 10:21:41.638 INFO Memory usage (end of timestep, peak): 243.18 GiB
2026-09-25 10:21:41.638 INFO Memory usage (end of timestep, current): 152.08 GiB
2026-09-25 10:21:41.638 INFO (Iteration 124) schema_fulfillment_count: real 172.63s | cpu 319.71s
2026-09-25 10:21:41.638 INFO (Iteration 124) schema_fulfillment: real 13.35s | cpu 13.34s
2026-09-25 10:21:41.638 INFO Iteration 124 finished in 305.48s (real) and 477.47s (process)
2026-09-25 10:21:41.639 INFO Start timestep 2023-02-04 00:00:00+00:00 -> 2023-03-06 00:00:00+00:00
2026-09-25 10:23:37.251 INFO DuckDB memory logs:
  database_name database_size  block_size  ...  wal_size  memory_usage  memory_limit
0   postgres_db       6.4 TiB           0  ...   0 bytes      14.4 GiB     267.0 GiB
1        memory       0 bytes           0  ...   0 bytes      14.4 GiB     267.0 GiB

[2 rows x 9 columns]
2026-09-25 10:23:37.252 INFO Loading data (2023-02-04 00:00:00+00:00 -> 2023-03-06 00:00:00+00:00) done in 115.61s (real) and 82.77s (process)
2026-09-25 10:23:37.252 INFO Memory usage (start of timestep, peak): 243.18 GiB
2026-09-25 10:23:37.252 INFO Memory usage (start of timestep, current): 150.33 GiB
2026-09-25 10:23:37.252 INFO Calculating metrics
2026-09-25 10:23:37.252 INFO Calculating metric: schema_fulfillment_count
Warning: (SchemaFulfillmentCount) Unsupported IriStem prefix https:/
Warning: (SchemaFulfillmentCount) Unsupported IriStem prefix https:/
Warning: (SchemaFulfillmentCount) Unsupported IriStem prefix https:/
2026-09-25 10:26:01.449 INFO Calculating metric: schema_fulfillment
2026-09-25 10:26:10.935 INFO Memory usage (end of timestep, peak): 243.18 GiB
2026-09-25 10:26:10.936 INFO Memory usage (end of timestep, current): 151.09 GiB
2026-09-25 10:26:10.936 INFO (Iteration 125) schema_fulfillment_count: real 144.20s | cpu 266.50s
2026-09-25 10:26:10.936 INFO (Iteration 125) schema_fulfillment: real 9.49s | cpu 9.48s
2026-09-25 10:26:10.936 INFO Iteration 125 finished in 269.30s (real) and 358.75s (process)
2026-09-25 10:26:10.937 INFO Start timestep 2023-03-06 00:00:00+00:00 -> 2023-04-05 00:00:00+00:00
2026-09-25 10:28:12.845 INFO DuckDB memory logs:
  database_name database_size  block_size  ...  wal_size  memory_usage  memory_limit
0   postgres_db       6.4 TiB           0  ...   0 bytes      13.7 GiB     267.0 GiB
1        memory       0 bytes           0  ...   0 bytes      13.7 GiB     267.0 GiB

[2 rows x 9 columns]
2026-09-25 10:28:12.846 INFO Loading data (2023-03-06 00:00:00+00:00 -> 2023-04-05 00:00:00+00:00) done in 121.91s (real) and 83.65s (process)
2026-09-25 10:28:12.847 INFO Memory usage (start of timestep, peak): 243.18 GiB
2026-09-25 10:28:12.847 INFO Memory usage (start of timestep, current): 149.74 GiB
2026-09-25 10:28:12.847 INFO Calculating metrics
2026-09-25 10:28:12.847 INFO Calculating metric: schema_fulfillment_count
2026-09-25 10:30:42.294 INFO Calculating metric: schema_fulfillment
2026-09-25 10:30:52.816 INFO Memory usage (end of timestep, peak): 243.18 GiB
2026-09-25 10:30:52.817 INFO Memory usage (end of timestep, current): 150.87 GiB
2026-09-25 10:30:52.817 INFO (Iteration 126) schema_fulfillment_count: real 149.45s | cpu 256.01s
2026-09-25 10:30:52.817 INFO (Iteration 126) schema_fulfillment: real 10.52s | cpu 10.48s
2026-09-25 10:30:52.817 INFO Iteration 126 finished in 281.88s (real) and 350.14s (process)
2026-09-25 10:30:52.818 INFO Start timestep 2023-04-05 00:00:00+00:00 -> 2023-05-05 00:00:00+00:00
2026-09-25 10:32:20.675 INFO DuckDB memory logs:
  database_name database_size  block_size  ...  wal_size  memory_usage  memory_limit
0   postgres_db       6.4 TiB           0  ...   0 bytes      12.3 GiB     267.0 GiB
1        memory       0 bytes           0  ...   0 bytes      12.3 GiB     267.0 GiB

[2 rows x 9 columns]
2026-09-25 10:32:20.676 INFO Loading data (2023-04-05 00:00:00+00:00 -> 2023-05-05 00:00:00+00:00) done in 87.86s (real) and 62.38s (process)
2026-09-25 10:32:20.677 INFO Memory usage (start of timestep, peak): 243.18 GiB
2026-09-25 10:32:20.677 INFO Memory usage (start of timestep, current): 148.58 GiB
2026-09-25 10:32:20.677 INFO Calculating metrics
2026-09-25 10:32:20.677 INFO Calculating metric: schema_fulfillment_count
2026-09-25 10:40:57.515 INFO Calculating metric: schema_fulfillment
2026-09-25 10:41:07.314 INFO Memory usage (end of timestep, peak): 243.18 GiB
2026-09-25 10:41:07.315 INFO Memory usage (end of timestep, current): 149.80 GiB
2026-09-25 10:41:07.315 INFO (Iteration 127) schema_fulfillment_count: real 516.84s | cpu 639.05s
2026-09-25 10:41:07.315 INFO (Iteration 127) schema_fulfillment: real 9.80s | cpu 9.77s
2026-09-25 10:41:07.315 INFO Iteration 127 finished in 614.50s (real) and 711.20s (process)
2026-09-25 10:41:07.316 INFO Start timestep 2023-05-05 00:00:00+00:00 -> 2023-06-04 00:00:00+00:00
2026-09-25 10:43:35.370 INFO DuckDB memory logs:
  database_name database_size  block_size  ...  wal_size  memory_usage  memory_limit
0   postgres_db       6.4 TiB           0  ...   0 bytes      18.8 GiB     267.0 GiB
1        memory       0 bytes           0  ...   0 bytes      18.8 GiB     267.0 GiB

[2 rows x 9 columns]
2026-09-25 10:43:35.371 INFO Loading data (2023-05-05 00:00:00+00:00 -> 2023-06-04 00:00:00+00:00) done in 148.06s (real) and 104.25s (process)
2026-09-25 10:43:35.372 INFO Memory usage (start of timestep, peak): 243.18 GiB
2026-09-25 10:43:35.372 INFO Memory usage (start of timestep, current): 155.12 GiB
2026-09-25 10:43:35.372 INFO Calculating metrics
2026-09-25 10:43:35.372 INFO Calculating metric: schema_fulfillment_count
2026-09-25 10:50:34.364 INFO Calculating metric: schema_fulfillment
2026-09-25 10:51:14.565 INFO Memory usage (end of timestep, peak): 243.18 GiB
2026-09-25 10:51:14.565 INFO Memory usage (end of timestep, current): 157.52 GiB
2026-09-25 10:51:14.565 INFO (Iteration 128) schema_fulfillment_count: real 418.99s | cpu 582.81s
2026-09-25 10:51:14.565 INFO (Iteration 128) schema_fulfillment: real 40.20s | cpu 40.18s
2026-09-25 10:51:14.565 INFO Iteration 128 finished in 607.25s (real) and 727.24s (process)
2026-09-25 10:51:14.566 INFO Start timestep 2023-06-04 00:00:00+00:00 -> 2023-07-04 00:00:00+00:00
2026-09-25 10:54:21.280 INFO DuckDB memory logs:
  database_name database_size  block_size  ...  wal_size  memory_usage  memory_limit
0   postgres_db       6.4 TiB           0  ...   0 bytes      22.9 GiB     267.0 GiB
1        memory       0 bytes           0  ...   0 bytes      22.9 GiB     267.0 GiB

[2 rows x 9 columns]
2026-09-25 10:54:21.281 INFO Loading data (2023-06-04 00:00:00+00:00 -> 2023-07-04 00:00:00+00:00) done in 186.71s (real) and 131.23s (process)
2026-09-25 10:54:21.281 INFO Memory usage (start of timestep, peak): 243.18 GiB
2026-09-25 10:54:21.281 INFO Memory usage (start of timestep, current): 160.87 GiB
2026-09-25 10:54:21.281 INFO Calculating metrics
2026-09-25 10:54:21.282 INFO Calculating metric: schema_fulfillment_count
Warning: (SchemaFulfillmentCount) Unsupported IriStem prefix https://stackoverflow.com/tags
2026-09-25 11:02:05.509 INFO Calculating metric: schema_fulfillment
2026-09-25 11:02:48.176 INFO Memory usage (end of timestep, peak): 250.78 GiB
2026-09-25 11:02:48.176 INFO Memory usage (end of timestep, current): 162.87 GiB
2026-09-25 11:02:48.176 INFO (Iteration 129) schema_fulfillment_count: real 464.23s | cpu 707.37s
2026-09-25 11:02:48.176 INFO (Iteration 129) schema_fulfillment: real 42.67s | cpu 42.66s
2026-09-25 11:02:48.176 INFO Iteration 129 finished in 693.61s (real) and 881.25s (process)
2026-09-25 11:02:48.178 INFO Start timestep 2023-07-04 00:00:00+00:00 -> 2023-08-03 00:00:00+00:00
2026-09-25 11:04:58.984 INFO DuckDB memory logs:
  database_name database_size  block_size  ...  wal_size  memory_usage  memory_limit
0   postgres_db       6.4 TiB           0  ...   0 bytes      17.1 GiB     267.0 GiB
1        memory       0 bytes           0  ...   0 bytes      17.1 GiB     267.0 GiB

[2 rows x 9 columns]
2026-09-25 11:04:58.985 INFO Loading data (2023-07-04 00:00:00+00:00 -> 2023-08-03 00:00:00+00:00) done in 130.81s (real) and 92.93s (process)
2026-09-25 11:04:58.985 INFO Memory usage (start of timestep, peak): 250.78 GiB
2026-09-25 11:04:58.986 INFO Memory usage (start of timestep, current): 156.45 GiB
2026-09-25 11:04:58.986 INFO Calculating metrics
2026-09-25 11:04:58.986 INFO Calculating metric: schema_fulfillment_count
Warning: (SchemaFulfillmentCount) Unsupported IriStem prefix http://movatwitter.jugem.jp
Warning: (SchemaFulfillmentCount) Unsupported IriStem prefix http://movatwitter.jugem.jp
2026-09-25 11:17:49.621 INFO Calculating metric: schema_fulfillment
2026-09-25 11:18:25.722 INFO Memory usage (end of timestep, peak): 250.78 GiB
2026-09-25 11:18:25.722 INFO Memory usage (end of timestep, current): 158.19 GiB
2026-09-25 11:18:25.722 INFO (Iteration 130) schema_fulfillment_count: real 770.64s | cpu 926.26s
2026-09-25 11:18:25.722 INFO (Iteration 130) schema_fulfillment: real 36.10s | cpu 36.06s
2026-09-25 11:18:25.722 INFO Iteration 130 finished in 937.54s (real) and 1055.25s (process)
2026-09-25 11:18:25.723 INFO Start timestep 2023-08-03 00:00:00+00:00 -> 2023-09-02 00:00:00+00:00
2026-09-25 11:21:39.720 INFO DuckDB memory logs:
  database_name database_size  block_size  ...  wal_size  memory_usage  memory_limit
0   postgres_db       6.4 TiB           0  ...   0 bytes      22.3 GiB     267.0 GiB
1        memory       0 bytes           0  ...   0 bytes      22.3 GiB     267.0 GiB

[2 rows x 9 columns]
2026-09-25 11:21:39.721 INFO Loading data (2023-08-03 00:00:00+00:00 -> 2023-09-02 00:00:00+00:00) done in 194.00s (real) and 131.70s (process)
2026-09-25 11:21:39.721 INFO Memory usage (start of timestep, peak): 250.78 GiB
2026-09-25 11:21:39.721 INFO Memory usage (start of timestep, current): 162.56 GiB
2026-09-25 11:21:39.721 INFO Calculating metrics
2026-09-25 11:21:39.722 INFO Calculating metric: schema_fulfillment_count
2026-09-25 11:30:10.259 INFO Calculating metric: schema_fulfillment
2026-09-25 11:31:03.159 INFO Memory usage (end of timestep, peak): 250.78 GiB
2026-09-25 11:31:03.160 INFO Memory usage (end of timestep, current): 164.97 GiB
2026-09-25 11:31:03.160 INFO (Iteration 131) schema_fulfillment_count: real 510.54s | cpu 742.45s
2026-09-25 11:31:03.160 INFO (Iteration 131) schema_fulfillment: real 52.90s | cpu 52.88s
2026-09-25 11:31:03.160 INFO Iteration 131 finished in 757.44s (real) and 927.03s (process)
2026-09-25 11:31:03.161 INFO Start timestep 2023-09-02 00:00:00+00:00 -> 2023-10-02 00:00:00+00:00
2026-09-25 11:32:48.066 INFO DuckDB memory logs:
  database_name database_size  block_size  ...  wal_size  memory_usage  memory_limit
0   postgres_db       6.4 TiB           0  ...   0 bytes      14.0 GiB     267.0 GiB
1        memory       0 bytes           0  ...   0 bytes      14.0 GiB     267.0 GiB

[2 rows x 9 columns]
2026-09-25 11:32:48.068 INFO Loading data (2023-09-02 00:00:00+00:00 -> 2023-10-02 00:00:00+00:00) done in 104.91s (real) and 74.03s (process)
2026-09-25 11:32:48.068 INFO Memory usage (start of timestep, peak): 250.78 GiB
2026-09-25 11:32:48.068 INFO Memory usage (start of timestep, current): 156.10 GiB
2026-09-25 11:32:48.068 INFO Calculating metrics
2026-09-25 11:32:48.068 INFO Calculating metric: schema_fulfillment_count
Warning: (SchemaFulfillmentCount) Unsupported IriStem prefix https://stackoverflow.com/tags
2026-09-25 11:38:24.179 INFO Calculating metric: schema_fulfillment
2026-09-25 11:38:55.707 INFO Memory usage (end of timestep, peak): 250.78 GiB
2026-09-25 11:38:55.708 INFO Memory usage (end of timestep, current): 157.06 GiB
2026-09-25 11:38:55.708 INFO (Iteration 132) schema_fulfillment_count: real 336.11s | cpu 542.36s
2026-09-25 11:38:55.708 INFO (Iteration 132) schema_fulfillment: real 31.53s | cpu 31.52s
2026-09-25 11:38:55.708 INFO Iteration 132 finished in 472.55s (real) and 647.91s (process)
2026-09-25 11:38:55.712 INFO Start timestep 2023-10-02 00:00:00+00:00 -> 2023-11-01 00:00:00+00:00
2026-09-25 11:39:52.205 INFO DuckDB memory logs:
  database_name database_size  block_size  ...  wal_size  memory_usage  memory_limit
0   postgres_db       6.4 TiB           0  ...   0 bytes      10.2 GiB     267.0 GiB
1        memory       0 bytes           0  ...   0 bytes      10.2 GiB     267.0 GiB

[2 rows x 9 columns]
2026-09-25 11:39:52.205 INFO Loading data (2023-10-02 00:00:00+00:00 -> 2023-11-01 00:00:00+00:00) done in 56.49s (real) and 60.65s (process)
2026-09-25 11:39:52.205 INFO Memory usage (start of timestep, peak): 250.78 GiB
2026-09-25 11:39:52.205 INFO Memory usage (start of timestep, current): 155.30 GiB
2026-09-25 11:39:52.205 INFO Calculating metrics
2026-09-25 11:39:52.205 INFO Calculating metric: schema_fulfillment_count
Warning: (SchemaFulfillmentCount) Unsupported IriStem prefix http://movatwitter.jugem.jp
2026-09-25 11:51:56.246 INFO Calculating metric: schema_fulfillment
2026-09-25 11:52:17.094 INFO Memory usage (end of timestep, peak): 250.78 GiB
2026-09-25 11:52:17.094 INFO Memory usage (end of timestep, current): 153.46 GiB
2026-09-25 11:52:17.094 INFO (Iteration 133) schema_fulfillment_count: real 724.04s | cpu 864.81s
2026-09-25 11:52:17.094 INFO (Iteration 133) schema_fulfillment: real 20.84s | cpu 20.84s
2026-09-25 11:52:17.094 INFO Iteration 133 finished in 801.38s (real) and 946.30s (process)
2026-09-25 11:52:17.096 INFO Start timestep 2023-11-01 00:00:00+00:00 -> 2023-12-01 00:00:00+00:00
2026-09-25 11:53:14.780 INFO DuckDB memory logs:
  database_name database_size  block_size  ...  wal_size  memory_usage  memory_limit
0   postgres_db       6.4 TiB           0  ...   0 bytes       9.9 GiB     267.0 GiB
1        memory       0 bytes           0  ...   0 bytes       9.9 GiB     267.0 GiB

[2 rows x 9 columns]
2026-09-25 11:53:14.780 INFO Loading data (2023-11-01 00:00:00+00:00 -> 2023-12-01 00:00:00+00:00) done in 57.68s (real) and 50.29s (process)
2026-09-25 11:53:14.780 INFO Memory usage (start of timestep, peak): 250.78 GiB
2026-09-25 11:53:14.781 INFO Memory usage (start of timestep, current): 152.38 GiB
2026-09-25 11:53:14.781 INFO Calculating metrics
2026-09-25 11:53:14.781 INFO Calculating metric: schema_fulfillment_count
2026-09-25 11:56:56.255 INFO Calculating metric: schema_fulfillment
2026-09-25 11:57:16.678 INFO Memory usage (end of timestep, peak): 250.78 GiB
2026-09-25 11:57:16.679 INFO Memory usage (end of timestep, current): 153.06 GiB
2026-09-25 11:57:16.679 INFO (Iteration 134) schema_fulfillment_count: real 221.47s | cpu 368.11s
2026-09-25 11:57:16.679 INFO (Iteration 134) schema_fulfillment: real 20.42s | cpu 20.36s
2026-09-25 11:57:16.679 INFO Iteration 134 finished in 299.58s (real) and 438.77s (process)
2026-09-25 11:57:16.681 INFO Start timestep 2023-12-01 00:00:00+00:00 -> 2023-12-31 00:00:00+00:00
2026-09-25 11:58:16.862 INFO DuckDB memory logs:
  database_name database_size  block_size  ...  wal_size  memory_usage  memory_limit
0   postgres_db       6.4 TiB           0  ...   0 bytes      10.4 GiB     267.0 GiB
1        memory       0 bytes           0  ...   0 bytes      10.4 GiB     267.0 GiB

[2 rows x 9 columns]
2026-09-25 11:58:16.862 INFO Loading data (2023-12-01 00:00:00+00:00 -> 2023-12-31 00:00:00+00:00) done in 60.18s (real) and 50.58s (process)
2026-09-25 11:58:16.862 INFO Memory usage (start of timestep, peak): 250.78 GiB
2026-09-25 11:58:16.863 INFO Memory usage (start of timestep, current): 152.94 GiB
2026-09-25 11:58:16.863 INFO Calculating metrics
2026-09-25 11:58:16.863 INFO Calculating metric: schema_fulfillment_count
2026-09-25 12:00:56.809 INFO Calculating metric: schema_fulfillment
2026-09-25 12:01:12.568 INFO Memory usage (end of timestep, peak): 250.78 GiB
2026-09-25 12:01:12.568 INFO Memory usage (end of timestep, current): 153.56 GiB
2026-09-25 12:01:12.568 INFO (Iteration 135) schema_fulfillment_count: real 159.95s | cpu 281.71s
2026-09-25 12:01:12.568 INFO (Iteration 135) schema_fulfillment: real 15.76s | cpu 15.75s
2026-09-25 12:01:12.568 INFO Iteration 135 finished in 235.89s (real) and 348.04s (process)
2026-09-25 12:01:12.571 INFO Start timestep 2023-12-31 00:00:00+00:00 -> 2024-01-30 00:00:00+00:00
2026-09-25 12:02:20.523 INFO DuckDB memory logs:
  database_name database_size  block_size  ...  wal_size  memory_usage  memory_limit
0   postgres_db       6.4 TiB           0  ...   0 bytes      12.7 GiB     267.0 GiB
1        memory       0 bytes           0  ...   0 bytes      12.7 GiB     267.0 GiB

[2 rows x 9 columns]
2026-09-25 12:02:20.527 INFO Loading data (2023-12-31 00:00:00+00:00 -> 2024-01-30 00:00:00+00:00) done in 67.96s (real) and 56.22s (process)
2026-09-25 12:02:20.527 INFO Memory usage (start of timestep, peak): 250.78 GiB
2026-09-25 12:02:20.527 INFO Memory usage (start of timestep, current): 155.26 GiB
2026-09-25 12:02:20.527 INFO Calculating metrics
2026-09-25 12:02:20.527 INFO Calculating metric: schema_fulfillment_count
Warning: (SchemaFulfillmentCount) Unsupported IriStem prefix http://movatwitter.jugem.jp
Warning: (SchemaFulfillmentCount) Unsupported IriStem prefix http://movatwitter.jugem.jp
Warning: (SchemaFulfillmentCount) Unsupported IriStem prefix http://movatwitter.jugem.jp
2026-09-25 12:05:00.897 INFO Calculating metric: schema_fulfillment
2026-09-25 12:05:14.275 INFO Memory usage (end of timestep, peak): 250.78 GiB
2026-09-25 12:05:14.275 INFO Memory usage (end of timestep, current): 156.73 GiB
2026-09-25 12:05:14.275 INFO (Iteration 136) schema_fulfillment_count: real 160.37s | cpu 286.96s
2026-09-25 12:05:14.275 INFO (Iteration 136) schema_fulfillment: real 13.38s | cpu 13.30s
2026-09-25 12:05:14.275 INFO Iteration 136 finished in 241.70s (real) and 356.48s (process)
2026-09-25 12:05:14.276 INFO Start timestep 2024-01-30 00:00:00+00:00 -> 2024-02-29 00:00:00+00:00
2026-09-25 12:06:33.402 INFO DuckDB memory logs:
  database_name database_size  block_size  ...  wal_size  memory_usage  memory_limit
0   postgres_db       6.4 TiB           0  ...   0 bytes      11.3 GiB     267.0 GiB
1        memory       0 bytes           0  ...   0 bytes      11.3 GiB     267.0 GiB

[2 rows x 9 columns]
2026-09-25 12:06:33.403 INFO Loading data (2024-01-30 00:00:00+00:00 -> 2024-02-29 00:00:00+00:00) done in 79.13s (real) and 58.53s (process)
2026-09-25 12:06:33.403 INFO Memory usage (start of timestep, peak): 250.78 GiB
2026-09-25 12:06:33.403 INFO Memory usage (start of timestep, current): 153.99 GiB
2026-09-25 12:06:33.403 INFO Calculating metrics
2026-09-25 12:06:33.403 INFO Calculating metric: schema_fulfillment_count
2026-09-25 12:17:52.274 INFO Calculating metric: schema_fulfillment
2026-09-25 12:18:09.524 INFO Memory usage (end of timestep, peak): 250.78 GiB
2026-09-25 12:18:09.524 INFO Memory usage (end of timestep, current): 154.93 GiB
2026-09-25 12:18:09.525 INFO (Iteration 137) schema_fulfillment_count: real 678.87s | cpu 801.67s
2026-09-25 12:18:09.525 INFO (Iteration 137) schema_fulfillment: real 17.25s | cpu 17.23s
2026-09-25 12:18:09.525 INFO Iteration 137 finished in 775.25s (real) and 877.43s (process)
2026-09-25 12:18:09.526 INFO Start timestep 2024-02-29 00:00:00+00:00 -> 2024-03-30 00:00:00+00:00
2026-09-25 12:20:12.877 INFO DuckDB memory logs:
  database_name database_size  block_size  ...  wal_size  memory_usage  memory_limit
0   postgres_db       6.4 TiB           0  ...   0 bytes      14.6 GiB     267.0 GiB
1        memory       0 bytes           0  ...   0 bytes      14.6 GiB     267.0 GiB

[2 rows x 9 columns]
2026-09-25 12:20:12.878 INFO Loading data (2024-02-29 00:00:00+00:00 -> 2024-03-30 00:00:00+00:00) done in 123.35s (real) and 87.01s (process)
2026-09-25 12:20:12.878 INFO Memory usage (start of timestep, peak): 250.78 GiB
2026-09-25 12:20:12.878 INFO Memory usage (start of timestep, current): 157.46 GiB
2026-09-25 12:20:12.878 INFO Calculating metrics
2026-09-25 12:20:12.879 INFO Calculating metric: schema_fulfillment_count
2026-09-25 12:24:12.139 INFO Calculating metric: schema_fulfillment
2026-09-25 12:24:35.424 INFO Memory usage (end of timestep, peak): 250.78 GiB
2026-09-25 12:24:35.424 INFO Memory usage (end of timestep, current): 158.68 GiB
2026-09-25 12:24:35.424 INFO (Iteration 138) schema_fulfillment_count: real 239.26s | cpu 389.89s
2026-09-25 12:24:35.424 INFO (Iteration 138) schema_fulfillment: real 23.28s | cpu 23.28s
2026-09-25 12:24:35.425 INFO Iteration 138 finished in 385.90s (real) and 500.18s (process)
2026-09-25 12:24:35.426 INFO Start timestep 2024-03-30 00:00:00+00:00 -> 2024-04-29 00:00:00+00:00
2026-09-25 12:26:44.178 INFO DuckDB memory logs:
  database_name database_size  block_size  ...  wal_size  memory_usage  memory_limit
0   postgres_db       6.4 TiB           0  ...   0 bytes      15.1 GiB     267.0 GiB
1        memory       0 bytes           0  ...   0 bytes      15.1 GiB     267.0 GiB

[2 rows x 9 columns]
2026-09-25 12:26:44.179 INFO Loading data (2024-03-30 00:00:00+00:00 -> 2024-04-29 00:00:00+00:00) done in 128.75s (real) and 93.20s (process)
2026-09-25 12:26:44.180 INFO Memory usage (start of timestep, peak): 250.78 GiB
2026-09-25 12:26:44.180 INFO Memory usage (start of timestep, current): 158.43 GiB
2026-09-25 12:26:44.180 INFO Calculating metrics
2026-09-25 12:26:44.180 INFO Calculating metric: schema_fulfillment_count
Warning: (SchemaFulfillmentCount) Unsupported IriStem prefix http://movatwitter.jugem.jp
Warning: (SchemaFulfillmentCount) Unsupported IriStem prefix http://movatwitter.jugem.jp
2026-09-25 12:31:02.142 INFO Calculating metric: schema_fulfillment
2026-09-25 12:31:31.073 INFO Memory usage (end of timestep, peak): 250.78 GiB
2026-09-25 12:31:31.073 INFO Memory usage (end of timestep, current): 159.72 GiB
2026-09-25 12:31:31.073 INFO (Iteration 139) schema_fulfillment_count: real 257.96s | cpu 389.41s
2026-09-25 12:31:31.073 INFO (Iteration 139) schema_fulfillment: real 28.93s | cpu 28.75s
2026-09-25 12:31:31.073 INFO Iteration 139 finished in 415.65s (real) and 511.37s (process)
2026-09-25 12:31:31.074 INFO Start timestep 2024-04-29 00:00:00+00:00 -> 2024-05-29 00:00:00+00:00
2026-09-25 12:33:54.329 INFO DuckDB memory logs:
  database_name database_size  block_size  ...  wal_size  memory_usage  memory_limit
0   postgres_db       6.4 TiB           0  ...   0 bytes      18.3 GiB     267.0 GiB
1        memory       0 bytes           0  ...   0 bytes      18.3 GiB     267.0 GiB

[2 rows x 9 columns]
2026-09-25 12:33:54.331 INFO Loading data (2024-04-29 00:00:00+00:00 -> 2024-05-29 00:00:00+00:00) done in 143.26s (real) and 105.05s (process)
2026-09-25 12:33:54.331 INFO Memory usage (start of timestep, peak): 250.78 GiB
2026-09-25 12:33:54.331 INFO Memory usage (start of timestep, current): 162.05 GiB
2026-09-25 12:33:54.331 INFO Calculating metrics
2026-09-25 12:33:54.331 INFO Calculating metric: schema_fulfillment_count
Warning: (SchemaFulfillmentCount) Unsupported type of allowed value constraint in entity schemas: IriStemRange
Warning: (SchemaFulfillmentCount) Unsupported type of allowed value constraint in entity schemas: IriStemRange
Warning: (SchemaFulfillmentCount) Unsupported type of allowed value constraint in entity schemas: IriStemRange
Warning: (SchemaFulfillmentCount) Unsupported type of allowed value constraint in entity schemas: IriStemRange
Warning: (SchemaFulfillmentCount) Unsupported type of allowed value constraint in entity schemas: IriStemRange
Warning: (SchemaFulfillmentCount) Unsupported type of allowed value constraint in entity schemas: IriStemRange
Warning: (SchemaFulfillmentCount) Unsupported type of allowed value constraint in entity schemas: IriStemRange
Warning: (SchemaFulfillmentCount) Unsupported type of allowed value constraint in entity schemas: IriStemRange
Warning: (SchemaFulfillmentCount) Unsupported type of allowed value constraint in entity schemas: IriStemRange
Warning: (SchemaFulfillmentCount) Unsupported type of allowed value constraint in entity schemas: IriStemRange
Warning: (SchemaFulfillmentCount) Unsupported type of allowed value constraint in entity schemas: IriStemRange
Warning: (SchemaFulfillmentCount) Unsupported type of allowed value constraint in entity schemas: IriStemRange
Warning: (SchemaFulfillmentCount) Unsupported type of allowed value constraint in entity schemas: IriStemRange
Warning: (SchemaFulfillmentCount) Unsupported type of allowed value constraint in entity schemas: IriStemRange
Warning: (SchemaFulfillmentCount) Unsupported type of allowed value constraint in entity schemas: IriStemRange
Warning: (SchemaFulfillmentCount) Unsupported IriStem prefix http://movatwitter.jugem.jp
Warning: (SchemaFulfillmentCount) Unsupported IriStem prefix http://movatwitter.jugem.jp
Warning: (SchemaFulfillmentCount) Unsupported type of allowed value constraint in entity schemas: IriStemRange
Warning: (SchemaFulfillmentCount) Unsupported type of allowed value constraint in entity schemas: IriStemRange
Warning: (SchemaFulfillmentCount) Unsupported type of allowed value constraint in entity schemas: IriStemRange
Warning: (SchemaFulfillmentCount) Unsupported type of allowed value constraint in entity schemas: IriStemRange
Warning: (SchemaFulfillmentCount) Unsupported type of allowed value constraint in entity schemas: IriStemRange
Warning: (SchemaFulfillmentCount) Unsupported type of allowed value constraint in entity schemas: IriStemRange
Warning: (SchemaFulfillmentCount) Unsupported type of allowed value constraint in entity schemas: IriStemRange
Warning: (SchemaFulfillmentCount) Unsupported type of allowed value constraint in entity schemas: IriStemRange
Warning: (SchemaFulfillmentCount) Unsupported type of allowed value constraint in entity schemas: IriStemRange
Warning: (SchemaFulfillmentCount) Unsupported type of allowed value constraint in entity schemas: IriStemRange
Warning: (SchemaFulfillmentCount) Unsupported type of allowed value constraint in entity schemas: IriStemRange
Warning: (SchemaFulfillmentCount) Unsupported type of allowed value constraint in entity schemas: IriStemRange
Warning: (SchemaFulfillmentCount) Unsupported type of allowed value constraint in entity schemas: IriStemRange
Warning: (SchemaFulfillmentCount) Unsupported type of allowed value constraint in entity schemas: IriStemRange
Warning: (SchemaFulfillmentCount) Unsupported type of allowed value constraint in entity schemas: IriStemRange
Warning: (SchemaFulfillmentCount) Unsupported type of allowed value constraint in entity schemas: IriStemRange
Warning: (SchemaFulfillmentCount) Unsupported type of allowed value constraint in entity schemas: IriStemRange
Warning: (SchemaFulfillmentCount) Unsupported type of allowed value constraint in entity schemas: IriStemRange
Warning: (SchemaFulfillmentCount) Unsupported type of allowed value constraint in entity schemas: IriStemRange
Warning: (SchemaFulfillmentCount) Unsupported type of allowed value constraint in entity schemas: IriStemRange
Warning: (SchemaFulfillmentCount) Unsupported type of allowed value constraint in entity schemas: IriStemRange
Warning: (SchemaFulfillmentCount) Unsupported type of allowed value constraint in entity schemas: IriStemRange
Warning: (SchemaFulfillmentCount) Unsupported type of allowed value constraint in entity schemas: IriStemRange
Warning: (SchemaFulfillmentCount) Unsupported type of allowed value constraint in entity schemas: IriStemRange
Warning: (SchemaFulfillmentCount) Unsupported type of allowed value constraint in entity schemas: IriStemRange
Warning: (SchemaFulfillmentCount) Unsupported type of allowed value constraint in entity schemas: IriStemRange
Warning: (SchemaFulfillmentCount) Unsupported type of allowed value constraint in entity schemas: IriStemRange
Warning: (SchemaFulfillmentCount) Unsupported type of allowed value constraint in entity schemas: IriStemRange
Warning: (SchemaFulfillmentCount) Unsupported type of allowed value constraint in entity schemas: IriStemRange
Warning: (SchemaFulfillmentCount) Unsupported type of allowed value constraint in entity schemas: IriStemRange
Warning: (SchemaFulfillmentCount) Unsupported type of allowed value constraint in entity schemas: IriStemRange
Warning: (SchemaFulfillmentCount) Unsupported type of allowed value constraint in entity schemas: IriStemRange
Warning: (SchemaFulfillmentCount) Unsupported type of allowed value constraint in entity schemas: IriStemRange
Warning: (SchemaFulfillmentCount) Unsupported type of allowed value constraint in entity schemas: IriStemRange
Warning: (SchemaFulfillmentCount) Unsupported type of allowed value constraint in entity schemas: IriStemRange
Warning: (SchemaFulfillmentCount) Unsupported type of allowed value constraint in entity schemas: IriStemRange
Warning: (SchemaFulfillmentCount) Unsupported type of allowed value constraint in entity schemas: IriStemRange
Warning: (SchemaFulfillmentCount) Unsupported type of allowed value constraint in entity schemas: IriStemRange
Warning: (SchemaFulfillmentCount) Unsupported type of allowed value constraint in entity schemas: IriStemRange
Warning: (SchemaFulfillmentCount) Unsupported type of allowed value constraint in entity schemas: IriStemRange
Warning: (SchemaFulfillmentCount) Unsupported type of allowed value constraint in entity schemas: IriStemRange
Warning: (SchemaFulfillmentCount) Unsupported type of allowed value constraint in entity schemas: IriStemRange
Warning: (SchemaFulfillmentCount) Unsupported type of allowed value constraint in entity schemas: IriStemRange
Warning: (SchemaFulfillmentCount) Unsupported type of allowed value constraint in entity schemas: IriStemRange
Warning: (SchemaFulfillmentCount) Unsupported type of allowed value constraint in entity schemas: IriStemRange
Warning: (SchemaFulfillmentCount) Unsupported type of allowed value constraint in entity schemas: IriStemRange
Warning: (SchemaFulfillmentCount) Unsupported type of allowed value constraint in entity schemas: IriStemRange
Warning: (SchemaFulfillmentCount) Unsupported type of allowed value constraint in entity schemas: IriStemRange
Warning: (SchemaFulfillmentCount) Unsupported type of allowed value constraint in entity schemas: IriStemRange
Warning: (SchemaFulfillmentCount) Unsupported type of allowed value constraint in entity schemas: IriStemRange
Warning: (SchemaFulfillmentCount) Unsupported type of allowed value constraint in entity schemas: IriStemRange
Warning: (SchemaFulfillmentCount) Unsupported type of allowed value constraint in entity schemas: IriStemRange
Warning: (SchemaFulfillmentCount) Unsupported type of allowed value constraint in entity schemas: IriStemRange
Warning: (SchemaFulfillmentCount) Unsupported type of allowed value constraint in entity schemas: IriStemRange
2026-09-25 12:47:09.268 INFO Calculating metric: schema_fulfillment
2026-09-25 12:47:32.041 INFO Memory usage (end of timestep, peak): 250.78 GiB
2026-09-25 12:47:32.042 INFO Memory usage (end of timestep, current): 164.24 GiB
2026-09-25 12:47:32.042 INFO (Iteration 140) schema_fulfillment_count: real 794.94s | cpu 938.49s
2026-09-25 12:47:32.042 INFO (Iteration 140) schema_fulfillment: real 22.77s | cpu 22.76s
2026-09-25 12:47:32.042 INFO Iteration 140 finished in 960.97s (real) and 1066.31s (process)
2026-09-25 12:47:32.043 INFO Start timestep 2024-05-29 00:00:00+00:00 -> 2024-06-28 00:00:00+00:00
2026-09-25 12:50:33.994 INFO DuckDB memory logs:
  database_name database_size  block_size  ...  wal_size  memory_usage  memory_limit
0   postgres_db       6.4 TiB           0  ...   0 bytes      19.0 GiB     267.0 GiB
1        memory       0 bytes           0  ...   0 bytes      19.0 GiB     267.0 GiB

[2 rows x 9 columns]
2026-09-25 12:50:33.995 INFO Loading data (2024-05-29 00:00:00+00:00 -> 2024-06-28 00:00:00+00:00) done in 181.95s (real) and 125.12s (process)
2026-09-25 12:50:33.996 INFO Memory usage (start of timestep, peak): 250.78 GiB
2026-09-25 12:50:33.996 INFO Memory usage (start of timestep, current): 163.29 GiB
2026-09-25 12:50:33.996 INFO Calculating metrics
2026-09-25 12:50:33.996 INFO Calculating metric: schema_fulfillment_count
2026-09-25 12:57:25.973 INFO Calculating metric: schema_fulfillment
2026-09-25 12:57:57.514 INFO Memory usage (end of timestep, peak): 250.78 GiB
2026-09-25 12:57:57.514 INFO Memory usage (end of timestep, current): 164.99 GiB
2026-09-25 12:57:57.514 INFO (Iteration 141) schema_fulfillment_count: real 411.98s | cpu 575.16s
2026-09-25 12:57:57.514 INFO (Iteration 141) schema_fulfillment: real 31.54s | cpu 31.50s
2026-09-25 12:57:57.514 INFO Iteration 141 finished in 625.47s (real) and 731.78s (process)
2026-09-25 12:57:57.515 INFO Start timestep 2024-06-28 00:00:00+00:00 -> 2024-07-28 00:00:00+00:00
2026-09-25 12:59:53.908 INFO DuckDB memory logs:
  database_name database_size  block_size  ...  wal_size  memory_usage  memory_limit
0   postgres_db       6.4 TiB           0  ...   0 bytes      21.0 GiB     267.0 GiB
1        memory       0 bytes           0  ...   0 bytes      21.0 GiB     267.0 GiB

[2 rows x 9 columns]
2026-09-25 12:59:53.910 INFO Loading data (2024-06-28 00:00:00+00:00 -> 2024-07-28 00:00:00+00:00) done in 116.39s (real) and 92.36s (process)
2026-09-25 12:59:53.910 INFO Memory usage (start of timestep, peak): 250.78 GiB
2026-09-25 12:59:53.910 INFO Memory usage (start of timestep, current): 166.21 GiB
2026-09-25 12:59:53.910 INFO Calculating metrics
2026-09-25 12:59:53.910 INFO Calculating metric: schema_fulfillment_count
2026-09-25 13:10:14.973 INFO Calculating metric: schema_fulfillment
2026-09-25 13:11:05.222 INFO Memory usage (end of timestep, peak): 250.78 GiB
2026-09-25 13:11:05.222 INFO Memory usage (end of timestep, current): 169.11 GiB
2026-09-25 13:11:05.222 INFO (Iteration 142) schema_fulfillment_count: real 621.06s | cpu 847.66s
2026-09-25 13:11:05.222 INFO (Iteration 142) schema_fulfillment: real 50.25s | cpu 50.21s
2026-09-25 13:11:05.222 INFO Iteration 142 finished in 787.71s (real) and 990.23s (process)
2026-09-25 13:11:05.223 INFO Start timestep 2024-07-28 00:00:00+00:00 -> 2024-08-27 00:00:00+00:00
2026-09-25 13:13:22.655 INFO DuckDB memory logs:
  database_name database_size  block_size  ...  wal_size  memory_usage  memory_limit
0   postgres_db       6.4 TiB           0  ...   0 bytes      22.1 GiB     267.0 GiB
1        memory       0 bytes           0  ...   0 bytes      22.1 GiB     267.0 GiB

[2 rows x 9 columns]
2026-09-25 13:13:22.656 INFO Loading data (2024-07-28 00:00:00+00:00 -> 2024-08-27 00:00:00+00:00) done in 137.43s (real) and 103.31s (process)
2026-09-25 13:13:22.656 INFO Memory usage (start of timestep, peak): 250.78 GiB
2026-09-25 13:13:22.656 INFO Memory usage (start of timestep, current): 169.33 GiB
2026-09-25 13:13:22.656 INFO Calculating metrics
2026-09-25 13:13:22.656 INFO Calculating metric: schema_fulfillment_count
Warning: (SchemaFulfillmentCount) Unsupported type of allowed value constraint in entity schemas: IriStemRange
Warning: (SchemaFulfillmentCount) Unsupported type of allowed value constraint in entity schemas: IriStemRange
Warning: (SchemaFulfillmentCount) Unsupported type of allowed value constraint in entity schemas: IriStemRange
Warning: (SchemaFulfillmentCount) Unsupported type of allowed value constraint in entity schemas: IriStemRange
Warning: (SchemaFulfillmentCount) Unsupported type of allowed value constraint in entity schemas: IriStemRange
Warning: (SchemaFulfillmentCount) Unsupported type of allowed value constraint in entity schemas: IriStemRange
Warning: (SchemaFulfillmentCount) Unsupported type of allowed value constraint in entity schemas: IriStemRange
Warning: (SchemaFulfillmentCount) Unsupported type of allowed value constraint in entity schemas: IriStemRange
Warning: (SchemaFulfillmentCount) Unsupported type of allowed value constraint in entity schemas: IriStemRange
Warning: (SchemaFulfillmentCount) Unsupported type of allowed value constraint in entity schemas: IriStemRange
Warning: (SchemaFulfillmentCount) Unsupported type of allowed value constraint in entity schemas: IriStemRange
Warning: (SchemaFulfillmentCount) Unsupported type of allowed value constraint in entity schemas: IriStemRange
Warning: (SchemaFulfillmentCount) Unsupported type of allowed value constraint in entity schemas: IriStemRange
Warning: (SchemaFulfillmentCount) Unsupported type of allowed value constraint in entity schemas: IriStemRange
Warning: (SchemaFulfillmentCount) Unsupported type of allowed value constraint in entity schemas: IriStemRange
Warning: (SchemaFulfillmentCount) Unsupported type of allowed value constraint in entity schemas: IriStemRange
Warning: (SchemaFulfillmentCount) Unsupported type of allowed value constraint in entity schemas: IriStemRange
Warning: (SchemaFulfillmentCount) Unsupported type of allowed value constraint in entity schemas: IriStemRange
Warning: (SchemaFulfillmentCount) Unsupported type of allowed value constraint in entity schemas: IriStemRange
Warning: (SchemaFulfillmentCount) Unsupported type of allowed value constraint in entity schemas: IriStemRange
Warning: (SchemaFulfillmentCount) Unsupported type of allowed value constraint in entity schemas: IriStemRange
Warning: (SchemaFulfillmentCount) Unsupported type of allowed value constraint in entity schemas: IriStemRange
Warning: (SchemaFulfillmentCount) Unsupported type of allowed value constraint in entity schemas: IriStemRange
Warning: (SchemaFulfillmentCount) Unsupported type of allowed value constraint in entity schemas: IriStemRange
Warning: (SchemaFulfillmentCount) Unsupported type of allowed value constraint in entity schemas: IriStemRange
Warning: (SchemaFulfillmentCount) Unsupported type of allowed value constraint in entity schemas: IriStemRange
Warning: (SchemaFulfillmentCount) Unsupported type of allowed value constraint in entity schemas: IriStemRange
Warning: (SchemaFulfillmentCount) Unsupported type of allowed value constraint in entity schemas: IriStemRange
Warning: (SchemaFulfillmentCount) Unsupported type of allowed value constraint in entity schemas: IriStemRange
Warning: (SchemaFulfillmentCount) Unsupported type of allowed value constraint in entity schemas: IriStemRange
Warning: (SchemaFulfillmentCount) Unsupported type of allowed value constraint in entity schemas: IriStemRange
Warning: (SchemaFulfillmentCount) Unsupported type of allowed value constraint in entity schemas: IriStemRange
Warning: (SchemaFulfillmentCount) Unsupported type of allowed value constraint in entity schemas: IriStemRange
Warning: (SchemaFulfillmentCount) Unsupported type of allowed value constraint in entity schemas: IriStemRange
Warning: (SchemaFulfillmentCount) Unsupported type of allowed value constraint in entity schemas: IriStemRange
Warning: (SchemaFulfillmentCount) Unsupported type of allowed value constraint in entity schemas: IriStemRange
Warning: (SchemaFulfillmentCount) Unsupported type of allowed value constraint in entity schemas: IriStemRange
Warning: (SchemaFulfillmentCount) Unsupported type of allowed value constraint in entity schemas: IriStemRange
Warning: (SchemaFulfillmentCount) Unsupported type of allowed value constraint in entity schemas: IriStemRange
Warning: (SchemaFulfillmentCount) Unsupported type of allowed value constraint in entity schemas: IriStemRange
Warning: (SchemaFulfillmentCount) Unsupported type of allowed value constraint in entity schemas: IriStemRange
Warning: (SchemaFulfillmentCount) Unsupported type of allowed value constraint in entity schemas: IriStemRange
Warning: (SchemaFulfillmentCount) Unsupported type of allowed value constraint in entity schemas: IriStemRange
Warning: (SchemaFulfillmentCount) Unsupported type of allowed value constraint in entity schemas: IriStemRange
Warning: (SchemaFulfillmentCount) Unsupported type of allowed value constraint in entity schemas: IriStemRange
Warning: (SchemaFulfillmentCount) Unsupported type of allowed value constraint in entity schemas: IriStemRange
Warning: (SchemaFulfillmentCount) Unsupported type of allowed value constraint in entity schemas: IriStemRange
Warning: (SchemaFulfillmentCount) Unsupported type of allowed value constraint in entity schemas: IriStemRange
Warning: (SchemaFulfillmentCount) Unsupported type of allowed value constraint in entity schemas: IriStemRange
Warning: (SchemaFulfillmentCount) Unsupported type of allowed value constraint in entity schemas: IriStemRange
Warning: (SchemaFulfillmentCount) Unsupported type of allowed value constraint in entity schemas: IriStemRange
Warning: (SchemaFulfillmentCount) Unsupported type of allowed value constraint in entity schemas: IriStemRange
Warning: (SchemaFulfillmentCount) Unsupported type of allowed value constraint in entity schemas: IriStemRange
Warning: (SchemaFulfillmentCount) Unsupported type of allowed value constraint in entity schemas: IriStemRange
Warning: (SchemaFulfillmentCount) Unsupported type of allowed value constraint in entity schemas: IriStemRange
Warning: (SchemaFulfillmentCount) Unsupported type of allowed value constraint in entity schemas: IriStemRange
Warning: (SchemaFulfillmentCount) Unsupported type of allowed value constraint in entity schemas: IriStemRange
Warning: (SchemaFulfillmentCount) Unsupported type of allowed value constraint in entity schemas: IriStemRange
Warning: (SchemaFulfillmentCount) Unsupported type of allowed value constraint in entity schemas: IriStemRange
Warning: (SchemaFulfillmentCount) Unsupported type of allowed value constraint in entity schemas: IriStemRange
Warning: (SchemaFulfillmentCount) Unsupported type of allowed value constraint in entity schemas: IriStemRange
Warning: (SchemaFulfillmentCount) Unsupported type of allowed value constraint in entity schemas: IriStemRange
Warning: (SchemaFulfillmentCount) Unsupported type of allowed value constraint in entity schemas: IriStemRange
Warning: (SchemaFulfillmentCount) Unsupported type of allowed value constraint in entity schemas: IriStemRange
Warning: (SchemaFulfillmentCount) Unsupported type of allowed value constraint in entity schemas: IriStemRange
Warning: (SchemaFulfillmentCount) Unsupported type of allowed value constraint in entity schemas: IriStemRange
Warning: (SchemaFulfillmentCount) Unsupported type of allowed value constraint in entity schemas: IriStemRange
Warning: (SchemaFulfillmentCount) Unsupported type of allowed value constraint in entity schemas: IriStemRange
Warning: (SchemaFulfillmentCount) Unsupported type of allowed value constraint in entity schemas: IriStemRange
Warning: (SchemaFulfillmentCount) Unsupported type of allowed value constraint in entity schemas: IriStemRange
Warning: (SchemaFulfillmentCount) Unsupported type of allowed value constraint in entity schemas: IriStemRange
Warning: (SchemaFulfillmentCount) Unsupported type of allowed value constraint in entity schemas: IriStemRange
Warning: (SchemaFulfillmentCount) Unsupported type of allowed value constraint in entity schemas: IriStemRange
Warning: (SchemaFulfillmentCount) Unsupported type of allowed value constraint in entity schemas: IriStemRange
Warning: (SchemaFulfillmentCount) Unsupported type of allowed value constraint in entity schemas: IriStemRange
Warning: (SchemaFulfillmentCount) Unsupported type of allowed value constraint in entity schemas: IriStemRange
Warning: (SchemaFulfillmentCount) Unsupported type of allowed value constraint in entity schemas: IriStemRange
Warning: (SchemaFulfillmentCount) Unsupported type of allowed value constraint in entity schemas: IriStemRange
Warning: (SchemaFulfillmentCount) Unsupported type of allowed value constraint in entity schemas: IriStemRange
Warning: (SchemaFulfillmentCount) Unsupported type of allowed value constraint in entity schemas: IriStemRange
Warning: (SchemaFulfillmentCount) Unsupported type of allowed value constraint in entity schemas: IriStemRange
Warning: (SchemaFulfillmentCount) Unsupported type of allowed value constraint in entity schemas: IriStemRange
Warning: (SchemaFulfillmentCount) Unsupported type of allowed value constraint in entity schemas: IriStemRange
Warning: (SchemaFulfillmentCount) Unsupported type of allowed value constraint in entity schemas: IriStemRange
Warning: (SchemaFulfillmentCount) Unsupported type of allowed value constraint in entity schemas: IriStemRange
Warning: (SchemaFulfillmentCount) Unsupported type of allowed value constraint in entity schemas: IriStemRange
Warning: (SchemaFulfillmentCount) Unsupported type of allowed value constraint in entity schemas: IriStemRange
Warning: (SchemaFulfillmentCount) Unsupported type of allowed value constraint in entity schemas: IriStemRange
Warning: (SchemaFulfillmentCount) Unsupported type of allowed value constraint in entity schemas: IriStemRange
2026-09-25 13:29:59.812 INFO Calculating metric: schema_fulfillment
2026-09-25 13:31:25.238 INFO Memory usage (end of timestep, peak): 250.78 GiB
2026-09-25 13:31:25.239 INFO Memory usage (end of timestep, current): 174.90 GiB
2026-09-25 13:31:25.239 INFO (Iteration 143) schema_fulfillment_count: real 997.16s | cpu 1086.22s
2026-09-25 13:31:25.239 INFO (Iteration 143) schema_fulfillment: real 85.42s | cpu 85.40s
2026-09-25 13:31:25.239 INFO Iteration 143 finished in 1220.02s (real) and 1274.93s (process)
2026-09-25 13:31:25.240 INFO Start timestep 2024-08-27 00:00:00+00:00 -> 2024-09-26 00:00:00+00:00
2026-09-25 13:32:32.932 INFO DuckDB memory logs:
  database_name database_size  block_size  ...  wal_size  memory_usage  memory_limit
0   postgres_db       6.4 TiB           0  ...   0 bytes      11.4 GiB     267.0 GiB
1        memory       0 bytes           0  ...   0 bytes      11.4 GiB     267.0 GiB

[2 rows x 9 columns]
2026-09-25 13:32:32.932 INFO Loading data (2024-08-27 00:00:00+00:00 -> 2024-09-26 00:00:00+00:00) done in 67.69s (real) and 51.60s (process)
2026-09-25 13:32:32.932 INFO Memory usage (start of timestep, peak): 250.78 GiB
2026-09-25 13:32:32.932 INFO Memory usage (start of timestep, current): 162.72 GiB
2026-09-25 13:32:32.932 INFO Calculating metrics
2026-09-25 13:32:32.933 INFO Calculating metric: schema_fulfillment_count
2026-09-25 13:44:06.933 INFO Calculating metric: schema_fulfillment
2026-09-25 13:44:28.928 INFO Memory usage (end of timestep, peak): 250.78 GiB
2026-09-25 13:44:28.928 INFO Memory usage (end of timestep, current): 162.81 GiB
2026-09-25 13:44:28.928 INFO (Iteration 144) schema_fulfillment_count: real 694.00s | cpu 813.57s
2026-09-25 13:44:28.928 INFO (Iteration 144) schema_fulfillment: real 21.99s | cpu 21.98s
2026-09-25 13:44:28.928 INFO Iteration 144 finished in 783.69s (real) and 887.15s (process)
2026-09-25 13:44:28.930 INFO Start timestep 2024-09-26 00:00:00+00:00 -> 2024-10-26 00:00:00+00:00
2026-09-25 13:45:18.074 INFO DuckDB memory logs:
  database_name database_size  block_size  ...  wal_size  memory_usage  memory_limit
0   postgres_db       6.4 TiB           0  ...   0 bytes       8.8 GiB     267.0 GiB
1        memory       0 bytes           0  ...   0 bytes       8.8 GiB     267.0 GiB

[2 rows x 9 columns]
2026-09-25 13:45:18.074 INFO Loading data (2024-09-26 00:00:00+00:00 -> 2024-10-26 00:00:00+00:00) done in 49.14s (real) and 38.07s (process)
2026-09-25 13:45:18.075 INFO Memory usage (start of timestep, peak): 250.78 GiB
2026-09-25 13:45:18.075 INFO Memory usage (start of timestep, current): 159.52 GiB
2026-09-25 13:45:18.075 INFO Calculating metrics
2026-09-25 13:45:18.075 INFO Calculating metric: schema_fulfillment_count
2026-09-25 13:47:24.011 INFO Calculating metric: schema_fulfillment
2026-09-25 13:47:32.798 INFO Memory usage (end of timestep, peak): 250.78 GiB
2026-09-25 13:47:32.798 INFO Memory usage (end of timestep, current): 160.64 GiB
2026-09-25 13:47:32.798 INFO (Iteration 145) schema_fulfillment_count: real 125.94s | cpu 230.71s
2026-09-25 13:47:32.798 INFO (Iteration 145) schema_fulfillment: real 8.79s | cpu 8.78s
2026-09-25 13:47:32.798 INFO Iteration 145 finished in 183.87s (real) and 277.56s (process)
2026-09-25 13:47:32.799 INFO Start timestep 2024-10-26 00:00:00+00:00 -> 2024-11-25 00:00:00+00:00
2026-09-25 13:49:24.902 INFO DuckDB memory logs:
  database_name database_size  block_size  ...  wal_size  memory_usage  memory_limit
0   postgres_db       6.4 TiB           0  ...   0 bytes      18.7 GiB     267.0 GiB
1        memory       0 bytes           0  ...   0 bytes      18.7 GiB     267.0 GiB

[2 rows x 9 columns]
2026-09-25 13:49:24.904 INFO Loading data (2024-10-26 00:00:00+00:00 -> 2024-11-25 00:00:00+00:00) done in 112.10s (real) and 85.28s (process)
2026-09-25 13:49:24.904 INFO Memory usage (start of timestep, peak): 250.78 GiB
2026-09-25 13:49:24.904 INFO Memory usage (start of timestep, current): 169.04 GiB
2026-09-25 13:49:24.904 INFO Calculating metrics
2026-09-25 13:49:24.904 INFO Calculating metric: schema_fulfillment_count
2026-09-25 13:53:34.869 INFO Calculating metric: schema_fulfillment
2026-09-25 13:53:58.586 INFO Memory usage (end of timestep, peak): 250.78 GiB
2026-09-25 13:53:58.587 INFO Memory usage (end of timestep, current): 170.58 GiB
2026-09-25 13:53:58.587 INFO (Iteration 146) schema_fulfillment_count: real 249.96s | cpu 425.26s
2026-09-25 13:53:58.587 INFO (Iteration 146) schema_fulfillment: real 23.72s | cpu 23.67s
2026-09-25 13:53:58.587 INFO Iteration 146 finished in 385.79s (real) and 534.22s (process)
2026-09-25 13:53:58.588 INFO Start timestep 2024-11-25 00:00:00+00:00 -> 2024-12-25 00:00:00+00:00
2026-09-25 13:56:47.401 INFO DuckDB memory logs:
  database_name database_size  block_size  ...  wal_size  memory_usage  memory_limit
0   postgres_db       6.4 TiB           0  ...   0 bytes      29.7 GiB     267.0 GiB
1        memory       0 bytes           0  ...   0 bytes      29.7 GiB     267.0 GiB

[2 rows x 9 columns]
2026-09-25 13:56:47.404 INFO Loading data (2024-11-25 00:00:00+00:00 -> 2024-12-25 00:00:00+00:00) done in 168.82s (real) and 130.81s (process)
2026-09-25 13:56:47.404 INFO Memory usage (start of timestep, peak): 250.78 GiB
2026-09-25 13:56:47.405 INFO Memory usage (start of timestep, current): 180.48 GiB
2026-09-25 13:56:47.405 INFO Calculating metrics
2026-09-25 13:56:47.405 INFO Calculating metric: schema_fulfillment_count
2026-09-25 14:07:21.837 INFO Calculating metric: schema_fulfillment
2026-09-25 14:07:39.735 INFO Memory usage (end of timestep, peak): 250.78 GiB
2026-09-25 14:07:39.735 INFO Memory usage (end of timestep, current): 181.28 GiB
2026-09-25 14:07:39.735 INFO (Iteration 147) schema_fulfillment_count: real 634.43s | cpu 786.14s
2026-09-25 14:07:39.735 INFO (Iteration 147) schema_fulfillment: real 17.89s | cpu 17.86s
2026-09-25 14:07:39.735 INFO Iteration 147 finished in 821.15s (real) and 934.80s (process)
2026-09-25 14:07:39.736 INFO Start timestep 2024-12-25 00:00:00+00:00 -> 2025-01-24 00:00:00+00:00
2026-09-25 14:12:02.171 INFO DuckDB memory logs:
  database_name database_size  block_size  ...  wal_size  memory_usage  memory_limit
0   postgres_db       6.4 TiB           0  ...   0 bytes      29.7 GiB     267.0 GiB
1        memory       0 bytes           0  ...   0 bytes      29.7 GiB     267.0 GiB

[2 rows x 9 columns]
2026-09-25 14:12:02.173 INFO Loading data (2024-12-25 00:00:00+00:00 -> 2025-01-24 00:00:00+00:00) done in 262.44s (real) and 186.51s (process)
2026-09-25 14:12:02.173 INFO Memory usage (start of timestep, peak): 250.78 GiB
2026-09-25 14:12:02.173 INFO Memory usage (start of timestep, current): 180.72 GiB
2026-09-25 14:12:02.173 INFO Calculating metrics
2026-09-25 14:12:02.173 INFO Calculating metric: schema_fulfillment_count
2026-09-25 14:16:06.966 INFO Calculating metric: schema_fulfillment
2026-09-25 14:16:30.541 INFO Memory usage (end of timestep, peak): 250.78 GiB
2026-09-25 14:16:30.541 INFO Memory usage (end of timestep, current): 182.01 GiB
2026-09-25 14:16:30.541 INFO (Iteration 148) schema_fulfillment_count: real 244.79s | cpu 403.79s
2026-09-25 14:16:30.541 INFO (Iteration 148) schema_fulfillment: real 23.57s | cpu 23.54s
2026-09-25 14:16:30.541 INFO Iteration 148 finished in 530.80s (real) and 613.84s (process)
2026-09-25 14:16:30.542 INFO Start timestep 2025-01-24 00:00:00+00:00 -> 2025-02-23 00:00:00+00:00
2026-09-25 14:19:57.290 INFO DuckDB memory logs:
  database_name database_size  block_size  ...  wal_size  memory_usage  memory_limit
0   postgres_db       6.4 TiB           0  ...   0 bytes      24.3 GiB     267.0 GiB
1        memory       0 bytes           0  ...   0 bytes      24.3 GiB     267.0 GiB

[2 rows x 9 columns]
2026-09-25 14:19:57.291 INFO Loading data (2025-01-24 00:00:00+00:00 -> 2025-02-23 00:00:00+00:00) done in 206.75s (real) and 149.69s (process)
2026-09-25 14:19:57.291 INFO Memory usage (start of timestep, peak): 250.78 GiB
2026-09-25 14:19:57.291 INFO Memory usage (start of timestep, current): 175.67 GiB
2026-09-25 14:19:57.291 INFO Calculating metrics
2026-09-25 14:19:57.291 INFO Calculating metric: schema_fulfillment_count
2026-09-25 14:24:25.486 INFO Calculating metric: schema_fulfillment
2026-09-25 14:24:49.819 INFO Memory usage (end of timestep, peak): 250.78 GiB
2026-09-25 14:24:49.819 INFO Memory usage (end of timestep, current): 176.75 GiB
2026-09-25 14:24:49.819 INFO (Iteration 149) schema_fulfillment_count: real 268.19s | cpu 475.40s
2026-09-25 14:24:49.819 INFO (Iteration 149) schema_fulfillment: real 24.33s | cpu 24.32s
2026-09-25 14:24:49.819 INFO Iteration 149 finished in 499.28s (real) and 649.41s (process)
2026-09-25 14:24:49.820 INFO Start timestep 2025-02-23 00:00:00+00:00 -> 2025-03-25 00:00:00+00:00
2026-09-25 14:25:54.921 INFO DuckDB memory logs:
  database_name database_size  block_size  ...  wal_size  memory_usage  memory_limit
0   postgres_db       6.4 TiB           0  ...   0 bytes      11.3 GiB     267.0 GiB
1        memory       0 bytes           0  ...   0 bytes      11.3 GiB     267.0 GiB

[2 rows x 9 columns]
2026-09-25 14:25:54.921 INFO Loading data (2025-02-23 00:00:00+00:00 -> 2025-03-25 00:00:00+00:00) done in 65.10s (real) and 52.41s (process)
2026-09-25 14:25:54.921 INFO Memory usage (start of timestep, peak): 250.78 GiB
2026-09-25 14:25:54.921 INFO Memory usage (start of timestep, current): 163.18 GiB
2026-09-25 14:25:54.921 INFO Calculating metrics
2026-09-25 14:25:54.921 INFO Calculating metric: schema_fulfillment_count
2026-09-25 14:38:59.603 INFO Calculating metric: schema_fulfillment
2026-09-25 14:39:40.125 INFO Memory usage (end of timestep, peak): 261.90 GiB
2026-09-25 14:39:40.126 INFO Memory usage (end of timestep, current): 165.05 GiB
2026-09-25 14:39:40.126 INFO (Iteration 150) schema_fulfillment_count: real 784.68s | cpu 1102.32s
2026-09-25 14:39:40.126 INFO (Iteration 150) schema_fulfillment: real 40.52s | cpu 40.46s
2026-09-25 14:39:40.126 INFO Iteration 150 finished in 890.31s (real) and 1195.19s (process)
2026-09-25 14:39:40.127 INFO Start timestep 2025-03-25 00:00:00+00:00 -> 2025-04-24 00:00:00+00:00
2026-09-25 14:40:26.671 INFO DuckDB memory logs:
  database_name database_size  block_size  ...  wal_size  memory_usage  memory_limit
0   postgres_db       6.4 TiB           0  ...   0 bytes       7.2 GiB     267.0 GiB
1        memory       0 bytes           0  ...   0 bytes       7.2 GiB     267.0 GiB

[2 rows x 9 columns]
2026-09-25 14:40:26.671 INFO Loading data (2025-03-25 00:00:00+00:00 -> 2025-04-24 00:00:00+00:00) done in 46.54s (real) and 34.98s (process)
2026-09-25 14:40:26.671 INFO Memory usage (start of timestep, peak): 261.90 GiB
2026-09-25 14:40:26.671 INFO Memory usage (start of timestep, current): 160.03 GiB
2026-09-25 14:40:26.671 INFO Calculating metrics
2026-09-25 14:40:26.671 INFO Calculating metric: schema_fulfillment_count
Warning: (SchemaFulfillmentCount) Unsupported IriStem prefix http://movatwitter.jugem.jp
2026-09-25 14:43:19.795 INFO Calculating metric: schema_fulfillment
2026-09-25 14:43:42.745 INFO Memory usage (end of timestep, peak): 261.90 GiB
2026-09-25 14:43:42.746 INFO Memory usage (end of timestep, current): 160.79 GiB
2026-09-25 14:43:42.746 INFO (Iteration 151) schema_fulfillment_count: real 173.12s | cpu 287.35s
2026-09-25 14:43:42.746 INFO (Iteration 151) schema_fulfillment: real 22.95s | cpu 22.94s
2026-09-25 14:43:42.746 INFO Iteration 151 finished in 242.62s (real) and 345.28s (process)
2026-09-25 14:43:42.747 INFO Start timestep 2025-04-24 00:00:00+00:00 -> 2025-05-24 00:00:00+00:00
2026-09-25 14:44:53.046 INFO DuckDB memory logs:
  database_name database_size  block_size  ...  wal_size  memory_usage  memory_limit
0   postgres_db       6.4 TiB           0  ...   0 bytes      13.1 GiB     267.0 GiB
1        memory       0 bytes           0  ...   0 bytes      13.1 GiB     267.0 GiB

[2 rows x 9 columns]
2026-09-25 14:44:53.047 INFO Loading data (2025-04-24 00:00:00+00:00 -> 2025-05-24 00:00:00+00:00) done in 70.30s (real) and 57.20s (process)
2026-09-25 14:44:53.047 INFO Memory usage (start of timestep, peak): 261.90 GiB
2026-09-25 14:44:53.047 INFO Memory usage (start of timestep, current): 165.74 GiB
2026-09-25 14:44:53.047 INFO Calculating metrics
2026-09-25 14:44:53.048 INFO Calculating metric: schema_fulfillment_count
Warning: (SchemaFulfillmentCount) Unsupported IriStem prefix http://movatwitter.jugem.jp
2026-09-25 14:54:40.924 INFO Calculating metric: schema_fulfillment
2026-09-25 14:54:54.544 INFO Memory usage (end of timestep, peak): 261.90 GiB
2026-09-25 14:54:54.544 INFO Memory usage (end of timestep, current): 166.45 GiB
2026-09-25 14:54:54.544 INFO (Iteration 152) schema_fulfillment_count: real 587.88s | cpu 709.74s
2026-09-25 14:54:54.545 INFO (Iteration 152) schema_fulfillment: real 13.62s | cpu 13.60s
2026-09-25 14:54:54.545 INFO Iteration 152 finished in 671.80s (real) and 780.55s (process)
2026-09-25 14:54:54.546 INFO Start timestep 2025-05-24 00:00:00+00:00 -> 2025-06-23 00:00:00+00:00
2026-09-25 14:55:25.194 INFO DuckDB memory logs:
  database_name database_size  block_size  ...  wal_size  memory_usage  memory_limit
0   postgres_db       6.4 TiB           0  ...   0 bytes       4.1 GiB     267.0 GiB
1        memory       0 bytes           0  ...   0 bytes       4.1 GiB     267.0 GiB

[2 rows x 9 columns]
2026-09-25 14:55:25.194 INFO Loading data (2025-05-24 00:00:00+00:00 -> 2025-06-23 00:00:00+00:00) done in 30.65s (real) and 22.94s (process)
2026-09-25 14:55:25.194 INFO Memory usage (start of timestep, peak): 261.90 GiB
2026-09-25 14:55:25.195 INFO Memory usage (start of timestep, current): 157.17 GiB
2026-09-25 14:55:25.195 INFO Calculating metrics
2026-09-25 14:55:25.195 INFO Calculating metric: schema_fulfillment_count
2026-09-25 14:56:29.255 INFO Calculating metric: schema_fulfillment
2026-09-25 14:56:34.134 INFO Memory usage (end of timestep, peak): 261.90 GiB
2026-09-25 14:56:34.134 INFO Memory usage (end of timestep, current): 160.26 GiB
2026-09-25 14:56:34.134 INFO (Iteration 153) schema_fulfillment_count: real 64.06s | cpu 124.52s
2026-09-25 14:56:34.134 INFO (Iteration 153) schema_fulfillment: real 4.88s | cpu 4.87s
2026-09-25 14:56:34.134 INFO Iteration 153 finished in 99.59s (real) and 152.33s (process)
2026-09-25 14:56:34.135 INFO Start timestep 2025-06-23 00:00:00+00:00 -> 2025-07-23 00:00:00+00:00
2026-09-25 14:56:36.606 INFO DuckDB memory logs:
  database_name database_size  block_size  ...  wal_size  memory_usage  memory_limit
0   postgres_db       6.4 TiB           0  ...   0 bytes       0 bytes     267.0 GiB
1        memory       0 bytes           0  ...   0 bytes       0 bytes     267.0 GiB

[2 rows x 9 columns]
2026-09-25 14:56:36.606 INFO Loading data (2025-06-23 00:00:00+00:00 -> 2025-07-23 00:00:00+00:00) done in 2.47s (real) and 0.69s (process)
2026-09-25 14:56:36.606 INFO Memory usage (start of timestep, peak): 261.90 GiB
2026-09-25 14:56:36.606 INFO Memory usage (start of timestep, current): 155.39 GiB
2026-09-25 14:56:36.606 INFO Calculating metrics
2026-09-25 14:56:36.606 INFO Calculating metric: schema_fulfillment_count
2026-09-25 14:56:37.274 INFO Calculating metric: schema_fulfillment
2026-09-25 14:56:37.281 INFO Memory usage (end of timestep, peak): 261.90 GiB
2026-09-25 14:56:37.281 INFO Memory usage (end of timestep, current): 155.35 GiB
2026-09-25 14:56:37.282 INFO (Iteration 154) schema_fulfillment_count: real 0.67s | cpu 0.59s
2026-09-25 14:56:37.282 INFO (Iteration 154) schema_fulfillment: real 0.01s | cpu 0.00s
2026-09-25 14:56:37.282 INFO Iteration 154 finished in 3.15s (real) and 1.29s (process)
2026-09-25 14:56:37.282 INFO Start timestep 2025-07-23 00:00:00+00:00 -> 2025-08-22 00:00:00+00:00
2026-09-25 14:56:37.362 INFO DuckDB memory logs:
  database_name database_size  block_size  ...  wal_size  memory_usage  memory_limit
0   postgres_db       6.4 TiB           0  ...   0 bytes       0 bytes     267.0 GiB
1        memory       0 bytes           0  ...   0 bytes       0 bytes     267.0 GiB

[2 rows x 9 columns]
2026-09-25 14:56:37.362 INFO Loading data (2025-07-23 00:00:00+00:00 -> 2025-08-22 00:00:00+00:00) done in 0.08s (real) and 0.05s (process)
2026-09-25 14:56:37.362 INFO Memory usage (start of timestep, peak): 261.90 GiB
2026-09-25 14:56:37.363 INFO Memory usage (start of timestep, current): 155.35 GiB
2026-09-25 14:56:37.363 INFO Calculating metrics
2026-09-25 14:56:37.363 INFO Calculating metric: schema_fulfillment_count
2026-09-25 14:56:37.509 INFO Calculating metric: schema_fulfillment
2026-09-25 14:56:37.515 INFO Memory usage (end of timestep, peak): 261.90 GiB
2026-09-25 14:56:37.515 INFO Memory usage (end of timestep, current): 155.35 GiB
2026-09-25 14:56:37.515 INFO (Iteration 155) schema_fulfillment_count: real 0.15s | cpu 0.07s
2026-09-25 14:56:37.515 INFO (Iteration 155) schema_fulfillment: real 0.01s | cpu 0.00s
2026-09-25 14:56:37.515 INFO Iteration 155 finished in 0.23s (real) and 0.13s (process)
2026-09-25 17:21:57.509 INFO finished
2026-09-25 17:21:57.512 INFO TOTAL schema_fulfillment: real 4382.67s | cpu 4379.02s
2026-09-25 17:21:57.512 INFO TOTAL schema_fulfillment_count: real 56888.73s | cpu 71294.97s

--- Metric Name to ID Mapping ---
'subject_constraint_violation_count': 96
'easy_subject_constraint_violation_count': 97
'symmetric_inverse_constraint_violation_count': 98
'subject_constraint_violation_ratio': 99
'easy_subject_constraint_violation_ratio': 100
'symmetric_inverse_violation_ratio': 101
'general_constraint_violation_ratio': 102
'range_constraint_violation_ratio': 103
'currency_per_statement': 104
'currency_per_property': 105
'range_constraint_violation_count': 106
'completeness_currency': 107
'subject_constraint_completeness': 108
'range_constraint_completeness': 109
'range_constraint_violation_count_mandatory': 110
'range_constraint_violation_count_regular': 111
'range_constraint_violation_count_suggestion': 112
'statement_count_property_range_all': 113
'statement_count_property_range_mandatory': 114
'statement_count_property_range_regular': 115
'statement_count_property_range_suggestion': 116
'range_constraint_violation_total_all': 117
'range_constraint_violation_total_mandatory': 118
'range_constraint_violation_total_regular': 119
'range_constraint_violation_total_suggestion': 120
'range_constraint_completeness_mandatory': 121
'range_constraint_completeness_regular': 122
'range_constraint_completeness_suggestion': 123
'range_constraint_violation_ratio_regular': 124
'currency_global': 125
'currency_per_property_exp': 126
'currency_global_exp': 127
'range_constraint_violation_ratio_mandatory': 128
'range_constraint_violation_ratio_suggestion': 129
'reference_counts_per_domain_total_reference_count': 131
'reference_counts_per_domain_tail_count': 132
'reference_counts_per_domain_tail_accounts_for_fraction': 133
'reference_replacements_simple_with_path_discard_edge_heuristic_dominated': 134
'reference_replacements_simple_with_path_discard_edge_heuristic_dominating': 135
'reference_replacements_simple_with_path_discard_edge_heuristic_contested': 136
'reference_replacements_weight_flow_keep_all_edges_dominated': 137
'reference_replacements_weight_flow_keep_all_edges_dominating': 138
'reference_replacements_weight_flow_keep_all_edges_contested': 139
'reference_counts_per_domain': 140
'reference_counts_per_domain_fractions': 141
'reference_replacements_weight_flow_keep_all_edges_domain_classification': 142
'reference_replacements_simple_with_path_discard_edge_heuristic_domain_classification': 143
'entity_count': 66
'description_count': 67
'label_count': 68
'property_count': 69
'statement_count': 70
'subclass_count': 71
'revision_count': 72
'reference_existence_per_statement_count_dict': 73
'reference_existence_per_statement_count_df': 74
'reference_count': 75
'statement_count_property_range': 76
'statement_count_property_subject': 77
'statement_count_property_sym_inv': 78
'Has_descript_label': 79
'avg_properties_per_entity': 80
'avg_statements_per_entity': 81
'reference_completeness_dict': 82
'reference_completeness_df': 83
'subject_constraint_violation_total': 84
'range_constraint_violation_total': 85
'total_statement_count_property': 86
'easy_subject_constraint_violation_total': 87
'symmetric_inverse_violation_total': 88
'schema_property_occurrence': 89
'schema_fulfillment': 90
'schema_fulfillment_optional': 91
'schema_fulfillment_per_schema': 92
'schema_fulfillment_per_schema_optional': 93
'total_constraint_violations': 94
'property_constraint_completeness': 95
'reference_replacements_simple_with_path_discard_edge_heuristic_contracted_mass_total': 144
'reference_replacements_simple_with_path_discard_edge_heuristic_contracted_mass_step': 145
'reference_replacements_weight_flow_keep_all_edges_contracted_mass_total': 146
'reference_replacements_weight_flow_keep_all_edges_contracted_mass_step': 147
'reference_replacements_simple_with_path_discard_edge_heuristic_dis_5pct_dominated': 148
'reference_replacements_simple_with_path_discard_edge_heuristic_dis_5pct_dominating': 149
'reference_replacements_simple_with_path_discard_edge_heuristic_dis_5pct_contested': 150
'reference_replacements_simple_with_path_discard_edge_heuristic_dis_5pct_contracted_mass_total': 151
'reference_replacements_simple_with_path_discard_edge_heuristic_dis_5pct_contracted_mass_step': 152
'reference_replacements_weight_flow_keep_all_edges_dis_5pct_dominated': 153
'reference_replacements_weight_flow_keep_all_edges_dis_5pct_dominating': 154
'reference_replacements_weight_flow_keep_all_edges_dis_5pct_contested': 155
'reference_replacements_weight_flow_keep_all_edges_dis_5pct_contracted_mass_total': 156
'reference_replacements_weight_flow_keep_all_edges_dis_5pct_contracted_mass_step': 157
'reference_replacements_weight_flow_keep_all_edges_dis_5pct_domain_classification': 158
'reference_replacements_simple_with_path_discard_edge_heuristic_dis_5pct_domain_classification': 159
'reference_replacements_simple_with_path_discard_edge_heuristic_dis_5pct_graph_edge_density': 160
'reference_replacements_simple_with_path_discard_edge_heuristic_dis_5pct_graph_average_degree': 161
'reference_replacements_simple_with_path_discard_edge_heuristic_dis_5pct_recycled_mass_total': 162
'reference_replacements_simple_with_path_discard_edge_heuristic_dis_5pct_recycled_mass_step': 163
'reference_replacements_simple_with_path_discard_edge_heuristic_dis_5pct_tombstoned_domains_step': 164
'data_age_at_insertion_scaled_score': 165
'data_age_at_insertion_avg_delay_days': 166
'data_age_at_insertion_late_statement_count': 167
'data_age_at_insertion_too_old_statement_count': 168
'data_age_at_insertion_future_dated_statement_count': 170
'data_age_at_insertion_statement_count': 171
'data_age_at_insertion_future_statement_count': 172
'data_age_at_insertion_statement_average_scaled_score': 173
'reference_replacements_simple_with_path_discard_edge_heuristic_dis_5pct_unclassified': 174
'reference_replacements_simple_with_path_discard_edge_heuristic_dis_5pct_not_in_graph': 175
'reference_replacements_simple_with_path_discard_edge_heuristic_dis_5pct_relevance_weight_cutoff': 176
'reference_replacements_simple_with_path_discard_edge_heuristic_dis_5pct_relevant_edge_fraction': 177
'reference_replacements_simple_with_path_discard_edge_heuristic_dis_5pct_avg_session_size_step': 178
'reference_replacements_simple_with_path_discard_edge_heuristic_dis_5pct_avg_session_size_cumulative': 179
'reference_replacements_simple_with_path_discard_edge_heuristic_dis_5pct_avg_session_references_cumulative': 180
'reference_replacements_simple_with_path_discard_edge_heuristic_dis_5pct_closed_sessions_step': 181
'reference_replacements_simple_with_path_discard_edge_heuristic_dis_5pct_closed_sessions_total': 182
'reference_replacements_simple_with_path_discard_edge_heuristic_dis_5pct_pref_graph_edge_density': 183
'reference_replacements_simple_with_path_discard_edge_heuristic_dis_5pct_pref_graph_average_degree': 184
'reference_replacements_simple_with_path_discard_edge_heuristic_dis_5pct_pref_graph_max_average_degree': 185
'reference_replacements_simple_with_path_discard_edge_heuristic_dis_5pct_live_vertices': 186
'reference_replacements_simple_with_path_discard_edge_heuristic_dis_5pct_tombstoned_vertices': 187
'session_flow_counts_avg_session_size_step': 188
'session_flow_counts_avg_session_size_cumulative': 189
'session_flow_counts_avg_session_references_cumulative': 190
'session_flow_counts_closed_sessions_step': 191
'session_flow_counts_closed_sessions_total': 192
'flow_classification_supermajority_dominated': 193
'flow_classification_supermajority_dominating': 194
'flow_classification_supermajority_contested': 195
'flow_classification_supermajority_unclassified': 196
'flow_classification_supermajority_domain_classification': 197
'preference_graph_vertices': 198
'preference_graph_edges': 199
'preference_graph_new_edges_step': 200
'preference_graph_edge_weight_total': 201
'preference_graph_edge_weight_added_step': 202
'preference_graph_preference_pairs_step': 203
'preference_graph_distinct_pairs_step': 204
'preference_graph_graph_edge_density': 205
'preference_graph_graph_average_degree': 206
'preference_graph_graph_max_average_degree': 207
'preference_graph_snapshots_saved_total': 208
'preference_graph_last_save_seconds': 209
'flow_classification_wilson_dominated': 210
'flow_classification_wilson_dominating': 211
'flow_classification_wilson_contested': 212
'flow_classification_wilson_unclassified': 213
'flow_classification_wilson_active_domains': 214
'flow_classification_wilson_median_deff': 215
'flow_classification_wilson_mass_weighted_mean_deff': 216
'flow_classification_wilson_mass_weighted_mean_p0': 217
'flow_classification_wilson_exposure_raised_bar_domains': 218
'flow_classification_wilson_domain_classification': 219
'completeness_currency_avg_age_years': 220
'completeness_currency_avg_score': 221
'completeness_currency_entity_count': 222
'completeness_currency_avg_age_years_per_class': 223
'completeness_currency_avg_score_per_class': 224
'completeness_currency_entity_count_per_class': 225
-------------------------------------

Run ID: 2575162
