Commit at submit time: de3ee853fbb90f024fc68fb736a46b10804b3db6
Running from snapshot: /tmp/mp2025-wikiwatch-2485182
Duck DB memory limit: 267.0 GiB
2026-08-30 06:44:00.948 INFO starting
2026-08-30 06:44:00.950 INFO Memory logging: True
2026-08-30 06:44:00.950 INFO Less entities: False
2026-08-30 06:44:00.950 INFO Use cache: False
Build metrics
2026-08-30 06:44:06.701 INFO Start timestep 2012-10-29 00:00:00+00:00 -> 2012-11-28 00:00:00+00:00
2026-08-30 06:44:14.001 INFO DuckDB memory logs:
  database_name database_size  block_size  ...  wal_size  memory_usage  memory_limit
0   postgres_db       6.2 TiB           0  ...   0 bytes     558.0 MiB     267.0 GiB
1        memory       0 bytes           0  ...   0 bytes     558.0 MiB     267.0 GiB

[2 rows x 9 columns]
2026-08-30 06:44:14.001 INFO Loading data (2012-10-29 00:00:00+00:00 -> 2012-11-28 00:00:00+00:00) done in 7.30s (real) and 3.68s (process)
2026-08-30 06:44:14.002 INFO Memory usage (start of timestep, peak): 0.72 GiB
2026-08-30 06:44:14.002 INFO Memory usage (start of timestep, current): 0.73 GiB
2026-08-30 06:44:14.002 INFO Calculating metrics
2026-08-30 06:44:14.002 INFO Calculating metric: reference_counts_per_domain
2026-08-30 06:44:14.059 INFO [reference_counts_per_domain] Memory snapshot — total: 0.00 MB
  cache_rows: 0.00 MB (0 entries)
  counts_rows: 0.00 MB (0 entries)
  total_count: 0.00 MB (N/A entries)
2026-08-30 06:44:14.059 INFO Calculating metric: reference_replacements
Found 0 usable reference edits in this timestep.
No reference counts per domain available in this timestep.
--- Fun Facts ----
Number of domains in the graph is 0 (0 live)
Number of edges in the graph is 0 (0 accepted)
edge density of the reference replacement graph: 0.0000
Average degree is 0.00 (preference graph: 0.00)
Relevance weight cutoff: 0.0 (kept 0.00% of edges)
DOI node is not in graph
ISBN node is not in graph
DOI count: 0.0
ISBN count: 0.0
Sessions concluded this step: 0 (avg size 0.00, cumulative avg 0.00)
Recycling:
  Recycled mass this step: 0.0
  Recycled mass cumulative: 0.0
  Tombstoned domains this step: 0
2026-08-30 06:44:14.218 INFO [reference_replacements.calculate] total=0.16s query=0.07s rebuttal_searches=0 rebuttal_skipped=0
2026-08-30 06:44:14.220 INFO [reference_replacements] Memory snapshot — total: 0.00 MB
  reference_graph: 0.00 MB (0 entries)
  domain_to_vertex: 0.00 MB (0 entries)
  reusable_vertex_pool: 0.00 MB (0 entries)
  tombstoned_domains: 0.00 MB (0 entries)
  tombstoned_domain_mass: 0.00 MB (0 entries)
  open_session_counts_size: 0.00 MB (0 entries)
  open_session_last_edit_size: 0.00 MB (0 entries)
  open_session_edits_size: 0.00 MB (0 entries)
2026-08-30 06:44:14.220 INFO [reference_replacements.log_memory] total=0.00s tracked=8
2026-08-30 06:44:14.220 INFO Memory usage (end of timestep, peak): 0.72 GiB
2026-08-30 06:44:14.221 INFO Memory usage (end of timestep, current): 0.73 GiB
2026-08-30 06:44:14.221 INFO (Iteration 0) reference_counts_per_domain: real 0.06s | cpu 0.02s
2026-08-30 06:44:14.221 INFO (Iteration 0) reference_replacements: real 0.16s | cpu 0.06s
2026-08-30 06:44:14.221 INFO Iteration 0 finished in 7.52s (real) and 3.76s (process)
2026-08-30 06:44:14.221 INFO Start timestep 2012-11-28 00:00:00+00:00 -> 2012-12-28 00:00:00+00:00
2026-08-30 06:44:30.998 INFO DuckDB memory logs:
  database_name database_size  block_size  ...  wal_size  memory_usage  memory_limit
0   postgres_db       6.2 TiB           0  ...   0 bytes       1.8 GiB     267.0 GiB
1        memory       0 bytes           0  ...   0 bytes       1.8 GiB     267.0 GiB

[2 rows x 9 columns]
2026-08-30 06:44:30.999 INFO Loading data (2012-11-28 00:00:00+00:00 -> 2012-12-28 00:00:00+00:00) done in 16.78s (real) and 12.57s (process)
2026-08-30 06:44:30.999 INFO Memory usage (start of timestep, peak): 2.03 GiB
2026-08-30 06:44:30.999 INFO Memory usage (start of timestep, current): 2.03 GiB
2026-08-30 06:44:30.999 INFO Calculating metrics
2026-08-30 06:44:30.999 INFO Calculating metric: reference_counts_per_domain
2026-08-30 06:44:31.017 INFO [reference_counts_per_domain] Memory snapshot — total: 0.00 MB
  cache_rows: 0.00 MB (0 entries)
  counts_rows: 0.00 MB (0 entries)
  total_count: 0.00 MB (N/A entries)
2026-08-30 06:44:31.017 INFO Calculating metric: reference_replacements
Found 0 usable reference edits in this timestep.
No reference counts per domain available in this timestep.
--- Fun Facts ----
Number of domains in the graph is 0 (0 live)
Number of edges in the graph is 0 (0 accepted)
edge density of the reference replacement graph: 0.0000
Average degree is 0.00 (preference graph: 0.00)
Relevance weight cutoff: 0.0 (kept 0.00% of edges)
DOI node is not in graph
ISBN node is not in graph
DOI count: 0.0
ISBN count: 0.0
Sessions concluded this step: 0 (avg size 0.00, cumulative avg 0.00)
Recycling:
  Recycled mass this step: 0.0
  Recycled mass cumulative: 0.0
  Tombstoned domains this step: 0
2026-08-30 06:44:31.099 INFO [reference_replacements.calculate] total=0.08s query=0.00s rebuttal_searches=0 rebuttal_skipped=0
2026-08-30 06:44:31.100 INFO [reference_replacements] Memory snapshot — total: 0.00 MB
  reference_graph: 0.00 MB (0 entries)
  domain_to_vertex: 0.00 MB (0 entries)
  reusable_vertex_pool: 0.00 MB (0 entries)
  tombstoned_domains: 0.00 MB (0 entries)
  tombstoned_domain_mass: 0.00 MB (0 entries)
  open_session_counts_size: 0.00 MB (0 entries)
  open_session_last_edit_size: 0.00 MB (0 entries)
  open_session_edits_size: 0.00 MB (0 entries)
2026-08-30 06:44:31.100 INFO [reference_replacements.log_memory] total=0.00s tracked=8
2026-08-30 06:44:31.101 INFO Memory usage (end of timestep, peak): 2.03 GiB
2026-08-30 06:44:31.101 INFO Memory usage (end of timestep, current): 2.03 GiB
2026-08-30 06:44:31.101 INFO (Iteration 1) reference_counts_per_domain: real 0.02s | cpu 0.01s
2026-08-30 06:44:31.101 INFO (Iteration 1) reference_replacements: real 0.08s | cpu 0.04s
2026-08-30 06:44:31.101 INFO Iteration 1 finished in 16.88s (real) and 12.63s (process)
2026-08-30 06:44:31.102 INFO Start timestep 2012-12-28 00:00:00+00:00 -> 2013-01-27 00:00:00+00:00
2026-08-30 06:44:41.146 INFO DuckDB memory logs:
  database_name database_size  block_size  ...  wal_size  memory_usage  memory_limit
0   postgres_db       6.2 TiB           0  ...   0 bytes       1.1 GiB     267.0 GiB
1        memory       0 bytes           0  ...   0 bytes       1.1 GiB     267.0 GiB

[2 rows x 9 columns]
2026-08-30 06:44:41.146 INFO Loading data (2012-12-28 00:00:00+00:00 -> 2013-01-27 00:00:00+00:00) done in 10.04s (real) and 7.55s (process)
2026-08-30 06:44:41.146 INFO Memory usage (start of timestep, peak): 2.03 GiB
2026-08-30 06:44:41.146 INFO Memory usage (start of timestep, current): 1.33 GiB
2026-08-30 06:44:41.147 INFO Calculating metrics
2026-08-30 06:44:41.147 INFO Calculating metric: reference_counts_per_domain
2026-08-30 06:44:41.164 INFO [reference_counts_per_domain] Memory snapshot — total: 0.00 MB
  cache_rows: 0.00 MB (0 entries)
  counts_rows: 0.00 MB (0 entries)
  total_count: 0.00 MB (N/A entries)
2026-08-30 06:44:41.164 INFO Calculating metric: reference_replacements
Found 0 usable reference edits in this timestep.
No reference counts per domain available in this timestep.
--- Fun Facts ----
Number of domains in the graph is 0 (0 live)
Number of edges in the graph is 0 (0 accepted)
edge density of the reference replacement graph: 0.0000
Average degree is 0.00 (preference graph: 0.00)
Relevance weight cutoff: 0.0 (kept 0.00% of edges)
DOI node is not in graph
ISBN node is not in graph
DOI count: 0.0
ISBN count: 0.0
Sessions concluded this step: 0 (avg size 0.00, cumulative avg 0.00)
Recycling:
  Recycled mass this step: 0.0
  Recycled mass cumulative: 0.0
  Tombstoned domains this step: 0
2026-08-30 06:44:41.242 INFO [reference_replacements.calculate] total=0.08s query=0.00s rebuttal_searches=0 rebuttal_skipped=0
2026-08-30 06:44:41.243 INFO [reference_replacements] Memory snapshot — total: 0.00 MB
  reference_graph: 0.00 MB (0 entries)
  domain_to_vertex: 0.00 MB (0 entries)
  reusable_vertex_pool: 0.00 MB (0 entries)
  tombstoned_domains: 0.00 MB (0 entries)
  tombstoned_domain_mass: 0.00 MB (0 entries)
  open_session_counts_size: 0.00 MB (0 entries)
  open_session_last_edit_size: 0.00 MB (0 entries)
  open_session_edits_size: 0.00 MB (0 entries)
2026-08-30 06:44:41.243 INFO [reference_replacements.log_memory] total=0.00s tracked=8
2026-08-30 06:44:41.243 INFO Memory usage (end of timestep, peak): 2.03 GiB
2026-08-30 06:44:41.243 INFO Memory usage (end of timestep, current): 1.33 GiB
2026-08-30 06:44:41.243 INFO (Iteration 2) reference_counts_per_domain: real 0.02s | cpu 0.01s
2026-08-30 06:44:41.244 INFO (Iteration 2) reference_replacements: real 0.08s | cpu 0.04s
2026-08-30 06:44:41.244 INFO Iteration 2 finished in 10.14s (real) and 7.61s (process)
2026-08-30 06:44:41.244 INFO Start timestep 2013-01-27 00:00:00+00:00 -> 2013-02-26 00:00:00+00:00
2026-08-30 06:44:49.736 INFO DuckDB memory logs:
  database_name database_size  block_size  ...  wal_size  memory_usage  memory_limit
0   postgres_db       6.2 TiB           0  ...   0 bytes    1011.7 MiB     267.0 GiB
1        memory       0 bytes           0  ...   0 bytes    1011.7 MiB     267.0 GiB

[2 rows x 9 columns]
2026-08-30 06:44:49.736 INFO Loading data (2013-01-27 00:00:00+00:00 -> 2013-02-26 00:00:00+00:00) done in 8.49s (real) and 12.15s (process)
2026-08-30 06:44:49.736 INFO Memory usage (start of timestep, peak): 2.03 GiB
2026-08-30 06:44:49.736 INFO Memory usage (start of timestep, current): 1.17 GiB
2026-08-30 06:44:49.736 INFO Calculating metrics
2026-08-30 06:44:49.737 INFO Calculating metric: reference_counts_per_domain
2026-08-30 06:44:49.998 INFO [reference_counts_per_domain] Memory snapshot — total: 0.01 MB
  cache_rows: 0.00 MB (55 entries)
  counts_rows: 0.01 MB (55 entries)
  total_count: 0.00 MB (N/A entries)
2026-08-30 06:44:49.998 INFO Calculating metric: reference_replacements
Found 5 prefs in this timestep.
Found 1 clearly dominated domains in this timestep.
Found 1 clearly dominating domains in this timestep.
Found 0 contested domains in this timestep.
Fraction of references that are clearly dominated: 2.17%
Fraction of references that are clearly dominating: 4.35%
Fraction of references that are contested: 0.00%
Fraction of references in the graph but unclassified: 6.52%
Fraction of references whose domain is not in the graph: 86.96%
--- Fun Facts ----
Number of domains in the graph is 8 (8 live)
Number of edges in the graph is 4 (1 accepted)
edge density of the reference replacement graph: 0.0714
Average degree is 1.00 (preference graph: 0.25)
Relevance weight cutoff: 1.0 (kept 25.00% of edges)
DOI node is not in graph
ISBN node is not in graph
DOI count: 0.0
ISBN count: 0.0
Sessions concluded this step: 70 (avg size 1.66, cumulative avg 1.66)
Recycling:
  Recycled mass this step: 0.0
  Recycled mass cumulative: 0.0
  Tombstoned domains this step: 0
Plotting histogramm...
2026-08-30 06:44:52.867 INFO [reference_replacements.calculate] total=2.87s query=0.04s derive=0.03s elicit=0.13s graph=0.01s mark_edges=0.03s scc=0.01s classify=0.04s score=0.00s write=2.59s rebuttal_searches=0 rebuttal_skipped=0
2026-08-30 06:44:52.868 INFO [reference_replacements] Memory snapshot — total: 0.02 MB
  reference_graph: 0.00 MB (8 entries)
  domain_to_vertex: 0.00 MB (8 entries)
  reusable_vertex_pool: 0.00 MB (0 entries)
  tombstoned_domains: 0.00 MB (0 entries)
  tombstoned_domain_mass: 0.00 MB (0 entries)
  open_session_counts_size: 0.01 MB (16 entries)
  open_session_last_edit_size: 0.00 MB (16 entries)
  open_session_edits_size: 0.00 MB (16 entries)
2026-08-30 06:44:52.868 INFO [reference_replacements.log_memory] total=0.00s tracked=8
2026-08-30 06:44:52.868 INFO Memory usage (end of timestep, peak): 2.03 GiB
2026-08-30 06:44:52.868 INFO Memory usage (end of timestep, current): 1.21 GiB
2026-08-30 06:44:52.868 INFO (Iteration 3) reference_counts_per_domain: real 0.26s | cpu 0.08s
2026-08-30 06:44:52.868 INFO (Iteration 3) reference_replacements: real 2.87s | cpu 1.17s
2026-08-30 06:44:52.868 INFO Iteration 3 finished in 11.62s (real) and 13.40s (process)
2026-08-30 06:44:52.868 INFO Start timestep 2013-02-26 00:00:00+00:00 -> 2013-03-28 00:00:00+00:00
2026-08-30 06:45:19.659 INFO DuckDB memory logs:
  database_name database_size  block_size  ...  wal_size  memory_usage  memory_limit
0   postgres_db       6.2 TiB           0  ...   0 bytes       3.2 GiB     267.0 GiB
1        memory       0 bytes           0  ...   0 bytes       3.2 GiB     267.0 GiB

[2 rows x 9 columns]
2026-08-30 06:45:19.660 INFO Loading data (2013-02-26 00:00:00+00:00 -> 2013-03-28 00:00:00+00:00) done in 26.79s (real) and 19.74s (process)
2026-08-30 06:45:19.660 INFO Memory usage (start of timestep, peak): 3.34 GiB
2026-08-30 06:45:19.660 INFO Memory usage (start of timestep, current): 3.35 GiB
2026-08-30 06:45:19.660 INFO Calculating metrics
2026-08-30 06:45:19.660 INFO Calculating metric: reference_counts_per_domain
2026-08-30 06:45:19.947 INFO [reference_counts_per_domain] Memory snapshot — total: 0.03 MB
  cache_rows: 0.01 MB (148 entries)
  counts_rows: 0.02 MB (148 entries)
  total_count: 0.00 MB (N/A entries)
2026-08-30 06:45:19.947 INFO Calculating metric: reference_replacements
Found 25 prefs in this timestep.
Found 3 clearly dominated domains in this timestep.
Found 3 clearly dominating domains in this timestep.
Found 0 contested domains in this timestep.
Fraction of references that are clearly dominated: 59.14%
Fraction of references that are clearly dominating: 7.83%
Fraction of references that are contested: 0.00%
Fraction of references in the graph but unclassified: 0.22%
Fraction of references whose domain is not in the graph: 32.81%
--- Fun Facts ----
Number of domains in the graph is 24 (24 live)
Number of edges in the graph is 20 (3 accepted)
edge density of the reference replacement graph: 0.0362
Average degree is 1.67 (preference graph: 0.25)
Relevance weight cutoff: 1.0 (kept 15.00% of edges)
DOI node is not in graph
ISBN node is not in graph
DOI count: 0.0
ISBN count: 0.0
Sessions concluded this step: 630015 (avg size 1.00, cumulative avg 1.00)
Recycling:
  Recycled mass this step: 0.0
  Recycled mass cumulative: 0.0
  Tombstoned domains this step: 0
Plotting histogramm...
2026-08-30 06:45:35.454 INFO [reference_replacements.calculate] total=15.51s query=0.30s derive=0.97s elicit=13.85s graph=0.00s mark_edges=0.00s scc=0.00s classify=0.00s score=0.00s write=0.37s rebuttal_searches=0 rebuttal_skipped=0
2026-08-30 06:45:37.443 INFO [reference_replacements] Memory snapshot — total: 119.76 MB
  reference_graph: 0.01 MB (24 entries)
  domain_to_vertex: 0.01 MB (24 entries)
  reusable_vertex_pool: 0.00 MB (0 entries)
  tombstoned_domains: 0.00 MB (0 entries)
  tombstoned_domain_mass: 0.00 MB (0 entries)
  open_session_counts_size: 59.93 MB (138171 entries)
  open_session_last_edit_size: 42.56 MB (138171 entries)
  open_session_edits_size: 17.26 MB (138171 entries)
2026-08-30 06:45:37.443 INFO [reference_replacements.log_memory] total=1.99s tracked=8
2026-08-30 06:45:37.443 INFO Memory usage (end of timestep, peak): 3.72 GiB
2026-08-30 06:45:37.443 INFO Memory usage (end of timestep, current): 3.68 GiB
2026-08-30 06:45:37.443 INFO (Iteration 4) reference_counts_per_domain: real 0.29s | cpu 0.27s
2026-08-30 06:45:37.443 INFO (Iteration 4) reference_replacements: real 17.50s | cpu 17.72s
2026-08-30 06:45:37.443 INFO Iteration 4 finished in 44.57s (real) and 37.73s (process)
2026-08-30 06:45:37.444 INFO Start timestep 2013-03-28 00:00:00+00:00 -> 2013-04-27 00:00:00+00:00
2026-08-30 06:46:07.878 INFO DuckDB memory logs:
  database_name database_size  block_size  ...  wal_size  memory_usage  memory_limit
0   postgres_db       6.2 TiB           0  ...   0 bytes       4.2 GiB     267.0 GiB
1        memory       0 bytes           0  ...   0 bytes       4.2 GiB     267.0 GiB

[2 rows x 9 columns]
2026-08-30 06:46:07.878 INFO Loading data (2013-03-28 00:00:00+00:00 -> 2013-04-27 00:00:00+00:00) done in 30.43s (real) and 28.57s (process)
2026-08-30 06:46:07.878 INFO Memory usage (start of timestep, peak): 4.49 GiB
2026-08-30 06:46:07.878 INFO Memory usage (start of timestep, current): 4.49 GiB
2026-08-30 06:46:07.878 INFO Calculating metrics
2026-08-30 06:46:07.878 INFO Calculating metric: reference_counts_per_domain
2026-08-30 06:46:08.122 INFO [reference_counts_per_domain] Memory snapshot — total: 0.05 MB
  cache_rows: 0.02 MB (257 entries)
  counts_rows: 0.03 MB (257 entries)
  total_count: 0.00 MB (N/A entries)
2026-08-30 06:46:08.122 INFO Calculating metric: reference_replacements
Found 43 prefs in this timestep.
Found 6 clearly dominated domains in this timestep.
Found 4 clearly dominating domains in this timestep.
Found 0 contested domains in this timestep.
Fraction of references that are clearly dominated: 69.37%
Fraction of references that are clearly dominating: 3.29%
Fraction of references that are contested: 0.00%
Fraction of references in the graph but unclassified: 21.49%
Fraction of references whose domain is not in the graph: 5.85%
--- Fun Facts ----
Number of domains in the graph is 43 (43 live)
Number of edges in the graph is 45 (7 accepted)
edge density of the reference replacement graph: 0.0249
Average degree is 2.09 (preference graph: 0.33)
Relevance weight cutoff: 1.0 (kept 15.56% of edges)
DOI node is not in graph
ISBN node is not in graph
DOI count: 0.0
ISBN count: 0.0
Sessions concluded this step: 2570436 (avg size 1.02, cumulative avg 1.01)
Recycling:
  Recycled mass this step: 0.0
  Recycled mass cumulative: 0.0
  Tombstoned domains this step: 0
Plotting histogramm...
2026-08-30 06:46:48.729 INFO [reference_replacements.calculate] total=40.61s query=0.93s derive=3.28s elicit=35.95s graph=0.00s mark_edges=0.00s scc=0.00s classify=0.00s score=0.00s write=0.40s rebuttal_searches=0 rebuttal_skipped=1
2026-08-30 06:46:51.064 INFO [reference_replacements] Memory snapshot — total: 148.92 MB
  reference_graph: 0.01 MB (43 entries)
  domain_to_vertex: 0.01 MB (43 entries)
  reusable_vertex_pool: 0.00 MB (0 entries)
  tombstoned_domains: 0.00 MB (0 entries)
  tombstoned_domain_mass: 0.00 MB (0 entries)
  open_session_counts_size: 73.01 MB (161862 entries)
  open_session_last_edit_size: 52.77 MB (161862 entries)
  open_session_edits_size: 23.13 MB (161862 entries)
2026-08-30 06:46:51.065 INFO [reference_replacements.log_memory] total=2.34s tracked=8
2026-08-30 06:46:51.065 INFO Memory usage (end of timestep, peak): 5.93 GiB
2026-08-30 06:46:51.065 INFO Memory usage (end of timestep, current): 5.17 GiB
2026-08-30 06:46:51.065 INFO (Iteration 5) reference_counts_per_domain: real 0.24s | cpu 0.55s
2026-08-30 06:46:51.065 INFO (Iteration 5) reference_replacements: real 42.94s | cpu 44.03s
2026-08-30 06:46:51.065 INFO Iteration 5 finished in 73.62s (real) and 73.16s (process)
2026-08-30 06:46:51.068 INFO Start timestep 2013-04-27 00:00:00+00:00 -> 2013-05-27 00:00:00+00:00
2026-08-30 06:47:30.401 INFO DuckDB memory logs:
  database_name database_size  block_size  ...  wal_size  memory_usage  memory_limit
0   postgres_db       6.2 TiB           0  ...   0 bytes       5.6 GiB     267.0 GiB
1        memory       0 bytes           0  ...   0 bytes       5.6 GiB     267.0 GiB

[2 rows x 9 columns]
2026-08-30 06:47:30.401 INFO Loading data (2013-04-27 00:00:00+00:00 -> 2013-05-27 00:00:00+00:00) done in 39.33s (real) and 28.84s (process)
2026-08-30 06:47:30.401 INFO Memory usage (start of timestep, peak): 6.10 GiB
2026-08-30 06:47:30.401 INFO Memory usage (start of timestep, current): 6.11 GiB
2026-08-30 06:47:30.401 INFO Calculating metrics
2026-08-30 06:47:30.401 INFO Calculating metric: reference_counts_per_domain
2026-08-30 06:47:30.708 INFO [reference_counts_per_domain] Memory snapshot — total: 0.07 MB
  cache_rows: 0.02 MB (401 entries)
  counts_rows: 0.05 MB (401 entries)
  total_count: 0.00 MB (N/A entries)
2026-08-30 06:47:30.708 INFO Calculating metric: reference_replacements
Found 27223 prefs in this timestep.
Found 12 clearly dominated domains in this timestep.
Found 10 clearly dominating domains in this timestep.
Found 0 contested domains in this timestep.
Fraction of references that are clearly dominated: 86.81%
Fraction of references that are clearly dominating: 2.47%
Fraction of references that are contested: 0.00%
Fraction of references in the graph but unclassified: 6.14%
Fraction of references whose domain is not in the graph: 4.58%
--- Fun Facts ----
Number of domains in the graph is 98 (98 live)
Number of edges in the graph is 129 (37 accepted)
edge density of the reference replacement graph: 0.0136
Average degree is 2.63 (preference graph: 0.76)
Relevance weight cutoff: 1.0 (kept 28.68% of edges)
DOI node is not in graph
ISBN node is not in graph
DOI count: 0.0
ISBN count: 0.0
Sessions concluded this step: 4695887 (avg size 1.01, cumulative avg 1.01)
Recycling:
  Recycled mass this step: 0.0
  Recycled mass cumulative: 0.0
  Tombstoned domains this step: 0
Plotting histogramm...
2026-08-30 06:48:56.720 INFO [reference_replacements.calculate] total=86.01s query=1.71s derive=6.27s elicit=77.49s graph=0.00s mark_edges=0.00s scc=0.00s classify=0.03s score=0.00s write=0.41s rebuttal_searches=1 rebuttal_skipped=6
2026-08-30 06:49:01.025 INFO [reference_replacements] Memory snapshot — total: 277.49 MB
  reference_graph: 0.03 MB (98 entries)
  domain_to_vertex: 0.02 MB (98 entries)
  reusable_vertex_pool: 0.00 MB (0 entries)
  tombstoned_domains: 0.00 MB (0 entries)
  tombstoned_domain_mass: 0.00 MB (0 entries)
  open_session_counts_size: 135.56 MB (296629 entries)
  open_session_last_edit_size: 98.10 MB (296629 entries)
  open_session_edits_size: 43.78 MB (296629 entries)
2026-08-30 06:49:01.025 INFO [reference_replacements.log_memory] total=4.30s tracked=8
2026-08-30 06:49:01.025 INFO Memory usage (end of timestep, peak): 8.50 GiB
2026-08-30 06:49:01.025 INFO Memory usage (end of timestep, current): 6.53 GiB
2026-08-30 06:49:01.025 INFO (Iteration 6) reference_counts_per_domain: real 0.31s | cpu 0.85s
2026-08-30 06:49:01.025 INFO (Iteration 6) reference_replacements: real 90.32s | cpu 92.31s
2026-08-30 06:49:01.025 INFO Iteration 6 finished in 129.96s (real) and 122.01s (process)
2026-08-30 06:49:01.026 INFO Start timestep 2013-05-27 00:00:00+00:00 -> 2013-06-26 00:00:00+00:00
2026-08-30 06:49:15.240 INFO DuckDB memory logs:
  database_name database_size  block_size  ...  wal_size  memory_usage  memory_limit
0   postgres_db       6.2 TiB           0  ...   0 bytes       1.9 GiB     267.0 GiB
1        memory       0 bytes           0  ...   0 bytes       1.9 GiB     267.0 GiB

[2 rows x 9 columns]
2026-08-30 06:49:15.241 INFO Loading data (2013-05-27 00:00:00+00:00 -> 2013-06-26 00:00:00+00:00) done in 14.21s (real) and 10.38s (process)
2026-08-30 06:49:15.241 INFO Memory usage (start of timestep, peak): 8.50 GiB
2026-08-30 06:49:15.241 INFO Memory usage (start of timestep, current): 2.81 GiB
2026-08-30 06:49:15.241 INFO Calculating metrics
2026-08-30 06:49:15.241 INFO Calculating metric: reference_counts_per_domain
2026-08-30 06:49:15.545 INFO [reference_counts_per_domain] Memory snapshot — total: 0.11 MB
  cache_rows: 0.04 MB (606 entries)
  counts_rows: 0.07 MB (606 entries)
  total_count: 0.00 MB (N/A entries)
2026-08-30 06:49:15.546 INFO Calculating metric: reference_replacements
Found 756 prefs in this timestep.
Found 17 clearly dominated domains in this timestep.
Found 19 clearly dominating domains in this timestep.
Found 0 contested domains in this timestep.
Fraction of references that are clearly dominated: 85.30%
Fraction of references that are clearly dominating: 2.59%
Fraction of references that are contested: 0.00%
Fraction of references in the graph but unclassified: 10.17%
Fraction of references whose domain is not in the graph: 1.93%
--- Fun Facts ----
Number of domains in the graph is 170 (170 live)
Number of edges in the graph is 240 (73 accepted)
edge density of the reference replacement graph: 0.0084
Average degree is 2.82 (preference graph: 0.86)
Relevance weight cutoff: 1.0 (kept 30.42% of edges)
DOI node is not in graph
ISBN node is not in graph
DOI count: 0.0
ISBN count: 0.0
Sessions concluded this step: 2000952 (avg size 1.02, cumulative avg 1.01)
Recycling:
  Recycled mass this step: 0.0
  Recycled mass cumulative: 0.0
  Tombstoned domains this step: 0
Plotting histogramm...
2026-08-30 06:49:43.569 INFO [reference_replacements.calculate] total=28.02s query=0.55s derive=2.33s elicit=24.60s graph=0.00s mark_edges=0.00s scc=0.00s classify=0.00s score=0.00s write=0.49s rebuttal_searches=0 rebuttal_skipped=9
2026-08-30 06:49:44.311 INFO [reference_replacements] Memory snapshot — total: 86.20 MB
  reference_graph: 0.05 MB (170 entries)
  domain_to_vertex: 0.04 MB (170 entries)
  reusable_vertex_pool: 0.00 MB (0 entries)
  tombstoned_domains: 0.00 MB (0 entries)
  tombstoned_domain_mass: 0.00 MB (0 entries)
  open_session_counts_size: 36.64 MB (53267 entries)
  open_session_last_edit_size: 29.61 MB (53267 entries)
  open_session_edits_size: 19.86 MB (53267 entries)
2026-08-30 06:49:44.311 INFO [reference_replacements.log_memory] total=0.74s tracked=8
2026-08-30 06:49:44.311 INFO Memory usage (end of timestep, peak): 8.50 GiB
2026-08-30 06:49:44.311 INFO Memory usage (end of timestep, current): 3.58 GiB
2026-08-30 06:49:44.311 INFO (Iteration 7) reference_counts_per_domain: real 0.30s | cpu 0.50s
2026-08-30 06:49:44.311 INFO (Iteration 7) reference_replacements: real 28.77s | cpu 29.64s
2026-08-30 06:49:44.311 INFO Iteration 7 finished in 43.29s (real) and 40.52s (process)
2026-08-30 06:49:44.312 INFO Start timestep 2013-06-26 00:00:00+00:00 -> 2013-07-26 00:00:00+00:00
2026-08-30 06:50:05.139 INFO DuckDB memory logs:
  database_name database_size  block_size  ...  wal_size  memory_usage  memory_limit
0   postgres_db       6.2 TiB           0  ...   0 bytes       3.2 GiB     267.0 GiB
1        memory       0 bytes           0  ...   0 bytes       3.2 GiB     267.0 GiB

[2 rows x 9 columns]
2026-08-30 06:50:05.139 INFO Loading data (2013-06-26 00:00:00+00:00 -> 2013-07-26 00:00:00+00:00) done in 20.83s (real) and 19.51s (process)
2026-08-30 06:50:05.139 INFO Memory usage (start of timestep, peak): 8.50 GiB
2026-08-30 06:50:05.139 INFO Memory usage (start of timestep, current): 3.90 GiB
2026-08-30 06:50:05.139 INFO Calculating metrics
2026-08-30 06:50:05.140 INFO Calculating metric: reference_counts_per_domain
2026-08-30 06:50:05.505 INFO [reference_counts_per_domain] Memory snapshot — total: 0.13 MB
  cache_rows: 0.05 MB (734 entries)
  counts_rows: 0.09 MB (734 entries)
  total_count: 0.00 MB (N/A entries)
2026-08-30 06:50:05.505 INFO Calculating metric: reference_replacements
Found 25861 prefs in this timestep.
Found 27 clearly dominated domains in this timestep.
Found 26 clearly dominating domains in this timestep.
Found 0 contested domains in this timestep.
Fraction of references that are clearly dominated: 75.44%
Fraction of references that are clearly dominating: 4.62%
Fraction of references that are contested: 0.00%
Fraction of references in the graph but unclassified: 19.65%
Fraction of references whose domain is not in the graph: 0.29%
--- Fun Facts ----
Number of domains in the graph is 215 (215 live)
Number of edges in the graph is 308 (98 accepted)
edge density of the reference replacement graph: 0.0067
Average degree is 2.87 (preference graph: 0.91)
Relevance weight cutoff: 1.0 (kept 31.82% of edges)
DOI node is not in graph
ISBN node is not in graph
DOI count: 0.0
ISBN count: 0.0
Sessions concluded this step: 2597042 (avg size 1.02, cumulative avg 1.02)
Recycling:
  Recycled mass this step: 0.0
  Recycled mass cumulative: 0.0
  Tombstoned domains this step: 0
Plotting histogramm...
2026-08-30 06:50:34.342 INFO [reference_replacements.calculate] total=28.84s query=0.95s derive=3.49s elicit=23.80s graph=0.00s mark_edges=0.01s scc=0.00s classify=0.00s score=0.00s write=0.51s rebuttal_searches=0 rebuttal_skipped=9
2026-08-30 06:50:34.603 INFO [reference_replacements] Memory snapshot — total: 58.77 MB
  reference_graph: 0.07 MB (215 entries)
  domain_to_vertex: 0.05 MB (215 entries)
  reusable_vertex_pool: 0.00 MB (0 entries)
  tombstoned_domains: 0.00 MB (0 entries)
  tombstoned_domain_mass: 0.00 MB (0 entries)
  open_session_counts_size: 22.25 MB (18651 entries)
  open_session_last_edit_size: 19.91 MB (18651 entries)
  open_session_edits_size: 16.49 MB (18651 entries)
2026-08-30 06:50:34.603 INFO [reference_replacements.log_memory] total=0.26s tracked=8
2026-08-30 06:50:34.603 INFO Memory usage (end of timestep, peak): 8.50 GiB
2026-08-30 06:50:34.603 INFO Memory usage (end of timestep, current): 5.28 GiB
2026-08-30 06:50:34.603 INFO (Iteration 8) reference_counts_per_domain: real 0.37s | cpu 0.66s
2026-08-30 06:50:34.604 INFO (Iteration 8) reference_replacements: real 29.10s | cpu 30.22s
2026-08-30 06:50:34.604 INFO Iteration 8 finished in 50.29s (real) and 50.39s (process)
2026-08-30 06:50:34.604 INFO Start timestep 2013-07-26 00:00:00+00:00 -> 2013-08-25 00:00:00+00:00
2026-08-30 06:50:48.451 INFO DuckDB memory logs:
  database_name database_size  block_size  ...  wal_size  memory_usage  memory_limit
0   postgres_db       6.2 TiB           0  ...   0 bytes       1.8 GiB     267.0 GiB
1        memory       0 bytes           0  ...   0 bytes       1.8 GiB     267.0 GiB

[2 rows x 9 columns]
2026-08-30 06:50:48.451 INFO Loading data (2013-07-26 00:00:00+00:00 -> 2013-08-25 00:00:00+00:00) done in 13.85s (real) and 10.09s (process)
2026-08-30 06:50:48.451 INFO Memory usage (start of timestep, peak): 8.50 GiB
2026-08-30 06:50:48.452 INFO Memory usage (start of timestep, current): 2.59 GiB
2026-08-30 06:50:48.452 INFO Calculating metrics
2026-08-30 06:50:48.452 INFO Calculating metric: reference_counts_per_domain
2026-08-30 06:50:48.809 INFO [reference_counts_per_domain] Memory snapshot — total: 0.19 MB
  cache_rows: 0.06 MB (1050 entries)
  counts_rows: 0.12 MB (1050 entries)
  total_count: 0.00 MB (N/A entries)
2026-08-30 06:50:48.809 INFO Calculating metric: reference_replacements
Found 5323 prefs in this timestep.
Found 45 clearly dominated domains in this timestep.
Found 53 clearly dominating domains in this timestep.
Found 0 contested domains in this timestep.
Fraction of references that are clearly dominated: 76.71%
Fraction of references that are clearly dominating: 19.68%
Fraction of references that are contested: 0.00%
Fraction of references in the graph but unclassified: 3.02%
Fraction of references whose domain is not in the graph: 0.59%
--- Fun Facts ----
Number of domains in the graph is 297 (297 live)
Number of edges in the graph is 483 (160 accepted)
edge density of the reference replacement graph: 0.0055
Average degree is 3.25 (preference graph: 1.08)
Relevance weight cutoff: 1.0 (kept 33.13% of edges)
DOI node is not in graph
ISBN node is not in graph
DOI count: 0.0
ISBN count: 0.0
Sessions concluded this step: 943697 (avg size 1.02, cumulative avg 1.02)
Recycling:
  Recycled mass this step: 0.0
  Recycled mass cumulative: 0.0
  Tombstoned domains this step: 0
Plotting histogramm...
2026-08-30 06:51:02.590 INFO [reference_replacements.calculate] total=13.78s query=0.37s derive=1.26s elicit=11.62s graph=0.00s mark_edges=0.00s scc=0.00s classify=0.00s score=0.00s write=0.51s rebuttal_searches=0 rebuttal_skipped=12
2026-08-30 06:51:03.575 INFO [reference_replacements] Memory snapshot — total: 99.94 MB
  reference_graph: 0.10 MB (297 entries)
  domain_to_vertex: 0.07 MB (297 entries)
  reusable_vertex_pool: 0.00 MB (0 entries)
  tombstoned_domains: 0.00 MB (0 entries)
  tombstoned_domain_mass: 0.00 MB (0 entries)
  open_session_counts_size: 43.58 MB (71053 entries)
  open_session_last_edit_size: 34.60 MB (71053 entries)
  open_session_edits_size: 21.59 MB (71053 entries)
2026-08-30 06:51:03.576 INFO [reference_replacements.log_memory] total=0.99s tracked=8
2026-08-30 06:51:03.576 INFO Memory usage (end of timestep, peak): 8.50 GiB
2026-08-30 06:51:03.576 INFO Memory usage (end of timestep, current): 3.18 GiB
2026-08-30 06:51:03.576 INFO (Iteration 9) reference_counts_per_domain: real 0.36s | cpu 0.37s
2026-08-30 06:51:03.576 INFO (Iteration 9) reference_replacements: real 14.77s | cpu 15.24s
2026-08-30 06:51:03.576 INFO Iteration 9 finished in 28.97s (real) and 25.70s (process)
2026-08-30 06:51:03.576 INFO Start timestep 2013-08-25 00:00:00+00:00 -> 2013-09-24 00:00:00+00:00
2026-08-30 06:51:18.087 INFO DuckDB memory logs:
  database_name database_size  block_size  ...  wal_size  memory_usage  memory_limit
0   postgres_db       6.2 TiB           0  ...   0 bytes       1.8 GiB     267.0 GiB
1        memory       0 bytes           0  ...   0 bytes       1.8 GiB     267.0 GiB

[2 rows x 9 columns]
2026-08-30 06:51:18.087 INFO Loading data (2013-08-25 00:00:00+00:00 -> 2013-09-24 00:00:00+00:00) done in 14.51s (real) and 13.78s (process)
2026-08-30 06:51:18.087 INFO Memory usage (start of timestep, peak): 8.50 GiB
2026-08-30 06:51:18.088 INFO Memory usage (start of timestep, current): 2.59 GiB
2026-08-30 06:51:18.088 INFO Calculating metrics
2026-08-30 06:51:18.088 INFO Calculating metric: reference_counts_per_domain
2026-08-30 06:51:18.504 INFO [reference_counts_per_domain] Memory snapshot — total: 0.25 MB
  cache_rows: 0.09 MB (1406 entries)
  counts_rows: 0.17 MB (1406 entries)
  total_count: 0.00 MB (N/A entries)
2026-08-30 06:51:18.504 INFO Calculating metric: reference_replacements
Found 1696 prefs in this timestep.
Found 54 clearly dominated domains in this timestep.
Found 67 clearly dominating domains in this timestep.
Found 1 contested domains in this timestep.
Fraction of references that are clearly dominated: 77.59%
Fraction of references that are clearly dominating: 18.80%
Fraction of references that are contested: 0.09%
Fraction of references in the graph but unclassified: 2.33%
Fraction of references whose domain is not in the graph: 1.20%
--- Fun Facts ----
Number of domains in the graph is 362 (362 live)
Number of edges in the graph is 579 (202 accepted)
edge density of the reference replacement graph: 0.0044
Average degree is 3.20 (preference graph: 1.12)
Relevance weight cutoff: 1.0 (kept 34.89% of edges)
DOI node is not in graph
ISBN node is not in graph
DOI count: 0.0
ISBN count: 0.0
Sessions concluded this step: 1217141 (avg size 1.01, cumulative avg 1.02)
Recycling:
  Recycled mass this step: 0.0
  Recycled mass cumulative: 0.0
  Tombstoned domains this step: 0
Plotting histogramm...
2026-08-30 06:51:34.710 INFO [reference_replacements.calculate] total=16.21s query=0.41s derive=1.59s elicit=13.64s graph=0.00s mark_edges=0.00s scc=0.00s classify=0.00s score=0.00s write=0.53s rebuttal_searches=1 rebuttal_skipped=15
2026-08-30 06:51:35.590 INFO [reference_replacements] Memory snapshot — total: 93.79 MB
  reference_graph: 0.12 MB (362 entries)
  domain_to_vertex: 0.09 MB (362 entries)
  reusable_vertex_pool: 0.00 MB (0 entries)
  tombstoned_domains: 0.00 MB (0 entries)
  tombstoned_domain_mass: 0.00 MB (0 entries)
  open_session_counts_size: 40.26 MB (63268 entries)
  open_session_last_edit_size: 32.45 MB (63268 entries)
  open_session_edits_size: 20.87 MB (63268 entries)
2026-08-30 06:51:35.591 INFO [reference_replacements.log_memory] total=0.88s tracked=8
2026-08-30 06:51:35.591 INFO Memory usage (end of timestep, peak): 8.50 GiB
2026-08-30 06:51:35.591 INFO Memory usage (end of timestep, current): 3.16 GiB
2026-08-30 06:51:35.591 INFO (Iteration 10) reference_counts_per_domain: real 0.42s | cpu 0.39s
2026-08-30 06:51:35.591 INFO (Iteration 10) reference_replacements: real 17.09s | cpu 17.65s
2026-08-30 06:51:35.591 INFO Iteration 10 finished in 32.01s (real) and 31.83s (process)
2026-08-30 06:51:35.591 INFO Start timestep 2013-09-24 00:00:00+00:00 -> 2013-10-24 00:00:00+00:00
2026-08-30 06:51:54.277 INFO DuckDB memory logs:
  database_name database_size  block_size  ...  wal_size  memory_usage  memory_limit
0   postgres_db       6.2 TiB           0  ...   0 bytes       2.9 GiB     267.0 GiB
1        memory       0 bytes           0  ...   0 bytes       2.9 GiB     267.0 GiB

[2 rows x 9 columns]
2026-08-30 06:51:54.277 INFO Loading data (2013-09-24 00:00:00+00:00 -> 2013-10-24 00:00:00+00:00) done in 18.69s (real) and 13.59s (process)
2026-08-30 06:51:54.277 INFO Memory usage (start of timestep, peak): 8.50 GiB
2026-08-30 06:51:54.278 INFO Memory usage (start of timestep, current): 3.70 GiB
2026-08-30 06:51:54.278 INFO Calculating metrics
2026-08-30 06:51:54.278 INFO Calculating metric: reference_counts_per_domain
2026-08-30 06:51:54.802 INFO [reference_counts_per_domain] Memory snapshot — total: 0.32 MB
  cache_rows: 0.11 MB (1750 entries)
  counts_rows: 0.21 MB (1750 entries)
  total_count: 0.00 MB (N/A entries)
2026-08-30 06:51:54.802 INFO Calculating metric: reference_replacements
Found 41051 prefs in this timestep.
Found 63 clearly dominated domains in this timestep.
Found 76 clearly dominating domains in this timestep.
Found 1 contested domains in this timestep.
Fraction of references that are clearly dominated: 82.18%
Fraction of references that are clearly dominating: 14.56%
Fraction of references that are contested: 0.08%
Fraction of references in the graph but unclassified: 2.05%
Fraction of references whose domain is not in the graph: 1.13%
--- Fun Facts ----
Number of domains in the graph is 429 (429 live)
Number of edges in the graph is 676 (228 accepted)
edge density of the reference replacement graph: 0.0037
Average degree is 3.15 (preference graph: 1.06)
Relevance weight cutoff: 1.0 (kept 33.73% of edges)
DOI node is not in graph
ISBN node is not in graph
DOI count: 0.0
ISBN count: 0.0
Sessions concluded this step: 2277716 (avg size 1.03, cumulative avg 1.02)
Recycling:
  Recycled mass this step: 0.0
  Recycled mass cumulative: 0.0
  Tombstoned domains this step: 0
Plotting histogramm...
2026-08-30 06:52:41.198 INFO [reference_replacements.calculate] total=46.40s query=1.00s derive=3.61s elicit=41.20s graph=0.01s mark_edges=0.00s scc=0.00s classify=0.00s score=0.00s write=0.52s rebuttal_searches=1 rebuttal_skipped=19
2026-08-30 06:52:45.155 INFO [reference_replacements] Memory snapshot — total: 231.66 MB
  reference_graph: 0.14 MB (429 entries)
  domain_to_vertex: 0.11 MB (429 entries)
  reusable_vertex_pool: 0.00 MB (0 entries)
  tombstoned_domains: 0.00 MB (0 entries)
  tombstoned_domain_mass: 0.00 MB (0 entries)
  open_session_counts_size: 116.27 MB (265744 entries)
  open_session_last_edit_size: 81.90 MB (265744 entries)
  open_session_edits_size: 33.24 MB (265744 entries)
2026-08-30 06:52:45.155 INFO [reference_replacements.log_memory] total=3.96s tracked=8
2026-08-30 06:52:45.155 INFO Memory usage (end of timestep, peak): 8.50 GiB
2026-08-30 06:52:45.156 INFO Memory usage (end of timestep, current): 5.07 GiB
2026-08-30 06:52:45.156 INFO (Iteration 11) reference_counts_per_domain: real 0.52s | cpu 0.93s
2026-08-30 06:52:45.156 INFO (Iteration 11) reference_replacements: real 50.35s | cpu 51.65s
2026-08-30 06:52:45.156 INFO Iteration 11 finished in 69.56s (real) and 66.17s (process)
2026-08-30 06:52:45.156 INFO Start timestep 2013-10-24 00:00:00+00:00 -> 2013-11-23 00:00:00+00:00
2026-08-30 06:53:03.567 INFO DuckDB memory logs:
  database_name database_size  block_size  ...  wal_size  memory_usage  memory_limit
0   postgres_db       6.2 TiB           0  ...   0 bytes       2.6 GiB     267.0 GiB
1        memory       0 bytes           0  ...   0 bytes       2.6 GiB     267.0 GiB

[2 rows x 9 columns]
2026-08-30 06:53:03.567 INFO Loading data (2013-10-24 00:00:00+00:00 -> 2013-11-23 00:00:00+00:00) done in 18.41s (real) and 19.49s (process)
2026-08-30 06:53:03.568 INFO Memory usage (start of timestep, peak): 8.50 GiB
2026-08-30 06:53:03.568 INFO Memory usage (start of timestep, current): 3.55 GiB
2026-08-30 06:53:03.568 INFO Calculating metrics
2026-08-30 06:53:03.568 INFO Calculating metric: reference_counts_per_domain
2026-08-30 06:53:03.945 INFO [reference_counts_per_domain] Memory snapshot — total: 0.16 MB
  cache_rows: 0.05 MB (868 entries)
  counts_rows: 0.11 MB (868 entries)
  total_count: 0.00 MB (N/A entries)
2026-08-30 06:53:03.945 INFO Calculating metric: reference_replacements
Found 36367 prefs in this timestep.
Found 86 clearly dominated domains in this timestep.
Found 101 clearly dominating domains in this timestep.
Found 2 contested domains in this timestep.
Fraction of references that are clearly dominated: 83.47%
Fraction of references that are clearly dominating: 12.68%
Fraction of references that are contested: 1.14%
Fraction of references in the graph but unclassified: 1.62%
Fraction of references whose domain is not in the graph: 1.09%
--- Fun Facts ----
Number of domains in the graph is 548 (548 live)
Number of edges in the graph is 873 (314 accepted)
edge density of the reference replacement graph: 0.0029
Average degree is 3.19 (preference graph: 1.15)
Relevance weight cutoff: 1.0 (kept 35.97% of edges)
DOI node is not in graph
ISBN node is not in graph
DOI count: 0.0
ISBN count: 0.0
Sessions concluded this step: 2201387 (avg size 1.06, cumulative avg 1.02)
Recycling:
  Recycled mass this step: 0.0
  Recycled mass cumulative: 0.0
  Tombstoned domains this step: 0
Plotting histogramm...
2026-08-30 06:53:40.690 INFO [reference_replacements.calculate] total=36.75s query=0.79s derive=2.90s elicit=32.46s graph=0.01s mark_edges=0.00s scc=0.00s classify=0.00s score=0.00s write=0.53s rebuttal_searches=2 rebuttal_skipped=29
2026-08-30 06:53:42.794 INFO [reference_replacements] Memory snapshot — total: 162.83 MB
  reference_graph: 0.19 MB (548 entries)
  domain_to_vertex: 0.13 MB (548 entries)
  reusable_vertex_pool: 0.00 MB (0 entries)
  tombstoned_domains: 0.00 MB (0 entries)
  tombstoned_domain_mass: 0.00 MB (0 entries)
  open_session_counts_size: 76.17 MB (150367 entries)
  open_session_last_edit_size: 56.94 MB (150367 entries)
  open_session_edits_size: 29.40 MB (150367 entries)
2026-08-30 06:53:42.794 INFO [reference_replacements.log_memory] total=2.10s tracked=8
2026-08-30 06:53:42.794 INFO Memory usage (end of timestep, peak): 8.50 GiB
2026-08-30 06:53:42.794 INFO Memory usage (end of timestep, current): 4.71 GiB
2026-08-30 06:53:42.794 INFO (Iteration 12) reference_counts_per_domain: real 0.38s | cpu 0.73s
2026-08-30 06:53:42.795 INFO (Iteration 12) reference_replacements: real 38.85s | cpu 39.89s
2026-08-30 06:53:42.795 INFO Iteration 12 finished in 57.64s (real) and 60.11s (process)
2026-08-30 06:53:42.795 INFO Start timestep 2013-11-23 00:00:00+00:00 -> 2013-12-23 00:00:00+00:00
2026-08-30 06:54:03.558 INFO DuckDB memory logs:
  database_name database_size  block_size  ...  wal_size  memory_usage  memory_limit
0   postgres_db       6.2 TiB           0  ...   0 bytes       3.1 GiB     267.0 GiB
1        memory       0 bytes           0  ...   0 bytes       3.1 GiB     267.0 GiB

[2 rows x 9 columns]
2026-08-30 06:54:03.558 INFO Loading data (2013-11-23 00:00:00+00:00 -> 2013-12-23 00:00:00+00:00) done in 20.76s (real) and 15.70s (process)
2026-08-30 06:54:03.558 INFO Memory usage (start of timestep, peak): 8.50 GiB
2026-08-30 06:54:03.558 INFO Memory usage (start of timestep, current): 3.97 GiB
2026-08-30 06:54:03.558 INFO Calculating metrics
2026-08-30 06:54:03.558 INFO Calculating metric: reference_counts_per_domain
2026-08-30 06:54:03.941 INFO [reference_counts_per_domain] Memory snapshot — total: 0.26 MB
  cache_rows: 0.09 MB (1415 entries)
  counts_rows: 0.17 MB (1415 entries)
  total_count: 0.00 MB (N/A entries)
2026-08-30 06:54:03.941 INFO Calculating metric: reference_replacements
Found 928 prefs in this timestep.
Found 99 clearly dominated domains in this timestep.
Found 136 clearly dominating domains in this timestep.
Found 2 contested domains in this timestep.
Fraction of references that are clearly dominated: 80.17%
Fraction of references that are clearly dominating: 16.20%
Fraction of references that are contested: 1.11%
Fraction of references in the graph but unclassified: 1.15%
Fraction of references whose domain is not in the graph: 1.37%
--- Fun Facts ----
Number of domains in the graph is 696 (696 live)
Number of edges in the graph is 1128 (386 accepted)
edge density of the reference replacement graph: 0.0023
Average degree is 3.24 (preference graph: 1.11)
Relevance weight cutoff: 1.0 (kept 34.22% of edges)
DOI node is not in graph
ISBN node is not in graph
DOI count: 0.0
ISBN count: 0.0
Sessions concluded this step: 1956799 (avg size 1.01, cumulative avg 1.02)
Recycling:
  Recycled mass this step: 0.0
  Recycled mass cumulative: 0.0
  Tombstoned domains this step: 0
Plotting histogramm...
2026-08-30 06:54:37.820 INFO [reference_replacements.calculate] total=33.88s query=0.96s derive=2.69s elicit=29.55s graph=0.00s mark_edges=0.00s scc=0.00s classify=0.00s score=0.00s write=0.61s rebuttal_searches=2 rebuttal_skipped=33
2026-08-30 06:54:39.992 INFO [reference_replacements] Memory snapshot — total: 162.25 MB
  reference_graph: 0.24 MB (696 entries)
  domain_to_vertex: 0.18 MB (696 entries)
  reusable_vertex_pool: 0.00 MB (0 entries)
  tombstoned_domains: 0.00 MB (0 entries)
  tombstoned_domain_mass: 0.00 MB (0 entries)
  open_session_counts_size: 75.99 MB (149836 entries)
  open_session_last_edit_size: 56.64 MB (149836 entries)
  open_session_edits_size: 29.20 MB (149836 entries)
2026-08-30 06:54:39.992 INFO [reference_replacements.log_memory] total=2.17s tracked=8
2026-08-30 06:54:39.992 INFO Memory usage (end of timestep, peak): 8.50 GiB
2026-08-30 06:54:39.992 INFO Memory usage (end of timestep, current): 4.75 GiB
2026-08-30 06:54:39.992 INFO (Iteration 13) reference_counts_per_domain: real 0.38s | cpu 0.85s
2026-08-30 06:54:39.992 INFO (Iteration 13) reference_replacements: real 36.05s | cpu 37.42s
2026-08-30 06:54:39.992 INFO Iteration 13 finished in 57.20s (real) and 53.97s (process)
2026-08-30 06:54:39.993 INFO Start timestep 2013-12-23 00:00:00+00:00 -> 2014-01-22 00:00:00+00:00
2026-08-30 06:55:04.136 INFO DuckDB memory logs:
  database_name database_size  block_size  ...  wal_size  memory_usage  memory_limit
0   postgres_db       6.2 TiB           0  ...   0 bytes       3.0 GiB     267.0 GiB
1        memory       0 bytes           0  ...   0 bytes       3.0 GiB     267.0 GiB

[2 rows x 9 columns]
2026-08-30 06:55:04.137 INFO Loading data (2013-12-23 00:00:00+00:00 -> 2014-01-22 00:00:00+00:00) done in 24.14s (real) and 16.94s (process)
2026-08-30 06:55:04.137 INFO Memory usage (start of timestep, peak): 8.50 GiB
2026-08-30 06:55:04.137 INFO Memory usage (start of timestep, current): 3.79 GiB
2026-08-30 06:55:04.137 INFO Calculating metrics
2026-08-30 06:55:04.137 INFO Calculating metric: reference_counts_per_domain
2026-08-30 06:55:04.718 INFO [reference_counts_per_domain] Memory snapshot — total: 0.34 MB
  cache_rows: 0.12 MB (1835 entries)
  counts_rows: 0.22 MB (1835 entries)
  total_count: 0.00 MB (N/A entries)
2026-08-30 06:55:04.719 INFO Calculating metric: reference_replacements
Found 41694 prefs in this timestep.
Found 110 clearly dominated domains in this timestep.
Found 146 clearly dominating domains in this timestep.
Found 3 contested domains in this timestep.
Fraction of references that are clearly dominated: 86.88%
Fraction of references that are clearly dominating: 9.24%
Fraction of references that are contested: 1.05%
Fraction of references in the graph but unclassified: 1.43%
Fraction of references whose domain is not in the graph: 1.40%
--- Fun Facts ----
Number of domains in the graph is 778 (778 live)
Number of edges in the graph is 1241 (416 accepted)
edge density of the reference replacement graph: 0.0021
Average degree is 3.19 (preference graph: 1.07)
Relevance weight cutoff: 1.0 (kept 33.52% of edges)
DOI node is not in graph
ISBN node is not in graph
DOI count: 0.0
ISBN count: 0.0
Sessions concluded this step: 1665784 (avg size 1.04, cumulative avg 1.02)
Recycling:
  Recycled mass this step: 0.0
  Recycled mass cumulative: 0.0
  Tombstoned domains this step: 0
Plotting histogramm...
2026-08-30 06:55:32.900 INFO [reference_replacements.calculate] total=28.18s query=0.87s derive=2.55s elicit=24.10s graph=0.01s mark_edges=0.00s scc=0.00s classify=0.00s score=0.00s write=0.61s rebuttal_searches=3 rebuttal_skipped=38
2026-08-30 06:55:34.413 INFO [reference_replacements] Memory snapshot — total: 126.47 MB
  reference_graph: 0.26 MB (778 entries)
  domain_to_vertex: 0.19 MB (778 entries)
  reusable_vertex_pool: 0.00 MB (0 entries)
  tombstoned_domains: 0.00 MB (0 entries)
  tombstoned_domain_mass: 0.00 MB (0 entries)
  open_session_counts_size: 57.33 MB (104683 entries)
  open_session_last_edit_size: 43.93 MB (104683 entries)
  open_session_edits_size: 24.76 MB (104683 entries)
2026-08-30 06:55:34.414 INFO [reference_replacements.log_memory] total=1.51s tracked=8
2026-08-30 06:55:34.414 INFO Memory usage (end of timestep, peak): 8.50 GiB
2026-08-30 06:55:34.414 INFO Memory usage (end of timestep, current): 4.76 GiB
2026-08-30 06:55:34.414 INFO (Iteration 14) reference_counts_per_domain: real 0.58s | cpu 0.93s
2026-08-30 06:55:34.414 INFO (Iteration 14) reference_replacements: real 29.69s | cpu 31.04s
2026-08-30 06:55:34.414 INFO Iteration 14 finished in 54.42s (real) and 48.91s (process)
2026-08-30 06:55:34.414 INFO Start timestep 2014-01-22 00:00:00+00:00 -> 2014-02-21 00:00:00+00:00
2026-08-30 06:55:52.639 INFO DuckDB memory logs:
  database_name database_size  block_size  ...  wal_size  memory_usage  memory_limit
0   postgres_db       6.2 TiB           0  ...   0 bytes       2.8 GiB     267.0 GiB
1        memory       0 bytes           0  ...   0 bytes       2.8 GiB     267.0 GiB

[2 rows x 9 columns]
2026-08-30 06:55:52.639 INFO Loading data (2014-01-22 00:00:00+00:00 -> 2014-02-21 00:00:00+00:00) done in 18.22s (real) and 13.30s (process)
2026-08-30 06:55:52.639 INFO Memory usage (start of timestep, peak): 8.50 GiB
2026-08-30 06:55:52.639 INFO Memory usage (start of timestep, current): 3.71 GiB
2026-08-30 06:55:52.639 INFO Calculating metrics
2026-08-30 06:55:52.639 INFO Calculating metric: reference_counts_per_domain
2026-08-30 06:55:53.594 INFO [reference_counts_per_domain] Memory snapshot — total: 1.35 MB
  cache_rows: 0.47 MB (7023 entries)
  counts_rows: 0.88 MB (7023 entries)
  total_count: 0.00 MB (N/A entries)
2026-08-30 06:55:53.594 INFO Calculating metric: reference_replacements
Found 1311 prefs in this timestep.
Found 160 clearly dominated domains in this timestep.
Found 189 clearly dominating domains in this timestep.
Found 5 contested domains in this timestep.
Fraction of references that are clearly dominated: 86.49%
Fraction of references that are clearly dominating: 8.78%
Fraction of references that are contested: 0.99%
Fraction of references in the graph but unclassified: 1.91%
Fraction of references whose domain is not in the graph: 1.83%
--- Fun Facts ----
Number of domains in the graph is 1238 (1238 live)
Number of edges in the graph is 1776 (538 accepted)
edge density of the reference replacement graph: 0.0012
Average degree is 2.87 (preference graph: 0.87)
Relevance weight cutoff: 1.0 (kept 30.29% of edges)
DOI node is not in graph
ISBN node is not in graph
DOI count: 0.0
ISBN count: 0.0
Sessions concluded this step: 2041936 (avg size 1.01, cumulative avg 1.02)
Recycling:
  Recycled mass this step: 0.0
  Recycled mass cumulative: 0.0
  Tombstoned domains this step: 0
Plotting histogramm...
2026-08-30 06:56:29.029 INFO [reference_replacements.calculate] total=35.43s query=0.84s derive=2.98s elicit=30.65s graph=0.01s mark_edges=0.00s scc=0.00s classify=0.00s score=0.00s write=0.90s rebuttal_searches=5 rebuttal_skipped=44
2026-08-30 06:56:31.179 INFO [reference_replacements] Memory snapshot — total: 142.68 MB
  reference_graph: 0.39 MB (1238 entries)
  domain_to_vertex: 0.30 MB (1238 entries)
  reusable_vertex_pool: 0.00 MB (0 entries)
  tombstoned_domains: 0.00 MB (0 entries)
  tombstoned_domain_mass: 0.00 MB (0 entries)
  open_session_counts_size: 69.56 MB (151820 entries)
  open_session_last_edit_size: 50.11 MB (151820 entries)
  open_session_edits_size: 22.32 MB (151820 entries)
2026-08-30 06:56:31.180 INFO [reference_replacements.log_memory] total=2.15s tracked=8
2026-08-30 06:56:31.180 INFO Memory usage (end of timestep, peak): 8.50 GiB
2026-08-30 06:56:31.180 INFO Memory usage (end of timestep, current): 4.74 GiB
2026-08-30 06:56:31.180 INFO (Iteration 15) reference_counts_per_domain: real 0.96s | cpu 0.99s
2026-08-30 06:56:31.180 INFO (Iteration 15) reference_replacements: real 37.59s | cpu 38.77s
2026-08-30 06:56:31.180 INFO Iteration 15 finished in 56.77s (real) and 53.06s (process)
2026-08-30 06:56:31.180 INFO Start timestep 2014-02-21 00:00:00+00:00 -> 2014-03-23 00:00:00+00:00
2026-08-30 06:56:52.766 INFO DuckDB memory logs:
  database_name database_size  block_size  ...  wal_size  memory_usage  memory_limit
0   postgres_db       6.2 TiB           0  ...   0 bytes       3.2 GiB     267.0 GiB
1        memory       0 bytes           0  ...   0 bytes       3.2 GiB     267.0 GiB

[2 rows x 9 columns]
2026-08-30 06:56:52.766 INFO Loading data (2014-02-21 00:00:00+00:00 -> 2014-03-23 00:00:00+00:00) done in 21.59s (real) and 15.62s (process)
2026-08-30 06:56:52.766 INFO Memory usage (start of timestep, peak): 8.50 GiB
2026-08-30 06:56:52.766 INFO Memory usage (start of timestep, current): 4.07 GiB
2026-08-30 06:56:52.766 INFO Calculating metrics
2026-08-30 06:56:52.766 INFO Calculating metric: reference_counts_per_domain
2026-08-30 06:56:53.709 INFO [reference_counts_per_domain] Memory snapshot — total: 1.63 MB
  cache_rows: 0.56 MB (8483 entries)
  counts_rows: 1.06 MB (8483 entries)
  total_count: 0.00 MB (N/A entries)
2026-08-30 06:56:53.709 INFO Calculating metric: reference_replacements
Found 858 prefs in this timestep.
Found 186 clearly dominated domains in this timestep.
Found 200 clearly dominating domains in this timestep.
Found 7 contested domains in this timestep.
Fraction of references that are clearly dominated: 83.28%
Fraction of references that are clearly dominating: 9.63%
Fraction of references that are contested: 1.00%
Fraction of references in the graph but unclassified: 4.16%
Fraction of references whose domain is not in the graph: 1.94%
--- Fun Facts ----
Number of domains in the graph is 1391 (1391 live)
Number of edges in the graph is 1996 (590 accepted)
edge density of the reference replacement graph: 0.0010
Average degree is 2.87 (preference graph: 0.85)
Relevance weight cutoff: 1.0 (kept 29.56% of edges)
DOI node is not in graph
ISBN node is not in graph
DOI count: 0.0
ISBN count: 0.0
Sessions concluded this step: 2278458 (avg size 1.02, cumulative avg 1.02)
Recycling:
  Recycled mass this step: 0.0
  Recycled mass cumulative: 0.0
  Tombstoned domains this step: 0
Plotting histogramm...
2026-08-30 06:57:31.040 INFO [reference_replacements.calculate] total=37.33s query=1.01s derive=3.26s elicit=32.17s graph=0.00s mark_edges=0.00s scc=0.00s classify=0.01s score=0.00s write=0.82s rebuttal_searches=7 rebuttal_skipped=49
2026-08-30 06:57:33.088 INFO [reference_replacements] Memory snapshot — total: 154.58 MB
  reference_graph: 0.44 MB (1391 entries)
  domain_to_vertex: 0.36 MB (1391 entries)
  reusable_vertex_pool: 0.00 MB (0 entries)
  tombstoned_domains: 0.00 MB (0 entries)
  tombstoned_domain_mass: 0.00 MB (0 entries)
  open_session_counts_size: 71.53 MB (139022 entries)
  open_session_last_edit_size: 53.85 MB (139022 entries)
  open_session_edits_size: 28.40 MB (139022 entries)
2026-08-30 06:57:33.088 INFO [reference_replacements.log_memory] total=2.05s tracked=8
2026-08-30 06:57:33.088 INFO Memory usage (end of timestep, peak): 8.50 GiB
2026-08-30 06:57:33.089 INFO Memory usage (end of timestep, current): 5.43 GiB
2026-08-30 06:57:33.089 INFO (Iteration 16) reference_counts_per_domain: real 0.94s | cpu 1.01s
2026-08-30 06:57:33.089 INFO (Iteration 16) reference_replacements: real 39.38s | cpu 40.90s
2026-08-30 06:57:33.089 INFO Iteration 16 finished in 61.91s (real) and 57.53s (process)
2026-08-30 06:57:33.089 INFO Start timestep 2014-03-23 00:00:00+00:00 -> 2014-04-22 00:00:00+00:00
2026-08-30 06:57:47.752 INFO DuckDB memory logs:
  database_name database_size  block_size  ...  wal_size  memory_usage  memory_limit
0   postgres_db       6.2 TiB           0  ...   0 bytes       2.1 GiB     267.0 GiB
1        memory       0 bytes           0  ...   0 bytes       2.1 GiB     267.0 GiB

[2 rows x 9 columns]
2026-08-30 06:57:47.752 INFO Loading data (2014-03-23 00:00:00+00:00 -> 2014-04-22 00:00:00+00:00) done in 14.66s (real) and 10.75s (process)
2026-08-30 06:57:47.752 INFO Memory usage (start of timestep, peak): 8.50 GiB
2026-08-30 06:57:47.753 INFO Memory usage (start of timestep, current): 3.22 GiB
2026-08-30 06:57:47.753 INFO Calculating metrics
2026-08-30 06:57:47.753 INFO Calculating metric: reference_counts_per_domain
2026-08-30 06:57:48.720 INFO [reference_counts_per_domain] Memory snapshot — total: 1.72 MB
  cache_rows: 0.59 MB (8984 entries)
  counts_rows: 1.12 MB (8984 entries)
  total_count: 0.00 MB (N/A entries)
2026-08-30 06:57:48.721 INFO Calculating metric: reference_replacements
Found 472 prefs in this timestep.
Found 196 clearly dominated domains in this timestep.
Found 214 clearly dominating domains in this timestep.
Found 7 contested domains in this timestep.
Fraction of references that are clearly dominated: 81.78%
Fraction of references that are clearly dominating: 10.96%
Fraction of references that are contested: 1.12%
Fraction of references in the graph but unclassified: 4.33%
Fraction of references whose domain is not in the graph: 1.81%
--- Fun Facts ----
Number of domains in the graph is 1505 (1505 live)
Number of edges in the graph is 2161 (617 accepted)
edge density of the reference replacement graph: 0.0010
Average degree is 2.87 (preference graph: 0.82)
Relevance weight cutoff: 1.0 (kept 28.55% of edges)
DOI node is not in graph
ISBN node is not in graph
DOI count: 0.0
ISBN count: 0.0
Sessions concluded this step: 1156943 (avg size 1.01, cumulative avg 1.02)
Recycling:
  Recycled mass this step: 0.0
  Recycled mass cumulative: 0.0
  Tombstoned domains this step: 0
Plotting histogramm...
2026-08-30 06:58:06.619 INFO [reference_replacements.calculate] total=17.90s query=0.58s derive=1.62s elicit=14.83s graph=0.00s mark_edges=0.00s scc=0.00s classify=0.01s score=0.00s write=0.82s rebuttal_searches=7 rebuttal_skipped=51
2026-08-30 06:58:07.756 INFO [reference_replacements] Memory snapshot — total: 108.62 MB
  reference_graph: 0.48 MB (1505 entries)
  domain_to_vertex: 0.38 MB (1505 entries)
  reusable_vertex_pool: 0.00 MB (0 entries)
  tombstoned_domains: 0.00 MB (0 entries)
  tombstoned_domain_mass: 0.00 MB (0 entries)
  open_session_counts_size: 47.90 MB (80221 entries)
  open_session_last_edit_size: 37.27 MB (80221 entries)
  open_session_edits_size: 22.59 MB (80221 entries)
2026-08-30 06:58:07.756 INFO [reference_replacements.log_memory] total=1.14s tracked=8
2026-08-30 06:58:07.756 INFO Memory usage (end of timestep, peak): 8.50 GiB
2026-08-30 06:58:07.756 INFO Memory usage (end of timestep, current): 3.58 GiB
2026-08-30 06:58:07.756 INFO (Iteration 17) reference_counts_per_domain: real 0.97s | cpu 0.86s
2026-08-30 06:58:07.756 INFO (Iteration 17) reference_replacements: real 19.04s | cpu 20.18s
2026-08-30 06:58:07.756 INFO Iteration 17 finished in 34.67s (real) and 31.79s (process)
2026-08-30 06:58:07.757 INFO Start timestep 2014-04-22 00:00:00+00:00 -> 2014-05-22 00:00:00+00:00
2026-08-30 06:58:37.067 INFO DuckDB memory logs:
  database_name database_size  block_size  ...  wal_size  memory_usage  memory_limit
0   postgres_db       6.2 TiB           0  ...   0 bytes       4.3 GiB     267.0 GiB
1        memory       0 bytes           0  ...   0 bytes       4.3 GiB     267.0 GiB

[2 rows x 9 columns]
2026-08-30 06:58:37.068 INFO Loading data (2014-04-22 00:00:00+00:00 -> 2014-05-22 00:00:00+00:00) done in 29.31s (real) and 20.96s (process)
2026-08-30 06:58:37.068 INFO Memory usage (start of timestep, peak): 8.50 GiB
2026-08-30 06:58:37.068 INFO Memory usage (start of timestep, current): 5.09 GiB
2026-08-30 06:58:37.068 INFO Calculating metrics
2026-08-30 06:58:37.068 INFO Calculating metric: reference_counts_per_domain
2026-08-30 06:58:38.053 INFO [reference_counts_per_domain] Memory snapshot — total: 1.80 MB
  cache_rows: 0.62 MB (9448 entries)
  counts_rows: 1.18 MB (9448 entries)
  total_count: 0.00 MB (N/A entries)
2026-08-30 06:58:38.053 INFO Calculating metric: reference_replacements
Found 421 prefs in this timestep.
Found 202 clearly dominated domains in this timestep.
Found 229 clearly dominating domains in this timestep.
Found 7 contested domains in this timestep.
Fraction of references that are clearly dominated: 82.37%
Fraction of references that are clearly dominating: 11.90%
Fraction of references that are contested: 1.34%
Fraction of references in the graph but unclassified: 2.59%
Fraction of references whose domain is not in the graph: 1.80%
--- Fun Facts ----
Number of domains in the graph is 1598 (1598 live)
Number of edges in the graph is 2318 (657 accepted)
edge density of the reference replacement graph: 0.0009
Average degree is 2.90 (preference graph: 0.82)
Relevance weight cutoff: 1.0 (kept 28.34% of edges)
DOI node is not in graph
ISBN node is not in graph
DOI count: 0.0
ISBN count: 0.0
Sessions concluded this step: 2922413 (avg size 1.00, cumulative avg 1.02)
Recycling:
  Recycled mass this step: 0.0
  Recycled mass cumulative: 0.0
  Tombstoned domains this step: 0
Plotting histogramm...
2026-08-30 06:59:18.676 INFO [reference_replacements.calculate] total=40.62s query=1.20s derive=4.16s elicit=34.34s graph=0.00s mark_edges=0.00s scc=0.00s classify=0.01s score=0.00s write=0.82s rebuttal_searches=7 rebuttal_skipped=53
2026-08-30 06:59:20.396 INFO [reference_replacements] Memory snapshot — total: 137.95 MB
  reference_graph: 0.51 MB (1598 entries)
  domain_to_vertex: 0.40 MB (1598 entries)
  reusable_vertex_pool: 0.00 MB (0 entries)
  tombstoned_domains: 0.00 MB (0 entries)
  tombstoned_domain_mass: 0.00 MB (0 entries)
  open_session_counts_size: 62.98 MB (117658 entries)
  open_session_last_edit_size: 47.80 MB (117658 entries)
  open_session_edits_size: 26.26 MB (117658 entries)
2026-08-30 06:59:20.396 INFO [reference_replacements.log_memory] total=1.72s tracked=8
2026-08-30 06:59:20.396 INFO Memory usage (end of timestep, peak): 8.50 GiB
2026-08-30 06:59:20.396 INFO Memory usage (end of timestep, current): 6.43 GiB
2026-08-30 06:59:20.396 INFO (Iteration 18) reference_counts_per_domain: real 0.99s | cpu 1.04s
2026-08-30 06:59:20.396 INFO (Iteration 18) reference_replacements: real 42.34s | cpu 44.08s
2026-08-30 06:59:20.396 INFO Iteration 18 finished in 72.64s (real) and 66.08s (process)
2026-08-30 06:59:20.403 INFO Start timestep 2014-05-22 00:00:00+00:00 -> 2014-06-21 00:00:00+00:00
2026-08-30 06:59:38.261 INFO DuckDB memory logs:
  database_name database_size  block_size  ...  wal_size  memory_usage  memory_limit
0   postgres_db       6.2 TiB           0  ...   0 bytes       2.7 GiB     267.0 GiB
1        memory       0 bytes           0  ...   0 bytes       2.7 GiB     267.0 GiB

[2 rows x 9 columns]
2026-08-30 06:59:38.261 INFO Loading data (2014-05-22 00:00:00+00:00 -> 2014-06-21 00:00:00+00:00) done in 17.86s (real) and 14.12s (process)
2026-08-30 06:59:38.261 INFO Memory usage (start of timestep, peak): 8.50 GiB
2026-08-30 06:59:38.262 INFO Memory usage (start of timestep, current): 3.70 GiB
2026-08-30 06:59:38.262 INFO Calculating metrics
2026-08-30 06:59:38.262 INFO Calculating metric: reference_counts_per_domain
2026-08-30 06:59:39.305 INFO [reference_counts_per_domain] Memory snapshot — total: 1.88 MB
  cache_rows: 0.65 MB (9868 entries)
  counts_rows: 1.23 MB (9868 entries)
  total_count: 0.00 MB (N/A entries)
2026-08-30 06:59:39.305 INFO Calculating metric: reference_replacements
Found 601 prefs in this timestep.
Found 212 clearly dominated domains in this timestep.
Found 249 clearly dominating domains in this timestep.
Found 7 contested domains in this timestep.
Fraction of references that are clearly dominated: 82.06%
Fraction of references that are clearly dominating: 12.23%
Fraction of references that are contested: 1.38%
Fraction of references in the graph but unclassified: 2.54%
Fraction of references whose domain is not in the graph: 1.79%
--- Fun Facts ----
Number of domains in the graph is 1687 (1687 live)
Number of edges in the graph is 2451 (696 accepted)
edge density of the reference replacement graph: 0.0009
Average degree is 2.91 (preference graph: 0.83)
Relevance weight cutoff: 1.0 (kept 28.40% of edges)
DOI node is not in graph
ISBN node is not in graph
DOI count: 0.0
ISBN count: 0.0
Sessions concluded this step: 954966 (avg size 1.01, cumulative avg 1.02)
Recycling:
  Recycled mass this step: 0.0
  Recycled mass cumulative: 0.0
  Tombstoned domains this step: 0
Plotting histogramm...
2026-08-30 06:59:50.925 INFO [reference_replacements.calculate] total=11.62s query=0.32s derive=1.15s elicit=9.28s graph=0.00s mark_edges=0.00s scc=0.00s classify=0.01s score=0.00s write=0.83s rebuttal_searches=7 rebuttal_skipped=57
2026-08-30 06:59:51.250 INFO [reference_replacements] Memory snapshot — total: 63.49 MB
  reference_graph: 0.54 MB (1687 entries)
  domain_to_vertex: 0.42 MB (1687 entries)
  reusable_vertex_pool: 0.00 MB (0 entries)
  tombstoned_domains: 0.00 MB (0 entries)
  tombstoned_domain_mass: 0.00 MB (0 entries)
  open_session_counts_size: 24.27 MB (23483 entries)
  open_session_last_edit_size: 21.28 MB (23483 entries)
  open_session_edits_size: 16.98 MB (23483 entries)
2026-08-30 06:59:51.250 INFO [reference_replacements.log_memory] total=0.32s tracked=8
2026-08-30 06:59:51.250 INFO Memory usage (end of timestep, peak): 8.50 GiB
2026-08-30 06:59:51.250 INFO Memory usage (end of timestep, current): 4.10 GiB
2026-08-30 06:59:51.250 INFO (Iteration 19) reference_counts_per_domain: real 1.04s | cpu 0.58s
2026-08-30 06:59:51.250 INFO (Iteration 19) reference_replacements: real 11.94s | cpu 12.41s
2026-08-30 06:59:51.250 INFO Iteration 19 finished in 30.85s (real) and 27.11s (process)
2026-08-30 06:59:51.250 INFO Start timestep 2014-06-21 00:00:00+00:00 -> 2014-07-21 00:00:00+00:00
2026-08-30 07:00:05.629 INFO DuckDB memory logs:
  database_name database_size  block_size  ...  wal_size  memory_usage  memory_limit
0   postgres_db       6.2 TiB           0  ...   0 bytes       2.2 GiB     267.0 GiB
1        memory       0 bytes           0  ...   0 bytes       2.2 GiB     267.0 GiB

[2 rows x 9 columns]
2026-08-30 07:00:05.629 INFO Loading data (2014-06-21 00:00:00+00:00 -> 2014-07-21 00:00:00+00:00) done in 14.38s (real) and 10.75s (process)
2026-08-30 07:00:05.629 INFO Memory usage (start of timestep, peak): 8.50 GiB
2026-08-30 07:00:05.629 INFO Memory usage (start of timestep, current): 3.09 GiB
2026-08-30 07:00:05.629 INFO Calculating metrics
2026-08-30 07:00:05.629 INFO Calculating metric: reference_counts_per_domain
2026-08-30 07:00:06.795 INFO [reference_counts_per_domain] Memory snapshot — total: 1.98 MB
  cache_rows: 0.68 MB (10358 entries)
  counts_rows: 1.29 MB (10358 entries)
  total_count: 0.00 MB (N/A entries)
2026-08-30 07:00:06.795 INFO Calculating metric: reference_replacements
Found 68753 prefs in this timestep.
Found 244 clearly dominated domains in this timestep.
Found 256 clearly dominating domains in this timestep.
Found 8 contested domains in this timestep.
Fraction of references that are clearly dominated: 85.48%
Fraction of references that are clearly dominating: 8.10%
Fraction of references that are contested: 1.66%
Fraction of references in the graph but unclassified: 2.99%
Fraction of references whose domain is not in the graph: 1.77%
--- Fun Facts ----
Number of domains in the graph is 1805 (1805 live)
Number of edges in the graph is 2628 (757 accepted)
edge density of the reference replacement graph: 0.0008
Average degree is 2.91 (preference graph: 0.84)
Relevance weight cutoff: 1.0 (kept 28.81% of edges)
DOI node is not in graph
ISBN node is not in graph
DOI count: 0.0
ISBN count: 0.0
Sessions concluded this step: 708173 (avg size 1.12, cumulative avg 1.02)
Recycling:
  Recycled mass this step: 0.0
  Recycled mass cumulative: 0.0
  Tombstoned domains this step: 0
Plotting histogramm...
2026-08-30 07:00:17.244 INFO [reference_replacements.calculate] total=10.45s query=0.41s derive=1.24s elicit=7.94s graph=0.01s mark_edges=0.00s scc=0.00s classify=0.01s score=0.00s write=0.81s rebuttal_searches=8 rebuttal_skipped=63
2026-08-30 07:00:17.735 INFO [reference_replacements] Memory snapshot — total: 72.40 MB
  reference_graph: 0.58 MB (1805 entries)
  domain_to_vertex: 0.45 MB (1805 entries)
  reusable_vertex_pool: 0.00 MB (0 entries)
  tombstoned_domains: 0.00 MB (0 entries)
  tombstoned_domain_mass: 0.00 MB (0 entries)
  open_session_counts_size: 28.90 MB (34648 entries)
  open_session_last_edit_size: 24.41 MB (34648 entries)
  open_session_edits_size: 18.06 MB (34648 entries)
2026-08-30 07:00:17.735 INFO [reference_replacements.log_memory] total=0.49s tracked=8
2026-08-30 07:00:17.736 INFO Memory usage (end of timestep, peak): 8.50 GiB
2026-08-30 07:00:17.736 INFO Memory usage (end of timestep, current): 3.55 GiB
2026-08-30 07:00:17.736 INFO (Iteration 20) reference_counts_per_domain: real 1.17s | cpu 0.88s
2026-08-30 07:00:17.736 INFO (Iteration 20) reference_replacements: real 10.94s | cpu 11.66s
2026-08-30 07:00:17.736 INFO Iteration 20 finished in 26.49s (real) and 23.29s (process)
2026-08-30 07:00:17.736 INFO Start timestep 2014-07-21 00:00:00+00:00 -> 2014-08-20 00:00:00+00:00
2026-08-30 07:00:29.886 INFO DuckDB memory logs:
  database_name database_size  block_size  ...  wal_size  memory_usage  memory_limit
0   postgres_db       6.2 TiB           0  ...   0 bytes       1.9 GiB     267.0 GiB
1        memory       0 bytes           0  ...   0 bytes       1.9 GiB     267.0 GiB

[2 rows x 9 columns]
2026-08-30 07:00:29.887 INFO Loading data (2014-07-21 00:00:00+00:00 -> 2014-08-20 00:00:00+00:00) done in 12.15s (real) and 8.84s (process)
2026-08-30 07:00:29.887 INFO Memory usage (start of timestep, peak): 8.50 GiB
2026-08-30 07:00:29.887 INFO Memory usage (start of timestep, current): 2.70 GiB
2026-08-30 07:00:29.887 INFO Calculating metrics
2026-08-30 07:00:29.887 INFO Calculating metric: reference_counts_per_domain
2026-08-30 07:00:31.117 INFO [reference_counts_per_domain] Memory snapshot — total: 2.05 MB
  cache_rows: 0.71 MB (10746 entries)
  counts_rows: 1.34 MB (10746 entries)
  total_count: 0.00 MB (N/A entries)
2026-08-30 07:00:31.117 INFO Calculating metric: reference_replacements
Found 2842 prefs in this timestep.
Found 291 clearly dominated domains in this timestep.
Found 278 clearly dominating domains in this timestep.
Found 7 contested domains in this timestep.
Fraction of references that are clearly dominated: 86.47%
Fraction of references that are clearly dominating: 7.97%
Fraction of references that are contested: 0.50%
Fraction of references in the graph but unclassified: 3.00%
Fraction of references whose domain is not in the graph: 2.06%
--- Fun Facts ----
Number of domains in the graph is 1929 (1929 live)
Number of edges in the graph is 2839 (842 accepted)
edge density of the reference replacement graph: 0.0008
Average degree is 2.94 (preference graph: 0.87)
Relevance weight cutoff: 1.0 (kept 29.66% of edges)
DOI node is not in graph
ISBN node is not in graph
DOI count: 0.0
ISBN count: 0.0
Sessions concluded this step: 753572 (avg size 1.13, cumulative avg 1.02)
Recycling:
  Recycled mass this step: 0.0
  Recycled mass cumulative: 0.0
  Tombstoned domains this step: 0
Plotting histogramm...
2026-08-30 07:00:46.813 INFO [reference_replacements.calculate] total=15.70s query=0.31s derive=1.17s elicit=13.34s graph=0.00s mark_edges=0.00s scc=0.00s classify=0.01s score=0.00s write=0.84s rebuttal_searches=7 rebuttal_skipped=69
2026-08-30 07:00:48.454 INFO [reference_replacements] Memory snapshot — total: 136.64 MB
  reference_graph: 0.62 MB (1929 entries)
  domain_to_vertex: 0.47 MB (1929 entries)
  reusable_vertex_pool: 0.00 MB (0 entries)
  tombstoned_domains: 0.00 MB (0 entries)
  tombstoned_domain_mass: 0.00 MB (0 entries)
  open_session_counts_size: 62.20 MB (115606 entries)
  open_session_last_edit_size: 47.25 MB (115606 entries)
  open_session_edits_size: 26.08 MB (115606 entries)
2026-08-30 07:00:48.454 INFO [reference_replacements.log_memory] total=1.64s tracked=8
2026-08-30 07:00:48.454 INFO Memory usage (end of timestep, peak): 8.50 GiB
2026-08-30 07:00:48.454 INFO Memory usage (end of timestep, current): 3.28 GiB
2026-08-30 07:00:48.454 INFO (Iteration 21) reference_counts_per_domain: real 1.23s | cpu 0.59s
2026-08-30 07:00:48.454 INFO (Iteration 21) reference_replacements: real 17.34s | cpu 17.79s
2026-08-30 07:00:48.454 INFO Iteration 21 finished in 30.72s (real) and 27.22s (process)
2026-08-30 07:00:48.454 INFO Start timestep 2014-08-20 00:00:00+00:00 -> 2014-09-19 00:00:00+00:00
2026-08-30 07:01:03.821 INFO DuckDB memory logs:
  database_name database_size  block_size  ...  wal_size  memory_usage  memory_limit
0   postgres_db       6.2 TiB           0  ...   0 bytes       2.1 GiB     267.0 GiB
1        memory       0 bytes           0  ...   0 bytes       2.1 GiB     267.0 GiB

[2 rows x 9 columns]
2026-08-30 07:01:03.822 INFO Loading data (2014-08-20 00:00:00+00:00 -> 2014-09-19 00:00:00+00:00) done in 15.37s (real) and 11.09s (process)
2026-08-30 07:01:03.822 INFO Memory usage (start of timestep, peak): 8.50 GiB
2026-08-30 07:01:03.822 INFO Memory usage (start of timestep, current): 2.95 GiB
2026-08-30 07:01:03.822 INFO Calculating metrics
2026-08-30 07:01:03.822 INFO Calculating metric: reference_counts_per_domain
2026-08-30 07:01:04.946 INFO [reference_counts_per_domain] Memory snapshot — total: 2.15 MB
  cache_rows: 0.74 MB (11296 entries)
  counts_rows: 1.41 MB (11296 entries)
  total_count: 0.00 MB (N/A entries)
2026-08-30 07:01:04.946 INFO Calculating metric: reference_replacements
Found 951 prefs in this timestep.
Found 296 clearly dominated domains in this timestep.
Found 294 clearly dominating domains in this timestep.
Found 9 contested domains in this timestep.
Fraction of references that are clearly dominated: 84.81%
Fraction of references that are clearly dominating: 7.91%
Fraction of references that are contested: 0.52%
Fraction of references in the graph but unclassified: 3.17%
Fraction of references whose domain is not in the graph: 3.59%
--- Fun Facts ----
Number of domains in the graph is 2060 (2060 live)
Number of edges in the graph is 3023 (883 accepted)
edge density of the reference replacement graph: 0.0007
Average degree is 2.93 (preference graph: 0.86)
Relevance weight cutoff: 1.0 (kept 29.21% of edges)
DOI node is not in graph
ISBN node is not in graph
DOI count: 0.0
ISBN count: 0.0
Sessions concluded this step: 1044047 (avg size 1.02, cumulative avg 1.02)
Recycling:
  Recycled mass this step: 0.0
  Recycled mass cumulative: 0.0
  Tombstoned domains this step: 0
Plotting histogramm...
2026-08-30 07:01:19.147 INFO [reference_replacements.calculate] total=14.20s query=0.36s derive=1.33s elicit=11.65s graph=0.01s mark_edges=0.00s scc=0.00s classify=0.01s score=0.00s write=0.82s rebuttal_searches=9 rebuttal_skipped=73
2026-08-30 07:01:19.983 INFO [reference_replacements] Memory snapshot — total: 69.17 MB
  reference_graph: 0.67 MB (2060 entries)
  domain_to_vertex: 0.50 MB (2060 entries)
  reusable_vertex_pool: 0.00 MB (0 entries)
  tombstoned_domains: 0.00 MB (0 entries)
  tombstoned_domain_mass: 0.00 MB (0 entries)
  open_session_counts_size: 31.95 MB (56155 entries)
  open_session_last_edit_size: 23.16 MB (56155 entries)
  open_session_edits_size: 12.88 MB (56155 entries)
2026-08-30 07:01:19.983 INFO [reference_replacements.log_memory] total=0.84s tracked=8
2026-08-30 07:01:19.984 INFO Memory usage (end of timestep, peak): 8.50 GiB
2026-08-30 07:01:19.984 INFO Memory usage (end of timestep, current): 3.52 GiB
2026-08-30 07:01:19.984 INFO (Iteration 22) reference_counts_per_domain: real 1.12s | cpu 0.58s
2026-08-30 07:01:19.984 INFO (Iteration 22) reference_replacements: real 15.04s | cpu 15.63s
2026-08-30 07:01:19.984 INFO Iteration 22 finished in 31.53s (real) and 27.30s (process)
2026-08-30 07:01:19.984 INFO Start timestep 2014-09-19 00:00:00+00:00 -> 2014-10-19 00:00:00+00:00
2026-08-30 07:01:36.397 INFO DuckDB memory logs:
  database_name database_size  block_size  ...  wal_size  memory_usage  memory_limit
0   postgres_db       6.2 TiB           0  ...   0 bytes       2.5 GiB     267.0 GiB
1        memory       0 bytes           0  ...   0 bytes       2.5 GiB     267.0 GiB

[2 rows x 9 columns]
2026-08-30 07:01:36.397 INFO Loading data (2014-09-19 00:00:00+00:00 -> 2014-10-19 00:00:00+00:00) done in 16.41s (real) and 12.11s (process)
2026-08-30 07:01:36.397 INFO Memory usage (start of timestep, peak): 8.50 GiB
2026-08-30 07:01:36.398 INFO Memory usage (start of timestep, current): 3.38 GiB
2026-08-30 07:01:36.398 INFO Calculating metrics
2026-08-30 07:01:36.398 INFO Calculating metric: reference_counts_per_domain
2026-08-30 07:01:37.641 INFO [reference_counts_per_domain] Memory snapshot — total: 2.25 MB
  cache_rows: 0.78 MB (11842 entries)
  counts_rows: 1.47 MB (11842 entries)
  total_count: 0.00 MB (N/A entries)
2026-08-30 07:01:37.641 INFO Calculating metric: reference_replacements
Found 67492 prefs in this timestep.
Found 308 clearly dominated domains in this timestep.
Found 300 clearly dominating domains in this timestep.
Found 9 contested domains in this timestep.
Fraction of references that are clearly dominated: 82.22%
Fraction of references that are clearly dominating: 7.62%
Fraction of references that are contested: 0.50%
Fraction of references in the graph but unclassified: 3.41%
Fraction of references whose domain is not in the graph: 6.26%
--- Fun Facts ----
Number of domains in the graph is 2157 (2157 live)
Number of edges in the graph is 3176 (915 accepted)
edge density of the reference replacement graph: 0.0007
Average degree is 2.94 (preference graph: 0.85)
Relevance weight cutoff: 1.0 (kept 28.81% of edges)
DOI node is not in graph
ISBN node is not in graph
DOI count: 0.0
ISBN count: 0.0
Sessions concluded this step: 1215948 (avg size 1.08, cumulative avg 1.02)
Recycling:
  Recycled mass this step: 0.0
  Recycled mass cumulative: 0.0
  Tombstoned domains this step: 0
Plotting histogramm...
2026-08-30 07:01:56.543 INFO [reference_replacements.calculate] total=18.90s query=0.51s derive=1.99s elicit=15.49s graph=0.01s mark_edges=0.00s scc=0.00s classify=0.01s score=0.00s write=0.85s rebuttal_searches=9 rebuttal_skipped=79
2026-08-30 07:01:58.096 INFO [reference_replacements] Memory snapshot — total: 107.97 MB
  reference_graph: 0.70 MB (2157 entries)
  domain_to_vertex: 0.52 MB (2157 entries)
  reusable_vertex_pool: 0.00 MB (0 entries)
  tombstoned_domains: 0.00 MB (0 entries)
  tombstoned_domain_mass: 0.00 MB (0 entries)
  open_session_counts_size: 51.37 MB (106992 entries)
  open_session_last_edit_size: 37.49 MB (106992 entries)
  open_session_edits_size: 17.90 MB (106992 entries)
2026-08-30 07:01:58.096 INFO [reference_replacements.log_memory] total=1.55s tracked=8
2026-08-30 07:01:58.096 INFO Memory usage (end of timestep, peak): 8.50 GiB
2026-08-30 07:01:58.097 INFO Memory usage (end of timestep, current): 4.10 GiB
2026-08-30 07:01:58.097 INFO (Iteration 23) reference_counts_per_domain: real 1.24s | cpu 0.98s
2026-08-30 07:01:58.097 INFO (Iteration 23) reference_replacements: real 20.46s | cpu 21.30s
2026-08-30 07:01:58.097 INFO Iteration 23 finished in 38.11s (real) and 34.40s (process)
2026-08-30 07:01:58.097 INFO Start timestep 2014-10-19 00:00:00+00:00 -> 2014-11-18 00:00:00+00:00
2026-08-30 07:02:21.377 INFO DuckDB memory logs:
  database_name database_size  block_size  ...  wal_size  memory_usage  memory_limit
0   postgres_db       6.2 TiB           0  ...   0 bytes       3.6 GiB     267.0 GiB
1        memory       0 bytes           0  ...   0 bytes       3.6 GiB     267.0 GiB

[2 rows x 9 columns]
2026-08-30 07:02:21.377 INFO Loading data (2014-10-19 00:00:00+00:00 -> 2014-11-18 00:00:00+00:00) done in 23.28s (real) and 30.94s (process)
2026-08-30 07:02:21.377 INFO Memory usage (start of timestep, peak): 8.50 GiB
2026-08-30 07:02:21.378 INFO Memory usage (start of timestep, current): 4.34 GiB
2026-08-30 07:02:21.378 INFO Calculating metrics
2026-08-30 07:02:21.378 INFO Calculating metric: reference_counts_per_domain
2026-08-30 07:02:22.188 INFO [reference_counts_per_domain] Memory snapshot — total: 1.12 MB
  cache_rows: 0.39 MB (5992 entries)
  counts_rows: 0.73 MB (5992 entries)
  total_count: 0.00 MB (N/A entries)
2026-08-30 07:02:22.189 INFO Calculating metric: reference_replacements
Found 117485 prefs in this timestep.
Found 319 clearly dominated domains in this timestep.
Found 313 clearly dominating domains in this timestep.
Found 9 contested domains in this timestep.
Fraction of references that are clearly dominated: 76.23%
Fraction of references that are clearly dominating: 15.93%
Fraction of references that are contested: 0.49%
Fraction of references in the graph but unclassified: 5.10%
Fraction of references whose domain is not in the graph: 2.25%
--- Fun Facts ----
Number of domains in the graph is 2257 (2257 live)
Number of edges in the graph is 3311 (948 accepted)
edge density of the reference replacement graph: 0.0007
Average degree is 2.93 (preference graph: 0.84)
Relevance weight cutoff: 1.0 (kept 28.63% of edges)
DOI node is not in graph
ISBN node is not in graph
DOI count: 0.0
ISBN count: 0.0
Sessions concluded this step: 2488134 (avg size 1.25, cumulative avg 1.04)
Recycling:
  Recycled mass this step: 0.0
  Recycled mass cumulative: 0.0
  Tombstoned domains this step: 0
Plotting histogramm...
2026-08-30 07:02:57.181 INFO [reference_replacements.calculate] total=34.99s query=1.41s derive=4.42s elicit=28.15s graph=0.02s mark_edges=0.00s scc=0.00s classify=0.01s score=0.00s write=0.91s rebuttal_searches=9 rebuttal_skipped=80
2026-08-30 07:02:57.864 INFO [reference_replacements] Memory snapshot — total: 58.92 MB
  reference_graph: 0.73 MB (2257 entries)
  domain_to_vertex: 0.55 MB (2257 entries)
  reusable_vertex_pool: 0.00 MB (0 entries)
  tombstoned_domains: 0.00 MB (0 entries)
  tombstoned_domain_mass: 0.00 MB (0 entries)
  open_session_counts_size: 25.87 MB (45133 entries)
  open_session_last_edit_size: 20.02 MB (45133 entries)
  open_session_edits_size: 11.76 MB (45133 entries)
2026-08-30 07:02:57.864 INFO [reference_replacements.log_memory] total=0.68s tracked=8
2026-08-30 07:02:57.864 INFO Memory usage (end of timestep, peak): 8.50 GiB
2026-08-30 07:02:57.864 INFO Memory usage (end of timestep, current): 5.95 GiB
2026-08-30 07:02:57.864 INFO (Iteration 24) reference_counts_per_domain: real 0.81s | cpu 1.17s
2026-08-30 07:02:57.865 INFO (Iteration 24) reference_replacements: real 35.68s | cpu 37.78s
2026-08-30 07:02:57.865 INFO Iteration 24 finished in 59.77s (real) and 69.89s (process)
2026-08-30 07:02:57.865 INFO Start timestep 2014-11-18 00:00:00+00:00 -> 2014-12-18 00:00:00+00:00
2026-08-30 07:03:12.734 INFO DuckDB memory logs:
  database_name database_size  block_size  ...  wal_size  memory_usage  memory_limit
0   postgres_db       6.2 TiB           0  ...   0 bytes       2.2 GiB     267.0 GiB
1        memory       0 bytes           0  ...   0 bytes       2.2 GiB     267.0 GiB

[2 rows x 9 columns]
2026-08-30 07:03:12.734 INFO Loading data (2014-11-18 00:00:00+00:00 -> 2014-12-18 00:00:00+00:00) done in 14.87s (real) and 10.92s (process)
2026-08-30 07:03:12.735 INFO Memory usage (start of timestep, peak): 8.50 GiB
2026-08-30 07:03:12.735 INFO Memory usage (start of timestep, current): 3.12 GiB
2026-08-30 07:03:12.735 INFO Calculating metrics
2026-08-30 07:03:12.735 INFO Calculating metric: reference_counts_per_domain
2026-08-30 07:03:13.658 INFO [reference_counts_per_domain] Memory snapshot — total: 1.24 MB
  cache_rows: 0.43 MB (6632 entries)
  counts_rows: 0.81 MB (6632 entries)
  total_count: 0.00 MB (N/A entries)
2026-08-30 07:03:13.659 INFO Calculating metric: reference_replacements
Found 33012 prefs in this timestep.
Found 330 clearly dominated domains in this timestep.
Found 325 clearly dominating domains in this timestep.
Found 11 contested domains in this timestep.
Fraction of references that are clearly dominated: 78.13%
Fraction of references that are clearly dominating: 13.35%
Fraction of references that are contested: 0.75%
Fraction of references in the graph but unclassified: 5.27%
Fraction of references whose domain is not in the graph: 2.50%
--- Fun Facts ----
Number of domains in the graph is 2354 (2354 live)
Number of edges in the graph is 3456 (984 accepted)
edge density of the reference replacement graph: 0.0006
Average degree is 2.94 (preference graph: 0.84)
Relevance weight cutoff: 1.0 (kept 28.47% of edges)
DOI node is not in graph
ISBN node is not in graph
DOI count: 0.0
ISBN count: 0.0
Sessions concluded this step: 937236 (avg size 1.07, cumulative avg 1.04)
Recycling:
  Recycled mass this step: 0.0
  Recycled mass cumulative: 0.0
  Tombstoned domains this step: 0
Plotting histogramm...
2026-08-30 07:03:33.145 INFO [reference_replacements.calculate] total=19.49s query=0.50s derive=1.54s elicit=16.53s graph=0.01s mark_edges=0.00s scc=0.00s classify=0.01s score=0.00s write=0.87s rebuttal_searches=12 rebuttal_skipped=81
2026-08-30 07:03:35.142 INFO [reference_replacements] Memory snapshot — total: 131.97 MB
  reference_graph: 0.76 MB (2354 entries)
  domain_to_vertex: 0.57 MB (2354 entries)
  reusable_vertex_pool: 0.00 MB (0 entries)
  tombstoned_domains: 0.00 MB (0 entries)
  tombstoned_domain_mass: 0.00 MB (0 entries)
  open_session_counts_size: 63.78 MB (137176 entries)
  open_session_last_edit_size: 45.99 MB (137176 entries)
  open_session_edits_size: 20.87 MB (137176 entries)
2026-08-30 07:03:35.142 INFO [reference_replacements.log_memory] total=2.00s tracked=8
2026-08-30 07:03:35.142 INFO Memory usage (end of timestep, peak): 8.50 GiB
2026-08-30 07:03:35.142 INFO Memory usage (end of timestep, current): 3.57 GiB
2026-08-30 07:03:35.142 INFO (Iteration 25) reference_counts_per_domain: real 0.92s | cpu 0.87s
2026-08-30 07:03:35.142 INFO (Iteration 25) reference_replacements: real 21.48s | cpu 22.45s
2026-08-30 07:03:35.142 INFO Iteration 25 finished in 37.28s (real) and 34.23s (process)
2026-08-30 07:03:35.142 INFO Start timestep 2014-12-18 00:00:00+00:00 -> 2015-01-17 00:00:00+00:00
2026-08-30 07:03:47.679 INFO DuckDB memory logs:
  database_name database_size  block_size  ...  wal_size  memory_usage  memory_limit
0   postgres_db       6.2 TiB           0  ...   0 bytes       2.0 GiB     267.0 GiB
1        memory       0 bytes           0  ...   0 bytes       2.0 GiB     267.0 GiB

[2 rows x 9 columns]
2026-08-30 07:03:47.679 INFO Loading data (2014-12-18 00:00:00+00:00 -> 2015-01-17 00:00:00+00:00) done in 12.54s (real) and 9.17s (process)
2026-08-30 07:03:47.679 INFO Memory usage (start of timestep, peak): 8.50 GiB
2026-08-30 07:03:47.679 INFO Memory usage (start of timestep, current): 2.85 GiB
2026-08-30 07:03:47.679 INFO Calculating metrics
2026-08-30 07:03:47.679 INFO Calculating metric: reference_counts_per_domain
2026-08-30 07:03:49.164 INFO [reference_counts_per_domain] Memory snapshot — total: 1.37 MB
  cache_rows: 0.47 MB (7281 entries)
  counts_rows: 0.89 MB (7281 entries)
  total_count: 0.00 MB (N/A entries)
2026-08-30 07:03:49.164 INFO Calculating metric: reference_replacements
Found 70731 prefs in this timestep.
Found 340 clearly dominated domains in this timestep.
Found 350 clearly dominating domains in this timestep.
Found 15 contested domains in this timestep.
Fraction of references that are clearly dominated: 78.94%
Fraction of references that are clearly dominating: 12.87%
Fraction of references that are contested: 0.80%
Fraction of references in the graph but unclassified: 4.79%
Fraction of references whose domain is not in the graph: 2.60%
--- Fun Facts ----
Number of domains in the graph is 2471 (2471 live)
Number of edges in the graph is 3701 (1039 accepted)
edge density of the reference replacement graph: 0.0006
Average degree is 3.00 (preference graph: 0.84)
Relevance weight cutoff: 1.0 (kept 28.07% of edges)
DOI node is not in graph
ISBN node is not in graph
DOI count: 0.0
ISBN count: 0.0
Sessions concluded this step: 1096295 (avg size 1.20, cumulative avg 1.04)
Recycling:
  Recycled mass this step: 0.0
  Recycled mass cumulative: 0.0
  Tombstoned domains this step: 0
Plotting histogramm...
2026-08-30 07:04:06.526 INFO [reference_replacements.calculate] total=17.36s query=0.56s derive=2.48s elicit=13.28s graph=0.01s mark_edges=0.00s scc=0.00s classify=0.01s score=0.00s write=0.98s rebuttal_searches=17 rebuttal_skipped=84
2026-08-30 07:04:07.370 INFO [reference_replacements] Memory snapshot — total: 71.54 MB
  reference_graph: 0.81 MB (2471 entries)
  domain_to_vertex: 0.59 MB (2471 entries)
  reusable_vertex_pool: 0.00 MB (0 entries)
  tombstoned_domains: 0.00 MB (0 entries)
  tombstoned_domain_mass: 0.00 MB (0 entries)
  open_session_counts_size: 32.33 MB (60699 entries)
  open_session_last_edit_size: 24.46 MB (60699 entries)
  open_session_edits_size: 13.35 MB (60699 entries)
2026-08-30 07:04:07.370 INFO [reference_replacements.log_memory] total=0.84s tracked=8
2026-08-30 07:04:07.370 INFO Memory usage (end of timestep, peak): 8.50 GiB
2026-08-30 07:04:07.370 INFO Memory usage (end of timestep, current): 3.61 GiB
2026-08-30 07:04:07.370 INFO (Iteration 26) reference_counts_per_domain: real 1.48s | cpu 1.70s
2026-08-30 07:04:07.371 INFO (Iteration 26) reference_replacements: real 18.21s | cpu 19.15s
2026-08-30 07:04:07.371 INFO Iteration 26 finished in 32.23s (real) and 30.03s (process)
2026-08-30 07:04:07.371 INFO Start timestep 2015-01-17 00:00:00+00:00 -> 2015-02-16 00:00:00+00:00
2026-08-30 07:04:28.170 INFO DuckDB memory logs:
  database_name database_size  block_size  ...  wal_size  memory_usage  memory_limit
0   postgres_db       6.2 TiB           0  ...   0 bytes       3.0 GiB     267.0 GiB
1        memory       0 bytes           0  ...   0 bytes       3.0 GiB     267.0 GiB

[2 rows x 9 columns]
2026-08-30 07:04:28.170 INFO Loading data (2015-01-17 00:00:00+00:00 -> 2015-02-16 00:00:00+00:00) done in 20.80s (real) and 15.04s (process)
2026-08-30 07:04:28.170 INFO Memory usage (start of timestep, peak): 8.50 GiB
2026-08-30 07:04:28.170 INFO Memory usage (start of timestep, current): 3.93 GiB
2026-08-30 07:04:28.170 INFO Calculating metrics
2026-08-30 07:04:28.170 INFO Calculating metric: reference_counts_per_domain
2026-08-30 07:04:29.083 INFO [reference_counts_per_domain] Memory snapshot — total: 1.50 MB
  cache_rows: 0.52 MB (8019 entries)
  counts_rows: 0.98 MB (8019 entries)
  total_count: 0.00 MB (N/A entries)
2026-08-30 07:04:29.083 INFO Calculating metric: reference_replacements
Found 128949 prefs in this timestep.
Found 370 clearly dominated domains in this timestep.
Found 371 clearly dominating domains in this timestep.
Found 15 contested domains in this timestep.
Fraction of references that are clearly dominated: 82.75%
Fraction of references that are clearly dominating: 9.36%
Fraction of references that are contested: 0.79%
Fraction of references in the graph but unclassified: 4.12%
Fraction of references whose domain is not in the graph: 2.99%
--- Fun Facts ----
Number of domains in the graph is 2601 (2601 live)
Number of edges in the graph is 3939 (1120 accepted)
edge density of the reference replacement graph: 0.0006
Average degree is 3.03 (preference graph: 0.86)
Relevance weight cutoff: 1.0 (kept 28.43% of edges)
DOI node is not in graph
ISBN node is not in graph
DOI count: 0.0
ISBN count: 0.0
Sessions concluded this step: 1379835 (avg size 1.29, cumulative avg 1.05)
Recycling:
  Recycled mass this step: 0.0
  Recycled mass cumulative: 0.0
  Tombstoned domains this step: 0
Plotting histogramm...
2026-08-30 07:04:50.990 INFO [reference_replacements.calculate] total=21.91s query=0.73s derive=2.54s elicit=17.63s graph=0.02s mark_edges=0.00s scc=0.00s classify=0.01s score=0.00s write=0.94s rebuttal_searches=17 rebuttal_skipped=94
2026-08-30 07:04:52.444 INFO [reference_replacements] Memory snapshot — total: 105.05 MB
  reference_graph: 0.86 MB (2601 entries)
  domain_to_vertex: 0.62 MB (2601 entries)
  reusable_vertex_pool: 0.00 MB (0 entries)
  tombstoned_domains: 0.00 MB (0 entries)
  tombstoned_domain_mass: 0.00 MB (0 entries)
  open_session_counts_size: 49.65 MB (103068 entries)
  open_session_last_edit_size: 36.39 MB (103068 entries)
  open_session_edits_size: 17.52 MB (103068 entries)
2026-08-30 07:04:52.444 INFO [reference_replacements.log_memory] total=1.45s tracked=8
2026-08-30 07:04:52.444 INFO Memory usage (end of timestep, peak): 8.50 GiB
2026-08-30 07:04:52.444 INFO Memory usage (end of timestep, current): 4.59 GiB
2026-08-30 07:04:52.444 INFO (Iteration 27) reference_counts_per_domain: real 0.91s | cpu 0.81s
2026-08-30 07:04:52.444 INFO (Iteration 27) reference_replacements: real 23.36s | cpu 24.54s
2026-08-30 07:04:52.444 INFO Iteration 27 finished in 45.07s (real) and 40.39s (process)
2026-08-30 07:04:52.444 INFO Start timestep 2015-02-16 00:00:00+00:00 -> 2015-03-18 00:00:00+00:00
2026-08-30 07:05:10.014 INFO DuckDB memory logs:
  database_name database_size  block_size  ...  wal_size  memory_usage  memory_limit
0   postgres_db       6.2 TiB           0  ...   0 bytes       2.7 GiB     267.0 GiB
1        memory       0 bytes           0  ...   0 bytes       2.7 GiB     267.0 GiB

[2 rows x 9 columns]
2026-08-30 07:05:10.014 INFO Loading data (2015-02-16 00:00:00+00:00 -> 2015-03-18 00:00:00+00:00) done in 17.57s (real) and 17.96s (process)
2026-08-30 07:05:10.014 INFO Memory usage (start of timestep, peak): 8.50 GiB
2026-08-30 07:05:10.014 INFO Memory usage (start of timestep, current): 3.58 GiB
2026-08-30 07:05:10.014 INFO Calculating metrics
2026-08-30 07:05:10.014 INFO Calculating metric: reference_counts_per_domain
2026-08-30 07:05:11.023 INFO [reference_counts_per_domain] Memory snapshot — total: 1.71 MB
  cache_rows: 0.59 MB (9147 entries)
  counts_rows: 1.12 MB (9147 entries)
  total_count: 0.00 MB (N/A entries)
2026-08-30 07:05:11.024 INFO Calculating metric: reference_replacements
Found 40317 prefs in this timestep.
Found 389 clearly dominated domains in this timestep.
Found 409 clearly dominating domains in this timestep.
Found 19 contested domains in this timestep.
Fraction of references that are clearly dominated: 81.88%
Fraction of references that are clearly dominating: 10.58%
Fraction of references that are contested: 1.31%
Fraction of references in the graph but unclassified: 2.56%
Fraction of references whose domain is not in the graph: 3.67%
--- Fun Facts ----
Number of domains in the graph is 2797 (2797 live)
Number of edges in the graph is 4218 (1219 accepted)
edge density of the reference replacement graph: 0.0005
Average degree is 3.02 (preference graph: 0.87)
Relevance weight cutoff: 1.0 (kept 28.90% of edges)
DOI node is not in graph
ISBN node is not in graph
DOI count: 0.0
ISBN count: 0.0
Sessions concluded this step: 904308 (avg size 1.14, cumulative avg 1.05)
Recycling:
  Recycled mass this step: 0.0
  Recycled mass cumulative: 0.0
  Tombstoned domains this step: 0
Plotting histogramm...
2026-08-30 07:05:24.106 INFO [reference_replacements.calculate] total=13.08s query=0.51s derive=1.50s elicit=10.06s graph=0.01s mark_edges=0.00s scc=0.00s classify=0.01s score=0.00s write=0.96s rebuttal_searches=21 rebuttal_skipped=100
2026-08-30 07:05:24.758 INFO [reference_replacements] Memory snapshot — total: 57.65 MB
  reference_graph: 0.92 MB (2797 entries)
  domain_to_vertex: 0.71 MB (2797 entries)
  reusable_vertex_pool: 0.00 MB (0 entries)
  tombstoned_domains: 0.00 MB (0 entries)
  tombstoned_domain_mass: 0.00 MB (0 entries)
  open_session_counts_size: 25.89 MB (40610 entries)
  open_session_last_edit_size: 18.78 MB (40610 entries)
  open_session_edits_size: 11.34 MB (40610 entries)
2026-08-30 07:05:24.758 INFO [reference_replacements.log_memory] total=0.65s tracked=8
2026-08-30 07:05:24.759 INFO Memory usage (end of timestep, peak): 8.50 GiB
2026-08-30 07:05:24.759 INFO Memory usage (end of timestep, current): 4.18 GiB
2026-08-30 07:05:24.759 INFO (Iteration 28) reference_counts_per_domain: real 1.01s | cpu 0.84s
2026-08-30 07:05:24.759 INFO (Iteration 28) reference_replacements: real 13.73s | cpu 14.64s
2026-08-30 07:05:24.759 INFO Iteration 28 finished in 32.31s (real) and 33.45s (process)
2026-08-30 07:05:24.759 INFO Start timestep 2015-03-18 00:00:00+00:00 -> 2015-04-17 00:00:00+00:00
2026-08-30 07:05:40.274 INFO DuckDB memory logs:
  database_name database_size  block_size  ...  wal_size  memory_usage  memory_limit
0   postgres_db       6.2 TiB           0  ...   0 bytes       2.4 GiB     267.0 GiB
1        memory       0 bytes           0  ...   0 bytes       2.4 GiB     267.0 GiB

[2 rows x 9 columns]
2026-08-30 07:05:40.274 INFO Loading data (2015-03-18 00:00:00+00:00 -> 2015-04-17 00:00:00+00:00) done in 15.52s (real) and 11.17s (process)
2026-08-30 07:05:40.274 INFO Memory usage (start of timestep, peak): 8.50 GiB
2026-08-30 07:05:40.274 INFO Memory usage (start of timestep, current): 3.34 GiB
2026-08-30 07:05:40.275 INFO Calculating metrics
2026-08-30 07:05:40.275 INFO Calculating metric: reference_counts_per_domain
2026-08-30 07:05:41.337 INFO [reference_counts_per_domain] Memory snapshot — total: 1.88 MB
  cache_rows: 0.65 MB (10053 entries)
  counts_rows: 1.23 MB (10053 entries)
  total_count: 0.00 MB (N/A entries)
2026-08-30 07:05:41.337 INFO Calculating metric: reference_replacements
Found 86052 prefs in this timestep.
Found 411 clearly dominated domains in this timestep.
Found 441 clearly dominating domains in this timestep.
Found 20 contested domains in this timestep.
Fraction of references that are clearly dominated: 82.78%
Fraction of references that are clearly dominating: 9.62%
Fraction of references that are contested: 1.32%
Fraction of references in the graph but unclassified: 2.30%
Fraction of references whose domain is not in the graph: 3.98%
--- Fun Facts ----
Number of domains in the graph is 2943 (2943 live)
Number of edges in the graph is 4460 (1310 accepted)
edge density of the reference replacement graph: 0.0005
Average degree is 3.03 (preference graph: 0.89)
Relevance weight cutoff: 1.0 (kept 29.37% of edges)
DOI node is not in graph
ISBN node is not in graph
DOI count: 0.0
ISBN count: 0.0
Sessions concluded this step: 1222506 (avg size 1.39, cumulative avg 1.06)
Recycling:
  Recycled mass this step: 0.0
  Recycled mass cumulative: 0.0
  Tombstoned domains this step: 0
Plotting histogramm...
2026-08-30 07:05:55.999 INFO [reference_replacements.calculate] total=14.66s query=0.61s derive=2.37s elicit=10.64s graph=0.02s mark_edges=0.00s scc=0.00s classify=0.01s score=0.00s write=0.97s rebuttal_searches=23 rebuttal_skipped=104
2026-08-30 07:05:56.094 INFO [reference_replacements] Memory snapshot — total: 28.38 MB
  reference_graph: 0.97 MB (2943 entries)
  domain_to_vertex: 0.75 MB (2943 entries)
  reusable_vertex_pool: 0.00 MB (0 entries)
  tombstoned_domains: 0.00 MB (0 entries)
  tombstoned_domain_mass: 0.00 MB (0 entries)
  open_session_counts_size: 9.77 MB (5870 entries)
  open_session_last_edit_size: 8.98 MB (5870 entries)
  open_session_edits_size: 7.91 MB (5870 entries)
2026-08-30 07:05:56.094 INFO [reference_replacements.log_memory] total=0.09s tracked=8
2026-08-30 07:05:56.094 INFO Memory usage (end of timestep, peak): 8.50 GiB
2026-08-30 07:05:56.094 INFO Memory usage (end of timestep, current): 4.08 GiB
2026-08-30 07:05:56.094 INFO (Iteration 29) reference_counts_per_domain: real 1.06s | cpu 0.85s
2026-08-30 07:05:56.095 INFO (Iteration 29) reference_replacements: real 14.76s | cpu 15.89s
2026-08-30 07:05:56.095 INFO Iteration 29 finished in 31.34s (real) and 27.92s (process)
2026-08-30 07:05:56.095 INFO Start timestep 2015-04-17 00:00:00+00:00 -> 2015-05-17 00:00:00+00:00
2026-08-30 07:06:11.222 INFO DuckDB memory logs:
  database_name database_size  block_size  ...  wal_size  memory_usage  memory_limit
0   postgres_db       6.2 TiB           0  ...   0 bytes       2.2 GiB     267.0 GiB
1        memory       0 bytes           0  ...   0 bytes       2.2 GiB     267.0 GiB

[2 rows x 9 columns]
2026-08-30 07:06:11.222 INFO Loading data (2015-04-17 00:00:00+00:00 -> 2015-05-17 00:00:00+00:00) done in 15.13s (real) and 16.30s (process)
2026-08-30 07:06:11.222 INFO Memory usage (start of timestep, peak): 8.50 GiB
2026-08-30 07:06:11.223 INFO Memory usage (start of timestep, current): 3.12 GiB
2026-08-30 07:06:11.223 INFO Calculating metrics
2026-08-30 07:06:11.223 INFO Calculating metric: reference_counts_per_domain
2026-08-30 07:06:12.343 INFO [reference_counts_per_domain] Memory snapshot — total: 2.04 MB
  cache_rows: 0.71 MB (10919 entries)
  counts_rows: 1.33 MB (10919 entries)
  total_count: 0.00 MB (N/A entries)
2026-08-30 07:06:12.344 INFO Calculating metric: reference_replacements
Found 51810 prefs in this timestep.
Found 434 clearly dominated domains in this timestep.
Found 461 clearly dominating domains in this timestep.
Found 21 contested domains in this timestep.
Fraction of references that are clearly dominated: 83.04%
Fraction of references that are clearly dominating: 5.87%
Fraction of references that are contested: 4.70%
Fraction of references in the graph but unclassified: 2.33%
Fraction of references whose domain is not in the graph: 4.05%
--- Fun Facts ----
Number of domains in the graph is 3124 (3124 live)
Number of edges in the graph is 4737 (1379 accepted)
edge density of the reference replacement graph: 0.0005
Average degree is 3.03 (preference graph: 0.88)
Relevance weight cutoff: 1.0 (kept 29.11% of edges)
DOI node is not in graph
ISBN node is not in graph
DOI count: 0.0
ISBN count: 0.0
Sessions concluded this step: 888596 (avg size 1.32, cumulative avg 1.07)
Recycling:
  Recycled mass this step: 0.0
  Recycled mass cumulative: 0.0
  Tombstoned domains this step: 0
Plotting histogramm...
2026-08-30 07:06:31.525 INFO [reference_replacements.calculate] total=19.18s query=0.61s derive=1.93s elicit=15.50s graph=0.01s mark_edges=0.00s scc=0.00s classify=0.01s score=0.00s write=1.09s rebuttal_searches=23 rebuttal_skipped=114
2026-08-30 07:06:33.415 INFO [reference_replacements] Memory snapshot — total: 128.66 MB
  reference_graph: 1.03 MB (3124 entries)
  domain_to_vertex: 0.79 MB (3124 entries)
  reusable_vertex_pool: 0.00 MB (0 entries)
  tombstoned_domains: 0.00 MB (0 entries)
  tombstoned_domain_mass: 0.00 MB (0 entries)
  open_session_counts_size: 61.83 MB (132461 entries)
  open_session_last_edit_size: 44.64 MB (132461 entries)
  open_session_edits_size: 20.38 MB (132461 entries)
2026-08-30 07:06:33.415 INFO [reference_replacements.log_memory] total=1.89s tracked=8
2026-08-30 07:06:33.415 INFO Memory usage (end of timestep, peak): 8.50 GiB
2026-08-30 07:06:33.415 INFO Memory usage (end of timestep, current): 3.76 GiB
2026-08-30 07:06:33.415 INFO (Iteration 30) reference_counts_per_domain: real 1.12s | cpu 0.89s
2026-08-30 07:06:33.415 INFO (Iteration 30) reference_replacements: real 21.07s | cpu 22.17s
2026-08-30 07:06:33.415 INFO Iteration 30 finished in 37.32s (real) and 39.36s (process)
2026-08-30 07:06:33.415 INFO Start timestep 2015-05-17 00:00:00+00:00 -> 2015-06-16 00:00:00+00:00
2026-08-30 07:07:00.984 INFO DuckDB memory logs:
  database_name database_size  block_size  ...  wal_size  memory_usage  memory_limit
0   postgres_db       6.2 TiB           0  ...   0 bytes       4.1 GiB     267.0 GiB
1        memory       0 bytes           0  ...   0 bytes       4.1 GiB     267.0 GiB

[2 rows x 9 columns]
2026-08-30 07:07:00.984 INFO Loading data (2015-05-17 00:00:00+00:00 -> 2015-06-16 00:00:00+00:00) done in 27.57s (real) and 19.94s (process)
2026-08-30 07:07:00.984 INFO Memory usage (start of timestep, peak): 8.50 GiB
2026-08-30 07:07:00.984 INFO Memory usage (start of timestep, current): 4.95 GiB
2026-08-30 07:07:00.984 INFO Calculating metrics
2026-08-30 07:07:00.984 INFO Calculating metric: reference_counts_per_domain
2026-08-30 07:07:02.305 INFO [reference_counts_per_domain] Memory snapshot — total: 2.18 MB
  cache_rows: 0.76 MB (11673 entries)
  counts_rows: 1.43 MB (11673 entries)
  total_count: 0.00 MB (N/A entries)
2026-08-30 07:07:02.305 INFO Calculating metric: reference_replacements
Found 74469 prefs in this timestep.
Found 470 clearly dominated domains in this timestep.
Found 495 clearly dominating domains in this timestep.
Found 24 contested domains in this timestep.
Fraction of references that are clearly dominated: 79.33%
Fraction of references that are clearly dominating: 6.30%
Fraction of references that are contested: 4.49%
Fraction of references in the graph but unclassified: 1.91%
Fraction of references whose domain is not in the graph: 7.97%
--- Fun Facts ----
Number of domains in the graph is 3292 (3292 live)
Number of edges in the graph is 5071 (1503 accepted)
edge density of the reference replacement graph: 0.0005
Average degree is 3.08 (preference graph: 0.91)
Relevance weight cutoff: 1.0 (kept 29.64% of edges)
DOI node is not in graph
ISBN node is not in graph
DOI count: 0.0
ISBN count: 0.0
Sessions concluded this step: 2061317 (avg size 1.05, cumulative avg 1.07)
Recycling:
  Recycled mass this step: 0.0
  Recycled mass cumulative: 0.0
  Tombstoned domains this step: 0
Plotting histogramm...
2026-08-30 07:07:30.419 INFO [reference_replacements.calculate] total=28.11s query=1.39s derive=3.27s elicit=22.31s graph=0.02s mark_edges=0.00s scc=0.00s classify=0.01s score=0.00s write=1.07s rebuttal_searches=27 rebuttal_skipped=121
2026-08-30 07:07:30.633 INFO [reference_replacements] Memory snapshot — total: 35.05 MB
  reference_graph: 1.10 MB (3292 entries)
  domain_to_vertex: 0.82 MB (3292 entries)
  reusable_vertex_pool: 0.00 MB (0 entries)
  tombstoned_domains: 0.00 MB (0 entries)
  tombstoned_domain_mass: 0.00 MB (0 entries)
  open_session_counts_size: 13.12 MB (14039 entries)
  open_session_last_edit_size: 11.29 MB (14039 entries)
  open_session_edits_size: 8.72 MB (14039 entries)
2026-08-30 07:07:30.633 INFO [reference_replacements.log_memory] total=0.21s tracked=8
2026-08-30 07:07:30.633 INFO Memory usage (end of timestep, peak): 8.50 GiB
2026-08-30 07:07:30.633 INFO Memory usage (end of timestep, current): 5.92 GiB
2026-08-30 07:07:30.633 INFO (Iteration 31) reference_counts_per_domain: real 1.32s | cpu 1.42s
2026-08-30 07:07:30.634 INFO (Iteration 31) reference_replacements: real 28.33s | cpu 30.51s
2026-08-30 07:07:30.634 INFO Iteration 31 finished in 57.22s (real) and 51.86s (process)
2026-08-30 07:07:30.634 INFO Start timestep 2015-06-16 00:00:00+00:00 -> 2015-07-16 00:00:00+00:00
2026-08-30 07:07:53.099 INFO DuckDB memory logs:
  database_name database_size  block_size  ...  wal_size  memory_usage  memory_limit
0   postgres_db       6.2 TiB           0  ...   0 bytes       3.4 GiB     267.0 GiB
1        memory       0 bytes           0  ...   0 bytes       3.4 GiB     267.0 GiB

[2 rows x 9 columns]
2026-08-30 07:07:53.099 INFO Loading data (2015-06-16 00:00:00+00:00 -> 2015-07-16 00:00:00+00:00) done in 22.47s (real) and 22.10s (process)
2026-08-30 07:07:53.099 INFO Memory usage (start of timestep, peak): 8.50 GiB
2026-08-30 07:07:53.100 INFO Memory usage (start of timestep, current): 4.37 GiB
2026-08-30 07:07:53.100 INFO Calculating metrics
2026-08-30 07:07:53.100 INFO Calculating metric: reference_counts_per_domain
2026-08-30 07:07:55.848 INFO [reference_counts_per_domain] Memory snapshot — total: 5.29 MB
  cache_rows: 1.84 MB (29158 entries)
  counts_rows: 3.45 MB (29158 entries)
  total_count: 0.00 MB (N/A entries)
2026-08-30 07:07:55.848 INFO Calculating metric: reference_replacements
Found 79348 prefs in this timestep.
Found 486 clearly dominated domains in this timestep.
Found 513 clearly dominating domains in this timestep.
Found 28 contested domains in this timestep.
Fraction of references that are clearly dominated: 78.86%
Fraction of references that are clearly dominating: 7.50%
Fraction of references that are contested: 4.34%
Fraction of references in the graph but unclassified: 1.12%
Fraction of references whose domain is not in the graph: 8.18%
--- Fun Facts ----
Number of domains in the graph is 3442 (3442 live)
Number of edges in the graph is 5328 (1579 accepted)
edge density of the reference replacement graph: 0.0004
Average degree is 3.10 (preference graph: 0.92)
Relevance weight cutoff: 1.0 (kept 29.64% of edges)
DOI node is not in graph
ISBN node is not in graph
DOI count: 0.0
ISBN count: 0.0
Sessions concluded this step: 1577589 (avg size 1.07, cumulative avg 1.07)
Recycling:
  Recycled mass this step: 0.0
  Recycled mass cumulative: 0.0
  Tombstoned domains this step: 0
Plotting histogramm...
2026-08-30 07:08:17.717 INFO [reference_replacements.calculate] total=21.87s query=1.16s derive=3.05s elicit=16.37s graph=0.02s mark_edges=0.00s scc=0.00s classify=0.01s score=0.01s write=1.19s rebuttal_searches=33 rebuttal_skipped=123
2026-08-30 07:08:18.407 INFO [reference_replacements] Memory snapshot — total: 62.26 MB
  reference_graph: 1.15 MB (3442 entries)
  domain_to_vertex: 0.86 MB (3442 entries)
  reusable_vertex_pool: 0.00 MB (0 entries)
  tombstoned_domains: 0.00 MB (0 entries)
  tombstoned_domain_mass: 0.00 MB (0 entries)
  open_session_counts_size: 27.27 MB (48446 entries)
  open_session_last_edit_size: 20.92 MB (48446 entries)
  open_session_edits_size: 12.05 MB (48446 entries)
2026-08-30 07:08:18.407 INFO [reference_replacements.log_memory] total=0.69s tracked=8
2026-08-30 07:08:18.407 INFO Memory usage (end of timestep, peak): 8.50 GiB
2026-08-30 07:08:18.407 INFO Memory usage (end of timestep, current): 5.26 GiB
2026-08-30 07:08:18.407 INFO (Iteration 32) reference_counts_per_domain: real 2.75s | cpu 1.81s
2026-08-30 07:08:18.407 INFO (Iteration 32) reference_replacements: real 22.56s | cpu 24.36s
2026-08-30 07:08:18.407 INFO Iteration 32 finished in 47.77s (real) and 48.26s (process)
2026-08-30 07:08:18.408 INFO Start timestep 2015-07-16 00:00:00+00:00 -> 2015-08-15 00:00:00+00:00
2026-08-30 07:08:49.846 INFO DuckDB memory logs:
  database_name database_size  block_size  ...  wal_size  memory_usage  memory_limit
0   postgres_db       6.2 TiB           0  ...   0 bytes       4.4 GiB     267.0 GiB
1        memory       0 bytes           0  ...   0 bytes       4.4 GiB     267.0 GiB

[2 rows x 9 columns]
2026-08-30 07:08:49.847 INFO Loading data (2015-07-16 00:00:00+00:00 -> 2015-08-15 00:00:00+00:00) done in 31.44s (real) and 22.97s (process)
2026-08-30 07:08:49.847 INFO Memory usage (start of timestep, peak): 8.50 GiB
2026-08-30 07:08:49.847 INFO Memory usage (start of timestep, current): 5.34 GiB
2026-08-30 07:08:49.847 INFO Calculating metrics
2026-08-30 07:08:49.847 INFO Calculating metric: reference_counts_per_domain
2026-08-30 07:08:52.746 INFO [reference_counts_per_domain] Memory snapshot — total: 5.48 MB
  cache_rows: 1.90 MB (30157 entries)
  counts_rows: 3.58 MB (30157 entries)
  total_count: 0.00 MB (N/A entries)
2026-08-30 07:08:52.746 INFO Calculating metric: reference_replacements
Found 831296 prefs in this timestep.
Found 505 clearly dominated domains in this timestep.
Found 529 clearly dominating domains in this timestep.
Found 26 contested domains in this timestep.
Fraction of references that are clearly dominated: 78.46%
Fraction of references that are clearly dominating: 8.03%
Fraction of references that are contested: 4.09%
Fraction of references in the graph but unclassified: 1.38%
Fraction of references whose domain is not in the graph: 8.05%
--- Fun Facts ----
Number of domains in the graph is 3605 (3605 live)
Number of edges in the graph is 5664 (1681 accepted)
edge density of the reference replacement graph: 0.0004
Average degree is 3.14 (preference graph: 0.93)
Relevance weight cutoff: 1.0 (kept 29.68% of edges)
DOI node is not in graph
ISBN node is not in graph
DOI count: 0.0
ISBN count: 0.0
Sessions concluded this step: 1605053 (avg size 2.10, cumulative avg 1.10)
Recycling:
  Recycled mass this step: 0.0
  Recycled mass cumulative: 0.0
  Tombstoned domains this step: 0
Plotting histogramm...
2026-08-30 07:09:30.415 INFO [reference_replacements.calculate] total=37.67s query=1.98s derive=5.28s elicit=28.95s graph=0.12s mark_edges=0.00s scc=0.00s classify=0.01s score=0.01s write=1.24s rebuttal_searches=30 rebuttal_skipped=137
2026-08-30 07:09:32.411 INFO [reference_replacements] Memory snapshot — total: 125.75 MB
  reference_graph: 1.22 MB (3605 entries)
  domain_to_vertex: 0.89 MB (3605 entries)
  reusable_vertex_pool: 0.00 MB (0 entries)
  tombstoned_domains: 0.00 MB (0 entries)
  tombstoned_domain_mass: 0.00 MB (0 entries)
  open_session_counts_size: 60.85 MB (127807 entries)
  open_session_last_edit_size: 43.10 MB (127807 entries)
  open_session_edits_size: 19.69 MB (127807 entries)
2026-08-30 07:09:32.411 INFO [reference_replacements.log_memory] total=2.00s tracked=8
2026-08-30 07:09:32.411 INFO Memory usage (end of timestep, peak): 8.50 GiB
2026-08-30 07:09:32.411 INFO Memory usage (end of timestep, current): 6.49 GiB
2026-08-30 07:09:32.411 INFO (Iteration 33) reference_counts_per_domain: real 2.90s | cpu 1.83s
2026-08-30 07:09:32.411 INFO (Iteration 33) reference_replacements: real 39.66s | cpu 42.31s
2026-08-30 07:09:32.411 INFO Iteration 33 finished in 74.00s (real) and 67.11s (process)
2026-08-30 07:09:32.413 INFO Start timestep 2015-08-15 00:00:00+00:00 -> 2015-09-14 00:00:00+00:00
2026-08-30 07:10:03.770 INFO DuckDB memory logs:
  database_name database_size  block_size  ...  wal_size  memory_usage  memory_limit
0   postgres_db       6.2 TiB           0  ...   0 bytes       4.7 GiB     267.0 GiB
1        memory       0 bytes           0  ...   0 bytes       4.7 GiB     267.0 GiB

[2 rows x 9 columns]
2026-08-30 07:10:03.770 INFO Loading data (2015-08-15 00:00:00+00:00 -> 2015-09-14 00:00:00+00:00) done in 31.36s (real) and 22.46s (process)
2026-08-30 07:10:03.770 INFO Memory usage (start of timestep, peak): 8.50 GiB
2026-08-30 07:10:03.770 INFO Memory usage (start of timestep, current): 5.66 GiB
2026-08-30 07:10:03.770 INFO Calculating metrics
2026-08-30 07:10:03.771 INFO Calculating metric: reference_counts_per_domain
2026-08-30 07:10:06.465 INFO [reference_counts_per_domain] Memory snapshot — total: 5.68 MB
  cache_rows: 1.97 MB (31225 entries)
  counts_rows: 3.71 MB (31225 entries)
  total_count: 0.00 MB (N/A entries)
2026-08-30 07:10:06.465 INFO Calculating metric: reference_replacements
Found 835246 prefs in this timestep.
Found 528 clearly dominated domains in this timestep.
Found 556 clearly dominating domains in this timestep.
Found 25 contested domains in this timestep.
Fraction of references that are clearly dominated: 77.79%
Fraction of references that are clearly dominating: 8.43%
Fraction of references that are contested: 3.65%
Fraction of references in the graph but unclassified: 2.16%
Fraction of references whose domain is not in the graph: 7.96%
--- Fun Facts ----
Number of domains in the graph is 3783 (3783 live)
Number of edges in the graph is 5950 (1758 accepted)
edge density of the reference replacement graph: 0.0004
Average degree is 3.15 (preference graph: 0.93)
Relevance weight cutoff: 1.0 (kept 29.55% of edges)
DOI node is not in graph
ISBN node is not in graph
DOI count: 0.0
ISBN count: 0.0
Sessions concluded this step: 2347611 (avg size 1.74, cumulative avg 1.13)
Recycling:
  Recycled mass this step: 0.0
  Recycled mass cumulative: 0.0
  Tombstoned domains this step: 0
Plotting histogramm...
2026-08-30 07:10:47.593 INFO [reference_replacements.calculate] total=41.13s query=2.00s derive=5.93s elicit=31.75s graph=0.11s mark_edges=0.00s scc=0.00s classify=0.01s score=0.01s write=1.19s rebuttal_searches=28 rebuttal_skipped=145
2026-08-30 07:10:48.639 INFO [reference_replacements] Memory snapshot — total: 79.87 MB
  reference_graph: 1.28 MB (3783 entries)
  domain_to_vertex: 0.93 MB (3783 entries)
  reusable_vertex_pool: 0.00 MB (0 entries)
  tombstoned_domains: 0.00 MB (0 entries)
  tombstoned_domain_mass: 0.00 MB (0 entries)
  open_session_counts_size: 37.27 MB (67817 entries)
  open_session_last_edit_size: 26.40 MB (67817 entries)
  open_session_edits_size: 13.98 MB (67817 entries)
2026-08-30 07:10:48.639 INFO [reference_replacements.log_memory] total=1.05s tracked=8
2026-08-30 07:10:48.639 INFO Memory usage (end of timestep, peak): 8.50 GiB
2026-08-30 07:10:48.639 INFO Memory usage (end of timestep, current): 6.76 GiB
2026-08-30 07:10:48.639 INFO (Iteration 34) reference_counts_per_domain: real 2.69s | cpu 1.66s
2026-08-30 07:10:48.639 INFO (Iteration 34) reference_replacements: real 42.17s | cpu 44.97s
2026-08-30 07:10:48.639 INFO Iteration 34 finished in 76.23s (real) and 69.10s (process)
2026-08-30 07:10:48.642 INFO Start timestep 2015-09-14 00:00:00+00:00 -> 2015-10-14 00:00:00+00:00
2026-08-30 07:11:56.274 INFO DuckDB memory logs:
  database_name database_size  block_size  ...  wal_size  memory_usage  memory_limit
0   postgres_db       6.2 TiB           0  ...   0 bytes      10.5 GiB     267.0 GiB
1        memory       0 bytes           0  ...   0 bytes      10.5 GiB     267.0 GiB

[2 rows x 9 columns]
2026-08-30 07:11:56.275 INFO Loading data (2015-09-14 00:00:00+00:00 -> 2015-10-14 00:00:00+00:00) done in 67.63s (real) and 50.00s (process)
2026-08-30 07:11:56.275 INFO Memory usage (start of timestep, peak): 11.80 GiB
2026-08-30 07:11:56.275 INFO Memory usage (start of timestep, current): 11.46 GiB
2026-08-30 07:11:56.275 INFO Calculating metrics
2026-08-30 07:11:56.276 INFO Calculating metric: reference_counts_per_domain
2026-08-30 07:11:59.708 INFO [reference_counts_per_domain] Memory snapshot — total: 5.96 MB
  cache_rows: 2.07 MB (32708 entries)
  counts_rows: 3.89 MB (32708 entries)
  total_count: 0.00 MB (N/A entries)
2026-08-30 07:11:59.708 INFO Calculating metric: reference_replacements
Found 2069290 prefs in this timestep.
Found 554 clearly dominated domains in this timestep.
Found 615 clearly dominating domains in this timestep.
Found 28 contested domains in this timestep.
Fraction of references that are clearly dominated: 77.21%
Fraction of references that are clearly dominating: 8.95%
Fraction of references that are contested: 3.55%
Fraction of references in the graph but unclassified: 2.84%
Fraction of references whose domain is not in the graph: 7.45%
--- Fun Facts ----
Number of domains in the graph is 4080 (2019 live)
Number of edges in the graph is 6422 (1905 accepted)
edge density of the reference replacement graph: 0.0004
Average degree is 3.15 (preference graph: 1.89)
Relevance weight cutoff: 1.0 (kept 29.66% of edges)
DOI node is not in graph
ISBN node is not in graph
DOI count: 0.0
ISBN count: 0.0
Sessions concluded this step: 3581484 (avg size 2.92, cumulative avg 1.24)
Recycling:
  Recycled mass this step: 0.0
  Recycled mass cumulative: 0.0
  Tombstoned domains this step: 2061
Plotting histogramm...
2026-08-30 07:14:14.178 INFO [reference_replacements.calculate] total=134.47s query=7.33s derive=19.76s elicit=105.42s graph=0.31s mark_edges=0.00s scc=0.00s classify=0.02s score=0.01s write=1.38s rebuttal_searches=41 rebuttal_skipped=146
2026-08-30 07:14:27.885 INFO [reference_replacements] Memory snapshot — total: 726.55 MB
  reference_graph: 1.38 MB (4080 entries)
  domain_to_vertex: 1.00 MB (4080 entries)
  reusable_vertex_pool: 0.19 MB (2061 entries)
  tombstoned_domains: 0.23 MB (2061 entries)
  tombstoned_domain_mass: 0.20 MB (2061 entries)
  open_session_counts_size: 390.52 MB (721479 entries)
  open_session_last_edit_size: 232.57 MB (721479 entries)
  open_session_edits_size: 100.46 MB (721479 entries)
2026-08-30 07:14:27.885 INFO [reference_replacements.log_memory] total=13.71s tracked=8
2026-08-30 07:14:27.885 INFO Memory usage (end of timestep, peak): 18.70 GiB
2026-08-30 07:14:27.885 INFO Memory usage (end of timestep, current): 13.45 GiB
2026-08-30 07:14:27.885 INFO (Iteration 35) reference_counts_per_domain: real 3.43s | cpu 5.09s
2026-08-30 07:14:27.885 INFO (Iteration 35) reference_replacements: real 148.18s | cpu 157.83s
2026-08-30 07:14:27.885 INFO Iteration 35 finished in 219.24s (real) and 212.92s (process)
2026-08-30 07:14:27.887 INFO Start timestep 2015-10-14 00:00:00+00:00 -> 2015-11-13 00:00:00+00:00
2026-08-30 07:15:47.649 INFO DuckDB memory logs:
  database_name database_size  block_size  ...  wal_size  memory_usage  memory_limit
0   postgres_db       6.2 TiB           0  ...   0 bytes      12.3 GiB     267.0 GiB
1        memory       0 bytes           0  ...   0 bytes      12.3 GiB     267.0 GiB

[2 rows x 9 columns]
2026-08-30 07:15:47.650 INFO Loading data (2015-10-14 00:00:00+00:00 -> 2015-11-13 00:00:00+00:00) done in 79.76s (real) and 58.59s (process)
2026-08-30 07:15:47.650 INFO Memory usage (start of timestep, peak): 18.70 GiB
2026-08-30 07:15:47.650 INFO Memory usage (start of timestep, current): 14.28 GiB
2026-08-30 07:15:47.650 INFO Calculating metrics
2026-08-30 07:15:47.650 INFO Calculating metric: reference_counts_per_domain
2026-08-30 07:15:50.004 INFO [reference_counts_per_domain] Memory snapshot — total: 1.95 MB
  cache_rows: 0.67 MB (10374 entries)
  counts_rows: 1.27 MB (10374 entries)
  total_count: 0.00 MB (N/A entries)
2026-08-30 07:15:50.004 INFO Calculating metric: reference_replacements
Found 1245362 prefs in this timestep.
Found 541 clearly dominated domains in this timestep.
Found 640 clearly dominating domains in this timestep.
Found 28 contested domains in this timestep.
Fraction of references that are clearly dominated: 78.35%
Fraction of references that are clearly dominating: 8.97%
Fraction of references that are contested: 4.58%
Fraction of references in the graph but unclassified: 1.43%
Fraction of references whose domain is not in the graph: 6.67%
--- Fun Facts ----
Number of domains in the graph is 4080 (2297 live)
Number of edges in the graph is 6484 (1984 accepted)
edge density of the reference replacement graph: 0.0004
Average degree is 3.18 (preference graph: 1.73)
Relevance weight cutoff: 1.0 (kept 30.60% of edges)
DOI node is not in graph
ISBN node is not in graph
DOI count: 0.0
ISBN count: 0.0
Sessions concluded this step: 5588266 (avg size 2.76, cumulative avg 1.38)
Recycling:
  Recycled mass this step: 72.0
  Recycled mass cumulative: 72.0
  Tombstoned domains this step: 0
Plotting histogramm...
2026-08-30 07:18:12.032 INFO [reference_replacements.calculate] total=142.03s query=7.40s derive=21.55s elicit=111.22s graph=0.24s mark_edges=0.00s scc=0.00s classify=0.02s score=0.00s write=1.26s rebuttal_searches=42 rebuttal_skipped=152
2026-08-30 07:18:17.519 INFO [reference_replacements] Memory snapshot — total: 331.56 MB
  reference_graph: 1.39 MB (4080 entries)
  domain_to_vertex: 1.00 MB (4080 entries)
  reusable_vertex_pool: 0.18 MB (1783 entries)
  tombstoned_domains: 0.22 MB (1783 entries)
  tombstoned_domain_mass: 0.18 MB (1783 entries)
  open_session_counts_size: 174.70 MB (250310 entries)
  open_session_last_edit_size: 99.86 MB (250310 entries)
  open_session_edits_size: 54.03 MB (250310 entries)
2026-08-30 07:18:17.519 INFO [reference_replacements.log_memory] total=5.49s tracked=8
2026-08-30 07:18:17.519 INFO Memory usage (end of timestep, peak): 21.78 GiB
2026-08-30 07:18:17.519 INFO Memory usage (end of timestep, current): 14.87 GiB
2026-08-30 07:18:17.519 INFO (Iteration 36) reference_counts_per_domain: real 2.35s | cpu 5.37s
2026-08-30 07:18:17.519 INFO (Iteration 36) reference_replacements: real 147.51s | cpu 157.71s
2026-08-30 07:18:17.519 INFO Iteration 36 finished in 229.63s (real) and 221.67s (process)
2026-08-30 07:18:17.522 INFO Start timestep 2015-11-13 00:00:00+00:00 -> 2015-12-13 00:00:00+00:00
2026-08-30 07:19:27.458 INFO DuckDB memory logs:
  database_name database_size  block_size  ...  wal_size  memory_usage  memory_limit
0   postgres_db       6.2 TiB           0  ...   0 bytes      10.9 GiB     267.0 GiB
1        memory       0 bytes           0  ...   0 bytes      10.9 GiB     267.0 GiB

[2 rows x 9 columns]
2026-08-30 07:19:27.459 INFO Loading data (2015-11-13 00:00:00+00:00 -> 2015-12-13 00:00:00+00:00) done in 69.94s (real) and 51.54s (process)
2026-08-30 07:19:27.459 INFO Memory usage (start of timestep, peak): 21.78 GiB
2026-08-30 07:19:27.460 INFO Memory usage (start of timestep, current): 13.07 GiB
2026-08-30 07:19:27.460 INFO Calculating metrics
2026-08-30 07:19:27.460 INFO Calculating metric: reference_counts_per_domain
2026-08-30 07:19:29.357 INFO [reference_counts_per_domain] Memory snapshot — total: 2.30 MB
  cache_rows: 0.80 MB (12250 entries)
  counts_rows: 1.51 MB (12250 entries)
  total_count: 0.00 MB (N/A entries)
2026-08-30 07:19:29.357 INFO Calculating metric: reference_replacements
Found 1173305 prefs in this timestep.
Found 559 clearly dominated domains in this timestep.
Found 680 clearly dominating domains in this timestep.
Found 30 contested domains in this timestep.
Fraction of references that are clearly dominated: 78.08%
Fraction of references that are clearly dominating: 7.55%
Fraction of references that are contested: 6.50%
Fraction of references in the graph but unclassified: 1.08%
Fraction of references whose domain is not in the graph: 6.79%
--- Fun Facts ----
Number of domains in the graph is 4080 (2646 live)
Number of edges in the graph is 6667 (2131 accepted)
edge density of the reference replacement graph: 0.0004
Average degree is 3.27 (preference graph: 1.61)
Relevance weight cutoff: 1.0 (kept 31.96% of edges)
DOI node is not in graph
ISBN node is not in graph
DOI count: 0.0
ISBN count: 0.0
Sessions concluded this step: 4072464 (avg size 3.06, cumulative avg 1.49)
Recycling:
  Recycled mass this step: 136.0
  Recycled mass cumulative: 208.0
  Tombstoned domains this step: 0
Plotting histogramm...
2026-08-30 07:21:21.872 INFO [reference_replacements.calculate] total=112.51s query=6.88s derive=18.21s elicit=85.56s graph=0.21s mark_edges=0.00s scc=0.00s classify=0.02s score=0.01s write=1.32s rebuttal_searches=45 rebuttal_skipped=167
2026-08-30 07:21:24.810 INFO [reference_replacements] Memory snapshot — total: 239.90 MB
  reference_graph: 1.42 MB (4080 entries)
  domain_to_vertex: 1.00 MB (4080 entries)
  reusable_vertex_pool: 0.17 MB (1434 entries)
  tombstoned_domains: 0.20 MB (1434 entries)
  tombstoned_domain_mass: 0.16 MB (1434 entries)
  open_session_counts_size: 106.93 MB (187914 entries)
  open_session_last_edit_size: 82.22 MB (187914 entries)
  open_session_edits_size: 47.81 MB (187914 entries)
2026-08-30 07:21:24.810 INFO [reference_replacements.log_memory] total=2.94s tracked=8
2026-08-30 07:21:24.810 INFO Memory usage (end of timestep, peak): 21.78 GiB
2026-08-30 07:21:24.811 INFO Memory usage (end of timestep, current): 13.60 GiB
2026-08-30 07:21:24.811 INFO (Iteration 37) reference_counts_per_domain: real 1.90s | cpu 4.71s
2026-08-30 07:21:24.811 INFO (Iteration 37) reference_replacements: real 115.45s | cpu 125.05s
2026-08-30 07:21:24.811 INFO Iteration 37 finished in 187.29s (real) and 181.29s (process)
2026-08-30 07:21:24.811 INFO Start timestep 2015-12-13 00:00:00+00:00 -> 2016-01-12 00:00:00+00:00
2026-08-30 07:22:57.437 INFO DuckDB memory logs:
  database_name database_size  block_size  ...  wal_size  memory_usage  memory_limit
0   postgres_db       6.2 TiB           0  ...   0 bytes      14.5 GiB     267.0 GiB
1        memory       0 bytes           0  ...   0 bytes      14.5 GiB     267.0 GiB

[2 rows x 9 columns]
2026-08-30 07:22:57.438 INFO Loading data (2015-12-13 00:00:00+00:00 -> 2016-01-12 00:00:00+00:00) done in 92.63s (real) and 70.11s (process)
2026-08-30 07:22:57.438 INFO Memory usage (start of timestep, peak): 21.78 GiB
2026-08-30 07:22:57.438 INFO Memory usage (start of timestep, current): 15.47 GiB
2026-08-30 07:22:57.438 INFO Calculating metrics
2026-08-30 07:22:57.439 INFO Calculating metric: reference_counts_per_domain
2026-08-30 07:22:59.654 INFO [reference_counts_per_domain] Memory snapshot — total: 2.88 MB
  cache_rows: 1.00 MB (15284 entries)
  counts_rows: 1.88 MB (15284 entries)
  total_count: 0.00 MB (N/A entries)
2026-08-30 07:22:59.654 INFO Calculating metric: reference_replacements
Found 168553 prefs in this timestep.
Found 558 clearly dominated domains in this timestep.
Found 794 clearly dominating domains in this timestep.
Found 27 contested domains in this timestep.
Fraction of references that are clearly dominated: 80.28%
Fraction of references that are clearly dominating: 7.52%
Fraction of references that are contested: 4.07%
Fraction of references in the graph but unclassified: 1.05%
Fraction of references whose domain is not in the graph: 7.07%
--- Fun Facts ----
Number of domains in the graph is 4080 (3061 live)
Number of edges in the graph is 6910 (2345 accepted)
edge density of the reference replacement graph: 0.0004
Average degree is 3.39 (preference graph: 1.53)
Relevance weight cutoff: 1.0 (kept 33.94% of edges)
DOI node is not in graph
ISBN node is not in graph
DOI count: 0.0
ISBN count: 0.0
Sessions concluded this step: 4011226 (avg size 3.37, cumulative avg 1.59)
Recycling:
  Recycled mass this step: 117.0
  Recycled mass cumulative: 325.0
  Tombstoned domains this step: 0
Plotting histogramm...
2026-08-30 07:26:55.267 INFO [reference_replacements.calculate] total=235.61s query=10.32s derive=29.82s elicit=193.40s graph=0.05s mark_edges=0.00s scc=0.00s classify=0.02s score=0.01s write=1.66s rebuttal_searches=46 rebuttal_skipped=177
2026-08-30 07:27:29.042 INFO [reference_replacements] Memory snapshot — total: 1690.44 MB
  reference_graph: 1.45 MB (4080 entries)
  domain_to_vertex: 1.00 MB (4080 entries)
  reusable_vertex_pool: 0.16 MB (1019 entries)
  tombstoned_domains: 0.18 MB (1019 entries)
  tombstoned_domain_mass: 0.13 MB (1019 entries)
  open_session_counts_size: 932.85 MB (1671319 entries)
  open_session_last_edit_size: 530.35 MB (1671319 entries)
  open_session_edits_size: 224.33 MB (1671319 entries)
2026-08-30 07:27:29.042 INFO [reference_replacements.log_memory] total=33.77s tracked=8
2026-08-30 07:27:29.042 INFO Memory usage (end of timestep, peak): 25.50 GiB
2026-08-30 07:27:29.042 INFO Memory usage (end of timestep, current): 18.33 GiB
2026-08-30 07:27:29.042 INFO (Iteration 38) reference_counts_per_domain: real 2.22s | cpu 6.15s
2026-08-30 07:27:29.042 INFO (Iteration 38) reference_replacements: real 269.39s | cpu 284.28s
2026-08-30 07:27:29.042 INFO Iteration 38 finished in 364.23s (real) and 360.54s (process)
2026-08-30 07:27:29.055 INFO Start timestep 2016-01-12 00:00:00+00:00 -> 2016-02-11 00:00:00+00:00
2026-08-30 07:28:25.845 INFO DuckDB memory logs:
  database_name database_size  block_size  ...  wal_size  memory_usage  memory_limit
0   postgres_db       6.2 TiB           0  ...   0 bytes       8.9 GiB     267.0 GiB
1        memory       0 bytes           0  ...   0 bytes       8.9 GiB     267.0 GiB

[2 rows x 9 columns]
2026-08-30 07:28:25.845 INFO Loading data (2016-01-12 00:00:00+00:00 -> 2016-02-11 00:00:00+00:00) done in 56.79s (real) and 42.00s (process)
2026-08-30 07:28:25.845 INFO Memory usage (start of timestep, peak): 25.50 GiB
2026-08-30 07:28:25.845 INFO Memory usage (start of timestep, current): 12.19 GiB
2026-08-30 07:28:25.845 INFO Calculating metrics
2026-08-30 07:28:25.846 INFO Calculating metric: reference_counts_per_domain
2026-08-30 07:28:29.820 INFO [reference_counts_per_domain] Memory snapshot — total: 7.17 MB
  cache_rows: 2.49 MB (39953 entries)
  counts_rows: 4.68 MB (39953 entries)
  total_count: 0.00 MB (N/A entries)
2026-08-30 07:28:29.821 INFO Calculating metric: reference_replacements
Found 842704 prefs in this timestep.
Found 544 clearly dominated domains in this timestep.
Found 848 clearly dominating domains in this timestep.
Found 27 contested domains in this timestep.
Fraction of references that are clearly dominated: 82.01%
Fraction of references that are clearly dominating: 6.38%
Fraction of references that are contested: 2.80%
Fraction of references in the graph but unclassified: 1.44%
Fraction of references whose domain is not in the graph: 7.37%
--- Fun Facts ----
Number of domains in the graph is 4080 (3488 live)
Number of edges in the graph is 7151 (2494 accepted)
edge density of the reference replacement graph: 0.0004
Average degree is 3.51 (preference graph: 1.43)
Relevance weight cutoff: 1.0 (kept 34.88% of edges)
DOI node is not in graph
ISBN node is not in graph
DOI count: 0.0
ISBN count: 0.0
Sessions concluded this step: 4387277 (avg size 2.93, cumulative avg 1.67)
Recycling:
  Recycled mass this step: 258.0
  Recycled mass cumulative: 583.0
  Tombstoned domains this step: 0
Plotting histogramm...
2026-08-30 07:31:17.505 INFO [reference_replacements.calculate] total=167.68s query=5.74s derive=15.37s elicit=144.64s graph=0.16s mark_edges=0.00s scc=0.01s classify=0.04s score=0.01s write=1.49s rebuttal_searches=51 rebuttal_skipped=180
2026-08-30 07:31:39.539 INFO [reference_replacements] Memory snapshot — total: 1026.37 MB
  reference_graph: 1.48 MB (4080 entries)
  domain_to_vertex: 1.10 MB (4080 entries)
  reusable_vertex_pool: 0.14 MB (592 entries)
  tombstoned_domains: 0.16 MB (592 entries)
  tombstoned_domain_mass: 0.09 MB (592 entries)
  open_session_counts_size: 603.59 MB (793857 entries)
  open_session_last_edit_size: 282.58 MB (793857 entries)
  open_session_edits_size: 137.22 MB (793857 entries)
2026-08-30 07:31:39.539 INFO [reference_replacements.log_memory] total=22.03s tracked=8
2026-08-30 07:31:39.539 INFO Memory usage (end of timestep, peak): 25.50 GiB
2026-08-30 07:31:39.539 INFO Memory usage (end of timestep, current): 15.30 GiB
2026-08-30 07:31:39.539 INFO (Iteration 39) reference_counts_per_domain: real 3.97s | cpu 4.28s
2026-08-30 07:31:39.540 INFO (Iteration 39) reference_replacements: real 189.72s | cpu 197.43s
2026-08-30 07:31:39.540 INFO Iteration 39 finished in 250.48s (real) and 243.71s (process)
2026-08-30 07:31:39.542 INFO Start timestep 2016-02-11 00:00:00+00:00 -> 2016-03-12 00:00:00+00:00
2026-08-30 07:32:56.637 INFO DuckDB memory logs:
  database_name database_size  block_size  ...  wal_size  memory_usage  memory_limit
0   postgres_db       6.2 TiB           0  ...   0 bytes      12.0 GiB     267.0 GiB
1        memory       0 bytes           0  ...   0 bytes      12.0 GiB     267.0 GiB

[2 rows x 9 columns]
2026-08-30 07:32:56.638 INFO Loading data (2016-02-11 00:00:00+00:00 -> 2016-03-12 00:00:00+00:00) done in 77.10s (real) and 56.97s (process)
2026-08-30 07:32:56.638 INFO Memory usage (start of timestep, peak): 25.50 GiB
2026-08-30 07:32:56.638 INFO Memory usage (start of timestep, current): 14.91 GiB
2026-08-30 07:32:56.638 INFO Calculating metrics
2026-08-30 07:32:56.638 INFO Calculating metric: reference_counts_per_domain
2026-08-30 07:33:00.888 INFO [reference_counts_per_domain] Memory snapshot — total: 8.29 MB
  cache_rows: 2.88 MB (46198 entries)
  counts_rows: 5.41 MB (46198 entries)
  total_count: 0.00 MB (N/A entries)
2026-08-30 07:33:00.888 INFO Calculating metric: reference_replacements
Found 3201374 prefs in this timestep.
Found 528 clearly dominated domains in this timestep.
Found 25132 clearly dominating domains in this timestep.
Found 35 contested domains in this timestep.
Fraction of references that are clearly dominated: 80.53%
Fraction of references that are clearly dominating: 11.14%
Fraction of references that are contested: 4.09%
Fraction of references in the graph but unclassified: 1.44%
Fraction of references whose domain is not in the graph: 2.80%
--- Fun Facts ----
Number of domains in the graph is 28283 (27335 live)
Number of edges in the graph is 152799 (76830 accepted)
edge density of the reference replacement graph: 0.0002
Average degree is 10.81 (preference graph: 5.62)
Relevance weight cutoff: 1.0 (kept 50.28% of edges)
DOI node is not in graph
ISBN node is not in graph
DOI count: 0.0
ISBN count: 0.0
Sessions concluded this step: 3396987 (avg size 4.08, cumulative avg 1.78)
Recycling:
  Recycled mass this step: 440.0
  Recycled mass cumulative: 1023.0
  Tombstoned domains this step: 948
2026-08-30 07:36:10.907 INFO [reference_replacements.calculate] total=190.02s query=8.77s derive=22.71s elicit=155.69s graph=2.17s mark_edges=0.02s scc=0.01s classify=0.07s score=0.03s write=0.27s rebuttal_searches=59 rebuttal_skipped=188
2026-08-30 07:36:33.528 INFO [reference_replacements] Memory snapshot — total: 1095.02 MB
  reference_graph: 24.04 MB (28283 entries)
  domain_to_vertex: 6.99 MB (28283 entries)
  reusable_vertex_pool: 0.15 MB (948 entries)
  tombstoned_domains: 0.18 MB (948 entries)
  tombstoned_domain_mass: 0.10 MB (948 entries)
  open_session_counts_size: 608.06 MB (1041347 entries)
  open_session_last_edit_size: 323.09 MB (1041347 entries)
  open_session_edits_size: 132.41 MB (1041347 entries)
2026-08-30 07:36:33.528 INFO [reference_replacements.log_memory] total=22.49s tracked=8
2026-08-30 07:36:33.528 INFO Memory usage (end of timestep, peak): 25.50 GiB
2026-08-30 07:36:33.528 INFO Memory usage (end of timestep, current): 18.82 GiB
2026-08-30 07:36:33.528 INFO (Iteration 40) reference_counts_per_domain: real 4.25s | cpu 5.48s
2026-08-30 07:36:33.528 INFO (Iteration 40) reference_replacements: real 212.64s | cpu 224.42s
2026-08-30 07:36:33.528 INFO Iteration 40 finished in 293.99s (real) and 286.86s (process)
2026-08-30 07:36:33.536 INFO Start timestep 2016-03-12 00:00:00+00:00 -> 2016-04-11 00:00:00+00:00
2026-08-30 07:38:18.141 INFO DuckDB memory logs:
  database_name database_size  block_size  ...  wal_size  memory_usage  memory_limit
0   postgres_db       6.2 TiB           0  ...   0 bytes      15.8 GiB     267.0 GiB
1        memory       0 bytes           0  ...   0 bytes      15.8 GiB     267.0 GiB

[2 rows x 9 columns]
2026-08-30 07:38:18.142 INFO Loading data (2016-03-12 00:00:00+00:00 -> 2016-04-11 00:00:00+00:00) done in 104.61s (real) and 77.87s (process)
2026-08-30 07:38:18.143 INFO Memory usage (start of timestep, peak): 25.50 GiB
2026-08-30 07:38:18.143 INFO Memory usage (start of timestep, current): 19.26 GiB
2026-08-30 07:38:18.143 INFO Calculating metrics
2026-08-30 07:38:18.143 INFO Calculating metric: reference_counts_per_domain
2026-08-30 07:38:34.746 INFO [reference_counts_per_domain] Memory snapshot — total: 35.24 MB
  cache_rows: 12.26 MB (202059 entries)
  counts_rows: 22.98 MB (202059 entries)
  total_count: 0.00 MB (N/A entries)
2026-08-30 07:38:34.746 INFO Calculating metric: reference_replacements
Found 885971 prefs in this timestep.
Found 498 clearly dominated domains in this timestep.
Found 42534 clearly dominating domains in this timestep.
Found 32 contested domains in this timestep.
Fraction of references that are clearly dominated: 82.81%
Fraction of references that are clearly dominating: 9.27%
Fraction of references that are contested: 2.88%
Fraction of references in the graph but unclassified: 1.27%
Fraction of references whose domain is not in the graph: 3.76%
--- Fun Facts ----
Number of domains in the graph is 45098 (44883 live)
Number of edges in the graph is 185942 (133344 accepted)
edge density of the reference replacement graph: 0.0001
Average degree is 8.25 (preference graph: 5.94)
Relevance weight cutoff: 1.0 (kept 71.71% of edges)
DOI node is not in graph
ISBN node is not in graph
DOI count: 0.0
ISBN count: 0.0
Sessions concluded this step: 7843465 (avg size 3.09, cumulative avg 1.90)
Recycling:
  Recycled mass this step: 770.0
  Recycled mass cumulative: 1793.0
  Tombstoned domains this step: 215
2026-08-30 07:41:57.453 INFO [reference_replacements.calculate] total=202.71s query=10.80s derive=31.21s elicit=158.63s graph=0.89s mark_edges=0.02s scc=0.02s classify=0.09s score=0.09s write=0.31s rebuttal_searches=64 rebuttal_skipped=193
2026-08-30 07:41:58.586 INFO [reference_replacements] Memory snapshot — total: 172.18 MB
  reference_graph: 30.57 MB (45098 entries)
  domain_to_vertex: 11.49 MB (45098 entries)
  reusable_vertex_pool: 0.13 MB (215 entries)
  tombstoned_domains: 0.14 MB (215 entries)
  tombstoned_domain_mass: 0.04 MB (215 entries)
  open_session_counts_size: 51.23 MB (52505 entries)
  open_session_last_edit_size: 44.10 MB (52505 entries)
  open_session_edits_size: 34.49 MB (52505 entries)
2026-08-30 07:41:58.586 INFO [reference_replacements.log_memory] total=1.07s tracked=8
2026-08-30 07:41:58.586 INFO Memory usage (end of timestep, peak): 29.20 GiB
2026-08-30 07:41:58.586 INFO Memory usage (end of timestep, current): 17.94 GiB
2026-08-30 07:41:58.586 INFO (Iteration 41) reference_counts_per_domain: real 16.60s | cpu 9.67s
2026-08-30 07:41:58.586 INFO (Iteration 41) reference_replacements: real 203.84s | cpu 219.82s
2026-08-30 07:41:58.586 INFO Iteration 41 finished in 325.05s (real) and 307.35s (process)
2026-08-30 07:41:58.596 INFO Start timestep 2016-04-11 00:00:00+00:00 -> 2016-05-11 00:00:00+00:00
2026-08-30 07:42:46.281 INFO DuckDB memory logs:
  database_name database_size  block_size  ...  wal_size  memory_usage  memory_limit
0   postgres_db       6.2 TiB           0  ...   0 bytes       7.3 GiB     267.0 GiB
1        memory       0 bytes           0  ...   0 bytes       7.3 GiB     267.0 GiB

[2 rows x 9 columns]
2026-08-30 07:42:46.281 INFO Loading data (2016-04-11 00:00:00+00:00 -> 2016-05-11 00:00:00+00:00) done in 47.68s (real) and 35.42s (process)
2026-08-30 07:42:46.282 INFO Memory usage (start of timestep, peak): 29.20 GiB
2026-08-30 07:42:46.282 INFO Memory usage (start of timestep, current): 9.38 GiB
2026-08-30 07:42:46.282 INFO Calculating metrics
2026-08-30 07:42:46.282 INFO Calculating metric: reference_counts_per_domain
2026-08-30 07:43:01.769 INFO [reference_counts_per_domain] Memory snapshot — total: 35.65 MB
  cache_rows: 12.40 MB (204201 entries)
  counts_rows: 23.25 MB (204201 entries)
  total_count: 0.00 MB (N/A entries)
2026-08-30 07:43:01.770 INFO Calculating metric: reference_replacements
Found 11597 prefs in this timestep.
Found 527 clearly dominated domains in this timestep.
Found 42599 clearly dominating domains in this timestep.
Found 38 contested domains in this timestep.
Fraction of references that are clearly dominated: 82.53%
Fraction of references that are clearly dominating: 8.81%
Fraction of references that are contested: 3.43%
Fraction of references in the graph but unclassified: 1.41%
Fraction of references whose domain is not in the graph: 3.82%
--- Fun Facts ----
Number of domains in the graph is 45344 (45113 live)
Number of edges in the graph is 186510 (133545 accepted)
edge density of the reference replacement graph: 0.0001
Average degree is 8.23 (preference graph: 5.92)
Relevance weight cutoff: 1.0 (kept 71.60% of edges)
DOI node is not in graph
ISBN node is not in graph
DOI count: 0.0
ISBN count: 0.0
Sessions concluded this step: 2388447 (avg size 2.17, cumulative avg 1.91)
Recycling:
  Recycled mass this step: 230.0
  Recycled mass cumulative: 2023.0
  Tombstoned domains this step: 231
2026-08-30 07:44:37.869 INFO [reference_replacements.calculate] total=96.10s query=4.02s derive=12.00s elicit=79.18s graph=0.07s mark_edges=0.03s scc=0.02s classify=0.10s score=0.09s write=0.33s rebuttal_searches=72 rebuttal_skipped=205
2026-08-30 07:44:50.543 INFO [reference_replacements] Memory snapshot — total: 658.86 MB
  reference_graph: 30.67 MB (45344 entries)
  domain_to_vertex: 11.55 MB (45344 entries)
  reusable_vertex_pool: 0.13 MB (231 entries)
  tombstoned_domains: 0.14 MB (231 entries)
  tombstoned_domain_mass: 0.03 MB (231 entries)
  open_session_counts_size: 339.99 MB (647665 entries)
  open_session_last_edit_size: 197.47 MB (647665 entries)
  open_session_edits_size: 78.88 MB (647665 entries)
2026-08-30 07:44:50.543 INFO [reference_replacements.log_memory] total=12.66s tracked=8
2026-08-30 07:44:50.543 INFO Memory usage (end of timestep, peak): 29.20 GiB
2026-08-30 07:44:50.543 INFO Memory usage (end of timestep, current): 12.09 GiB
2026-08-30 07:44:50.543 INFO (Iteration 42) reference_counts_per_domain: real 15.49s | cpu 4.88s
2026-08-30 07:44:50.543 INFO (Iteration 42) reference_replacements: real 108.77s | cpu 114.91s
2026-08-30 07:44:50.543 INFO Iteration 42 finished in 171.95s (real) and 155.21s (process)
2026-08-30 07:44:50.544 INFO Start timestep 2016-05-11 00:00:00+00:00 -> 2016-06-10 00:00:00+00:00
2026-08-30 07:47:04.050 INFO DuckDB memory logs:
  database_name database_size  block_size  ...  wal_size  memory_usage  memory_limit
0   postgres_db       6.2 TiB           0  ...   0 bytes      20.4 GiB     267.0 GiB
1        memory       0 bytes           0  ...   0 bytes      20.4 GiB     267.0 GiB

[2 rows x 9 columns]
2026-08-30 07:47:04.054 INFO Loading data (2016-05-11 00:00:00+00:00 -> 2016-06-10 00:00:00+00:00) done in 133.51s (real) and 210.80s (process)
2026-08-30 07:47:04.054 INFO Memory usage (start of timestep, peak): 29.20 GiB
2026-08-30 07:47:04.054 INFO Memory usage (start of timestep, current): 22.31 GiB
2026-08-30 07:47:04.054 INFO Calculating metrics
2026-08-30 07:47:04.054 INFO Calculating metric: reference_counts_per_domain
2026-08-30 07:47:24.543 INFO [reference_counts_per_domain] Memory snapshot — total: 43.25 MB
  cache_rows: 15.05 MB (248061 entries)
  counts_rows: 28.20 MB (248061 entries)
  total_count: 0.00 MB (N/A entries)
2026-08-30 07:47:24.543 INFO Calculating metric: reference_replacements
Found 201976 prefs in this timestep.
Found 559 clearly dominated domains in this timestep.
Found 51975 clearly dominating domains in this timestep.
Found 45 contested domains in this timestep.
Fraction of references that are clearly dominated: 82.50%
Fraction of references that are clearly dominating: 8.06%
Fraction of references that are contested: 3.68%
Fraction of references in the graph but unclassified: 1.71%
Fraction of references whose domain is not in the graph: 4.05%
--- Fun Facts ----
Number of domains in the graph is 54868 (54630 live)
Number of edges in the graph is 199719 (146454 accepted)
edge density of the reference replacement graph: 0.0001
Average degree is 7.28 (preference graph: 5.36)
Relevance weight cutoff: 1.0 (kept 73.33% of edges)
DOI node is not in graph
ISBN node is not in graph
DOI count: 142.0
ISBN count: 0.0
Sessions concluded this step: 7788062 (avg size 3.36, cumulative avg 2.03)
Recycling:
  Recycled mass this step: 229.0
  Recycled mass cumulative: 2252.0
  Tombstoned domains this step: 238
2026-08-30 07:51:03.127 INFO [reference_replacements.calculate] total=218.58s query=16.44s derive=39.48s elicit=161.01s graph=0.29s mark_edges=0.04s scc=0.02s classify=0.13s score=0.09s write=0.37s rebuttal_searches=76 rebuttal_skipped=216
2026-08-30 07:51:04.871 INFO [reference_replacements] Memory snapshot — total: 127.78 MB
  reference_graph: 33.62 MB (54868 entries)
  domain_to_vertex: 13.58 MB (54868 entries)
  reusable_vertex_pool: 0.13 MB (238 entries)
  tombstoned_domains: 0.14 MB (238 entries)
  tombstoned_domain_mass: 0.03 MB (238 entries)
  open_session_counts_size: 41.73 MB (81962 entries)
  open_session_last_edit_size: 26.77 MB (81962 entries)
  open_session_edits_size: 11.77 MB (81962 entries)
2026-08-30 07:51:04.871 INFO [reference_replacements.log_memory] total=1.72s tracked=8
2026-08-30 07:51:04.871 INFO Memory usage (end of timestep, peak): 38.00 GiB
2026-08-30 07:51:04.871 INFO Memory usage (end of timestep, current): 23.54 GiB
2026-08-30 07:51:04.871 INFO (Iteration 43) reference_counts_per_domain: real 20.49s | cpu 12.88s
2026-08-30 07:51:04.871 INFO (Iteration 43) reference_replacements: real 220.33s | cpu 242.78s
2026-08-30 07:51:04.871 INFO Iteration 43 finished in 374.33s (real) and 466.46s (process)
2026-08-30 07:51:04.885 INFO Start timestep 2016-06-10 00:00:00+00:00 -> 2016-07-10 00:00:00+00:00
2026-08-30 07:51:42.120 INFO DuckDB memory logs:
  database_name database_size  block_size  ...  wal_size  memory_usage  memory_limit
0   postgres_db       6.2 TiB           0  ...   0 bytes       5.6 GiB     267.0 GiB
1        memory       0 bytes           0  ...   0 bytes       5.6 GiB     267.0 GiB

[2 rows x 9 columns]
2026-08-30 07:51:42.120 INFO Loading data (2016-06-10 00:00:00+00:00 -> 2016-07-10 00:00:00+00:00) done in 37.23s (real) and 28.01s (process)
2026-08-30 07:51:42.120 INFO Memory usage (start of timestep, peak): 38.00 GiB
2026-08-30 07:51:42.120 INFO Memory usage (start of timestep, current): 7.81 GiB
2026-08-30 07:51:42.120 INFO Calculating metrics
2026-08-30 07:51:42.120 INFO Calculating metric: reference_counts_per_domain
2026-08-30 07:52:01.541 INFO [reference_counts_per_domain] Memory snapshot — total: 43.63 MB
  cache_rows: 15.18 MB (250067 entries)
  counts_rows: 28.45 MB (250067 entries)
  total_count: 0.00 MB (N/A entries)
2026-08-30 07:52:01.541 INFO Calculating metric: reference_replacements
Found 56582 prefs in this timestep.
Found 578 clearly dominated domains in this timestep.
Found 52023 clearly dominating domains in this timestep.
Found 52 contested domains in this timestep.
Fraction of references that are clearly dominated: 81.35%
Fraction of references that are clearly dominating: 8.06%
Fraction of references that are contested: 3.66%
Fraction of references in the graph but unclassified: 1.83%
Fraction of references whose domain is not in the graph: 5.10%
--- Fun Facts ----
Number of domains in the graph is 55051 (54806 live)
Number of edges in the graph is 200147 (146578 accepted)
edge density of the reference replacement graph: 0.0001
Average degree is 7.27 (preference graph: 5.35)
Relevance weight cutoff: 1.0 (kept 73.24% of edges)
DOI node is not in graph
ISBN node is not in graph
DOI count: 142.0
ISBN count: 0.0
Sessions concluded this step: 1569488 (avg size 2.08, cumulative avg 2.03)
Recycling:
  Recycled mass this step: 228.0
  Recycled mass cumulative: 2480.0
  Tombstoned domains this step: 245
2026-08-30 07:52:39.984 INFO [reference_replacements.calculate] total=38.44s query=2.07s derive=5.74s elicit=29.74s graph=0.08s mark_edges=0.03s scc=0.02s classify=0.13s score=0.09s write=0.36s rebuttal_searches=85 rebuttal_skipped=225
2026-08-30 07:52:42.567 INFO [reference_replacements] Memory snapshot — total: 189.91 MB
  reference_graph: 33.70 MB (55051 entries)
  domain_to_vertex: 13.62 MB (55051 entries)
  reusable_vertex_pool: 0.13 MB (245 entries)
  tombstoned_domains: 0.14 MB (245 entries)
  tombstoned_domain_mass: 0.03 MB (245 entries)
  open_session_counts_size: 71.50 MB (147810 entries)
  open_session_last_edit_size: 48.92 MB (147810 entries)
  open_session_edits_size: 21.86 MB (147810 entries)
2026-08-30 07:52:42.567 INFO [reference_replacements.log_memory] total=2.57s tracked=8
2026-08-30 07:52:42.568 INFO Memory usage (end of timestep, peak): 38.00 GiB
2026-08-30 07:52:42.568 INFO Memory usage (end of timestep, current): 9.70 GiB
2026-08-30 07:52:42.568 INFO (Iteration 44) reference_counts_per_domain: real 19.42s | cpu 4.96s
2026-08-30 07:52:42.568 INFO (Iteration 44) reference_replacements: real 41.03s | cpu 44.23s
2026-08-30 07:52:42.568 INFO Iteration 44 finished in 97.68s (real) and 77.20s (process)
2026-08-30 07:52:42.569 INFO Start timestep 2016-07-10 00:00:00+00:00 -> 2016-08-09 00:00:00+00:00
2026-08-30 07:53:08.093 INFO DuckDB memory logs:
  database_name database_size  block_size  ...  wal_size  memory_usage  memory_limit
0   postgres_db       6.2 TiB           0  ...   0 bytes       3.9 GiB     267.0 GiB
1        memory       0 bytes           0  ...   0 bytes       3.9 GiB     267.0 GiB

[2 rows x 9 columns]
2026-08-30 07:53:08.093 INFO Loading data (2016-07-10 00:00:00+00:00 -> 2016-08-09 00:00:00+00:00) done in 25.52s (real) and 19.01s (process)
2026-08-30 07:53:08.093 INFO Memory usage (start of timestep, peak): 38.00 GiB
2026-08-30 07:53:08.093 INFO Memory usage (start of timestep, current): 6.11 GiB
2026-08-30 07:53:08.093 INFO Calculating metrics
2026-08-30 07:53:08.093 INFO Calculating metric: reference_counts_per_domain
2026-08-30 07:53:27.649 INFO [reference_counts_per_domain] Memory snapshot — total: 43.98 MB
  cache_rows: 15.30 MB (251927 entries)
  counts_rows: 28.68 MB (251927 entries)
  total_count: 0.00 MB (N/A entries)
2026-08-30 07:53:27.649 INFO Calculating metric: reference_replacements
Found 25483 prefs in this timestep.
Found 601 clearly dominated domains in this timestep.
Found 52154 clearly dominating domains in this timestep.
Found 51 contested domains in this timestep.
Fraction of references that are clearly dominated: 80.29%
Fraction of references that are clearly dominating: 7.84%
Fraction of references that are contested: 3.01%
Fraction of references in the graph but unclassified: 2.53%
Fraction of references whose domain is not in the graph: 6.33%
--- Fun Facts ----
Number of domains in the graph is 55317 (55051 live)
Number of edges in the graph is 200597 (146781 accepted)
edge density of the reference replacement graph: 0.0001
Average degree is 7.25 (preference graph: 5.33)
Relevance weight cutoff: 1.0 (kept 73.17% of edges)
DOI node is not in graph
ISBN node is not in graph
DOI count: 142.0
ISBN count: 0.0
Sessions concluded this step: 1643331 (avg size 1.99, cumulative avg 2.03)
Recycling:
  Recycled mass this step: 207.0
  Recycled mass cumulative: 2687.0
  Tombstoned domains this step: 266
2026-08-30 07:53:58.455 INFO [reference_replacements.calculate] total=30.81s query=1.91s derive=5.74s elicit=22.26s graph=0.08s mark_edges=0.03s scc=0.02s classify=0.12s score=0.09s write=0.36s rebuttal_searches=84 rebuttal_skipped=237
2026-08-30 07:53:59.477 INFO [reference_replacements] Memory snapshot — total: 107.23 MB
  reference_graph: 33.79 MB (55317 entries)
  domain_to_vertex: 13.68 MB (55317 entries)
  reusable_vertex_pool: 0.13 MB (266 entries)
  tombstoned_domains: 0.14 MB (266 entries)
  tombstoned_domain_mass: 0.03 MB (266 entries)
  open_session_counts_size: 27.11 MB (46457 entries)
  open_session_last_edit_size: 20.42 MB (46457 entries)
  open_session_edits_size: 11.91 MB (46457 entries)
2026-08-30 07:53:59.478 INFO [reference_replacements.log_memory] total=1.01s tracked=8
2026-08-30 07:53:59.478 INFO Memory usage (end of timestep, peak): 38.00 GiB
2026-08-30 07:53:59.478 INFO Memory usage (end of timestep, current): 7.81 GiB
2026-08-30 07:53:59.478 INFO (Iteration 45) reference_counts_per_domain: real 19.56s | cpu 4.98s
2026-08-30 07:53:59.478 INFO (Iteration 45) reference_replacements: real 31.83s | cpu 34.64s
2026-08-30 07:53:59.478 INFO Iteration 45 finished in 76.91s (real) and 58.63s (process)
2026-08-30 07:53:59.479 INFO Start timestep 2016-08-09 00:00:00+00:00 -> 2016-09-08 00:00:00+00:00
2026-08-30 07:54:56.707 INFO DuckDB memory logs:
  database_name database_size  block_size  ...  wal_size  memory_usage  memory_limit
0   postgres_db       6.2 TiB           0  ...   0 bytes       9.0 GiB     267.0 GiB
1        memory       0 bytes           0  ...   0 bytes       9.0 GiB     267.0 GiB

[2 rows x 9 columns]
2026-08-30 07:54:56.707 INFO Loading data (2016-08-09 00:00:00+00:00 -> 2016-09-08 00:00:00+00:00) done in 57.23s (real) and 42.10s (process)
2026-08-30 07:54:56.707 INFO Memory usage (start of timestep, peak): 38.00 GiB
2026-08-30 07:54:56.708 INFO Memory usage (start of timestep, current): 10.91 GiB
2026-08-30 07:54:56.708 INFO Calculating metrics
2026-08-30 07:54:56.708 INFO Calculating metric: reference_counts_per_domain
2026-08-30 07:55:16.506 INFO [reference_counts_per_domain] Memory snapshot — total: 44.38 MB
  cache_rows: 15.44 MB (254088 entries)
  counts_rows: 28.94 MB (254088 entries)
  total_count: 0.00 MB (N/A entries)
2026-08-30 07:55:16.506 INFO Calculating metric: reference_replacements
Found 114704 prefs in this timestep.
Found 637 clearly dominated domains in this timestep.
Found 52232 clearly dominating domains in this timestep.
Found 54 contested domains in this timestep.
Fraction of references that are clearly dominated: 79.62%
Fraction of references that are clearly dominating: 7.71%
Fraction of references that are contested: 3.04%
Fraction of references in the graph but unclassified: 2.79%
Fraction of references whose domain is not in the graph: 6.84%
--- Fun Facts ----
Number of domains in the graph is 55546 (55312 live)
Number of edges in the graph is 201200 (147003 accepted)
edge density of the reference replacement graph: 0.0001
Average degree is 7.24 (preference graph: 5.32)
Relevance weight cutoff: 1.0 (kept 73.06% of edges)
DOI node is in graph
ISBN node is not in graph
DOI count: 45076.0
ISBN count: 0.0
Sessions concluded this step: 4005053 (avg size 2.31, cumulative avg 2.04)
Recycling:
  Recycled mass this step: 297.0
  Recycled mass cumulative: 2984.0
  Tombstoned domains this step: 234
2026-08-30 07:56:45.379 INFO [reference_replacements.calculate] total=88.87s query=4.69s derive=14.52s elicit=68.55s graph=0.10s mark_edges=0.03s scc=0.02s classify=0.12s score=0.09s write=0.41s rebuttal_searches=87 rebuttal_skipped=258
2026-08-30 07:56:48.545 INFO [reference_replacements] Memory snapshot — total: 223.11 MB
  reference_graph: 33.90 MB (55546 entries)
  domain_to_vertex: 13.73 MB (55546 entries)
  reusable_vertex_pool: 0.13 MB (234 entries)
  tombstoned_domains: 0.14 MB (234 entries)
  tombstoned_domain_mass: 0.03 MB (234 entries)
  open_session_counts_size: 86.93 MB (193107 entries)
  open_session_last_edit_size: 61.80 MB (193107 entries)
  open_session_edits_size: 26.44 MB (193107 entries)
2026-08-30 07:56:48.545 INFO [reference_replacements.log_memory] total=3.14s tracked=8
2026-08-30 07:56:48.545 INFO Memory usage (end of timestep, peak): 38.00 GiB
2026-08-30 07:56:48.545 INFO Memory usage (end of timestep, current): 12.91 GiB
2026-08-30 07:56:48.545 INFO (Iteration 46) reference_counts_per_domain: real 19.80s | cpu 5.67s
2026-08-30 07:56:48.545 INFO (Iteration 46) reference_replacements: real 92.04s | cpu 99.07s
2026-08-30 07:56:48.545 INFO Iteration 46 finished in 169.07s (real) and 146.85s (process)
2026-08-30 07:56:48.546 INFO Start timestep 2016-09-08 00:00:00+00:00 -> 2016-10-08 00:00:00+00:00
2026-08-30 07:58:12.101 INFO DuckDB memory logs:
  database_name database_size  block_size  ...  wal_size  memory_usage  memory_limit
0   postgres_db       6.2 TiB           0  ...   0 bytes      12.5 GiB     267.0 GiB
1        memory       0 bytes           0  ...   0 bytes      12.5 GiB     267.0 GiB

[2 rows x 9 columns]
2026-08-30 07:58:12.102 INFO Loading data (2016-09-08 00:00:00+00:00 -> 2016-10-08 00:00:00+00:00) done in 83.56s (real) and 61.26s (process)
2026-08-30 07:58:12.102 INFO Memory usage (start of timestep, peak): 38.00 GiB
2026-08-30 07:58:12.103 INFO Memory usage (start of timestep, current): 14.44 GiB
2026-08-30 07:58:12.103 INFO Calculating metrics
2026-08-30 07:58:12.103 INFO Calculating metric: reference_counts_per_domain
2026-08-30 07:58:32.798 INFO [reference_counts_per_domain] Memory snapshot — total: 45.50 MB
  cache_rows: 15.83 MB (260145 entries)
  counts_rows: 29.67 MB (260145 entries)
  total_count: 0.00 MB (N/A entries)
2026-08-30 07:58:32.798 INFO Calculating metric: reference_replacements
Found 230948 prefs in this timestep.
Found 687 clearly dominated domains in this timestep.
Found 52395 clearly dominating domains in this timestep.
Found 66 contested domains in this timestep.
Fraction of references that are clearly dominated: 78.21%
Fraction of references that are clearly dominating: 7.68%
Fraction of references that are contested: 3.35%
Fraction of references in the graph but unclassified: 3.19%
Fraction of references whose domain is not in the graph: 7.56%
--- Fun Facts ----
Number of domains in the graph is 56127 (55745 live)
Number of edges in the graph is 202701 (147533 accepted)
edge density of the reference replacement graph: 0.0001
Average degree is 7.22 (preference graph: 5.29)
Relevance weight cutoff: 1.0 (kept 72.78% of edges)
DOI node is in graph
ISBN node is not in graph
DOI count: 45107.0
ISBN count: 0.0
Sessions concluded this step: 4289352 (avg size 2.22, cumulative avg 2.04)
Recycling:
  Recycled mass this step: 252.0
  Recycled mass cumulative: 3236.0
  Tombstoned domains this step: 382
2026-08-30 08:01:31.800 INFO [reference_replacements.calculate] total=179.00s query=8.61s derive=20.58s elicit=148.43s graph=0.32s mark_edges=0.03s scc=0.02s classify=0.14s score=0.09s write=0.40s rebuttal_searches=115 rebuttal_skipped=271
2026-08-30 08:01:54.230 INFO [reference_replacements] Memory snapshot — total: 1139.98 MB
  reference_graph: 34.19 MB (56127 entries)
  domain_to_vertex: 13.86 MB (56127 entries)
  reusable_vertex_pool: 0.14 MB (382 entries)
  tombstoned_domains: 0.15 MB (382 entries)
  tombstoned_domain_mass: 0.04 MB (382 entries)
  open_session_counts_size: 599.70 MB (1136396 entries)
  open_session_last_edit_size: 349.99 MB (1136396 entries)
  open_session_edits_size: 141.91 MB (1136396 entries)
2026-08-30 08:01:54.230 INFO [reference_replacements.log_memory] total=22.41s tracked=8
2026-08-30 08:01:54.230 INFO Memory usage (end of timestep, peak): 38.00 GiB
2026-08-30 08:01:54.230 INFO Memory usage (end of timestep, current): 17.06 GiB
2026-08-30 08:01:54.230 INFO (Iteration 47) reference_counts_per_domain: real 20.70s | cpu 8.90s
2026-08-30 08:01:54.230 INFO (Iteration 47) reference_replacements: real 201.43s | cpu 213.43s
2026-08-30 08:01:54.230 INFO Iteration 47 finished in 305.68s (real) and 283.58s (process)
2026-08-30 08:01:54.245 INFO Start timestep 2016-10-08 00:00:00+00:00 -> 2016-11-07 00:00:00+00:00
2026-08-30 08:04:48.511 INFO DuckDB memory logs:
  database_name database_size  block_size  ...  wal_size  memory_usage  memory_limit
0   postgres_db       6.2 TiB           0  ...   0 bytes      27.8 GiB     267.0 GiB
1        memory       0 bytes           0  ...   0 bytes      27.8 GiB     267.0 GiB

[2 rows x 9 columns]
2026-08-30 08:04:48.512 INFO Loading data (2016-10-08 00:00:00+00:00 -> 2016-11-07 00:00:00+00:00) done in 174.27s (real) and 131.07s (process)
2026-08-30 08:04:48.512 INFO Memory usage (start of timestep, peak): 38.00 GiB
2026-08-30 08:04:48.513 INFO Memory usage (start of timestep, current): 29.90 GiB
2026-08-30 08:04:48.513 INFO Calculating metrics
2026-08-30 08:04:48.513 INFO Calculating metric: reference_counts_per_domain
2026-08-30 08:05:11.719 INFO [reference_counts_per_domain] Memory snapshot — total: 45.35 MB
  cache_rows: 15.78 MB (260714 entries)
  counts_rows: 29.57 MB (260714 entries)
  total_count: 0.00 MB (N/A entries)
2026-08-30 08:05:11.719 INFO Calculating metric: reference_replacements
Found 894542 prefs in this timestep.
Found 759 clearly dominated domains in this timestep.
Found 52688 clearly dominating domains in this timestep.
Found 74 contested domains in this timestep.
Fraction of references that are clearly dominated: 79.18%
Fraction of references that are clearly dominating: 9.16%
Fraction of references that are contested: 3.62%
Fraction of references in the graph but unclassified: 2.58%
Fraction of references whose domain is not in the graph: 5.45%
--- Fun Facts ----
Number of domains in the graph is 116149 (114757 live)
Number of edges in the graph is 350378 (148262 accepted)
edge density of the reference replacement graph: 0.0000
Average degree is 6.03 (preference graph: 2.58)
Relevance weight cutoff: 1.0 (kept 42.31% of edges)
DOI node is in graph
ISBN node is not in graph
DOI count: 58727.0
ISBN count: 0.0
Sessions concluded this step: 11368096 (avg size 2.87, cumulative avg 2.12)
Recycling:
  Recycled mass this step: 412.0
  Recycled mass cumulative: 3648.0
  Tombstoned domains this step: 1392
2026-08-30 08:10:21.780 INFO [reference_replacements.calculate] total=310.06s query=19.93s derive=53.59s elicit=232.75s graph=2.20s mark_edges=0.04s scc=0.05s classify=0.21s score=0.12s write=0.40s rebuttal_searches=120 rebuttal_skipped=303
2026-08-30 08:10:30.750 INFO [reference_replacements] Memory snapshot — total: 655.53 MB
  reference_graph: 61.44 MB (116149 entries)
  domain_to_vertex: 28.52 MB (116149 entries)
  reusable_vertex_pool: 0.17 MB (1392 entries)
  tombstoned_domains: 0.20 MB (1392 entries)
  tombstoned_domain_mass: 0.15 MB (1392 entries)
  open_session_counts_size: 279.94 MB (440000 entries)
  open_session_last_edit_size: 182.83 MB (440000 entries)
  open_session_edits_size: 102.27 MB (440000 entries)
2026-08-30 08:10:30.751 INFO [reference_replacements.log_memory] total=8.92s tracked=8
2026-08-30 08:10:30.751 INFO Memory usage (end of timestep, peak): 49.70 GiB
2026-08-30 08:10:30.751 INFO Memory usage (end of timestep, current): 30.77 GiB
2026-08-30 08:10:30.751 INFO (Iteration 48) reference_counts_per_domain: real 23.21s | cpu 18.22s
2026-08-30 08:10:30.751 INFO (Iteration 48) reference_replacements: real 319.03s | cpu 348.46s
2026-08-30 08:10:30.751 INFO Iteration 48 finished in 516.51s (real) and 497.74s (process)
2026-08-30 08:10:30.763 INFO Start timestep 2016-11-07 00:00:00+00:00 -> 2016-12-07 00:00:00+00:00
2026-08-30 08:13:34.065 INFO DuckDB memory logs:
  database_name database_size  block_size  ...  wal_size  memory_usage  memory_limit
0   postgres_db       6.2 TiB           0  ...   0 bytes      27.5 GiB     267.0 GiB
1        memory       0 bytes           0  ...   0 bytes      27.5 GiB     267.0 GiB

[2 rows x 9 columns]
2026-08-30 08:13:34.065 INFO Loading data (2016-11-07 00:00:00+00:00 -> 2016-12-07 00:00:00+00:00) done in 183.30s (real) and 137.51s (process)
2026-08-30 08:13:34.066 INFO Memory usage (start of timestep, peak): 49.70 GiB
2026-08-30 08:13:34.066 INFO Memory usage (start of timestep, current): 30.04 GiB
2026-08-30 08:13:34.066 INFO Calculating metrics
2026-08-30 08:13:34.066 INFO Calculating metric: reference_counts_per_domain
2026-08-30 08:13:59.591 INFO [reference_counts_per_domain] Memory snapshot — total: 47.65 MB
  cache_rows: 16.58 MB (273322 entries)
  counts_rows: 31.07 MB (273322 entries)
  total_count: 0.00 MB (N/A entries)
2026-08-30 08:13:59.591 INFO Calculating metric: reference_replacements
Found 1000619 prefs in this timestep.
Found 793 clearly dominated domains in this timestep.
Found 58968 clearly dominating domains in this timestep.
Found 67 contested domains in this timestep.
Fraction of references that are clearly dominated: 79.33%
Fraction of references that are clearly dominating: 10.22%
Fraction of references that are contested: 1.48%
Fraction of references in the graph but unclassified: 2.96%
Fraction of references whose domain is not in the graph: 6.01%
--- Fun Facts ----
Number of domains in the graph is 135112 (129573 live)
Number of edges in the graph is 384620 (155003 accepted)
edge density of the reference replacement graph: 0.0000
Average degree is 5.69 (preference graph: 2.39)
Relevance weight cutoff: 1.0 (kept 40.30% of edges)
DOI node is in graph
ISBN node is not in graph
DOI count: 53902.0
ISBN count: 0.0
Sessions concluded this step: 9738382 (avg size 3.31, cumulative avg 2.21)
Recycling:
  Recycled mass this step: 296.0
  Recycled mass cumulative: 3944.0
  Tombstoned domains this step: 5539
2026-08-30 08:19:22.558 INFO [reference_replacements.calculate] total=322.97s query=21.46s derive=56.97s elicit=241.87s graph=0.99s mark_edges=0.05s scc=0.06s classify=0.23s score=0.12s write=0.40s rebuttal_searches=110 rebuttal_skipped=333
2026-08-30 08:19:37.285 INFO [reference_replacements] Memory snapshot — total: 912.10 MB
  reference_graph: 68.37 MB (135112 entries)
  domain_to_vertex: 32.65 MB (135112 entries)
  reusable_vertex_pool: 0.67 MB (5539 entries)
  tombstoned_domains: 0.55 MB (5539 entries)
  tombstoned_domain_mass: 0.62 MB (5539 entries)
  open_session_counts_size: 424.23 MB (701934 entries)
  open_session_last_edit_size: 256.78 MB (701934 entries)
  open_session_edits_size: 128.25 MB (701934 entries)
2026-08-30 08:19:37.285 INFO [reference_replacements.log_memory] total=14.68s tracked=8
2026-08-30 08:19:37.285 INFO Memory usage (end of timestep, peak): 50.58 GiB
2026-08-30 08:19:37.285 INFO Memory usage (end of timestep, current): 31.58 GiB
2026-08-30 08:19:37.285 INFO (Iteration 49) reference_counts_per_domain: real 25.52s | cpu 19.75s
2026-08-30 08:19:37.285 INFO (Iteration 49) reference_replacements: real 337.69s | cpu 369.48s
2026-08-30 08:19:37.285 INFO Iteration 49 finished in 546.52s (real) and 526.74s (process)
2026-08-30 08:19:37.298 INFO Start timestep 2016-12-07 00:00:00+00:00 -> 2017-01-06 00:00:00+00:00
2026-08-30 08:21:56.595 INFO DuckDB memory logs:
  database_name database_size  block_size  ...  wal_size  memory_usage  memory_limit
0   postgres_db       6.2 TiB           0  ...   0 bytes      21.5 GiB     267.0 GiB
1        memory       0 bytes           0  ...   0 bytes      21.5 GiB     267.0 GiB

[2 rows x 9 columns]
2026-08-30 08:21:56.596 INFO Loading data (2016-12-07 00:00:00+00:00 -> 2017-01-06 00:00:00+00:00) done in 139.30s (real) and 104.67s (process)
2026-08-30 08:21:56.596 INFO Memory usage (start of timestep, peak): 50.58 GiB
2026-08-30 08:21:56.596 INFO Memory usage (start of timestep, current): 24.89 GiB
2026-08-30 08:21:56.596 INFO Calculating metrics
2026-08-30 08:21:56.596 INFO Calculating metric: reference_counts_per_domain
2026-08-30 08:22:24.445 INFO [reference_counts_per_domain] Memory snapshot — total: 54.67 MB
  cache_rows: 19.02 MB (312199 entries)
  counts_rows: 35.65 MB (312199 entries)
  total_count: 0.00 MB (N/A entries)
2026-08-30 08:22:24.446 INFO Calculating metric: reference_replacements
Found 1029932 prefs in this timestep.
Found 13250 clearly dominated domains in this timestep.
Found 42706 clearly dominating domains in this timestep.
Found 5628 contested domains in this timestep.
Fraction of references that are clearly dominated: 78.97%
Fraction of references that are clearly dominating: 9.86%
Fraction of references that are contested: 1.53%
Fraction of references in the graph but unclassified: 3.07%
Fraction of references whose domain is not in the graph: 6.57%
--- Fun Facts ----
Number of domains in the graph is 135479 (131989 live)
Number of edges in the graph is 423009 (190630 accepted)
edge density of the reference replacement graph: 0.0000
Average degree is 6.24 (preference graph: 2.89)
Relevance weight cutoff: 1.0 (kept 45.07% of edges)
DOI node is in graph
ISBN node is in graph
DOI count: 56929.0
ISBN count: 0.0
Sessions concluded this step: 7876457 (avg size 3.37, cumulative avg 2.28)
Recycling:
  Recycled mass this step: 7789.0
  Recycled mass cumulative: 11733.0
  Tombstoned domains this step: 3490
2026-08-30 08:26:47.485 INFO [reference_replacements.calculate] total=263.04s query=18.42s derive=45.74s elicit=192.21s graph=1.15s mark_edges=0.07s scc=0.06s classify=4.09s score=0.14s write=0.45s rebuttal_searches=5671 rebuttal_skipped=11348
2026-08-30 08:27:04.280 INFO [reference_replacements] Memory snapshot — total: 908.70 MB
  reference_graph: 73.58 MB (135479 entries)
  domain_to_vertex: 32.71 MB (135479 entries)
  reusable_vertex_pool: 0.61 MB (3490 entries)
  tombstoned_domains: 0.43 MB (3490 entries)
  tombstoned_domain_mass: 0.46 MB (3490 entries)
  open_session_counts_size: 491.89 MB (503143 entries)
  open_session_last_edit_size: 200.57 MB (503143 entries)
  open_session_edits_size: 108.45 MB (503143 entries)
2026-08-30 08:27:04.280 INFO [reference_replacements.log_memory] total=16.74s tracked=8
2026-08-30 08:27:04.280 INFO Memory usage (end of timestep, peak): 50.58 GiB
2026-08-30 08:27:04.280 INFO Memory usage (end of timestep, current): 26.84 GiB
2026-08-30 08:27:04.280 INFO (Iteration 50) reference_counts_per_domain: real 27.85s | cpu 16.24s
2026-08-30 08:27:04.280 INFO (Iteration 50) reference_replacements: real 279.83s | cpu 304.69s
2026-08-30 08:27:04.280 INFO Iteration 50 finished in 446.98s (real) and 425.61s (process)
2026-08-30 08:27:04.292 INFO Start timestep 2017-01-06 00:00:00+00:00 -> 2017-02-05 00:00:00+00:00
2026-08-30 08:30:13.181 INFO DuckDB memory logs:
  database_name database_size  block_size  ...  wal_size  memory_usage  memory_limit
0   postgres_db       6.2 TiB           0  ...   0 bytes      30.0 GiB     267.0 GiB
1        memory       0 bytes           0  ...   0 bytes      30.0 GiB     267.0 GiB

[2 rows x 9 columns]
2026-08-30 08:30:13.182 INFO Loading data (2017-01-06 00:00:00+00:00 -> 2017-02-05 00:00:00+00:00) done in 188.89s (real) and 142.51s (process)
2026-08-30 08:30:13.182 INFO Memory usage (start of timestep, peak): 50.58 GiB
2026-08-30 08:30:13.182 INFO Memory usage (start of timestep, current): 32.91 GiB
2026-08-30 08:30:13.183 INFO Calculating metrics
2026-08-30 08:30:13.183 INFO Calculating metric: reference_counts_per_domain
2026-08-30 08:30:44.429 INFO [reference_counts_per_domain] Memory snapshot — total: 59.03 MB
  cache_rows: 20.53 MB (336376 entries)
  counts_rows: 38.50 MB (336376 entries)
  total_count: 0.00 MB (N/A entries)
2026-08-30 08:30:44.429 INFO Calculating metric: reference_replacements
Found 7630699 prefs in this timestep.
Found 37666 clearly dominated domains in this timestep.
Found 66549 clearly dominating domains in this timestep.
Found 762 contested domains in this timestep.
Fraction of references that are clearly dominated: 79.53%
Fraction of references that are clearly dominating: 9.42%
Fraction of references that are contested: 1.42%
Fraction of references in the graph but unclassified: 2.71%
Fraction of references whose domain is not in the graph: 6.92%
--- Fun Facts ----
Number of domains in the graph is 184091 (162932 live)
Number of edges in the graph is 775947 (437618 accepted)
edge density of the reference replacement graph: 0.0000
Average degree is 8.43 (preference graph: 5.37)
Relevance weight cutoff: 1.0 (kept 56.40% of edges)
DOI node is in graph
ISBN node is not in graph
DOI count: 57667.0
ISBN count: 0.0
Sessions concluded this step: 11245570 (avg size 3.32, cumulative avg 2.36)
Recycling:
  Recycled mass this step: 4820.0
  Recycled mass cumulative: 16553.0
  Tombstoned domains this step: 21159
2026-08-30 08:35:51.451 INFO [reference_replacements.calculate] total=307.02s query=21.05s derive=60.08s elicit=217.59s graph=5.41s mark_edges=0.13s scc=0.09s classify=1.06s score=0.21s write=0.50s rebuttal_searches=804 rebuttal_skipped=26427
2026-08-30 08:35:54.367 INFO [reference_replacements] Memory snapshot — total: 434.95 MB
  reference_graph: 127.01 MB (184091 entries)
  domain_to_vertex: 47.09 MB (184091 entries)
  reusable_vertex_pool: 1.65 MB (21159 entries)
  tombstoned_domains: 3.13 MB (21159 entries)
  tombstoned_domain_mass: 2.01 MB (21159 entries)
  open_session_counts_size: 99.25 MB (98548 entries)
  open_session_last_edit_size: 86.43 MB (98548 entries)
  open_session_edits_size: 68.38 MB (98548 entries)
2026-08-30 08:35:54.368 INFO [reference_replacements.log_memory] total=2.66s tracked=8
2026-08-30 08:35:54.368 INFO Memory usage (end of timestep, peak): 53.10 GiB
2026-08-30 08:35:54.368 INFO Memory usage (end of timestep, current): 32.58 GiB
2026-08-30 08:35:54.368 INFO (Iteration 51) reference_counts_per_domain: real 31.25s | cpu 20.46s
2026-08-30 08:35:54.368 INFO (Iteration 51) reference_replacements: real 309.94s | cpu 342.10s
2026-08-30 08:35:54.368 INFO Iteration 51 finished in 530.08s (real) and 505.07s (process)
2026-08-30 08:35:54.379 INFO Start timestep 2017-02-05 00:00:00+00:00 -> 2017-03-07 00:00:00+00:00
2026-08-30 08:37:32.074 INFO DuckDB memory logs:
  database_name database_size  block_size  ...  wal_size  memory_usage  memory_limit
0   postgres_db       6.2 TiB           0  ...   0 bytes      15.4 GiB     267.0 GiB
1        memory       0 bytes           0  ...   0 bytes      15.4 GiB     267.0 GiB

[2 rows x 9 columns]
2026-08-30 08:37:32.075 INFO Loading data (2017-02-05 00:00:00+00:00 -> 2017-03-07 00:00:00+00:00) done in 97.70s (real) and 73.22s (process)
2026-08-30 08:37:32.075 INFO Memory usage (start of timestep, peak): 53.10 GiB
2026-08-30 08:37:32.075 INFO Memory usage (start of timestep, current): 18.43 GiB
2026-08-30 08:37:32.075 INFO Calculating metrics
2026-08-30 08:37:32.075 INFO Calculating metric: reference_counts_per_domain
2026-08-30 08:37:59.572 INFO [reference_counts_per_domain] Memory snapshot — total: 60.07 MB
  cache_rows: 20.89 MB (342077 entries)
  counts_rows: 39.17 MB (342077 entries)
  total_count: 0.00 MB (N/A entries)
2026-08-30 08:37:59.572 INFO Calculating metric: reference_replacements
Found 566779 prefs in this timestep.
Found 39241 clearly dominated domains in this timestep.
Found 68927 clearly dominating domains in this timestep.
Found 752 contested domains in this timestep.
Fraction of references that are clearly dominated: 79.16%
Fraction of references that are clearly dominating: 9.60%
Fraction of references that are contested: 0.93%
Fraction of references in the graph but unclassified: 2.75%
Fraction of references whose domain is not in the graph: 7.56%
--- Fun Facts ----
Number of domains in the graph is 184091 (178880 live)
Number of edges in the graph is 821634 (463620 accepted)
edge density of the reference replacement graph: 0.0000
Average degree is 8.93 (preference graph: 5.18)
Relevance weight cutoff: 1.0 (kept 56.43% of edges)
DOI node is in graph
ISBN node is not in graph
DOI count: 57627.0
ISBN count: 0.0
Sessions concluded this step: 5584194 (avg size 2.31, cumulative avg 2.36)
Recycling:
  Recycled mass this step: 25023.0
  Recycled mass cumulative: 41576.0
  Tombstoned domains this step: 937
2026-08-30 08:40:00.629 INFO [reference_replacements.calculate] total=121.06s query=10.17s derive=22.40s elicit=81.72s graph=4.26s mark_edges=0.16s scc=0.09s classify=1.17s score=0.24s write=0.43s rebuttal_searches=792 rebuttal_skipped=29605
2026-08-30 08:40:03.114 INFO [reference_replacements] Memory snapshot — total: 278.52 MB
  reference_graph: 133.16 MB (184091 entries)
  domain_to_vertex: 46.97 MB (184091 entries)
  reusable_vertex_pool: 1.16 MB (5211 entries)
  tombstoned_domains: 2.28 MB (5211 entries)
  tombstoned_domain_mass: 0.60 MB (5211 entries)
  open_session_counts_size: 45.01 MB (91123 entries)
  open_session_last_edit_size: 33.02 MB (91123 entries)
  open_session_edits_size: 16.33 MB (91123 entries)
2026-08-30 08:40:03.114 INFO [reference_replacements.log_memory] total=2.44s tracked=8
2026-08-30 08:40:03.114 INFO Memory usage (end of timestep, peak): 53.10 GiB
2026-08-30 08:40:03.114 INFO Memory usage (end of timestep, current): 21.99 GiB
2026-08-30 08:40:03.115 INFO (Iteration 52) reference_counts_per_domain: real 27.50s | cpu 11.17s
2026-08-30 08:40:03.115 INFO (Iteration 52) reference_replacements: real 123.54s | cpu 138.51s
2026-08-30 08:40:03.115 INFO Iteration 52 finished in 248.74s (real) and 222.90s (process)
2026-08-30 08:40:03.116 INFO Start timestep 2017-03-07 00:00:00+00:00 -> 2017-04-06 00:00:00+00:00
2026-08-30 08:41:03.451 INFO DuckDB memory logs:
  database_name database_size  block_size  ...  wal_size  memory_usage  memory_limit
0   postgres_db       6.2 TiB           0  ...   0 bytes       9.2 GiB     267.0 GiB
1        memory       0 bytes           0  ...   0 bytes       9.2 GiB     267.0 GiB

[2 rows x 9 columns]
2026-08-30 08:41:03.451 INFO Loading data (2017-03-07 00:00:00+00:00 -> 2017-04-06 00:00:00+00:00) done in 60.33s (real) and 44.80s (process)
2026-08-30 08:41:03.451 INFO Memory usage (start of timestep, peak): 53.10 GiB
2026-08-30 08:41:03.452 INFO Memory usage (start of timestep, current): 12.21 GiB
2026-08-30 08:41:03.452 INFO Calculating metrics
2026-08-30 08:41:03.452 INFO Calculating metric: reference_counts_per_domain
2026-08-30 08:41:32.262 INFO [reference_counts_per_domain] Memory snapshot — total: 60.80 MB
  cache_rows: 21.15 MB (346070 entries)
  counts_rows: 39.66 MB (346070 entries)
  total_count: 0.00 MB (N/A entries)
2026-08-30 08:41:32.262 INFO Calculating metric: reference_replacements
Found 2284843 prefs in this timestep.
Found 40849 clearly dominated domains in this timestep.
Found 67988 clearly dominating domains in this timestep.
Found 735 contested domains in this timestep.
Fraction of references that are clearly dominated: 82.03%
Fraction of references that are clearly dominating: 9.00%
Fraction of references that are contested: 1.21%
Fraction of references in the graph but unclassified: 3.06%
Fraction of references whose domain is not in the graph: 4.70%
--- Fun Facts ----
Number of domains in the graph is 184091 (180911 live)
Number of edges in the graph is 833684 (471086 accepted)
edge density of the reference replacement graph: 0.0000
Average degree is 9.06 (preference graph: 5.21)
Relevance weight cutoff: 1.0 (kept 56.51% of edges)
DOI node is in graph
ISBN node is not in graph
DOI count: 57552.0
ISBN count: 0.0
Sessions concluded this step: 4016201 (avg size 2.86, cumulative avg 2.37)
Recycling:
  Recycled mass this step: 4082.0
  Recycled mass cumulative: 45658.0
  Tombstoned domains this step: 895
2026-08-30 08:43:23.448 INFO [reference_replacements.calculate] total=111.19s query=7.10s derive=20.51s elicit=79.78s graph=1.22s mark_edges=0.17s scc=0.10s classify=1.25s score=0.23s write=0.48s rebuttal_searches=777 rebuttal_skipped=30202
2026-08-30 08:43:29.143 INFO [reference_replacements] Memory snapshot — total: 441.79 MB
  reference_graph: 134.78 MB (184091 entries)
  domain_to_vertex: 46.97 MB (184091 entries)
  reusable_vertex_pool: 1.10 MB (3180 entries)
  tombstoned_domains: 2.17 MB (3180 entries)
  tombstoned_domain_mass: 0.44 MB (3180 entries)
  open_session_counts_size: 141.46 MB (224421 entries)
  open_session_last_edit_size: 77.99 MB (224421 entries)
  open_session_edits_size: 36.90 MB (224421 entries)
2026-08-30 08:43:29.144 INFO [reference_replacements.log_memory] total=5.61s tracked=8
2026-08-30 08:43:29.144 INFO Memory usage (end of timestep, peak): 53.10 GiB
2026-08-30 08:43:29.144 INFO Memory usage (end of timestep, current): 17.00 GiB
2026-08-30 08:43:29.144 INFO (Iteration 53) reference_counts_per_domain: real 28.81s | cpu 9.85s
2026-08-30 08:43:29.144 INFO (Iteration 53) reference_replacements: real 116.88s | cpu 126.78s
2026-08-30 08:43:29.144 INFO Iteration 53 finished in 206.03s (real) and 181.43s (process)
2026-08-30 08:43:29.148 INFO Start timestep 2017-04-06 00:00:00+00:00 -> 2017-05-06 00:00:00+00:00
2026-08-30 08:44:56.725 INFO DuckDB memory logs:
  database_name database_size  block_size  ...  wal_size  memory_usage  memory_limit
0   postgres_db       6.2 TiB           0  ...   0 bytes      13.2 GiB     267.0 GiB
1        memory       0 bytes           0  ...   0 bytes      13.2 GiB     267.0 GiB

[2 rows x 9 columns]
2026-08-30 08:44:56.726 INFO Loading data (2017-04-06 00:00:00+00:00 -> 2017-05-06 00:00:00+00:00) done in 87.58s (real) and 64.79s (process)
2026-08-30 08:44:56.726 INFO Memory usage (start of timestep, peak): 53.10 GiB
2026-08-30 08:44:56.726 INFO Memory usage (start of timestep, current): 16.46 GiB
2026-08-30 08:44:56.726 INFO Calculating metrics
2026-08-30 08:44:56.726 INFO Calculating metric: reference_counts_per_domain
2026-08-30 08:45:26.581 INFO [reference_counts_per_domain] Memory snapshot — total: 61.98 MB
  cache_rows: 21.56 MB (352594 entries)
  counts_rows: 40.42 MB (352594 entries)
  total_count: 0.00 MB (N/A entries)
2026-08-30 08:45:26.581 INFO Calculating metric: reference_replacements
Found 1841424 prefs in this timestep.
Found 42237 clearly dominated domains in this timestep.
Found 68035 clearly dominating domains in this timestep.
Found 328 contested domains in this timestep.
Fraction of references that are clearly dominated: 81.32%
Fraction of references that are clearly dominating: 8.51%
Fraction of references that are contested: 1.51%
Fraction of references in the graph but unclassified: 4.18%
Fraction of references whose domain is not in the graph: 4.48%
--- Fun Facts ----
Number of domains in the graph is 184091 (182565 live)
Number of edges in the graph is 845314 (475370 accepted)
edge density of the reference replacement graph: 0.0000
Average degree is 9.18 (preference graph: 5.21)
Relevance weight cutoff: 1.0 (kept 56.24% of edges)
DOI node is in graph
ISBN node is not in graph
DOI count: 57338.0
ISBN count: 0.0
Sessions concluded this step: 5849171 (avg size 2.22, cumulative avg 2.37)
Recycling:
  Recycled mass this step: 3937.0
  Recycled mass cumulative: 49595.0
  Tombstoned domains this step: 1189
2026-08-30 08:49:34.100 INFO [reference_replacements.calculate] total=247.52s query=9.44s derive=25.53s elicit=208.94s graph=1.26s mark_edges=0.17s scc=0.10s classify=0.83s score=0.25s write=0.55s rebuttal_searches=371 rebuttal_skipped=30800
2026-08-30 08:50:01.303 INFO [reference_replacements] Memory snapshot — total: 1670.74 MB
  reference_graph: 136.34 MB (184091 entries)
  domain_to_vertex: 46.96 MB (184091 entries)
  reusable_vertex_pool: 1.05 MB (1526 entries)
  tombstoned_domains: 2.08 MB (1526 entries)
  tombstoned_domain_mass: 0.31 MB (1526 entries)
  open_session_counts_size: 749.05 MB (1619351 entries)
  open_session_last_edit_size: 515.73 MB (1619351 entries)
  open_session_edits_size: 219.22 MB (1619351 entries)
2026-08-30 08:50:01.303 INFO [reference_replacements.log_memory] total=27.13s tracked=8
2026-08-30 08:50:01.304 INFO Memory usage (end of timestep, peak): 53.10 GiB
2026-08-30 08:50:01.304 INFO Memory usage (end of timestep, current): 21.14 GiB
2026-08-30 08:50:01.304 INFO (Iteration 54) reference_counts_per_domain: real 29.86s | cpu 12.91s
2026-08-30 08:50:01.304 INFO (Iteration 54) reference_replacements: real 274.72s | cpu 288.28s
2026-08-30 08:50:01.304 INFO Iteration 54 finished in 392.16s (real) and 365.98s (process)
2026-08-30 08:50:01.316 INFO Start timestep 2017-05-06 00:00:00+00:00 -> 2017-06-05 00:00:00+00:00
2026-08-30 08:51:55.474 INFO DuckDB memory logs:
  database_name database_size  block_size  ...  wal_size  memory_usage  memory_limit
0   postgres_db       6.2 TiB           0  ...   0 bytes      17.4 GiB     267.0 GiB
1        memory       0 bytes           0  ...   0 bytes      17.4 GiB     267.0 GiB

[2 rows x 9 columns]
2026-08-30 08:51:55.475 INFO Loading data (2017-05-06 00:00:00+00:00 -> 2017-06-05 00:00:00+00:00) done in 114.16s (real) and 85.02s (process)
2026-08-30 08:51:55.475 INFO Memory usage (start of timestep, peak): 53.10 GiB
2026-08-30 08:51:55.475 INFO Memory usage (start of timestep, current): 20.92 GiB
2026-08-30 08:51:55.475 INFO Calculating metrics
2026-08-30 08:51:55.476 INFO Calculating metric: reference_counts_per_domain
2026-08-30 08:52:27.174 INFO [reference_counts_per_domain] Memory snapshot — total: 67.08 MB
  cache_rows: 23.33 MB (381825 entries)
  counts_rows: 43.75 MB (381825 entries)
  total_count: 0.00 MB (N/A entries)
2026-08-30 08:52:27.174 INFO Calculating metric: reference_replacements
Found 892982 prefs in this timestep.
Found 41626 clearly dominated domains in this timestep.
Found 70436 clearly dominating domains in this timestep.
Found 2905 contested domains in this timestep.
Fraction of references that are clearly dominated: 80.78%
Fraction of references that are clearly dominating: 11.15%
Fraction of references that are contested: 1.55%
Fraction of references in the graph but unclassified: 2.74%
Fraction of references whose domain is not in the graph: 3.78%
--- Fun Facts ----
Number of domains in the graph is 198801 (197265 live)
Number of edges in the graph is 906497 (509827 accepted)
edge density of the reference replacement graph: 0.0000
Average degree is 9.12 (preference graph: 5.17)
Relevance weight cutoff: 1.0 (kept 56.24% of edges)
DOI node is in graph
ISBN node is not in graph
DOI count: 57317.0
ISBN count: 0.0
Sessions concluded this step: 8080388 (avg size 2.03, cumulative avg 2.35)
Recycling:
  Recycled mass this step: 2017.0
  Recycled mass cumulative: 51612.0
  Tombstoned domains this step: 1536
2026-08-30 08:57:37.805 INFO [reference_replacements.calculate] total=310.63s query=14.34s derive=30.45s elicit=237.22s graph=1.57s mark_edges=0.19s scc=0.11s classify=25.48s score=0.31s write=0.46s rebuttal_searches=16891 rebuttal_skipped=15661
2026-08-30 08:58:03.601 INFO [reference_replacements] Memory snapshot — total: 1784.75 MB
  reference_graph: 146.38 MB (198801 entries)
  domain_to_vertex: 50.11 MB (198801 entries)
  reusable_vertex_pool: 1.05 MB (1536 entries)
  tombstoned_domains: 2.08 MB (1536 entries)
  tombstoned_domain_mass: 0.32 MB (1536 entries)
  open_session_counts_size: 773.57 MB (1511643 entries)
  open_session_last_edit_size: 544.02 MB (1511643 entries)
  open_session_edits_size: 267.23 MB (1511643 entries)
2026-08-30 08:58:03.602 INFO [reference_replacements.log_memory] total=25.70s tracked=8
2026-08-30 08:58:03.602 INFO Memory usage (end of timestep, peak): 53.10 GiB
2026-08-30 08:58:03.602 INFO Memory usage (end of timestep, current): 25.20 GiB
2026-08-30 08:58:03.602 INFO (Iteration 55) reference_counts_per_domain: real 31.70s | cpu 15.36s
2026-08-30 08:58:03.602 INFO (Iteration 55) reference_replacements: real 336.43s | cpu 355.49s
2026-08-30 08:58:03.602 INFO Iteration 55 finished in 482.29s (real) and 455.87s (process)
2026-08-30 08:58:03.613 INFO Start timestep 2017-06-05 00:00:00+00:00 -> 2017-07-05 00:00:00+00:00
2026-08-30 09:01:20.491 INFO DuckDB memory logs:
  database_name database_size  block_size  ...  wal_size  memory_usage  memory_limit
0   postgres_db       6.2 TiB           0  ...   0 bytes      30.7 GiB     267.0 GiB
1        memory       0 bytes           0  ...   0 bytes      30.7 GiB     267.0 GiB

[2 rows x 9 columns]
2026-08-30 09:01:20.491 INFO Loading data (2017-06-05 00:00:00+00:00 -> 2017-07-05 00:00:00+00:00) done in 196.88s (real) and 149.76s (process)
2026-08-30 09:01:20.491 INFO Memory usage (start of timestep, peak): 53.10 GiB
2026-08-30 09:01:20.492 INFO Memory usage (start of timestep, current): 34.11 GiB
2026-08-30 09:01:20.492 INFO Calculating metrics
2026-08-30 09:01:20.492 INFO Calculating metric: reference_counts_per_domain
2026-08-30 09:01:54.235 INFO [reference_counts_per_domain] Memory snapshot — total: 68.76 MB
  cache_rows: 23.92 MB (391361 entries)
  counts_rows: 44.85 MB (391361 entries)
  total_count: 0.00 MB (N/A entries)
2026-08-30 09:01:54.235 INFO Calculating metric: reference_replacements
Found 1286262 prefs in this timestep.
Found 44911 clearly dominated domains in this timestep.
Found 120687 clearly dominating domains in this timestep.
Found 110 contested domains in this timestep.
Fraction of references that are clearly dominated: 77.66%
Fraction of references that are clearly dominating: 15.02%
Fraction of references that are contested: 1.24%
Fraction of references in the graph but unclassified: 2.73%
Fraction of references whose domain is not in the graph: 3.35%
--- Fun Facts ----
Number of domains in the graph is 252923 (252273 live)
Number of edges in the graph is 1031113 (625358 accepted)
edge density of the reference replacement graph: 0.0000
Average degree is 8.15 (preference graph: 4.96)
Relevance weight cutoff: 1.0 (kept 60.65% of edges)
DOI node is in graph
ISBN node is in graph
DOI count: 58069.0
ISBN count: 0.0
Sessions concluded this step: 16254794 (avg size 1.60, cumulative avg 2.28)
Recycling:
  Recycled mass this step: 2360.0
  Recycled mass cumulative: 53972.0
  Tombstoned domains this step: 650
2026-08-30 09:07:39.068 INFO [reference_replacements.calculate] total=344.83s query=20.45s derive=46.35s elicit=272.39s graph=2.99s mark_edges=0.18s scc=0.12s classify=0.75s score=0.37s write=0.54s rebuttal_searches=158 rebuttal_skipped=36744
2026-08-30 09:07:44.974 INFO [reference_replacements] Memory snapshot — total: 804.33 MB
  reference_graph: 169.80 MB (252923 entries)
  domain_to_vertex: 61.67 MB (252923 entries)
  reusable_vertex_pool: 1.02 MB (650 entries)
  tombstoned_domains: 2.04 MB (650 entries)
  tombstoned_domain_mass: 0.25 MB (650 entries)
  open_session_counts_size: 235.81 MB (259833 entries)
  open_session_last_edit_size: 190.66 MB (259833 entries)
  open_session_edits_size: 143.09 MB (259833 entries)
2026-08-30 09:07:44.974 INFO [reference_replacements.log_memory] total=5.81s tracked=8
2026-08-30 09:07:44.974 INFO Memory usage (end of timestep, peak): 54.05 GiB
2026-08-30 09:07:44.975 INFO Memory usage (end of timestep, current): 34.46 GiB
2026-08-30 09:07:44.975 INFO (Iteration 56) reference_counts_per_domain: real 33.74s | cpu 21.26s
2026-08-30 09:07:44.975 INFO (Iteration 56) reference_replacements: real 350.74s | cpu 382.56s
2026-08-30 09:07:44.975 INFO Iteration 56 finished in 581.36s (real) and 553.57s (process)
2026-08-30 09:07:44.988 INFO Start timestep 2017-07-05 00:00:00+00:00 -> 2017-08-04 00:00:00+00:00
2026-08-30 09:12:21.352 INFO DuckDB memory logs:
  database_name database_size  block_size  ...  wal_size  memory_usage  memory_limit
0   postgres_db       6.2 TiB           0  ...   0 bytes      43.6 GiB     267.0 GiB
1        memory       0 bytes           0  ...   0 bytes      43.6 GiB     267.0 GiB

[2 rows x 9 columns]
2026-08-30 09:12:21.352 INFO Loading data (2017-07-05 00:00:00+00:00 -> 2017-08-04 00:00:00+00:00) done in 276.36s (real) and 211.56s (process)
2026-08-30 09:12:21.353 INFO Memory usage (start of timestep, peak): 54.05 GiB
2026-08-30 09:12:21.353 INFO Memory usage (start of timestep, current): 46.26 GiB
2026-08-30 09:12:21.353 INFO Calculating metrics
2026-08-30 09:12:21.353 INFO Calculating metric: reference_counts_per_domain
2026-08-30 09:12:57.872 INFO [reference_counts_per_domain] Memory snapshot — total: 69.36 MB
  cache_rows: 24.12 MB (394551 entries)
  counts_rows: 45.24 MB (394551 entries)
  total_count: 0.00 MB (N/A entries)
2026-08-30 09:12:57.872 INFO Calculating metric: reference_replacements
Found 3089461 prefs in this timestep.
Found 49889 clearly dominated domains in this timestep.
Found 118330 clearly dominating domains in this timestep.
Found 112 contested domains in this timestep.
Fraction of references that are clearly dominated: 64.11%
Fraction of references that are clearly dominating: 8.31%
Fraction of references that are contested: 22.64%
Fraction of references in the graph but unclassified: 2.13%
Fraction of references whose domain is not in the graph: 2.81%
--- Fun Facts ----
Number of domains in the graph is 254717 (253338 live)
Number of edges in the graph is 1067543 (648684 accepted)
edge density of the reference replacement graph: 0.0000
Average degree is 8.38 (preference graph: 5.12)
Relevance weight cutoff: 1.0 (kept 60.76% of edges)
DOI node is in graph
ISBN node is not in graph
DOI count: 61489.0
ISBN count: 0.0
Sessions concluded this step: 21108073 (avg size 1.47, cumulative avg 2.20)
Recycling:
  Recycled mass this step: 833.0
  Recycled mass cumulative: 54805.0
  Tombstoned domains this step: 1379
2026-08-30 09:25:19.606 INFO [reference_replacements.calculate] total=741.73s query=30.22s derive=69.16s elicit=602.65s graph=1.35s mark_edges=0.20s scc=0.13s classify=36.20s score=0.41s write=0.57s rebuttal_searches=23686 rebuttal_skipped=16228
2026-08-30 09:26:35.463 INFO [reference_replacements] Memory snapshot — total: 4097.16 MB
  reference_graph: 174.89 MB (254717 entries)
  domain_to_vertex: 62.06 MB (254717 entries)
  reusable_vertex_pool: 1.04 MB (1379 entries)
  tombstoned_domains: 2.07 MB (1379 entries)
  tombstoned_domain_mass: 0.30 MB (1379 entries)
  open_session_counts_size: 1965.73 MB (4342334 entries)
  open_session_last_edit_size: 1343.08 MB (4342334 entries)
  open_session_edits_size: 547.97 MB (4342334 entries)
2026-08-30 09:26:35.464 INFO [reference_replacements.log_memory] total=75.70s tracked=8
2026-08-30 09:26:35.464 INFO Memory usage (end of timestep, peak): 76.61 GiB
2026-08-30 09:26:35.464 INFO Memory usage (end of timestep, current): 48.69 GiB
2026-08-30 09:26:35.464 INFO (Iteration 57) reference_counts_per_domain: real 36.52s | cpu 26.63s
2026-08-30 09:26:35.464 INFO (Iteration 57) reference_replacements: real 817.59s | cpu 860.41s
2026-08-30 09:26:35.464 INFO Iteration 57 finished in 1130.48s (real) and 1098.60s (process)
2026-08-30 09:26:35.479 INFO Start timestep 2017-08-04 00:00:00+00:00 -> 2017-09-03 00:00:00+00:00
2026-08-30 09:35:19.631 INFO DuckDB memory logs:
  database_name database_size  block_size  ...  wal_size  memory_usage  memory_limit
0   postgres_db       6.2 TiB           0  ...   0 bytes      79.4 GiB     267.0 GiB
1        memory       0 bytes           0  ...   0 bytes      79.4 GiB     267.0 GiB

[2 rows x 9 columns]
2026-08-30 09:35:19.632 INFO Loading data (2017-08-04 00:00:00+00:00 -> 2017-09-03 00:00:00+00:00) done in 524.15s (real) and 411.07s (process)
2026-08-30 09:35:19.632 INFO Memory usage (start of timestep, peak): 82.26 GiB
2026-08-30 09:35:19.632 INFO Memory usage (start of timestep, current): 82.28 GiB
2026-08-30 09:35:19.633 INFO Calculating metrics
2026-08-30 09:35:19.633 INFO Calculating metric: reference_counts_per_domain
2026-08-30 09:35:54.994 INFO [reference_counts_per_domain] Memory snapshot — total: 69.79 MB
  cache_rows: 24.27 MB (396828 entries)
  counts_rows: 45.52 MB (396828 entries)
  total_count: 0.00 MB (N/A entries)
2026-08-30 09:35:54.994 INFO Calculating metric: reference_replacements
Found 1340354 prefs in this timestep.
Found 49834 clearly dominated domains in this timestep.
Found 118291 clearly dominating domains in this timestep.
Found 109 contested domains in this timestep.
Fraction of references that are clearly dominated: 86.95%
Fraction of references that are clearly dominating: 6.30%
Fraction of references that are contested: 3.00%
Fraction of references in the graph but unclassified: 1.66%
Fraction of references whose domain is not in the graph: 2.10%
--- Fun Facts ----
Number of domains in the graph is 276847 (276569 live)
Number of edges in the graph is 1087647 (648354 accepted)
edge density of the reference replacement graph: 0.0000
Average degree is 7.86 (preference graph: 4.69)
Relevance weight cutoff: 1.0 (kept 59.61% of edges)
DOI node is in graph
ISBN node is not in graph
DOI count: 61486.0
ISBN count: 0.0
Sessions concluded this step: 50651288 (avg size 1.12, cumulative avg 1.99)
Recycling:
  Recycled mass this step: 1996.0
  Recycled mass cumulative: 56801.0
  Tombstoned domains this step: 278
2026-08-30 09:57:59.029 INFO [reference_replacements.calculate] total=1324.03s query=99.82s derive=183.20s elicit=996.09s graph=2.26s mark_edges=0.22s scc=0.16s classify=39.56s score=0.39s write=0.53s rebuttal_searches=23676 rebuttal_skipped=16248
2026-08-30 09:58:35.345 INFO [reference_replacements] Memory snapshot — total: 2636.50 MB
  reference_graph: 180.38 MB (276847 entries)
  domain_to_vertex: 66.79 MB (276847 entries)
  reusable_vertex_pool: 1.01 MB (278 entries)
  tombstoned_domains: 2.02 MB (278 entries)
  tombstoned_domain_mass: 0.03 MB (278 entries)
  open_session_counts_size: 1102.28 MB (2135728 entries)
  open_session_last_edit_size: 837.53 MB (2135728 entries)
  open_session_edits_size: 446.47 MB (2135728 entries)
2026-08-30 09:58:35.345 INFO [reference_replacements.log_memory] total=36.20s tracked=8
2026-08-30 09:58:35.345 INFO Memory usage (end of timestep, peak): 140.59 GiB
2026-08-30 09:58:35.345 INFO Memory usage (end of timestep, current): 84.78 GiB
2026-08-30 09:58:35.346 INFO (Iteration 58) reference_counts_per_domain: real 35.36s | cpu 35.62s
2026-08-30 09:58:35.346 INFO (Iteration 58) reference_replacements: real 1360.35s | cpu 1435.14s
2026-08-30 09:58:35.346 INFO Iteration 58 finished in 1919.87s (real) and 1881.83s (process)
2026-08-30 09:58:35.348 INFO Start timestep 2017-09-03 00:00:00+00:00 -> 2017-10-03 00:00:00+00:00
2026-08-30 10:14:19.665 INFO DuckDB memory logs:
  database_name database_size  block_size  ...  wal_size  memory_usage  memory_limit
0   postgres_db       6.2 TiB           0  ...   0 bytes     132.1 GiB     267.0 GiB
1        memory       0 bytes           0  ...   0 bytes     132.1 GiB     267.0 GiB

[2 rows x 9 columns]
2026-08-30 10:14:19.670 INFO Loading data (2017-09-03 00:00:00+00:00 -> 2017-10-03 00:00:00+00:00) done in 944.32s (real) and 772.38s (process)
2026-08-30 10:14:19.671 INFO Memory usage (start of timestep, peak): 140.59 GiB
2026-08-30 10:14:19.671 INFO Memory usage (start of timestep, current): 134.48 GiB
2026-08-30 10:14:19.671 INFO Calculating metrics
2026-08-30 10:14:19.671 INFO Calculating metric: reference_counts_per_domain
2026-08-30 10:15:10.122 INFO [reference_counts_per_domain] Memory snapshot — total: 71.02 MB
  cache_rows: 24.70 MB (403465 entries)
  counts_rows: 46.32 MB (403465 entries)
  total_count: 0.00 MB (N/A entries)
2026-08-30 10:15:10.123 INFO Calculating metric: reference_replacements
Found 11916798 prefs in this timestep.
Found 196702 clearly dominated domains in this timestep.
Found 51012 clearly dominating domains in this timestep.
Found 1256 contested domains in this timestep.
Fraction of references that are clearly dominated: 92.18%
Fraction of references that are clearly dominating: 3.91%
Fraction of references that are contested: 1.64%
Fraction of references in the graph but unclassified: 0.95%
Fraction of references whose domain is not in the graph: 1.32%
--- Fun Facts ----
Number of domains in the graph is 325146 (294938 live)
Number of edges in the graph is 1497250 (949750 accepted)
edge density of the reference replacement graph: 0.0000
Average degree is 9.21 (preference graph: 6.44)
Relevance weight cutoff: 1.0 (kept 63.43% of edges)
DOI node is in graph
ISBN node is not in graph
DOI count: 61448.0
ISBN count: 0.0
Sessions concluded this step: 69585952 (avg size 1.72, cumulative avg 1.93)
Recycling:
  Recycled mass this step: 259.0
  Recycled mass cumulative: 57060.0
  Tombstoned domains this step: 30208
2026-08-30 11:26:26.136 INFO [reference_replacements.calculate] total=4276.01s query=184.51s derive=469.06s elicit=3437.24s graph=8.16s mark_edges=0.39s scc=0.22s classify=170.54s score=0.52s write=0.70s rebuttal_searches=97305 rebuttal_skipped=13480
2026-08-30 11:28:18.643 INFO [reference_replacements] Memory snapshot — total: 6514.47 MB
  reference_graph: 241.36 MB (325146 entries)
  domain_to_vertex: 84.70 MB (325146 entries)
  reusable_vertex_pool: 2.92 MB (30208 entries)
  tombstoned_domains: 3.61 MB (30208 entries)
  tombstoned_domain_mass: 3.22 MB (30208 entries)
  open_session_counts_size: 3146.72 MB (5487774 entries)
  open_session_last_edit_size: 2018.39 MB (5487774 entries)
  open_session_edits_size: 1013.54 MB (5487774 entries)
2026-08-30 11:28:18.643 INFO [reference_replacements.log_memory] total=112.03s tracked=8
2026-08-30 11:28:18.643 INFO Memory usage (end of timestep, peak): 230.03 GiB
2026-08-30 11:28:18.644 INFO Memory usage (end of timestep, current): 138.94 GiB
2026-08-30 11:28:18.644 INFO (Iteration 59) reference_counts_per_domain: real 50.45s | cpu 71.66s
2026-08-30 11:28:18.644 INFO (Iteration 59) reference_replacements: real 4388.52s | cpu 4546.81s
2026-08-30 11:28:18.644 INFO Iteration 59 finished in 5383.30s (real) and 5390.86s (process)
2026-08-30 11:28:18.649 INFO Start timestep 2017-10-03 00:00:00+00:00 -> 2017-11-02 00:00:00+00:00
2026-08-30 11:32:00.923 INFO DuckDB memory logs:
  database_name database_size  block_size  ...  wal_size  memory_usage  memory_limit
0   postgres_db       6.2 TiB           0  ...   0 bytes      30.4 GiB     267.0 GiB
1        memory       0 bytes           0  ...   0 bytes      30.4 GiB     267.0 GiB

[2 rows x 9 columns]
2026-08-30 11:32:00.924 INFO Loading data (2017-10-03 00:00:00+00:00 -> 2017-11-02 00:00:00+00:00) done in 222.27s (real) and 174.25s (process)
2026-08-30 11:32:00.924 INFO Memory usage (start of timestep, peak): 230.03 GiB
2026-08-30 11:32:00.925 INFO Memory usage (start of timestep, current): 38.83 GiB
2026-08-30 11:32:00.925 INFO Calculating metrics
2026-08-30 11:32:00.925 INFO Calculating metric: reference_counts_per_domain
2026-08-30 11:32:36.840 INFO [reference_counts_per_domain] Memory snapshot — total: 65.75 MB
  cache_rows: 22.87 MB (375057 entries)
  counts_rows: 42.88 MB (375057 entries)
  total_count: 0.00 MB (N/A entries)
2026-08-30 11:32:36.840 INFO Calculating metric: reference_replacements
Found 2854792 prefs in this timestep.
Found 170274 clearly dominated domains in this timestep.
Found 52048 clearly dominating domains in this timestep.
Found 27563 contested domains in this timestep.
Fraction of references that are clearly dominated: 93.84%
Fraction of references that are clearly dominating: 3.49%
Fraction of references that are contested: 0.49%
Fraction of references in the graph but unclassified: 0.92%
Fraction of references whose domain is not in the graph: 1.26%
--- Fun Facts ----
Number of domains in the graph is 325146 (296135 live)
Number of edges in the graph is 1579136 (971295 accepted)
edge density of the reference replacement graph: 0.0000
Average degree is 9.71 (preference graph: 6.56)
Relevance weight cutoff: 1.0 (kept 61.51% of edges)
DOI node is in graph
ISBN node is not in graph
DOI count: 61431.0
ISBN count: 0.0
Sessions concluded this step: 19754506 (avg size 1.69, cumulative avg 1.92)
Recycling:
  Recycled mass this step: 3788.0
  Recycled mass cumulative: 60848.0
  Tombstoned domains this step: 1620
2026-08-30 11:45:42.608 INFO [reference_replacements.calculate] total=785.77s query=23.37s derive=50.15s elicit=402.42s graph=3.91s mark_edges=0.41s scc=0.21s classify=303.33s score=0.54s write=0.64s rebuttal_searches=96711 rebuttal_skipped=14385
2026-08-30 11:46:12.465 INFO [reference_replacements] Memory snapshot — total: 3066.15 MB
  reference_graph: 252.38 MB (325146 entries)
  domain_to_vertex: 84.70 MB (325146 entries)
  reusable_vertex_pool: 2.89 MB (29011 entries)
  tombstoned_domains: 3.55 MB (29011 entries)
  tombstoned_domain_mass: 3.13 MB (29011 entries)
  open_session_counts_size: 1176.85 MB (1583649 entries)
  open_session_last_edit_size: 916.31 MB (1583649 entries)
  open_session_edits_size: 626.34 MB (1583649 entries)
2026-08-30 11:46:12.465 INFO [reference_replacements.log_memory] total=29.67s tracked=8
2026-08-30 11:46:12.465 INFO Memory usage (end of timestep, peak): 230.03 GiB
2026-08-30 11:46:12.465 INFO Memory usage (end of timestep, current): 49.17 GiB
2026-08-30 11:46:12.466 INFO (Iteration 60) reference_counts_per_domain: real 35.91s | cpu 23.16s
2026-08-30 11:46:12.466 INFO (Iteration 60) reference_replacements: real 815.63s | cpu 846.60s
2026-08-30 11:46:12.466 INFO Iteration 60 finished in 1073.82s (real) and 1044.01s (process)
2026-08-30 11:46:12.477 INFO Start timestep 2017-11-02 00:00:00+00:00 -> 2017-12-02 00:00:00+00:00
2026-08-30 11:50:41.497 INFO DuckDB memory logs:
  database_name database_size  block_size  ...  wal_size  memory_usage  memory_limit
0   postgres_db       6.2 TiB           0  ...   0 bytes      39.3 GiB     267.0 GiB
1        memory       0 bytes           0  ...   0 bytes      39.3 GiB     267.0 GiB

[2 rows x 9 columns]
2026-08-30 11:50:41.498 INFO Loading data (2017-11-02 00:00:00+00:00 -> 2017-12-02 00:00:00+00:00) done in 269.02s (real) and 211.74s (process)
2026-08-30 11:50:41.498 INFO Memory usage (start of timestep, peak): 230.03 GiB
2026-08-30 11:50:41.499 INFO Memory usage (start of timestep, current): 46.46 GiB
2026-08-30 11:50:41.499 INFO Calculating metrics
2026-08-30 11:50:41.499 INFO Calculating metric: reference_counts_per_domain
2026-08-30 11:51:15.602 INFO [reference_counts_per_domain] Memory snapshot — total: 67.30 MB
  cache_rows: 23.41 MB (383421 entries)
  counts_rows: 43.89 MB (383421 entries)
  total_count: 0.00 MB (N/A entries)
2026-08-30 11:51:15.602 INFO Calculating metric: reference_replacements
Found 313596 prefs in this timestep.
Found 170377 clearly dominated domains in this timestep.
Found 51855 clearly dominating domains in this timestep.
Found 27830 contested domains in this timestep.
Fraction of references that are clearly dominated: 94.30%
Fraction of references that are clearly dominating: 3.03%
Fraction of references that are contested: 0.60%
Fraction of references in the graph but unclassified: 0.84%
Fraction of references whose domain is not in the graph: 1.23%
--- Fun Facts ----
Number of domains in the graph is 325146 (296508 live)
Number of edges in the graph is 1583336 (972655 accepted)
edge density of the reference replacement graph: 0.0000
Average degree is 9.74 (preference graph: 6.56)
Relevance weight cutoff: 1.0 (kept 61.43% of edges)
DOI node is in graph
ISBN node is not in graph
DOI count: 61888.0
ISBN count: 0.0
Sessions concluded this step: 21152887 (avg size 1.21, cumulative avg 1.88)
Recycling:
  Recycled mass this step: 1255.0
  Recycled mass cumulative: 62103.0
  Tombstoned domains this step: 493
2026-08-30 12:06:18.973 INFO [reference_replacements.calculate] total=903.37s query=29.08s derive=50.71s elicit=457.29s graph=0.74s mark_edges=0.40s scc=0.20s classify=363.12s score=0.52s write=0.62s rebuttal_searches=97083 rebuttal_skipped=14471
2026-08-30 12:07:12.739 INFO [reference_replacements] Memory snapshot — total: 4219.48 MB
  reference_graph: 252.95 MB (325146 entries)
  domain_to_vertex: 84.70 MB (325146 entries)
  reusable_vertex_pool: 2.87 MB (28638 entries)
  tombstoned_domains: 3.53 MB (28638 entries)
  tombstoned_domain_mass: 3.10 MB (28638 entries)
  open_session_counts_size: 1774.09 MB (3039848 entries)
  open_session_last_edit_size: 1327.42 MB (3039848 entries)
  open_session_edits_size: 770.81 MB (3039848 entries)
2026-08-30 12:07:12.739 INFO [reference_replacements.log_memory] total=53.71s tracked=8
2026-08-30 12:07:12.739 INFO Memory usage (end of timestep, peak): 230.03 GiB
2026-08-30 12:07:12.739 INFO Memory usage (end of timestep, current): 58.03 GiB
2026-08-30 12:07:12.739 INFO (Iteration 61) reference_counts_per_domain: real 34.10s | cpu 22.29s
2026-08-30 12:07:12.740 INFO (Iteration 61) reference_replacements: real 957.14s | cpu 994.31s
2026-08-30 12:07:12.740 INFO Iteration 61 finished in 1260.26s (real) and 1228.33s (process)
2026-08-30 12:07:12.751 INFO Start timestep 2017-12-02 00:00:00+00:00 -> 2018-01-01 00:00:00+00:00
2026-08-30 12:13:32.115 INFO DuckDB memory logs:
  database_name database_size  block_size  ...  wal_size  memory_usage  memory_limit
0   postgres_db       6.2 TiB           0  ...   0 bytes      54.6 GiB     267.0 GiB
1        memory       0 bytes           0  ...   0 bytes      54.6 GiB     267.0 GiB

[2 rows x 9 columns]
2026-08-30 12:13:32.118 INFO Loading data (2017-12-02 00:00:00+00:00 -> 2018-01-01 00:00:00+00:00) done in 379.37s (real) and 299.09s (process)
2026-08-30 12:13:32.118 INFO Memory usage (start of timestep, peak): 230.03 GiB
2026-08-30 12:13:32.118 INFO Memory usage (start of timestep, current): 60.98 GiB
2026-08-30 12:13:32.119 INFO Calculating metrics
2026-08-30 12:13:32.119 INFO Calculating metric: reference_counts_per_domain
2026-08-30 12:14:13.764 INFO [reference_counts_per_domain] Memory snapshot — total: 70.62 MB
  cache_rows: 24.56 MB (401923 entries)
  counts_rows: 46.06 MB (401923 entries)
  total_count: 0.00 MB (N/A entries)
2026-08-30 12:14:13.764 INFO Calculating metric: reference_replacements
Found 1368039 prefs in this timestep.
Found 170250 clearly dominated domains in this timestep.
Found 51974 clearly dominating domains in this timestep.
Found 27828 contested domains in this timestep.
Fraction of references that are clearly dominated: 91.03%
Fraction of references that are clearly dominating: 6.62%
Fraction of references that are contested: 0.41%
Fraction of references in the graph but unclassified: 0.78%
Fraction of references whose domain is not in the graph: 1.15%
--- Fun Facts ----
Number of domains in the graph is 325146 (296791 live)
Number of edges in the graph is 1583570 (972719 accepted)
edge density of the reference replacement graph: 0.0000
Average degree is 9.74 (preference graph: 6.55)
Relevance weight cutoff: 1.0 (kept 61.43% of edges)
DOI node is in graph
ISBN node is not in graph
DOI count: 61963.0
ISBN count: 0.0
Sessions concluded this step: 32727869 (avg size 1.57, cumulative avg 1.85)
Recycling:
  Recycled mass this step: 733.0
  Recycled mass cumulative: 62836.0
  Tombstoned domains this step: 245
2026-08-30 12:29:44.122 INFO [reference_replacements.calculate] total=930.36s query=43.52s derive=99.31s elicit=485.25s graph=0.75s mark_edges=0.40s scc=0.20s classify=298.52s score=0.52s write=0.65s rebuttal_searches=97078 rebuttal_skipped=14497
2026-08-30 12:29:47.568 INFO [reference_replacements] Memory snapshot — total: 1808.25 MB
  reference_graph: 252.99 MB (325146 entries)
  domain_to_vertex: 84.70 MB (325146 entries)
  reusable_vertex_pool: 2.87 MB (28355 entries)
  tombstoned_domains: 3.51 MB (28355 entries)
  tombstoned_domain_mass: 3.08 MB (28355 entries)
  open_session_counts_size: 497.09 MB (66781 entries)
  open_session_last_edit_size: 488.12 MB (66781 entries)
  open_session_edits_size: 475.89 MB (66781 entries)
2026-08-30 12:29:47.569 INFO [reference_replacements.log_memory] total=3.34s tracked=8
2026-08-30 12:29:47.569 INFO Memory usage (end of timestep, peak): 230.03 GiB
2026-08-30 12:29:47.569 INFO Memory usage (end of timestep, current): 78.48 GiB
2026-08-30 12:29:47.569 INFO (Iteration 62) reference_counts_per_domain: real 41.65s | cpu 34.29s
2026-08-30 12:29:47.569 INFO (Iteration 62) reference_replacements: real 933.80s | cpu 988.54s
2026-08-30 12:29:47.569 INFO Iteration 62 finished in 1354.82s (real) and 1321.92s (process)
2026-08-30 12:29:47.582 INFO Start timestep 2018-01-01 00:00:00+00:00 -> 2018-01-31 00:00:00+00:00
2026-08-30 12:32:03.652 INFO DuckDB memory logs:
  database_name database_size  block_size  ...  wal_size  memory_usage  memory_limit
0   postgres_db       6.2 TiB           0  ...   0 bytes      16.9 GiB     267.0 GiB
1        memory       0 bytes           0  ...   0 bytes      16.9 GiB     267.0 GiB

[2 rows x 9 columns]
2026-08-30 12:32:03.653 INFO Loading data (2018-01-01 00:00:00+00:00 -> 2018-01-31 00:00:00+00:00) done in 136.07s (real) and 108.24s (process)
2026-08-30 12:32:03.653 INFO Memory usage (start of timestep, peak): 230.03 GiB
2026-08-30 12:32:03.653 INFO Memory usage (start of timestep, current): 23.69 GiB
2026-08-30 12:32:03.654 INFO Calculating metrics
2026-08-30 12:32:03.654 INFO Calculating metric: reference_counts_per_domain
2026-08-30 12:32:39.965 INFO [reference_counts_per_domain] Memory snapshot — total: 74.65 MB
  cache_rows: 25.96 MB (423984 entries)
  counts_rows: 48.69 MB (423984 entries)
  total_count: 0.00 MB (N/A entries)
2026-08-30 12:32:39.965 INFO Calculating metric: reference_replacements
Found 726390 prefs in this timestep.
Found 166603 clearly dominated domains in this timestep.
Found 51710 clearly dominating domains in this timestep.
Found 31818 contested domains in this timestep.
Fraction of references that are clearly dominated: 89.71%
Fraction of references that are clearly dominating: 7.73%
Fraction of references that are contested: 0.56%
Fraction of references in the graph but unclassified: 0.82%
Fraction of references whose domain is not in the graph: 1.18%
--- Fun Facts ----
Number of domains in the graph is 325146 (297327 live)
Number of edges in the graph is 1596418 (978826 accepted)
edge density of the reference replacement graph: 0.0000
Average degree is 9.82 (preference graph: 6.58)
Relevance weight cutoff: 1.0 (kept 61.31% of edges)
DOI node is in graph
ISBN node is not in graph
DOI count: 61945.0
ISBN count: 0.0
Sessions concluded this step: 7400671 (avg size 2.49, cumulative avg 1.86)
Recycling:
  Recycled mass this step: 1280.0
  Recycled mass cumulative: 64116.0
  Tombstoned domains this step: 470
2026-08-30 12:41:23.606 INFO [reference_replacements.calculate] total=523.64s query=13.87s derive=33.94s elicit=126.27s graph=1.03s mark_edges=0.39s scc=0.21s classify=346.18s score=0.58s write=0.64s rebuttal_searches=96767 rebuttal_skipped=15329
2026-08-30 12:41:26.986 INFO [reference_replacements] Memory snapshot — total: 1812.84 MB
  reference_graph: 254.71 MB (325146 entries)
  domain_to_vertex: 84.70 MB (325146 entries)
  reusable_vertex_pool: 2.85 MB (27819 entries)
  tombstoned_domains: 3.49 MB (27819 entries)
  tombstoned_domain_mass: 3.04 MB (27819 entries)
  open_session_counts_size: 498.55 MB (70594 entries)
  open_session_last_edit_size: 489.21 MB (70594 entries)
  open_session_edits_size: 476.29 MB (70594 entries)
2026-08-30 12:41:26.988 INFO [reference_replacements.log_memory] total=3.31s tracked=8
2026-08-30 12:41:26.989 INFO Memory usage (end of timestep, peak): 230.03 GiB
2026-08-30 12:41:26.989 INFO Memory usage (end of timestep, current): 30.34 GiB
2026-08-30 12:41:26.989 INFO (Iteration 63) reference_counts_per_domain: real 36.31s | cpu 15.30s
2026-08-30 12:41:26.989 INFO (Iteration 63) reference_replacements: real 527.02s | cpu 545.04s
2026-08-30 12:41:26.989 INFO Iteration 63 finished in 699.41s (real) and 668.58s (process)
2026-08-30 12:41:27.004 INFO Start timestep 2018-01-31 00:00:00+00:00 -> 2018-03-02 00:00:00+00:00
2026-08-30 12:47:25.530 INFO DuckDB memory logs:
  database_name database_size  block_size  ...  wal_size  memory_usage  memory_limit
0   postgres_db       6.2 TiB           0  ...   0 bytes      53.1 GiB     267.0 GiB
1        memory       0 bytes           0  ...   0 bytes      53.1 GiB     267.0 GiB

[2 rows x 9 columns]
2026-08-30 12:47:25.531 INFO Loading data (2018-01-31 00:00:00+00:00 -> 2018-03-02 00:00:00+00:00) done in 358.53s (real) and 278.06s (process)
2026-08-30 12:47:25.532 INFO Memory usage (start of timestep, peak): 230.03 GiB
2026-08-30 12:47:25.532 INFO Memory usage (start of timestep, current): 58.52 GiB
2026-08-30 12:47:25.532 INFO Calculating metrics
2026-08-30 12:47:25.532 INFO Calculating metric: reference_counts_per_domain
2026-08-30 12:48:11.697 INFO [reference_counts_per_domain] Memory snapshot — total: 78.78 MB
  cache_rows: 27.40 MB (446767 entries)
  counts_rows: 51.38 MB (446767 entries)
  total_count: 0.00 MB (N/A entries)
2026-08-30 12:48:11.697 INFO Calculating metric: reference_replacements
Found 656083 prefs in this timestep.
Found 165913 clearly dominated domains in this timestep.
Found 51833 clearly dominating domains in this timestep.
Found 32351 contested domains in this timestep.
Fraction of references that are clearly dominated: 85.47%
Fraction of references that are clearly dominating: 12.27%
Fraction of references that are contested: 0.49%
Fraction of references in the graph but unclassified: 0.71%
Fraction of references whose domain is not in the graph: 1.06%
--- Fun Facts ----
Number of domains in the graph is 325146 (297795 live)
Number of edges in the graph is 1600045 (979620 accepted)
edge density of the reference replacement graph: 0.0000
Average degree is 9.84 (preference graph: 6.58)
Relevance weight cutoff: 1.0 (kept 61.22% of edges)
DOI node is in graph
ISBN node is not in graph
DOI count: 61941.0
ISBN count: 0.0
Sessions concluded this step: 24259298 (avg size 2.03, cumulative avg 1.87)
Recycling:
  Recycled mass this step: 1281.0
  Recycled mass cumulative: 65397.0
  Tombstoned domains this step: 449
2026-08-30 13:05:18.513 INFO [reference_replacements.calculate] total=1026.82s query=43.64s derive=108.70s elicit=556.27s graph=0.77s mark_edges=0.40s scc=0.21s classify=314.35s score=0.57s write=0.71s rebuttal_searches=107132 rebuttal_skipped=5038
2026-08-30 13:05:58.696 INFO [reference_replacements] Memory snapshot — total: 3522.05 MB
  reference_graph: 255.22 MB (325146 entries)
  domain_to_vertex: 84.70 MB (325146 entries)
  reusable_vertex_pool: 2.83 MB (27351 entries)
  tombstoned_domains: 3.46 MB (27351 entries)
  tombstoned_domain_mass: 3.00 MB (27351 entries)
  open_session_counts_size: 1431.28 MB (2104758 entries)
  open_session_last_edit_size: 1063.47 MB (2104758 entries)
  open_session_edits_size: 678.07 MB (2104758 entries)
2026-08-30 13:05:58.696 INFO [reference_replacements.log_memory] total=40.11s tracked=8
2026-08-30 13:05:58.696 INFO Memory usage (end of timestep, peak): 230.03 GiB
2026-08-30 13:05:58.696 INFO Memory usage (end of timestep, current): 77.83 GiB
2026-08-30 13:05:58.696 INFO (Iteration 64) reference_counts_per_domain: real 46.16s | cpu 35.63s
2026-08-30 13:05:58.696 INFO (Iteration 64) reference_replacements: real 1067.00s | cpu 1122.71s
2026-08-30 13:05:58.696 INFO Iteration 64 finished in 1471.69s (real) and 1436.39s (process)
2026-08-30 13:05:58.710 INFO Start timestep 2018-03-02 00:00:00+00:00 -> 2018-04-01 00:00:00+00:00
2026-08-30 13:10:58.837 INFO DuckDB memory logs:
  database_name database_size  block_size  ...  wal_size  memory_usage  memory_limit
0   postgres_db       6.2 TiB           0  ...   0 bytes      42.0 GiB     267.0 GiB
1        memory       0 bytes           0  ...   0 bytes      42.0 GiB     267.0 GiB

[2 rows x 9 columns]
2026-08-30 13:10:58.838 INFO Loading data (2018-03-02 00:00:00+00:00 -> 2018-04-01 00:00:00+00:00) done in 300.13s (real) and 235.10s (process)
2026-08-30 13:10:58.838 INFO Memory usage (start of timestep, peak): 230.03 GiB
2026-08-30 13:10:58.839 INFO Memory usage (start of timestep, current): 48.98 GiB
2026-08-30 13:10:58.839 INFO Calculating metrics
2026-08-30 13:10:58.839 INFO Calculating metric: reference_counts_per_domain
2026-08-30 13:11:44.070 INFO [reference_counts_per_domain] Memory snapshot — total: 81.08 MB
  cache_rows: 28.19 MB (459325 entries)
  counts_rows: 52.89 MB (459325 entries)
  total_count: 0.00 MB (N/A entries)
2026-08-30 13:11:44.070 INFO Calculating metric: reference_replacements
Found 960700 prefs in this timestep.
Found 170197 clearly dominated domains in this timestep.
Found 51791 clearly dominating domains in this timestep.
Found 28484 contested domains in this timestep.
Fraction of references that are clearly dominated: 84.23%
Fraction of references that are clearly dominating: 13.73%
Fraction of references that are contested: 0.31%
Fraction of references in the graph but unclassified: 0.68%
Fraction of references whose domain is not in the graph: 1.05%
--- Fun Facts ----
Number of domains in the graph is 325146 (298552 live)
Number of edges in the graph is 1616282 (999650 accepted)
edge density of the reference replacement graph: 0.0000
Average degree is 9.94 (preference graph: 6.70)
Relevance weight cutoff: 1.0 (kept 61.85% of edges)
DOI node is in graph
ISBN node is not in graph
DOI count: 63220.0
ISBN count: 0.0
Sessions concluded this step: 17875445 (avg size 2.62, cumulative avg 1.90)
Recycling:
  Recycled mass this step: 1760.0
  Recycled mass cumulative: 67157.0
  Tombstoned domains this step: 644
2026-08-30 13:27:00.505 INFO [reference_replacements.calculate] total=916.43s query=38.19s derive=85.54s elicit=392.87s graph=1.35s mark_edges=0.40s scc=0.21s classify=395.52s score=0.57s write=0.71s rebuttal_searches=106846 rebuttal_skipped=5854
2026-08-30 13:27:29.553 INFO [reference_replacements] Memory snapshot — total: 2905.50 MB
  reference_graph: 257.42 MB (325146 entries)
  domain_to_vertex: 84.70 MB (325146 entries)
  reusable_vertex_pool: 2.81 MB (26594 entries)
  tombstoned_domains: 3.42 MB (26594 entries)
  tombstoned_domain_mass: 2.95 MB (26594 entries)
  open_session_counts_size: 1157.94 MB (1199824 entries)
  open_session_last_edit_size: 807.97 MB (1199824 entries)
  open_session_edits_size: 588.28 MB (1199824 entries)
2026-08-30 13:27:29.553 INFO [reference_replacements.log_memory] total=28.94s tracked=8
2026-08-30 13:27:29.553 INFO Memory usage (end of timestep, peak): 230.03 GiB
2026-08-30 13:27:29.553 INFO Memory usage (end of timestep, current): 62.62 GiB
2026-08-30 13:27:29.553 INFO (Iteration 65) reference_counts_per_domain: real 45.23s | cpu 33.67s
2026-08-30 13:27:29.553 INFO (Iteration 65) reference_replacements: real 945.48s | cpu 993.93s
2026-08-30 13:27:29.553 INFO Iteration 65 finished in 1290.84s (real) and 1262.70s (process)
2026-08-30 13:27:29.565 INFO Start timestep 2018-04-01 00:00:00+00:00 -> 2018-05-01 00:00:00+00:00
2026-08-30 13:31:00.646 INFO DuckDB memory logs:
  database_name database_size  block_size  ...  wal_size  memory_usage  memory_limit
0   postgres_db       6.2 TiB           0  ...   0 bytes      29.7 GiB     267.0 GiB
1        memory       0 bytes           0  ...   0 bytes      29.7 GiB     267.0 GiB

[2 rows x 9 columns]
2026-08-30 13:31:00.647 INFO Loading data (2018-04-01 00:00:00+00:00 -> 2018-05-01 00:00:00+00:00) done in 211.08s (real) and 166.76s (process)
2026-08-30 13:31:00.647 INFO Memory usage (start of timestep, peak): 230.03 GiB
2026-08-30 13:31:00.647 INFO Memory usage (start of timestep, current): 37.48 GiB
2026-08-30 13:31:00.647 INFO Calculating metrics
2026-08-30 13:31:00.647 INFO Calculating metric: reference_counts_per_domain
2026-08-30 13:31:42.322 INFO [reference_counts_per_domain] Memory snapshot — total: 82.37 MB
  cache_rows: 28.64 MB (466316 entries)
  counts_rows: 53.73 MB (466316 entries)
  total_count: 0.00 MB (N/A entries)
2026-08-30 13:31:42.322 INFO Calculating metric: reference_replacements
Found 40070 prefs in this timestep.
Found 170097 clearly dominated domains in this timestep.
Found 51924 clearly dominating domains in this timestep.
Found 28419 contested domains in this timestep.
Fraction of references that are clearly dominated: 82.35%
Fraction of references that are clearly dominating: 15.52%
Fraction of references that are contested: 0.38%
Fraction of references in the graph but unclassified: 0.65%
Fraction of references whose domain is not in the graph: 1.10%
--- Fun Facts ----
Number of domains in the graph is 325146 (299066 live)
Number of edges in the graph is 1622264 (1001407 accepted)
edge density of the reference replacement graph: 0.0000
Average degree is 9.98 (preference graph: 6.70)
Relevance weight cutoff: 1.0 (kept 61.73% of edges)
DOI node is in graph
ISBN node is not in graph
DOI count: 63205.0
ISBN count: 0.0
Sessions concluded this step: 13728696 (avg size 2.32, cumulative avg 1.92)
Recycling:
  Recycled mass this step: 1450.0
  Recycled mass cumulative: 68607.0
  Tombstoned domains this step: 573
2026-08-30 13:43:52.734 INFO [reference_replacements.calculate] total=730.41s query=22.66s derive=55.95s elicit=292.12s graph=1.17s mark_edges=0.39s scc=0.20s classify=355.88s score=0.59s write=0.69s rebuttal_searches=106918 rebuttal_skipped=5890
2026-08-30 13:44:13.493 INFO [reference_replacements] Memory snapshot — total: 2584.39 MB
  reference_graph: 258.23 MB (325146 entries)
  domain_to_vertex: 84.70 MB (325146 entries)
  reusable_vertex_pool: 2.80 MB (26080 entries)
  tombstoned_domains: 3.39 MB (26080 entries)
  tombstoned_domain_mass: 2.91 MB (26080 entries)
  open_session_counts_size: 935.46 MB (939204 entries)
  open_session_last_edit_size: 734.44 MB (939204 entries)
  open_session_edits_size: 562.47 MB (939204 entries)
2026-08-30 13:44:13.493 INFO [reference_replacements.log_memory] total=20.71s tracked=8
2026-08-30 13:44:13.493 INFO Memory usage (end of timestep, peak): 230.03 GiB
2026-08-30 13:44:13.493 INFO Memory usage (end of timestep, current): 47.17 GiB
2026-08-30 13:44:13.493 INFO (Iteration 66) reference_counts_per_domain: real 41.67s | cpu 21.82s
2026-08-30 13:44:13.493 INFO (Iteration 66) reference_replacements: real 751.17s | cpu 780.00s
2026-08-30 13:44:13.493 INFO Iteration 66 finished in 1003.93s (real) and 968.58s (process)
2026-08-30 13:44:13.506 INFO Start timestep 2018-05-01 00:00:00+00:00 -> 2018-05-31 00:00:00+00:00
2026-08-30 13:49:56.616 INFO DuckDB memory logs:
  database_name database_size  block_size  ...  wal_size  memory_usage  memory_limit
0   postgres_db       6.2 TiB           0  ...   0 bytes      50.2 GiB     267.0 GiB
1        memory       0 bytes           0  ...   0 bytes      50.2 GiB     267.0 GiB

[2 rows x 9 columns]
2026-08-30 13:49:56.617 INFO Loading data (2018-05-01 00:00:00+00:00 -> 2018-05-31 00:00:00+00:00) done in 343.11s (real) and 267.29s (process)
2026-08-30 13:49:56.617 INFO Memory usage (start of timestep, peak): 230.03 GiB
2026-08-30 13:49:56.617 INFO Memory usage (start of timestep, current): 56.82 GiB
2026-08-30 13:49:56.618 INFO Calculating metrics
2026-08-30 13:49:56.618 INFO Calculating metric: reference_counts_per_domain
2026-08-30 13:50:47.159 INFO [reference_counts_per_domain] Memory snapshot — total: 91.28 MB
  cache_rows: 31.74 MB (515362 entries)
  counts_rows: 59.55 MB (515362 entries)
  total_count: 0.00 MB (N/A entries)
2026-08-30 13:50:47.160 INFO Calculating metric: reference_replacements
Found 615243 prefs in this timestep.
Found 159892 clearly dominated domains in this timestep.
Found 52689 clearly dominating domains in this timestep.
Found 28179 contested domains in this timestep.
Fraction of references that are clearly dominated: 80.64%
Fraction of references that are clearly dominating: 17.31%
Fraction of references that are contested: 0.30%
Fraction of references in the graph but unclassified: 0.68%
Fraction of references whose domain is not in the graph: 1.07%
--- Fun Facts ----
Number of domains in the graph is 338609 (300331 live)
Number of edges in the graph is 1558892 (971760 accepted)
edge density of the reference replacement graph: 0.0000
Average degree is 9.21 (preference graph: 6.47)
Relevance weight cutoff: 1.0 (kept 62.34% of edges)
DOI node is in graph
ISBN node is not in graph
DOI count: 63915.0
ISBN count: 0.0
Sessions concluded this step: 23936468 (avg size 1.98, cumulative avg 1.92)
Recycling:
  Recycled mass this step: 37180.0
  Recycled mass cumulative: 105787.0
  Tombstoned domains this step: 38278
2026-08-30 14:08:12.684 INFO [reference_replacements.calculate] total=1045.52s query=40.30s derive=100.59s elicit=566.24s graph=6.56s mark_edges=0.37s scc=0.21s classify=328.55s score=0.63s write=0.71s rebuttal_searches=107944 rebuttal_skipped=4434
2026-08-30 14:09:09.313 INFO [reference_replacements] Memory snapshot — total: 4167.21 MB
  reference_graph: 251.63 MB (338609 entries)
  domain_to_vertex: 87.66 MB (338609 entries)
  reusable_vertex_pool: 3.17 MB (38278 entries)
  tombstoned_domains: 4.03 MB (38278 entries)
  tombstoned_domain_mass: 3.82 MB (38278 entries)
  open_session_counts_size: 1839.03 MB (2724331 entries)
  open_session_last_edit_size: 1238.36 MB (2724331 entries)
  open_session_edits_size: 739.52 MB (2724331 entries)
2026-08-30 14:09:09.313 INFO [reference_replacements.log_memory] total=56.55s tracked=8
2026-08-30 14:09:09.313 INFO Memory usage (end of timestep, peak): 230.03 GiB
2026-08-30 14:09:09.313 INFO Memory usage (end of timestep, current): 77.31 GiB
2026-08-30 14:09:09.314 INFO (Iteration 67) reference_counts_per_domain: real 50.54s | cpu 34.71s
2026-08-30 14:09:09.314 INFO (Iteration 67) reference_replacements: real 1102.15s | cpu 1153.37s
2026-08-30 14:09:09.314 INFO Iteration 67 finished in 1495.81s (real) and 1455.37s (process)
2026-08-30 14:09:09.331 INFO Start timestep 2018-05-31 00:00:00+00:00 -> 2018-06-30 00:00:00+00:00
2026-08-30 14:14:31.435 INFO DuckDB memory logs:
  database_name database_size  block_size  ...  wal_size  memory_usage  memory_limit
0   postgres_db       6.2 TiB           0  ...   0 bytes      46.9 GiB     267.0 GiB
1        memory       0 bytes           0  ...   0 bytes      46.9 GiB     267.0 GiB

[2 rows x 9 columns]
2026-08-30 14:14:31.437 INFO Loading data (2018-05-31 00:00:00+00:00 -> 2018-06-30 00:00:00+00:00) done in 322.10s (real) and 253.95s (process)
2026-08-30 14:14:31.437 INFO Memory usage (start of timestep, peak): 230.03 GiB
2026-08-30 14:14:31.437 INFO Memory usage (start of timestep, current): 54.35 GiB
2026-08-30 14:14:31.437 INFO Calculating metrics
2026-08-30 14:14:31.437 INFO Calculating metric: reference_counts_per_domain
2026-08-30 14:15:24.491 INFO [reference_counts_per_domain] Memory snapshot — total: 94.20 MB
  cache_rows: 32.75 MB (531345 entries)
  counts_rows: 61.45 MB (531345 entries)
  total_count: 0.00 MB (N/A entries)
2026-08-30 14:15:24.492 INFO Calculating metric: reference_replacements
Found 2981789 prefs in this timestep.
Found 160364 clearly dominated domains in this timestep.
Found 59772 clearly dominating domains in this timestep.
Found 28083 contested domains in this timestep.
Fraction of references that are clearly dominated: 81.36%
Fraction of references that are clearly dominating: 16.58%
Fraction of references that are contested: 0.27%
Fraction of references in the graph but unclassified: 0.63%
Fraction of references whose domain is not in the graph: 1.16%
--- Fun Facts ----
Number of domains in the graph is 338609 (301050 live)
Number of edges in the graph is 1575978 (982477 accepted)
edge density of the reference replacement graph: 0.0000
Average degree is 9.31 (preference graph: 6.53)
Relevance weight cutoff: 1.0 (kept 62.34% of edges)
DOI node is in graph
ISBN node is not in graph
DOI count: 64764.0
ISBN count: 0.0
Sessions concluded this step: 26364591 (avg size 2.05, cumulative avg 1.93)
Recycling:
  Recycled mass this step: 21120.0
  Recycled mass cumulative: 126907.0
  Tombstoned domains this step: 19778
2026-08-30 14:32:29.961 INFO [reference_replacements.calculate] total=1025.47s query=38.83s derive=98.47s elicit=482.06s graph=2.44s mark_edges=0.35s scc=0.20s classify=400.58s score=0.63s write=0.71s rebuttal_searches=108106 rebuttal_skipped=4450
2026-08-30 14:32:52.537 INFO [reference_replacements] Memory snapshot — total: 2669.91 MB
  reference_graph: 253.84 MB (338609 entries)
  domain_to_vertex: 87.67 MB (338609 entries)
  reusable_vertex_pool: 3.15 MB (37559 entries)
  tombstoned_domains: 4.00 MB (37559 entries)
  tombstoned_domain_mass: 4.69 MB (37559 entries)
  open_session_counts_size: 987.34 MB (1023985 entries)
  open_session_last_edit_size: 758.36 MB (1023985 entries)
  open_session_edits_size: 570.86 MB (1023985 entries)
2026-08-30 14:32:52.537 INFO [reference_replacements.log_memory] total=22.41s tracked=8
2026-08-30 14:32:52.537 INFO Memory usage (end of timestep, peak): 230.03 GiB
2026-08-30 14:32:52.537 INFO Memory usage (end of timestep, current): 75.98 GiB
2026-08-30 14:32:52.537 INFO (Iteration 68) reference_counts_per_domain: real 53.05s | cpu 36.60s
2026-08-30 14:32:52.537 INFO (Iteration 68) reference_replacements: real 1048.05s | cpu 1097.65s
2026-08-30 14:32:52.537 INFO Iteration 68 finished in 1423.21s (real) and 1388.21s (process)
2026-08-30 14:32:52.551 INFO Start timestep 2018-06-30 00:00:00+00:00 -> 2018-07-30 00:00:00+00:00
2026-08-30 14:39:33.377 INFO DuckDB memory logs:
  database_name database_size  block_size  ...  wal_size  memory_usage  memory_limit
0   postgres_db       6.2 TiB           0  ...   0 bytes      58.1 GiB     267.0 GiB
1        memory       0 bytes           0  ...   0 bytes      58.1 GiB     267.0 GiB

[2 rows x 9 columns]
2026-08-30 14:39:33.378 INFO Loading data (2018-06-30 00:00:00+00:00 -> 2018-07-30 00:00:00+00:00) done in 400.83s (real) and 312.99s (process)
2026-08-30 14:39:33.378 INFO Memory usage (start of timestep, peak): 230.03 GiB
2026-08-30 14:39:33.379 INFO Memory usage (start of timestep, current): 65.27 GiB
2026-08-30 14:39:33.379 INFO Calculating metrics
2026-08-30 14:39:33.379 INFO Calculating metric: reference_counts_per_domain
2026-08-30 14:40:29.673 INFO [reference_counts_per_domain] Memory snapshot — total: 96.31 MB
  cache_rows: 33.48 MB (542988 entries)
  counts_rows: 62.83 MB (542988 entries)
  total_count: 0.00 MB (N/A entries)
2026-08-30 14:40:29.673 INFO Calculating metric: reference_replacements
Found 832732 prefs in this timestep.
Found 160432 clearly dominated domains in this timestep.
Found 58693 clearly dominating domains in this timestep.
Found 28090 contested domains in this timestep.
Fraction of references that are clearly dominated: 82.62%
Fraction of references that are clearly dominating: 15.50%
Fraction of references that are contested: 0.24%
Fraction of references in the graph but unclassified: 0.59%
Fraction of references whose domain is not in the graph: 1.05%
--- Fun Facts ----
Number of domains in the graph is 338609 (301532 live)
Number of edges in the graph is 1576951 (981756 accepted)
edge density of the reference replacement graph: 0.0000
Average degree is 9.31 (preference graph: 6.51)
Relevance weight cutoff: 1.0 (kept 62.26% of edges)
DOI node is in graph
ISBN node is not in graph
DOI count: 67625.0
ISBN count: 0.0
Sessions concluded this step: 30074666 (avg size 1.97, cumulative avg 1.93)
Recycling:
  Recycled mass this step: 4344.0
  Recycled mass cumulative: 131251.0
  Tombstoned domains this step: 3666
2026-08-30 15:01:02.378 INFO [reference_replacements.calculate] total=1232.71s query=44.53s derive=117.85s elicit=710.27s graph=1.24s mark_edges=0.41s scc=0.22s classify=355.04s score=0.66s write=0.73s rebuttal_searches=108119 rebuttal_skipped=4481
2026-08-30 15:01:52.979 INFO [reference_replacements] Memory snapshot — total: 3314.90 MB
  reference_graph: 253.97 MB (338609 entries)
  domain_to_vertex: 87.66 MB (338609 entries)
  reusable_vertex_pool: 3.13 MB (37077 entries)
  tombstoned_domains: 3.97 MB (37077 entries)
  tombstoned_domain_mass: 4.65 MB (37077 entries)
  open_session_counts_size: 1480.78 MB (2652546 entries)
  open_session_last_edit_size: 983.22 MB (2652546 entries)
  open_session_edits_size: 497.52 MB (2652546 entries)
2026-08-30 15:01:52.980 INFO [reference_replacements.log_memory] total=50.51s tracked=8
2026-08-30 15:01:52.980 INFO Memory usage (end of timestep, peak): 230.03 GiB
2026-08-30 15:01:52.980 INFO Memory usage (end of timestep, current): 87.44 GiB
2026-08-30 15:01:52.980 INFO (Iteration 69) reference_counts_per_domain: real 56.29s | cpu 38.62s
2026-08-30 15:01:52.980 INFO (Iteration 69) reference_replacements: real 1283.31s | cpu 1343.04s
2026-08-30 15:01:52.980 INFO Iteration 69 finished in 1740.43s (real) and 1694.65s (process)
2026-08-30 15:01:52.983 INFO Start timestep 2018-07-30 00:00:00+00:00 -> 2018-08-29 00:00:00+00:00
2026-08-30 15:06:54.244 INFO DuckDB memory logs:
  database_name database_size  block_size  ...  wal_size  memory_usage  memory_limit
0   postgres_db       6.2 TiB           0  ...   0 bytes      42.7 GiB     267.0 GiB
1        memory       0 bytes           0  ...   0 bytes      42.7 GiB     267.0 GiB

[2 rows x 9 columns]
2026-08-30 15:06:54.245 INFO Loading data (2018-07-30 00:00:00+00:00 -> 2018-08-29 00:00:00+00:00) done in 301.26s (real) and 234.53s (process)
2026-08-30 15:06:54.245 INFO Memory usage (start of timestep, peak): 230.03 GiB
2026-08-30 15:06:54.246 INFO Memory usage (start of timestep, current): 50.56 GiB
2026-08-30 15:06:54.246 INFO Calculating metrics
2026-08-30 15:06:54.246 INFO Calculating metric: reference_counts_per_domain
2026-08-30 15:07:51.510 INFO [reference_counts_per_domain] Memory snapshot — total: 98.22 MB
  cache_rows: 34.15 MB (553735 entries)
  counts_rows: 64.07 MB (553735 entries)
  total_count: 0.00 MB (N/A entries)
2026-08-30 15:07:51.510 INFO Calculating metric: reference_replacements
Found 2108073 prefs in this timestep.
Found 136547 clearly dominated domains in this timestep.
Found 58591 clearly dominating domains in this timestep.
Found 52405 contested domains in this timestep.
Fraction of references that are clearly dominated: 94.96%
Fraction of references that are clearly dominating: 3.11%
Fraction of references that are contested: 0.31%
Fraction of references in the graph but unclassified: 0.62%
Fraction of references whose domain is not in the graph: 1.00%
--- Fun Facts ----
Number of domains in the graph is 338609 (302382 live)
Number of edges in the graph is 1596469 (984886 accepted)
edge density of the reference replacement graph: 0.0000
Average degree is 9.43 (preference graph: 6.51)
Relevance weight cutoff: 1.0 (kept 61.69% of edges)
DOI node is in graph
ISBN node is not in graph
DOI count: 67590.0
ISBN count: 0.0
Sessions concluded this step: 22351151 (avg size 2.16, cumulative avg 1.94)
Recycling:
  Recycled mass this step: 1960.0
  Recycled mass cumulative: 133211.0
  Tombstoned domains this step: 1029
2026-08-30 15:27:11.284 INFO [reference_replacements.calculate] total=1159.77s query=32.96s derive=91.34s elicit=470.15s graph=1.14s mark_edges=0.40s scc=0.21s classify=561.05s score=0.66s write=0.75s rebuttal_searches=110011 rebuttal_skipped=3477
2026-08-30 15:27:37.881 INFO [reference_replacements] Memory snapshot — total: 2176.51 MB
  reference_graph: 256.50 MB (338609 entries)
  domain_to_vertex: 87.66 MB (338609 entries)
  reusable_vertex_pool: 3.11 MB (36227 entries)
  tombstoned_domains: 3.92 MB (36227 entries)
  tombstoned_domain_mass: 4.58 MB (36227 entries)
  open_session_counts_size: 863.21 MB (1280504 entries)
  open_session_last_edit_size: 596.00 MB (1280504 entries)
  open_session_edits_size: 361.53 MB (1280504 entries)
2026-08-30 15:27:37.882 INFO [reference_replacements.log_memory] total=26.46s tracked=8
2026-08-30 15:27:37.882 INFO Memory usage (end of timestep, peak): 230.03 GiB
2026-08-30 15:27:37.882 INFO Memory usage (end of timestep, current): 70.43 GiB
2026-08-30 15:27:37.882 INFO (Iteration 70) reference_counts_per_domain: real 57.26s | cpu 39.78s
2026-08-30 15:27:37.882 INFO (Iteration 70) reference_replacements: real 1186.37s | cpu 1232.61s
2026-08-30 15:27:37.882 INFO Iteration 70 finished in 1544.90s (real) and 1506.92s (process)
2026-08-30 15:27:37.895 INFO Start timestep 2018-08-29 00:00:00+00:00 -> 2018-09-28 00:00:00+00:00
2026-08-30 15:33:43.526 INFO DuckDB memory logs:
  database_name database_size  block_size  ...  wal_size  memory_usage  memory_limit
0   postgres_db       6.2 TiB           0  ...   0 bytes      53.6 GiB     267.0 GiB
1        memory       0 bytes           0  ...   0 bytes      53.6 GiB     267.0 GiB

[2 rows x 9 columns]
2026-08-30 15:33:43.527 INFO Loading data (2018-08-29 00:00:00+00:00 -> 2018-09-28 00:00:00+00:00) done in 365.63s (real) and 288.45s (process)
2026-08-30 15:33:43.527 INFO Memory usage (start of timestep, peak): 230.03 GiB
2026-08-30 15:33:43.528 INFO Memory usage (start of timestep, current): 61.13 GiB
2026-08-30 15:33:43.528 INFO Calculating metrics
2026-08-30 15:33:43.528 INFO Calculating metric: reference_counts_per_domain
2026-08-30 15:34:47.194 INFO [reference_counts_per_domain] Memory snapshot — total: 99.95 MB
  cache_rows: 34.75 MB (563166 entries)
  counts_rows: 65.20 MB (563166 entries)
  total_count: 0.00 MB (N/A entries)
2026-08-30 15:34:47.194 INFO Calculating metric: reference_replacements
Found 1028656 prefs in this timestep.
Found 136922 clearly dominated domains in this timestep.
Found 58517 clearly dominating domains in this timestep.
Found 52175 contested domains in this timestep.
Fraction of references that are clearly dominated: 93.48%
Fraction of references that are clearly dominating: 4.82%
Fraction of references that are contested: 0.28%
Fraction of references in the graph but unclassified: 0.58%
Fraction of references whose domain is not in the graph: 0.83%
--- Fun Facts ----
Number of domains in the graph is 338609 (302902 live)
Number of edges in the graph is 1605155 (987680 accepted)
edge density of the reference replacement graph: 0.0000
Average degree is 9.48 (preference graph: 6.52)
Relevance weight cutoff: 1.0 (kept 61.53% of edges)
DOI node is in graph
ISBN node is not in graph
DOI count: 89249.0
ISBN count: 0.0
Sessions concluded this step: 27700583 (avg size 2.06, cumulative avg 1.94)
Recycling:
  Recycled mass this step: 1241.0
  Recycled mass cumulative: 134452.0
  Tombstoned domains this step: 847
2026-08-30 15:56:18.049 INFO [reference_replacements.calculate] total=1290.85s query=40.75s derive=124.68s elicit=650.46s graph=1.20s mark_edges=0.42s scc=0.21s classify=470.15s score=0.66s write=0.73s rebuttal_searches=108734 rebuttal_skipped=4819
2026-08-30 15:57:04.815 INFO [reference_replacements] Memory snapshot — total: 2921.52 MB
  reference_graph: 257.64 MB (338609 entries)
  domain_to_vertex: 87.66 MB (338609 entries)
  reusable_vertex_pool: 3.09 MB (35707 entries)
  tombstoned_domains: 3.89 MB (35707 entries)
  tombstoned_domain_mass: 4.54 MB (35707 entries)
  open_session_counts_size: 1363.82 MB (1918017 entries)
  open_session_last_edit_size: 776.03 MB (1918017 entries)
  open_session_edits_size: 424.84 MB (1918017 entries)
2026-08-30 15:57:04.815 INFO [reference_replacements.log_memory] total=46.66s tracked=8
2026-08-30 15:57:04.815 INFO Memory usage (end of timestep, peak): 230.03 GiB
2026-08-30 15:57:04.816 INFO Memory usage (end of timestep, current): 83.40 GiB
2026-08-30 15:57:04.816 INFO (Iteration 71) reference_counts_per_domain: real 63.67s | cpu 45.28s
2026-08-30 15:57:04.816 INFO (Iteration 71) reference_replacements: real 1337.62s | cpu 1393.43s
2026-08-30 15:57:04.816 INFO Iteration 71 finished in 1766.92s (real) and 1727.16s (process)
2026-08-30 15:57:04.828 INFO Start timestep 2018-09-28 00:00:00+00:00 -> 2018-10-28 00:00:00+00:00
2026-08-30 16:06:53.241 INFO DuckDB memory logs:
  database_name database_size  block_size  ...  wal_size  memory_usage  memory_limit
0   postgres_db       6.2 TiB           0  ...   0 bytes      85.1 GiB     267.0 GiB
1        memory       0 bytes           0  ...   0 bytes      85.1 GiB     267.0 GiB

[2 rows x 9 columns]
2026-08-30 16:06:53.242 INFO Loading data (2018-09-28 00:00:00+00:00 -> 2018-10-28 00:00:00+00:00) done in 588.41s (real) and 463.69s (process)
2026-08-30 16:06:53.242 INFO Memory usage (start of timestep, peak): 230.03 GiB
2026-08-30 16:06:53.243 INFO Memory usage (start of timestep, current): 92.74 GiB
2026-08-30 16:06:53.243 INFO Calculating metrics
2026-08-30 16:06:53.243 INFO Calculating metric: reference_counts_per_domain
2026-08-30 16:07:46.849 INFO [reference_counts_per_domain] Memory snapshot — total: 74.21 MB
  cache_rows: 25.81 MB (421227 entries)
  counts_rows: 48.40 MB (421227 entries)
  total_count: 0.00 MB (N/A entries)
2026-08-30 16:07:46.850 INFO Calculating metric: reference_replacements
Found 1486511 prefs in this timestep.
Found 137922 clearly dominated domains in this timestep.
Found 57630 clearly dominating domains in this timestep.
Found 51921 contested domains in this timestep.
Fraction of references that are clearly dominated: 89.36%
Fraction of references that are clearly dominating: 1.72%
Fraction of references that are contested: 7.67%
Fraction of references in the graph but unclassified: 0.51%
Fraction of references whose domain is not in the graph: 0.74%
--- Fun Facts ----
Number of domains in the graph is 338609 (305035 live)
Number of edges in the graph is 1612793 (989215 accepted)
edge density of the reference replacement graph: 0.0000
Average degree is 9.53 (preference graph: 6.49)
Relevance weight cutoff: 1.0 (kept 61.34% of edges)
DOI node is in graph
ISBN node is not in graph
DOI count: 89496.0
ISBN count: 0.0
Sessions concluded this step: 47117249 (avg size 2.09, cumulative avg 1.95)
Recycling:
  Recycled mass this step: 3168.0
  Recycled mass cumulative: 137620.0
  Tombstoned domains this step: 957
2026-08-30 16:35:27.157 INFO [reference_replacements.calculate] total=1660.31s query=69.38s derive=195.03s elicit=1076.52s graph=1.36s mark_edges=0.48s scc=0.23s classify=313.66s score=0.47s write=0.60s rebuttal_searches=110094 rebuttal_skipped=3565
2026-08-30 16:36:06.336 INFO [reference_replacements] Memory snapshot — total: 2674.83 MB
  reference_graph: 258.63 MB (338609 entries)
  domain_to_vertex: 87.66 MB (338609 entries)
  reusable_vertex_pool: 3.02 MB (33574 entries)
  tombstoned_domains: 3.78 MB (33574 entries)
  tombstoned_domain_mass: 4.38 MB (33574 entries)
  open_session_counts_size: 1158.76 MB (1807117 entries)
  open_session_last_edit_size: 744.74 MB (1807117 entries)
  open_session_edits_size: 413.85 MB (1807117 entries)
2026-08-30 16:36:06.336 INFO [reference_replacements.log_memory] total=39.05s tracked=8
2026-08-30 16:36:06.336 INFO Memory usage (end of timestep, peak): 230.03 GiB
2026-08-30 16:36:06.336 INFO Memory usage (end of timestep, current): 123.74 GiB
2026-08-30 16:36:06.337 INFO (Iteration 72) reference_counts_per_domain: real 53.61s | cpu 56.31s
2026-08-30 16:36:06.337 INFO (Iteration 72) reference_replacements: real 1699.49s | cpu 1786.49s
2026-08-30 16:36:06.337 INFO Iteration 72 finished in 2341.51s (real) and 2306.50s (process)
2026-08-30 16:36:06.338 INFO Start timestep 2018-10-28 00:00:00+00:00 -> 2018-11-27 00:00:00+00:00
2026-08-30 16:40:11.589 INFO DuckDB memory logs:
  database_name database_size  block_size  ...  wal_size  memory_usage  memory_limit
0   postgres_db       6.2 TiB           0  ...   0 bytes      36.0 GiB     267.0 GiB
1        memory       0 bytes           0  ...   0 bytes      36.0 GiB     267.0 GiB

[2 rows x 9 columns]
2026-08-30 16:40:11.590 INFO Loading data (2018-10-28 00:00:00+00:00 -> 2018-11-27 00:00:00+00:00) done in 245.25s (real) and 192.86s (process)
2026-08-30 16:40:11.590 INFO Memory usage (start of timestep, peak): 230.03 GiB
2026-08-30 16:40:11.591 INFO Memory usage (start of timestep, current): 45.37 GiB
2026-08-30 16:40:11.591 INFO Calculating metrics
2026-08-30 16:40:11.591 INFO Calculating metric: reference_counts_per_domain
2026-08-30 16:41:05.147 INFO [reference_counts_per_domain] Memory snapshot — total: 78.99 MB
  cache_rows: 27.47 MB (447607 entries)
  counts_rows: 51.52 MB (447607 entries)
  total_count: 0.00 MB (N/A entries)
2026-08-30 16:41:05.147 INFO Calculating metric: reference_replacements
Found 3416605 prefs in this timestep.
Found 138004 clearly dominated domains in this timestep.
Found 57152 clearly dominating domains in this timestep.
Found 51922 contested domains in this timestep.
Fraction of references that are clearly dominated: 89.09%
Fraction of references that are clearly dominating: 1.42%
Fraction of references that are contested: 8.19%
Fraction of references in the graph but unclassified: 0.50%
Fraction of references whose domain is not in the graph: 0.80%
--- Fun Facts ----
Number of domains in the graph is 338609 (305497 live)
Number of edges in the graph is 1613784 (989059 accepted)
edge density of the reference replacement graph: 0.0000
Average degree is 9.53 (preference graph: 6.48)
Relevance weight cutoff: 1.0 (kept 61.29% of edges)
DOI node is in graph
ISBN node is not in graph
DOI count: 89444.0
ISBN count: 0.0
Sessions concluded this step: 16274540 (avg size 2.03, cumulative avg 1.96)
Recycling:
  Recycled mass this step: 927.0
  Recycled mass cumulative: 138547.0
  Tombstoned domains this step: 471
2026-08-30 16:58:28.579 INFO [reference_replacements.calculate] total=1043.43s query=21.50s derive=73.27s elicit=418.06s graph=0.99s mark_edges=0.43s scc=0.21s classify=526.72s score=0.59s write=0.70s rebuttal_searches=110120 rebuttal_skipped=3581
2026-08-30 16:59:03.602 INFO [reference_replacements] Memory snapshot — total: 2498.94 MB
  reference_graph: 258.76 MB (338609 entries)
  domain_to_vertex: 87.66 MB (338609 entries)
  reusable_vertex_pool: 3.01 MB (33112 entries)
  tombstoned_domains: 3.76 MB (33112 entries)
  tombstoned_domain_mass: 4.35 MB (33112 entries)
  open_session_counts_size: 1065.53 MB (1590095 entries)
  open_session_last_edit_size: 683.51 MB (1590095 entries)
  open_session_edits_size: 392.36 MB (1590095 entries)
2026-08-30 16:59:03.602 INFO [reference_replacements.log_memory] total=34.85s tracked=8
2026-08-30 16:59:03.602 INFO Memory usage (end of timestep, peak): 230.03 GiB
2026-08-30 16:59:03.602 INFO Memory usage (end of timestep, current): 57.19 GiB
2026-08-30 16:59:03.602 INFO (Iteration 73) reference_counts_per_domain: real 53.56s | cpu 38.87s
2026-08-30 16:59:03.603 INFO (Iteration 73) reference_replacements: real 1078.46s | cpu 1109.86s
2026-08-30 16:59:03.603 INFO Iteration 73 finished in 1377.26s (real) and 1341.59s (process)
2026-08-30 16:59:03.606 INFO Start timestep 2018-11-27 00:00:00+00:00 -> 2018-12-27 00:00:00+00:00
2026-08-30 17:03:19.786 INFO DuckDB memory logs:
  database_name database_size  block_size  ...  wal_size  memory_usage  memory_limit
0   postgres_db       6.2 TiB           0  ...   0 bytes      36.3 GiB     267.0 GiB
1        memory       0 bytes           0  ...   0 bytes      36.3 GiB     267.0 GiB

[2 rows x 9 columns]
2026-08-30 17:03:19.787 INFO Loading data (2018-11-27 00:00:00+00:00 -> 2018-12-27 00:00:00+00:00) done in 256.18s (real) and 201.43s (process)
2026-08-30 17:03:19.787 INFO Memory usage (start of timestep, peak): 230.03 GiB
2026-08-30 17:03:19.788 INFO Memory usage (start of timestep, current): 45.57 GiB
2026-08-30 17:03:19.788 INFO Calculating metrics
2026-08-30 17:03:19.788 INFO Calculating metric: reference_counts_per_domain
2026-08-30 17:04:10.025 INFO [reference_counts_per_domain] Memory snapshot — total: 81.21 MB
  cache_rows: 28.24 MB (459725 entries)
  counts_rows: 52.97 MB (459725 entries)
  total_count: 0.00 MB (N/A entries)
2026-08-30 17:04:10.025 INFO Calculating metric: reference_replacements
Found 1622740 prefs in this timestep.
Found 136313 clearly dominated domains in this timestep.
Found 56960 clearly dominating domains in this timestep.
Found 53929 contested domains in this timestep.
Fraction of references that are clearly dominated: 89.07%
Fraction of references that are clearly dominating: 1.44%
Fraction of references that are contested: 8.16%
Fraction of references in the graph but unclassified: 0.52%
Fraction of references whose domain is not in the graph: 0.81%
--- Fun Facts ----
Number of domains in the graph is 338609 (306084 live)
Number of edges in the graph is 1620995 (990992 accepted)
edge density of the reference replacement graph: 0.0000
Average degree is 9.57 (preference graph: 6.48)
Relevance weight cutoff: 1.0 (kept 61.13% of edges)
DOI node is in graph
ISBN node is not in graph
DOI count: 89689.0
ISBN count: 0.0
Sessions concluded this step: 15472022 (avg size 2.42, cumulative avg 1.97)
Recycling:
  Recycled mass this step: 1288.0
  Recycled mass cumulative: 139835.0
  Tombstoned domains this step: 712
2026-08-30 17:18:56.989 INFO [reference_replacements.calculate] total=886.96s query=24.51s derive=70.59s elicit=279.09s graph=0.99s mark_edges=0.42s scc=0.20s classify=508.91s score=0.60s write=0.71s rebuttal_searches=110190 rebuttal_skipped=3615
2026-08-30 17:19:01.391 INFO [reference_replacements] Memory snapshot — total: 1163.03 MB
  reference_graph: 259.69 MB (338609 entries)
  domain_to_vertex: 87.66 MB (338609 entries)
  reusable_vertex_pool: 2.99 MB (32525 entries)
  tombstoned_domains: 3.73 MB (32525 entries)
  tombstoned_domain_mass: 4.31 MB (32525 entries)
  open_session_counts_size: 288.37 MB (123291 entries)
  open_session_last_edit_size: 269.43 MB (123291 entries)
  open_session_edits_size: 246.86 MB (123291 entries)
2026-08-30 17:19:01.393 INFO [reference_replacements.log_memory] total=4.27s tracked=8
2026-08-30 17:19:01.393 INFO Memory usage (end of timestep, peak): 230.03 GiB
2026-08-30 17:19:01.393 INFO Memory usage (end of timestep, current): 55.29 GiB
2026-08-30 17:19:01.393 INFO (Iteration 74) reference_counts_per_domain: real 50.24s | cpu 35.24s
2026-08-30 17:19:01.393 INFO (Iteration 74) reference_replacements: real 891.37s | cpu 928.21s
2026-08-30 17:19:01.393 INFO Iteration 74 finished in 1197.79s (real) and 1164.89s (process)
2026-08-30 17:19:01.396 INFO Start timestep 2018-12-27 00:00:00+00:00 -> 2019-01-26 00:00:00+00:00
2026-08-30 17:21:52.289 INFO DuckDB memory logs:
  database_name database_size  block_size  ...  wal_size  memory_usage  memory_limit
0   postgres_db       6.2 TiB           0  ...   0 bytes      23.4 GiB     267.0 GiB
1        memory       0 bytes           0  ...   0 bytes      23.4 GiB     267.0 GiB

[2 rows x 9 columns]
2026-08-30 17:21:52.290 INFO Loading data (2018-12-27 00:00:00+00:00 -> 2019-01-26 00:00:00+00:00) done in 170.89s (real) and 134.69s (process)
2026-08-30 17:21:52.290 INFO Memory usage (start of timestep, peak): 230.03 GiB
2026-08-30 17:21:52.290 INFO Memory usage (start of timestep, current): 32.24 GiB
2026-08-30 17:21:52.290 INFO Calculating metrics
2026-08-30 17:21:52.291 INFO Calculating metric: reference_counts_per_domain
2026-08-30 17:22:36.636 INFO [reference_counts_per_domain] Memory snapshot — total: 87.93 MB
  cache_rows: 30.57 MB (496687 entries)
  counts_rows: 57.36 MB (496687 entries)
  total_count: 0.00 MB (N/A entries)
2026-08-30 17:22:36.637 INFO Calculating metric: reference_replacements
Found 2091170 prefs in this timestep.
Found 137238 clearly dominated domains in this timestep.
Found 54984 clearly dominating domains in this timestep.
Found 53953 contested domains in this timestep.
Fraction of references that are clearly dominated: 88.90%
Fraction of references that are clearly dominating: 1.56%
Fraction of references that are contested: 8.14%
Fraction of references in the graph but unclassified: 0.54%
Fraction of references whose domain is not in the graph: 0.87%
--- Fun Facts ----
Number of domains in the graph is 338609 (307179 live)
Number of edges in the graph is 1670620 (996906 accepted)
edge density of the reference replacement graph: 0.0000
Average degree is 9.87 (preference graph: 6.49)
Relevance weight cutoff: 1.0 (kept 59.67% of edges)
DOI node is in graph
ISBN node is not in graph
DOI count: 92795.0
ISBN count: 0.0
Sessions concluded this step: 6680932 (avg size 2.72, cumulative avg 1.97)
Recycling:
  Recycled mass this step: 3402.0
  Recycled mass cumulative: 143237.0
  Tombstoned domains this step: 2304
2026-08-30 17:36:19.728 INFO [reference_replacements.calculate] total=823.09s query=17.77s derive=48.15s elicit=195.25s graph=2.14s mark_edges=0.37s scc=0.21s classify=557.23s score=0.63s write=0.69s rebuttal_searches=110284 rebuttal_skipped=3931
2026-08-30 17:36:46.032 INFO [reference_replacements] Memory snapshot — total: 1490.91 MB
  reference_graph: 266.36 MB (338609 entries)
  domain_to_vertex: 87.66 MB (338609 entries)
  reusable_vertex_pool: 2.96 MB (31430 entries)
  tombstoned_domains: 3.67 MB (31430 entries)
  tombstoned_domain_mass: 4.22 MB (31430 entries)
  open_session_counts_size: 674.20 MB (876985 entries)
  open_session_last_edit_size: 306.20 MB (876985 entries)
  open_session_edits_size: 145.63 MB (876985 entries)
2026-08-30 17:36:46.033 INFO [reference_replacements.log_memory] total=26.18s tracked=8
2026-08-30 17:36:46.033 INFO Memory usage (end of timestep, peak): 230.03 GiB
2026-08-30 17:36:46.033 INFO Memory usage (end of timestep, current): 41.78 GiB
2026-08-30 17:36:46.033 INFO (Iteration 75) reference_counts_per_domain: real 44.35s | cpu 21.12s
2026-08-30 17:36:46.033 INFO (Iteration 75) reference_replacements: real 849.40s | cpu 873.33s
2026-08-30 17:36:46.033 INFO Iteration 75 finished in 1064.64s (real) and 1029.14s (process)
2026-08-30 17:36:46.035 INFO Start timestep 2019-01-26 00:00:00+00:00 -> 2019-02-25 00:00:00+00:00
2026-08-30 17:38:45.506 INFO DuckDB memory logs:
  database_name database_size  block_size  ...  wal_size  memory_usage  memory_limit
0   postgres_db       6.2 TiB           0  ...   0 bytes      16.1 GiB     267.0 GiB
1        memory       0 bytes           0  ...   0 bytes      16.1 GiB     267.0 GiB

[2 rows x 9 columns]
2026-08-30 17:38:45.507 INFO Loading data (2019-01-26 00:00:00+00:00 -> 2019-02-25 00:00:00+00:00) done in 119.47s (real) and 94.56s (process)
2026-08-30 17:38:45.507 INFO Memory usage (start of timestep, peak): 230.03 GiB
2026-08-30 17:38:45.507 INFO Memory usage (start of timestep, current): 26.06 GiB
2026-08-30 17:38:45.507 INFO Calculating metrics
2026-08-30 17:38:45.507 INFO Calculating metric: reference_counts_per_domain
2026-08-30 17:39:30.540 INFO [reference_counts_per_domain] Memory snapshot — total: 90.51 MB
  cache_rows: 31.47 MB (510780 entries)
  counts_rows: 59.04 MB (510780 entries)
  total_count: 0.00 MB (N/A entries)
2026-08-30 17:39:30.540 INFO Calculating metric: reference_replacements
Found 442853 prefs in this timestep.
Found 137416 clearly dominated domains in this timestep.
Found 54257 clearly dominating domains in this timestep.
Found 54183 contested domains in this timestep.
Fraction of references that are clearly dominated: 88.87%
Fraction of references that are clearly dominating: 1.58%
Fraction of references that are contested: 8.06%
Fraction of references in the graph but unclassified: 0.63%
Fraction of references whose domain is not in the graph: 0.86%
--- Fun Facts ----
Number of domains in the graph is 338609 (307960 live)
Number of edges in the graph is 1679458 (999188 accepted)
edge density of the reference replacement graph: 0.0000
Average degree is 9.92 (preference graph: 6.49)
Relevance weight cutoff: 1.0 (kept 59.49% of edges)
DOI node is in graph
ISBN node is not in graph
DOI count: 92703.0
ISBN count: 0.0
Sessions concluded this step: 6600544 (avg size 3.24, cumulative avg 1.99)
Recycling:
  Recycled mass this step: 1496.0
  Recycled mass cumulative: 144733.0
  Tombstoned domains this step: 750
2026-08-30 17:52:14.799 INFO [reference_replacements.calculate] total=764.26s query=10.02s derive=27.52s elicit=129.22s graph=0.90s mark_edges=0.43s scc=0.22s classify=594.04s score=0.64s write=0.73s rebuttal_searches=110315 rebuttal_skipped=4041
2026-08-30 17:52:26.350 INFO [reference_replacements] Memory snapshot — total: 914.19 MB
  reference_graph: 267.56 MB (338609 entries)
  domain_to_vertex: 87.66 MB (338609 entries)
  reusable_vertex_pool: 2.94 MB (30649 entries)
  tombstoned_domains: 3.63 MB (30649 entries)
  tombstoned_domain_mass: 4.16 MB (30649 entries)
  open_session_counts_size: 303.26 MB (334777 entries)
  open_session_last_edit_size: 153.14 MB (334777 entries)
  open_session_edits_size: 91.85 MB (334777 entries)
2026-08-30 17:52:26.351 INFO [reference_replacements.log_memory] total=11.48s tracked=8
2026-08-30 17:52:26.351 INFO Memory usage (end of timestep, peak): 230.03 GiB
2026-08-30 17:52:26.351 INFO Memory usage (end of timestep, current): 31.41 GiB
2026-08-30 17:52:26.351 INFO (Iteration 76) reference_counts_per_domain: real 45.03s | cpu 17.69s
2026-08-30 17:52:26.351 INFO (Iteration 76) reference_replacements: real 775.81s | cpu 790.37s
2026-08-30 17:52:26.351 INFO Iteration 76 finished in 940.32s (real) and 902.61s (process)
2026-08-30 17:52:26.354 INFO Start timestep 2019-02-25 00:00:00+00:00 -> 2019-03-27 00:00:00+00:00
2026-08-30 17:56:14.698 INFO DuckDB memory logs:
  database_name database_size  block_size  ...  wal_size  memory_usage  memory_limit
0   postgres_db       6.2 TiB           0  ...   0 bytes      33.0 GiB     267.0 GiB
1        memory       0 bytes           0  ...   0 bytes      33.0 GiB     267.0 GiB

[2 rows x 9 columns]
2026-08-30 17:56:14.699 INFO Loading data (2019-02-25 00:00:00+00:00 -> 2019-03-27 00:00:00+00:00) done in 228.34s (real) and 173.95s (process)
2026-08-30 17:56:14.699 INFO Memory usage (start of timestep, peak): 230.03 GiB
2026-08-30 17:56:14.699 INFO Memory usage (start of timestep, current): 41.05 GiB
2026-08-30 17:56:14.700 INFO Calculating metrics
2026-08-30 17:56:14.700 INFO Calculating metric: reference_counts_per_domain
2026-08-30 17:57:03.573 INFO [reference_counts_per_domain] Memory snapshot — total: 92.47 MB
  cache_rows: 32.15 MB (521501 entries)
  counts_rows: 60.32 MB (521501 entries)
  total_count: 0.00 MB (N/A entries)
2026-08-30 17:57:03.574 INFO Calculating metric: reference_replacements
Found 10736715 prefs in this timestep.
Found 157866 clearly dominated domains in this timestep.
Found 44439 clearly dominating domains in this timestep.
Found 95891 contested domains in this timestep.
Fraction of references that are clearly dominated: 88.86%
Fraction of references that are clearly dominating: 1.55%
Fraction of references that are contested: 8.04%
Fraction of references in the graph but unclassified: 0.74%
Fraction of references whose domain is not in the graph: 0.82%
--- Fun Facts ----
Number of domains in the graph is 386837 (342494 live)
Number of edges in the graph is 1699492 (1055065 accepted)
edge density of the reference replacement graph: 0.0000
Average degree is 8.79 (preference graph: 6.16)
Relevance weight cutoff: 1.0 (kept 62.08% of edges)
DOI node is in graph
ISBN node is not in graph
DOI count: 93368.0
ISBN count: 0.0
Sessions concluded this step: 9301176 (avg size 4.27, cumulative avg 2.02)
Recycling:
  Recycled mass this step: 40664.0
  Recycled mass cumulative: 185397.0
  Tombstoned domains this step: 44343
2026-08-30 18:15:55.319 INFO [reference_replacements.calculate] total=1131.75s query=24.28s derive=71.03s elicit=456.00s graph=7.41s mark_edges=0.42s scc=0.26s classify=569.79s score=0.77s write=0.78s rebuttal_searches=120558 rebuttal_skipped=1259
2026-08-30 18:16:56.739 INFO [reference_replacements] Memory snapshot — total: 3644.64 MB
  reference_graph: 276.16 MB (386837 entries)
  domain_to_vertex: 98.21 MB (386837 entries)
  reusable_vertex_pool: 3.35 MB (44343 entries)
  tombstoned_domains: 4.36 MB (44343 entries)
  tombstoned_domain_mass: 5.21 MB (44343 entries)
  open_session_counts_size: 1627.39 MB (3657795 entries)
  open_session_last_edit_size: 1149.85 MB (3657795 entries)
  open_session_edits_size: 480.09 MB (3657795 entries)
2026-08-30 18:16:56.739 INFO [reference_replacements.log_memory] total=60.98s tracked=8
2026-08-30 18:16:56.739 INFO Memory usage (end of timestep, peak): 230.03 GiB
2026-08-30 18:16:56.739 INFO Memory usage (end of timestep, current): 53.55 GiB
2026-08-30 18:16:56.739 INFO (Iteration 77) reference_counts_per_domain: real 48.87s | cpu 27.42s
2026-08-30 18:16:56.739 INFO (Iteration 77) reference_replacements: real 1193.17s | cpu 1228.00s
2026-08-30 18:16:56.739 INFO Iteration 77 finished in 1470.38s (real) and 1429.38s (process)
2026-08-30 18:16:56.743 INFO Start timestep 2019-03-27 00:00:00+00:00 -> 2019-04-26 00:00:00+00:00
2026-08-30 18:20:41.985 INFO DuckDB memory logs:
  database_name database_size  block_size  ...  wal_size  memory_usage  memory_limit
0   postgres_db       6.2 TiB           0  ...   0 bytes      31.5 GiB     267.0 GiB
1        memory       0 bytes           0  ...   0 bytes      31.5 GiB     267.0 GiB

[2 rows x 9 columns]
2026-08-30 18:20:41.986 INFO Loading data (2019-03-27 00:00:00+00:00 -> 2019-04-26 00:00:00+00:00) done in 225.24s (real) and 176.46s (process)
2026-08-30 18:20:41.986 INFO Memory usage (start of timestep, peak): 230.03 GiB
2026-08-30 18:20:41.986 INFO Memory usage (start of timestep, current): 40.20 GiB
2026-08-30 18:20:41.986 INFO Calculating metrics
2026-08-30 18:20:41.986 INFO Calculating metric: reference_counts_per_domain
2026-08-30 18:21:27.125 INFO [reference_counts_per_domain] Memory snapshot — total: 93.50 MB
  cache_rows: 32.51 MB (526932 entries)
  counts_rows: 60.99 MB (526932 entries)
  total_count: 0.00 MB (N/A entries)
2026-08-30 18:21:27.125 INFO Calculating metric: reference_replacements
Found 1745102 prefs in this timestep.
Found 157536 clearly dominated domains in this timestep.
Found 44553 clearly dominating domains in this timestep.
Found 96111 contested domains in this timestep.
Fraction of references that are clearly dominated: 88.91%
Fraction of references that are clearly dominating: 1.57%
Fraction of references that are contested: 7.94%
Fraction of references in the graph but unclassified: 0.76%
Fraction of references whose domain is not in the graph: 0.81%
--- Fun Facts ----
Number of domains in the graph is 386837 (342963 live)
Number of edges in the graph is 1701250 (1055648 accepted)
edge density of the reference replacement graph: 0.0000
Average degree is 8.80 (preference graph: 6.16)
Relevance weight cutoff: 1.0 (kept 62.05% of edges)
DOI node is in graph
ISBN node is not in graph
DOI count: 94821.0
ISBN count: 0.0
Sessions concluded this step: 20554960 (avg size 1.26, cumulative avg 1.99)
Recycling:
  Recycled mass this step: 1049.0
  Recycled mass cumulative: 186446.0
  Tombstoned domains this step: 717
2026-08-30 18:38:45.419 INFO [reference_replacements.calculate] total=1038.29s query=20.48s derive=44.44s elicit=353.66s graph=1.15s mark_edges=0.45s scc=0.28s classify=615.60s score=0.71s write=0.82s rebuttal_searches=120800 rebuttal_skipped=1264
2026-08-30 18:39:01.821 INFO [reference_replacements] Memory snapshot — total: 1389.70 MB
  reference_graph: 276.40 MB (386837 entries)
  domain_to_vertex: 98.21 MB (386837 entries)
  reusable_vertex_pool: 3.34 MB (43874 entries)
  tombstoned_domains: 4.34 MB (43874 entries)
  tombstoned_domain_mass: 5.18 MB (43874 entries)
  open_session_counts_size: 477.99 MB (759368 entries)
  open_session_last_edit_size: 331.64 MB (759368 entries)
  open_session_edits_size: 192.60 MB (759368 entries)
2026-08-30 18:39:01.822 INFO [reference_replacements.log_memory] total=16.28s tracked=8
2026-08-30 18:39:01.822 INFO Memory usage (end of timestep, peak): 230.03 GiB
2026-08-30 18:39:01.822 INFO Memory usage (end of timestep, current): 51.44 GiB
2026-08-30 18:39:01.822 INFO (Iteration 78) reference_counts_per_domain: real 45.14s | cpu 21.61s
2026-08-30 18:39:01.822 INFO (Iteration 78) reference_replacements: real 1054.70s | cpu 1083.97s
2026-08-30 18:39:01.822 INFO Iteration 78 finished in 1325.08s (real) and 1282.04s (process)
2026-08-30 18:39:01.823 INFO Start timestep 2019-04-26 00:00:00+00:00 -> 2019-05-26 00:00:00+00:00
2026-08-30 18:42:01.581 INFO DuckDB memory logs:
  database_name database_size  block_size  ...  wal_size  memory_usage  memory_limit
0   postgres_db       6.2 TiB           0  ...   0 bytes      24.5 GiB     267.0 GiB
1        memory       0 bytes           0  ...   0 bytes      24.5 GiB     267.0 GiB

[2 rows x 9 columns]
2026-08-30 18:42:01.581 INFO Loading data (2019-04-26 00:00:00+00:00 -> 2019-05-26 00:00:00+00:00) done in 179.76s (real) and 140.38s (process)
2026-08-30 18:42:01.582 INFO Memory usage (start of timestep, peak): 230.03 GiB
2026-08-30 18:42:01.582 INFO Memory usage (start of timestep, current): 34.05 GiB
2026-08-30 18:42:01.582 INFO Calculating metrics
2026-08-30 18:42:01.582 INFO Calculating metric: reference_counts_per_domain
2026-08-30 18:42:49.646 INFO [reference_counts_per_domain] Memory snapshot — total: 95.91 MB
  cache_rows: 33.34 MB (539795 entries)
  counts_rows: 62.56 MB (539795 entries)
  total_count: 0.00 MB (N/A entries)
2026-08-30 18:42:49.646 INFO Calculating metric: reference_replacements
Found 1993035 prefs in this timestep.
Found 155357 clearly dominated domains in this timestep.
Found 44751 clearly dominating domains in this timestep.
Found 98180 contested domains in this timestep.
Fraction of references that are clearly dominated: 88.75%
Fraction of references that are clearly dominating: 1.87%
Fraction of references that are contested: 7.91%
Fraction of references in the graph but unclassified: 0.66%
Fraction of references whose domain is not in the graph: 0.81%
--- Fun Facts ----
Number of domains in the graph is 386837 (343827 live)
Number of edges in the graph is 1712976 (1059195 accepted)
edge density of the reference replacement graph: 0.0000
Average degree is 8.86 (preference graph: 6.16)
Relevance weight cutoff: 1.0 (kept 61.83% of edges)
DOI node is in graph
ISBN node is not in graph
DOI count: 95025.0
ISBN count: 0.0
Sessions concluded this step: 10793667 (avg size 2.81, cumulative avg 2.01)
Recycling:
  Recycled mass this step: 1856.0
  Recycled mass cumulative: 188302.0
  Tombstoned domains this step: 1299
2026-08-30 18:58:32.413 INFO [reference_replacements.calculate] total=942.77s query=18.91s derive=52.74s elicit=239.90s graph=1.63s mark_edges=0.40s scc=0.26s classify=626.36s score=0.83s write=0.85s rebuttal_searches=120753 rebuttal_skipped=1585
2026-08-30 18:58:44.622 INFO [reference_replacements] Memory snapshot — total: 1191.72 MB
  reference_graph: 277.98 MB (386837 entries)
  domain_to_vertex: 98.21 MB (386837 entries)
  reusable_vertex_pool: 3.31 MB (43010 entries)
  tombstoned_domains: 4.29 MB (43010 entries)
  tombstoned_domain_mass: 5.11 MB (43010 entries)
  open_session_counts_size: 357.18 MB (553155 entries)
  open_session_last_edit_size: 273.46 MB (553155 entries)
  open_session_edits_size: 172.18 MB (553155 entries)
2026-08-30 18:58:44.622 INFO [reference_replacements.log_memory] total=12.06s tracked=8
2026-08-30 18:58:44.622 INFO Memory usage (end of timestep, peak): 230.03 GiB
2026-08-30 18:58:44.622 INFO Memory usage (end of timestep, current): 42.76 GiB
2026-08-30 18:58:44.622 INFO (Iteration 79) reference_counts_per_domain: real 48.06s | cpu 22.42s
2026-08-30 18:58:44.622 INFO (Iteration 79) reference_replacements: real 954.98s | cpu 981.10s
2026-08-30 18:58:44.622 INFO Iteration 79 finished in 1182.80s (real) and 1143.90s (process)
2026-08-30 18:58:44.623 INFO Start timestep 2019-05-26 00:00:00+00:00 -> 2019-06-25 00:00:00+00:00
2026-08-30 19:00:31.542 INFO DuckDB memory logs:
  database_name database_size  block_size  ...  wal_size  memory_usage  memory_limit
0   postgres_db       6.2 TiB           0  ...   0 bytes      13.8 GiB     267.0 GiB
1        memory       0 bytes           0  ...   0 bytes      13.8 GiB     267.0 GiB

[2 rows x 9 columns]
2026-08-30 19:00:31.542 INFO Loading data (2019-05-26 00:00:00+00:00 -> 2019-06-25 00:00:00+00:00) done in 106.92s (real) and 85.52s (process)
2026-08-30 19:00:31.542 INFO Memory usage (start of timestep, peak): 230.03 GiB
2026-08-30 19:00:31.543 INFO Memory usage (start of timestep, current): 23.07 GiB
2026-08-30 19:00:31.543 INFO Calculating metrics
2026-08-30 19:00:31.543 INFO Calculating metric: reference_counts_per_domain
2026-08-30 19:01:18.600 INFO [reference_counts_per_domain] Memory snapshot — total: 98.02 MB
  cache_rows: 34.08 MB (551307 entries)
  counts_rows: 63.95 MB (551307 entries)
  total_count: 0.00 MB (N/A entries)
2026-08-30 19:01:18.600 INFO Calculating metric: reference_replacements
Found 367292 prefs in this timestep.
Found 153840 clearly dominated domains in this timestep.
Found 44871 clearly dominating domains in this timestep.
Found 99405 contested domains in this timestep.
Fraction of references that are clearly dominated: 88.53%
Fraction of references that are clearly dominating: 1.86%
Fraction of references that are contested: 8.04%
Fraction of references in the graph but unclassified: 0.90%
Fraction of references whose domain is not in the graph: 0.66%
--- Fun Facts ----
Number of domains in the graph is 386837 (344816 live)
Number of edges in the graph is 1717147 (1060075 accepted)
edge density of the reference replacement graph: 0.0000
Average degree is 8.88 (preference graph: 6.15)
Relevance weight cutoff: 1.0 (kept 61.73% of edges)
DOI node is in graph
ISBN node is not in graph
DOI count: 94765.0
ISBN count: 0.0
Sessions concluded this step: 5591110 (avg size 2.13, cumulative avg 2.01)
Recycling:
  Recycled mass this step: 1118.0
  Recycled mass cumulative: 189420.0
  Tombstoned domains this step: 626
2026-08-30 19:13:58.497 INFO [reference_replacements.calculate] total=759.90s query=8.24s derive=20.39s elicit=94.21s graph=0.91s mark_edges=0.42s scc=0.26s classify=633.49s score=0.81s write=0.80s rebuttal_searches=120815 rebuttal_skipped=1616
2026-08-30 19:14:05.315 INFO [reference_replacements] Memory snapshot — total: 941.30 MB
  reference_graph: 278.55 MB (386837 entries)
  domain_to_vertex: 98.21 MB (386837 entries)
  reusable_vertex_pool: 3.28 MB (42021 entries)
  tombstoned_domains: 4.24 MB (42021 entries)
  tombstoned_domain_mass: 5.04 MB (42021 entries)
  open_session_counts_size: 225.90 MB (239881 entries)
  open_session_last_edit_size: 185.00 MB (239881 entries)
  open_session_edits_size: 141.08 MB (239881 entries)
2026-08-30 19:14:05.315 INFO [reference_replacements.log_memory] total=6.74s tracked=8
2026-08-30 19:14:05.315 INFO Memory usage (end of timestep, peak): 230.03 GiB
2026-08-30 19:14:05.316 INFO Memory usage (end of timestep, current): 27.41 GiB
2026-08-30 19:14:05.316 INFO (Iteration 80) reference_counts_per_domain: real 47.06s | cpu 15.61s
2026-08-30 19:14:05.316 INFO (Iteration 80) reference_replacements: real 766.72s | cpu 778.62s
2026-08-30 19:14:05.316 INFO Iteration 80 finished in 920.69s (real) and 879.74s (process)
2026-08-30 19:14:05.319 INFO Start timestep 2019-06-25 00:00:00+00:00 -> 2019-07-25 00:00:00+00:00
2026-08-30 19:16:51.603 INFO DuckDB memory logs:
  database_name database_size  block_size  ...  wal_size  memory_usage  memory_limit
0   postgres_db       6.2 TiB           0  ...   0 bytes      23.6 GiB     267.0 GiB
1        memory       0 bytes           0  ...   0 bytes      23.6 GiB     267.0 GiB

[2 rows x 9 columns]
2026-08-30 19:16:51.604 INFO Loading data (2019-06-25 00:00:00+00:00 -> 2019-07-25 00:00:00+00:00) done in 166.28s (real) and 127.52s (process)
2026-08-30 19:16:51.604 INFO Memory usage (start of timestep, peak): 230.03 GiB
2026-08-30 19:16:51.604 INFO Memory usage (start of timestep, current): 31.76 GiB
2026-08-30 19:16:51.604 INFO Calculating metrics
2026-08-30 19:16:51.604 INFO Calculating metric: reference_counts_per_domain
2026-08-30 19:17:40.323 INFO [reference_counts_per_domain] Memory snapshot — total: 103.91 MB
  cache_rows: 36.12 MB (584019 entries)
  counts_rows: 67.79 MB (584019 entries)
  total_count: 0.00 MB (N/A entries)
2026-08-30 19:17:40.323 INFO Calculating metric: reference_replacements
Found 129057 prefs in this timestep.
Found 153765 clearly dominated domains in this timestep.
Found 45028 clearly dominating domains in this timestep.
Found 99402 contested domains in this timestep.
Fraction of references that are clearly dominated: 88.58%
Fraction of references that are clearly dominating: 1.81%
Fraction of references that are contested: 8.00%
Fraction of references in the graph but unclassified: 0.90%
Fraction of references whose domain is not in the graph: 0.70%
--- Fun Facts ----
Number of domains in the graph is 386837 (345206 live)
Number of edges in the graph is 1719025 (1061008 accepted)
edge density of the reference replacement graph: 0.0000
Average degree is 8.89 (preference graph: 6.15)
Relevance weight cutoff: 1.0 (kept 61.72% of edges)
DOI node is in graph
ISBN node is not in graph
DOI count: 94662.0
ISBN count: 1.0
Sessions concluded this step: 13919695 (avg size 1.19, cumulative avg 1.99)
Recycling:
  Recycled mass this step: 845.0
  Recycled mass cumulative: 190265.0
  Tombstoned domains this step: 605
2026-08-30 19:33:23.886 INFO [reference_replacements.calculate] total=943.56s query=13.20s derive=31.70s elicit=294.23s graph=0.78s mark_edges=0.46s scc=0.26s classify=600.62s score=0.82s write=0.90s rebuttal_searches=120818 rebuttal_skipped=1672
2026-08-30 19:33:50.229 INFO [reference_replacements] Memory snapshot — total: 1741.73 MB
  reference_graph: 278.82 MB (386837 entries)
  domain_to_vertex: 98.21 MB (386837 entries)
  reusable_vertex_pool: 3.27 MB (41631 entries)
  tombstoned_domains: 4.22 MB (41631 entries)
  tombstoned_domain_mass: 5.01 MB (41631 entries)
  open_session_counts_size: 666.89 MB (1489180 entries)
  open_session_last_edit_size: 479.00 MB (1489180 entries)
  open_session_edits_size: 206.32 MB (1489180 entries)
2026-08-30 19:33:50.230 INFO [reference_replacements.log_memory] total=26.27s tracked=8
2026-08-30 19:33:50.230 INFO Memory usage (end of timestep, peak): 230.03 GiB
2026-08-30 19:33:50.230 INFO Memory usage (end of timestep, current): 41.59 GiB
2026-08-30 19:33:50.230 INFO (Iteration 81) reference_counts_per_domain: real 48.72s | cpu 16.80s
2026-08-30 19:33:50.230 INFO (Iteration 81) reference_replacements: real 969.91s | cpu 989.71s
2026-08-30 19:33:50.230 INFO Iteration 81 finished in 1184.91s (real) and 1134.03s (process)
2026-08-30 19:33:50.239 INFO Start timestep 2019-07-25 00:00:00+00:00 -> 2019-08-24 00:00:00+00:00
2026-08-30 19:35:43.856 INFO DuckDB memory logs:
  database_name database_size  block_size  ...  wal_size  memory_usage  memory_limit
0   postgres_db       6.2 TiB           0  ...   0 bytes      13.9 GiB     267.0 GiB
1        memory       0 bytes           0  ...   0 bytes      13.9 GiB     267.0 GiB

[2 rows x 9 columns]
2026-08-30 19:35:43.858 INFO Loading data (2019-07-25 00:00:00+00:00 -> 2019-08-24 00:00:00+00:00) done in 113.62s (real) and 89.39s (process)
2026-08-30 19:35:43.858 INFO Memory usage (start of timestep, peak): 230.03 GiB
2026-08-30 19:35:43.858 INFO Memory usage (start of timestep, current): 22.83 GiB
2026-08-30 19:35:43.858 INFO Calculating metrics
2026-08-30 19:35:43.858 INFO Calculating metric: reference_counts_per_domain
2026-08-30 19:36:32.592 INFO [reference_counts_per_domain] Memory snapshot — total: 106.63 MB
  cache_rows: 37.07 MB (598867 entries)
  counts_rows: 69.57 MB (598867 entries)
  total_count: 0.00 MB (N/A entries)
2026-08-30 19:36:32.592 INFO Calculating metric: reference_replacements
Found 93964 prefs in this timestep.
Found 153414 clearly dominated domains in this timestep.
Found 45194 clearly dominating domains in this timestep.
Found 99420 contested domains in this timestep.
Fraction of references that are clearly dominated: 88.39%
Fraction of references that are clearly dominating: 1.83%
Fraction of references that are contested: 8.11%
Fraction of references in the graph but unclassified: 0.93%
Fraction of references whose domain is not in the graph: 0.74%
--- Fun Facts ----
Number of domains in the graph is 386837 (345630 live)
Number of edges in the graph is 1720681 (1061449 accepted)
edge density of the reference replacement graph: 0.0000
Average degree is 8.90 (preference graph: 6.14)
Relevance weight cutoff: 1.0 (kept 61.69% of edges)
DOI node is in graph
ISBN node is not in graph
DOI count: 95305.0
ISBN count: 1.0
Sessions concluded this step: 7797713 (avg size 1.23, cumulative avg 1.98)
Recycling:
  Recycled mass this step: 1072.0
  Recycled mass cumulative: 191337.0
  Tombstoned domains this step: 845
2026-08-30 19:50:29.853 INFO [reference_replacements.calculate] total=837.26s query=6.50s derive=17.55s elicit=182.95s graph=0.83s mark_edges=0.45s scc=0.26s classify=626.66s score=0.84s write=0.82s rebuttal_searches=120842 rebuttal_skipped=1730
2026-08-30 19:50:51.142 INFO [reference_replacements] Memory snapshot — total: 1665.54 MB
  reference_graph: 279.04 MB (386837 entries)
  domain_to_vertex: 98.21 MB (386837 entries)
  reusable_vertex_pool: 3.26 MB (41207 entries)
  tombstoned_domains: 4.20 MB (41207 entries)
  tombstoned_domain_mass: 4.97 MB (41207 entries)
  open_session_counts_size: 613.58 MB (1121221 entries)
  open_session_last_edit_size: 433.79 MB (1121221 entries)
  open_session_edits_size: 228.49 MB (1121221 entries)
2026-08-30 19:50:51.142 INFO [reference_replacements.log_memory] total=21.22s tracked=8
2026-08-30 19:50:51.142 INFO Memory usage (end of timestep, peak): 230.03 GiB
2026-08-30 19:50:51.142 INFO Memory usage (end of timestep, current): 27.31 GiB
2026-08-30 19:50:51.142 INFO (Iteration 82) reference_counts_per_domain: real 48.73s | cpu 13.95s
2026-08-30 19:50:51.142 INFO (Iteration 82) reference_replacements: real 858.55s | cpu 869.59s
2026-08-30 19:50:51.142 INFO Iteration 82 finished in 1020.90s (real) and 972.93s (process)
2026-08-30 19:50:51.143 INFO Start timestep 2019-08-24 00:00:00+00:00 -> 2019-09-23 00:00:00+00:00
2026-08-30 19:55:05.435 INFO DuckDB memory logs:
  database_name database_size  block_size  ...  wal_size  memory_usage  memory_limit
0   postgres_db       6.2 TiB           0  ...   0 bytes      35.0 GiB     267.0 GiB
1        memory       0 bytes           0  ...   0 bytes      35.0 GiB     267.0 GiB

[2 rows x 9 columns]
2026-08-30 19:55:05.435 INFO Loading data (2019-08-24 00:00:00+00:00 -> 2019-09-23 00:00:00+00:00) done in 254.29s (real) and 232.66s (process)
2026-08-30 19:55:05.436 INFO Memory usage (start of timestep, peak): 230.03 GiB
2026-08-30 19:55:05.436 INFO Memory usage (start of timestep, current): 42.71 GiB
2026-08-30 19:55:05.436 INFO Calculating metrics
2026-08-30 19:55:05.436 INFO Calculating metric: reference_counts_per_domain
2026-08-30 19:56:09.366 INFO [reference_counts_per_domain] Memory snapshot — total: 108.96 MB
  cache_rows: 37.87 MB (611389 entries)
  counts_rows: 71.09 MB (611389 entries)
  total_count: 0.00 MB (N/A entries)
2026-08-30 19:56:09.366 INFO Calculating metric: reference_replacements
Found 1507716 prefs in this timestep.
Found 153161 clearly dominated domains in this timestep.
Found 45306 clearly dominating domains in this timestep.
Found 99439 contested domains in this timestep.
Fraction of references that are clearly dominated: 89.14%
Fraction of references that are clearly dominating: 1.30%
Fraction of references that are contested: 7.79%
Fraction of references in the graph but unclassified: 0.94%
Fraction of references whose domain is not in the graph: 0.83%
--- Fun Facts ----
Number of domains in the graph is 386837 (346171 live)
Number of edges in the graph is 1721817 (1061682 accepted)
edge density of the reference replacement graph: 0.0000
Average degree is 8.90 (preference graph: 6.13)
Relevance weight cutoff: 1.0 (kept 61.66% of edges)
DOI node is in graph
ISBN node is in graph
DOI count: 94804.0
ISBN count: 1.0
Sessions concluded this step: 15726264 (avg size 1.84, cumulative avg 1.98)
Recycling:
  Recycled mass this step: 830.0
  Recycled mass cumulative: 192167.0
  Tombstoned domains this step: 565
2026-08-30 20:15:04.077 INFO [reference_replacements.calculate] total=1134.71s query=26.02s derive=65.33s elicit=459.54s graph=1.05s mark_edges=0.47s scc=0.26s classify=579.53s score=0.83s write=0.86s rebuttal_searches=120875 rebuttal_skipped=1757
2026-08-30 20:16:02.478 INFO [reference_replacements] Memory snapshot — total: 3263.28 MB
  reference_graph: 279.20 MB (386837 entries)
  domain_to_vertex: 98.21 MB (386837 entries)
  reusable_vertex_pool: 3.24 MB (40666 entries)
  tombstoned_domains: 4.17 MB (40666 entries)
  tombstoned_domain_mass: 4.93 MB (40666 entries)
  open_session_counts_size: 1531.39 MB (2903304 entries)
  open_session_last_edit_size: 936.87 MB (2903304 entries)
  open_session_edits_size: 405.26 MB (2903304 entries)
2026-08-30 20:16:02.478 INFO [reference_replacements.log_memory] total=58.28s tracked=8
2026-08-30 20:16:02.478 INFO Memory usage (end of timestep, peak): 230.03 GiB
2026-08-30 20:16:02.478 INFO Memory usage (end of timestep, current): 55.76 GiB
2026-08-30 20:16:02.478 INFO (Iteration 83) reference_counts_per_domain: real 63.93s | cpu 30.94s
2026-08-30 20:16:02.478 INFO (Iteration 83) reference_replacements: real 1193.11s | cpu 1229.53s
2026-08-30 20:16:02.478 INFO Iteration 83 finished in 1511.33s (real) and 1493.13s (process)
2026-08-30 20:16:02.479 INFO Start timestep 2019-09-23 00:00:00+00:00 -> 2019-10-23 00:00:00+00:00
2026-08-30 20:26:48.028 INFO DuckDB memory logs:
  database_name database_size  block_size  ...  wal_size  memory_usage  memory_limit
0   postgres_db       6.2 TiB           0  ...   0 bytes      92.5 GiB     267.0 GiB
1        memory       0 bytes           0  ...   0 bytes      92.5 GiB     267.0 GiB

[2 rows x 9 columns]
2026-08-30 20:26:48.029 INFO Loading data (2019-09-23 00:00:00+00:00 -> 2019-10-23 00:00:00+00:00) done in 645.55s (real) and 505.94s (process)
2026-08-30 20:26:48.029 INFO Memory usage (start of timestep, peak): 230.03 GiB
2026-08-30 20:26:48.029 INFO Memory usage (start of timestep, current): 99.07 GiB
2026-08-30 20:26:48.029 INFO Calculating metrics
2026-08-30 20:26:48.030 INFO Calculating metric: reference_counts_per_domain
2026-08-30 20:27:53.153 INFO [reference_counts_per_domain] Memory snapshot — total: 86.59 MB
  cache_rows: 30.10 MB (488483 entries)
  counts_rows: 56.48 MB (488483 entries)
  total_count: 0.00 MB (N/A entries)
2026-08-30 20:27:53.153 INFO Calculating metric: reference_replacements
Found 6934849 prefs in this timestep.
Found 152736 clearly dominated domains in this timestep.
Found 45526 clearly dominating domains in this timestep.
Found 99466 contested domains in this timestep.
Fraction of references that are clearly dominated: 90.03%
Fraction of references that are clearly dominating: 1.12%
Fraction of references that are contested: 7.20%
Fraction of references in the graph but unclassified: 0.82%
Fraction of references whose domain is not in the graph: 0.81%
--- Fun Facts ----
Number of domains in the graph is 386837 (346809 live)
Number of edges in the graph is 1722864 (1061811 accepted)
edge density of the reference replacement graph: 0.0000
Average degree is 8.91 (preference graph: 6.12)
Relevance weight cutoff: 1.0 (kept 61.63% of edges)
DOI node is in graph
ISBN node is in graph
DOI count: 94459.0
ISBN count: 0.0
Sessions concluded this step: 44865521 (avg size 1.98, cumulative avg 1.98)
Recycling:
  Recycled mass this step: 1366.0
  Recycled mass cumulative: 193533.0
  Tombstoned domains this step: 750
2026-08-30 20:57:48.461 INFO [reference_replacements.calculate] total=1795.31s query=93.83s derive=241.99s elicit=1129.08s graph=2.51s mark_edges=0.55s scc=0.27s classify=323.17s score=0.67s write=0.73s rebuttal_searches=120923 rebuttal_skipped=1776
2026-08-30 20:59:07.756 INFO [reference_replacements] Memory snapshot — total: 4409.47 MB
  reference_graph: 279.36 MB (386837 entries)
  domain_to_vertex: 98.21 MB (386837 entries)
  reusable_vertex_pool: 3.22 MB (40028 entries)
  tombstoned_domains: 4.14 MB (40028 entries)
  tombstoned_domain_mass: 4.88 MB (40028 entries)
  open_session_counts_size: 2111.41 MB (3772398 entries)
  open_session_last_edit_size: 1299.50 MB (3772398 entries)
  open_session_edits_size: 608.75 MB (3772398 entries)
2026-08-30 20:59:07.757 INFO [reference_replacements.log_memory] total=78.95s tracked=8
2026-08-30 20:59:07.757 INFO Memory usage (end of timestep, peak): 230.03 GiB
2026-08-30 20:59:07.757 INFO Memory usage (end of timestep, current): 129.34 GiB
2026-08-30 20:59:07.757 INFO (Iteration 84) reference_counts_per_domain: real 65.12s | cpu 71.78s
2026-08-30 20:59:07.757 INFO (Iteration 84) reference_replacements: real 1874.60s | cpu 1980.84s
2026-08-30 20:59:07.757 INFO Iteration 84 finished in 2585.28s (real) and 2558.56s (process)
2026-08-30 20:59:07.771 INFO Start timestep 2019-10-23 00:00:00+00:00 -> 2019-11-22 00:00:00+00:00
2026-08-30 21:09:02.278 INFO DuckDB memory logs:
  database_name database_size  block_size  ...  wal_size  memory_usage  memory_limit
0   postgres_db       6.2 TiB           0  ...   0 bytes      87.8 GiB     267.0 GiB
1        memory       0 bytes           0  ...   0 bytes      87.8 GiB     267.0 GiB

[2 rows x 9 columns]
2026-08-30 21:09:02.279 INFO Loading data (2019-10-23 00:00:00+00:00 -> 2019-11-22 00:00:00+00:00) done in 594.51s (real) and 472.23s (process)
2026-08-30 21:09:02.279 INFO Memory usage (start of timestep, peak): 230.03 GiB
2026-08-30 21:09:02.280 INFO Memory usage (start of timestep, current): 97.32 GiB
2026-08-30 21:09:02.280 INFO Calculating metrics
2026-08-30 21:09:02.280 INFO Calculating metric: reference_counts_per_domain
2026-08-30 21:10:07.070 INFO [reference_counts_per_domain] Memory snapshot — total: 89.55 MB
  cache_rows: 31.13 MB (504458 entries)
  counts_rows: 58.42 MB (504458 entries)
  total_count: 0.00 MB (N/A entries)
2026-08-30 21:10:07.070 INFO Calculating metric: reference_replacements
Found 6561821 prefs in this timestep.
Found 152285 clearly dominated domains in this timestep.
Found 45842 clearly dominating domains in this timestep.
Found 99471 contested domains in this timestep.
Fraction of references that are clearly dominated: 90.34%
Fraction of references that are clearly dominating: 1.07%
Fraction of references that are contested: 6.70%
Fraction of references in the graph but unclassified: 0.81%
Fraction of references whose domain is not in the graph: 1.09%
--- Fun Facts ----
Number of domains in the graph is 386837 (347707 live)
Number of edges in the graph is 1724147 (1061911 accepted)
edge density of the reference replacement graph: 0.0000
Average degree is 8.91 (preference graph: 6.11)
Relevance weight cutoff: 1.0 (kept 61.59% of edges)
DOI node is in graph
ISBN node is in graph
DOI count: 94319.0
ISBN count: 0.0
Sessions concluded this step: 49659871 (avg size 1.90, cumulative avg 1.98)
Recycling:
  Recycled mass this step: 1763.0
  Recycled mass cumulative: 195296.0
  Tombstoned domains this step: 998
2026-08-30 21:37:35.982 INFO [reference_replacements.calculate] total=1648.91s query=85.44s derive=214.12s elicit=1015.94s graph=2.41s mark_edges=0.49s scc=0.27s classify=326.25s score=0.63s write=0.68s rebuttal_searches=120954 rebuttal_skipped=1816
2026-08-30 21:38:09.154 INFO [reference_replacements] Memory snapshot — total: 2528.68 MB
  reference_graph: 279.57 MB (386837 entries)
  domain_to_vertex: 98.21 MB (386837 entries)
  reusable_vertex_pool: 3.19 MB (39130 entries)
  tombstoned_domains: 4.09 MB (39130 entries)
  tombstoned_domain_mass: 4.82 MB (39130 entries)
  open_session_counts_size: 1008.53 MB (1732727 entries)
  open_session_last_edit_size: 723.77 MB (1732727 entries)
  open_session_edits_size: 406.50 MB (1732727 entries)
2026-08-30 21:38:09.154 INFO [reference_replacements.log_memory] total=32.84s tracked=8
2026-08-30 21:38:09.154 INFO Memory usage (end of timestep, peak): 230.03 GiB
2026-08-30 21:38:09.154 INFO Memory usage (end of timestep, current): 127.61 GiB
2026-08-30 21:38:09.154 INFO (Iteration 85) reference_counts_per_domain: real 64.79s | cpu 65.85s
2026-08-30 21:38:09.154 INFO (Iteration 85) reference_replacements: real 1682.08s | cpu 1782.47s
2026-08-30 21:38:09.154 INFO Iteration 85 finished in 2341.38s (real) and 2320.55s (process)
2026-08-30 21:38:09.167 INFO Start timestep 2019-11-22 00:00:00+00:00 -> 2019-12-22 00:00:00+00:00
2026-08-30 21:45:04.943 INFO DuckDB memory logs:
  database_name database_size  block_size  ...  wal_size  memory_usage  memory_limit
0   postgres_db       6.2 TiB           0  ...   0 bytes      59.3 GiB     267.0 GiB
1        memory       0 bytes           0  ...   0 bytes      59.3 GiB     267.0 GiB

[2 rows x 9 columns]
2026-08-30 21:45:04.944 INFO Loading data (2019-11-22 00:00:00+00:00 -> 2019-12-22 00:00:00+00:00) done in 415.78s (real) and 408.15s (process)
2026-08-30 21:45:04.944 INFO Memory usage (start of timestep, peak): 230.03 GiB
2026-08-30 21:45:04.944 INFO Memory usage (start of timestep, current): 69.92 GiB
2026-08-30 21:45:04.944 INFO Calculating metrics
2026-08-30 21:45:04.944 INFO Calculating metric: reference_counts_per_domain
2026-08-30 21:46:01.943 INFO [reference_counts_per_domain] Memory snapshot — total: 94.82 MB
  cache_rows: 32.96 MB (533275 entries)
  counts_rows: 61.86 MB (533275 entries)
  total_count: 0.00 MB (N/A entries)
2026-08-30 21:46:01.943 INFO Calculating metric: reference_replacements
Found 3006498 prefs in this timestep.
Found 151910 clearly dominated domains in this timestep.
Found 46005 clearly dominating domains in this timestep.
Found 99475 contested domains in this timestep.
Fraction of references that are clearly dominated: 89.94%
Fraction of references that are clearly dominating: 1.10%
Fraction of references that are contested: 6.35%
Fraction of references in the graph but unclassified: 0.81%
Fraction of references whose domain is not in the graph: 1.79%
--- Fun Facts ----
Number of domains in the graph is 386837 (348219 live)
Number of edges in the graph is 1725142 (1061997 accepted)
edge density of the reference replacement graph: 0.0000
Average degree is 8.92 (preference graph: 6.10)
Relevance weight cutoff: 1.0 (kept 61.56% of edges)
DOI node is in graph
ISBN node is in graph
DOI count: 94235.0
ISBN count: 5.0
Sessions concluded this step: 41581745 (avg size 1.49, cumulative avg 1.95)
Recycling:
  Recycled mass this step: 1085.0
  Recycled mass cumulative: 196381.0
  Tombstoned domains this step: 717
2026-08-30 22:12:23.521 INFO [reference_replacements.calculate] total=1581.58s query=47.05s derive=137.23s elicit=820.44s graph=1.75s mark_edges=0.55s scc=0.28s classify=570.81s score=0.79s write=0.83s rebuttal_searches=120972 rebuttal_skipped=1842
2026-08-30 22:13:19.714 INFO [reference_replacements] Memory snapshot — total: 3497.98 MB
  reference_graph: 279.71 MB (386837 entries)
  domain_to_vertex: 98.21 MB (386837 entries)
  reusable_vertex_pool: 3.18 MB (38618 entries)
  tombstoned_domains: 4.06 MB (38618 entries)
  tombstoned_domain_mass: 4.78 MB (38618 entries)
  open_session_counts_size: 1566.85 MB (2809974 entries)
  open_session_last_edit_size: 1027.86 MB (2809974 entries)
  open_session_edits_size: 513.33 MB (2809974 entries)
2026-08-30 22:13:19.714 INFO [reference_replacements.log_memory] total=56.03s tracked=8
2026-08-30 22:13:19.715 INFO Memory usage (end of timestep, peak): 230.03 GiB
2026-08-30 22:13:19.715 INFO Memory usage (end of timestep, current): 95.30 GiB
2026-08-30 22:13:19.715 INFO (Iteration 86) reference_counts_per_domain: real 57.00s | cpu 43.51s
2026-08-30 22:13:19.715 INFO (Iteration 86) reference_replacements: real 1637.77s | cpu 1699.27s
2026-08-30 22:13:19.715 INFO Iteration 86 finished in 2110.55s (real) and 2150.93s (process)
2026-08-30 22:13:19.729 INFO Start timestep 2019-12-22 00:00:00+00:00 -> 2020-01-21 00:00:00+00:00
2026-08-30 22:23:41.588 INFO DuckDB memory logs:
  database_name database_size  block_size  ...  wal_size  memory_usage  memory_limit
0   postgres_db       6.2 TiB           0  ...   0 bytes      86.6 GiB     267.0 GiB
1        memory       0 bytes           0  ...   0 bytes      86.6 GiB     267.0 GiB

[2 rows x 9 columns]
2026-08-30 22:23:41.590 INFO Loading data (2019-12-22 00:00:00+00:00 -> 2020-01-21 00:00:00+00:00) done in 621.86s (real) and 485.63s (process)
2026-08-30 22:23:41.590 INFO Memory usage (start of timestep, peak): 230.03 GiB
2026-08-30 22:23:41.590 INFO Memory usage (start of timestep, current): 96.76 GiB
2026-08-30 22:23:41.591 INFO Calculating metrics
2026-08-30 22:23:41.591 INFO Calculating metric: reference_counts_per_domain
2026-08-30 22:24:43.425 INFO [reference_counts_per_domain] Memory snapshot — total: 96.72 MB
  cache_rows: 33.62 MB (543349 entries)
  counts_rows: 63.10 MB (543349 entries)
  total_count: 0.00 MB (N/A entries)
2026-08-30 22:24:43.425 INFO Calculating metric: reference_replacements
Found 10351425 prefs in this timestep.
Found 151808 clearly dominated domains in this timestep.
Found 46068 clearly dominating domains in this timestep.
Found 99515 contested domains in this timestep.
Fraction of references that are clearly dominated: 89.66%
Fraction of references that are clearly dominating: 1.22%
Fraction of references that are contested: 5.92%
Fraction of references in the graph but unclassified: 0.82%
Fraction of references whose domain is not in the graph: 2.38%
--- Fun Facts ----
Number of domains in the graph is 386837 (349092 live)
Number of edges in the graph is 1726930 (1062634 accepted)
edge density of the reference replacement graph: 0.0000
Average degree is 8.93 (preference graph: 6.09)
Relevance weight cutoff: 1.0 (kept 61.53% of edges)
DOI node is in graph
ISBN node is in graph
DOI count: 94212.0
ISBN count: 5.0
Sessions concluded this step: 52325107 (avg size 1.74, cumulative avg 1.94)
Recycling:
  Recycled mass this step: 2865.0
  Recycled mass cumulative: 199246.0
  Tombstoned domains this step: 1425
2026-08-30 22:58:28.878 INFO [reference_replacements.calculate] total=2025.45s query=86.86s derive=212.00s elicit=1354.40s graph=3.24s mark_edges=0.61s scc=0.26s classify=363.77s score=0.66s write=0.80s rebuttal_searches=121091 rebuttal_skipped=1870
2026-08-30 22:59:38.006 INFO [reference_replacements] Memory snapshot — total: 4035.88 MB
  reference_graph: 279.99 MB (386837 entries)
  domain_to_vertex: 98.22 MB (386837 entries)
  reusable_vertex_pool: 3.15 MB (37745 entries)
  tombstoned_domains: 4.02 MB (37745 entries)
  tombstoned_domain_mass: 4.71 MB (37745 entries)
  open_session_counts_size: 1878.94 MB (3401575 entries)
  open_session_last_edit_size: 1194.85 MB (3401575 entries)
  open_session_edits_size: 572.00 MB (3401575 entries)
2026-08-30 22:59:38.007 INFO [reference_replacements.log_memory] total=68.80s tracked=8
2026-08-30 22:59:38.007 INFO Memory usage (end of timestep, peak): 230.03 GiB
2026-08-30 22:59:38.008 INFO Memory usage (end of timestep, current): 126.07 GiB
2026-08-30 22:59:38.008 INFO (Iteration 87) reference_counts_per_domain: real 61.83s | cpu 58.92s
2026-08-30 22:59:38.008 INFO (Iteration 87) reference_replacements: real 2094.58s | cpu 2192.34s
2026-08-30 22:59:38.008 INFO Iteration 87 finished in 2778.28s (real) and 2736.89s (process)
2026-08-30 22:59:38.021 INFO Start timestep 2020-01-21 00:00:00+00:00 -> 2020-02-20 00:00:00+00:00
2026-08-30 23:06:56.509 INFO DuckDB memory logs:
  database_name database_size  block_size  ...  wal_size  memory_usage  memory_limit
0   postgres_db       6.2 TiB           0  ...   0 bytes      60.1 GiB     267.0 GiB
1        memory       0 bytes           0  ...   0 bytes      60.1 GiB     267.0 GiB

[2 rows x 9 columns]
2026-08-30 23:06:56.510 INFO Loading data (2020-01-21 00:00:00+00:00 -> 2020-02-20 00:00:00+00:00) done in 438.49s (real) and 418.43s (process)
2026-08-30 23:06:56.510 INFO Memory usage (start of timestep, peak): 230.03 GiB
2026-08-30 23:06:56.510 INFO Memory usage (start of timestep, current): 71.02 GiB
2026-08-30 23:06:56.510 INFO Calculating metrics
2026-08-30 23:06:56.510 INFO Calculating metric: reference_counts_per_domain
2026-08-30 23:07:52.253 INFO [reference_counts_per_domain] Memory snapshot — total: 98.33 MB
  cache_rows: 34.18 MB (551937 entries)
  counts_rows: 64.15 MB (551937 entries)
  total_count: 0.00 MB (N/A entries)
2026-08-30 23:07:52.253 INFO Calculating metric: reference_replacements
Found 8562173 prefs in this timestep.
Found 151483 clearly dominated domains in this timestep.
Found 46431 clearly dominating domains in this timestep.
Found 99556 contested domains in this timestep.
Fraction of references that are clearly dominated: 89.60%
Fraction of references that are clearly dominating: 1.12%
Fraction of references that are contested: 5.72%
Fraction of references in the graph but unclassified: 0.83%
Fraction of references whose domain is not in the graph: 2.74%
--- Fun Facts ----
Number of domains in the graph is 386837 (349783 live)
Number of edges in the graph is 1728431 (1063111 accepted)
edge density of the reference replacement graph: 0.0000
Average degree is 8.94 (preference graph: 6.08)
Relevance weight cutoff: 1.0 (kept 61.51% of edges)
DOI node is in graph
ISBN node is in graph
DOI count: 93802.0
ISBN count: 5.0
Sessions concluded this step: 40040505 (avg size 1.72, cumulative avg 1.93)
Recycling:
  Recycled mass this step: 1984.0
  Recycled mass cumulative: 201230.0
  Tombstoned domains this step: 898
2026-08-30 23:33:01.773 INFO [reference_replacements.calculate] total=1509.52s query=49.95s derive=138.41s elicit=823.27s graph=3.43s mark_edges=0.53s scc=0.26s classify=490.03s score=0.77s write=0.80s rebuttal_searches=121138 rebuttal_skipped=1914
2026-08-30 23:33:53.987 INFO [reference_replacements] Memory snapshot — total: 3418.86 MB
  reference_graph: 280.22 MB (386837 entries)
  domain_to_vertex: 98.22 MB (386837 entries)
  reusable_vertex_pool: 3.13 MB (37054 entries)
  tombstoned_domains: 3.98 MB (37054 entries)
  tombstoned_domain_mass: 4.66 MB (37054 entries)
  open_session_counts_size: 1482.84 MB (2822000 entries)
  open_session_last_edit_size: 1031.27 MB (2822000 entries)
  open_session_edits_size: 514.54 MB (2822000 entries)
2026-08-30 23:33:53.987 INFO [reference_replacements.log_memory] total=51.87s tracked=8
2026-08-30 23:33:53.987 INFO Memory usage (end of timestep, peak): 230.03 GiB
2026-08-30 23:33:53.987 INFO Memory usage (end of timestep, current): 93.10 GiB
2026-08-30 23:33:53.988 INFO (Iteration 88) reference_counts_per_domain: real 55.74s | cpu 42.13s
2026-08-30 23:33:53.988 INFO (Iteration 88) reference_replacements: real 1561.73s | cpu 1629.02s
2026-08-30 23:33:53.988 INFO Iteration 88 finished in 2055.97s (real) and 2089.59s (process)
2026-08-30 23:33:54.004 INFO Start timestep 2020-02-20 00:00:00+00:00 -> 2020-03-21 00:00:00+00:00
2026-08-30 23:42:39.693 INFO DuckDB memory logs:
  database_name database_size  block_size  ...  wal_size  memory_usage  memory_limit
0   postgres_db       6.2 TiB           0  ...   0 bytes      73.5 GiB     267.0 GiB
1        memory       0 bytes           0  ...   0 bytes      73.5 GiB     267.0 GiB

[2 rows x 9 columns]
2026-08-30 23:42:39.694 INFO Loading data (2020-02-20 00:00:00+00:00 -> 2020-03-21 00:00:00+00:00) done in 525.69s (real) and 407.70s (process)
2026-08-30 23:42:39.694 INFO Memory usage (start of timestep, peak): 230.03 GiB
2026-08-30 23:42:39.695 INFO Memory usage (start of timestep, current): 83.50 GiB
2026-08-30 23:42:39.695 INFO Calculating metrics
2026-08-30 23:42:39.695 INFO Calculating metric: reference_counts_per_domain
2026-08-30 23:43:39.220 INFO [reference_counts_per_domain] Memory snapshot — total: 101.98 MB
  cache_rows: 35.44 MB (571167 entries)
  counts_rows: 66.53 MB (571167 entries)
  total_count: 0.00 MB (N/A entries)
2026-08-30 23:43:39.220 INFO Calculating metric: reference_replacements
Found 10810440 prefs in this timestep.
Found 151087 clearly dominated domains in this timestep.
Found 46628 clearly dominating domains in this timestep.
Found 99608 contested domains in this timestep.
Fraction of references that are clearly dominated: 89.24%
Fraction of references that are clearly dominating: 1.25%
Fraction of references that are contested: 5.51%
Fraction of references in the graph but unclassified: 0.85%
Fraction of references whose domain is not in the graph: 3.15%
--- Fun Facts ----
Number of domains in the graph is 386837 (350488 live)
Number of edges in the graph is 1729674 (1063434 accepted)
edge density of the reference replacement graph: 0.0000
Average degree is 8.94 (preference graph: 6.07)
Relevance weight cutoff: 1.0 (kept 61.48% of edges)
DOI node is in graph
ISBN node is in graph
DOI count: 93769.0
ISBN count: 5.0
Sessions concluded this step: 44831382 (avg size 1.70, cumulative avg 1.92)
Recycling:
  Recycled mass this step: 2419.0
  Recycled mass cumulative: 203649.0
  Tombstoned domains this step: 1300
2026-08-31 00:11:21.340 INFO [reference_replacements.calculate] total=1662.12s query=71.18s derive=161.16s elicit=1036.63s graph=3.19s mark_edges=0.63s scc=0.26s classify=384.98s score=0.81s write=0.89s rebuttal_searches=121211 rebuttal_skipped=1962
2026-08-31 00:12:34.170 INFO [reference_replacements] Memory snapshot — total: 4277.31 MB
  reference_graph: 280.38 MB (386837 entries)
  domain_to_vertex: 98.22 MB (386837 entries)
  reusable_vertex_pool: 3.11 MB (36349 entries)
  tombstoned_domains: 3.94 MB (36349 entries)
  tombstoned_domain_mass: 4.61 MB (36349 entries)
  open_session_counts_size: 1983.40 MB (3760232 entries)
  open_session_last_edit_size: 1296.09 MB (3760232 entries)
  open_session_edits_size: 607.57 MB (3760232 entries)
2026-08-31 00:12:34.172 INFO [reference_replacements.log_memory] total=72.40s tracked=8
2026-08-31 00:12:34.172 INFO Memory usage (end of timestep, peak): 230.03 GiB
2026-08-31 00:12:34.172 INFO Memory usage (end of timestep, current): 109.98 GiB
2026-08-31 00:12:34.172 INFO (Iteration 89) reference_counts_per_domain: real 59.52s | cpu 51.61s
2026-08-31 00:12:34.172 INFO (Iteration 89) reference_replacements: real 1734.95s | cpu 1819.77s
2026-08-31 00:12:34.172 INFO Iteration 89 finished in 2320.17s (real) and 2279.08s (process)
2026-08-31 00:12:34.184 INFO Start timestep 2020-03-21 00:00:00+00:00 -> 2020-04-20 00:00:00+00:00
2026-08-31 00:20:42.612 INFO DuckDB memory logs:
  database_name database_size  block_size  ...  wal_size  memory_usage  memory_limit
0   postgres_db       6.2 TiB           0  ...   0 bytes      71.8 GiB     267.0 GiB
1        memory       0 bytes           0  ...   0 bytes      71.8 GiB     267.0 GiB

[2 rows x 9 columns]
2026-08-31 00:20:42.613 INFO Loading data (2020-03-21 00:00:00+00:00 -> 2020-04-20 00:00:00+00:00) done in 488.43s (real) and 403.43s (process)
2026-08-31 00:20:42.613 INFO Memory usage (start of timestep, peak): 230.03 GiB
2026-08-31 00:20:42.613 INFO Memory usage (start of timestep, current): 83.68 GiB
2026-08-31 00:20:42.613 INFO Calculating metrics
2026-08-31 00:20:42.613 INFO Calculating metric: reference_counts_per_domain
2026-08-31 00:21:45.542 INFO [reference_counts_per_domain] Memory snapshot — total: 104.00 MB
  cache_rows: 36.15 MB (581986 entries)
  counts_rows: 67.86 MB (581986 entries)
  total_count: 0.00 MB (N/A entries)
2026-08-31 00:21:45.542 INFO Calculating metric: reference_replacements
Found 9228091 prefs in this timestep.
Found 150876 clearly dominated domains in this timestep.
Found 46918 clearly dominating domains in this timestep.
Found 99621 contested domains in this timestep.
Fraction of references that are clearly dominated: 89.07%
Fraction of references that are clearly dominating: 1.42%
Fraction of references that are contested: 5.26%
Fraction of references in the graph but unclassified: 0.74%
Fraction of references whose domain is not in the graph: 3.50%
--- Fun Facts ----
Number of domains in the graph is 386837 (351487 live)
Number of edges in the graph is 1732316 (1064391 accepted)
edge density of the reference replacement graph: 0.0000
Average degree is 8.96 (preference graph: 6.06)
Relevance weight cutoff: 1.0 (kept 61.44% of edges)
DOI node is in graph
ISBN node is in graph
DOI count: 93754.0
ISBN count: 7.0
Sessions concluded this step: 47400209 (avg size 1.69, cumulative avg 1.91)
Recycling:
  Recycled mass this step: 2338.0
  Recycled mass cumulative: 205987.0
  Tombstoned domains this step: 1007
2026-08-31 00:49:13.084 INFO [reference_replacements.calculate] total=1647.54s query=70.08s derive=161.03s elicit=989.15s graph=2.92s mark_edges=0.51s scc=0.26s classify=419.36s score=0.80s write=0.81s rebuttal_searches=121222 rebuttal_skipped=2046
2026-08-31 00:50:12.416 INFO [reference_replacements] Memory snapshot — total: 3674.58 MB
  reference_graph: 280.74 MB (386837 entries)
  domain_to_vertex: 98.22 MB (386837 entries)
  reusable_vertex_pool: 3.08 MB (35350 entries)
  tombstoned_domains: 3.89 MB (35350 entries)
  tombstoned_domain_mass: 4.53 MB (35350 entries)
  open_session_counts_size: 1650.76 MB (3051631 entries)
  open_session_last_edit_size: 1096.07 MB (3051631 entries)
  open_session_edits_size: 537.30 MB (3051631 entries)
2026-08-31 00:50:12.416 INFO [reference_replacements.log_memory] total=58.91s tracked=8
2026-08-31 00:50:12.416 INFO Memory usage (end of timestep, peak): 230.03 GiB
2026-08-31 00:50:12.416 INFO Memory usage (end of timestep, current): 110.00 GiB
2026-08-31 00:50:12.416 INFO (Iteration 90) reference_counts_per_domain: real 62.93s | cpu 50.02s
2026-08-31 00:50:12.416 INFO (Iteration 90) reference_replacements: real 1706.87s | cpu 1786.01s
2026-08-31 00:50:12.416 INFO Iteration 90 finished in 2258.23s (real) and 2239.47s (process)
2026-08-31 00:50:12.428 INFO Start timestep 2020-04-20 00:00:00+00:00 -> 2020-05-20 00:00:00+00:00
2026-08-31 00:59:47.426 INFO DuckDB memory logs:
  database_name database_size  block_size  ...  wal_size  memory_usage  memory_limit
0   postgres_db       6.2 TiB           0  ...   0 bytes      80.9 GiB     267.0 GiB
1        memory       0 bytes           0  ...   0 bytes      80.9 GiB     267.0 GiB

[2 rows x 9 columns]
2026-08-31 00:59:47.427 INFO Loading data (2020-04-20 00:00:00+00:00 -> 2020-05-20 00:00:00+00:00) done in 575.00s (real) and 453.39s (process)
2026-08-31 00:59:47.427 INFO Memory usage (start of timestep, peak): 230.03 GiB
2026-08-31 00:59:47.427 INFO Memory usage (start of timestep, current): 91.50 GiB
2026-08-31 00:59:47.427 INFO Calculating metrics
2026-08-31 00:59:47.427 INFO Calculating metric: reference_counts_per_domain
2026-08-31 01:00:54.768 INFO [reference_counts_per_domain] Memory snapshot — total: 107.96 MB
  cache_rows: 37.52 MB (603429 entries)
  counts_rows: 70.44 MB (603429 entries)
  total_count: 0.00 MB (N/A entries)
2026-08-31 01:00:54.771 INFO Calculating metric: reference_replacements
Found 2271617 prefs in this timestep.
Found 150511 clearly dominated domains in this timestep.
Found 47202 clearly dominating domains in this timestep.
Found 99620 contested domains in this timestep.
Fraction of references that are clearly dominated: 89.23%
Fraction of references that are clearly dominating: 1.43%
Fraction of references that are contested: 5.00%
Fraction of references in the graph but unclassified: 0.69%
Fraction of references whose domain is not in the graph: 3.65%
--- Fun Facts ----
Number of domains in the graph is 386837 (352291 live)
Number of edges in the graph is 1734803 (1064979 accepted)
edge density of the reference replacement graph: 0.0000
Average degree is 8.97 (preference graph: 6.05)
Relevance weight cutoff: 1.0 (kept 61.39% of edges)
DOI node is in graph
ISBN node is in graph
DOI count: 91544.0
ISBN count: 18.0
Sessions concluded this step: 50924672 (avg size 1.69, cumulative avg 1.90)
Recycling:
  Recycled mass this step: 2351.0
  Recycled mass cumulative: 208338.0
  Tombstoned domains this step: 1358
2026-08-31 01:26:46.853 INFO [reference_replacements.calculate] total=1552.08s query=76.07s derive=189.00s elicit=932.12s graph=1.97s mark_edges=0.52s scc=0.28s classify=348.20s score=0.75s write=0.77s rebuttal_searches=121238 rebuttal_skipped=2134
2026-08-31 01:27:09.823 INFO [reference_replacements] Memory snapshot — total: 2055.87 MB
  reference_graph: 281.07 MB (386837 entries)
  domain_to_vertex: 98.22 MB (386837 entries)
  reusable_vertex_pool: 3.05 MB (34546 entries)
  tombstoned_domains: 3.85 MB (34546 entries)
  tombstoned_domain_mass: 4.47 MB (34546 entries)
  open_session_counts_size: 752.32 MB (1162953 entries)
  open_session_last_edit_size: 562.92 MB (1162953 entries)
  open_session_edits_size: 349.98 MB (1162953 entries)
2026-08-31 01:27:09.823 INFO [reference_replacements.log_memory] total=22.82s tracked=8
2026-08-31 01:27:09.823 INFO Memory usage (end of timestep, peak): 230.03 GiB
2026-08-31 01:27:09.823 INFO Memory usage (end of timestep, current): 122.30 GiB
2026-08-31 01:27:09.824 INFO (Iteration 91) reference_counts_per_domain: real 67.34s | cpu 56.35s
2026-08-31 01:27:09.824 INFO (Iteration 91) reference_replacements: real 1575.05s | cpu 1661.54s
2026-08-31 01:27:09.824 INFO Iteration 91 finished in 2217.40s (real) and 2171.29s (process)
2026-08-31 01:27:09.836 INFO Start timestep 2020-05-20 00:00:00+00:00 -> 2020-06-19 00:00:00+00:00
2026-08-31 01:32:33.476 INFO DuckDB memory logs:
  database_name database_size  block_size  ...  wal_size  memory_usage  memory_limit
0   postgres_db       6.2 TiB           0  ...   0 bytes      46.1 GiB     267.0 GiB
1        memory       0 bytes           0  ...   0 bytes      46.1 GiB     267.0 GiB

[2 rows x 9 columns]
2026-08-31 01:32:33.476 INFO Loading data (2020-05-20 00:00:00+00:00 -> 2020-06-19 00:00:00+00:00) done in 323.64s (real) and 252.07s (process)
2026-08-31 01:32:33.476 INFO Memory usage (start of timestep, peak): 230.03 GiB
2026-08-31 01:32:33.477 INFO Memory usage (start of timestep, current): 59.48 GiB
2026-08-31 01:32:33.477 INFO Calculating metrics
2026-08-31 01:32:33.477 INFO Calculating metric: reference_counts_per_domain
2026-08-31 01:33:33.626 INFO [reference_counts_per_domain] Memory snapshot — total: 111.99 MB
  cache_rows: 38.92 MB (625345 entries)
  counts_rows: 73.07 MB (625345 entries)
  total_count: 0.00 MB (N/A entries)
2026-08-31 01:33:33.627 INFO Calculating metric: reference_replacements
Found 8487835 prefs in this timestep.
Found 149874 clearly dominated domains in this timestep.
Found 47459 clearly dominating domains in this timestep.
Found 99741 contested domains in this timestep.
Fraction of references that are clearly dominated: 76.37%
Fraction of references that are clearly dominating: 1.45%
Fraction of references that are contested: 17.83%
Fraction of references in the graph but unclassified: 0.71%
Fraction of references whose domain is not in the graph: 3.65%
--- Fun Facts ----
Number of domains in the graph is 386837 (353170 live)
Number of edges in the graph is 1736881 (1065298 accepted)
edge density of the reference replacement graph: 0.0000
Average degree is 8.98 (preference graph: 6.03)
Relevance weight cutoff: 1.0 (kept 61.33% of edges)
DOI node is in graph
ISBN node is in graph
DOI count: 91488.0
ISBN count: 18.0
Sessions concluded this step: 20802437 (avg size 2.07, cumulative avg 1.91)
Recycling:
  Recycled mass this step: 1816.0
  Recycled mass cumulative: 210154.0
  Tombstoned domains this step: 1083
2026-08-31 01:51:38.434 INFO [reference_replacements.calculate] total=1084.81s query=37.68s derive=91.36s elicit=370.72s graph=2.31s mark_edges=0.47s scc=0.25s classify=579.02s score=0.87s write=0.87s rebuttal_searches=121265 rebuttal_skipped=2194
2026-08-31 01:51:46.449 INFO [reference_replacements] Memory snapshot — total: 1344.35 MB
  reference_graph: 281.35 MB (386837 entries)
  domain_to_vertex: 98.22 MB (386837 entries)
  reusable_vertex_pool: 3.03 MB (33667 entries)
  tombstoned_domains: 3.80 MB (33667 entries)
  tombstoned_domain_mass: 4.40 MB (33667 entries)
  open_session_counts_size: 371.43 MB (295762 entries)
  open_session_last_edit_size: 318.13 MB (295762 entries)
  open_session_edits_size: 263.98 MB (295762 entries)
2026-08-31 01:51:46.450 INFO [reference_replacements.log_memory] total=7.69s tracked=8
2026-08-31 01:51:46.450 INFO Memory usage (end of timestep, peak): 230.03 GiB
2026-08-31 01:51:46.450 INFO Memory usage (end of timestep, current): 72.38 GiB
2026-08-31 01:51:46.450 INFO (Iteration 92) reference_counts_per_domain: real 60.15s | cpu 39.31s
2026-08-31 01:51:46.450 INFO (Iteration 92) reference_replacements: real 1092.82s | cpu 1144.73s
2026-08-31 01:51:46.450 INFO Iteration 92 finished in 1476.61s (real) and 1436.11s (process)
2026-08-31 01:51:46.464 INFO Start timestep 2020-06-19 00:00:00+00:00 -> 2020-07-19 00:00:00+00:00
2026-08-31 01:53:47.202 INFO DuckDB memory logs:
  database_name database_size  block_size  ...  wal_size  memory_usage  memory_limit
0   postgres_db       6.2 TiB           0  ...   0 bytes      15.3 GiB     267.0 GiB
1        memory       0 bytes           0  ...   0 bytes      15.3 GiB     267.0 GiB

[2 rows x 9 columns]
2026-08-31 01:53:47.203 INFO Loading data (2020-06-19 00:00:00+00:00 -> 2020-07-19 00:00:00+00:00) done in 120.74s (real) and 112.48s (process)
2026-08-31 01:53:47.203 INFO Memory usage (start of timestep, peak): 230.03 GiB
2026-08-31 01:53:47.203 INFO Memory usage (start of timestep, current): 28.51 GiB
2026-08-31 01:53:47.203 INFO Calculating metrics
2026-08-31 01:53:47.204 INFO Calculating metric: reference_counts_per_domain
2026-08-31 01:54:39.718 INFO [reference_counts_per_domain] Memory snapshot — total: 113.75 MB
  cache_rows: 39.53 MB (634780 entries)
  counts_rows: 74.22 MB (634780 entries)
  total_count: 0.00 MB (N/A entries)
2026-08-31 01:54:39.718 INFO Calculating metric: reference_replacements
Found 147728 prefs in this timestep.
Found 149127 clearly dominated domains in this timestep.
Found 47770 clearly dominating domains in this timestep.
Found 99856 contested domains in this timestep.
Fraction of references that are clearly dominated: 89.19%
Fraction of references that are clearly dominating: 6.13%
Fraction of references that are contested: 0.27%
Fraction of references in the graph but unclassified: 0.75%
Fraction of references whose domain is not in the graph: 3.65%
--- Fun Facts ----
Number of domains in the graph is 386837 (354024 live)
Number of edges in the graph is 1738935 (1065801 accepted)
edge density of the reference replacement graph: 0.0000
Average degree is 8.99 (preference graph: 6.02)
Relevance weight cutoff: 1.0 (kept 61.29% of edges)
DOI node is in graph
ISBN node is in graph
DOI count: 92167.0
ISBN count: 18.0
Sessions concluded this step: 9452079 (avg size 1.37, cumulative avg 1.90)
Recycling:
  Recycled mass this step: 2521.0
  Recycled mass cumulative: 212675.0
  Tombstoned domains this step: 1787
2026-08-31 02:09:02.843 INFO [reference_replacements.calculate] total=863.12s query=9.45s derive=24.27s elicit=171.49s graph=1.26s mark_edges=0.47s scc=0.27s classify=653.61s score=0.90s write=0.88s rebuttal_searches=121396 rebuttal_skipped=2240
2026-08-31 02:09:14.804 INFO [reference_replacements] Memory snapshot — total: 955.28 MB
  reference_graph: 281.63 MB (386837 entries)
  domain_to_vertex: 98.22 MB (386837 entries)
  reusable_vertex_pool: 3.00 MB (32813 entries)
  tombstoned_domains: 3.75 MB (32813 entries)
  tombstoned_domain_mass: 4.34 MB (32813 entries)
  open_session_counts_size: 279.63 MB (592768 entries)
  open_session_last_edit_size: 196.63 MB (592768 entries)
  open_session_edits_size: 88.09 MB (592768 entries)
2026-08-31 02:09:14.804 INFO [reference_replacements.log_memory] total=11.88s tracked=8
2026-08-31 02:09:14.804 INFO Memory usage (end of timestep, peak): 230.03 GiB
2026-08-31 02:09:14.804 INFO Memory usage (end of timestep, current): 35.03 GiB
2026-08-31 02:09:14.804 INFO (Iteration 93) reference_counts_per_domain: real 52.51s | cpu 16.59s
2026-08-31 02:09:14.804 INFO (Iteration 93) reference_replacements: real 875.09s | cpu 888.23s
2026-08-31 02:09:14.804 INFO Iteration 93 finished in 1048.34s (real) and 1017.30s (process)
2026-08-31 02:09:14.819 INFO Start timestep 2020-07-19 00:00:00+00:00 -> 2020-08-18 00:00:00+00:00
2026-08-31 02:11:44.039 INFO DuckDB memory logs:
  database_name database_size  block_size  ...  wal_size  memory_usage  memory_limit
0   postgres_db       6.2 TiB           0  ...   0 bytes      20.9 GiB     267.0 GiB
1        memory       0 bytes           0  ...   0 bytes      20.9 GiB     267.0 GiB

[2 rows x 9 columns]
2026-08-31 02:11:44.041 INFO Loading data (2020-07-19 00:00:00+00:00 -> 2020-08-18 00:00:00+00:00) done in 149.22s (real) and 115.19s (process)
2026-08-31 02:11:44.041 INFO Memory usage (start of timestep, peak): 230.03 GiB
2026-08-31 02:11:44.042 INFO Memory usage (start of timestep, current): 32.48 GiB
2026-08-31 02:11:44.042 INFO Calculating metrics
2026-08-31 02:11:44.042 INFO Calculating metric: reference_counts_per_domain
2026-08-31 02:12:38.616 INFO [reference_counts_per_domain] Memory snapshot — total: 117.08 MB
  cache_rows: 40.69 MB (652987 entries)
  counts_rows: 76.40 MB (652987 entries)
  total_count: 0.00 MB (N/A entries)
2026-08-31 02:12:38.616 INFO Calculating metric: reference_replacements
Found 706468 prefs in this timestep.
Found 148536 clearly dominated domains in this timestep.
Found 48126 clearly dominating domains in this timestep.
Found 99952 contested domains in this timestep.
Fraction of references that are clearly dominated: 89.10%
Fraction of references that are clearly dominating: 6.14%
Fraction of references that are contested: 0.33%
Fraction of references in the graph but unclassified: 0.76%
Fraction of references whose domain is not in the graph: 3.66%
--- Fun Facts ----
Number of domains in the graph is 386837 (354763 live)
Number of edges in the graph is 1739290 (1066150 accepted)
edge density of the reference replacement graph: 0.0000
Average degree is 8.99 (preference graph: 6.01)
Relevance weight cutoff: 1.0 (kept 61.30% of edges)
DOI node is in graph
ISBN node is in graph
DOI count: 91849.0
ISBN count: 18.0
Sessions concluded this step: 11880221 (avg size 1.32, cumulative avg 1.90)
Recycling:
  Recycled mass this step: 2269.0
  Recycled mass cumulative: 214944.0
  Tombstoned domains this step: 2074
2026-08-31 02:26:46.634 INFO [reference_replacements.calculate] total=848.02s query=12.01s derive=32.70s elicit=188.95s graph=1.22s mark_edges=0.48s scc=0.25s classify=609.97s score=0.89s write=1.00s rebuttal_searches=121527 rebuttal_skipped=2279
2026-08-31 02:26:57.757 INFO [reference_replacements] Memory snapshot — total: 995.38 MB
  reference_graph: 281.68 MB (386837 entries)
  domain_to_vertex: 98.22 MB (386837 entries)
  reusable_vertex_pool: 2.98 MB (32074 entries)
  tombstoned_domains: 3.71 MB (32074 entries)
  tombstoned_domain_mass: 4.28 MB (32074 entries)
  open_session_counts_size: 289.91 MB (517221 entries)
  open_session_last_edit_size: 204.65 MB (517221 entries)
  open_session_edits_size: 109.95 MB (517221 entries)
2026-08-31 02:26:57.757 INFO [reference_replacements.log_memory] total=11.03s tracked=8
2026-08-31 02:26:57.758 INFO Memory usage (end of timestep, peak): 230.03 GiB
2026-08-31 02:26:57.758 INFO Memory usage (end of timestep, current): 40.60 GiB
2026-08-31 02:26:57.758 INFO (Iteration 94) reference_counts_per_domain: real 54.57s | cpu 20.12s
2026-08-31 02:26:57.758 INFO (Iteration 94) reference_replacements: real 859.14s | cpu 877.38s
2026-08-31 02:26:57.758 INFO Iteration 94 finished in 1062.94s (real) and 1012.69s (process)
2026-08-31 02:26:57.769 INFO Start timestep 2020-08-18 00:00:00+00:00 -> 2020-09-17 00:00:00+00:00
2026-08-31 02:28:52.311 INFO DuckDB memory logs:
  database_name database_size  block_size  ...  wal_size  memory_usage  memory_limit
0   postgres_db       6.2 TiB           0  ...   0 bytes      13.4 GiB     267.0 GiB
1        memory       0 bytes           0  ...   0 bytes      13.4 GiB     267.0 GiB

[2 rows x 9 columns]
2026-08-31 02:28:52.312 INFO Loading data (2020-08-18 00:00:00+00:00 -> 2020-09-17 00:00:00+00:00) done in 114.54s (real) and 88.23s (process)
2026-08-31 02:28:52.313 INFO Memory usage (start of timestep, peak): 230.03 GiB
2026-08-31 02:28:52.313 INFO Memory usage (start of timestep, current): 25.38 GiB
2026-08-31 02:28:52.313 INFO Calculating metrics
2026-08-31 02:28:52.313 INFO Calculating metric: reference_counts_per_domain
2026-08-31 02:29:49.186 INFO [reference_counts_per_domain] Memory snapshot — total: 118.38 MB
  cache_rows: 41.14 MB (659838 entries)
  counts_rows: 77.24 MB (659838 entries)
  total_count: 0.00 MB (N/A entries)
2026-08-31 02:29:49.186 INFO Calculating metric: reference_replacements
Found 202403 prefs in this timestep.
Found 148268 clearly dominated domains in this timestep.
Found 48341 clearly dominating domains in this timestep.
Found 99943 contested domains in this timestep.
Fraction of references that are clearly dominated: 89.10%
Fraction of references that are clearly dominating: 6.10%
Fraction of references that are contested: 0.37%
Fraction of references in the graph but unclassified: 0.76%
Fraction of references whose domain is not in the graph: 3.66%
--- Fun Facts ----
Number of domains in the graph is 386837 (355521 live)
Number of edges in the graph is 1740060 (1066415 accepted)
edge density of the reference replacement graph: 0.0000
Average degree is 9.00 (preference graph: 6.00)
Relevance weight cutoff: 1.0 (kept 61.29% of edges)
DOI node is in graph
ISBN node is in graph
DOI count: 73442.0
ISBN count: 18.0
Sessions concluded this step: 6337777 (avg size 1.67, cumulative avg 1.90)
Recycling:
  Recycled mass this step: 2214.0
  Recycled mass cumulative: 217158.0
  Tombstoned domains this step: 1412
2026-08-31 02:42:48.473 INFO [reference_replacements.calculate] total=779.29s query=8.32s derive=22.91s elicit=104.30s graph=0.96s mark_edges=0.45s scc=0.26s classify=639.84s score=0.90s write=0.90s rebuttal_searches=121491 rebuttal_skipped=2328
2026-08-31 02:42:56.903 INFO [reference_replacements] Memory snapshot — total: 858.62 MB
  reference_graph: 281.78 MB (386837 entries)
  domain_to_vertex: 98.23 MB (386837 entries)
  reusable_vertex_pool: 2.96 MB (31316 entries)
  tombstoned_domains: 3.68 MB (31316 entries)
  tombstoned_domain_mass: 4.23 MB (31316 entries)
  open_session_counts_size: 217.51 MB (348543 entries)
  open_session_last_edit_size: 157.03 MB (348543 entries)
  open_session_edits_size: 93.21 MB (348543 entries)
2026-08-31 02:42:56.904 INFO [reference_replacements.log_memory] total=8.35s tracked=8
2026-08-31 02:42:56.904 INFO Memory usage (end of timestep, peak): 230.03 GiB
2026-08-31 02:42:56.904 INFO Memory usage (end of timestep, current): 31.23 GiB
2026-08-31 02:42:56.904 INFO (Iteration 95) reference_counts_per_domain: real 56.87s | cpu 18.41s
2026-08-31 02:42:56.904 INFO (Iteration 95) reference_replacements: real 787.72s | cpu 799.80s
2026-08-31 02:42:56.904 INFO Iteration 95 finished in 959.13s (real) and 906.45s (process)
2026-08-31 02:42:56.916 INFO Start timestep 2020-09-17 00:00:00+00:00 -> 2020-10-17 00:00:00+00:00
2026-08-31 02:44:42.642 INFO DuckDB memory logs:
  database_name database_size  block_size  ...  wal_size  memory_usage  memory_limit
0   postgres_db       6.2 TiB           0  ...   0 bytes      13.0 GiB     267.0 GiB
1        memory       0 bytes           0  ...   0 bytes      13.0 GiB     267.0 GiB

[2 rows x 9 columns]
2026-08-31 02:44:42.642 INFO Loading data (2020-09-17 00:00:00+00:00 -> 2020-10-17 00:00:00+00:00) done in 105.73s (real) and 80.57s (process)
2026-08-31 02:44:42.643 INFO Memory usage (start of timestep, peak): 230.03 GiB
2026-08-31 02:44:42.643 INFO Memory usage (start of timestep, current): 24.86 GiB
2026-08-31 02:44:42.643 INFO Calculating metrics
2026-08-31 02:44:42.643 INFO Calculating metric: reference_counts_per_domain
2026-08-31 02:45:29.748 INFO [reference_counts_per_domain] Memory snapshot — total: 100.04 MB
  cache_rows: 34.77 MB (560831 entries)
  counts_rows: 65.26 MB (560831 entries)
  total_count: 0.00 MB (N/A entries)
2026-08-31 02:45:29.748 INFO Calculating metric: reference_replacements
Found 48725 prefs in this timestep.
Found 147691 clearly dominated domains in this timestep.
Found 48794 clearly dominating domains in this timestep.
Found 100134 contested domains in this timestep.
Fraction of references that are clearly dominated: 93.71%
Fraction of references that are clearly dominating: 1.55%
Fraction of references that are contested: 0.34%
Fraction of references in the graph but unclassified: 0.76%
Fraction of references whose domain is not in the graph: 3.64%
--- Fun Facts ----
Number of domains in the graph is 386837 (357119 live)
Number of edges in the graph is 1743244 (1067454 accepted)
edge density of the reference replacement graph: 0.0000
Average degree is 9.01 (preference graph: 5.98)
Relevance weight cutoff: 1.0 (kept 61.23% of edges)
DOI node is in graph
ISBN node is in graph
DOI count: 73398.0
ISBN count: 19.0
Sessions concluded this step: 5771306 (avg size 1.68, cumulative avg 1.89)
Recycling:
  Recycled mass this step: 2754.0
  Recycled mass cumulative: 219912.0
  Tombstoned domains this step: 1971
2026-08-31 02:58:42.153 INFO [reference_replacements.calculate] total=792.40s query=8.28s derive=21.75s elicit=123.29s graph=1.39s mark_edges=0.47s scc=0.26s classify=634.91s score=0.83s write=0.86s rebuttal_searches=121755 rebuttal_skipped=2421
2026-08-31 02:58:57.701 INFO [reference_replacements] Memory snapshot — total: 1179.71 MB
  reference_graph: 282.21 MB (386837 entries)
  domain_to_vertex: 98.23 MB (386837 entries)
  reusable_vertex_pool: 2.91 MB (29718 entries)
  tombstoned_domains: 3.59 MB (29718 entries)
  tombstoned_domain_mass: 4.11 MB (29718 entries)
  open_session_counts_size: 398.20 MB (716383 entries)
  open_session_last_edit_size: 260.82 MB (716383 entries)
  open_session_edits_size: 129.65 MB (716383 entries)
2026-08-31 02:58:57.701 INFO [reference_replacements.log_memory] total=15.48s tracked=8
2026-08-31 02:58:57.701 INFO Memory usage (end of timestep, peak): 230.03 GiB
2026-08-31 02:58:57.701 INFO Memory usage (end of timestep, current): 30.36 GiB
2026-08-31 02:58:57.701 INFO (Iteration 96) reference_counts_per_domain: real 47.10s | cpu 15.76s
2026-08-31 02:58:57.701 INFO (Iteration 96) reference_replacements: real 807.95s | cpu 819.79s
2026-08-31 02:58:57.701 INFO Iteration 96 finished in 960.78s (real) and 916.12s (process)
2026-08-31 02:58:57.713 INFO Start timestep 2020-10-17 00:00:00+00:00 -> 2020-11-16 00:00:00+00:00
2026-08-31 03:00:48.450 INFO DuckDB memory logs:
  database_name database_size  block_size  ...  wal_size  memory_usage  memory_limit
0   postgres_db       6.2 TiB           0  ...   0 bytes      13.9 GiB     267.0 GiB
1        memory       0 bytes           0  ...   0 bytes      13.9 GiB     267.0 GiB

[2 rows x 9 columns]
2026-08-31 03:00:48.451 INFO Loading data (2020-10-17 00:00:00+00:00 -> 2020-11-16 00:00:00+00:00) done in 110.74s (real) and 85.07s (process)
2026-08-31 03:00:48.451 INFO Memory usage (start of timestep, peak): 230.03 GiB
2026-08-31 03:00:48.451 INFO Memory usage (start of timestep, current): 25.70 GiB
2026-08-31 03:00:48.451 INFO Calculating metrics
2026-08-31 03:00:48.451 INFO Calculating metric: reference_counts_per_domain
2026-08-31 03:01:35.371 INFO [reference_counts_per_domain] Memory snapshot — total: 102.10 MB
  cache_rows: 35.49 MB (571812 entries)
  counts_rows: 66.61 MB (571812 entries)
  total_count: 0.00 MB (N/A entries)
2026-08-31 03:01:35.371 INFO Calculating metric: reference_replacements
Found 44969 prefs in this timestep.
Found 147300 clearly dominated domains in this timestep.
Found 49054 clearly dominating domains in this timestep.
Found 100171 contested domains in this timestep.
Fraction of references that are clearly dominated: 93.54%
Fraction of references that are clearly dominating: 1.59%
Fraction of references that are contested: 0.44%
Fraction of references in the graph but unclassified: 0.79%
Fraction of references whose domain is not in the graph: 3.64%
--- Fun Facts ----
Number of domains in the graph is 386837 (357988 live)
Number of edges in the graph is 1744790 (1067655 accepted)
edge density of the reference replacement graph: 0.0000
Average degree is 9.02 (preference graph: 5.96)
Relevance weight cutoff: 1.0 (kept 61.19% of edges)
DOI node is in graph
ISBN node is in graph
DOI count: 72971.0
ISBN count: 19.0
Sessions concluded this step: 7140118 (avg size 1.64, cumulative avg 1.89)
Recycling:
  Recycled mass this step: 1667.0
  Recycled mass cumulative: 221579.0
  Tombstoned domains this step: 1204
2026-08-31 03:14:43.592 INFO [reference_replacements.calculate] total=788.22s query=9.56s derive=22.02s elicit=101.27s graph=1.10s mark_edges=0.47s scc=0.26s classify=651.38s score=0.86s write=0.93s rebuttal_searches=121751 rebuttal_skipped=2499
2026-08-31 03:14:49.312 INFO [reference_replacements] Memory snapshot — total: 725.72 MB
  reference_graph: 282.42 MB (386837 entries)
  domain_to_vertex: 98.23 MB (386837 entries)
  reusable_vertex_pool: 2.88 MB (28849 entries)
  tombstoned_domains: 3.55 MB (28849 entries)
  tombstoned_domain_mass: 4.04 MB (28849 entries)
  open_session_counts_size: 144.94 MB (190054 entries)
  open_session_last_edit_size: 112.23 MB (190054 entries)
  open_session_edits_size: 77.43 MB (190054 entries)
2026-08-31 03:14:49.312 INFO [reference_replacements.log_memory] total=5.65s tracked=8
2026-08-31 03:14:49.312 INFO Memory usage (end of timestep, peak): 230.03 GiB
2026-08-31 03:14:49.312 INFO Memory usage (end of timestep, current): 30.61 GiB
2026-08-31 03:14:49.312 INFO (Iteration 97) reference_counts_per_domain: real 46.92s | cpu 15.75s
2026-08-31 03:14:49.312 INFO (Iteration 97) reference_replacements: real 793.94s | cpu 807.53s
2026-08-31 03:14:49.312 INFO Iteration 97 finished in 951.60s (real) and 908.35s (process)
2026-08-31 03:14:49.325 INFO Start timestep 2020-11-16 00:00:00+00:00 -> 2020-12-16 00:00:00+00:00
2026-08-31 03:16:39.643 INFO DuckDB memory logs:
  database_name database_size  block_size  ...  wal_size  memory_usage  memory_limit
0   postgres_db       6.2 TiB           0  ...   0 bytes      13.9 GiB     267.0 GiB
1        memory       0 bytes           0  ...   0 bytes      13.9 GiB     267.0 GiB

[2 rows x 9 columns]
2026-08-31 03:16:39.644 INFO Loading data (2020-11-16 00:00:00+00:00 -> 2020-12-16 00:00:00+00:00) done in 110.32s (real) and 84.74s (process)
2026-08-31 03:16:39.644 INFO Memory usage (start of timestep, peak): 230.03 GiB
2026-08-31 03:16:39.644 INFO Memory usage (start of timestep, current): 25.64 GiB
2026-08-31 03:16:39.644 INFO Calculating metrics
2026-08-31 03:16:39.644 INFO Calculating metric: reference_counts_per_domain
2026-08-31 03:17:29.738 INFO [reference_counts_per_domain] Memory snapshot — total: 105.91 MB
  cache_rows: 36.81 MB (592340 entries)
  counts_rows: 69.10 MB (592340 entries)
  total_count: 0.00 MB (N/A entries)
2026-08-31 03:17:29.738 INFO Calculating metric: reference_replacements
Found 747247 prefs in this timestep.
Found 146842 clearly dominated domains in this timestep.
Found 49486 clearly dominating domains in this timestep.
Found 100164 contested domains in this timestep.
Fraction of references that are clearly dominated: 93.52%
Fraction of references that are clearly dominating: 1.59%
Fraction of references that are contested: 0.48%
Fraction of references in the graph but unclassified: 0.78%
Fraction of references whose domain is not in the graph: 3.63%
--- Fun Facts ----
Number of domains in the graph is 386837 (358726 live)
Number of edges in the graph is 1746383 (1067949 accepted)
edge density of the reference replacement graph: 0.0000
Average degree is 9.03 (preference graph: 5.95)
Relevance weight cutoff: 1.0 (kept 61.15% of edges)
DOI node is in graph
ISBN node is in graph
DOI count: 71862.0
ISBN count: 19.0
Sessions concluded this step: 6336249 (avg size 1.67, cumulative avg 1.89)
Recycling:
  Recycled mass this step: 2039.0
  Recycled mass cumulative: 223618.0
  Tombstoned domains this step: 2124
2026-08-31 03:30:25.871 INFO [reference_replacements.calculate] total=776.13s query=9.36s derive=23.34s elicit=87.60s graph=1.29s mark_edges=0.46s scc=0.25s classify=651.72s score=0.88s write=0.87s rebuttal_searches=121753 rebuttal_skipped=2551
2026-08-31 03:30:30.247 INFO [reference_replacements] Memory snapshot — total: 656.32 MB
  reference_graph: 282.64 MB (386837 entries)
  domain_to_vertex: 98.23 MB (386837 entries)
  reusable_vertex_pool: 2.86 MB (28111 entries)
  tombstoned_domains: 3.51 MB (28111 entries)
  tombstoned_domain_mass: 3.99 MB (28111 entries)
  open_session_counts_size: 107.09 MB (106685 entries)
  open_session_last_edit_size: 88.77 MB (106685 entries)
  open_session_edits_size: 69.23 MB (106685 entries)
2026-08-31 03:30:30.248 INFO [reference_replacements.log_memory] total=4.28s tracked=8
2026-08-31 03:30:30.248 INFO Memory usage (end of timestep, peak): 230.03 GiB
2026-08-31 03:30:30.248 INFO Memory usage (end of timestep, current): 30.95 GiB
2026-08-31 03:30:30.248 INFO (Iteration 98) reference_counts_per_domain: real 50.09s | cpu 17.85s
2026-08-31 03:30:30.248 INFO (Iteration 98) reference_replacements: real 780.51s | cpu 793.49s
2026-08-31 03:30:30.248 INFO Iteration 98 finished in 940.92s (real) and 896.09s (process)
2026-08-31 03:30:30.261 INFO Start timestep 2020-12-16 00:00:00+00:00 -> 2021-01-15 00:00:00+00:00
2026-08-31 03:32:17.892 INFO DuckDB memory logs:
  database_name database_size  block_size  ...  wal_size  memory_usage  memory_limit
0   postgres_db       6.2 TiB           0  ...   0 bytes      14.4 GiB     267.0 GiB
1        memory       0 bytes           0  ...   0 bytes      14.4 GiB     267.0 GiB

[2 rows x 9 columns]
2026-08-31 03:32:17.893 INFO Loading data (2020-12-16 00:00:00+00:00 -> 2021-01-15 00:00:00+00:00) done in 107.63s (real) and 83.17s (process)
2026-08-31 03:32:17.893 INFO Memory usage (start of timestep, peak): 230.03 GiB
2026-08-31 03:32:17.894 INFO Memory usage (start of timestep, current): 25.92 GiB
2026-08-31 03:32:17.894 INFO Calculating metrics
2026-08-31 03:32:17.894 INFO Calculating metric: reference_counts_per_domain
2026-08-31 03:33:08.695 INFO [reference_counts_per_domain] Memory snapshot — total: 109.49 MB
  cache_rows: 38.05 MB (611512 entries)
  counts_rows: 71.44 MB (611512 entries)
  total_count: 0.00 MB (N/A entries)
2026-08-31 03:33:08.695 INFO Calculating metric: reference_replacements
Found 150515 prefs in this timestep.
Found 146665 clearly dominated domains in this timestep.
Found 49647 clearly dominating domains in this timestep.
Found 100324 contested domains in this timestep.
Fraction of references that are clearly dominated: 93.30%
Fraction of references that are clearly dominating: 1.61%
Fraction of references that are contested: 0.63%
Fraction of references in the graph but unclassified: 0.83%
Fraction of references whose domain is not in the graph: 3.64%
--- Fun Facts ----
Number of domains in the graph is 386837 (359506 live)
Number of edges in the graph is 1748592 (1068875 accepted)
edge density of the reference replacement graph: 0.0000
Average degree is 9.04 (preference graph: 5.95)
Relevance weight cutoff: 1.0 (kept 61.13% of edges)
DOI node is in graph
ISBN node is in graph
DOI count: 71857.0
ISBN count: 19.0
Sessions concluded this step: 6010740 (avg size 1.65, cumulative avg 1.89)
Recycling:
  Recycled mass this step: 942.0
  Recycled mass cumulative: 224560.0
  Tombstoned domains this step: 939
2026-08-31 03:45:49.681 INFO [reference_replacements.calculate] total=760.99s query=9.61s derive=22.61s elicit=83.87s graph=1.00s mark_edges=0.46s scc=0.26s classify=640.94s score=0.87s write=0.94s rebuttal_searches=121925 rebuttal_skipped=2574
2026-08-31 03:45:55.151 INFO [reference_replacements] Memory snapshot — total: 712.39 MB
  reference_graph: 282.94 MB (386837 entries)
  domain_to_vertex: 98.24 MB (386837 entries)
  reusable_vertex_pool: 2.83 MB (27331 entries)
  tombstoned_domains: 3.47 MB (27331 entries)
  tombstoned_domain_mass: 3.93 MB (27331 entries)
  open_session_counts_size: 138.78 MB (170345 entries)
  open_session_last_edit_size: 106.70 MB (170345 entries)
  open_session_edits_size: 75.51 MB (170345 entries)
2026-08-31 03:45:55.152 INFO [reference_replacements.log_memory] total=5.40s tracked=8
2026-08-31 03:45:55.152 INFO Memory usage (end of timestep, peak): 230.03 GiB
2026-08-31 03:45:55.152 INFO Memory usage (end of timestep, current): 30.44 GiB
2026-08-31 03:45:55.153 INFO (Iteration 99) reference_counts_per_domain: real 50.80s | cpu 17.24s
2026-08-31 03:45:55.153 INFO (Iteration 99) reference_replacements: real 766.46s | cpu 780.08s
2026-08-31 03:45:55.153 INFO Iteration 99 finished in 924.89s (real) and 880.49s (process)
2026-08-31 03:45:55.166 INFO Start timestep 2021-01-15 00:00:00+00:00 -> 2021-02-14 00:00:00+00:00
2026-08-31 03:48:06.565 INFO DuckDB memory logs:
  database_name database_size  block_size  ...  wal_size  memory_usage  memory_limit
0   postgres_db       6.2 TiB           0  ...   0 bytes      18.2 GiB     267.0 GiB
1        memory       0 bytes           0  ...   0 bytes      18.2 GiB     267.0 GiB

[2 rows x 9 columns]
2026-08-31 03:48:06.566 INFO Loading data (2021-01-15 00:00:00+00:00 -> 2021-02-14 00:00:00+00:00) done in 131.40s (real) and 101.65s (process)
2026-08-31 03:48:06.566 INFO Memory usage (start of timestep, peak): 230.03 GiB
2026-08-31 03:48:06.566 INFO Memory usage (start of timestep, current): 29.56 GiB
2026-08-31 03:48:06.566 INFO Calculating metrics
2026-08-31 03:48:06.566 INFO Calculating metric: reference_counts_per_domain
2026-08-31 03:49:07.542 INFO [reference_counts_per_domain] Memory snapshot — total: 122.80 MB
  cache_rows: 42.67 MB (684027 entries)
  counts_rows: 80.13 MB (684027 entries)
  total_count: 0.00 MB (N/A entries)
2026-08-31 03:49:07.542 INFO Calculating metric: reference_replacements
Found 94952 prefs in this timestep.
Found 146273 clearly dominated domains in this timestep.
Found 49880 clearly dominating domains in this timestep.
Found 100316 contested domains in this timestep.
Fraction of references that are clearly dominated: 93.24%
Fraction of references that are clearly dominating: 2.42%
Fraction of references that are contested: 0.63%
Fraction of references in the graph but unclassified: 0.84%
Fraction of references whose domain is not in the graph: 2.88%
--- Fun Facts ----
Number of domains in the graph is 386837 (360396 live)
Number of edges in the graph is 1750754 (1069219 accepted)
edge density of the reference replacement graph: 0.0000
Average degree is 9.05 (preference graph: 5.93)
Relevance weight cutoff: 1.0 (kept 61.07% of edges)
DOI node is in graph
ISBN node is in graph
DOI count: 71836.0
ISBN count: 20.0
Sessions concluded this step: 6581018 (avg size 1.64, cumulative avg 1.89)
Recycling:
  Recycled mass this step: 2200.0
  Recycled mass cumulative: 226760.0
  Tombstoned domains this step: 973
2026-08-31 04:05:56.982 INFO [reference_replacements.calculate] total=1009.44s query=11.22s derive=35.22s elicit=321.86s graph=0.94s mark_edges=0.45s scc=0.26s classify=637.09s score=0.93s write=0.89s rebuttal_searches=121919 rebuttal_skipped=2662
2026-08-31 04:06:59.889 INFO [reference_replacements] Memory snapshot — total: 3468.78 MB
  reference_graph: 283.23 MB (386837 entries)
  domain_to_vertex: 98.24 MB (386837 entries)
  reusable_vertex_pool: 2.81 MB (26441 entries)
  tombstoned_domains: 3.42 MB (26441 entries)
  tombstoned_domain_mass: 3.86 MB (26441 entries)
  open_session_counts_size: 1664.68 MB (3088032 entries)
  open_session_last_edit_size: 988.99 MB (3088032 entries)
  open_session_edits_size: 423.55 MB (3088032 entries)
2026-08-31 04:06:59.889 INFO [reference_replacements.log_memory] total=62.83s tracked=8
2026-08-31 04:06:59.889 INFO Memory usage (end of timestep, peak): 230.03 GiB
2026-08-31 04:06:59.889 INFO Memory usage (end of timestep, current): 36.54 GiB
2026-08-31 04:06:59.889 INFO (Iteration 100) reference_counts_per_domain: real 60.98s | cpu 23.56s
2026-08-31 04:06:59.890 INFO (Iteration 100) reference_replacements: real 1072.35s | cpu 1088.30s
2026-08-31 04:06:59.890 INFO Iteration 100 finished in 1264.72s (real) and 1213.52s (process)
2026-08-31 04:06:59.893 INFO Start timestep 2021-02-14 00:00:00+00:00 -> 2021-03-16 00:00:00+00:00
2026-08-31 04:14:02.935 INFO DuckDB memory logs:
  database_name database_size  block_size  ...  wal_size  memory_usage  memory_limit
0   postgres_db       6.2 TiB           0  ...   0 bytes      57.3 GiB     267.0 GiB
1        memory       0 bytes           0  ...   0 bytes      57.3 GiB     267.0 GiB

[2 rows x 9 columns]
2026-08-31 04:14:02.936 INFO Loading data (2021-02-14 00:00:00+00:00 -> 2021-03-16 00:00:00+00:00) done in 423.04s (real) and 371.76s (process)
2026-08-31 04:14:02.936 INFO Memory usage (start of timestep, peak): 230.03 GiB
2026-08-31 04:14:02.937 INFO Memory usage (start of timestep, current): 67.35 GiB
2026-08-31 04:14:02.937 INFO Calculating metrics
2026-08-31 04:14:02.937 INFO Calculating metric: reference_counts_per_domain
2026-08-31 04:15:16.418 INFO [reference_counts_per_domain] Memory snapshot — total: 141.36 MB
  cache_rows: 49.12 MB (785929 entries)
  counts_rows: 92.24 MB (785929 entries)
  total_count: 0.00 MB (N/A entries)
2026-08-31 04:15:16.419 INFO Calculating metric: reference_replacements
Found 708759 prefs in this timestep.
Found 146014 clearly dominated domains in this timestep.
Found 50094 clearly dominating domains in this timestep.
Found 100331 contested domains in this timestep.
Fraction of references that are clearly dominated: 92.97%
Fraction of references that are clearly dominating: 2.47%
Fraction of references that are contested: 0.61%
Fraction of references in the graph but unclassified: 0.81%
Fraction of references whose domain is not in the graph: 3.15%
--- Fun Facts ----
Number of domains in the graph is 386837 (361300 live)
Number of edges in the graph is 1752811 (1069600 accepted)
edge density of the reference replacement graph: 0.0000
Average degree is 9.06 (preference graph: 5.92)
Relevance weight cutoff: 1.0 (kept 61.02% of edges)
DOI node is in graph
ISBN node is in graph
DOI count: 71835.0
ISBN count: 20.0
Sessions concluded this step: 33534705 (avg size 2.06, cumulative avg 1.89)
Recycling:
  Recycled mass this step: 2159.0
  Recycled mass cumulative: 228919.0
  Tombstoned domains this step: 982
2026-08-31 04:38:46.186 INFO [reference_replacements.calculate] total=1409.77s query=41.86s derive=128.36s elicit=659.50s graph=0.98s mark_edges=0.50s scc=0.25s classify=574.35s score=0.85s write=0.93s rebuttal_searches=121937 rebuttal_skipped=2714
2026-08-31 04:39:06.316 INFO [reference_replacements] Memory snapshot — total: 1531.46 MB
  reference_graph: 283.54 MB (386837 entries)
  domain_to_vertex: 98.24 MB (386837 entries)
  reusable_vertex_pool: 2.78 MB (25537 entries)
  tombstoned_domains: 3.38 MB (25537 entries)
  tombstoned_domain_mass: 3.80 MB (25537 entries)
  open_session_counts_size: 570.82 MB (876370 entries)
  open_session_last_edit_size: 364.69 MB (876370 entries)
  open_session_edits_size: 204.22 MB (876370 entries)
2026-08-31 04:39:06.316 INFO [reference_replacements.log_memory] total=20.03s tracked=8
2026-08-31 04:39:06.316 INFO Memory usage (end of timestep, peak): 230.03 GiB
2026-08-31 04:39:06.316 INFO Memory usage (end of timestep, current): 92.17 GiB
2026-08-31 04:39:06.316 INFO (Iteration 101) reference_counts_per_domain: real 73.48s | cpu 41.93s
2026-08-31 04:39:06.316 INFO (Iteration 101) reference_replacements: real 1429.90s | cpu 1487.84s
2026-08-31 04:39:06.316 INFO Iteration 101 finished in 1926.42s (real) and 1901.53s (process)
2026-08-31 04:39:06.329 INFO Start timestep 2021-03-16 00:00:00+00:00 -> 2021-04-15 00:00:00+00:00
2026-08-31 04:45:13.675 INFO DuckDB memory logs:
  database_name database_size  block_size  ...  wal_size  memory_usage  memory_limit
0   postgres_db       6.2 TiB           0  ...   0 bytes      50.8 GiB     267.0 GiB
1        memory       0 bytes           0  ...   0 bytes      50.8 GiB     267.0 GiB

[2 rows x 9 columns]
2026-08-31 04:45:13.677 INFO Loading data (2021-03-16 00:00:00+00:00 -> 2021-04-15 00:00:00+00:00) done in 367.35s (real) and 285.25s (process)
2026-08-31 04:45:13.677 INFO Memory usage (start of timestep, peak): 230.03 GiB
2026-08-31 04:45:13.677 INFO Memory usage (start of timestep, current): 62.28 GiB
2026-08-31 04:45:13.677 INFO Calculating metrics
2026-08-31 04:45:13.677 INFO Calculating metric: reference_counts_per_domain
2026-08-31 04:46:29.740 INFO [reference_counts_per_domain] Memory snapshot — total: 146.17 MB
  cache_rows: 50.78 MB (810431 entries)
  counts_rows: 95.39 MB (810431 entries)
  total_count: 0.00 MB (N/A entries)
2026-08-31 04:46:29.741 INFO Calculating metric: reference_replacements
Found 836755 prefs in this timestep.
Found 145815 clearly dominated domains in this timestep.
Found 50378 clearly dominating domains in this timestep.
Found 100316 contested domains in this timestep.
Fraction of references that are clearly dominated: 91.98%
Fraction of references that are clearly dominating: 4.61%
Fraction of references that are contested: 0.49%
Fraction of references in the graph but unclassified: 0.77%
Fraction of references whose domain is not in the graph: 2.15%
--- Fun Facts ----
Number of domains in the graph is 386837 (362379 live)
Number of edges in the graph is 1755056 (1070314 accepted)
edge density of the reference replacement graph: 0.0000
Average degree is 9.07 (preference graph: 5.91)
Relevance weight cutoff: 1.0 (kept 60.98% of edges)
DOI node is in graph
ISBN node is in graph
DOI count: 71826.0
ISBN count: 21.0
Sessions concluded this step: 24041251 (avg size 2.69, cumulative avg 1.91)
Recycling:
  Recycled mass this step: 2164.0
  Recycled mass cumulative: 231083.0
  Tombstoned domains this step: 1064
2026-08-31 05:09:03.525 INFO [reference_replacements.calculate] total=1353.78s query=39.35s derive=130.96s elicit=636.84s graph=1.06s mark_edges=0.49s scc=0.25s classify=540.55s score=0.98s write=0.95s rebuttal_searches=121941 rebuttal_skipped=2804
2026-08-31 05:09:59.300 INFO [reference_replacements] Memory snapshot — total: 2903.19 MB
  reference_graph: 283.85 MB (386837 entries)
  domain_to_vertex: 98.24 MB (386837 entries)
  reusable_vertex_pool: 2.75 MB (24458 entries)
  tombstoned_domains: 3.32 MB (24458 entries)
  tombstoned_domain_mass: 3.71 MB (24458 entries)
  open_session_counts_size: 1427.99 MB (2224886 entries)
  open_session_last_edit_size: 745.35 MB (2224886 entries)
  open_session_edits_size: 337.96 MB (2224886 entries)
2026-08-31 05:09:59.300 INFO [reference_replacements.log_memory] total=55.66s tracked=8
2026-08-31 05:09:59.301 INFO Memory usage (end of timestep, peak): 230.03 GiB
2026-08-31 05:09:59.301 INFO Memory usage (end of timestep, current): 87.02 GiB
2026-08-31 05:09:59.301 INFO (Iteration 102) reference_counts_per_domain: real 76.06s | cpu 43.34s
2026-08-31 05:09:59.301 INFO (Iteration 102) reference_replacements: real 1409.56s | cpu 1463.93s
2026-08-31 05:09:59.301 INFO Iteration 102 finished in 1852.97s (real) and 1792.53s (process)
2026-08-31 05:09:59.314 INFO Start timestep 2021-04-15 00:00:00+00:00 -> 2021-05-15 00:00:00+00:00
2026-08-31 05:15:37.074 INFO DuckDB memory logs:
  database_name database_size  block_size  ...  wal_size  memory_usage  memory_limit
0   postgres_db       6.2 TiB           0  ...   0 bytes      47.5 GiB     267.0 GiB
1        memory       0 bytes           0  ...   0 bytes      47.5 GiB     267.0 GiB

[2 rows x 9 columns]
2026-08-31 05:15:37.076 INFO Loading data (2021-04-15 00:00:00+00:00 -> 2021-05-15 00:00:00+00:00) done in 337.76s (real) and 263.22s (process)
2026-08-31 05:15:37.076 INFO Memory usage (start of timestep, peak): 230.03 GiB
2026-08-31 05:15:37.076 INFO Memory usage (start of timestep, current): 60.18 GiB
2026-08-31 05:15:37.077 INFO Calculating metrics
2026-08-31 05:15:37.077 INFO Calculating metric: reference_counts_per_domain
2026-08-31 05:16:52.109 INFO [reference_counts_per_domain] Memory snapshot — total: 148.52 MB
  cache_rows: 51.60 MB (822857 entries)
  counts_rows: 96.92 MB (822857 entries)
  total_count: 0.00 MB (N/A entries)
2026-08-31 05:16:52.110 INFO Calculating metric: reference_replacements
Found 22892 prefs in this timestep.
Found 145603 clearly dominated domains in this timestep.
Found 50530 clearly dominating domains in this timestep.
Found 100304 contested domains in this timestep.
Fraction of references that are clearly dominated: 91.00%
Fraction of references that are clearly dominating: 5.59%
Fraction of references that are contested: 0.58%
Fraction of references in the graph but unclassified: 0.75%
Fraction of references whose domain is not in the graph: 2.08%
--- Fun Facts ----
Number of domains in the graph is 386837 (363145 live)
Number of edges in the graph is 1754249 (1070561 accepted)
edge density of the reference replacement graph: 0.0000
Average degree is 9.07 (preference graph: 5.90)
Relevance weight cutoff: 1.0 (kept 61.03% of edges)
DOI node is in graph
ISBN node is in graph
DOI count: 71802.0
ISBN count: 21.0
Sessions concluded this step: 24724494 (avg size 2.74, cumulative avg 1.92)
Recycling:
  Recycled mass this step: 2080.0
  Recycled mass cumulative: 233163.0
  Tombstoned domains this step: 2010
2026-08-31 05:39:07.203 INFO [reference_replacements.calculate] total=1335.09s query=40.98s derive=125.28s elicit=583.61s graph=1.28s mark_edges=0.45s scc=0.25s classify=579.08s score=1.00s write=1.02s rebuttal_searches=121942 rebuttal_skipped=2844
2026-08-31 05:39:35.975 INFO [reference_replacements] Memory snapshot — total: 1851.37 MB
  reference_graph: 283.75 MB (386837 entries)
  domain_to_vertex: 98.24 MB (386837 entries)
  reusable_vertex_pool: 2.72 MB (23692 entries)
  tombstoned_domains: 3.28 MB (23692 entries)
  tombstoned_domain_mass: 3.66 MB (23692 entries)
  open_session_counts_size: 786.43 MB (1149988 entries)
  open_session_last_edit_size: 441.93 MB (1149988 entries)
  open_session_edits_size: 231.36 MB (1149988 entries)
2026-08-31 05:39:35.975 INFO [reference_replacements.log_memory] total=28.69s tracked=8
2026-08-31 05:39:35.975 INFO Memory usage (end of timestep, peak): 230.03 GiB
2026-08-31 05:39:35.975 INFO Memory usage (end of timestep, current): 82.10 GiB
2026-08-31 05:39:35.976 INFO (Iteration 103) reference_counts_per_domain: real 75.03s | cpu 37.90s
2026-08-31 05:39:35.976 INFO (Iteration 103) reference_replacements: real 1363.86s | cpu 1413.25s
2026-08-31 05:39:35.976 INFO Iteration 103 finished in 1776.66s (real) and 1714.36s (process)
2026-08-31 05:39:35.987 INFO Start timestep 2021-05-15 00:00:00+00:00 -> 2021-06-14 00:00:00+00:00
2026-08-31 05:41:52.623 INFO DuckDB memory logs:
  database_name database_size  block_size  ...  wal_size  memory_usage  memory_limit
0   postgres_db       6.2 TiB           0  ...   0 bytes      16.4 GiB     267.0 GiB
1        memory       0 bytes           0  ...   0 bytes      16.4 GiB     267.0 GiB

[2 rows x 9 columns]
2026-08-31 05:41:52.625 INFO Loading data (2021-05-15 00:00:00+00:00 -> 2021-06-14 00:00:00+00:00) done in 136.64s (real) and 109.08s (process)
2026-08-31 05:41:52.625 INFO Memory usage (start of timestep, peak): 230.03 GiB
2026-08-31 05:41:52.626 INFO Memory usage (start of timestep, current): 29.68 GiB
2026-08-31 05:41:52.626 INFO Calculating metrics
2026-08-31 05:41:52.626 INFO Calculating metric: reference_counts_per_domain
2026-08-31 05:43:03.090 INFO [reference_counts_per_domain] Memory snapshot — total: 150.71 MB
  cache_rows: 52.36 MB (834458 entries)
  counts_rows: 98.35 MB (834458 entries)
  total_count: 0.00 MB (N/A entries)
2026-08-31 05:43:03.090 INFO Calculating metric: reference_replacements
Found 1461172 prefs in this timestep.
Found 145441 clearly dominated domains in this timestep.
Found 50434 clearly dominating domains in this timestep.
Found 100318 contested domains in this timestep.
Fraction of references that are clearly dominated: 90.75%
Fraction of references that are clearly dominating: 5.75%
Fraction of references that are contested: 0.68%
Fraction of references in the graph but unclassified: 0.75%
Fraction of references whose domain is not in the graph: 2.06%
--- Fun Facts ----
Number of domains in the graph is 386837 (364104 live)
Number of edges in the graph is 1754962 (1070723 accepted)
edge density of the reference replacement graph: 0.0000
Average degree is 9.07 (preference graph: 5.88)
Relevance weight cutoff: 1.0 (kept 61.01% of edges)
DOI node is in graph
ISBN node is in graph
DOI count: 71790.0
ISBN count: 21.0
Sessions concluded this step: 8193379 (avg size 2.36, cumulative avg 1.93)
Recycling:
  Recycled mass this step: 2140.0
  Recycled mass cumulative: 235303.0
  Tombstoned domains this step: 2661
2026-08-31 05:57:08.448 INFO [reference_replacements.calculate] total=845.36s query=11.67s derive=32.95s elicit=158.46s graph=1.15s mark_edges=0.47s scc=0.26s classify=637.37s score=1.06s write=1.10s rebuttal_searches=121924 rebuttal_skipped=2919
2026-08-31 05:57:14.965 INFO [reference_replacements] Memory snapshot — total: 929.74 MB
  reference_graph: 283.82 MB (386837 entries)
  domain_to_vertex: 98.24 MB (386837 entries)
  reusable_vertex_pool: 2.69 MB (22733 entries)
  tombstoned_domains: 3.23 MB (22733 entries)
  tombstoned_domain_mass: 3.58 MB (22733 entries)
  open_session_counts_size: 219.64 MB (220009 entries)
  open_session_last_edit_size: 179.41 MB (220009 entries)
  open_session_edits_size: 139.13 MB (220009 entries)
2026-08-31 05:57:14.966 INFO [reference_replacements.log_memory] total=6.38s tracked=8
2026-08-31 05:57:14.966 INFO Memory usage (end of timestep, peak): 230.03 GiB
2026-08-31 05:57:14.966 INFO Memory usage (end of timestep, current): 35.71 GiB
2026-08-31 05:57:14.966 INFO (Iteration 104) reference_counts_per_domain: real 70.46s | cpu 22.29s
2026-08-31 05:57:14.966 INFO (Iteration 104) reference_replacements: real 851.88s | cpu 868.45s
2026-08-31 05:57:14.966 INFO Iteration 104 finished in 1058.98s (real) and 999.82s (process)
2026-08-31 05:57:14.980 INFO Start timestep 2021-06-14 00:00:00+00:00 -> 2021-07-14 00:00:00+00:00
2026-08-31 06:01:11.013 INFO DuckDB memory logs:
  database_name database_size  block_size  ...  wal_size  memory_usage  memory_limit
0   postgres_db       6.2 TiB           0  ...   0 bytes      29.7 GiB     267.0 GiB
1        memory       0 bytes           0  ...   0 bytes      29.7 GiB     267.0 GiB

[2 rows x 9 columns]
2026-08-31 06:01:11.013 INFO Loading data (2021-06-14 00:00:00+00:00 -> 2021-07-14 00:00:00+00:00) done in 236.03s (real) and 177.95s (process)
2026-08-31 06:01:11.014 INFO Memory usage (start of timestep, peak): 230.03 GiB
2026-08-31 06:01:11.014 INFO Memory usage (start of timestep, current): 41.61 GiB
2026-08-31 06:01:11.014 INFO Calculating metrics
2026-08-31 06:01:11.014 INFO Calculating metric: reference_counts_per_domain
2026-08-31 06:02:24.727 INFO [reference_counts_per_domain] Memory snapshot — total: 152.21 MB
  cache_rows: 52.88 MB (842329 entries)
  counts_rows: 99.33 MB (842329 entries)
  total_count: 0.00 MB (N/A entries)
2026-08-31 06:02:24.728 INFO Calculating metric: reference_replacements
Found 215662 prefs in this timestep.
Found 145924 clearly dominated domains in this timestep.
Found 50990 clearly dominating domains in this timestep.
Found 100332 contested domains in this timestep.
Fraction of references that are clearly dominated: 90.45%
Fraction of references that are clearly dominating: 6.27%
Fraction of references that are contested: 0.51%
Fraction of references in the graph but unclassified: 0.75%
Fraction of references whose domain is not in the graph: 2.01%
--- Fun Facts ----
Number of domains in the graph is 386837 (365098 live)
Number of edges in the graph is 1756766 (1072066 accepted)
edge density of the reference replacement graph: 0.0000
Average degree is 9.08 (preference graph: 5.87)
Relevance weight cutoff: 1.0 (kept 61.02% of edges)
DOI node is in graph
ISBN node is in graph
DOI count: 71787.0
ISBN count: 21.0
Sessions concluded this step: 13096019 (avg size 2.75, cumulative avg 1.94)
Recycling:
  Recycled mass this step: 1768.0
  Recycled mass cumulative: 237071.0
  Tombstoned domains this step: 1717
2026-08-31 06:20:16.802 INFO [reference_replacements.calculate] total=1072.07s query=21.24s derive=70.88s elicit=370.98s graph=0.77s mark_edges=0.45s scc=0.26s classify=604.03s score=1.06s write=0.98s rebuttal_searches=121937 rebuttal_skipped=2989
2026-08-31 06:20:47.431 INFO [reference_replacements] Memory snapshot — total: 1760.71 MB
  reference_graph: 284.03 MB (386837 entries)
  domain_to_vertex: 98.24 MB (386837 entries)
  reusable_vertex_pool: 2.66 MB (21739 entries)
  tombstoned_domains: 3.17 MB (21739 entries)
  tombstoned_domain_mass: 3.50 MB (21739 entries)
  open_session_counts_size: 783.10 MB (1228687 entries)
  open_session_last_edit_size: 405.49 MB (1228687 entries)
  open_session_edits_size: 180.52 MB (1228687 entries)
2026-08-31 06:20:47.431 INFO [reference_replacements.log_memory] total=30.53s tracked=8
2026-08-31 06:20:47.431 INFO Memory usage (end of timestep, peak): 230.03 GiB
2026-08-31 06:20:47.431 INFO Memory usage (end of timestep, current): 58.51 GiB
2026-08-31 06:20:47.431 INFO (Iteration 105) reference_counts_per_domain: real 73.71s | cpu 29.24s
2026-08-31 06:20:47.431 INFO (Iteration 105) reference_replacements: real 1102.70s | cpu 1132.53s
2026-08-31 06:20:47.431 INFO Iteration 105 finished in 1412.45s (real) and 1339.72s (process)
2026-08-31 06:20:47.442 INFO Start timestep 2021-07-14 00:00:00+00:00 -> 2021-08-13 00:00:00+00:00
2026-08-31 06:24:04.056 INFO DuckDB memory logs:
  database_name database_size  block_size  ...  wal_size  memory_usage  memory_limit
0   postgres_db       6.2 TiB           0  ...   0 bytes      24.1 GiB     267.0 GiB
1        memory       0 bytes           0  ...   0 bytes      24.1 GiB     267.0 GiB

[2 rows x 9 columns]
2026-08-31 06:24:04.059 INFO Loading data (2021-07-14 00:00:00+00:00 -> 2021-08-13 00:00:00+00:00) done in 196.62s (real) and 150.06s (process)
2026-08-31 06:24:04.059 INFO Memory usage (start of timestep, peak): 230.03 GiB
2026-08-31 06:24:04.059 INFO Memory usage (start of timestep, current): 37.19 GiB
2026-08-31 06:24:04.059 INFO Calculating metrics
2026-08-31 06:24:04.059 INFO Calculating metric: reference_counts_per_domain
2026-08-31 06:25:15.914 INFO [reference_counts_per_domain] Memory snapshot — total: 153.72 MB
  cache_rows: 53.40 MB (850175 entries)
  counts_rows: 100.32 MB (850175 entries)
  total_count: 0.00 MB (N/A entries)
2026-08-31 06:25:15.915 INFO Calculating metric: reference_replacements
Found 38390 prefs in this timestep.
Found 146059 clearly dominated domains in this timestep.
Found 51158 clearly dominating domains in this timestep.
Found 100305 contested domains in this timestep.
Fraction of references that are clearly dominated: 90.09%
Fraction of references that are clearly dominating: 6.66%
Fraction of references that are contested: 0.53%
Fraction of references in the graph but unclassified: 0.75%
Fraction of references whose domain is not in the graph: 1.97%
--- Fun Facts ----
Number of domains in the graph is 386837 (365902 live)
Number of edges in the graph is 1759072 (1072942 accepted)
edge density of the reference replacement graph: 0.0000
Average degree is 9.09 (preference graph: 5.86)
Relevance weight cutoff: 1.0 (kept 60.99% of edges)
DOI node is in graph
ISBN node is in graph
DOI count: 71781.0
ISBN count: 22.0
Sessions concluded this step: 13230715 (avg size 2.42, cumulative avg 1.94)
Recycling:
  Recycled mass this step: 1170.0
  Recycled mass cumulative: 238241.0
  Tombstoned domains this step: 972
2026-08-31 06:42:08.595 INFO [reference_replacements.calculate] total=1012.68s query=17.51s derive=59.07s elicit=327.57s graph=0.67s mark_edges=0.48s scc=0.25s classify=604.02s score=1.05s write=1.00s rebuttal_searches=121911 rebuttal_skipped=3053
2026-08-31 06:42:37.828 INFO [reference_replacements] Memory snapshot — total: 1690.61 MB
  reference_graph: 284.36 MB (386837 entries)
  domain_to_vertex: 98.24 MB (386837 entries)
  reusable_vertex_pool: 2.64 MB (20935 entries)
  tombstoned_domains: 3.13 MB (20935 entries)
  tombstoned_domain_mass: 3.44 MB (20935 entries)
  open_session_counts_size: 740.48 MB (1156084 entries)
  open_session_last_edit_size: 385.00 MB (1156084 entries)
  open_session_edits_size: 173.32 MB (1156084 entries)
2026-08-31 06:42:37.828 INFO [reference_replacements.log_memory] total=29.15s tracked=8
2026-08-31 06:42:37.828 INFO Memory usage (end of timestep, peak): 230.03 GiB
2026-08-31 06:42:37.829 INFO Memory usage (end of timestep, current): 48.94 GiB
2026-08-31 06:42:37.829 INFO (Iteration 106) reference_counts_per_domain: real 71.86s | cpu 25.91s
2026-08-31 06:42:37.829 INFO (Iteration 106) reference_replacements: real 1041.91s | cpu 1066.48s
2026-08-31 06:42:37.829 INFO Iteration 106 finished in 1310.39s (real) and 1242.45s (process)
2026-08-31 06:42:37.841 INFO Start timestep 2021-08-13 00:00:00+00:00 -> 2021-09-12 00:00:00+00:00
2026-08-31 06:47:07.060 INFO DuckDB memory logs:
  database_name database_size  block_size  ...  wal_size  memory_usage  memory_limit
0   postgres_db       6.2 TiB           0  ...   0 bytes      37.4 GiB     267.0 GiB
1        memory       0 bytes           0  ...   0 bytes      37.4 GiB     267.0 GiB

[2 rows x 9 columns]
2026-08-31 06:47:07.061 INFO Loading data (2021-08-13 00:00:00+00:00 -> 2021-09-12 00:00:00+00:00) done in 269.22s (real) and 208.56s (process)
2026-08-31 06:47:07.062 INFO Memory usage (start of timestep, peak): 230.03 GiB
2026-08-31 06:47:07.062 INFO Memory usage (start of timestep, current): 49.69 GiB
2026-08-31 06:47:07.062 INFO Calculating metrics
2026-08-31 06:47:07.062 INFO Calculating metric: reference_counts_per_domain
2026-08-31 06:48:18.715 INFO [reference_counts_per_domain] Memory snapshot — total: 156.49 MB
  cache_rows: 54.36 MB (865076 entries)
  counts_rows: 102.13 MB (865076 entries)
  total_count: 0.00 MB (N/A entries)
2026-08-31 06:48:18.716 INFO Calculating metric: reference_replacements
Found 25217 prefs in this timestep.
Found 146113 clearly dominated domains in this timestep.
Found 51287 clearly dominating domains in this timestep.
Found 100284 contested domains in this timestep.
Fraction of references that are clearly dominated: 89.51%
Fraction of references that are clearly dominating: 7.42%
Fraction of references that are contested: 0.43%
Fraction of references in the graph but unclassified: 0.73%
Fraction of references whose domain is not in the graph: 1.91%
--- Fun Facts ----
Number of domains in the graph is 386837 (367134 live)
Number of edges in the graph is 1761385 (1073892 accepted)
edge density of the reference replacement graph: 0.0000
Average degree is 9.11 (preference graph: 5.85)
Relevance weight cutoff: 1.0 (kept 60.97% of edges)
DOI node is in graph
ISBN node is in graph
DOI count: 71782.0
ISBN count: 23.0
Sessions concluded this step: 20374039 (avg size 2.77, cumulative avg 1.95)
Recycling:
  Recycled mass this step: 1531.0
  Recycled mass cumulative: 239772.0
  Tombstoned domains this step: 827
2026-08-31 07:07:33.391 INFO [reference_replacements.calculate] total=1154.67s query=29.97s derive=87.32s elicit=402.11s graph=0.72s mark_edges=0.47s scc=0.26s classify=630.04s score=1.07s write=1.06s rebuttal_searches=121924 rebuttal_skipped=3090
2026-08-31 07:07:38.427 INFO [reference_replacements] Memory snapshot — total: 694.98 MB
  reference_graph: 284.68 MB (386837 entries)
  domain_to_vertex: 98.24 MB (386837 entries)
  reusable_vertex_pool: 2.60 MB (19703 entries)
  tombstoned_domains: 3.06 MB (19703 entries)
  tombstoned_domain_mass: 3.35 MB (19703 entries)
  open_session_counts_size: 126.61 MB (155137 entries)
  open_session_last_edit_size: 102.42 MB (155137 entries)
  open_session_edits_size: 74.02 MB (155137 entries)
2026-08-31 07:07:38.429 INFO [reference_replacements.log_memory] total=4.95s tracked=8
2026-08-31 07:07:38.429 INFO Memory usage (end of timestep, peak): 230.03 GiB
2026-08-31 07:07:38.429 INFO Memory usage (end of timestep, current): 69.17 GiB
2026-08-31 07:07:38.429 INFO (Iteration 107) reference_counts_per_domain: real 71.65s | cpu 27.44s
2026-08-31 07:07:38.429 INFO (Iteration 107) reference_replacements: real 1159.71s | cpu 1198.18s
2026-08-31 07:07:38.429 INFO Iteration 107 finished in 1500.59s (real) and 1434.18s (process)
2026-08-31 07:07:38.446 INFO Start timestep 2021-09-12 00:00:00+00:00 -> 2021-10-12 00:00:00+00:00
2026-08-31 07:09:22.041 INFO DuckDB memory logs:
  database_name database_size  block_size  ...  wal_size  memory_usage  memory_limit
0   postgres_db       6.2 TiB           0  ...   0 bytes       9.2 GiB     267.0 GiB
1        memory       0 bytes           0  ...   0 bytes       9.2 GiB     267.0 GiB

[2 rows x 9 columns]
2026-08-31 07:09:22.041 INFO Loading data (2021-09-12 00:00:00+00:00 -> 2021-10-12 00:00:00+00:00) done in 103.59s (real) and 90.06s (process)
2026-08-31 07:09:22.042 INFO Memory usage (start of timestep, peak): 230.03 GiB
2026-08-31 07:09:22.042 INFO Memory usage (start of timestep, current): 22.48 GiB
2026-08-31 07:09:22.042 INFO Calculating metrics
2026-08-31 07:09:22.042 INFO Calculating metric: reference_counts_per_domain
2026-08-31 07:10:18.517 INFO [reference_counts_per_domain] Memory snapshot — total: 122.59 MB
  cache_rows: 42.60 MB (682192 entries)
  counts_rows: 79.99 MB (682192 entries)
  total_count: 0.00 MB (N/A entries)
2026-08-31 07:10:18.517 INFO Calculating metric: reference_replacements
Found 391116 prefs in this timestep.
Found 146219 clearly dominated domains in this timestep.
Found 51487 clearly dominating domains in this timestep.
Found 100281 contested domains in this timestep.
Fraction of references that are clearly dominated: 89.56%
Fraction of references that are clearly dominating: 7.35%
Fraction of references that are contested: 0.45%
Fraction of references in the graph but unclassified: 0.74%
Fraction of references whose domain is not in the graph: 1.91%
--- Fun Facts ----
Number of domains in the graph is 386837 (368060 live)
Number of edges in the graph is 1764202 (1075297 accepted)
edge density of the reference replacement graph: 0.0000
Average degree is 9.12 (preference graph: 5.84)
Relevance weight cutoff: 1.0 (kept 60.95% of edges)
DOI node is in graph
ISBN node is in graph
DOI count: 71778.0
ISBN count: 23.0
Sessions concluded this step: 3996595 (avg size 1.52, cumulative avg 1.95)
Recycling:
  Recycled mass this step: 1077.0
  Recycled mass cumulative: 240849.0
  Tombstoned domains this step: 945
2026-08-31 07:22:53.992 INFO [reference_replacements.calculate] total=755.48s query=5.34s derive=14.01s elicit=71.71s graph=0.78s mark_edges=0.45s scc=0.26s classify=660.69s score=0.95s write=0.95s rebuttal_searches=121953 rebuttal_skipped=3130
2026-08-31 07:23:01.064 INFO [reference_replacements] Memory snapshot — total: 668.38 MB
  reference_graph: 285.06 MB (386837 entries)
  domain_to_vertex: 98.24 MB (386837 entries)
  reusable_vertex_pool: 2.57 MB (18777 entries)
  tombstoned_domains: 3.01 MB (18777 entries)
  tombstoned_domain_mass: 3.28 MB (18777 entries)
  open_session_counts_size: 138.51 MB (284422 entries)
  open_session_last_edit_size: 94.89 MB (284422 entries)
  open_session_edits_size: 42.81 MB (284422 entries)
2026-08-31 07:23:01.064 INFO [reference_replacements.log_memory] total=6.98s tracked=8
2026-08-31 07:23:01.064 INFO Memory usage (end of timestep, peak): 230.03 GiB
2026-08-31 07:23:01.064 INFO Memory usage (end of timestep, current): 25.48 GiB
2026-08-31 07:23:01.065 INFO (Iteration 108) reference_counts_per_domain: real 56.47s | cpu 14.77s
2026-08-31 07:23:01.065 INFO (Iteration 108) reference_replacements: real 762.55s | cpu 771.63s
2026-08-31 07:23:01.065 INFO Iteration 108 finished in 922.62s (real) and 876.47s (process)
2026-08-31 07:23:01.078 INFO Start timestep 2021-10-12 00:00:00+00:00 -> 2021-11-11 00:00:00+00:00
2026-08-31 07:24:37.449 INFO DuckDB memory logs:
  database_name database_size  block_size  ...  wal_size  memory_usage  memory_limit
0   postgres_db       6.2 TiB           0  ...   0 bytes      13.4 GiB     267.0 GiB
1        memory       0 bytes           0  ...   0 bytes      13.4 GiB     267.0 GiB

[2 rows x 9 columns]
2026-08-31 07:24:37.450 INFO Loading data (2021-10-12 00:00:00+00:00 -> 2021-11-11 00:00:00+00:00) done in 96.37s (real) and 85.16s (process)
2026-08-31 07:24:37.450 INFO Memory usage (start of timestep, peak): 230.03 GiB
2026-08-31 07:24:37.451 INFO Memory usage (start of timestep, current): 25.68 GiB
2026-08-31 07:24:37.451 INFO Calculating metrics
2026-08-31 07:24:37.451 INFO Calculating metric: reference_counts_per_domain
2026-08-31 07:25:33.539 INFO [reference_counts_per_domain] Memory snapshot — total: 124.54 MB
  cache_rows: 43.27 MB (692476 entries)
  counts_rows: 81.27 MB (692476 entries)
  total_count: 0.00 MB (N/A entries)
2026-08-31 07:25:33.539 INFO Calculating metric: reference_replacements
Found 699452 prefs in this timestep.
Found 146256 clearly dominated domains in this timestep.
Found 51580 clearly dominating domains in this timestep.
Found 100243 contested domains in this timestep.
Fraction of references that are clearly dominated: 89.41%
Fraction of references that are clearly dominating: 7.40%
Fraction of references that are contested: 0.43%
Fraction of references in the graph but unclassified: 0.75%
Fraction of references whose domain is not in the graph: 2.02%
--- Fun Facts ----
Number of domains in the graph is 386837 (368958 live)
Number of edges in the graph is 1766961 (1076128 accepted)
edge density of the reference replacement graph: 0.0000
Average degree is 9.14 (preference graph: 5.83)
Relevance weight cutoff: 1.0 (kept 60.90% of edges)
DOI node is in graph
ISBN node is in graph
DOI count: 71742.0
ISBN count: 23.0
Sessions concluded this step: 8888295 (avg size 1.20, cumulative avg 1.95)
Recycling:
  Recycled mass this step: 1361.0
  Recycled mass cumulative: 242210.0
  Tombstoned domains this step: 996
2026-08-31 07:39:07.497 INFO [reference_replacements.calculate] total=813.96s query=9.01s derive=19.81s elicit=132.39s graph=0.78s mark_edges=0.47s scc=0.26s classify=648.82s score=0.97s write=0.92s rebuttal_searches=121931 rebuttal_skipped=3178
2026-08-31 07:39:14.050 INFO [reference_replacements] Memory snapshot — total: 644.27 MB
  reference_graph: 285.44 MB (386837 entries)
  domain_to_vertex: 98.25 MB (386837 entries)
  reusable_vertex_pool: 2.55 MB (17879 entries)
  tombstoned_domains: 2.97 MB (17879 entries)
  tombstoned_domain_mass: 3.21 MB (17879 entries)
  open_session_counts_size: 124.62 MB (256735 entries)
  open_session_last_edit_size: 87.12 MB (256735 entries)
  open_session_edits_size: 40.11 MB (256735 entries)
2026-08-31 07:39:14.051 INFO [reference_replacements.log_memory] total=6.45s tracked=8
2026-08-31 07:39:14.051 INFO Memory usage (end of timestep, peak): 230.03 GiB
2026-08-31 07:39:14.051 INFO Memory usage (end of timestep, current): 32.55 GiB
2026-08-31 07:39:14.051 INFO (Iteration 109) reference_counts_per_domain: real 56.09s | cpu 14.97s
2026-08-31 07:39:14.051 INFO (Iteration 109) reference_replacements: real 820.51s | cpu 832.73s
2026-08-31 07:39:14.051 INFO Iteration 109 finished in 972.97s (real) and 932.87s (process)
2026-08-31 07:39:14.066 INFO Start timestep 2021-11-11 00:00:00+00:00 -> 2021-12-11 00:00:00+00:00
2026-08-31 07:40:26.961 INFO DuckDB memory logs:
  database_name database_size  block_size  ...  wal_size  memory_usage  memory_limit
0   postgres_db       6.2 TiB           0  ...   0 bytes       9.5 GiB     267.0 GiB
1        memory       0 bytes           0  ...   0 bytes       9.5 GiB     267.0 GiB

[2 rows x 9 columns]
2026-08-31 07:40:26.962 INFO Loading data (2021-11-11 00:00:00+00:00 -> 2021-12-11 00:00:00+00:00) done in 72.90s (real) and 56.69s (process)
2026-08-31 07:40:26.962 INFO Memory usage (start of timestep, peak): 230.03 GiB
2026-08-31 07:40:26.963 INFO Memory usage (start of timestep, current): 21.91 GiB
2026-08-31 07:40:26.963 INFO Calculating metrics
2026-08-31 07:40:26.963 INFO Calculating metric: reference_counts_per_domain
2026-08-31 07:41:29.116 INFO [reference_counts_per_domain] Memory snapshot — total: 127.25 MB
  cache_rows: 44.21 MB (706681 entries)
  counts_rows: 83.03 MB (706681 entries)
  total_count: 0.00 MB (N/A entries)
2026-08-31 07:41:29.116 INFO Calculating metric: reference_replacements
Found 399572 prefs in this timestep.
Found 146432 clearly dominated domains in this timestep.
Found 51792 clearly dominating domains in this timestep.
Found 100193 contested domains in this timestep.
Fraction of references that are clearly dominated: 89.42%
Fraction of references that are clearly dominating: 7.39%
Fraction of references that are contested: 0.38%
Fraction of references in the graph but unclassified: 0.76%
Fraction of references whose domain is not in the graph: 2.04%
--- Fun Facts ----
Number of domains in the graph is 386837 (369882 live)
Number of edges in the graph is 1772393 (1079672 accepted)
edge density of the reference replacement graph: 0.0000
Average degree is 9.16 (preference graph: 5.84)
Relevance weight cutoff: 1.0 (kept 60.92% of edges)
DOI node is in graph
ISBN node is in graph
DOI count: 71751.0
ISBN count: 23.0
Sessions concluded this step: 4774353 (avg size 1.43, cumulative avg 1.95)
Recycling:
  Recycled mass this step: 1248.0
  Recycled mass cumulative: 243458.0
  Tombstoned domains this step: 926
2026-08-31 07:54:10.382 INFO [reference_replacements.calculate] total=761.27s query=4.83s derive=15.71s elicit=83.38s graph=0.93s mark_edges=0.47s scc=0.26s classify=653.23s score=0.97s write=1.00s rebuttal_searches=121903 rebuttal_skipped=3260
2026-08-31 07:54:17.822 INFO [reference_replacements] Memory snapshot — total: 690.10 MB
  reference_graph: 286.19 MB (386837 entries)
  domain_to_vertex: 98.25 MB (386837 entries)
  reusable_vertex_pool: 2.52 MB (16955 entries)
  tombstoned_domains: 2.92 MB (16955 entries)
  tombstoned_domain_mass: 3.14 MB (16955 entries)
  open_session_counts_size: 149.59 MB (310104 entries)
  open_session_last_edit_size: 102.14 MB (310104 entries)
  open_session_edits_size: 45.36 MB (310104 entries)
2026-08-31 07:54:17.823 INFO [reference_replacements.log_memory] total=7.35s tracked=8
2026-08-31 07:54:17.823 INFO Memory usage (end of timestep, peak): 230.03 GiB
2026-08-31 07:54:17.823 INFO Memory usage (end of timestep, current): 25.51 GiB
2026-08-31 07:54:17.823 INFO (Iteration 110) reference_counts_per_domain: real 62.15s | cpu 16.46s
2026-08-31 07:54:17.823 INFO (Iteration 110) reference_replacements: real 768.71s | cpu 776.43s
2026-08-31 07:54:17.823 INFO Iteration 110 finished in 903.76s (real) and 849.58s (process)
2026-08-31 07:54:17.836 INFO Start timestep 2021-12-11 00:00:00+00:00 -> 2022-01-10 00:00:00+00:00
2026-08-31 07:55:35.481 INFO DuckDB memory logs:
  database_name database_size  block_size  ...  wal_size  memory_usage  memory_limit
0   postgres_db       6.2 TiB           0  ...   0 bytes      10.2 GiB     267.0 GiB
1        memory       0 bytes           0  ...   0 bytes      10.2 GiB     267.0 GiB

[2 rows x 9 columns]
2026-08-31 07:55:35.482 INFO Loading data (2021-12-11 00:00:00+00:00 -> 2022-01-10 00:00:00+00:00) done in 77.65s (real) and 94.44s (process)
2026-08-31 07:55:35.482 INFO Memory usage (start of timestep, peak): 230.03 GiB
2026-08-31 07:55:35.483 INFO Memory usage (start of timestep, current): 22.66 GiB
2026-08-31 07:55:35.483 INFO Calculating metrics
2026-08-31 07:55:35.483 INFO Calculating metric: reference_counts_per_domain
2026-08-31 07:56:35.945 INFO [reference_counts_per_domain] Memory snapshot — total: 131.13 MB
  cache_rows: 45.56 MB (727402 entries)
  counts_rows: 85.57 MB (727402 entries)
  total_count: 0.00 MB (N/A entries)
2026-08-31 07:56:35.946 INFO Calculating metric: reference_replacements
Found 932112 prefs in this timestep.
Found 146612 clearly dominated domains in this timestep.
Found 51996 clearly dominating domains in this timestep.
Found 100210 contested domains in this timestep.
Fraction of references that are clearly dominated: 89.48%
Fraction of references that are clearly dominating: 7.35%
Fraction of references that are contested: 0.39%
Fraction of references in the graph but unclassified: 0.73%
Fraction of references whose domain is not in the graph: 2.05%
--- Fun Facts ----
Number of domains in the graph is 386837 (370748 live)
Number of edges in the graph is 1775413 (1081229 accepted)
edge density of the reference replacement graph: 0.0000
Average degree is 9.18 (preference graph: 5.83)
Relevance weight cutoff: 1.0 (kept 60.90% of edges)
DOI node is in graph
ISBN node is in graph
DOI count: 71532.0
ISBN count: 24.0
Sessions concluded this step: 3509517 (avg size 1.55, cumulative avg 1.94)
Recycling:
  Recycled mass this step: 898.0
  Recycled mass cumulative: 244356.0
  Tombstoned domains this step: 1041
2026-08-31 08:09:32.861 INFO [reference_replacements.calculate] total=776.92s query=5.49s derive=15.00s elicit=80.81s graph=1.03s mark_edges=0.47s scc=0.26s classify=671.24s score=1.01s write=1.04s rebuttal_searches=121929 rebuttal_skipped=3380
2026-08-31 08:09:43.382 INFO [reference_replacements] Memory snapshot — total: 859.07 MB
  reference_graph: 286.60 MB (386837 entries)
  domain_to_vertex: 98.25 MB (386837 entries)
  reusable_vertex_pool: 2.49 MB (16089 entries)
  tombstoned_domains: 2.87 MB (16089 entries)
  tombstoned_domain_mass: 3.07 MB (16089 entries)
  open_session_counts_size: 240.87 MB (435971 entries)
  open_session_last_edit_size: 152.37 MB (435971 entries)
  open_session_edits_size: 72.54 MB (435971 entries)
2026-08-31 08:09:43.382 INFO [reference_replacements.log_memory] total=10.41s tracked=8
2026-08-31 08:09:43.382 INFO Memory usage (end of timestep, peak): 230.03 GiB
2026-08-31 08:09:43.383 INFO Memory usage (end of timestep, current): 26.60 GiB
2026-08-31 08:09:43.383 INFO (Iteration 111) reference_counts_per_domain: real 60.46s | cpu 16.67s
2026-08-31 08:09:43.383 INFO (Iteration 111) reference_replacements: real 787.44s | cpu 796.41s
2026-08-31 08:09:43.383 INFO Iteration 111 finished in 925.55s (real) and 907.52s (process)
2026-08-31 08:09:43.386 INFO Start timestep 2022-01-10 00:00:00+00:00 -> 2022-02-09 00:00:00+00:00
2026-08-31 08:10:47.339 INFO DuckDB memory logs:
  database_name database_size  block_size  ...  wal_size  memory_usage  memory_limit
0   postgres_db       6.2 TiB           0  ...   0 bytes       8.5 GiB     267.0 GiB
1        memory       0 bytes           0  ...   0 bytes       8.5 GiB     267.0 GiB

[2 rows x 9 columns]
2026-08-31 08:10:47.340 INFO Loading data (2022-01-10 00:00:00+00:00 -> 2022-02-09 00:00:00+00:00) done in 63.95s (real) and 47.14s (process)
2026-08-31 08:10:47.341 INFO Memory usage (start of timestep, peak): 230.03 GiB
2026-08-31 08:10:47.341 INFO Memory usage (start of timestep, current): 20.93 GiB
2026-08-31 08:10:47.341 INFO Calculating metrics
2026-08-31 08:10:47.341 INFO Calculating metric: reference_counts_per_domain
2026-08-31 08:11:47.948 INFO [reference_counts_per_domain] Memory snapshot — total: 132.80 MB
  cache_rows: 46.14 MB (736085 entries)
  counts_rows: 86.66 MB (736085 entries)
  total_count: 0.00 MB (N/A entries)
2026-08-31 08:11:47.948 INFO Calculating metric: reference_replacements
Found 810676 prefs in this timestep.
Found 146617 clearly dominated domains in this timestep.
Found 52205 clearly dominating domains in this timestep.
Found 100193 contested domains in this timestep.
Fraction of references that are clearly dominated: 89.49%
Fraction of references that are clearly dominating: 7.33%
Fraction of references that are contested: 0.39%
Fraction of references in the graph but unclassified: 0.77%
Fraction of references whose domain is not in the graph: 2.02%
--- Fun Facts ----
Number of domains in the graph is 386837 (371622 live)
Number of edges in the graph is 1777583 (1082075 accepted)
edge density of the reference replacement graph: 0.0000
Average degree is 9.19 (preference graph: 5.82)
Relevance weight cutoff: 1.0 (kept 60.87% of edges)
DOI node is in graph
ISBN node is in graph
DOI count: 71529.0
ISBN count: 24.0
Sessions concluded this step: 4024087 (avg size 1.56, cumulative avg 1.94)
Recycling:
  Recycled mass this step: 1185.0
  Recycled mass cumulative: 245541.0
  Tombstoned domains this step: 929
2026-08-31 08:24:05.391 INFO [reference_replacements.calculate] total=737.44s query=4.63s derive=13.20s elicit=64.17s graph=1.02s mark_edges=0.47s scc=0.27s classify=651.18s score=0.99s write=1.00s rebuttal_searches=121841 rebuttal_skipped=3443
2026-08-31 08:24:10.209 INFO [reference_replacements] Memory snapshot — total: 597.65 MB
  reference_graph: 286.88 MB (386837 entries)
  domain_to_vertex: 98.25 MB (386837 entries)
  reusable_vertex_pool: 2.46 MB (15215 entries)
  tombstoned_domains: 2.82 MB (15215 entries)
  tombstoned_domain_mass: 3.00 MB (15215 entries)
  open_session_counts_size: 91.58 MB (141568 entries)
  open_session_last_edit_size: 69.28 MB (141568 entries)
  open_session_edits_size: 43.36 MB (141568 entries)
2026-08-31 08:24:10.210 INFO [reference_replacements.log_memory] total=4.70s tracked=8
2026-08-31 08:24:10.211 INFO Memory usage (end of timestep, peak): 230.03 GiB
2026-08-31 08:24:10.211 INFO Memory usage (end of timestep, current): 24.57 GiB
2026-08-31 08:24:10.211 INFO (Iteration 112) reference_counts_per_domain: real 60.61s | cpu 14.47s
2026-08-31 08:24:10.211 INFO (Iteration 112) reference_replacements: real 742.26s | cpu 749.83s
2026-08-31 08:24:10.211 INFO Iteration 112 finished in 866.82s (real) and 811.44s (process)
2026-08-31 08:24:10.224 INFO Start timestep 2022-02-09 00:00:00+00:00 -> 2022-03-11 00:00:00+00:00
2026-08-31 08:25:36.916 INFO DuckDB memory logs:
  database_name database_size  block_size  ...  wal_size  memory_usage  memory_limit
0   postgres_db       6.2 TiB           0  ...   0 bytes      10.8 GiB     267.0 GiB
1        memory       0 bytes           0  ...   0 bytes      10.8 GiB     267.0 GiB

[2 rows x 9 columns]
2026-08-31 08:25:36.917 INFO Loading data (2022-02-09 00:00:00+00:00 -> 2022-03-11 00:00:00+00:00) done in 86.69s (real) and 64.97s (process)
2026-08-31 08:25:36.917 INFO Memory usage (start of timestep, peak): 230.03 GiB
2026-08-31 08:25:36.918 INFO Memory usage (start of timestep, current): 23.07 GiB
2026-08-31 08:25:36.918 INFO Calculating metrics
2026-08-31 08:25:36.918 INFO Calculating metric: reference_counts_per_domain
2026-08-31 08:26:36.794 INFO [reference_counts_per_domain] Memory snapshot — total: 134.61 MB
  cache_rows: 46.77 MB (745589 entries)
  counts_rows: 87.85 MB (745589 entries)
  total_count: 0.00 MB (N/A entries)
2026-08-31 08:26:36.794 INFO Calculating metric: reference_replacements
Found 758345 prefs in this timestep.
Found 146565 clearly dominated domains in this timestep.
Found 53285 clearly dominating domains in this timestep.
Found 100169 contested domains in this timestep.
Fraction of references that are clearly dominated: 89.44%
Fraction of references that are clearly dominating: 7.38%
Fraction of references that are contested: 0.39%
Fraction of references in the graph but unclassified: 0.76%
Fraction of references whose domain is not in the graph: 2.03%
--- Fun Facts ----
Number of domains in the graph is 386837 (372545 live)
Number of edges in the graph is 1779852 (1083809 accepted)
edge density of the reference replacement graph: 0.0000
Average degree is 9.20 (preference graph: 5.82)
Relevance weight cutoff: 1.0 (kept 60.89% of edges)
DOI node is in graph
ISBN node is in graph
DOI count: 71807.0
ISBN count: 24.0
Sessions concluded this step: 4866482 (avg size 1.58, cumulative avg 1.94)
Recycling:
  Recycled mass this step: 2237.0
  Recycled mass cumulative: 247778.0
  Tombstoned domains this step: 2498
2026-08-31 08:38:53.987 INFO [reference_replacements.calculate] total=737.19s query=7.48s derive=16.69s elicit=80.57s graph=0.89s mark_edges=0.45s scc=0.26s classify=628.44s score=0.97s write=0.94s rebuttal_searches=121836 rebuttal_skipped=3473
2026-08-31 08:39:01.245 INFO [reference_replacements] Memory snapshot — total: 713.26 MB
  reference_graph: 287.19 MB (386837 entries)
  domain_to_vertex: 98.25 MB (386837 entries)
  reusable_vertex_pool: 2.44 MB (14292 entries)
  tombstoned_domains: 2.77 MB (14292 entries)
  tombstoned_domain_mass: 2.01 MB (14292 entries)
  open_session_counts_size: 155.59 MB (279011 entries)
  open_session_last_edit_size: 108.05 MB (279011 entries)
  open_session_edits_size: 56.96 MB (279011 entries)
2026-08-31 08:39:01.245 INFO [reference_replacements.log_memory] total=7.16s tracked=8
2026-08-31 08:39:01.245 INFO Memory usage (end of timestep, peak): 230.03 GiB
2026-08-31 08:39:01.245 INFO Memory usage (end of timestep, current): 27.80 GiB
2026-08-31 08:39:01.245 INFO (Iteration 113) reference_counts_per_domain: real 59.88s | cpu 15.80s
2026-08-31 08:39:01.245 INFO (Iteration 113) reference_replacements: real 744.45s | cpu 755.63s
2026-08-31 08:39:01.246 INFO Iteration 113 finished in 891.02s (real) and 836.40s (process)
2026-08-31 08:39:01.258 INFO Start timestep 2022-03-11 00:00:00+00:00 -> 2022-04-10 00:00:00+00:00
2026-08-31 08:40:22.855 INFO DuckDB memory logs:
  database_name database_size  block_size  ...  wal_size  memory_usage  memory_limit
0   postgres_db       6.2 TiB           0  ...   0 bytes       9.6 GiB     267.0 GiB
1        memory       0 bytes           0  ...   0 bytes       9.6 GiB     267.0 GiB

[2 rows x 9 columns]
2026-08-31 08:40:22.856 INFO Loading data (2022-03-11 00:00:00+00:00 -> 2022-04-10 00:00:00+00:00) done in 81.60s (real) and 59.92s (process)
2026-08-31 08:40:22.856 INFO Memory usage (start of timestep, peak): 230.03 GiB
2026-08-31 08:40:22.857 INFO Memory usage (start of timestep, current): 21.89 GiB
2026-08-31 08:40:22.857 INFO Calculating metrics
2026-08-31 08:40:22.857 INFO Calculating metric: reference_counts_per_domain
2026-08-31 08:41:26.819 INFO [reference_counts_per_domain] Memory snapshot — total: 137.95 MB
  cache_rows: 47.93 MB (763490 entries)
  counts_rows: 90.03 MB (763490 entries)
  total_count: 0.00 MB (N/A entries)
2026-08-31 08:41:26.819 INFO Calculating metric: reference_replacements
Found 43527 prefs in this timestep.
Found 146626 clearly dominated domains in this timestep.
Found 53471 clearly dominating domains in this timestep.
Found 100179 contested domains in this timestep.
Fraction of references that are clearly dominated: 89.45%
Fraction of references that are clearly dominating: 7.33%
Fraction of references that are contested: 0.39%
Fraction of references in the graph but unclassified: 0.82%
Fraction of references whose domain is not in the graph: 2.02%
--- Fun Facts ----
Number of domains in the graph is 386837 (373349 live)
Number of edges in the graph is 1781812 (1084670 accepted)
edge density of the reference replacement graph: 0.0000
Average degree is 9.21 (preference graph: 5.81)
Relevance weight cutoff: 1.0 (kept 60.87% of edges)
DOI node is in graph
ISBN node is in graph
DOI count: 71801.0
ISBN count: 24.0
Sessions concluded this step: 3995867 (avg size 1.77, cumulative avg 1.94)
Recycling:
  Recycled mass this step: 1385.0
  Recycled mass cumulative: 249163.0
  Tombstoned domains this step: 1055
2026-08-31 08:53:29.025 INFO [reference_replacements.calculate] total=722.21s query=5.21s derive=15.36s elicit=68.35s graph=0.68s mark_edges=0.47s scc=0.26s classify=629.39s score=0.98s write=1.01s rebuttal_searches=121848 rebuttal_skipped=3506
2026-08-31 08:53:34.852 INFO [reference_replacements] Memory snapshot — total: 648.63 MB
  reference_graph: 287.43 MB (386837 entries)
  domain_to_vertex: 98.25 MB (386837 entries)
  reusable_vertex_pool: 2.41 MB (13488 entries)
  tombstoned_domains: 2.73 MB (13488 entries)
  tombstoned_domain_mass: 1.95 MB (13488 entries)
  open_session_counts_size: 121.29 MB (199113 entries)
  open_session_last_edit_size: 85.51 MB (199113 entries)
  open_session_edits_size: 49.05 MB (199113 entries)
2026-08-31 08:53:34.853 INFO [reference_replacements.log_memory] total=5.75s tracked=8
2026-08-31 08:53:34.853 INFO Memory usage (end of timestep, peak): 230.03 GiB
2026-08-31 08:53:34.853 INFO Memory usage (end of timestep, current): 25.41 GiB
2026-08-31 08:53:34.853 INFO (Iteration 114) reference_counts_per_domain: real 63.96s | cpu 16.05s
2026-08-31 08:53:34.853 INFO (Iteration 114) reference_replacements: real 728.03s | cpu 736.83s
2026-08-31 08:53:34.853 INFO Iteration 114 finished in 873.60s (real) and 812.79s (process)
2026-08-31 08:53:34.865 INFO Start timestep 2022-04-10 00:00:00+00:00 -> 2022-05-10 00:00:00+00:00
2026-08-31 08:55:14.609 INFO DuckDB memory logs:
  database_name database_size  block_size  ...  wal_size  memory_usage  memory_limit
0   postgres_db       6.2 TiB           0  ...   0 bytes      13.8 GiB     267.0 GiB
1        memory       0 bytes           0  ...   0 bytes      13.8 GiB     267.0 GiB

[2 rows x 9 columns]
2026-08-31 08:55:14.610 INFO Loading data (2022-04-10 00:00:00+00:00 -> 2022-05-10 00:00:00+00:00) done in 99.75s (real) and 75.79s (process)
2026-08-31 08:55:14.611 INFO Memory usage (start of timestep, peak): 230.03 GiB
2026-08-31 08:55:14.611 INFO Memory usage (start of timestep, current): 25.88 GiB
2026-08-31 08:55:14.611 INFO Calculating metrics
2026-08-31 08:55:14.611 INFO Calculating metric: reference_counts_per_domain
2026-08-31 08:56:21.271 INFO [reference_counts_per_domain] Memory snapshot — total: 142.24 MB
  cache_rows: 49.41 MB (786484 entries)
  counts_rows: 92.83 MB (786484 entries)
  total_count: 0.00 MB (N/A entries)
2026-08-31 08:56:21.272 INFO Calculating metric: reference_replacements
Found 995672 prefs in this timestep.
Found 146733 clearly dominated domains in this timestep.
Found 53800 clearly dominating domains in this timestep.
Found 100219 contested domains in this timestep.
Fraction of references that are clearly dominated: 89.55%
Fraction of references that are clearly dominating: 7.22%
Fraction of references that are contested: 0.42%
Fraction of references in the graph but unclassified: 0.81%
Fraction of references whose domain is not in the graph: 2.00%
--- Fun Facts ----
Number of domains in the graph is 386837 (374234 live)
Number of edges in the graph is 1784969 (1086257 accepted)
edge density of the reference replacement graph: 0.0000
Average degree is 9.23 (preference graph: 5.81)
Relevance weight cutoff: 1.0 (kept 60.86% of edges)
DOI node is in graph
ISBN node is in graph
DOI count: 71801.0
ISBN count: 24.0
Sessions concluded this step: 5938127 (avg size 1.69, cumulative avg 1.94)
Recycling:
  Recycled mass this step: 1144.0
  Recycled mass cumulative: 250307.0
  Tombstoned domains this step: 1106
2026-08-31 09:09:01.481 INFO [reference_replacements.calculate] total=760.21s query=9.05s derive=21.72s elicit=100.41s graph=0.86s mark_edges=0.48s scc=0.26s classify=624.85s score=1.00s write=0.99s rebuttal_searches=121904 rebuttal_skipped=3535
2026-08-31 09:09:09.142 INFO [reference_replacements] Memory snapshot — total: 684.66 MB
  reference_graph: 287.87 MB (386837 entries)
  domain_to_vertex: 98.25 MB (386837 entries)
  reusable_vertex_pool: 2.38 MB (12603 entries)
  tombstoned_domains: 2.68 MB (12603 entries)
  tombstoned_domain_mass: 1.89 MB (12603 entries)
  open_session_counts_size: 150.23 MB (293793 entries)
  open_session_last_edit_size: 97.58 MB (293793 entries)
  open_session_edits_size: 43.78 MB (293793 entries)
2026-08-31 09:09:09.143 INFO [reference_replacements.log_memory] total=7.54s tracked=8
2026-08-31 09:09:09.143 INFO Memory usage (end of timestep, peak): 230.03 GiB
2026-08-31 09:09:09.143 INFO Memory usage (end of timestep, current): 31.72 GiB
2026-08-31 09:09:09.143 INFO (Iteration 115) reference_counts_per_domain: real 66.66s | cpu 19.14s
2026-08-31 09:09:09.143 INFO (Iteration 115) reference_replacements: real 767.87s | cpu 781.05s
2026-08-31 09:09:09.143 INFO Iteration 115 finished in 934.28s (real) and 875.98s (process)
2026-08-31 09:09:09.145 INFO Start timestep 2022-05-10 00:00:00+00:00 -> 2022-06-09 00:00:00+00:00
2026-08-31 09:10:43.524 INFO DuckDB memory logs:
  database_name database_size  block_size  ...  wal_size  memory_usage  memory_limit
0   postgres_db       6.2 TiB           0  ...   0 bytes      12.3 GiB     267.0 GiB
1        memory       0 bytes           0  ...   0 bytes      12.3 GiB     267.0 GiB

[2 rows x 9 columns]
2026-08-31 09:10:43.525 INFO Loading data (2022-05-10 00:00:00+00:00 -> 2022-06-09 00:00:00+00:00) done in 94.38s (real) and 115.62s (process)
2026-08-31 09:10:43.525 INFO Memory usage (start of timestep, peak): 230.03 GiB
2026-08-31 09:10:43.526 INFO Memory usage (start of timestep, current): 24.42 GiB
2026-08-31 09:10:43.526 INFO Calculating metrics
2026-08-31 09:10:43.526 INFO Calculating metric: reference_counts_per_domain
2026-08-31 09:11:48.772 INFO [reference_counts_per_domain] Memory snapshot — total: 145.32 MB
  cache_rows: 50.48 MB (802870 entries)
  counts_rows: 94.84 MB (802870 entries)
  total_count: 0.00 MB (N/A entries)
2026-08-31 09:11:48.775 INFO Calculating metric: reference_replacements
Found 496435 prefs in this timestep.
Found 146550 clearly dominated domains in this timestep.
Found 53808 clearly dominating domains in this timestep.
Found 100222 contested domains in this timestep.
Fraction of references that are clearly dominated: 89.48%
Fraction of references that are clearly dominating: 7.24%
Fraction of references that are contested: 0.42%
Fraction of references in the graph but unclassified: 0.87%
Fraction of references whose domain is not in the graph: 1.99%
--- Fun Facts ----
Number of domains in the graph is 386837 (375219 live)
Number of edges in the graph is 1788142 (1087210 accepted)
edge density of the reference replacement graph: 0.0000
Average degree is 9.24 (preference graph: 5.80)
Relevance weight cutoff: 1.0 (kept 60.80% of edges)
DOI node is in graph
ISBN node is in graph
DOI count: 71797.0
ISBN count: 27.0
Sessions concluded this step: 5163991 (avg size 1.68, cumulative avg 1.94)
Recycling:
  Recycled mass this step: 1148.0
  Recycled mass cumulative: 251455.0
  Tombstoned domains this step: 1008
2026-08-31 09:25:01.486 INFO [reference_replacements.calculate] total=792.71s query=8.33s derive=18.89s elicit=98.12s graph=0.72s mark_edges=0.47s scc=0.26s classify=663.28s score=1.02s write=1.07s rebuttal_searches=121910 rebuttal_skipped=3607
2026-08-31 09:25:11.530 INFO [reference_replacements] Memory snapshot — total: 844.49 MB
  reference_graph: 288.32 MB (386837 entries)
  domain_to_vertex: 98.25 MB (386837 entries)
  reusable_vertex_pool: 2.35 MB (11618 entries)
  tombstoned_domains: 2.63 MB (11618 entries)
  tombstoned_domain_mass: 1.81 MB (11618 entries)
  open_session_counts_size: 233.12 MB (417903 entries)
  open_session_last_edit_size: 147.26 MB (417903 entries)
  open_session_edits_size: 70.74 MB (417903 entries)
2026-08-31 09:25:11.530 INFO [reference_replacements.log_memory] total=9.95s tracked=8
2026-08-31 09:25:11.530 INFO Memory usage (end of timestep, peak): 230.03 GiB
2026-08-31 09:25:11.531 INFO Memory usage (end of timestep, current): 29.11 GiB
2026-08-31 09:25:11.531 INFO (Iteration 116) reference_counts_per_domain: real 65.25s | cpu 17.72s
2026-08-31 09:25:11.531 INFO (Iteration 116) reference_replacements: real 802.76s | cpu 814.04s
2026-08-31 09:25:11.531 INFO Iteration 116 finished in 962.39s (real) and 947.38s (process)
2026-08-31 09:25:11.546 INFO Start timestep 2022-06-09 00:00:00+00:00 -> 2022-07-09 00:00:00+00:00
2026-08-31 09:27:32.806 INFO DuckDB memory logs:
  database_name database_size  block_size  ...  wal_size  memory_usage  memory_limit
0   postgres_db       6.2 TiB           0  ...   0 bytes      20.0 GiB     267.0 GiB
1        memory       0 bytes           0  ...   0 bytes      20.0 GiB     267.0 GiB

[2 rows x 9 columns]
2026-08-31 09:27:32.810 INFO Loading data (2022-06-09 00:00:00+00:00 -> 2022-07-09 00:00:00+00:00) done in 141.26s (real) and 105.55s (process)
2026-08-31 09:27:32.810 INFO Memory usage (start of timestep, peak): 230.03 GiB
2026-08-31 09:27:32.811 INFO Memory usage (start of timestep, current): 31.77 GiB
2026-08-31 09:27:32.811 INFO Calculating metrics
2026-08-31 09:27:32.811 INFO Calculating metric: reference_counts_per_domain
2026-08-31 09:28:43.561 INFO [reference_counts_per_domain] Memory snapshot — total: 149.08 MB
  cache_rows: 51.79 MB (823162 entries)
  counts_rows: 97.29 MB (823162 entries)
  total_count: 0.00 MB (N/A entries)
2026-08-31 09:28:43.562 INFO Calculating metric: reference_replacements
Found 320636 prefs in this timestep.
Found 146538 clearly dominated domains in this timestep.
Found 53933 clearly dominating domains in this timestep.
Found 100240 contested domains in this timestep.
Fraction of references that are clearly dominated: 89.49%
Fraction of references that are clearly dominating: 7.19%
Fraction of references that are contested: 0.45%
Fraction of references in the graph but unclassified: 0.90%
Fraction of references whose domain is not in the graph: 1.97%
--- Fun Facts ----
Number of domains in the graph is 386837 (376039 live)
Number of edges in the graph is 1790567 (1088132 accepted)
edge density of the reference replacement graph: 0.0000
Average degree is 9.26 (preference graph: 5.79)
Relevance weight cutoff: 1.0 (kept 60.77% of edges)
DOI node is in graph
ISBN node is in graph
DOI count: 71799.0
ISBN count: 27.0
Sessions concluded this step: 7607955 (avg size 1.74, cumulative avg 1.94)
Recycling:
  Recycled mass this step: 1209.0
  Recycled mass cumulative: 252664.0
  Tombstoned domains this step: 874
2026-08-31 09:43:14.152 INFO [reference_replacements.calculate] total=870.59s query=13.25s derive=33.50s elicit=191.12s graph=0.99s mark_edges=0.47s scc=0.26s classify=628.20s score=1.05s write=0.97s rebuttal_searches=121964 rebuttal_skipped=3652
2026-08-31 09:43:37.523 INFO [reference_replacements] Memory snapshot — total: 1531.57 MB
  reference_graph: 288.64 MB (386837 entries)
  domain_to_vertex: 98.25 MB (386837 entries)
  reusable_vertex_pool: 2.33 MB (10798 entries)
  tombstoned_domains: 2.58 MB (10798 entries)
  tombstoned_domain_mass: 1.75 MB (10798 entries)
  open_session_counts_size: 595.64 MB (1114517 entries)
  open_session_last_edit_size: 373.23 MB (1114517 entries)
  open_session_edits_size: 169.16 MB (1114517 entries)
2026-08-31 09:43:37.523 INFO [reference_replacements.log_memory] total=23.28s tracked=8
2026-08-31 09:43:37.523 INFO Memory usage (end of timestep, peak): 230.03 GiB
2026-08-31 09:43:37.523 INFO Memory usage (end of timestep, current): 39.06 GiB
2026-08-31 09:43:37.523 INFO (Iteration 117) reference_counts_per_domain: real 70.75s | cpu 25.35s
2026-08-31 09:43:37.523 INFO (Iteration 117) reference_replacements: real 893.96s | cpu 913.69s
2026-08-31 09:43:37.524 INFO Iteration 117 finished in 1105.98s (real) and 1044.59s (process)
2026-08-31 09:43:37.524 INFO Start timestep 2022-07-09 00:00:00+00:00 -> 2022-08-08 00:00:00+00:00
2026-08-31 09:46:39.837 INFO DuckDB memory logs:
  database_name database_size  block_size  ...  wal_size  memory_usage  memory_limit
0   postgres_db       6.2 TiB           0  ...   0 bytes      23.3 GiB     267.0 GiB
1        memory       0 bytes           0  ...   0 bytes      23.3 GiB     267.0 GiB

[2 rows x 9 columns]
2026-08-31 09:46:39.838 INFO Loading data (2022-07-09 00:00:00+00:00 -> 2022-08-08 00:00:00+00:00) done in 182.31s (real) and 162.50s (process)
2026-08-31 09:46:39.838 INFO Memory usage (start of timestep, peak): 230.03 GiB
2026-08-31 09:46:39.839 INFO Memory usage (start of timestep, current): 35.13 GiB
2026-08-31 09:46:39.839 INFO Calculating metrics
2026-08-31 09:46:39.839 INFO Calculating metric: reference_counts_per_domain
2026-08-31 09:47:54.722 INFO [reference_counts_per_domain] Memory snapshot — total: 152.57 MB
  cache_rows: 53.00 MB (841913 entries)
  counts_rows: 99.57 MB (841913 entries)
  total_count: 0.00 MB (N/A entries)
2026-08-31 09:47:54.723 INFO Calculating metric: reference_replacements
Found 593442 prefs in this timestep.
Found 146623 clearly dominated domains in this timestep.
Found 53980 clearly dominating domains in this timestep.
Found 100264 contested domains in this timestep.
Fraction of references that are clearly dominated: 89.55%
Fraction of references that are clearly dominating: 7.17%
Fraction of references that are contested: 0.46%
Fraction of references in the graph but unclassified: 0.84%
Fraction of references whose domain is not in the graph: 1.98%
--- Fun Facts ----
Number of domains in the graph is 386837 (376809 live)
Number of edges in the graph is 1792078 (1088998 accepted)
edge density of the reference replacement graph: 0.0000
Average degree is 9.27 (preference graph: 5.78)
Relevance weight cutoff: 1.0 (kept 60.77% of edges)
DOI node is in graph
ISBN node is in graph
DOI count: 71797.0
ISBN count: 27.0
Sessions concluded this step: 17612421 (avg size 1.34, cumulative avg 1.93)
Recycling:
  Recycled mass this step: 1604.0
  Recycled mass cumulative: 254268.0
  Tombstoned domains this step: 1707
2026-08-31 10:04:32.763 INFO [reference_replacements.calculate] total=998.04s query=15.95s derive=43.07s elicit=306.78s graph=0.85s mark_edges=0.49s scc=0.26s classify=627.57s score=1.07s write=1.08s rebuttal_searches=122009 rebuttal_skipped=3682
2026-08-31 10:04:52.089 INFO [reference_replacements] Memory snapshot — total: 1412.52 MB
  reference_graph: 288.84 MB (386837 entries)
  domain_to_vertex: 98.25 MB (386837 entries)
  reusable_vertex_pool: 2.31 MB (10028 entries)
  tombstoned_domains: 2.54 MB (10028 entries)
  tombstoned_domain_mass: 1.69 MB (10028 entries)
  open_session_counts_size: 501.66 MB (1048608 entries)
  open_session_last_edit_size: 354.62 MB (1048608 entries)
  open_session_edits_size: 162.62 MB (1048608 entries)
2026-08-31 10:04:52.089 INFO [reference_replacements.log_memory] total=19.20s tracked=8
2026-08-31 10:04:52.089 INFO Memory usage (end of timestep, peak): 230.03 GiB
2026-08-31 10:04:52.089 INFO Memory usage (end of timestep, current): 45.68 GiB
2026-08-31 10:04:52.089 INFO (Iteration 118) reference_counts_per_domain: real 74.88s | cpu 25.33s
2026-08-31 10:04:52.089 INFO (Iteration 118) reference_replacements: real 1017.37s | cpu 1037.85s
2026-08-31 10:04:52.089 INFO Iteration 118 finished in 1274.57s (real) and 1225.69s (process)
2026-08-31 10:04:52.101 INFO Start timestep 2022-08-08 00:00:00+00:00 -> 2022-09-07 00:00:00+00:00
2026-08-31 10:07:05.062 INFO DuckDB memory logs:
  database_name database_size  block_size  ...  wal_size  memory_usage  memory_limit
0   postgres_db       6.2 TiB           0  ...   0 bytes      17.1 GiB     267.0 GiB
1        memory       0 bytes           0  ...   0 bytes      17.1 GiB     267.0 GiB

[2 rows x 9 columns]
2026-08-31 10:07:05.064 INFO Loading data (2022-08-08 00:00:00+00:00 -> 2022-09-07 00:00:00+00:00) done in 132.96s (real) and 103.26s (process)
2026-08-31 10:07:05.064 INFO Memory usage (start of timestep, peak): 230.03 GiB
2026-08-31 10:07:05.065 INFO Memory usage (start of timestep, current): 29.58 GiB
2026-08-31 10:07:05.065 INFO Calculating metrics
2026-08-31 10:07:05.065 INFO Calculating metric: reference_counts_per_domain
2026-08-31 10:08:16.908 INFO [reference_counts_per_domain] Memory snapshot — total: 154.19 MB
  cache_rows: 53.56 MB (850417 entries)
  counts_rows: 100.63 MB (850417 entries)
  total_count: 0.00 MB (N/A entries)
2026-08-31 10:08:16.910 INFO Calculating metric: reference_replacements
Found 22285 prefs in this timestep.
Found 146688 clearly dominated domains in this timestep.
Found 54034 clearly dominating domains in this timestep.
Found 100281 contested domains in this timestep.
Fraction of references that are clearly dominated: 89.56%
Fraction of references that are clearly dominating: 7.17%
Fraction of references that are contested: 0.46%
Fraction of references in the graph but unclassified: 0.93%
Fraction of references whose domain is not in the graph: 1.88%
--- Fun Facts ----
Number of domains in the graph is 386837 (377642 live)
Number of edges in the graph is 1793391 (1089720 accepted)
edge density of the reference replacement graph: 0.0000
Average degree is 9.27 (preference graph: 5.77)
Relevance weight cutoff: 1.0 (kept 60.76% of edges)
DOI node is in graph
ISBN node is in graph
DOI count: 71803.0
ISBN count: 27.0
Sessions concluded this step: 15410803 (avg size 1.13, cumulative avg 1.92)
Recycling:
  Recycled mass this step: 1565.0
  Recycled mass cumulative: 255833.0
  Tombstoned domains this step: 1296
2026-08-31 10:23:39.455 INFO [reference_replacements.calculate] total=922.55s query=9.92s derive=30.78s elicit=228.37s graph=0.90s mark_edges=0.43s scc=0.25s classify=648.94s score=1.08s write=1.03s rebuttal_searches=122045 rebuttal_skipped=3709
2026-08-31 10:23:49.656 INFO [reference_replacements] Memory snapshot — total: 946.78 MB
  reference_graph: 289.02 MB (386837 entries)
  domain_to_vertex: 98.25 MB (386837 entries)
  reusable_vertex_pool: 2.28 MB (9195 entries)
  tombstoned_domains: 2.50 MB (9195 entries)
  tombstoned_domain_mass: 1.62 MB (9195 entries)
  open_session_counts_size: 266.53 MB (443737 entries)
  open_session_last_edit_size: 183.91 MB (443737 entries)
  open_session_edits_size: 102.66 MB (443737 entries)
2026-08-31 10:23:49.656 INFO [reference_replacements.log_memory] total=10.11s tracked=8
2026-08-31 10:23:49.656 INFO Memory usage (end of timestep, peak): 230.03 GiB
2026-08-31 10:23:49.656 INFO Memory usage (end of timestep, current): 37.50 GiB
2026-08-31 10:23:49.657 INFO (Iteration 119) reference_counts_per_domain: real 71.84s | cpu 21.01s
2026-08-31 10:23:49.657 INFO (Iteration 119) reference_replacements: real 932.75s | cpu 946.83s
2026-08-31 10:23:49.657 INFO Iteration 119 finished in 1137.56s (real) and 1071.10s (process)
2026-08-31 10:23:49.658 INFO Start timestep 2022-09-07 00:00:00+00:00 -> 2022-10-07 00:00:00+00:00
2026-08-31 10:26:15.081 INFO DuckDB memory logs:
  database_name database_size  block_size  ...  wal_size  memory_usage  memory_limit
0   postgres_db       6.2 TiB           0  ...   0 bytes      20.7 GiB     267.0 GiB
1        memory       0 bytes           0  ...   0 bytes      20.7 GiB     267.0 GiB

[2 rows x 9 columns]
2026-08-31 10:26:15.082 INFO Loading data (2022-09-07 00:00:00+00:00 -> 2022-10-07 00:00:00+00:00) done in 145.42s (real) and 182.70s (process)
2026-08-31 10:26:15.082 INFO Memory usage (start of timestep, peak): 230.03 GiB
2026-08-31 10:26:15.083 INFO Memory usage (start of timestep, current): 32.67 GiB
2026-08-31 10:26:15.083 INFO Calculating metrics
2026-08-31 10:26:15.083 INFO Calculating metric: reference_counts_per_domain
2026-08-31 10:27:18.591 INFO [reference_counts_per_domain] Memory snapshot — total: 131.77 MB
  cache_rows: 45.78 MB (730152 entries)
  counts_rows: 85.99 MB (730152 entries)
  total_count: 0.00 MB (N/A entries)
2026-08-31 10:27:18.591 INFO Calculating metric: reference_replacements
Found 243132 prefs in this timestep.
Found 146799 clearly dominated domains in this timestep.
Found 54126 clearly dominating domains in this timestep.
Found 100286 contested domains in this timestep.
Fraction of references that are clearly dominated: 89.69%
Fraction of references that are clearly dominating: 7.07%
Fraction of references that are contested: 0.46%
Fraction of references in the graph but unclassified: 0.89%
Fraction of references whose domain is not in the graph: 1.89%
--- Fun Facts ----
Number of domains in the graph is 386837 (378501 live)
Number of edges in the graph is 1795198 (1090495 accepted)
edge density of the reference replacement graph: 0.0000
Average degree is 9.28 (preference graph: 5.76)
Relevance weight cutoff: 1.0 (kept 60.75% of edges)
DOI node is in graph
ISBN node is in graph
DOI count: 71801.0
ISBN count: 27.0
Sessions concluded this step: 8209771 (avg size 1.70, cumulative avg 1.92)
Recycling:
  Recycled mass this step: 1356.0
  Recycled mass cumulative: 257189.0
  Tombstoned domains this step: 801
2026-08-31 10:41:31.081 INFO [reference_replacements.calculate] total=852.49s query=12.48s derive=32.69s elicit=168.08s graph=0.68s mark_edges=0.44s scc=0.27s classify=635.27s score=0.97s write=0.93s rebuttal_searches=122068 rebuttal_skipped=3753
2026-08-31 10:41:45.122 INFO [reference_replacements] Memory snapshot — total: 1129.90 MB
  reference_graph: 289.26 MB (386837 entries)
  domain_to_vertex: 98.25 MB (386837 entries)
  reusable_vertex_pool: 2.25 MB (8336 entries)
  tombstoned_domains: 2.45 MB (8336 entries)
  tombstoned_domain_mass: 1.56 MB (8336 entries)
  open_session_counts_size: 367.62 MB (658498 entries)
  open_session_last_edit_size: 244.54 MB (658498 entries)
  open_session_edits_size: 123.97 MB (658498 entries)
2026-08-31 10:41:45.122 INFO [reference_replacements.log_memory] total=13.95s tracked=8
2026-08-31 10:41:45.122 INFO Memory usage (end of timestep, peak): 230.03 GiB
2026-08-31 10:41:45.122 INFO Memory usage (end of timestep, current): 39.72 GiB
2026-08-31 10:41:45.122 INFO (Iteration 120) reference_counts_per_domain: real 63.51s | cpu 24.02s
2026-08-31 10:41:45.122 INFO (Iteration 120) reference_replacements: real 866.53s | cpu 884.05s
2026-08-31 10:41:45.122 INFO Iteration 120 finished in 1075.46s (real) and 1090.77s (process)
2026-08-31 10:41:45.139 INFO Start timestep 2022-10-07 00:00:00+00:00 -> 2022-11-06 00:00:00+00:00
2026-08-31 10:44:05.886 INFO DuckDB memory logs:
  database_name database_size  block_size  ...  wal_size  memory_usage  memory_limit
0   postgres_db       6.2 TiB           0  ...   0 bytes      19.0 GiB     267.0 GiB
1        memory       0 bytes           0  ...   0 bytes      19.0 GiB     267.0 GiB

[2 rows x 9 columns]
2026-08-31 10:44:05.887 INFO Loading data (2022-10-07 00:00:00+00:00 -> 2022-11-06 00:00:00+00:00) done in 140.75s (real) and 125.74s (process)
2026-08-31 10:44:05.887 INFO Memory usage (start of timestep, peak): 230.03 GiB
2026-08-31 10:44:05.887 INFO Memory usage (start of timestep, current): 31.04 GiB
2026-08-31 10:44:05.887 INFO Calculating metrics
2026-08-31 10:44:05.887 INFO Calculating metric: reference_counts_per_domain
2026-08-31 10:45:10.971 INFO [reference_counts_per_domain] Memory snapshot — total: 134.14 MB
  cache_rows: 46.60 MB (742626 entries)
  counts_rows: 87.54 MB (742626 entries)
  total_count: 0.00 MB (N/A entries)
2026-08-31 10:45:10.972 INFO Calculating metric: reference_replacements
Found 730087 prefs in this timestep.
Found 146933 clearly dominated domains in this timestep.
Found 53338 clearly dominating domains in this timestep.
Found 100293 contested domains in this timestep.
Fraction of references that are clearly dominated: 89.72%
Fraction of references that are clearly dominating: 7.06%
Fraction of references that are contested: 0.43%
Fraction of references in the graph but unclassified: 0.91%
Fraction of references whose domain is not in the graph: 1.87%
--- Fun Facts ----
Number of domains in the graph is 386837 (379344 live)
Number of edges in the graph is 1797319 (1090402 accepted)
edge density of the reference replacement graph: 0.0000
Average degree is 9.29 (preference graph: 5.75)
Relevance weight cutoff: 1.0 (kept 60.67% of edges)
DOI node is in graph
ISBN node is in graph
DOI count: 71800.0
ISBN count: 30.0
Sessions concluded this step: 7768098 (avg size 1.78, cumulative avg 1.92)
Recycling:
  Recycled mass this step: 2494.0
  Recycled mass cumulative: 259683.0
  Tombstoned domains this step: 847
2026-08-31 10:59:01.791 INFO [reference_replacements.calculate] total=830.82s query=11.83s derive=31.18s elicit=149.18s graph=0.73s mark_edges=0.45s scc=0.26s classify=634.62s score=0.97s write=0.94s rebuttal_searches=122099 rebuttal_skipped=3796
2026-08-31 10:59:11.759 INFO [reference_replacements] Memory snapshot — total: 946.22 MB
  reference_graph: 289.56 MB (386837 entries)
  domain_to_vertex: 98.25 MB (386837 entries)
  reusable_vertex_pool: 2.23 MB (7493 entries)
  tombstoned_domains: 2.41 MB (7493 entries)
  tombstoned_domain_mass: 1.49 MB (7493 entries)
  open_session_counts_size: 263.38 MB (449916 entries)
  open_session_last_edit_size: 185.64 MB (449916 entries)
  open_session_edits_size: 103.26 MB (449916 entries)
2026-08-31 10:59:11.759 INFO [reference_replacements.log_memory] total=9.87s tracked=8
2026-08-31 10:59:11.759 INFO Memory usage (end of timestep, peak): 230.03 GiB
2026-08-31 10:59:11.759 INFO Memory usage (end of timestep, current): 38.12 GiB
2026-08-31 10:59:11.759 INFO (Iteration 121) reference_counts_per_domain: real 65.08s | cpu 22.78s
2026-08-31 10:59:11.759 INFO (Iteration 121) reference_replacements: real 840.79s | cpu 857.48s
2026-08-31 10:59:11.759 INFO Iteration 121 finished in 1046.62s (real) and 1006.00s (process)
2026-08-31 10:59:11.771 INFO Start timestep 2022-11-06 00:00:00+00:00 -> 2022-12-06 00:00:00+00:00
2026-08-31 11:01:02.951 INFO DuckDB memory logs:
  database_name database_size  block_size  ...  wal_size  memory_usage  memory_limit
0   postgres_db       6.2 TiB           0  ...   0 bytes      15.6 GiB     267.0 GiB
1        memory       0 bytes           0  ...   0 bytes      15.6 GiB     267.0 GiB

[2 rows x 9 columns]
2026-08-31 11:01:02.952 INFO Loading data (2022-11-06 00:00:00+00:00 -> 2022-12-06 00:00:00+00:00) done in 111.18s (real) and 85.95s (process)
2026-08-31 11:01:02.952 INFO Memory usage (start of timestep, peak): 230.03 GiB
2026-08-31 11:01:02.953 INFO Memory usage (start of timestep, current): 27.71 GiB
2026-08-31 11:01:02.953 INFO Calculating metrics
2026-08-31 11:01:02.953 INFO Calculating metric: reference_counts_per_domain
2026-08-31 11:02:09.754 INFO [reference_counts_per_domain] Memory snapshot — total: 139.71 MB
  cache_rows: 48.54 MB (772537 entries)
  counts_rows: 91.18 MB (772537 entries)
  total_count: 0.00 MB (N/A entries)
2026-08-31 11:02:09.755 INFO Calculating metric: reference_replacements
Found 23403 prefs in this timestep.
Found 147030 clearly dominated domains in this timestep.
Found 53441 clearly dominating domains in this timestep.
Found 100317 contested domains in this timestep.
Fraction of references that are clearly dominated: 89.71%
Fraction of references that are clearly dominating: 7.04%
Fraction of references that are contested: 0.41%
Fraction of references in the graph but unclassified: 0.97%
Fraction of references whose domain is not in the graph: 1.87%
--- Fun Facts ----
Number of domains in the graph is 386837 (380149 live)
Number of edges in the graph is 1799389 (1091274 accepted)
edge density of the reference replacement graph: 0.0000
Average degree is 9.30 (preference graph: 5.74)
Relevance weight cutoff: 1.0 (kept 60.65% of edges)
DOI node is in graph
ISBN node is in graph
DOI count: 71783.0
ISBN count: 30.0
Sessions concluded this step: 7188947 (avg size 1.53, cumulative avg 1.92)
Recycling:
  Recycled mass this step: 1442.0
  Recycled mass cumulative: 261125.0
  Tombstoned domains this step: 934
2026-08-31 11:15:48.402 INFO [reference_replacements.calculate] total=818.65s query=9.20s derive=26.03s elicit=141.91s graph=0.64s mark_edges=0.47s scc=0.26s classify=637.56s score=0.98s write=0.96s rebuttal_searches=122150 rebuttal_skipped=3830
2026-08-31 11:16:00.404 INFO [reference_replacements] Memory snapshot — total: 938.40 MB
  reference_graph: 289.82 MB (386837 entries)
  domain_to_vertex: 98.25 MB (386837 entries)
  reusable_vertex_pool: 2.20 MB (6688 entries)
  tombstoned_domains: 2.36 MB (6688 entries)
  tombstoned_domain_mass: 1.43 MB (6688 entries)
  open_session_counts_size: 284.38 MB (528020 entries)
  open_session_last_edit_size: 178.31 MB (528020 entries)
  open_session_edits_size: 81.63 MB (528020 entries)
2026-08-31 11:16:00.404 INFO [reference_replacements.log_memory] total=11.92s tracked=8
2026-08-31 11:16:00.404 INFO Memory usage (end of timestep, peak): 230.03 GiB
2026-08-31 11:16:00.404 INFO Memory usage (end of timestep, current): 33.20 GiB
2026-08-31 11:16:00.404 INFO (Iteration 122) reference_counts_per_domain: real 66.80s | cpu 20.23s
2026-08-31 11:16:00.404 INFO (Iteration 122) reference_replacements: real 830.65s | cpu 843.80s
2026-08-31 11:16:00.404 INFO Iteration 122 finished in 1008.63s (real) and 949.98s (process)
2026-08-31 11:16:00.416 INFO Start timestep 2022-12-06 00:00:00+00:00 -> 2023-01-05 00:00:00+00:00
2026-08-31 11:17:35.753 INFO DuckDB memory logs:
  database_name database_size  block_size  ...  wal_size  memory_usage  memory_limit
0   postgres_db       6.2 TiB           0  ...   0 bytes      11.6 GiB     267.0 GiB
1        memory       0 bytes           0  ...   0 bytes      11.6 GiB     267.0 GiB

[2 rows x 9 columns]
2026-08-31 11:17:35.754 INFO Loading data (2022-12-06 00:00:00+00:00 -> 2023-01-05 00:00:00+00:00) done in 95.34s (real) and 72.85s (process)
2026-08-31 11:17:35.754 INFO Memory usage (start of timestep, peak): 230.03 GiB
2026-08-31 11:17:35.754 INFO Memory usage (start of timestep, current): 23.82 GiB
2026-08-31 11:17:35.754 INFO Calculating metrics
2026-08-31 11:17:35.754 INFO Calculating metric: reference_counts_per_domain
2026-08-31 11:18:40.800 INFO [reference_counts_per_domain] Memory snapshot — total: 142.95 MB
  cache_rows: 49.66 MB (789862 entries)
  counts_rows: 93.29 MB (789862 entries)
  total_count: 0.00 MB (N/A entries)
2026-08-31 11:18:40.800 INFO Calculating metric: reference_replacements
Found 193754 prefs in this timestep.
Found 146895 clearly dominated domains in this timestep.
Found 65033 clearly dominating domains in this timestep.
Found 100343 contested domains in this timestep.
Fraction of references that are clearly dominated: 89.70%
Fraction of references that are clearly dominating: 7.03%
Fraction of references that are contested: 0.38%
Fraction of references in the graph but unclassified: 1.01%
Fraction of references whose domain is not in the graph: 1.87%
--- Fun Facts ----
Number of domains in the graph is 402635 (383584 live)
Number of edges in the graph is 1820858 (1105117 accepted)
edge density of the reference replacement graph: 0.0000
Average degree is 9.04 (preference graph: 5.76)
Relevance weight cutoff: 1.0 (kept 60.69% of edges)
DOI node is in graph
ISBN node is in graph
DOI count: 71777.0
ISBN count: 31.0
Sessions concluded this step: 4779848 (avg size 1.51, cumulative avg 1.92)
Recycling:
  Recycled mass this step: 4397.0
  Recycled mass cumulative: 265522.0
  Tombstoned domains this step: 19051
2026-08-31 11:32:22.686 INFO [reference_replacements.calculate] total=821.89s query=5.89s derive=18.77s elicit=119.32s graph=1.27s mark_edges=0.49s scc=0.27s classify=673.24s score=1.07s write=1.05s rebuttal_searches=122204 rebuttal_skipped=3862
2026-08-31 11:32:39.759 INFO [reference_replacements] Memory snapshot — total: 1231.15 MB
  reference_graph: 294.63 MB (402635 entries)
  domain_to_vertex: 101.75 MB (402635 entries)
  reusable_vertex_pool: 1.58 MB (19051 entries)
  tombstoned_domains: 3.02 MB (19051 entries)
  tombstoned_domain_mass: 2.37 MB (19051 entries)
  open_session_counts_size: 433.22 MB (727324 entries)
  open_session_last_edit_size: 263.88 MB (727324 entries)
  open_session_edits_size: 130.71 MB (727324 entries)
2026-08-31 11:32:39.759 INFO [reference_replacements.log_memory] total=16.98s tracked=8
2026-08-31 11:32:39.759 INFO Memory usage (end of timestep, peak): 230.03 GiB
2026-08-31 11:32:39.759 INFO Memory usage (end of timestep, current): 28.22 GiB
2026-08-31 11:32:39.759 INFO (Iteration 123) reference_counts_per_domain: real 65.05s | cpu 18.40s
2026-08-31 11:32:39.759 INFO (Iteration 123) reference_replacements: real 838.96s | cpu 848.75s
2026-08-31 11:32:39.759 INFO Iteration 123 finished in 999.34s (real) and 940.00s (process)
2026-08-31 11:32:39.773 INFO Start timestep 2023-01-05 00:00:00+00:00 -> 2023-02-04 00:00:00+00:00
2026-08-31 11:34:31.117 INFO DuckDB memory logs:
  database_name database_size  block_size  ...  wal_size  memory_usage  memory_limit
0   postgres_db       6.2 TiB           0  ...   0 bytes      15.5 GiB     267.0 GiB
1        memory       0 bytes           0  ...   0 bytes      15.5 GiB     267.0 GiB

[2 rows x 9 columns]
2026-08-31 11:34:31.118 INFO Loading data (2023-01-05 00:00:00+00:00 -> 2023-02-04 00:00:00+00:00) done in 111.35s (real) and 154.78s (process)
2026-08-31 11:34:31.119 INFO Memory usage (start of timestep, peak): 230.03 GiB
2026-08-31 11:34:31.119 INFO Memory usage (start of timestep, current): 27.61 GiB
2026-08-31 11:34:31.119 INFO Calculating metrics
2026-08-31 11:34:31.120 INFO Calculating metric: reference_counts_per_domain
2026-08-31 11:35:39.004 INFO [reference_counts_per_domain] Memory snapshot — total: 146.84 MB
  cache_rows: 51.01 MB (810795 entries)
  counts_rows: 95.83 MB (810795 entries)
  total_count: 0.00 MB (N/A entries)
2026-08-31 11:35:39.004 INFO Calculating metric: reference_replacements
Found 1540824 prefs in this timestep.
Found 147058 clearly dominated domains in this timestep.
Found 64603 clearly dominating domains in this timestep.
Found 100365 contested domains in this timestep.
Fraction of references that are clearly dominated: 89.69%
Fraction of references that are clearly dominating: 7.02%
Fraction of references that are contested: 0.38%
Fraction of references in the graph but unclassified: 1.05%
Fraction of references whose domain is not in the graph: 1.87%
--- Fun Facts ----
Number of domains in the graph is 402635 (384424 live)
Number of edges in the graph is 1823033 (1105549 accepted)
edge density of the reference replacement graph: 0.0000
Average degree is 9.06 (preference graph: 5.75)
Relevance weight cutoff: 1.0 (kept 60.64% of edges)
DOI node is in graph
ISBN node is in graph
DOI count: 71775.0
ISBN count: 37.0
Sessions concluded this step: 6023047 (avg size 1.52, cumulative avg 1.92)
Recycling:
  Recycled mass this step: 2193.0
  Recycled mass cumulative: 267715.0
  Tombstoned domains this step: 890
2026-08-31 11:49:36.272 INFO [reference_replacements.calculate] total=837.27s query=8.24s derive=19.82s elicit=113.54s graph=0.94s mark_edges=0.49s scc=0.28s classify=691.21s score=1.09s write=1.08s rebuttal_searches=122249 rebuttal_skipped=3925
2026-08-31 11:49:46.590 INFO [reference_replacements] Memory snapshot — total: 970.22 MB
  reference_graph: 294.92 MB (402635 entries)
  domain_to_vertex: 101.75 MB (402635 entries)
  reusable_vertex_pool: 1.56 MB (18211 entries)
  tombstoned_domains: 2.97 MB (18211 entries)
  tombstoned_domain_mass: 2.31 MB (18211 entries)
  open_session_counts_size: 267.04 MB (478072 entries)
  open_session_last_edit_size: 193.61 MB (478072 entries)
  open_session_edits_size: 106.07 MB (478072 entries)
2026-08-31 11:49:46.590 INFO [reference_replacements.log_memory] total=10.17s tracked=8
2026-08-31 11:49:46.590 INFO Memory usage (end of timestep, peak): 230.03 GiB
2026-08-31 11:49:46.590 INFO Memory usage (end of timestep, current): 32.14 GiB
2026-08-31 11:49:46.590 INFO (Iteration 124) reference_counts_per_domain: real 67.88s | cpu 19.31s
2026-08-31 11:49:46.590 INFO (Iteration 124) reference_replacements: real 847.59s | cpu 859.39s
2026-08-31 11:49:46.590 INFO Iteration 124 finished in 1026.82s (real) and 1033.48s (process)
2026-08-31 11:49:46.605 INFO Start timestep 2023-02-04 00:00:00+00:00 -> 2023-03-06 00:00:00+00:00
2026-08-31 11:51:39.130 INFO DuckDB memory logs:
  database_name database_size  block_size  ...  wal_size  memory_usage  memory_limit
0   postgres_db       6.2 TiB           0  ...   0 bytes      14.4 GiB     267.0 GiB
1        memory       0 bytes           0  ...   0 bytes      14.4 GiB     267.0 GiB

[2 rows x 9 columns]
2026-08-31 11:51:39.131 INFO Loading data (2023-02-04 00:00:00+00:00 -> 2023-03-06 00:00:00+00:00) done in 112.53s (real) and 80.26s (process)
2026-08-31 11:51:39.131 INFO Memory usage (start of timestep, peak): 230.03 GiB
2026-08-31 11:51:39.131 INFO Memory usage (start of timestep, current): 26.60 GiB
2026-08-31 11:51:39.132 INFO Calculating metrics
2026-08-31 11:51:39.132 INFO Calculating metric: reference_counts_per_domain
2026-08-31 11:52:56.124 INFO [reference_counts_per_domain] Memory snapshot — total: 155.11 MB
  cache_rows: 53.88 MB (856093 entries)
  counts_rows: 101.23 MB (856093 entries)
  total_count: 0.00 MB (N/A entries)
2026-08-31 11:52:56.125 INFO Calculating metric: reference_replacements
Found 55822 prefs in this timestep.
Found 147256 clearly dominated domains in this timestep.
Found 64055 clearly dominating domains in this timestep.
Found 100377 contested domains in this timestep.
Fraction of references that are clearly dominated: 89.57%
Fraction of references that are clearly dominating: 7.05%
Fraction of references that are contested: 0.44%
Fraction of references in the graph but unclassified: 1.06%
Fraction of references whose domain is not in the graph: 1.87%
--- Fun Facts ----
Number of domains in the graph is 402635 (385281 live)
Number of edges in the graph is 1825078 (1105798 accepted)
edge density of the reference replacement graph: 0.0000
Average degree is 9.07 (preference graph: 5.74)
Relevance weight cutoff: 1.0 (kept 60.59% of edges)
DOI node is in graph
ISBN node is in graph
DOI count: 71777.0
ISBN count: 37.0
Sessions concluded this step: 5771535 (avg size 1.83, cumulative avg 1.91)
Recycling:
  Recycled mass this step: 2568.0
  Recycled mass cumulative: 270283.0
  Tombstoned domains this step: 1012
2026-08-31 12:06:24.330 INFO [reference_replacements.calculate] total=808.20s query=8.54s derive=29.13s elicit=107.18s graph=0.71s mark_edges=0.50s scc=0.28s classify=658.94s score=1.11s write=1.10s rebuttal_searches=122279 rebuttal_skipped=3977
2026-08-31 12:06:31.049 INFO [reference_replacements] Memory snapshot — total: 781.01 MB
  reference_graph: 295.21 MB (402635 entries)
  domain_to_vertex: 101.75 MB (402635 entries)
  reusable_vertex_pool: 1.53 MB (17354 entries)
  tombstoned_domains: 2.93 MB (17354 entries)
  tombstoned_domain_mass: 2.24 MB (17354 entries)
  open_session_counts_size: 169.58 MB (237197 entries)
  open_session_last_edit_size: 125.60 MB (237197 entries)
  open_session_edits_size: 82.17 MB (237197 entries)
2026-08-31 12:06:31.050 INFO [reference_replacements.log_memory] total=6.62s tracked=8
2026-08-31 12:06:31.050 INFO Memory usage (end of timestep, peak): 230.03 GiB
2026-08-31 12:06:31.050 INFO Memory usage (end of timestep, current): 32.49 GiB
2026-08-31 12:06:31.050 INFO (Iteration 125) reference_counts_per_domain: real 76.99s | cpu 26.24s
2026-08-31 12:06:31.050 INFO (Iteration 125) reference_replacements: real 814.93s | cpu 827.12s
2026-08-31 12:06:31.050 INFO Iteration 125 finished in 1004.45s (real) and 933.63s (process)
2026-08-31 12:06:31.062 INFO Start timestep 2023-03-06 00:00:00+00:00 -> 2023-04-05 00:00:00+00:00
2026-08-31 12:08:17.461 INFO DuckDB memory logs:
  database_name database_size  block_size  ...  wal_size  memory_usage  memory_limit
0   postgres_db       6.2 TiB           0  ...   0 bytes      13.7 GiB     267.0 GiB
1        memory       0 bytes           0  ...   0 bytes      13.7 GiB     267.0 GiB

[2 rows x 9 columns]
2026-08-31 12:08:17.462 INFO Loading data (2023-03-06 00:00:00+00:00 -> 2023-04-05 00:00:00+00:00) done in 106.40s (real) and 80.87s (process)
2026-08-31 12:08:17.462 INFO Memory usage (start of timestep, peak): 230.03 GiB
2026-08-31 12:08:17.462 INFO Memory usage (start of timestep, current): 25.86 GiB
2026-08-31 12:08:17.462 INFO Calculating metrics
2026-08-31 12:08:17.462 INFO Calculating metric: reference_counts_per_domain
2026-08-31 12:09:31.872 INFO [reference_counts_per_domain] Memory snapshot — total: 157.35 MB
  cache_rows: 54.66 MB (867851 entries)
  counts_rows: 102.69 MB (867851 entries)
  total_count: 0.00 MB (N/A entries)
2026-08-31 12:09:31.873 INFO Calculating metric: reference_replacements
Found 23826 prefs in this timestep.
Found 147459 clearly dominated domains in this timestep.
Found 63369 clearly dominating domains in this timestep.
Found 100423 contested domains in this timestep.
Fraction of references that are clearly dominated: 89.46%
Fraction of references that are clearly dominating: 7.03%
Fraction of references that are contested: 0.52%
Fraction of references in the graph but unclassified: 1.06%
Fraction of references whose domain is not in the graph: 1.93%
--- Fun Facts ----
Number of domains in the graph is 402635 (386063 live)
Number of edges in the graph is 1827481 (1106017 accepted)
edge density of the reference replacement graph: 0.0000
Average degree is 9.08 (preference graph: 5.73)
Relevance weight cutoff: 1.0 (kept 60.52% of edges)
DOI node is in graph
ISBN node is in graph
DOI count: 71773.0
ISBN count: 35.0
Sessions concluded this step: 5867279 (avg size 1.48, cumulative avg 1.91)
Recycling:
  Recycled mass this step: 2555.0
  Recycled mass cumulative: 272838.0
  Tombstoned domains this step: 923
2026-08-31 12:22:25.583 INFO [reference_replacements.calculate] total=773.71s query=6.40s derive=22.01s elicit=97.31s graph=0.69s mark_edges=0.46s scc=0.26s classify=643.82s score=1.09s write=1.06s rebuttal_searches=122339 rebuttal_skipped=4040
2026-08-31 12:22:33.425 INFO [reference_replacements] Memory snapshot — total: 838.00 MB
  reference_graph: 295.55 MB (402635 entries)
  domain_to_vertex: 101.75 MB (402635 entries)
  reusable_vertex_pool: 1.51 MB (16572 entries)
  tombstoned_domains: 2.89 MB (16572 entries)
  tombstoned_domain_mass: 2.18 MB (16572 entries)
  open_session_counts_size: 198.95 MB (309007 entries)
  open_session_last_edit_size: 145.87 MB (309007 entries)
  open_session_edits_size: 89.29 MB (309007 entries)
2026-08-31 12:22:33.426 INFO [reference_replacements.log_memory] total=7.75s tracked=8
2026-08-31 12:22:33.426 INFO Memory usage (end of timestep, peak): 230.03 GiB
2026-08-31 12:22:33.426 INFO Memory usage (end of timestep, current): 30.17 GiB
2026-08-31 12:22:33.426 INFO (Iteration 126) reference_counts_per_domain: real 74.41s | cpu 21.05s
2026-08-31 12:22:33.426 INFO (Iteration 126) reference_replacements: real 781.55s | cpu 792.15s
2026-08-31 12:22:33.426 INFO Iteration 126 finished in 962.36s (real) and 894.08s (process)
2026-08-31 12:22:33.444 INFO Start timestep 2023-04-05 00:00:00+00:00 -> 2023-05-05 00:00:00+00:00
2026-08-31 12:24:02.695 INFO DuckDB memory logs:
  database_name database_size  block_size  ...  wal_size  memory_usage  memory_limit
0   postgres_db       6.2 TiB           0  ...   0 bytes      12.3 GiB     267.0 GiB
1        memory       0 bytes           0  ...   0 bytes      12.3 GiB     267.0 GiB

[2 rows x 9 columns]
2026-08-31 12:24:02.696 INFO Loading data (2023-04-05 00:00:00+00:00 -> 2023-05-05 00:00:00+00:00) done in 89.25s (real) and 70.24s (process)
2026-08-31 12:24:02.696 INFO Memory usage (start of timestep, peak): 230.03 GiB
2026-08-31 12:24:02.697 INFO Memory usage (start of timestep, current): 24.53 GiB
2026-08-31 12:24:02.697 INFO Calculating metrics
2026-08-31 12:24:02.697 INFO Calculating metric: reference_counts_per_domain
2026-08-31 12:25:16.061 INFO [reference_counts_per_domain] Memory snapshot — total: 159.02 MB
  cache_rows: 55.24 MB (876582 entries)
  counts_rows: 103.79 MB (876582 entries)
  total_count: 0.00 MB (N/A entries)
2026-08-31 12:25:16.063 INFO Calculating metric: reference_replacements
Found 141644 prefs in this timestep.
Found 147641 clearly dominated domains in this timestep.
Found 62817 clearly dominating domains in this timestep.
Found 100443 contested domains in this timestep.
Fraction of references that are clearly dominated: 89.46%
Fraction of references that are clearly dominating: 6.98%
Fraction of references that are contested: 0.51%
Fraction of references in the graph but unclassified: 1.16%
Fraction of references whose domain is not in the graph: 1.88%
--- Fun Facts ----
Number of domains in the graph is 402635 (387038 live)
Number of edges in the graph is 1829539 (1106114 accepted)
edge density of the reference replacement graph: 0.0000
Average degree is 9.09 (preference graph: 5.72)
Relevance weight cutoff: 1.0 (kept 60.46% of edges)
DOI node is in graph
ISBN node is in graph
DOI count: 71773.0
ISBN count: 35.0
Sessions concluded this step: 5504925 (avg size 1.35, cumulative avg 1.91)
Recycling:
  Recycled mass this step: 2670.0
  Recycled mass cumulative: 275508.0
  Tombstoned domains this step: 840
2026-08-31 12:38:25.063 INFO [reference_replacements.calculate] total=789.00s query=5.68s derive=17.67s elicit=104.55s graph=0.66s mark_edges=0.49s scc=0.27s classify=656.92s score=1.13s write=1.08s rebuttal_searches=122393 rebuttal_skipped=4073
2026-08-31 12:38:36.103 INFO [reference_replacements] Memory snapshot — total: 1005.84 MB
  reference_graph: 295.87 MB (402635 entries)
  domain_to_vertex: 101.75 MB (402635 entries)
  reusable_vertex_pool: 1.48 MB (15597 entries)
  tombstoned_domains: 2.84 MB (15597 entries)
  tombstoned_domain_mass: 2.11 MB (15597 entries)
  open_session_counts_size: 286.82 MB (518213 entries)
  open_session_last_edit_size: 204.92 MB (518213 entries)
  open_session_edits_size: 110.04 MB (518213 entries)
2026-08-31 12:38:36.103 INFO [reference_replacements.log_memory] total=10.95s tracked=8
2026-08-31 12:38:36.104 INFO Memory usage (end of timestep, peak): 230.03 GiB
2026-08-31 12:38:36.104 INFO Memory usage (end of timestep, current): 28.66 GiB
2026-08-31 12:38:36.104 INFO (Iteration 127) reference_counts_per_domain: real 73.37s | cpu 18.10s
2026-08-31 12:38:36.104 INFO (Iteration 127) reference_replacements: real 800.04s | cpu 809.57s
2026-08-31 12:38:36.104 INFO Iteration 127 finished in 962.66s (real) and 897.91s (process)
2026-08-31 12:38:36.118 INFO Start timestep 2023-05-05 00:00:00+00:00 -> 2023-06-04 00:00:00+00:00
2026-08-31 12:40:51.293 INFO DuckDB memory logs:
  database_name database_size  block_size  ...  wal_size  memory_usage  memory_limit
0   postgres_db       6.2 TiB           0  ...   0 bytes      18.8 GiB     267.0 GiB
1        memory       0 bytes           0  ...   0 bytes      18.8 GiB     267.0 GiB

[2 rows x 9 columns]
2026-08-31 12:40:51.294 INFO Loading data (2023-05-05 00:00:00+00:00 -> 2023-06-04 00:00:00+00:00) done in 135.18s (real) and 102.53s (process)
2026-08-31 12:40:51.295 INFO Memory usage (start of timestep, peak): 230.03 GiB
2026-08-31 12:40:51.298 INFO Memory usage (start of timestep, current): 30.74 GiB
2026-08-31 12:40:51.298 INFO Calculating metrics
2026-08-31 12:40:51.298 INFO Calculating metric: reference_counts_per_domain
2026-08-31 12:42:09.028 INFO [reference_counts_per_domain] Memory snapshot — total: 163.19 MB
  cache_rows: 56.68 MB (898394 entries)
  counts_rows: 106.51 MB (898394 entries)
  total_count: 0.00 MB (N/A entries)
2026-08-31 12:42:09.030 INFO Calculating metric: reference_replacements
Found 317896 prefs in this timestep.
Found 148877 clearly dominated domains in this timestep.
Found 61771 clearly dominating domains in this timestep.
Found 100455 contested domains in this timestep.
Fraction of references that are clearly dominated: 89.44%
Fraction of references that are clearly dominating: 6.87%
Fraction of references that are contested: 0.59%
Fraction of references in the graph but unclassified: 1.19%
Fraction of references whose domain is not in the graph: 1.92%
--- Fun Facts ----
Number of domains in the graph is 402635 (388030 live)
Number of edges in the graph is 1831073 (1106678 accepted)
edge density of the reference replacement graph: 0.0000
Average degree is 9.10 (preference graph: 5.70)
Relevance weight cutoff: 1.0 (kept 60.44% of edges)
DOI node is in graph
ISBN node is in graph
DOI count: 71773.0
ISBN count: 36.0
Sessions concluded this step: 9211938 (avg size 1.31, cumulative avg 1.91)
Recycling:
  Recycled mass this step: 3732.0
  Recycled mass cumulative: 279240.0
  Tombstoned domains this step: 1610
2026-08-31 12:56:42.183 INFO [reference_replacements.calculate] total=873.15s query=10.62s derive=28.50s elicit=169.82s graph=0.99s mark_edges=0.52s scc=0.27s classify=659.36s score=1.15s write=1.16s rebuttal_searches=122428 rebuttal_skipped=4186
2026-08-31 12:56:56.470 INFO [reference_replacements] Memory snapshot — total: 1079.11 MB
  reference_graph: 296.08 MB (402635 entries)
  domain_to_vertex: 101.75 MB (402635 entries)
  reusable_vertex_pool: 1.45 MB (14605 entries)
  tombstoned_domains: 2.78 MB (14605 entries)
  tombstoned_domain_mass: 2.04 MB (14605 entries)
  open_session_counts_size: 340.18 MB (724039 entries)
  open_session_last_edit_size: 233.70 MB (724039 entries)
  open_session_edits_size: 101.13 MB (724039 entries)
2026-08-31 12:56:56.470 INFO [reference_replacements.log_memory] total=14.18s tracked=8
2026-08-31 12:56:56.470 INFO Memory usage (end of timestep, peak): 230.03 GiB
2026-08-31 12:56:56.470 INFO Memory usage (end of timestep, current): 37.59 GiB
2026-08-31 12:56:56.470 INFO (Iteration 128) reference_counts_per_domain: real 77.73s | cpu 23.20s
2026-08-31 12:56:56.470 INFO (Iteration 128) reference_replacements: real 887.44s | cpu 903.19s
2026-08-31 12:56:56.470 INFO Iteration 128 finished in 1100.35s (real) and 1028.92s (process)
2026-08-31 12:56:56.484 INFO Start timestep 2023-06-04 00:00:00+00:00 -> 2023-07-04 00:00:00+00:00
2026-08-31 12:59:49.138 INFO DuckDB memory logs:
  database_name database_size  block_size  ...  wal_size  memory_usage  memory_limit
0   postgres_db       6.2 TiB           0  ...   0 bytes      22.9 GiB     267.0 GiB
1        memory       0 bytes           0  ...   0 bytes      22.9 GiB     267.0 GiB

[2 rows x 9 columns]
2026-08-31 12:59:49.138 INFO Loading data (2023-06-04 00:00:00+00:00 -> 2023-07-04 00:00:00+00:00) done in 172.65s (real) and 130.82s (process)
2026-08-31 12:59:49.138 INFO Memory usage (start of timestep, peak): 230.03 GiB
2026-08-31 12:59:49.138 INFO Memory usage (start of timestep, current): 34.64 GiB
2026-08-31 12:59:49.138 INFO Calculating metrics
2026-08-31 12:59:49.138 INFO Calculating metric: reference_counts_per_domain
2026-08-31 13:01:16.594 INFO [reference_counts_per_domain] Memory snapshot — total: 180.63 MB
  cache_rows: 62.73 MB (989376 entries)
  counts_rows: 117.91 MB (989376 entries)
  total_count: 0.00 MB (N/A entries)
2026-08-31 13:01:16.595 INFO Calculating metric: reference_replacements
Found 68381 prefs in this timestep.
Found 149199 clearly dominated domains in this timestep.
Found 61159 clearly dominating domains in this timestep.
Found 100463 contested domains in this timestep.
Fraction of references that are clearly dominated: 89.34%
Fraction of references that are clearly dominating: 6.91%
Fraction of references that are contested: 0.57%
Fraction of references in the graph but unclassified: 1.21%
Fraction of references whose domain is not in the graph: 1.97%
--- Fun Facts ----
Number of domains in the graph is 402635 (388872 live)
Number of edges in the graph is 1833226 (1107006 accepted)
edge density of the reference replacement graph: 0.0000
Average degree is 9.11 (preference graph: 5.69)
Relevance weight cutoff: 1.0 (kept 60.39% of edges)
DOI node is in graph
ISBN node is in graph
DOI count: 71774.0
ISBN count: 38.0
Sessions concluded this step: 11815524 (avg size 1.30, cumulative avg 1.90)
Recycling:
  Recycled mass this step: 2783.0
  Recycled mass cumulative: 282023.0
  Tombstoned domains this step: 1094
2026-08-31 13:16:36.071 INFO [reference_replacements.calculate] total=919.48s query=12.74s derive=34.79s elicit=213.97s graph=0.69s mark_edges=0.53s scc=0.27s classify=653.33s score=1.20s write=1.08s rebuttal_searches=122465 rebuttal_skipped=4230
2026-08-31 13:16:53.004 INFO [reference_replacements] Memory snapshot — total: 1309.59 MB
  reference_graph: 296.43 MB (402635 entries)
  domain_to_vertex: 101.76 MB (402635 entries)
  reusable_vertex_pool: 1.42 MB (13763 entries)
  tombstoned_domains: 2.74 MB (13763 entries)
  tombstoned_domain_mass: 1.97 MB (13763 entries)
  open_session_counts_size: 446.08 MB (896272 entries)
  open_session_last_edit_size: 311.65 MB (896272 entries)
  open_session_edits_size: 147.54 MB (896272 entries)
2026-08-31 13:16:53.004 INFO [reference_replacements.log_memory] total=16.83s tracked=8
2026-08-31 13:16:53.004 INFO Memory usage (end of timestep, peak): 230.03 GiB
2026-08-31 13:16:53.004 INFO Memory usage (end of timestep, current): 42.17 GiB
2026-08-31 13:16:53.004 INFO (Iteration 129) reference_counts_per_domain: real 87.46s | cpu 27.49s
2026-08-31 13:16:53.004 INFO (Iteration 129) reference_replacements: real 936.41s | cpu 956.14s
2026-08-31 13:16:53.004 INFO Iteration 129 finished in 1196.52s (real) and 1114.45s (process)
2026-08-31 13:16:53.007 INFO Start timestep 2023-07-04 00:00:00+00:00 -> 2023-08-03 00:00:00+00:00
2026-08-31 13:19:11.262 INFO DuckDB memory logs:
  database_name database_size  block_size  ...  wal_size  memory_usage  memory_limit
0   postgres_db       6.2 TiB           0  ...   0 bytes      17.1 GiB     267.0 GiB
1        memory       0 bytes           0  ...   0 bytes      17.1 GiB     267.0 GiB

[2 rows x 9 columns]
2026-08-31 13:19:11.264 INFO Loading data (2023-07-04 00:00:00+00:00 -> 2023-08-03 00:00:00+00:00) done in 138.26s (real) and 123.31s (process)
2026-08-31 13:19:11.264 INFO Memory usage (start of timestep, peak): 230.03 GiB
2026-08-31 13:19:11.264 INFO Memory usage (start of timestep, current): 29.20 GiB
2026-08-31 13:19:11.264 INFO Calculating metrics
2026-08-31 13:19:11.264 INFO Calculating metric: reference_counts_per_domain
2026-08-31 13:20:36.776 INFO [reference_counts_per_domain] Memory snapshot — total: 182.82 MB
  cache_rows: 63.49 MB (1000937 entries)
  counts_rows: 119.34 MB (1000937 entries)
  total_count: 0.00 MB (N/A entries)
2026-08-31 13:20:36.777 INFO Calculating metric: reference_replacements
Found 28604 prefs in this timestep.
Found 149426 clearly dominated domains in this timestep.
Found 60556 clearly dominating domains in this timestep.
Found 100470 contested domains in this timestep.
Fraction of references that are clearly dominated: 89.33%
Fraction of references that are clearly dominating: 6.88%
Fraction of references that are contested: 0.58%
Fraction of references in the graph but unclassified: 1.23%
Fraction of references whose domain is not in the graph: 1.98%
--- Fun Facts ----
Number of domains in the graph is 402635 (389600 live)
Number of edges in the graph is 1835856 (1107324 accepted)
edge density of the reference replacement graph: 0.0000
Average degree is 9.12 (preference graph: 5.68)
Relevance weight cutoff: 1.0 (kept 60.32% of edges)
DOI node is in graph
ISBN node is in graph
DOI count: 71773.0
ISBN count: 38.0
Sessions concluded this step: 9151839 (avg size 1.30, cumulative avg 1.90)
Recycling:
  Recycled mass this step: 2339.0
  Recycled mass cumulative: 284362.0
  Tombstoned domains this step: 928
2026-08-31 13:34:51.456 INFO [reference_replacements.calculate] total=854.68s query=10.20s derive=27.31s elicit=145.47s graph=0.66s mark_edges=0.52s scc=0.27s classify=666.98s score=1.23s write=1.21s rebuttal_searches=122499 rebuttal_skipped=4266
2026-08-31 13:35:00.569 INFO [reference_replacements] Memory snapshot — total: 892.95 MB
  reference_graph: 296.80 MB (402635 entries)
  domain_to_vertex: 101.76 MB (402635 entries)
  reusable_vertex_pool: 1.40 MB (13035 entries)
  tombstoned_domains: 2.70 MB (13035 entries)
  tombstoned_domain_mass: 1.92 MB (13035 entries)
  open_session_counts_size: 227.63 MB (375989 entries)
  open_session_last_edit_size: 164.79 MB (375989 entries)
  open_session_edits_size: 95.95 MB (375989 entries)
2026-08-31 13:35:00.569 INFO [reference_replacements.log_memory] total=9.01s tracked=8
2026-08-31 13:35:00.569 INFO Memory usage (end of timestep, peak): 230.03 GiB
2026-08-31 13:35:00.569 INFO Memory usage (end of timestep, current): 34.57 GiB
2026-08-31 13:35:00.569 INFO (Iteration 130) reference_counts_per_domain: real 85.51s | cpu 23.84s
2026-08-31 13:35:00.569 INFO (Iteration 130) reference_replacements: real 863.79s | cpu 879.07s
2026-08-31 13:35:00.569 INFO Iteration 130 finished in 1087.56s (real) and 1026.23s (process)
2026-08-31 13:35:00.570 INFO Start timestep 2023-08-03 00:00:00+00:00 -> 2023-09-02 00:00:00+00:00
2026-08-31 13:37:44.736 INFO DuckDB memory logs:
  database_name database_size  block_size  ...  wal_size  memory_usage  memory_limit
0   postgres_db       6.2 TiB           0  ...   0 bytes      22.3 GiB     267.0 GiB
1        memory       0 bytes           0  ...   0 bytes      22.3 GiB     267.0 GiB

[2 rows x 9 columns]
2026-08-31 13:37:44.738 INFO Loading data (2023-08-03 00:00:00+00:00 -> 2023-09-02 00:00:00+00:00) done in 164.17s (real) and 125.61s (process)
2026-08-31 13:37:44.739 INFO Memory usage (start of timestep, peak): 230.03 GiB
2026-08-31 13:37:44.739 INFO Memory usage (start of timestep, current): 34.08 GiB
2026-08-31 13:37:44.739 INFO Calculating metrics
2026-08-31 13:37:44.739 INFO Calculating metric: reference_counts_per_domain
2026-08-31 13:39:11.101 INFO [reference_counts_per_domain] Memory snapshot — total: 185.21 MB
  cache_rows: 64.31 MB (1013570 entries)
  counts_rows: 120.89 MB (1013570 entries)
  total_count: 0.00 MB (N/A entries)
2026-08-31 13:39:11.101 INFO Calculating metric: reference_replacements
Found 120000 prefs in this timestep.
Found 149776 clearly dominated domains in this timestep.
Found 59707 clearly dominating domains in this timestep.
Found 100504 contested domains in this timestep.
Fraction of references that are clearly dominated: 89.19%
Fraction of references that are clearly dominating: 6.99%
Fraction of references that are contested: 0.59%
Fraction of references in the graph but unclassified: 1.24%
Fraction of references whose domain is not in the graph: 2.00%
--- Fun Facts ----
Number of domains in the graph is 402635 (390480 live)
Number of edges in the graph is 1838264 (1107500 accepted)
edge density of the reference replacement graph: 0.0000
Average degree is 9.13 (preference graph: 5.67)
Relevance weight cutoff: 1.0 (kept 60.25% of edges)
DOI node is in graph
ISBN node is in graph
DOI count: 70514.0
ISBN count: 39.0
Sessions concluded this step: 11122199 (avg size 1.24, cumulative avg 1.89)
Recycling:
  Recycled mass this step: 2931.0
  Recycled mass cumulative: 287293.0
  Tombstoned domains this step: 1069
2026-08-31 13:53:37.423 INFO [reference_replacements.calculate] total=866.32s query=12.62s derive=30.43s elicit=180.67s graph=0.67s mark_edges=0.49s scc=0.26s classify=638.00s score=1.23s write=1.13s rebuttal_searches=122566 rebuttal_skipped=4316
2026-08-31 13:53:50.806 INFO [reference_replacements] Memory snapshot — total: 1123.47 MB
  reference_graph: 297.12 MB (402635 entries)
  domain_to_vertex: 101.76 MB (402635 entries)
  reusable_vertex_pool: 1.37 MB (12155 entries)
  tombstoned_domains: 2.66 MB (12155 entries)
  tombstoned_domain_mass: 1.85 MB (12155 entries)
  open_session_counts_size: 348.22 MB (663693 entries)
  open_session_last_edit_size: 246.00 MB (663693 entries)
  open_session_edits_size: 124.48 MB (663693 entries)
2026-08-31 13:53:50.806 INFO [reference_replacements.log_memory] total=13.28s tracked=8
2026-08-31 13:53:50.807 INFO Memory usage (end of timestep, peak): 230.03 GiB
2026-08-31 13:53:50.807 INFO Memory usage (end of timestep, current): 40.71 GiB
2026-08-31 13:53:50.807 INFO (Iteration 131) reference_counts_per_domain: real 86.36s | cpu 23.81s
2026-08-31 13:53:50.807 INFO (Iteration 131) reference_replacements: real 879.70s | cpu 898.76s
2026-08-31 13:53:50.807 INFO Iteration 131 finished in 1130.24s (real) and 1048.18s (process)
2026-08-31 13:53:50.820 INFO Start timestep 2023-09-02 00:00:00+00:00 -> 2023-10-02 00:00:00+00:00
2026-08-31 13:55:38.815 INFO DuckDB memory logs:
  database_name database_size  block_size  ...  wal_size  memory_usage  memory_limit
0   postgres_db       6.2 TiB           0  ...   0 bytes      14.0 GiB     267.0 GiB
1        memory       0 bytes           0  ...   0 bytes      14.0 GiB     267.0 GiB

[2 rows x 9 columns]
2026-08-31 13:55:38.816 INFO Loading data (2023-09-02 00:00:00+00:00 -> 2023-10-02 00:00:00+00:00) done in 108.00s (real) and 84.99s (process)
2026-08-31 13:55:38.816 INFO Memory usage (start of timestep, peak): 230.03 GiB
2026-08-31 13:55:38.817 INFO Memory usage (start of timestep, current): 26.15 GiB
2026-08-31 13:55:38.817 INFO Calculating metrics
2026-08-31 13:55:38.817 INFO Calculating metric: reference_counts_per_domain
2026-08-31 13:56:50.723 INFO [reference_counts_per_domain] Memory snapshot — total: 159.29 MB
  cache_rows: 55.32 MB (873596 entries)
  counts_rows: 103.97 MB (873596 entries)
  total_count: 0.00 MB (N/A entries)
2026-08-31 13:56:50.724 INFO Calculating metric: reference_replacements
Found 113842 prefs in this timestep.
Found 150193 clearly dominated domains in this timestep.
Found 58814 clearly dominating domains in this timestep.
Found 100522 contested domains in this timestep.
Fraction of references that are clearly dominated: 89.20%
Fraction of references that are clearly dominating: 6.97%
Fraction of references that are contested: 0.59%
Fraction of references in the graph but unclassified: 1.24%
Fraction of references whose domain is not in the graph: 2.00%
--- Fun Facts ----
Number of domains in the graph is 402635 (391466 live)
Number of edges in the graph is 1840728 (1107726 accepted)
edge density of the reference replacement graph: 0.0000
Average degree is 9.14 (preference graph: 5.66)
Relevance weight cutoff: 1.0 (kept 60.18% of edges)
DOI node is in graph
ISBN node is in graph
DOI count: 70513.0
ISBN count: 41.0
Sessions concluded this step: 5885430 (avg size 1.48, cumulative avg 1.89)
Recycling:
  Recycled mass this step: 3236.0
  Recycled mass cumulative: 290529.0
  Tombstoned domains this step: 1204
2026-08-31 14:09:46.504 INFO [reference_replacements.calculate] total=775.78s query=7.89s derive=20.27s elicit=92.00s graph=0.87s mark_edges=0.48s scc=0.26s classify=651.23s score=1.09s write=1.04s rebuttal_searches=122628 rebuttal_skipped=4352
2026-08-31 14:09:53.821 INFO [reference_replacements] Memory snapshot — total: 809.82 MB
  reference_graph: 297.49 MB (402635 entries)
  domain_to_vertex: 101.77 MB (402635 entries)
  reusable_vertex_pool: 1.34 MB (11169 entries)
  tombstoned_domains: 2.61 MB (11169 entries)
  tombstoned_domain_mass: 1.78 MB (11169 entries)
  open_session_counts_size: 185.48 MB (267503 entries)
  open_session_last_edit_size: 134.17 MB (267503 entries)
  open_session_edits_size: 85.19 MB (267503 entries)
2026-08-31 14:09:53.821 INFO [reference_replacements.log_memory] total=7.22s tracked=8
2026-08-31 14:09:53.821 INFO Memory usage (end of timestep, peak): 230.03 GiB
2026-08-31 14:09:53.822 INFO Memory usage (end of timestep, current): 30.81 GiB
2026-08-31 14:09:53.822 INFO (Iteration 132) reference_counts_per_domain: real 71.91s | cpu 20.25s
2026-08-31 14:09:53.822 INFO (Iteration 132) reference_replacements: real 783.10s | cpu 794.69s
2026-08-31 14:09:53.822 INFO Iteration 132 finished in 963.00s (real) and 899.93s (process)
2026-08-31 14:09:53.833 INFO Start timestep 2023-10-02 00:00:00+00:00 -> 2023-11-01 00:00:00+00:00
2026-08-31 14:11:12.895 INFO DuckDB memory logs:
  database_name database_size  block_size  ...  wal_size  memory_usage  memory_limit
0   postgres_db       6.2 TiB           0  ...   0 bytes      10.2 GiB     267.0 GiB
1        memory       0 bytes           0  ...   0 bytes      10.2 GiB     267.0 GiB

[2 rows x 9 columns]
2026-08-31 14:11:12.896 INFO Loading data (2023-10-02 00:00:00+00:00 -> 2023-11-01 00:00:00+00:00) done in 79.06s (real) and 76.80s (process)
2026-08-31 14:11:12.896 INFO Memory usage (start of timestep, peak): 230.03 GiB
2026-08-31 14:11:12.896 INFO Memory usage (start of timestep, current): 22.51 GiB
2026-08-31 14:11:12.896 INFO Calculating metrics
2026-08-31 14:11:12.897 INFO Calculating metric: reference_counts_per_domain
2026-08-31 14:12:23.980 INFO [reference_counts_per_domain] Memory snapshot — total: 161.91 MB
  cache_rows: 56.23 MB (887424 entries)
  counts_rows: 105.68 MB (887424 entries)
  total_count: 0.00 MB (N/A entries)
2026-08-31 14:12:23.981 INFO Calculating metric: reference_replacements
Found 159438 prefs in this timestep.
Found 150444 clearly dominated domains in this timestep.
Found 58148 clearly dominating domains in this timestep.
Found 100546 contested domains in this timestep.
Fraction of references that are clearly dominated: 89.24%
Fraction of references that are clearly dominating: 6.92%
Fraction of references that are contested: 0.54%
Fraction of references in the graph but unclassified: 1.26%
Fraction of references whose domain is not in the graph: 2.04%
--- Fun Facts ----
Number of domains in the graph is 402635 (392311 live)
Number of edges in the graph is 1843635 (1108087 accepted)
edge density of the reference replacement graph: 0.0000
Average degree is 9.16 (preference graph: 5.65)
Relevance weight cutoff: 1.0 (kept 60.10% of edges)
DOI node is in graph
ISBN node is in graph
DOI count: 70514.0
ISBN count: 43.0
Sessions concluded this step: 4422146 (avg size 1.51, cumulative avg 1.89)
Recycling:
  Recycled mass this step: 2628.0
  Recycled mass cumulative: 293157.0
  Tombstoned domains this step: 914
2026-08-31 14:25:23.631 INFO [reference_replacements.calculate] total=779.65s query=5.16s derive=15.18s elicit=84.61s graph=0.67s mark_edges=0.50s scc=0.26s classify=670.54s score=1.12s write=1.07s rebuttal_searches=122691 rebuttal_skipped=4387
2026-08-31 14:25:32.776 INFO [reference_replacements] Memory snapshot — total: 905.48 MB
  reference_graph: 297.88 MB (402635 entries)
  domain_to_vertex: 101.77 MB (402635 entries)
  reusable_vertex_pool: 1.32 MB (10324 entries)
  tombstoned_domains: 2.56 MB (10324 entries)
  tombstoned_domain_mass: 1.72 MB (10324 entries)
  open_session_counts_size: 232.42 MB (394844 entries)
  open_session_last_edit_size: 170.06 MB (394844 entries)
  open_session_edits_size: 97.76 MB (394844 entries)
2026-08-31 14:25:32.776 INFO [reference_replacements.log_memory] total=9.05s tracked=8
2026-08-31 14:25:32.776 INFO Memory usage (end of timestep, peak): 230.03 GiB
2026-08-31 14:25:32.776 INFO Memory usage (end of timestep, current): 26.58 GiB
2026-08-31 14:25:32.776 INFO (Iteration 133) reference_counts_per_domain: real 71.08s | cpu 16.51s
2026-08-31 14:25:32.776 INFO (Iteration 133) reference_replacements: real 788.80s | cpu 797.43s
2026-08-31 14:25:32.776 INFO Iteration 133 finished in 938.94s (real) and 890.74s (process)
2026-08-31 14:25:32.788 INFO Start timestep 2023-11-01 00:00:00+00:00 -> 2023-12-01 00:00:00+00:00
2026-08-31 14:26:48.939 INFO DuckDB memory logs:
  database_name database_size  block_size  ...  wal_size  memory_usage  memory_limit
0   postgres_db       6.2 TiB           0  ...   0 bytes       9.9 GiB     267.0 GiB
1        memory       0 bytes           0  ...   0 bytes       9.9 GiB     267.0 GiB

[2 rows x 9 columns]
2026-08-31 14:26:48.943 INFO Loading data (2023-11-01 00:00:00+00:00 -> 2023-12-01 00:00:00+00:00) done in 76.15s (real) and 56.61s (process)
2026-08-31 14:26:48.943 INFO Memory usage (start of timestep, peak): 230.03 GiB
2026-08-31 14:26:48.943 INFO Memory usage (start of timestep, current): 22.16 GiB
2026-08-31 14:26:48.943 INFO Calculating metrics
2026-08-31 14:26:48.943 INFO Calculating metric: reference_counts_per_domain
2026-08-31 14:28:02.479 INFO [reference_counts_per_domain] Memory snapshot — total: 164.21 MB
  cache_rows: 57.02 MB (899530 entries)
  counts_rows: 107.19 MB (899530 entries)
  total_count: 0.00 MB (N/A entries)
2026-08-31 14:28:02.479 INFO Calculating metric: reference_replacements
Found 144350 prefs in this timestep.
Found 151733 clearly dominated domains in this timestep.
Found 58050 clearly dominating domains in this timestep.
Found 100586 contested domains in this timestep.
Fraction of references that are clearly dominated: 89.23%
Fraction of references that are clearly dominating: 6.81%
Fraction of references that are contested: 0.66%
Fraction of references in the graph but unclassified: 1.24%
Fraction of references whose domain is not in the graph: 2.06%
--- Fun Facts ----
Number of domains in the graph is 402635 (394524 live)
Number of edges in the graph is 1846067 (1110276 accepted)
edge density of the reference replacement graph: 0.0000
Average degree is 9.17 (preference graph: 5.63)
Relevance weight cutoff: 1.0 (kept 60.14% of edges)
DOI node is in graph
ISBN node is in graph
DOI count: 70516.0
ISBN count: 43.0
Sessions concluded this step: 4878422 (avg size 1.46, cumulative avg 1.89)
Recycling:
  Recycled mass this step: 2363.0
  Recycled mass cumulative: 295520.0
  Tombstoned domains this step: 1183
2026-08-31 14:40:41.476 INFO [reference_replacements.calculate] total=759.00s query=4.90s derive=16.29s elicit=76.98s graph=0.94s mark_edges=0.48s scc=0.26s classify=656.38s score=1.13s write=1.02s rebuttal_searches=122747 rebuttal_skipped=4484
2026-08-31 14:40:47.214 INFO [reference_replacements] Memory snapshot — total: 735.65 MB
  reference_graph: 298.19 MB (402635 entries)
  domain_to_vertex: 101.77 MB (402635 entries)
  reusable_vertex_pool: 1.25 MB (8111 entries)
  tombstoned_domains: 2.44 MB (8111 entries)
  tombstoned_domain_mass: 1.55 MB (8111 entries)
  open_session_counts_size: 143.82 MB (181775 entries)
  open_session_last_edit_size: 109.96 MB (181775 entries)
  open_session_edits_size: 76.67 MB (181775 entries)
2026-08-31 14:40:47.215 INFO [reference_replacements.log_memory] total=5.63s tracked=8
2026-08-31 14:40:47.215 INFO Memory usage (end of timestep, peak): 230.03 GiB
2026-08-31 14:40:47.215 INFO Memory usage (end of timestep, current): 25.79 GiB
2026-08-31 14:40:47.215 INFO (Iteration 134) reference_counts_per_domain: real 73.54s | cpu 18.04s
2026-08-31 14:40:47.215 INFO (Iteration 134) reference_replacements: real 764.74s | cpu 773.07s
2026-08-31 14:40:47.215 INFO Iteration 134 finished in 914.43s (real) and 847.73s (process)
2026-08-31 14:40:47.229 INFO Start timestep 2023-12-01 00:00:00+00:00 -> 2023-12-31 00:00:00+00:00
2026-08-31 14:42:11.812 INFO DuckDB memory logs:
  database_name database_size  block_size  ...  wal_size  memory_usage  memory_limit
0   postgres_db       6.2 TiB           0  ...   0 bytes      10.4 GiB     267.0 GiB
1        memory       0 bytes           0  ...   0 bytes      10.4 GiB     267.0 GiB

[2 rows x 9 columns]
2026-08-31 14:42:11.812 INFO Loading data (2023-12-01 00:00:00+00:00 -> 2023-12-31 00:00:00+00:00) done in 84.58s (real) and 62.72s (process)
2026-08-31 14:42:11.812 INFO Memory usage (start of timestep, peak): 230.03 GiB
2026-08-31 14:42:11.813 INFO Memory usage (start of timestep, current): 22.67 GiB
2026-08-31 14:42:11.813 INFO Calculating metrics
2026-08-31 14:42:11.813 INFO Calculating metric: reference_counts_per_domain
2026-08-31 14:43:28.096 INFO [reference_counts_per_domain] Memory snapshot — total: 165.70 MB
  cache_rows: 57.54 MB (907186 entries)
  counts_rows: 108.16 MB (907186 entries)
  total_count: 0.00 MB (N/A entries)
2026-08-31 14:43:28.096 INFO Calculating metric: reference_replacements
Found 367684 prefs in this timestep.
Found 152520 clearly dominated domains in this timestep.
Found 58088 clearly dominating domains in this timestep.
Found 100691 contested domains in this timestep.
Fraction of references that are clearly dominated: 90.73%
Fraction of references that are clearly dominating: 5.65%
Fraction of references that are contested: 0.66%
Fraction of references in the graph but unclassified: 1.11%
Fraction of references whose domain is not in the graph: 1.85%
--- Fun Facts ----
Number of domains in the graph is 402635 (397082 live)
Number of edges in the graph is 1850058 (1112890 accepted)
edge density of the reference replacement graph: 0.0000
Average degree is 9.19 (preference graph: 5.61)
Relevance weight cutoff: 1.0 (kept 60.15% of edges)
DOI node is in graph
ISBN node is in graph
DOI count: 70514.0
ISBN count: 37.0
Sessions concluded this step: 4410871 (avg size 1.63, cumulative avg 1.89)
Recycling:
  Recycled mass this step: 2898.0
  Recycled mass cumulative: 298418.0
  Tombstoned domains this step: 962
2026-08-31 14:56:20.389 INFO [reference_replacements.calculate] total=772.29s query=5.27s derive=17.04s elicit=73.86s graph=0.89s mark_edges=0.49s scc=0.27s classify=671.63s score=1.13s write=1.13s rebuttal_searches=122900 rebuttal_skipped=4523
2026-08-31 14:56:27.176 INFO [reference_replacements] Memory snapshot — total: 776.44 MB
  reference_graph: 298.70 MB (402635 entries)
  domain_to_vertex: 101.77 MB (402635 entries)
  reusable_vertex_pool: 1.17 MB (5553 entries)
  tombstoned_domains: 2.31 MB (5553 entries)
  tombstoned_domain_mass: 1.35 MB (5553 entries)
  open_session_counts_size: 167.15 MB (227464 entries)
  open_session_last_edit_size: 122.82 MB (227464 entries)
  open_session_edits_size: 81.17 MB (227464 entries)
2026-08-31 14:56:27.177 INFO [reference_replacements.log_memory] total=6.68s tracked=8
2026-08-31 14:56:27.177 INFO Memory usage (end of timestep, peak): 230.03 GiB
2026-08-31 14:56:27.177 INFO Memory usage (end of timestep, current): 26.58 GiB
2026-08-31 14:56:27.177 INFO (Iteration 135) reference_counts_per_domain: real 76.28s | cpu 18.35s
2026-08-31 14:56:27.177 INFO (Iteration 135) reference_replacements: real 779.08s | cpu 788.13s
2026-08-31 14:56:27.177 INFO Iteration 135 finished in 939.95s (real) and 869.20s (process)
2026-08-31 14:56:27.194 INFO Start timestep 2023-12-31 00:00:00+00:00 -> 2024-01-30 00:00:00+00:00
2026-08-31 14:57:59.320 INFO DuckDB memory logs:
  database_name database_size  block_size  ...  wal_size  memory_usage  memory_limit
0   postgres_db       6.2 TiB           0  ...   0 bytes      12.7 GiB     267.0 GiB
1        memory       0 bytes           0  ...   0 bytes      12.7 GiB     267.0 GiB

[2 rows x 9 columns]
2026-08-31 14:57:59.320 INFO Loading data (2023-12-31 00:00:00+00:00 -> 2024-01-30 00:00:00+00:00) done in 92.13s (real) and 70.32s (process)
2026-08-31 14:57:59.321 INFO Memory usage (start of timestep, peak): 230.03 GiB
2026-08-31 14:57:59.321 INFO Memory usage (start of timestep, current): 24.90 GiB
2026-08-31 14:57:59.321 INFO Calculating metrics
2026-08-31 14:57:59.321 INFO Calculating metric: reference_counts_per_domain
2026-08-31 14:59:16.949 INFO [reference_counts_per_domain] Memory snapshot — total: 167.45 MB
  cache_rows: 58.15 MB (916365 entries)
  counts_rows: 109.31 MB (916365 entries)
  total_count: 0.00 MB (N/A entries)
2026-08-31 14:59:16.950 INFO Calculating metric: reference_replacements
Found 297743 prefs in this timestep.
Found 153845 clearly dominated domains in this timestep.
Found 58102 clearly dominating domains in this timestep.
Found 100748 contested domains in this timestep.
Fraction of references that are clearly dominated: 90.86%
Fraction of references that are clearly dominating: 5.65%
Fraction of references that are contested: 0.68%
Fraction of references in the graph but unclassified: 1.09%
Fraction of references whose domain is not in the graph: 1.73%
--- Fun Facts ----
Number of domains in the graph is 402635 (399256 live)
Number of edges in the graph is 1852987 (1115528 accepted)
edge density of the reference replacement graph: 0.0000
Average degree is 9.20 (preference graph: 5.59)
Relevance weight cutoff: 1.0 (kept 60.20% of edges)
DOI node is in graph
ISBN node is in graph
DOI count: 70513.0
ISBN count: 39.0
Sessions concluded this step: 5499680 (avg size 1.58, cumulative avg 1.89)
Recycling:
  Recycled mass this step: 2318.0
  Recycled mass cumulative: 300736.0
  Tombstoned domains this step: 1688
2026-08-31 15:12:35.000 INFO [reference_replacements.calculate] total=798.05s query=6.37s derive=20.88s elicit=86.59s graph=0.85s mark_edges=0.51s scc=0.27s classify=679.68s score=1.17s write=1.10s rebuttal_searches=122973 rebuttal_skipped=4595
2026-08-31 15:12:41.015 INFO [reference_replacements] Memory snapshot — total: 742.56 MB
  reference_graph: 299.09 MB (402635 entries)
  domain_to_vertex: 101.76 MB (402635 entries)
  reusable_vertex_pool: 1.10 MB (3379 entries)
  tombstoned_domains: 2.18 MB (3379 entries)
  tombstoned_domain_mass: 1.18 MB (3379 entries)
  open_session_counts_size: 148.20 MB (188156 entries)
  open_session_last_edit_size: 111.74 MB (188156 entries)
  open_session_edits_size: 77.29 MB (188156 entries)
2026-08-31 15:12:41.016 INFO [reference_replacements.log_memory] total=5.91s tracked=8
2026-08-31 15:12:41.016 INFO Memory usage (end of timestep, peak): 230.03 GiB
2026-08-31 15:12:41.016 INFO Memory usage (end of timestep, current): 29.03 GiB
2026-08-31 15:12:41.016 INFO (Iteration 136) reference_counts_per_domain: real 77.63s | cpu 20.69s
2026-08-31 15:12:41.016 INFO (Iteration 136) reference_replacements: real 804.07s | cpu 814.41s
2026-08-31 15:12:41.016 INFO Iteration 136 finished in 973.82s (real) and 905.43s (process)
2026-08-31 15:12:41.017 INFO Start timestep 2024-01-30 00:00:00+00:00 -> 2024-02-29 00:00:00+00:00
2026-08-31 15:14:10.674 INFO DuckDB memory logs:
  database_name database_size  block_size  ...  wal_size  memory_usage  memory_limit
0   postgres_db       6.2 TiB           0  ...   0 bytes      11.3 GiB     267.0 GiB
1        memory       0 bytes           0  ...   0 bytes      11.3 GiB     267.0 GiB

[2 rows x 9 columns]
2026-08-31 15:14:10.675 INFO Loading data (2024-01-30 00:00:00+00:00 -> 2024-02-29 00:00:00+00:00) done in 89.66s (real) and 68.12s (process)
2026-08-31 15:14:10.675 INFO Memory usage (start of timestep, peak): 230.03 GiB
2026-08-31 15:14:10.676 INFO Memory usage (start of timestep, current): 23.53 GiB
2026-08-31 15:14:10.676 INFO Calculating metrics
2026-08-31 15:14:10.676 INFO Calculating metric: reference_counts_per_domain
2026-08-31 15:15:26.849 INFO [reference_counts_per_domain] Memory snapshot — total: 169.23 MB
  cache_rows: 58.76 MB (925605 entries)
  counts_rows: 110.47 MB (925605 entries)
  total_count: 0.00 MB (N/A entries)
2026-08-31 15:15:26.849 INFO Calculating metric: reference_replacements
Found 33338 prefs in this timestep.
Found 153838 clearly dominated domains in this timestep.
Found 58217 clearly dominating domains in this timestep.
Found 100771 contested domains in this timestep.
Fraction of references that are clearly dominated: 90.84%
Fraction of references that are clearly dominating: 5.60%
Fraction of references that are contested: 0.72%
Fraction of references in the graph but unclassified: 1.14%
Fraction of references whose domain is not in the graph: 1.70%
--- Fun Facts ----
Number of domains in the graph is 402635 (399964 live)
Number of edges in the graph is 1854868 (1116208 accepted)
edge density of the reference replacement graph: 0.0000
Average degree is 9.21 (preference graph: 5.58)
Relevance weight cutoff: 1.0 (kept 60.18% of edges)
DOI node is in graph
ISBN node is in graph
DOI count: 70512.0
ISBN count: 38.0
Sessions concluded this step: 3981528 (avg size 1.60, cumulative avg 1.89)
Recycling:
  Recycled mass this step: 1184.0
  Recycled mass cumulative: 301920.0
  Tombstoned domains this step: 992
2026-08-31 15:28:20.809 INFO [reference_replacements.calculate] total=773.96s query=5.34s derive=20.28s elicit=72.89s graph=0.72s mark_edges=0.51s scc=0.27s classify=671.11s score=1.14s write=1.09s rebuttal_searches=123025 rebuttal_skipped=4640
2026-08-31 15:28:28.063 INFO [reference_replacements] Memory snapshot — total: 806.33 MB
  reference_graph: 299.35 MB (402635 entries)
  domain_to_vertex: 101.76 MB (402635 entries)
  reusable_vertex_pool: 1.08 MB (2671 entries)
  tombstoned_domains: 2.14 MB (2671 entries)
  tombstoned_domain_mass: 1.12 MB (2671 entries)
  open_session_counts_size: 183.88 MB (261479 entries)
  open_session_last_edit_size: 132.43 MB (261479 entries)
  open_session_edits_size: 84.55 MB (261479 entries)
2026-08-31 15:28:28.064 INFO [reference_replacements.log_memory] total=7.16s tracked=8
2026-08-31 15:28:28.064 INFO Memory usage (end of timestep, peak): 230.03 GiB
2026-08-31 15:28:28.064 INFO Memory usage (end of timestep, current): 27.37 GiB
2026-08-31 15:28:28.064 INFO (Iteration 137) reference_counts_per_domain: real 76.17s | cpu 20.87s
2026-08-31 15:28:28.064 INFO (Iteration 137) reference_replacements: real 781.22s | cpu 790.63s
2026-08-31 15:28:28.064 INFO Iteration 137 finished in 947.05s (real) and 879.62s (process)
2026-08-31 15:28:28.076 INFO Start timestep 2024-02-29 00:00:00+00:00 -> 2024-03-30 00:00:00+00:00
2026-08-31 15:30:25.003 INFO DuckDB memory logs:
  database_name database_size  block_size  ...  wal_size  memory_usage  memory_limit
0   postgres_db       6.2 TiB           0  ...   0 bytes      14.6 GiB     267.0 GiB
1        memory       0 bytes           0  ...   0 bytes      14.6 GiB     267.0 GiB

[2 rows x 9 columns]
2026-08-31 15:30:25.004 INFO Loading data (2024-02-29 00:00:00+00:00 -> 2024-03-30 00:00:00+00:00) done in 116.93s (real) and 87.33s (process)
2026-08-31 15:30:25.004 INFO Memory usage (start of timestep, peak): 230.03 GiB
2026-08-31 15:30:25.004 INFO Memory usage (start of timestep, current): 26.66 GiB
2026-08-31 15:30:25.004 INFO Calculating metrics
2026-08-31 15:30:25.004 INFO Calculating metric: reference_counts_per_domain
2026-08-31 15:31:43.870 INFO [reference_counts_per_domain] Memory snapshot — total: 171.76 MB
  cache_rows: 59.64 MB (938964 entries)
  counts_rows: 112.12 MB (938964 entries)
  total_count: 0.00 MB (N/A entries)
2026-08-31 15:31:43.871 INFO Calculating metric: reference_replacements
Found 67418 prefs in this timestep.
Found 153961 clearly dominated domains in this timestep.
Found 58364 clearly dominating domains in this timestep.
Found 100792 contested domains in this timestep.
Fraction of references that are clearly dominated: 90.86%
Fraction of references that are clearly dominating: 5.56%
Fraction of references that are contested: 0.70%
Fraction of references in the graph but unclassified: 1.27%
Fraction of references whose domain is not in the graph: 1.62%
--- Fun Facts ----
Number of domains in the graph is 402635 (400807 live)
Number of edges in the graph is 1857312 (1117204 accepted)
edge density of the reference replacement graph: 0.0000
Average degree is 9.23 (preference graph: 5.57)
Relevance weight cutoff: 1.0 (kept 60.15% of edges)
DOI node is in graph
ISBN node is in graph
DOI count: 70511.0
ISBN count: 38.0
Sessions concluded this step: 6511074 (avg size 1.49, cumulative avg 1.89)
Recycling:
  Recycled mass this step: 1220.0
  Recycled mass cumulative: 303140.0
  Tombstoned domains this step: 1174
2026-08-31 15:45:22.849 INFO [reference_replacements.calculate] total=818.98s query=8.43s derive=23.18s elicit=120.81s graph=0.70s mark_edges=0.50s scc=0.27s classify=662.09s score=1.16s write=1.09s rebuttal_searches=123067 rebuttal_skipped=4679
2026-08-31 15:45:30.957 INFO [reference_replacements] Memory snapshot — total: 857.49 MB
  reference_graph: 299.66 MB (402635 entries)
  domain_to_vertex: 101.76 MB (402635 entries)
  reusable_vertex_pool: 1.06 MB (1828 entries)
  tombstoned_domains: 2.10 MB (1828 entries)
  tombstoned_domain_mass: 1.06 MB (1828 entries)
  open_session_counts_size: 208.43 MB (330677 entries)
  open_session_last_edit_size: 151.99 MB (330677 entries)
  open_session_edits_size: 91.44 MB (330677 entries)
2026-08-31 15:45:30.958 INFO [reference_replacements.log_memory] total=8.01s tracked=8
2026-08-31 15:45:30.958 INFO Memory usage (end of timestep, peak): 230.03 GiB
2026-08-31 15:45:30.958 INFO Memory usage (end of timestep, current): 31.44 GiB
2026-08-31 15:45:30.958 INFO (Iteration 138) reference_counts_per_domain: real 78.87s | cpu 22.17s
2026-08-31 15:45:30.958 INFO (Iteration 138) reference_replacements: real 827.09s | cpu 839.44s
2026-08-31 15:45:30.958 INFO Iteration 138 finished in 1022.88s (real) and 948.95s (process)
2026-08-31 15:45:30.971 INFO Start timestep 2024-03-30 00:00:00+00:00 -> 2024-04-29 00:00:00+00:00
2026-08-31 15:47:26.761 INFO DuckDB memory logs:
  database_name database_size  block_size  ...  wal_size  memory_usage  memory_limit
0   postgres_db       6.2 TiB           0  ...   0 bytes      15.1 GiB     267.0 GiB
1        memory       0 bytes           0  ...   0 bytes      15.1 GiB     267.0 GiB

[2 rows x 9 columns]
2026-08-31 15:47:26.763 INFO Loading data (2024-03-30 00:00:00+00:00 -> 2024-04-29 00:00:00+00:00) done in 115.79s (real) and 88.85s (process)
2026-08-31 15:47:26.763 INFO Memory usage (start of timestep, peak): 230.03 GiB
2026-08-31 15:47:26.763 INFO Memory usage (start of timestep, current): 27.15 GiB
2026-08-31 15:47:26.763 INFO Calculating metrics
2026-08-31 15:47:26.763 INFO Calculating metric: reference_counts_per_domain
2026-08-31 15:48:45.672 INFO [reference_counts_per_domain] Memory snapshot — total: 173.59 MB
  cache_rows: 60.27 MB (948487 entries)
  counts_rows: 113.31 MB (948487 entries)
  total_count: 0.00 MB (N/A entries)
2026-08-31 15:48:45.674 INFO Calculating metric: reference_replacements
Found 121096 prefs in this timestep.
Found 154279 clearly dominated domains in this timestep.
Found 58399 clearly dominating domains in this timestep.
Found 100909 contested domains in this timestep.
Fraction of references that are clearly dominated: 90.83%
Fraction of references that are clearly dominating: 5.59%
Fraction of references that are contested: 0.78%
Fraction of references in the graph but unclassified: 1.17%
Fraction of references whose domain is not in the graph: 1.64%
--- Fun Facts ----
Number of domains in the graph is 402874 (401664 live)
Number of edges in the graph is 1859898 (1118377 accepted)
edge density of the reference replacement graph: 0.0000
Average degree is 9.23 (preference graph: 5.57)
Relevance weight cutoff: 1.0 (kept 60.13% of edges)
DOI node is in graph
ISBN node is in graph
DOI count: 70508.0
ISBN count: 37.0
Sessions concluded this step: 7117281 (avg size 1.48, cumulative avg 1.88)
Recycling:
  Recycled mass this step: 1172.0
  Recycled mass cumulative: 304312.0
  Tombstoned domains this step: 1210
2026-08-31 16:02:58.502 INFO [reference_replacements.calculate] total=852.83s query=8.44s derive=26.21s elicit=135.03s graph=0.70s mark_edges=0.50s scc=0.27s classify=678.57s score=1.17s write=1.15s rebuttal_searches=123242 rebuttal_skipped=4687
2026-08-31 16:03:07.859 INFO [reference_replacements] Memory snapshot — total: 830.52 MB
  reference_graph: 300.05 MB (402874 entries)
  domain_to_vertex: 101.82 MB (402874 entries)
  reusable_vertex_pool: 1.04 MB (1210 entries)
  tombstoned_domains: 2.07 MB (1210 entries)
  tombstoned_domain_mass: 1.01 MB (1210 entries)
  open_session_counts_size: 214.78 MB (396336 entries)
  open_session_last_edit_size: 141.17 MB (396336 entries)
  open_session_edits_size: 68.60 MB (396336 entries)
2026-08-31 16:03:07.860 INFO [reference_replacements.log_memory] total=9.25s tracked=8
2026-08-31 16:03:07.860 INFO Memory usage (end of timestep, peak): 230.03 GiB
2026-08-31 16:03:07.860 INFO Memory usage (end of timestep, current): 33.02 GiB
2026-08-31 16:03:07.860 INFO (Iteration 139) reference_counts_per_domain: real 78.91s | cpu 23.62s
2026-08-31 16:03:07.860 INFO (Iteration 139) reference_replacements: real 862.19s | cpu 874.79s
2026-08-31 16:03:07.860 INFO Iteration 139 finished in 1056.89s (real) and 987.26s (process)
2026-08-31 16:03:07.862 INFO Start timestep 2024-04-29 00:00:00+00:00 -> 2024-05-29 00:00:00+00:00
2026-08-31 16:05:24.356 INFO DuckDB memory logs:
  database_name database_size  block_size  ...  wal_size  memory_usage  memory_limit
0   postgres_db       6.2 TiB           0  ...   0 bytes      18.3 GiB     267.0 GiB
1        memory       0 bytes           0  ...   0 bytes      18.3 GiB     267.0 GiB

[2 rows x 9 columns]
2026-08-31 16:05:24.357 INFO Loading data (2024-04-29 00:00:00+00:00 -> 2024-05-29 00:00:00+00:00) done in 136.50s (real) and 103.96s (process)
2026-08-31 16:05:24.357 INFO Memory usage (start of timestep, peak): 230.03 GiB
2026-08-31 16:05:24.358 INFO Memory usage (start of timestep, current): 30.03 GiB
2026-08-31 16:05:24.358 INFO Calculating metrics
2026-08-31 16:05:24.358 INFO Calculating metric: reference_counts_per_domain
2026-08-31 16:06:52.764 INFO [reference_counts_per_domain] Memory snapshot — total: 188.75 MB
  cache_rows: 65.51 MB (1018181 entries)
  counts_rows: 123.24 MB (1018181 entries)
  total_count: 0.00 MB (N/A entries)
2026-08-31 16:06:52.766 INFO Calculating metric: reference_replacements
Found 100110 prefs in this timestep.
Found 154359 clearly dominated domains in this timestep.
Found 58551 clearly dominating domains in this timestep.
Found 100920 contested domains in this timestep.
Fraction of references that are clearly dominated: 90.66%
Fraction of references that are clearly dominating: 5.60%
Fraction of references that are contested: 0.79%
Fraction of references in the graph but unclassified: 1.35%
Fraction of references whose domain is not in the graph: 1.60%
--- Fun Facts ----
Number of domains in the graph is 403582 (402385 live)
Number of edges in the graph is 1863069 (1119402 accepted)
edge density of the reference replacement graph: 0.0000
Average degree is 9.23 (preference graph: 5.56)
Relevance weight cutoff: 1.0 (kept 60.08% of edges)
DOI node is in graph
ISBN node is in graph
DOI count: 70664.0
ISBN count: 46.0
Sessions concluded this step: 9814797 (avg size 1.34, cumulative avg 1.88)
Recycling:
  Recycled mass this step: 975.0
  Recycled mass cumulative: 305287.0
  Tombstoned domains this step: 1197
2026-08-31 16:22:12.710 INFO [reference_replacements.calculate] total=919.94s query=11.34s derive=39.08s elicit=184.92s graph=0.68s mark_edges=0.55s scc=0.27s classify=679.81s score=1.26s write=1.13s rebuttal_searches=123276 rebuttal_skipped=4739
2026-08-31 16:22:26.334 INFO [reference_replacements] Memory snapshot — total: 1027.64 MB
  reference_graph: 300.66 MB (403582 entries)
  domain_to_vertex: 101.97 MB (403582 entries)
  reusable_vertex_pool: 1.04 MB (1197 entries)
  tombstoned_domains: 2.07 MB (1197 entries)
  tombstoned_domain_mass: 1.01 MB (1197 entries)
  open_session_counts_size: 317.18 MB (642745 entries)
  open_session_last_edit_size: 210.70 MB (642745 entries)
  open_session_edits_size: 93.01 MB (642745 entries)
2026-08-31 16:22:26.334 INFO [reference_replacements.log_memory] total=13.51s tracked=8
2026-08-31 16:22:26.334 INFO Memory usage (end of timestep, peak): 230.03 GiB
2026-08-31 16:22:26.335 INFO Memory usage (end of timestep, current): 37.29 GiB
2026-08-31 16:22:26.335 INFO (Iteration 140) reference_counts_per_domain: real 88.41s | cpu 29.45s
2026-08-31 16:22:26.335 INFO (Iteration 140) reference_replacements: real 933.57s | cpu 950.46s
2026-08-31 16:22:26.335 INFO Iteration 140 finished in 1158.47s (real) and 1083.87s (process)
2026-08-31 16:22:26.347 INFO Start timestep 2024-05-29 00:00:00+00:00 -> 2024-06-28 00:00:00+00:00
2026-08-31 16:25:25.177 INFO DuckDB memory logs:
  database_name database_size  block_size  ...  wal_size  memory_usage  memory_limit
0   postgres_db       6.2 TiB           0  ...   0 bytes      19.0 GiB     267.0 GiB
1        memory       0 bytes           0  ...   0 bytes      19.0 GiB     267.0 GiB

[2 rows x 9 columns]
2026-08-31 16:25:25.187 INFO Loading data (2024-05-29 00:00:00+00:00 -> 2024-06-28 00:00:00+00:00) done in 178.84s (real) and 128.35s (process)
2026-08-31 16:25:25.188 INFO Memory usage (start of timestep, peak): 230.03 GiB
2026-08-31 16:25:25.188 INFO Memory usage (start of timestep, current): 30.72 GiB
2026-08-31 16:25:25.188 INFO Calculating metrics
2026-08-31 16:25:25.188 INFO Calculating metric: reference_counts_per_domain
2026-08-31 16:26:54.164 INFO [reference_counts_per_domain] Memory snapshot — total: 192.75 MB
  cache_rows: 66.89 MB (1037869 entries)
  counts_rows: 125.86 MB (1037869 entries)
  total_count: 0.00 MB (N/A entries)
2026-08-31 16:26:54.164 INFO Calculating metric: reference_replacements
Found 365985 prefs in this timestep.
Found 154867 clearly dominated domains in this timestep.
Found 58794 clearly dominating domains in this timestep.
Found 100967 contested domains in this timestep.
Fraction of references that are clearly dominated: 90.42%
Fraction of references that are clearly dominating: 5.71%
Fraction of references that are contested: 0.80%
Fraction of references in the graph but unclassified: 1.25%
Fraction of references whose domain is not in the graph: 1.82%
--- Fun Facts ----
Number of domains in the graph is 404713 (403411 live)
Number of edges in the graph is 1867364 (1121208 accepted)
edge density of the reference replacement graph: 0.0000
Average degree is 9.23 (preference graph: 5.56)
Relevance weight cutoff: 1.0 (kept 60.04% of edges)
DOI node is in graph
ISBN node is in graph
DOI count: 70694.0
ISBN count: 49.0
Sessions concluded this step: 12577073 (avg size 1.45, cumulative avg 1.88)
Recycling:
  Recycled mass this step: 958.0
  Recycled mass cumulative: 306245.0
  Tombstoned domains this step: 1302
2026-08-31 16:41:41.985 INFO [reference_replacements.calculate] total=887.82s query=11.93s derive=36.92s elicit=174.25s graph=0.73s mark_edges=0.53s scc=0.27s classify=659.86s score=1.15s write=1.18s rebuttal_searches=123352 rebuttal_skipped=4790
2026-08-31 16:41:47.560 INFO [reference_replacements] Memory snapshot — total: 639.44 MB
  reference_graph: 301.28 MB (404713 entries)
  domain_to_vertex: 102.23 MB (404713 entries)
  reusable_vertex_pool: 1.04 MB (1302 entries)
  tombstoned_domains: 2.07 MB (1302 entries)
  tombstoned_domain_mass: 1.02 MB (1302 entries)
  open_session_counts_size: 108.40 MB (169791 entries)
  open_session_last_edit_size: 77.25 MB (169791 entries)
  open_session_edits_size: 46.16 MB (169791 entries)
2026-08-31 16:41:47.562 INFO [reference_replacements.log_memory] total=5.47s tracked=8
2026-08-31 16:41:47.562 INFO Memory usage (end of timestep, peak): 230.03 GiB
2026-08-31 16:41:47.562 INFO Memory usage (end of timestep, current): 39.32 GiB
2026-08-31 16:41:47.562 INFO (Iteration 141) reference_counts_per_domain: real 88.98s | cpu 26.24s
2026-08-31 16:41:47.562 INFO (Iteration 141) reference_replacements: real 893.40s | cpu 910.68s
2026-08-31 16:41:47.562 INFO Iteration 141 finished in 1161.22s (real) and 1065.27s (process)
2026-08-31 16:41:47.577 INFO Start timestep 2024-06-28 00:00:00+00:00 -> 2024-07-28 00:00:00+00:00
2026-08-31 16:44:36.378 INFO DuckDB memory logs:
  database_name database_size  block_size  ...  wal_size  memory_usage  memory_limit
0   postgres_db       6.2 TiB           0  ...   0 bytes      21.0 GiB     267.0 GiB
1        memory       0 bytes           0  ...   0 bytes      21.0 GiB     267.0 GiB

[2 rows x 9 columns]
2026-08-31 16:44:36.379 INFO Loading data (2024-06-28 00:00:00+00:00 -> 2024-07-28 00:00:00+00:00) done in 168.80s (real) and 126.64s (process)
2026-08-31 16:44:36.379 INFO Memory usage (start of timestep, peak): 230.03 GiB
2026-08-31 16:44:36.379 INFO Memory usage (start of timestep, current): 32.61 GiB
2026-08-31 16:44:36.379 INFO Calculating metrics
2026-08-31 16:44:36.380 INFO Calculating metric: reference_counts_per_domain
2026-08-31 16:46:04.343 INFO [reference_counts_per_domain] Memory snapshot — total: 194.99 MB
  cache_rows: 67.66 MB (1049559 entries)
  counts_rows: 127.32 MB (1049559 entries)
  total_count: 0.00 MB (N/A entries)
2026-08-31 16:46:04.343 INFO Calculating metric: reference_replacements
Found 1190056 prefs in this timestep.
Found 155073 clearly dominated domains in this timestep.
Found 58907 clearly dominating domains in this timestep.
Found 101027 contested domains in this timestep.
Fraction of references that are clearly dominated: 89.91%
Fraction of references that are clearly dominating: 5.71%
Fraction of references that are contested: 0.82%
Fraction of references in the graph but unclassified: 1.24%
Fraction of references whose domain is not in the graph: 2.32%
--- Fun Facts ----
Number of domains in the graph is 405398 (404378 live)
Number of edges in the graph is 1874712 (1125643 accepted)
edge density of the reference replacement graph: 0.0000
Average degree is 9.25 (preference graph: 5.57)
Relevance weight cutoff: 1.0 (kept 60.04% of edges)
DOI node is in graph
ISBN node is in graph
DOI count: 70694.0
ISBN count: 51.0
Sessions concluded this step: 13643517 (avg size 1.29, cumulative avg 1.87)
Recycling:
  Recycled mass this step: 927.0
  Recycled mass cumulative: 307172.0
  Tombstoned domains this step: 1020
2026-08-31 17:02:34.384 INFO [reference_replacements.calculate] total=990.04s query=12.18s derive=33.70s elicit=275.23s graph=0.93s mark_edges=0.52s scc=0.28s classify=663.77s score=1.18s write=1.22s rebuttal_searches=123371 rebuttal_skipped=4868
2026-08-31 17:02:57.232 INFO [reference_replacements] Memory snapshot — total: 1636.12 MB
  reference_graph: 302.41 MB (405398 entries)
  domain_to_vertex: 102.38 MB (405398 entries)
  reusable_vertex_pool: 1.03 MB (1020 entries)
  tombstoned_domains: 2.06 MB (1020 entries)
  tombstoned_domain_mass: 1.00 MB (1020 entries)
  open_session_counts_size: 610.04 MB (1310463 entries)
  open_session_last_edit_size: 428.58 MB (1310463 entries)
  open_session_edits_size: 188.63 MB (1310463 entries)
2026-08-31 17:02:57.233 INFO [reference_replacements.log_memory] total=22.71s tracked=8
2026-08-31 17:02:57.233 INFO Memory usage (end of timestep, peak): 230.03 GiB
2026-08-31 17:02:57.233 INFO Memory usage (end of timestep, current): 41.80 GiB
2026-08-31 17:02:57.233 INFO (Iteration 142) reference_counts_per_domain: real 87.96s | cpu 23.16s
2026-08-31 17:02:57.233 INFO (Iteration 142) reference_replacements: real 1012.89s | cpu 1030.40s
2026-08-31 17:02:57.233 INFO Iteration 142 finished in 1269.66s (real) and 1180.20s (process)
2026-08-31 17:02:57.240 INFO Start timestep 2024-07-28 00:00:00+00:00 -> 2024-08-27 00:00:00+00:00
2026-08-31 17:06:04.109 INFO DuckDB memory logs:
  database_name database_size  block_size  ...  wal_size  memory_usage  memory_limit
0   postgres_db       6.2 TiB           0  ...   0 bytes      22.1 GiB     267.0 GiB
1        memory       0 bytes           0  ...   0 bytes      22.1 GiB     267.0 GiB

[2 rows x 9 columns]
2026-08-31 17:06:04.111 INFO Loading data (2024-07-28 00:00:00+00:00 -> 2024-08-27 00:00:00+00:00) done in 186.87s (real) and 139.11s (process)
2026-08-31 17:06:04.111 INFO Memory usage (start of timestep, peak): 230.03 GiB
2026-08-31 17:06:04.112 INFO Memory usage (start of timestep, current): 33.75 GiB
2026-08-31 17:06:04.112 INFO Calculating metrics
2026-08-31 17:06:04.112 INFO Calculating metric: reference_counts_per_domain
2026-08-31 17:07:32.374 INFO [reference_counts_per_domain] Memory snapshot — total: 200.26 MB
  cache_rows: 69.49 MB (1078058 entries)
  counts_rows: 130.76 MB (1078058 entries)
  total_count: 0.00 MB (N/A entries)
2026-08-31 17:07:32.378 INFO Calculating metric: reference_replacements
Found 45798 prefs in this timestep.
Found 155244 clearly dominated domains in this timestep.
Found 59093 clearly dominating domains in this timestep.
Found 101054 contested domains in this timestep.
Fraction of references that are clearly dominated: 88.99%
Fraction of references that are clearly dominating: 5.57%
Fraction of references that are contested: 0.90%
Fraction of references in the graph but unclassified: 1.22%
Fraction of references whose domain is not in the graph: 3.32%
--- Fun Facts ----
Number of domains in the graph is 406192 (405258 live)
Number of edges in the graph is 1877691 (1126623 accepted)
edge density of the reference replacement graph: 0.0000
Average degree is 9.25 (preference graph: 5.56)
Relevance weight cutoff: 1.0 (kept 60.00% of edges)
DOI node is in graph
ISBN node is in graph
DOI count: 70696.0
ISBN count: 51.0
Sessions concluded this step: 23464016 (avg size 1.10, cumulative avg 1.86)
Recycling:
  Recycled mass this step: 641.0
  Recycled mass cumulative: 307813.0
  Tombstoned domains this step: 934
2026-08-31 17:26:21.122 INFO [reference_replacements.calculate] total=1128.74s query=12.09s derive=41.24s elicit=402.81s graph=0.81s mark_edges=0.52s scc=0.27s classify=667.28s score=1.21s write=1.25s rebuttal_searches=123418 rebuttal_skipped=4908
2026-08-31 17:26:54.791 INFO [reference_replacements] Memory snapshot — total: 2301.04 MB
  reference_graph: 302.76 MB (406192 entries)
  domain_to_vertex: 102.55 MB (406192 entries)
  reusable_vertex_pool: 1.03 MB (934 entries)
  tombstoned_domains: 2.05 MB (934 entries)
  tombstoned_domain_mass: 0.99 MB (934 entries)
  open_session_counts_size: 922.68 MB (1925387 entries)
  open_session_last_edit_size: 660.76 MB (1925387 entries)
  open_session_edits_size: 308.21 MB (1925387 entries)
2026-08-31 17:26:54.792 INFO [reference_replacements.log_memory] total=33.56s tracked=8
2026-08-31 17:26:54.792 INFO Memory usage (end of timestep, peak): 230.03 GiB
2026-08-31 17:26:54.792 INFO Memory usage (end of timestep, current): 46.29 GiB
2026-08-31 17:26:54.792 INFO (Iteration 143) reference_counts_per_domain: real 88.27s | cpu 22.83s
2026-08-31 17:26:54.792 INFO (Iteration 143) reference_replacements: real 1162.41s | cpu 1180.28s
2026-08-31 17:26:54.792 INFO Iteration 143 finished in 1437.55s (real) and 1342.21s (process)
2026-08-31 17:26:54.793 INFO Start timestep 2024-08-27 00:00:00+00:00 -> 2024-09-26 00:00:00+00:00
2026-08-31 17:28:40.074 INFO DuckDB memory logs:
  database_name database_size  block_size  ...  wal_size  memory_usage  memory_limit
0   postgres_db       6.2 TiB           0  ...   0 bytes      11.4 GiB     267.0 GiB
1        memory       0 bytes           0  ...   0 bytes      11.4 GiB     267.0 GiB

[2 rows x 9 columns]
2026-08-31 17:28:40.074 INFO Loading data (2024-08-27 00:00:00+00:00 -> 2024-09-26 00:00:00+00:00) done in 105.28s (real) and 82.28s (process)
2026-08-31 17:28:40.075 INFO Memory usage (start of timestep, peak): 230.03 GiB
2026-08-31 17:28:40.075 INFO Memory usage (start of timestep, current): 24.09 GiB
2026-08-31 17:28:40.075 INFO Calculating metrics
2026-08-31 17:28:40.075 INFO Calculating metric: reference_counts_per_domain
2026-08-31 17:29:57.847 INFO [reference_counts_per_domain] Memory snapshot — total: 178.52 MB
  cache_rows: 61.96 MB (965635 entries)
  counts_rows: 116.56 MB (965635 entries)
  total_count: 0.00 MB (N/A entries)
2026-08-31 17:29:57.848 INFO Calculating metric: reference_replacements
Found 297175 prefs in this timestep.
Found 155636 clearly dominated domains in this timestep.
Found 59286 clearly dominating domains in this timestep.
Found 101153 contested domains in this timestep.
Fraction of references that are clearly dominated: 90.71%
Fraction of references that are clearly dominating: 5.56%
Fraction of references that are contested: 0.91%
Fraction of references in the graph but unclassified: 1.25%
Fraction of references whose domain is not in the graph: 1.56%
--- Fun Facts ----
Number of domains in the graph is 407696 (405951 live)
Number of edges in the graph is 1884743 (1129560 accepted)
edge density of the reference replacement graph: 0.0000
Average degree is 9.25 (preference graph: 5.57)
Relevance weight cutoff: 1.0 (kept 59.93% of edges)
DOI node is in graph
ISBN node is in graph
DOI count: 70677.0
ISBN count: 51.0
Sessions concluded this step: 8975872 (avg size 1.26, cumulative avg 1.86)
Recycling:
  Recycled mass this step: 647.0
  Recycled mass cumulative: 308460.0
  Tombstoned domains this step: 1745
2026-08-31 17:43:40.348 INFO [reference_replacements.calculate] total=822.50s query=5.80s derive=20.29s elicit=125.25s graph=0.87s mark_edges=0.50s scc=0.27s classify=666.53s score=1.14s write=1.18s rebuttal_searches=123550 rebuttal_skipped=4960
2026-08-31 17:43:44.879 INFO [reference_replacements] Memory snapshot — total: 855.46 MB
  reference_graph: 304.02 MB (407696 entries)
  domain_to_vertex: 102.89 MB (407696 entries)
  reusable_vertex_pool: 1.05 MB (1745 entries)
  tombstoned_domains: 2.09 MB (1745 entries)
  tombstoned_domain_mass: 1.05 MB (1745 entries)
  open_session_counts_size: 168.08 MB (109322 entries)
  open_session_last_edit_size: 148.15 MB (109322 entries)
  open_session_edits_size: 128.13 MB (109322 entries)
2026-08-31 17:43:44.881 INFO [reference_replacements.log_memory] total=4.42s tracked=8
2026-08-31 17:43:44.881 INFO Memory usage (end of timestep, peak): 230.03 GiB
2026-08-31 17:43:44.881 INFO Memory usage (end of timestep, current): 28.15 GiB
2026-08-31 17:43:44.881 INFO (Iteration 144) reference_counts_per_domain: real 77.77s | cpu 19.99s
2026-08-31 17:43:44.881 INFO (Iteration 144) reference_replacements: real 827.03s | cpu 836.56s
2026-08-31 17:43:44.881 INFO Iteration 144 finished in 1010.09s (real) and 938.83s (process)
2026-08-31 17:43:44.883 INFO Start timestep 2024-09-26 00:00:00+00:00 -> 2024-10-26 00:00:00+00:00
2026-08-31 17:45:01.082 INFO DuckDB memory logs:
  database_name database_size  block_size  ...  wal_size  memory_usage  memory_limit
0   postgres_db       6.2 TiB           0  ...   0 bytes       8.8 GiB     267.0 GiB
1        memory       0 bytes           0  ...   0 bytes       8.8 GiB     267.0 GiB

[2 rows x 9 columns]
2026-08-31 17:45:01.083 INFO Loading data (2024-09-26 00:00:00+00:00 -> 2024-10-26 00:00:00+00:00) done in 76.20s (real) and 89.14s (process)
2026-08-31 17:45:01.084 INFO Memory usage (start of timestep, peak): 230.03 GiB
2026-08-31 17:45:01.084 INFO Memory usage (start of timestep, current): 21.24 GiB
2026-08-31 17:45:01.084 INFO Calculating metrics
2026-08-31 17:45:01.084 INFO Calculating metric: reference_counts_per_domain
2026-08-31 17:46:19.056 INFO [reference_counts_per_domain] Memory snapshot — total: 180.28 MB
  cache_rows: 62.57 MB (974723 entries)
  counts_rows: 117.71 MB (974723 entries)
  total_count: 0.00 MB (N/A entries)
2026-08-31 17:46:19.056 INFO Calculating metric: reference_replacements
Found 429314 prefs in this timestep.
Found 155816 clearly dominated domains in this timestep.
Found 59464 clearly dominating domains in this timestep.
Found 101162 contested domains in this timestep.
Fraction of references that are clearly dominated: 90.72%
Fraction of references that are clearly dominating: 5.56%
Fraction of references that are contested: 0.90%
Fraction of references in the graph but unclassified: 1.25%
Fraction of references whose domain is not in the graph: 1.56%
--- Fun Facts ----
Number of domains in the graph is 408392 (406930 live)
Number of edges in the graph is 1889341 (1131649 accepted)
edge density of the reference replacement graph: 0.0000
Average degree is 9.25 (preference graph: 5.56)
Relevance weight cutoff: 1.0 (kept 59.90% of edges)
DOI node is in graph
ISBN node is in graph
DOI count: 70677.0
ISBN count: 52.0
Sessions concluded this step: 2693658 (avg size 1.74, cumulative avg 1.86)
Recycling:
  Recycled mass this step: 574.0
  Recycled mass cumulative: 309034.0
  Tombstoned domains this step: 1462
2026-08-31 17:59:26.222 INFO [reference_replacements.calculate] total=787.17s query=4.29s derive=13.78s elicit=56.44s graph=1.01s mark_edges=0.47s scc=0.28s classify=707.97s score=1.19s write=1.13s rebuttal_searches=123605 rebuttal_skipped=5028
2026-08-31 17:59:34.205 INFO [reference_replacements] Memory snapshot — total: 1021.30 MB
  reference_graph: 304.68 MB (408392 entries)
  domain_to_vertex: 103.04 MB (408392 entries)
  reusable_vertex_pool: 1.04 MB (1462 entries)
  tombstoned_domains: 2.08 MB (1462 entries)
  tombstoned_domain_mass: 1.03 MB (1462 entries)
  open_session_counts_size: 255.11 MB (313756 entries)
  open_session_last_edit_size: 205.88 MB (313756 entries)
  open_session_edits_size: 148.43 MB (313756 entries)
2026-08-31 17:59:34.206 INFO [reference_replacements.log_memory] total=7.86s tracked=8
2026-08-31 17:59:34.206 INFO Memory usage (end of timestep, peak): 230.03 GiB
2026-08-31 17:59:34.206 INFO Memory usage (end of timestep, current): 24.47 GiB
2026-08-31 17:59:34.206 INFO (Iteration 145) reference_counts_per_domain: real 77.97s | cpu 18.41s
2026-08-31 17:59:34.206 INFO (Iteration 145) reference_replacements: real 795.15s | cpu 802.46s
2026-08-31 17:59:34.207 INFO Iteration 145 finished in 949.32s (real) and 910.00s (process)
2026-08-31 17:59:34.209 INFO Start timestep 2024-10-26 00:00:00+00:00 -> 2024-11-25 00:00:00+00:00
2026-08-31 18:02:11.102 INFO DuckDB memory logs:
  database_name database_size  block_size  ...  wal_size  memory_usage  memory_limit
0   postgres_db       6.2 TiB           0  ...   0 bytes      18.7 GiB     267.0 GiB
1        memory       0 bytes           0  ...   0 bytes      18.7 GiB     267.0 GiB

[2 rows x 9 columns]
2026-08-31 18:02:11.102 INFO Loading data (2024-10-26 00:00:00+00:00 -> 2024-11-25 00:00:00+00:00) done in 156.89s (real) and 111.86s (process)
2026-08-31 18:02:11.102 INFO Memory usage (start of timestep, peak): 230.03 GiB
2026-08-31 18:02:11.103 INFO Memory usage (start of timestep, current): 30.65 GiB
2026-08-31 18:02:11.103 INFO Calculating metrics
2026-08-31 18:02:11.103 INFO Calculating metric: reference_counts_per_domain
2026-08-31 18:03:34.713 INFO [reference_counts_per_domain] Memory snapshot — total: 182.05 MB
  cache_rows: 63.19 MB (983880 entries)
  counts_rows: 118.87 MB (983880 entries)
  total_count: 0.00 MB (N/A entries)
2026-08-31 18:03:34.714 INFO Calculating metric: reference_replacements
Found 306656 prefs in this timestep.
Found 156007 clearly dominated domains in this timestep.
Found 59680 clearly dominating domains in this timestep.
Found 101181 contested domains in this timestep.
Fraction of references that are clearly dominated: 90.75%
Fraction of references that are clearly dominating: 5.55%
Fraction of references that are contested: 0.91%
Fraction of references in the graph but unclassified: 1.27%
Fraction of references whose domain is not in the graph: 1.52%
--- Fun Facts ----
Number of domains in the graph is 409331 (407973 live)
Number of edges in the graph is 1894089 (1133564 accepted)
edge density of the reference replacement graph: 0.0000
Average degree is 9.25 (preference graph: 5.56)
Relevance weight cutoff: 1.0 (kept 59.85% of edges)
DOI node is in graph
ISBN node is in graph
DOI count: 70676.0
ISBN count: 53.0
Sessions concluded this step: 7352174 (avg size 1.76, cumulative avg 1.86)
Recycling:
  Recycled mass this step: 496.0
  Recycled mass cumulative: 309530.0
  Tombstoned domains this step: 1358
2026-08-31 18:18:57.268 INFO [reference_replacements.calculate] total=922.55s query=11.68s derive=33.87s elicit=175.62s graph=0.78s mark_edges=0.50s scc=0.28s classify=696.58s score=1.18s write=1.17s rebuttal_searches=123649 rebuttal_skipped=5121
2026-08-31 18:19:18.369 INFO [reference_replacements] Memory snapshot — total: 1542.65 MB
  reference_graph: 305.41 MB (409331 entries)
  domain_to_vertex: 103.25 MB (409331 entries)
  reusable_vertex_pool: 1.04 MB (1358 entries)
  tombstoned_domains: 2.07 MB (1358 entries)
  tombstoned_domain_mass: 0.15 MB (1358 entries)
  open_session_counts_size: 559.61 MB (882564 entries)
  open_session_last_edit_size: 366.35 MB (882564 entries)
  open_session_edits_size: 204.75 MB (882564 entries)
2026-08-31 18:19:18.369 INFO [reference_replacements.log_memory] total=20.98s tracked=8
2026-08-31 18:19:18.369 INFO Memory usage (end of timestep, peak): 230.03 GiB
2026-08-31 18:19:18.369 INFO Memory usage (end of timestep, current): 36.94 GiB
2026-08-31 18:19:18.369 INFO (Iteration 146) reference_counts_per_domain: real 83.61s | cpu 27.95s
2026-08-31 18:19:18.369 INFO (Iteration 146) reference_replacements: real 943.66s | cpu 961.47s
2026-08-31 18:19:18.369 INFO Iteration 146 finished in 1184.16s (real) and 1101.28s (process)
2026-08-31 18:19:18.372 INFO Start timestep 2024-11-25 00:00:00+00:00 -> 2024-12-25 00:00:00+00:00
2026-08-31 18:22:56.672 INFO DuckDB memory logs:
  database_name database_size  block_size  ...  wal_size  memory_usage  memory_limit
0   postgres_db       6.2 TiB           0  ...   0 bytes      29.7 GiB     267.0 GiB
1        memory       0 bytes           0  ...   0 bytes      29.7 GiB     267.0 GiB

[2 rows x 9 columns]
2026-08-31 18:22:56.673 INFO Loading data (2024-11-25 00:00:00+00:00 -> 2024-12-25 00:00:00+00:00) done in 218.30s (real) and 164.12s (process)
2026-08-31 18:22:56.673 INFO Memory usage (start of timestep, peak): 230.03 GiB
2026-08-31 18:22:56.674 INFO Memory usage (start of timestep, current): 41.12 GiB
2026-08-31 18:22:56.674 INFO Calculating metrics
2026-08-31 18:22:56.674 INFO Calculating metric: reference_counts_per_domain
2026-08-31 18:24:31.743 INFO [reference_counts_per_domain] Memory snapshot — total: 185.95 MB
  cache_rows: 64.54 MB (1003870 entries)
  counts_rows: 121.42 MB (1003870 entries)
  total_count: 0.00 MB (N/A entries)
2026-08-31 18:24:31.745 INFO Calculating metric: reference_replacements
Found 1022741 prefs in this timestep.
Found 156213 clearly dominated domains in this timestep.
Found 59962 clearly dominating domains in this timestep.
Found 101237 contested domains in this timestep.
Fraction of references that are clearly dominated: 90.80%
Fraction of references that are clearly dominating: 5.51%
Fraction of references that are contested: 0.92%
Fraction of references in the graph but unclassified: 1.39%
Fraction of references whose domain is not in the graph: 1.39%
--- Fun Facts ----
Number of domains in the graph is 410720 (409114 live)
Number of edges in the graph is 1900098 (1136181 accepted)
edge density of the reference replacement graph: 0.0000
Average degree is 9.25 (preference graph: 5.55)
Relevance weight cutoff: 1.0 (kept 59.80% of edges)
DOI node is in graph
ISBN node is in graph
DOI count: 70673.0
ISBN count: 56.0
Sessions concluded this step: 13221648 (avg size 1.95, cumulative avg 1.86)
Recycling:
  Recycled mass this step: 664.0
  Recycled mass cumulative: 310194.0
  Tombstoned domains this step: 1606
2026-08-31 18:41:57.235 INFO [reference_replacements.calculate] total=1045.49s query=21.53s derive=66.49s elicit=295.64s graph=1.22s mark_edges=0.53s scc=0.28s classify=656.23s score=1.18s write=1.15s rebuttal_searches=123703 rebuttal_skipped=5184
2026-08-31 18:42:18.025 INFO [reference_replacements] Memory snapshot — total: 1582.59 MB
  reference_graph: 306.53 MB (410720 entries)
  domain_to_vertex: 103.56 MB (410720 entries)
  reusable_vertex_pool: 1.05 MB (1606 entries)
  tombstoned_domains: 2.08 MB (1606 entries)
  tombstoned_domain_mass: 0.22 MB (1606 entries)
  open_session_counts_size: 582.39 MB (923125 entries)
  open_session_last_edit_size: 377.89 MB (923125 entries)
  open_session_edits_size: 208.87 MB (923125 entries)
2026-08-31 18:42:18.026 INFO [reference_replacements.log_memory] total=20.65s tracked=8
2026-08-31 18:42:18.026 INFO Memory usage (end of timestep, peak): 230.03 GiB
2026-08-31 18:42:18.026 INFO Memory usage (end of timestep, current): 52.00 GiB
2026-08-31 18:42:18.026 INFO (Iteration 147) reference_counts_per_domain: real 95.07s | cpu 41.83s
2026-08-31 18:42:18.026 INFO (Iteration 147) reference_replacements: real 1066.28s | cpu 1097.67s
2026-08-31 18:42:18.026 INFO Iteration 147 finished in 1379.65s (real) and 1303.62s (process)
2026-08-31 18:42:18.030 INFO Start timestep 2024-12-25 00:00:00+00:00 -> 2025-01-24 00:00:00+00:00
2026-08-31 18:46:01.779 INFO DuckDB memory logs:
  database_name database_size  block_size  ...  wal_size  memory_usage  memory_limit
0   postgres_db       6.2 TiB           0  ...   0 bytes      29.7 GiB     267.0 GiB
1        memory       0 bytes           0  ...   0 bytes      29.7 GiB     267.0 GiB

[2 rows x 9 columns]
2026-08-31 18:46:01.782 INFO Loading data (2024-12-25 00:00:00+00:00 -> 2025-01-24 00:00:00+00:00) done in 223.75s (real) and 174.23s (process)
2026-08-31 18:46:01.782 INFO Memory usage (start of timestep, peak): 230.03 GiB
2026-08-31 18:46:01.782 INFO Memory usage (start of timestep, current): 42.19 GiB
2026-08-31 18:46:01.782 INFO Calculating metrics
2026-08-31 18:46:01.783 INFO Calculating metric: reference_counts_per_domain
2026-08-31 18:47:34.577 INFO [reference_counts_per_domain] Memory snapshot — total: 187.74 MB
  cache_rows: 65.15 MB (1013077 entries)
  counts_rows: 122.58 MB (1013077 entries)
  total_count: 0.00 MB (N/A entries)
2026-08-31 18:47:34.578 INFO Calculating metric: reference_replacements
Found 1130434 prefs in this timestep.
Found 156370 clearly dominated domains in this timestep.
Found 60146 clearly dominating domains in this timestep.
Found 101247 contested domains in this timestep.
Fraction of references that are clearly dominated: 90.91%
Fraction of references that are clearly dominating: 5.51%
Fraction of references that are contested: 0.83%
Fraction of references in the graph but unclassified: 1.38%
Fraction of references whose domain is not in the graph: 1.38%
--- Fun Facts ----
Number of domains in the graph is 411145 (409939 live)
Number of edges in the graph is 1903925 (1137906 accepted)
edge density of the reference replacement graph: 0.0000
Average degree is 9.26 (preference graph: 5.55)
Relevance weight cutoff: 1.0 (kept 59.77% of edges)
DOI node is in graph
ISBN node is in graph
DOI count: 70670.0
ISBN count: 58.0
Sessions concluded this step: 14165675 (avg size 1.89, cumulative avg 1.86)
Recycling:
  Recycled mass this step: 1198.0
  Recycled mass cumulative: 311392.0
  Tombstoned domains this step: 1206
2026-08-31 19:05:00.803 INFO [reference_replacements.calculate] total=1046.22s query=21.93s derive=66.32s elicit=321.36s graph=0.89s mark_edges=0.52s scc=0.27s classify=631.33s score=1.18s write=1.15s rebuttal_searches=123730 rebuttal_skipped=5263
2026-08-31 19:05:26.720 INFO [reference_replacements] Memory snapshot — total: 1663.27 MB
  reference_graph: 307.12 MB (411145 entries)
  domain_to_vertex: 103.66 MB (411145 entries)
  reusable_vertex_pool: 1.04 MB (1206 entries)
  tombstoned_domains: 2.06 MB (1206 entries)
  tombstoned_domain_mass: 0.19 MB (1206 entries)
  open_session_counts_size: 656.17 MB (1247084 entries)
  open_session_last_edit_size: 410.69 MB (1247084 entries)
  open_session_edits_size: 182.34 MB (1247084 entries)
2026-08-31 19:05:26.720 INFO [reference_replacements.log_memory] total=25.78s tracked=8
2026-08-31 19:05:26.720 INFO Memory usage (end of timestep, peak): 230.03 GiB
2026-08-31 19:05:26.720 INFO Memory usage (end of timestep, current): 53.77 GiB
2026-08-31 19:05:26.720 INFO (Iteration 148) reference_counts_per_domain: real 92.80s | cpu 40.83s
2026-08-31 19:05:26.720 INFO (Iteration 148) reference_replacements: real 1072.14s | cpu 1104.25s
2026-08-31 19:05:26.720 INFO Iteration 148 finished in 1388.69s (real) and 1319.31s (process)
2026-08-31 19:05:26.726 INFO Start timestep 2025-01-24 00:00:00+00:00 -> 2025-02-23 00:00:00+00:00
2026-08-31 19:08:21.171 INFO DuckDB memory logs:
  database_name database_size  block_size  ...  wal_size  memory_usage  memory_limit
0   postgres_db       6.2 TiB           0  ...   0 bytes      24.3 GiB     267.0 GiB
1        memory       0 bytes           0  ...   0 bytes      24.3 GiB     267.0 GiB

[2 rows x 9 columns]
2026-08-31 19:08:21.173 INFO Loading data (2025-01-24 00:00:00+00:00 -> 2025-02-23 00:00:00+00:00) done in 174.45s (real) and 150.78s (process)
2026-08-31 19:08:21.173 INFO Memory usage (start of timestep, peak): 230.03 GiB
2026-08-31 19:08:21.174 INFO Memory usage (start of timestep, current): 37.45 GiB
2026-08-31 19:08:21.174 INFO Calculating metrics
2026-08-31 19:08:21.174 INFO Calculating metric: reference_counts_per_domain
2026-08-31 19:09:52.059 INFO [reference_counts_per_domain] Memory snapshot — total: 193.25 MB
  cache_rows: 67.07 MB (1042574 entries)
  counts_rows: 126.19 MB (1042574 entries)
  total_count: 0.00 MB (N/A entries)
2026-08-31 19:09:52.060 INFO Calculating metric: reference_replacements
Found 1388398 prefs in this timestep.
Found 156625 clearly dominated domains in this timestep.
Found 60484 clearly dominating domains in this timestep.
Found 101299 contested domains in this timestep.
Fraction of references that are clearly dominated: 90.87%
Fraction of references that are clearly dominating: 5.50%
Fraction of references that are contested: 0.84%
Fraction of references in the graph but unclassified: 1.38%
Fraction of references whose domain is not in the graph: 1.42%
--- Fun Facts ----
Number of domains in the graph is 412422 (411076 live)
Number of edges in the graph is 1908976 (1139919 accepted)
edge density of the reference replacement graph: 0.0000
Average degree is 9.26 (preference graph: 5.55)
Relevance weight cutoff: 1.0 (kept 59.71% of edges)
DOI node is in graph
ISBN node is in graph
DOI count: 70670.0
ISBN count: 58.0
Sessions concluded this step: 12078187 (avg size 1.76, cumulative avg 1.86)
Recycling:
  Recycled mass this step: 945.0
  Recycled mass cumulative: 312337.0
  Tombstoned domains this step: 1346
2026-08-31 19:25:24.818 INFO [reference_replacements.calculate] total=932.76s query=16.84s derive=51.23s elicit=219.36s graph=0.97s mark_edges=0.51s scc=0.28s classify=640.12s score=1.17s write=1.23s rebuttal_searches=123789 rebuttal_skipped=5353
2026-08-31 19:25:38.836 INFO [reference_replacements] Memory snapshot — total: 1337.44 MB
  reference_graph: 307.92 MB (412422 entries)
  domain_to_vertex: 103.94 MB (412422 entries)
  reusable_vertex_pool: 1.04 MB (1346 entries)
  tombstoned_domains: 2.07 MB (1346 entries)
  tombstoned_domain_mass: 0.20 MB (1346 entries)
  open_session_counts_size: 424.74 MB (689175 entries)
  open_session_last_edit_size: 311.85 MB (689175 entries)
  open_session_edits_size: 185.66 MB (689175 entries)
2026-08-31 19:25:38.836 INFO [reference_replacements.log_memory] total=13.86s tracked=8
2026-08-31 19:25:38.836 INFO Memory usage (end of timestep, peak): 230.03 GiB
2026-08-31 19:25:38.836 INFO Memory usage (end of timestep, current): 45.88 GiB
2026-08-31 19:25:38.836 INFO (Iteration 149) reference_counts_per_domain: real 90.89s | cpu 34.40s
2026-08-31 19:25:38.836 INFO (Iteration 149) reference_replacements: real 946.78s | cpu 970.78s
2026-08-31 19:25:38.836 INFO Iteration 149 finished in 1212.11s (real) and 1155.96s (process)
2026-08-31 19:25:38.840 INFO Start timestep 2025-02-23 00:00:00+00:00 -> 2025-03-25 00:00:00+00:00
2026-08-31 19:27:07.191 INFO DuckDB memory logs:
  database_name database_size  block_size  ...  wal_size  memory_usage  memory_limit
0   postgres_db       6.2 TiB           0  ...   0 bytes      11.3 GiB     267.0 GiB
1        memory       0 bytes           0  ...   0 bytes      11.3 GiB     267.0 GiB

[2 rows x 9 columns]
2026-08-31 19:27:07.191 INFO Loading data (2025-02-23 00:00:00+00:00 -> 2025-03-25 00:00:00+00:00) done in 88.35s (real) and 92.06s (process)
2026-08-31 19:27:07.191 INFO Memory usage (start of timestep, peak): 230.03 GiB
2026-08-31 19:27:07.192 INFO Memory usage (start of timestep, current): 24.69 GiB
2026-08-31 19:27:07.192 INFO Calculating metrics
2026-08-31 19:27:07.192 INFO Calculating metric: reference_counts_per_domain
2026-08-31 19:28:30.726 INFO [reference_counts_per_domain] Memory snapshot — total: 195.82 MB
  cache_rows: 67.96 MB (1056110 entries)
  counts_rows: 127.86 MB (1056110 entries)
  total_count: 0.00 MB (N/A entries)
2026-08-31 19:28:30.727 INFO Calculating metric: reference_replacements
Found 258071 prefs in this timestep.
Found 156772 clearly dominated domains in this timestep.
Found 60756 clearly dominating domains in this timestep.
Found 101322 contested domains in this timestep.
Fraction of references that are clearly dominated: 90.97%
Fraction of references that are clearly dominating: 5.50%
Fraction of references that are contested: 0.70%
Fraction of references in the graph but unclassified: 1.38%
Fraction of references whose domain is not in the graph: 1.46%
--- Fun Facts ----
Number of domains in the graph is 413511 (412092 live)
Number of edges in the graph is 1913301 (1141582 accepted)
edge density of the reference replacement graph: 0.0000
Average degree is 9.25 (preference graph: 5.54)
Relevance weight cutoff: 1.0 (kept 59.67% of edges)
DOI node is in graph
ISBN node is in graph
DOI count: 70671.0
ISBN count: 60.0
Sessions concluded this step: 7414851 (avg size 1.25, cumulative avg 1.86)
Recycling:
  Recycled mass this step: 989.0
  Recycled mass cumulative: 313326.0
  Tombstoned domains this step: 1419
2026-08-31 19:42:13.936 INFO [reference_replacements.calculate] total=823.21s query=5.48s derive=18.00s elicit=103.75s graph=0.96s mark_edges=0.52s scc=0.28s classify=691.17s score=1.20s write=1.13s rebuttal_searches=123830 rebuttal_skipped=5398
2026-08-31 19:42:18.921 INFO [reference_replacements] Memory snapshot — total: 884.32 MB
  reference_graph: 308.54 MB (413511 entries)
  domain_to_vertex: 104.18 MB (413511 entries)
  reusable_vertex_pool: 1.04 MB (1419 entries)
  tombstoned_domains: 2.08 MB (1419 entries)
  tombstoned_domain_mass: 0.16 MB (1419 entries)
  open_session_counts_size: 180.90 MB (138495 entries)
  open_session_last_edit_size: 156.39 MB (138495 entries)
  open_session_edits_size: 131.03 MB (138495 entries)
2026-08-31 19:42:18.923 INFO [reference_replacements.log_memory] total=4.87s tracked=8
2026-08-31 19:42:18.923 INFO Memory usage (end of timestep, peak): 230.03 GiB
2026-08-31 19:42:18.923 INFO Memory usage (end of timestep, current): 28.94 GiB
2026-08-31 19:42:18.923 INFO (Iteration 150) reference_counts_per_domain: real 83.54s | cpu 19.49s
2026-08-31 19:42:18.923 INFO (Iteration 150) reference_replacements: real 828.20s | cpu 837.38s
2026-08-31 19:42:18.923 INFO Iteration 150 finished in 1000.08s (real) and 948.93s (process)
2026-08-31 19:42:18.924 INFO Start timestep 2025-03-25 00:00:00+00:00 -> 2025-04-24 00:00:00+00:00
2026-08-31 19:43:11.605 INFO DuckDB memory logs:
  database_name database_size  block_size  ...  wal_size  memory_usage  memory_limit
0   postgres_db       6.2 TiB           0  ...   0 bytes       7.2 GiB     267.0 GiB
1        memory       0 bytes           0  ...   0 bytes       7.2 GiB     267.0 GiB

[2 rows x 9 columns]
2026-08-31 19:43:11.606 INFO Loading data (2025-03-25 00:00:00+00:00 -> 2025-04-24 00:00:00+00:00) done in 52.68s (real) and 61.19s (process)
2026-08-31 19:43:11.606 INFO Memory usage (start of timestep, peak): 230.03 GiB
2026-08-31 19:43:11.606 INFO Memory usage (start of timestep, current): 20.18 GiB
2026-08-31 19:43:11.606 INFO Calculating metrics
2026-08-31 19:43:11.606 INFO Calculating metric: reference_counts_per_domain
2026-08-31 19:44:37.224 INFO [reference_counts_per_domain] Memory snapshot — total: 197.92 MB
  cache_rows: 68.69 MB (1067289 entries)
  counts_rows: 129.24 MB (1067289 entries)
  total_count: 0.00 MB (N/A entries)
2026-08-31 19:44:37.225 INFO Calculating metric: reference_replacements
Found 21375 prefs in this timestep.
Found 156897 clearly dominated domains in this timestep.
Found 60876 clearly dominating domains in this timestep.
Found 101349 contested domains in this timestep.
Fraction of references that are clearly dominated: 90.96%
Fraction of references that are clearly dominating: 5.48%
Fraction of references that are contested: 0.70%
Fraction of references in the graph but unclassified: 1.38%
Fraction of references whose domain is not in the graph: 1.47%
--- Fun Facts ----
Number of domains in the graph is 413868 (412790 live)
Number of edges in the graph is 1916203 (1142598 accepted)
edge density of the reference replacement graph: 0.0000
Average degree is 9.26 (preference graph: 5.54)
Relevance weight cutoff: 1.0 (kept 59.63% of edges)
DOI node is in graph
ISBN node is in graph
DOI count: 70671.0
ISBN count: 60.0
Sessions concluded this step: 2651900 (avg size 1.54, cumulative avg 1.85)
Recycling:
  Recycled mass this step: 1012.0
  Recycled mass cumulative: 314338.0
  Tombstoned domains this step: 1078
2026-08-31 19:57:31.668 INFO [reference_replacements.calculate] total=774.44s query=3.32s derive=12.38s elicit=63.63s graph=0.85s mark_edges=0.52s scc=0.28s classify=690.44s score=1.19s write=1.16s rebuttal_searches=123890 rebuttal_skipped=5429
2026-08-31 19:57:42.512 INFO [reference_replacements] Memory snapshot — total: 1169.44 MB
  reference_graph: 308.99 MB (413868 entries)
  domain_to_vertex: 104.26 MB (413868 entries)
  reusable_vertex_pool: 1.03 MB (1078 entries)
  tombstoned_domains: 0.12 MB (1078 entries)
  tombstoned_domain_mass: 0.13 MB (1078 entries)
  open_session_counts_size: 338.80 MB (475719 entries)
  open_session_last_edit_size: 251.60 MB (475719 entries)
  open_session_edits_size: 164.50 MB (475719 entries)
2026-08-31 19:57:42.513 INFO [reference_replacements.log_memory] total=10.74s tracked=8
2026-08-31 19:57:42.513 INFO Memory usage (end of timestep, peak): 230.03 GiB
2026-08-31 19:57:42.513 INFO Memory usage (end of timestep, current): 23.98 GiB
2026-08-31 19:57:42.513 INFO (Iteration 151) reference_counts_per_domain: real 85.62s | cpu 18.05s
2026-08-31 19:57:42.513 INFO (Iteration 151) reference_replacements: real 785.29s | cpu 791.86s
2026-08-31 19:57:42.513 INFO Iteration 151 finished in 923.59s (real) and 871.11s (process)
2026-08-31 19:57:42.516 INFO Start timestep 2025-04-24 00:00:00+00:00 -> 2025-05-24 00:00:00+00:00
2026-08-31 19:59:10.759 INFO DuckDB memory logs:
  database_name database_size  block_size  ...  wal_size  memory_usage  memory_limit
0   postgres_db       6.2 TiB           0  ...   0 bytes      13.1 GiB     267.0 GiB
1        memory       0 bytes           0  ...   0 bytes      13.1 GiB     267.0 GiB

[2 rows x 9 columns]
2026-08-31 19:59:10.759 INFO Loading data (2025-04-24 00:00:00+00:00 -> 2025-05-24 00:00:00+00:00) done in 88.24s (real) and 135.20s (process)
2026-08-31 19:59:10.760 INFO Memory usage (start of timestep, peak): 230.03 GiB
2026-08-31 19:59:10.760 INFO Memory usage (start of timestep, current): 25.90 GiB
2026-08-31 19:59:10.760 INFO Calculating metrics
2026-08-31 19:59:10.760 INFO Calculating metric: reference_counts_per_domain
2026-08-31 20:00:42.005 INFO [reference_counts_per_domain] Memory snapshot — total: 200.27 MB
  cache_rows: 69.50 MB (1079562 entries)
  counts_rows: 130.77 MB (1079562 entries)
  total_count: 0.00 MB (N/A entries)
2026-08-31 20:00:42.006 INFO Calculating metric: reference_replacements
Found 26023 prefs in this timestep.
Found 157107 clearly dominated domains in this timestep.
Found 61083 clearly dominating domains in this timestep.
Found 101393 contested domains in this timestep.
Fraction of references that are clearly dominated: 90.96%
Fraction of references that are clearly dominating: 5.46%
Fraction of references that are contested: 0.70%
Fraction of references in the graph but unclassified: 1.38%
Fraction of references whose domain is not in the graph: 1.49%
--- Fun Facts ----
Number of domains in the graph is 414956 (413724 live)
Number of edges in the graph is 1919698 (1143735 accepted)
edge density of the reference replacement graph: 0.0000
Average degree is 9.25 (preference graph: 5.53)
Relevance weight cutoff: 1.0 (kept 59.58% of edges)
DOI node is in graph
ISBN node is in graph
DOI count: 70636.0
ISBN count: 63.0
Sessions concluded this step: 6212125 (avg size 1.77, cumulative avg 1.85)
Recycling:
  Recycled mass this step: 799.0
  Recycled mass cumulative: 315137.0
  Tombstoned domains this step: 1232
2026-08-31 20:14:58.635 INFO [reference_replacements.calculate] total=856.63s query=8.69s derive=24.98s elicit=88.90s graph=0.66s mark_edges=0.52s scc=0.30s classify=729.37s score=1.31s write=1.16s rebuttal_searches=123944 rebuttal_skipped=5484
2026-08-31 20:15:03.603 INFO [reference_replacements] Memory snapshot — total: 867.28 MB
  reference_graph: 309.62 MB (414956 entries)
  domain_to_vertex: 104.51 MB (414956 entries)
  reusable_vertex_pool: 1.04 MB (1232 entries)
  tombstoned_domains: 0.13 MB (1232 entries)
  tombstoned_domain_mass: 0.12 MB (1232 entries)
  open_session_counts_size: 170.61 MB (122234 entries)
  open_session_last_edit_size: 151.82 MB (122234 entries)
  open_session_edits_size: 129.44 MB (122234 entries)
2026-08-31 20:15:03.605 INFO [reference_replacements.log_memory] total=4.86s tracked=8
2026-08-31 20:15:03.605 INFO Memory usage (end of timestep, peak): 230.03 GiB
2026-08-31 20:15:03.605 INFO Memory usage (end of timestep, current): 31.64 GiB
2026-08-31 20:15:03.605 INFO (Iteration 152) reference_counts_per_domain: real 91.25s | cpu 23.33s
2026-08-31 20:15:03.605 INFO (Iteration 152) reference_replacements: real 861.60s | cpu 874.75s
2026-08-31 20:15:03.605 INFO Iteration 152 finished in 1041.09s (real) and 1033.28s (process)
2026-08-31 20:15:03.607 INFO Start timestep 2025-05-24 00:00:00+00:00 -> 2025-06-23 00:00:00+00:00
2026-08-31 20:15:36.354 INFO DuckDB memory logs:
  database_name database_size  block_size  ...  wal_size  memory_usage  memory_limit
0   postgres_db       6.2 TiB           0  ...   0 bytes       4.1 GiB     267.0 GiB
1        memory       0 bytes           0  ...   0 bytes       4.1 GiB     267.0 GiB

[2 rows x 9 columns]
2026-08-31 20:15:36.354 INFO Loading data (2025-05-24 00:00:00+00:00 -> 2025-06-23 00:00:00+00:00) done in 32.75s (real) and 21.72s (process)
2026-08-31 20:15:36.354 INFO Memory usage (start of timestep, peak): 230.03 GiB
2026-08-31 20:15:36.355 INFO Memory usage (start of timestep, current): 17.28 GiB
2026-08-31 20:15:36.355 INFO Calculating metrics
2026-08-31 20:15:36.355 INFO Calculating metric: reference_counts_per_domain
2026-08-31 20:17:02.332 INFO [reference_counts_per_domain] Memory snapshot — total: 202.38 MB
  cache_rows: 70.23 MB (1090874 entries)
  counts_rows: 132.15 MB (1090874 entries)
  total_count: 0.00 MB (N/A entries)
2026-08-31 20:17:02.333 INFO Calculating metric: reference_replacements
Found 28088 prefs in this timestep.
Found 157143 clearly dominated domains in this timestep.
Found 61130 clearly dominating domains in this timestep.
Found 101398 contested domains in this timestep.
Fraction of references that are clearly dominated: 90.97%
Fraction of references that are clearly dominating: 5.45%
Fraction of references that are contested: 0.70%
Fraction of references in the graph but unclassified: 1.38%
Fraction of references whose domain is not in the graph: 1.50%
--- Fun Facts ----
Number of domains in the graph is 414956 (414074 live)
Number of edges in the graph is 1920666 (1144122 accepted)
edge density of the reference replacement graph: 0.0000
Average degree is 9.26 (preference graph: 5.53)
Relevance weight cutoff: 1.0 (kept 59.57% of edges)
DOI node is in graph
ISBN node is in graph
DOI count: 70613.0
ISBN count: 63.0
Sessions concluded this step: 2025236 (avg size 1.59, cumulative avg 1.85)
Recycling:
  Recycled mass this step: 740.0
  Recycled mass cumulative: 315877.0
  Tombstoned domains this step: 511
2026-08-31 20:29:36.287 INFO [reference_replacements.calculate] total=753.95s query=2.96s derive=9.50s elicit=23.47s graph=0.69s mark_edges=0.51s scc=0.30s classify=713.40s score=1.22s write=1.20s rebuttal_searches=123955 rebuttal_skipped=5501
2026-08-31 20:29:38.953 INFO [reference_replacements] Memory snapshot — total: 767.51 MB
  reference_graph: 309.77 MB (414956 entries)
  domain_to_vertex: 104.51 MB (414956 entries)
  reusable_vertex_pool: 1.03 MB (882 entries)
  tombstoned_domains: 0.11 MB (882 entries)
  tombstoned_domain_mass: 0.09 MB (882 entries)
  open_session_counts_size: 117.33 MB (0 entries)
  open_session_last_edit_size: 117.33 MB (0 entries)
  open_session_edits_size: 117.33 MB (0 entries)
2026-08-31 20:29:38.953 INFO [reference_replacements.log_memory] total=2.56s tracked=8
2026-08-31 20:29:38.953 INFO Memory usage (end of timestep, peak): 230.03 GiB
2026-08-31 20:29:38.953 INFO Memory usage (end of timestep, current): 20.03 GiB
2026-08-31 20:29:38.953 INFO (Iteration 153) reference_counts_per_domain: real 85.98s | cpu 17.37s
2026-08-31 20:29:38.953 INFO (Iteration 153) reference_replacements: real 756.62s | cpu 762.43s
2026-08-31 20:29:38.953 INFO Iteration 153 finished in 875.35s (real) and 801.52s (process)
2026-08-31 20:29:38.956 INFO Start timestep 2025-06-23 00:00:00+00:00 -> 2025-07-23 00:00:00+00:00
2026-08-31 20:29:42.349 INFO DuckDB memory logs:
  database_name database_size  block_size  ...  wal_size  memory_usage  memory_limit
0   postgres_db       6.2 TiB           0  ...   0 bytes       0 bytes     267.0 GiB
1        memory       0 bytes           0  ...   0 bytes       0 bytes     267.0 GiB

[2 rows x 9 columns]
2026-08-31 20:29:42.349 INFO Loading data (2025-06-23 00:00:00+00:00 -> 2025-07-23 00:00:00+00:00) done in 3.39s (real) and 3.28s (process)
2026-08-31 20:29:42.349 INFO Memory usage (start of timestep, peak): 230.03 GiB
2026-08-31 20:29:42.349 INFO Memory usage (start of timestep, current): 13.85 GiB
2026-08-31 20:29:42.349 INFO Calculating metrics
2026-08-31 20:29:42.349 INFO Calculating metric: reference_counts_per_domain
2026-08-31 20:31:04.391 INFO [reference_counts_per_domain] Memory snapshot — total: 202.38 MB
  cache_rows: 70.23 MB (1090874 entries)
  counts_rows: 132.15 MB (1090874 entries)
  total_count: 0.00 MB (N/A entries)
2026-08-31 20:31:04.392 INFO Calculating metric: reference_replacements
Found 0 usable reference edits in this timestep.
Found 157143 clearly dominated domains in this timestep.
Found 61130 clearly dominating domains in this timestep.
Found 101398 contested domains in this timestep.
Fraction of references that are clearly dominated: 90.97%
Fraction of references that are clearly dominating: 5.45%
Fraction of references that are contested: 0.70%
Fraction of references in the graph but unclassified: 1.38%
Fraction of references whose domain is not in the graph: 1.50%
--- Fun Facts ----
Number of domains in the graph is 414956 (414074 live)
Number of edges in the graph is 1920666 (1144122 accepted)
edge density of the reference replacement graph: 0.0000
Average degree is 9.26 (preference graph: 5.53)
Relevance weight cutoff: 1.0 (kept 59.57% of edges)
DOI node is in graph
ISBN node is in graph
DOI count: 70613.0
ISBN count: 63.0
Sessions concluded this step: 0 (avg size 0.00, cumulative avg 1.85)
Recycling:
  Recycled mass this step: 0.0
  Recycled mass cumulative: 315877.0
  Tombstoned domains this step: 0
2026-08-31 20:42:40.832 INFO [reference_replacements.calculate] total=696.44s query=0.01s graph=0.56s mark_edges=0.56s scc=0.28s classify=691.86s score=1.22s write=1.19s rebuttal_searches=123955 rebuttal_skipped=5501
2026-08-31 20:42:43.478 INFO [reference_replacements] Memory snapshot — total: 767.51 MB
  reference_graph: 309.77 MB (414956 entries)
  domain_to_vertex: 104.51 MB (414956 entries)
  reusable_vertex_pool: 1.03 MB (882 entries)
  tombstoned_domains: 0.11 MB (882 entries)
  tombstoned_domain_mass: 0.09 MB (882 entries)
  open_session_counts_size: 117.33 MB (0 entries)
  open_session_last_edit_size: 117.33 MB (0 entries)
  open_session_edits_size: 117.33 MB (0 entries)
2026-08-31 20:42:43.478 INFO [reference_replacements.log_memory] total=2.55s tracked=8
2026-08-31 20:42:43.478 INFO Memory usage (end of timestep, peak): 230.03 GiB
2026-08-31 20:42:43.478 INFO Memory usage (end of timestep, current): 14.24 GiB
2026-08-31 20:42:43.478 INFO (Iteration 154) reference_counts_per_domain: real 82.04s | cpu 11.81s
2026-08-31 20:42:43.478 INFO (Iteration 154) reference_replacements: real 699.09s | cpu 701.31s
2026-08-31 20:42:43.478 INFO Iteration 154 finished in 784.52s (real) and 716.41s (process)
2026-08-31 20:42:43.479 INFO Start timestep 2025-07-23 00:00:00+00:00 -> 2025-08-22 00:00:00+00:00
2026-08-31 20:42:43.679 INFO DuckDB memory logs:
  database_name database_size  block_size  ...  wal_size  memory_usage  memory_limit
0   postgres_db       6.2 TiB           0  ...   0 bytes       0 bytes     267.0 GiB
1        memory       0 bytes           0  ...   0 bytes       0 bytes     267.0 GiB

[2 rows x 9 columns]
2026-08-31 20:42:43.679 INFO Loading data (2025-07-23 00:00:00+00:00 -> 2025-08-22 00:00:00+00:00) done in 0.20s (real) and 0.04s (process)
2026-08-31 20:42:43.679 INFO Memory usage (start of timestep, peak): 230.03 GiB
2026-08-31 20:42:43.680 INFO Memory usage (start of timestep, current): 14.24 GiB
2026-08-31 20:42:43.680 INFO Calculating metrics
2026-08-31 20:42:43.680 INFO Calculating metric: reference_counts_per_domain
2026-08-31 20:44:07.145 INFO [reference_counts_per_domain] Memory snapshot — total: 202.38 MB
  cache_rows: 70.23 MB (1090874 entries)
  counts_rows: 132.15 MB (1090874 entries)
  total_count: 0.00 MB (N/A entries)
2026-08-31 20:44:07.145 INFO Calculating metric: reference_replacements
Found 0 usable reference edits in this timestep.
Found 157143 clearly dominated domains in this timestep.
Found 61130 clearly dominating domains in this timestep.
Found 101398 contested domains in this timestep.
Fraction of references that are clearly dominated: 90.97%
Fraction of references that are clearly dominating: 5.45%
Fraction of references that are contested: 0.70%
Fraction of references in the graph but unclassified: 1.38%
Fraction of references whose domain is not in the graph: 1.50%
--- Fun Facts ----
Number of domains in the graph is 414956 (414074 live)
Number of edges in the graph is 1920666 (1144122 accepted)
edge density of the reference replacement graph: 0.0000
Average degree is 9.26 (preference graph: 5.53)
Relevance weight cutoff: 1.0 (kept 59.57% of edges)
DOI node is in graph
ISBN node is in graph
DOI count: 70613.0
ISBN count: 63.0
Sessions concluded this step: 0 (avg size 0.00, cumulative avg 1.85)
Recycling:
  Recycled mass this step: 0.0
  Recycled mass cumulative: 315877.0
  Tombstoned domains this step: 0
2026-08-31 20:55:41.413 INFO [reference_replacements.calculate] total=694.27s query=0.00s graph=0.55s mark_edges=0.56s scc=0.28s classify=689.58s score=1.22s write=1.30s rebuttal_searches=123955 rebuttal_skipped=5501
2026-08-31 20:55:44.105 INFO [reference_replacements] Memory snapshot — total: 767.51 MB
  reference_graph: 309.77 MB (414956 entries)
  domain_to_vertex: 104.51 MB (414956 entries)
  reusable_vertex_pool: 1.03 MB (882 entries)
  tombstoned_domains: 0.11 MB (882 entries)
  tombstoned_domain_mass: 0.09 MB (882 entries)
  open_session_counts_size: 117.33 MB (0 entries)
  open_session_last_edit_size: 117.33 MB (0 entries)
  open_session_edits_size: 117.33 MB (0 entries)
2026-08-31 20:55:44.106 INFO [reference_replacements.log_memory] total=2.59s tracked=8
2026-08-31 20:55:44.106 INFO Memory usage (end of timestep, peak): 230.03 GiB
2026-08-31 20:55:44.106 INFO Memory usage (end of timestep, current): 13.88 GiB
2026-08-31 20:55:44.106 INFO (Iteration 155) reference_counts_per_domain: real 83.47s | cpu 11.76s
2026-08-31 20:55:44.106 INFO (Iteration 155) reference_replacements: real 696.96s | cpu 698.95s
2026-08-31 20:55:44.106 INFO Iteration 155 finished in 780.63s (real) and 710.75s (process)
Warning: (ReferenceCountPerDomain) save_cache is not implemented. This metric currently only supports in-memory state.
Warning: (ReferenceReplacement) save_cache is not implemented: the preference graph, the open sessions and the tombstone state are lost on restart, so a run cannot be resumed. Resuming would also need ReferenceCountPerDomain.save_cache.
2026-08-31 20:55:44.190 INFO finished
2026-08-31 20:55:44.191 INFO TOTAL reference_counts_per_domain: real 6855.96s | cpu 2976.20s
2026-08-31 20:55:44.191 INFO TOTAL reference_replacements: real 106822.99s | cpu 110121.90s

--- Metric Name to ID Mapping ---
'subject_constraint_violation_count': 96
'easy_subject_constraint_violation_count': 97
'symmetric_inverse_constraint_violation_count': 98
'subject_constraint_violation_ratio': 99
'easy_subject_constraint_violation_ratio': 100
'symmetric_inverse_violation_ratio': 101
'general_constraint_violation_ratio': 102
'range_constraint_violation_ratio': 103
'currency_per_statement': 104
'currency_per_property': 105
'range_constraint_violation_count': 106
'completeness_currency': 107
'subject_constraint_completeness': 108
'range_constraint_completeness': 109
'range_constraint_violation_count_mandatory': 110
'range_constraint_violation_count_regular': 111
'range_constraint_violation_count_suggestion': 112
'statement_count_property_range_all': 113
'statement_count_property_range_mandatory': 114
'statement_count_property_range_regular': 115
'statement_count_property_range_suggestion': 116
'range_constraint_violation_total_all': 117
'range_constraint_violation_total_mandatory': 118
'range_constraint_violation_total_regular': 119
'range_constraint_violation_total_suggestion': 120
'range_constraint_completeness_mandatory': 121
'range_constraint_completeness_regular': 122
'range_constraint_completeness_suggestion': 123
'range_constraint_violation_ratio_regular': 124
'currency_global': 125
'currency_per_property_exp': 126
'currency_global_exp': 127
'range_constraint_violation_ratio_mandatory': 128
'range_constraint_violation_ratio_suggestion': 129
'reference_counts_per_domain_total_reference_count': 131
'reference_counts_per_domain_tail_count': 132
'reference_counts_per_domain_tail_accounts_for_fraction': 133
'reference_replacements_simple_with_path_discard_edge_heuristic_dominated': 134
'reference_replacements_simple_with_path_discard_edge_heuristic_dominating': 135
'reference_replacements_simple_with_path_discard_edge_heuristic_contested': 136
'reference_replacements_weight_flow_keep_all_edges_dominated': 137
'reference_replacements_weight_flow_keep_all_edges_dominating': 138
'reference_replacements_weight_flow_keep_all_edges_contested': 139
'reference_counts_per_domain': 140
'reference_counts_per_domain_fractions': 141
'reference_replacements_weight_flow_keep_all_edges_domain_classification': 142
'reference_replacements_simple_with_path_discard_edge_heuristic_domain_classification': 143
'entity_count': 66
'description_count': 67
'label_count': 68
'property_count': 69
'statement_count': 70
'subclass_count': 71
'revision_count': 72
'reference_existence_per_statement_count_dict': 73
'reference_existence_per_statement_count_df': 74
'reference_count': 75
'statement_count_property_range': 76
'statement_count_property_subject': 77
'statement_count_property_sym_inv': 78
'Has_descript_label': 79
'avg_properties_per_entity': 80
'avg_statements_per_entity': 81
'reference_completeness_dict': 82
'reference_completeness_df': 83
'subject_constraint_violation_total': 84
'range_constraint_violation_total': 85
'total_statement_count_property': 86
'easy_subject_constraint_violation_total': 87
'symmetric_inverse_violation_total': 88
'schema_property_occurrence': 89
'schema_fulfillment': 90
'schema_fulfillment_optional': 91
'schema_fulfillment_per_schema': 92
'schema_fulfillment_per_schema_optional': 93
'total_constraint_violations': 94
'property_constraint_completeness': 95
'reference_replacements_simple_with_path_discard_edge_heuristic_contracted_mass_total': 144
'reference_replacements_simple_with_path_discard_edge_heuristic_contracted_mass_step': 145
'reference_replacements_weight_flow_keep_all_edges_contracted_mass_total': 146
'reference_replacements_weight_flow_keep_all_edges_contracted_mass_step': 147
'reference_replacements_simple_with_path_discard_edge_heuristic_dis_5pct_dominated': 148
'reference_replacements_simple_with_path_discard_edge_heuristic_dis_5pct_dominating': 149
'reference_replacements_simple_with_path_discard_edge_heuristic_dis_5pct_contested': 150
'reference_replacements_simple_with_path_discard_edge_heuristic_dis_5pct_contracted_mass_total': 151
'reference_replacements_simple_with_path_discard_edge_heuristic_dis_5pct_contracted_mass_step': 152
'reference_replacements_weight_flow_keep_all_edges_dis_5pct_dominated': 153
'reference_replacements_weight_flow_keep_all_edges_dis_5pct_dominating': 154
'reference_replacements_weight_flow_keep_all_edges_dis_5pct_contested': 155
'reference_replacements_weight_flow_keep_all_edges_dis_5pct_contracted_mass_total': 156
'reference_replacements_weight_flow_keep_all_edges_dis_5pct_contracted_mass_step': 157
'reference_replacements_weight_flow_keep_all_edges_dis_5pct_domain_classification': 158
'reference_replacements_simple_with_path_discard_edge_heuristic_dis_5pct_domain_classification': 159
'reference_replacements_simple_with_path_discard_edge_heuristic_dis_5pct_graph_edge_density': 160
'reference_replacements_simple_with_path_discard_edge_heuristic_dis_5pct_graph_average_degree': 161
'reference_replacements_simple_with_path_discard_edge_heuristic_dis_5pct_recycled_mass_total': 162
'reference_replacements_simple_with_path_discard_edge_heuristic_dis_5pct_recycled_mass_step': 163
'reference_replacements_simple_with_path_discard_edge_heuristic_dis_5pct_tombstoned_domains_step': 164
'data_age_at_insertion_scaled_score': 165
'data_age_at_insertion_avg_delay_days': 166
'data_age_at_insertion_late_statement_count': 167
'data_age_at_insertion_too_old_statement_count': 168
'data_age_at_insertion_future_dated_statement_count': 170
'data_age_at_insertion_statement_count': 171
'data_age_at_insertion_future_statement_count': 172
'data_age_at_insertion_statement_average_scaled_score': 173
'reference_replacements_simple_with_path_discard_edge_heuristic_dis_5pct_unclassified': 174
'reference_replacements_simple_with_path_discard_edge_heuristic_dis_5pct_not_in_graph': 175
'reference_replacements_simple_with_path_discard_edge_heuristic_dis_5pct_relevance_weight_cutoff': 176
'reference_replacements_simple_with_path_discard_edge_heuristic_dis_5pct_relevant_edge_fraction': 177
'reference_replacements_simple_with_path_discard_edge_heuristic_dis_5pct_avg_session_size_step': 178
'reference_replacements_simple_with_path_discard_edge_heuristic_dis_5pct_avg_session_size_cumulative': 179
'reference_replacements_simple_with_path_discard_edge_heuristic_dis_5pct_avg_session_references_cumulative': 180
'reference_replacements_simple_with_path_discard_edge_heuristic_dis_5pct_closed_sessions_step': 181
'reference_replacements_simple_with_path_discard_edge_heuristic_dis_5pct_closed_sessions_total': 182
'reference_replacements_simple_with_path_discard_edge_heuristic_dis_5pct_pref_graph_edge_density': 183
'reference_replacements_simple_with_path_discard_edge_heuristic_dis_5pct_pref_graph_average_degree': 184
'reference_replacements_simple_with_path_discard_edge_heuristic_dis_5pct_pref_graph_max_average_degree': 185
'reference_replacements_simple_with_path_discard_edge_heuristic_dis_5pct_live_vertices': 186
'reference_replacements_simple_with_path_discard_edge_heuristic_dis_5pct_tombstoned_vertices': 187
-------------------------------------

Run ID: 2485182
