Commit at submit time: 0dd234c0705b1f48a783599c197a7c3e05c845ac
Running from snapshot: /tmp/mp2025-wikiwatch-2399000
DuckDB memory_limit: 76.2 GiB
2026-08-02 16:50:09.261 INFO starting
2026-08-02 16:50:09.261 INFO Memory logging: False
2026-08-02 16:50:09.262 INFO Less entities: True
2026-08-02 16:50:09.262 INFO Use cache: False
2026-08-02 16:50:10.844 INFO [subject_constraint_violation_count] initialized (rules=8350, watched_props=8348, use_cache=False)
2026-08-02 16:50:14.535 INFO Start timestep 2012-10-29 00:00:00+00:00 -> 2012-11-28 00:00:00+00:00
2026-08-02 16:50:18.226 INFO DuckDB memory logs:
  database_name database_size  block_size  ...  wal_size  memory_usage  memory_limit
0   postgres_db       6.2 TiB           0  ...   0 bytes      63.8 MiB      76.2 GiB
1        memory       0 bytes           0  ...   0 bytes      63.8 MiB      76.2 GiB

[2 rows x 9 columns]
2026-08-02 16:50:18.226 INFO Loading data (2012-10-29 00:00:00+00:00 -> 2012-11-28 00:00:00+00:00) done in 3.69s (real) and 0.81s (process)
2026-08-02 16:50:18.226 INFO Memory usage (start of timestep, peak): 0.23 GiB
2026-08-02 16:50:18.227 INFO Memory usage (start of timestep, current): 0.23 GiB
2026-08-02 16:50:18.227 INFO Calculating metrics
2026-08-02 16:50:18.227 INFO Calculating metric: statement_count
2026-08-02 16:50:18.251 INFO Calculating metric: reference_existence_per_statement_count_df
2026-08-02 16:50:18.259 INFO Calculating metric: reference_completeness_df
2026-08-02 16:50:18.264 INFO Memory usage (end of timestep, peak): 0.23 GiB
2026-08-02 16:50:18.264 INFO Memory usage (end of timestep, current): 0.24 GiB
2026-08-02 16:50:18.264 INFO (Iteration 0) statement_count: real 0.02s | cpu 0.01s
2026-08-02 16:50:18.264 INFO (Iteration 0) reference_existence_per_statement_count_df: real 0.01s | cpu 0.01s
2026-08-02 16:50:18.264 INFO (Iteration 0) reference_completeness_df: real 0.00s | cpu 0.00s
2026-08-02 16:50:18.264 INFO Iteration 0 finished in 3.73s (real) and 0.83s (process)
2026-08-02 16:50:18.265 INFO Start timestep 2012-11-28 00:00:00+00:00 -> 2012-12-28 00:00:00+00:00
2026-08-02 16:50:23.458 INFO DuckDB memory logs:
  database_name database_size  block_size  ...  wal_size  memory_usage  memory_limit
0   postgres_db       6.2 TiB           0  ...   0 bytes     201.0 MiB      76.2 GiB
1        memory       0 bytes           0  ...   0 bytes     201.0 MiB      76.2 GiB

[2 rows x 9 columns]
2026-08-02 16:50:23.459 INFO Loading data (2012-11-28 00:00:00+00:00 -> 2012-12-28 00:00:00+00:00) done in 5.19s (real) and 2.57s (process)
2026-08-02 16:50:23.459 INFO Memory usage (start of timestep, peak): 0.37 GiB
2026-08-02 16:50:23.459 INFO Memory usage (start of timestep, current): 0.37 GiB
2026-08-02 16:50:23.459 INFO Calculating metrics
2026-08-02 16:50:23.459 INFO Calculating metric: statement_count
2026-08-02 16:50:23.481 INFO Calculating metric: reference_existence_per_statement_count_df
2026-08-02 16:50:23.486 INFO Calculating metric: reference_completeness_df
2026-08-02 16:50:23.489 INFO Memory usage (end of timestep, peak): 0.37 GiB
2026-08-02 16:50:23.490 INFO Memory usage (end of timestep, current): 0.37 GiB
2026-08-02 16:50:23.490 INFO (Iteration 1) statement_count: real 0.02s | cpu 0.04s
2026-08-02 16:50:23.490 INFO (Iteration 1) reference_existence_per_statement_count_df: real 0.00s | cpu 0.00s
2026-08-02 16:50:23.490 INFO (Iteration 1) reference_completeness_df: real 0.00s | cpu 0.00s
2026-08-02 16:50:23.490 INFO Iteration 1 finished in 5.23s (real) and 2.62s (process)
2026-08-02 16:50:23.490 INFO Start timestep 2012-12-28 00:00:00+00:00 -> 2013-01-27 00:00:00+00:00
2026-08-02 16:50:26.780 INFO DuckDB memory logs:
  database_name database_size  block_size  ...  wal_size  memory_usage  memory_limit
0   postgres_db       6.2 TiB           0  ...   0 bytes     128.3 MiB      76.2 GiB
1        memory       0 bytes           0  ...   0 bytes     128.3 MiB      76.2 GiB

[2 rows x 9 columns]
2026-08-02 16:50:26.780 INFO Loading data (2012-12-28 00:00:00+00:00 -> 2013-01-27 00:00:00+00:00) done in 3.29s (real) and 1.48s (process)
2026-08-02 16:50:26.780 INFO Memory usage (start of timestep, peak): 0.37 GiB
2026-08-02 16:50:26.780 INFO Memory usage (start of timestep, current): 0.35 GiB
2026-08-02 16:50:26.780 INFO Calculating metrics
2026-08-02 16:50:26.781 INFO Calculating metric: statement_count
2026-08-02 16:50:26.799 INFO Calculating metric: reference_existence_per_statement_count_df
2026-08-02 16:50:26.804 INFO Calculating metric: reference_completeness_df
2026-08-02 16:50:26.806 INFO Memory usage (end of timestep, peak): 0.37 GiB
2026-08-02 16:50:26.806 INFO Memory usage (end of timestep, current): 0.35 GiB
2026-08-02 16:50:26.806 INFO (Iteration 2) statement_count: real 0.02s | cpu 0.03s
2026-08-02 16:50:26.806 INFO (Iteration 2) reference_existence_per_statement_count_df: real 0.00s | cpu 0.00s
2026-08-02 16:50:26.806 INFO (Iteration 2) reference_completeness_df: real 0.00s | cpu 0.00s
2026-08-02 16:50:26.806 INFO Iteration 2 finished in 3.32s (real) and 1.51s (process)
2026-08-02 16:50:26.806 INFO Start timestep 2013-01-27 00:00:00+00:00 -> 2013-02-26 00:00:00+00:00
2026-08-02 16:50:29.560 INFO DuckDB memory logs:
  database_name database_size  block_size  ...  wal_size  memory_usage  memory_limit
0   postgres_db       6.2 TiB           0  ...   0 bytes     104.5 MiB      76.2 GiB
1        memory       0 bytes           0  ...   0 bytes     104.5 MiB      76.2 GiB

[2 rows x 9 columns]
2026-08-02 16:50:29.560 INFO Loading data (2013-01-27 00:00:00+00:00 -> 2013-02-26 00:00:00+00:00) done in 2.75s (real) and 1.21s (process)
2026-08-02 16:50:29.560 INFO Memory usage (start of timestep, peak): 0.37 GiB
2026-08-02 16:50:29.560 INFO Memory usage (start of timestep, current): 0.28 GiB
2026-08-02 16:50:29.560 INFO Calculating metrics
2026-08-02 16:50:29.560 INFO Calculating metric: statement_count
2026-08-02 16:50:29.584 INFO Calculating metric: reference_existence_per_statement_count_df
2026-08-02 16:50:29.594 INFO Calculating metric: reference_completeness_df
2026-08-02 16:50:29.597 INFO Memory usage (end of timestep, peak): 0.37 GiB
2026-08-02 16:50:29.598 INFO Memory usage (end of timestep, current): 0.29 GiB
2026-08-02 16:50:29.598 INFO (Iteration 3) statement_count: real 0.02s | cpu 0.05s
2026-08-02 16:50:29.598 INFO (Iteration 3) reference_existence_per_statement_count_df: real 0.01s | cpu 0.02s
2026-08-02 16:50:29.598 INFO (Iteration 3) reference_completeness_df: real 0.00s | cpu 0.00s
2026-08-02 16:50:29.598 INFO Iteration 3 finished in 2.79s (real) and 1.28s (process)
2026-08-02 16:50:29.598 INFO Start timestep 2013-02-26 00:00:00+00:00 -> 2013-03-28 00:00:00+00:00
2026-08-02 16:50:37.776 INFO DuckDB memory logs:
  database_name database_size  block_size  ...  wal_size  memory_usage  memory_limit
0   postgres_db       6.2 TiB           0  ...   0 bytes     341.7 MiB      76.2 GiB
1        memory       0 bytes           0  ...   0 bytes     341.7 MiB      76.2 GiB

[2 rows x 9 columns]
2026-08-02 16:50:37.776 INFO Loading data (2013-02-26 00:00:00+00:00 -> 2013-03-28 00:00:00+00:00) done in 8.18s (real) and 3.92s (process)
2026-08-02 16:50:37.776 INFO Memory usage (start of timestep, peak): 0.52 GiB
2026-08-02 16:50:37.776 INFO Memory usage (start of timestep, current): 0.52 GiB
2026-08-02 16:50:37.776 INFO Calculating metrics
2026-08-02 16:50:37.776 INFO Calculating metric: statement_count
2026-08-02 16:50:37.803 INFO Calculating metric: reference_existence_per_statement_count_df
2026-08-02 16:50:37.951 INFO Calculating metric: reference_completeness_df
2026-08-02 16:50:37.954 INFO Memory usage (end of timestep, peak): 0.55 GiB
2026-08-02 16:50:37.954 INFO Memory usage (end of timestep, current): 0.55 GiB
2026-08-02 16:50:37.954 INFO (Iteration 4) statement_count: real 0.03s | cpu 0.13s
2026-08-02 16:50:37.954 INFO (Iteration 4) reference_existence_per_statement_count_df: real 0.15s | cpu 0.20s
2026-08-02 16:50:37.954 INFO (Iteration 4) reference_completeness_df: real 0.00s | cpu 0.00s
2026-08-02 16:50:37.954 INFO Iteration 4 finished in 8.36s (real) and 4.26s (process)
2026-08-02 16:50:37.954 INFO Start timestep 2013-03-28 00:00:00+00:00 -> 2013-04-27 00:00:00+00:00
2026-08-02 16:50:47.963 INFO DuckDB memory logs:
  database_name database_size  block_size  ...  wal_size  memory_usage  memory_limit
0   postgres_db       6.2 TiB           0  ...   0 bytes     450.2 MiB      76.2 GiB
1        memory       0 bytes           0  ...   0 bytes     450.2 MiB      76.2 GiB

[2 rows x 9 columns]
2026-08-02 16:50:47.963 INFO Loading data (2013-03-28 00:00:00+00:00 -> 2013-04-27 00:00:00+00:00) done in 10.01s (real) and 8.60s (process)
2026-08-02 16:50:47.964 INFO Memory usage (start of timestep, peak): 0.68 GiB
2026-08-02 16:50:47.964 INFO Memory usage (start of timestep, current): 0.62 GiB
2026-08-02 16:50:47.964 INFO Calculating metrics
2026-08-02 16:50:47.964 INFO Calculating metric: statement_count
2026-08-02 16:50:47.993 INFO Calculating metric: reference_existence_per_statement_count_df
2026-08-02 16:50:48.736 INFO Calculating metric: reference_completeness_df
2026-08-02 16:50:48.739 INFO Memory usage (end of timestep, peak): 0.71 GiB
2026-08-02 16:50:48.739 INFO Memory usage (end of timestep, current): 0.69 GiB
2026-08-02 16:50:48.739 INFO (Iteration 5) statement_count: real 0.03s | cpu 0.12s
2026-08-02 16:50:48.739 INFO (Iteration 5) reference_existence_per_statement_count_df: real 0.74s | cpu 0.96s
2026-08-02 16:50:48.739 INFO (Iteration 5) reference_completeness_df: real 0.00s | cpu 0.00s
2026-08-02 16:50:48.739 INFO Iteration 5 finished in 10.78s (real) and 9.68s (process)
2026-08-02 16:50:48.739 INFO Start timestep 2013-04-27 00:00:00+00:00 -> 2013-05-27 00:00:00+00:00
2026-08-02 16:51:00.643 INFO DuckDB memory logs:
  database_name database_size  block_size  ...  wal_size  memory_usage  memory_limit
0   postgres_db       6.2 TiB           0  ...   0 bytes     589.0 MiB      76.2 GiB
1        memory       0 bytes           0  ...   0 bytes     589.0 MiB      76.2 GiB

[2 rows x 9 columns]
2026-08-02 16:51:00.643 INFO Loading data (2013-04-27 00:00:00+00:00 -> 2013-05-27 00:00:00+00:00) done in 11.90s (real) and 6.23s (process)
2026-08-02 16:51:00.643 INFO Memory usage (start of timestep, peak): 0.83 GiB
2026-08-02 16:51:00.643 INFO Memory usage (start of timestep, current): 0.78 GiB
2026-08-02 16:51:00.643 INFO Calculating metrics
2026-08-02 16:51:00.644 INFO Calculating metric: statement_count
2026-08-02 16:51:00.672 INFO Calculating metric: reference_existence_per_statement_count_df
2026-08-02 16:51:02.758 INFO Calculating metric: reference_completeness_df
2026-08-02 16:51:02.761 INFO Memory usage (end of timestep, peak): 0.96 GiB
2026-08-02 16:51:02.761 INFO Memory usage (end of timestep, current): 0.89 GiB
2026-08-02 16:51:02.761 INFO (Iteration 6) statement_count: real 0.03s | cpu 0.18s
2026-08-02 16:51:02.761 INFO (Iteration 6) reference_existence_per_statement_count_df: real 2.09s | cpu 2.50s
2026-08-02 16:51:02.762 INFO (Iteration 6) reference_completeness_df: real 0.00s | cpu 0.00s
2026-08-02 16:51:02.762 INFO Iteration 6 finished in 14.02s (real) and 8.91s (process)
2026-08-02 16:51:02.762 INFO Start timestep 2013-05-27 00:00:00+00:00 -> 2013-06-26 00:00:00+00:00
2026-08-02 16:51:07.236 INFO DuckDB memory logs:
  database_name database_size  block_size  ...  wal_size  memory_usage  memory_limit
0   postgres_db       6.2 TiB           0  ...   0 bytes     209.5 MiB      76.2 GiB
1        memory       0 bytes           0  ...   0 bytes     209.5 MiB      76.2 GiB

[2 rows x 9 columns]
2026-08-02 16:51:07.236 INFO Loading data (2013-05-27 00:00:00+00:00 -> 2013-06-26 00:00:00+00:00) done in 4.47s (real) and 2.27s (process)
2026-08-02 16:51:07.236 INFO Memory usage (start of timestep, peak): 0.96 GiB
2026-08-02 16:51:07.237 INFO Memory usage (start of timestep, current): 0.66 GiB
2026-08-02 16:51:07.237 INFO Calculating metrics
2026-08-02 16:51:07.237 INFO Calculating metric: statement_count
2026-08-02 16:51:07.268 INFO Calculating metric: reference_existence_per_statement_count_df
2026-08-02 16:51:09.653 INFO Calculating metric: reference_completeness_df
2026-08-02 16:51:09.656 INFO Memory usage (end of timestep, peak): 0.96 GiB
2026-08-02 16:51:09.657 INFO Memory usage (end of timestep, current): 0.59 GiB
2026-08-02 16:51:09.657 INFO (Iteration 7) statement_count: real 0.03s | cpu 0.07s
2026-08-02 16:51:09.657 INFO (Iteration 7) reference_existence_per_statement_count_df: real 2.39s | cpu 2.53s
2026-08-02 16:51:09.657 INFO (Iteration 7) reference_completeness_df: real 0.00s | cpu 0.00s
2026-08-02 16:51:09.657 INFO Iteration 7 finished in 6.90s (real) and 4.87s (process)
2026-08-02 16:51:09.657 INFO Start timestep 2013-06-26 00:00:00+00:00 -> 2013-07-26 00:00:00+00:00
2026-08-02 16:51:23.988 INFO DuckDB memory logs:
  database_name database_size  block_size  ...  wal_size  memory_usage  memory_limit
0   postgres_db       6.2 TiB           0  ...   0 bytes     342.2 MiB      76.2 GiB
1        memory       0 bytes           0  ...   0 bytes     342.2 MiB      76.2 GiB

[2 rows x 9 columns]
2026-08-02 16:51:23.988 INFO Loading data (2013-06-26 00:00:00+00:00 -> 2013-07-26 00:00:00+00:00) done in 14.33s (real) and 3.78s (process)
2026-08-02 16:51:23.988 INFO Memory usage (start of timestep, peak): 0.96 GiB
2026-08-02 16:51:23.988 INFO Memory usage (start of timestep, current): 0.64 GiB
2026-08-02 16:51:23.988 INFO Calculating metrics
2026-08-02 16:51:23.989 INFO Calculating metric: statement_count
2026-08-02 16:51:24.019 INFO Calculating metric: reference_existence_per_statement_count_df
2026-08-02 16:51:26.694 INFO Calculating metric: reference_completeness_df
2026-08-02 16:51:26.697 INFO Memory usage (end of timestep, peak): 0.96 GiB
2026-08-02 16:51:26.697 INFO Memory usage (end of timestep, current): 0.70 GiB
2026-08-02 16:51:26.698 INFO (Iteration 8) statement_count: real 0.03s | cpu 0.11s
2026-08-02 16:51:26.698 INFO (Iteration 8) reference_existence_per_statement_count_df: real 2.67s | cpu 2.88s
2026-08-02 16:51:26.698 INFO (Iteration 8) reference_completeness_df: real 0.00s | cpu 0.00s
2026-08-02 16:51:26.698 INFO Iteration 8 finished in 17.04s (real) and 6.78s (process)
2026-08-02 16:51:26.698 INFO Start timestep 2013-07-26 00:00:00+00:00 -> 2013-08-25 00:00:00+00:00
2026-08-02 16:51:35.495 INFO DuckDB memory logs:
  database_name database_size  block_size  ...  wal_size  memory_usage  memory_limit
0   postgres_db       6.2 TiB           0  ...   0 bytes     194.7 MiB      76.2 GiB
1        memory       0 bytes           0  ...   0 bytes     194.7 MiB      76.2 GiB

[2 rows x 9 columns]
2026-08-02 16:51:35.495 INFO Loading data (2013-07-26 00:00:00+00:00 -> 2013-08-25 00:00:00+00:00) done in 8.80s (real) and 4.17s (process)
2026-08-02 16:51:35.495 INFO Memory usage (start of timestep, peak): 0.96 GiB
2026-08-02 16:51:35.495 INFO Memory usage (start of timestep, current): 0.67 GiB
2026-08-02 16:51:35.495 INFO Calculating metrics
2026-08-02 16:51:35.496 INFO Calculating metric: statement_count
2026-08-02 16:51:35.520 INFO Calculating metric: reference_existence_per_statement_count_df
2026-08-02 16:51:38.460 INFO Calculating metric: reference_completeness_df
2026-08-02 16:51:38.462 INFO Memory usage (end of timestep, peak): 0.96 GiB
2026-08-02 16:51:38.463 INFO Memory usage (end of timestep, current): 0.59 GiB
2026-08-02 16:51:38.463 INFO (Iteration 9) statement_count: real 0.02s | cpu 0.07s
2026-08-02 16:51:38.463 INFO (Iteration 9) reference_existence_per_statement_count_df: real 2.94s | cpu 3.03s
2026-08-02 16:51:38.463 INFO (Iteration 9) reference_completeness_df: real 0.00s | cpu 0.00s
2026-08-02 16:51:38.463 INFO Iteration 9 finished in 11.76s (real) and 7.27s (process)
2026-08-02 16:51:38.463 INFO Start timestep 2013-08-25 00:00:00+00:00 -> 2013-09-24 00:00:00+00:00
2026-08-02 16:51:48.448 INFO DuckDB memory logs:
  database_name database_size  block_size  ...  wal_size  memory_usage  memory_limit
0   postgres_db       6.2 TiB           0  ...   0 bytes     203.2 MiB      76.2 GiB
1        memory       0 bytes           0  ...   0 bytes     203.2 MiB      76.2 GiB

[2 rows x 9 columns]
2026-08-02 16:51:48.449 INFO Loading data (2013-08-25 00:00:00+00:00 -> 2013-09-24 00:00:00+00:00) done in 9.99s (real) and 2.17s (process)
2026-08-02 16:51:48.449 INFO Memory usage (start of timestep, peak): 0.96 GiB
2026-08-02 16:51:48.449 INFO Memory usage (start of timestep, current): 0.54 GiB
2026-08-02 16:51:48.449 INFO Calculating metrics
2026-08-02 16:51:48.449 INFO Calculating metric: statement_count
2026-08-02 16:51:48.475 INFO Calculating metric: reference_existence_per_statement_count_df
2026-08-02 16:51:51.660 INFO Calculating metric: reference_completeness_df
2026-08-02 16:51:51.664 INFO Memory usage (end of timestep, peak): 0.96 GiB
2026-08-02 16:51:51.664 INFO Memory usage (end of timestep, current): 0.70 GiB
2026-08-02 16:51:51.664 INFO (Iteration 10) statement_count: real 0.03s | cpu 0.07s
2026-08-02 16:51:51.664 INFO (Iteration 10) reference_existence_per_statement_count_df: real 3.18s | cpu 3.29s
2026-08-02 16:51:51.664 INFO (Iteration 10) reference_completeness_df: real 0.00s | cpu 0.00s
2026-08-02 16:51:51.664 INFO Iteration 10 finished in 13.20s (real) and 5.53s (process)
2026-08-02 16:51:51.664 INFO Start timestep 2013-09-24 00:00:00+00:00 -> 2013-10-24 00:00:00+00:00
2026-08-02 16:52:04.322 INFO DuckDB memory logs:
  database_name database_size  block_size  ...  wal_size  memory_usage  memory_limit
0   postgres_db       6.2 TiB           0  ...   0 bytes     314.2 MiB      76.2 GiB
1        memory       0 bytes           0  ...   0 bytes     314.2 MiB      76.2 GiB

[2 rows x 9 columns]
2026-08-02 16:52:04.322 INFO Loading data (2013-09-24 00:00:00+00:00 -> 2013-10-24 00:00:00+00:00) done in 12.66s (real) and 3.37s (process)
2026-08-02 16:52:04.322 INFO Memory usage (start of timestep, peak): 0.96 GiB
2026-08-02 16:52:04.323 INFO Memory usage (start of timestep, current): 0.70 GiB
2026-08-02 16:52:04.323 INFO Calculating metrics
2026-08-02 16:52:04.323 INFO Calculating metric: statement_count
2026-08-02 16:52:04.349 INFO Calculating metric: reference_existence_per_statement_count_df
2026-08-02 16:52:08.150 INFO Calculating metric: reference_completeness_df
2026-08-02 16:52:08.153 INFO Memory usage (end of timestep, peak): 0.96 GiB
2026-08-02 16:52:08.153 INFO Memory usage (end of timestep, current): 0.83 GiB
2026-08-02 16:52:08.153 INFO (Iteration 11) statement_count: real 0.03s | cpu 0.10s
2026-08-02 16:52:08.153 INFO (Iteration 11) reference_existence_per_statement_count_df: real 3.80s | cpu 4.01s
2026-08-02 16:52:08.153 INFO (Iteration 11) reference_completeness_df: real 0.00s | cpu 0.00s
2026-08-02 16:52:08.153 INFO Iteration 11 finished in 16.49s (real) and 7.48s (process)
2026-08-02 16:52:08.154 INFO Start timestep 2013-10-24 00:00:00+00:00 -> 2013-11-23 00:00:00+00:00
2026-08-02 16:52:19.474 INFO DuckDB memory logs:
  database_name database_size  block_size  ...  wal_size  memory_usage  memory_limit
0   postgres_db       6.2 TiB           0  ...   0 bytes     289.0 MiB      76.2 GiB
1        memory       0 bytes           0  ...   0 bytes     289.0 MiB      76.2 GiB

[2 rows x 9 columns]
2026-08-02 16:52:19.474 INFO Loading data (2013-10-24 00:00:00+00:00 -> 2013-11-23 00:00:00+00:00) done in 11.32s (real) and 3.09s (process)
2026-08-02 16:52:19.474 INFO Memory usage (start of timestep, peak): 0.96 GiB
2026-08-02 16:52:19.474 INFO Memory usage (start of timestep, current): 0.69 GiB
2026-08-02 16:52:19.474 INFO Calculating metrics
2026-08-02 16:52:19.475 INFO Calculating metric: statement_count
2026-08-02 16:52:19.497 INFO Calculating metric: reference_existence_per_statement_count_df
2026-08-02 16:52:23.668 INFO Calculating metric: reference_completeness_df
2026-08-02 16:52:23.671 INFO Memory usage (end of timestep, peak): 0.96 GiB
2026-08-02 16:52:23.672 INFO Memory usage (end of timestep, current): 0.77 GiB
2026-08-02 16:52:23.672 INFO (Iteration 12) statement_count: real 0.02s | cpu 0.09s
2026-08-02 16:52:23.672 INFO (Iteration 12) reference_existence_per_statement_count_df: real 4.17s | cpu 4.35s
2026-08-02 16:52:23.672 INFO (Iteration 12) reference_completeness_df: real 0.00s | cpu 0.00s
2026-08-02 16:52:23.672 INFO Iteration 12 finished in 15.52s (real) and 7.53s (process)
2026-08-02 16:52:23.672 INFO Start timestep 2013-11-23 00:00:00+00:00 -> 2013-12-23 00:00:00+00:00
2026-08-02 16:52:40.667 INFO DuckDB memory logs:
  database_name database_size  block_size  ...  wal_size  memory_usage  memory_limit
0   postgres_db       6.2 TiB           0  ...   0 bytes     331.0 MiB      76.2 GiB
1        memory       0 bytes           0  ...   0 bytes     331.0 MiB      76.2 GiB

[2 rows x 9 columns]
2026-08-02 16:52:40.667 INFO Loading data (2013-11-23 00:00:00+00:00 -> 2013-12-23 00:00:00+00:00) done in 16.99s (real) and 9.07s (process)
2026-08-02 16:52:40.667 INFO Memory usage (start of timestep, peak): 0.96 GiB
2026-08-02 16:52:40.667 INFO Memory usage (start of timestep, current): 0.76 GiB
2026-08-02 16:52:40.667 INFO Calculating metrics
2026-08-02 16:52:40.667 INFO Calculating metric: statement_count
2026-08-02 16:52:40.695 INFO Calculating metric: reference_existence_per_statement_count_df
2026-08-02 16:52:45.333 INFO Calculating metric: reference_completeness_df
2026-08-02 16:52:45.336 INFO Memory usage (end of timestep, peak): 0.96 GiB
2026-08-02 16:52:45.336 INFO Memory usage (end of timestep, current): 0.89 GiB
2026-08-02 16:52:45.336 INFO (Iteration 13) statement_count: real 0.03s | cpu 0.10s
2026-08-02 16:52:45.336 INFO (Iteration 13) reference_existence_per_statement_count_df: real 4.64s | cpu 4.86s
2026-08-02 16:52:45.336 INFO (Iteration 13) reference_completeness_df: real 0.00s | cpu 0.00s
2026-08-02 16:52:45.336 INFO Iteration 13 finished in 21.66s (real) and 14.04s (process)
2026-08-02 16:52:45.336 INFO Start timestep 2013-12-23 00:00:00+00:00 -> 2014-01-22 00:00:00+00:00
2026-08-02 16:52:58.233 INFO DuckDB memory logs:
  database_name database_size  block_size  ...  wal_size  memory_usage  memory_limit
0   postgres_db       6.2 TiB           0  ...   0 bytes     322.7 MiB      76.2 GiB
1        memory       0 bytes           0  ...   0 bytes     322.7 MiB      76.2 GiB

[2 rows x 9 columns]
2026-08-02 16:52:58.233 INFO Loading data (2013-12-23 00:00:00+00:00 -> 2014-01-22 00:00:00+00:00) done in 12.90s (real) and 3.50s (process)
2026-08-02 16:52:58.233 INFO Memory usage (start of timestep, peak): 0.96 GiB
2026-08-02 16:52:58.233 INFO Memory usage (start of timestep, current): 0.81 GiB
2026-08-02 16:52:58.233 INFO Calculating metrics
2026-08-02 16:52:58.234 INFO Calculating metric: statement_count
2026-08-02 16:52:58.264 INFO Calculating metric: reference_existence_per_statement_count_df
2026-08-02 16:53:02.928 INFO Calculating metric: reference_completeness_df
2026-08-02 16:53:02.931 INFO Memory usage (end of timestep, peak): 0.96 GiB
2026-08-02 16:53:02.932 INFO Memory usage (end of timestep, current): 0.92 GiB
2026-08-02 16:53:02.932 INFO (Iteration 14) statement_count: real 0.03s | cpu 0.11s
2026-08-02 16:53:02.932 INFO (Iteration 14) reference_existence_per_statement_count_df: real 4.66s | cpu 4.84s
2026-08-02 16:53:02.932 INFO (Iteration 14) reference_completeness_df: real 0.00s | cpu 0.00s
2026-08-02 16:53:02.932 INFO Iteration 14 finished in 17.60s (real) and 8.45s (process)
2026-08-02 16:53:02.932 INFO Start timestep 2014-01-22 00:00:00+00:00 -> 2014-02-21 00:00:00+00:00
2026-08-02 16:53:16.727 INFO DuckDB memory logs:
  database_name database_size  block_size  ...  wal_size  memory_usage  memory_limit
0   postgres_db       6.2 TiB           0  ...   0 bytes     303.5 MiB      76.2 GiB
1        memory       0 bytes           0  ...   0 bytes     303.5 MiB      76.2 GiB

[2 rows x 9 columns]
2026-08-02 16:53:16.728 INFO Loading data (2014-01-22 00:00:00+00:00 -> 2014-02-21 00:00:00+00:00) done in 13.80s (real) and 3.32s (process)
2026-08-02 16:53:16.728 INFO Memory usage (start of timestep, peak): 0.96 GiB
2026-08-02 16:53:16.728 INFO Memory usage (start of timestep, current): 0.77 GiB
2026-08-02 16:53:16.728 INFO Calculating metrics
2026-08-02 16:53:16.728 INFO Calculating metric: statement_count
2026-08-02 16:53:16.750 INFO Calculating metric: reference_existence_per_statement_count_df
2026-08-02 16:53:21.657 INFO Calculating metric: reference_completeness_df
2026-08-02 16:53:21.660 INFO Memory usage (end of timestep, peak): 0.97 GiB
2026-08-02 16:53:21.660 INFO Memory usage (end of timestep, current): 0.97 GiB
2026-08-02 16:53:21.660 INFO (Iteration 15) statement_count: real 0.02s | cpu 0.08s
2026-08-02 16:53:21.660 INFO (Iteration 15) reference_existence_per_statement_count_df: real 4.91s | cpu 5.11s
2026-08-02 16:53:21.660 INFO (Iteration 15) reference_completeness_df: real 0.00s | cpu 0.00s
2026-08-02 16:53:21.660 INFO Iteration 15 finished in 18.73s (real) and 8.52s (process)
2026-08-02 16:53:21.660 INFO Start timestep 2014-02-21 00:00:00+00:00 -> 2014-03-23 00:00:00+00:00
2026-08-02 16:53:41.166 INFO DuckDB memory logs:
  database_name database_size  block_size  ...  wal_size  memory_usage  memory_limit
0   postgres_db       6.2 TiB           0  ...   0 bytes     343.0 MiB      76.2 GiB
1        memory       0 bytes           0  ...   0 bytes     343.0 MiB      76.2 GiB

[2 rows x 9 columns]
2026-08-02 16:53:41.166 INFO Loading data (2014-02-21 00:00:00+00:00 -> 2014-03-23 00:00:00+00:00) done in 19.51s (real) and 3.91s (process)
2026-08-02 16:53:41.166 INFO Memory usage (start of timestep, peak): 0.97 GiB
2026-08-02 16:53:41.166 INFO Memory usage (start of timestep, current): 0.83 GiB
2026-08-02 16:53:41.166 INFO Calculating metrics
2026-08-02 16:53:41.167 INFO Calculating metric: statement_count
2026-08-02 16:53:41.192 INFO Calculating metric: reference_existence_per_statement_count_df
2026-08-02 16:53:46.770 INFO Calculating metric: reference_completeness_df
2026-08-02 16:53:46.773 INFO Memory usage (end of timestep, peak): 1.07 GiB
2026-08-02 16:53:46.774 INFO Memory usage (end of timestep, current): 0.89 GiB
2026-08-02 16:53:46.774 INFO (Iteration 16) statement_count: real 0.03s | cpu 0.08s
2026-08-02 16:53:46.774 INFO (Iteration 16) reference_existence_per_statement_count_df: real 5.58s | cpu 5.83s
2026-08-02 16:53:46.774 INFO (Iteration 16) reference_completeness_df: real 0.00s | cpu 0.00s
2026-08-02 16:53:46.774 INFO Iteration 16 finished in 25.11s (real) and 9.82s (process)
2026-08-02 16:53:46.775 INFO Start timestep 2014-03-23 00:00:00+00:00 -> 2014-04-22 00:00:00+00:00
2026-08-02 16:53:56.826 INFO DuckDB memory logs:
  database_name database_size  block_size  ...  wal_size  memory_usage  memory_limit
0   postgres_db       6.2 TiB           0  ...   0 bytes     233.0 MiB      76.2 GiB
1        memory       0 bytes           0  ...   0 bytes     233.0 MiB      76.2 GiB

[2 rows x 9 columns]
2026-08-02 16:53:56.826 INFO Loading data (2014-03-23 00:00:00+00:00 -> 2014-04-22 00:00:00+00:00) done in 10.05s (real) and 2.54s (process)
2026-08-02 16:53:56.827 INFO Memory usage (start of timestep, peak): 1.07 GiB
2026-08-02 16:53:56.827 INFO Memory usage (start of timestep, current): 0.74 GiB
2026-08-02 16:53:56.827 INFO Calculating metrics
2026-08-02 16:53:56.827 INFO Calculating metric: statement_count
2026-08-02 16:53:56.846 INFO Calculating metric: reference_existence_per_statement_count_df
2026-08-02 16:54:02.422 INFO Calculating metric: reference_completeness_df
2026-08-02 16:54:02.428 INFO Memory usage (end of timestep, peak): 1.07 GiB
2026-08-02 16:54:02.429 INFO Memory usage (end of timestep, current): 0.79 GiB
2026-08-02 16:54:02.429 INFO (Iteration 17) statement_count: real 0.02s | cpu 0.04s
2026-08-02 16:54:02.429 INFO (Iteration 17) reference_existence_per_statement_count_df: real 5.58s | cpu 5.71s
2026-08-02 16:54:02.429 INFO (Iteration 17) reference_completeness_df: real 0.01s | cpu 0.00s
2026-08-02 16:54:02.429 INFO Iteration 17 finished in 15.65s (real) and 8.30s (process)
2026-08-02 16:54:02.429 INFO Start timestep 2014-04-22 00:00:00+00:00 -> 2014-05-22 00:00:00+00:00
2026-08-02 16:54:24.177 INFO DuckDB memory logs:
  database_name database_size  block_size  ...  wal_size  memory_usage  memory_limit
0   postgres_db       6.2 TiB           0  ...   0 bytes     453.7 MiB      76.2 GiB
1        memory       0 bytes           0  ...   0 bytes     453.7 MiB      76.2 GiB

[2 rows x 9 columns]
2026-08-02 16:54:24.178 INFO Loading data (2014-04-22 00:00:00+00:00 -> 2014-05-22 00:00:00+00:00) done in 21.75s (real) and 5.16s (process)
2026-08-02 16:54:24.178 INFO Memory usage (start of timestep, peak): 1.07 GiB
2026-08-02 16:54:24.178 INFO Memory usage (start of timestep, current): 0.96 GiB
2026-08-02 16:54:24.178 INFO Calculating metrics
2026-08-02 16:54:24.178 INFO Calculating metric: statement_count
2026-08-02 16:54:24.205 INFO Calculating metric: reference_existence_per_statement_count_df
2026-08-02 16:54:30.428 INFO Calculating metric: reference_completeness_df
2026-08-02 16:54:30.431 INFO Memory usage (end of timestep, peak): 1.21 GiB
2026-08-02 16:54:30.431 INFO Memory usage (end of timestep, current): 1.03 GiB
2026-08-02 16:54:30.431 INFO (Iteration 18) statement_count: real 0.03s | cpu 0.16s
2026-08-02 16:54:30.431 INFO (Iteration 18) reference_existence_per_statement_count_df: real 6.22s | cpu 6.47s
2026-08-02 16:54:30.431 INFO (Iteration 18) reference_completeness_df: real 0.00s | cpu 0.00s
2026-08-02 16:54:30.431 INFO Iteration 18 finished in 28.00s (real) and 11.79s (process)
2026-08-02 16:54:30.431 INFO Start timestep 2014-05-22 00:00:00+00:00 -> 2014-06-21 00:00:00+00:00
2026-08-02 16:54:42.131 INFO DuckDB memory logs:
  database_name database_size  block_size  ...  wal_size  memory_usage  memory_limit
0   postgres_db       6.2 TiB           0  ...   0 bytes     288.2 MiB      76.2 GiB
1        memory       0 bytes           0  ...   0 bytes     288.2 MiB      76.2 GiB

[2 rows x 9 columns]
2026-08-02 16:54:42.131 INFO Loading data (2014-05-22 00:00:00+00:00 -> 2014-06-21 00:00:00+00:00) done in 11.70s (real) and 7.72s (process)
2026-08-02 16:54:42.132 INFO Memory usage (start of timestep, peak): 1.21 GiB
2026-08-02 16:54:42.132 INFO Memory usage (start of timestep, current): 0.83 GiB
2026-08-02 16:54:42.132 INFO Calculating metrics
2026-08-02 16:54:42.132 INFO Calculating metric: statement_count
2026-08-02 16:54:42.157 INFO Calculating metric: reference_existence_per_statement_count_df
2026-08-02 16:54:47.983 INFO Calculating metric: reference_completeness_df
2026-08-02 16:54:47.987 INFO Memory usage (end of timestep, peak): 1.21 GiB
2026-08-02 16:54:47.987 INFO Memory usage (end of timestep, current): 0.97 GiB
2026-08-02 16:54:47.987 INFO (Iteration 19) statement_count: real 0.03s | cpu 0.12s
2026-08-02 16:54:47.987 INFO (Iteration 19) reference_existence_per_statement_count_df: real 5.83s | cpu 5.90s
2026-08-02 16:54:47.987 INFO (Iteration 19) reference_completeness_df: real 0.00s | cpu 0.00s
2026-08-02 16:54:47.988 INFO Iteration 19 finished in 17.56s (real) and 13.75s (process)
2026-08-02 16:54:47.988 INFO Start timestep 2014-06-21 00:00:00+00:00 -> 2014-07-21 00:00:00+00:00
2026-08-02 16:54:52.932 INFO DuckDB memory logs:
  database_name database_size  block_size  ...  wal_size  memory_usage  memory_limit
0   postgres_db       6.2 TiB           0  ...   0 bytes     242.0 MiB      76.2 GiB
1        memory       0 bytes           0  ...   0 bytes     242.0 MiB      76.2 GiB

[2 rows x 9 columns]
2026-08-02 16:54:52.932 INFO Loading data (2014-06-21 00:00:00+00:00 -> 2014-07-21 00:00:00+00:00) done in 4.94s (real) and 2.42s (process)
2026-08-02 16:54:52.933 INFO Memory usage (start of timestep, peak): 1.21 GiB
2026-08-02 16:54:52.933 INFO Memory usage (start of timestep, current): 0.85 GiB
2026-08-02 16:54:52.933 INFO Calculating metrics
2026-08-02 16:54:52.933 INFO Calculating metric: statement_count
2026-08-02 16:54:52.961 INFO Calculating metric: reference_existence_per_statement_count_df
2026-08-02 16:54:59.008 INFO Calculating metric: reference_completeness_df
2026-08-02 16:54:59.011 INFO Memory usage (end of timestep, peak): 1.21 GiB
2026-08-02 16:54:59.011 INFO Memory usage (end of timestep, current): 0.99 GiB
2026-08-02 16:54:59.011 INFO (Iteration 20) statement_count: real 0.03s | cpu 0.10s
2026-08-02 16:54:59.011 INFO (Iteration 20) reference_existence_per_statement_count_df: real 6.05s | cpu 6.14s
2026-08-02 16:54:59.011 INFO (Iteration 20) reference_completeness_df: real 0.00s | cpu 0.00s
2026-08-02 16:54:59.011 INFO Iteration 20 finished in 11.02s (real) and 8.66s (process)
2026-08-02 16:54:59.011 INFO Start timestep 2014-07-21 00:00:00+00:00 -> 2014-08-20 00:00:00+00:00
2026-08-02 16:55:03.184 INFO DuckDB memory logs:
  database_name database_size  block_size  ...  wal_size  memory_usage  memory_limit
0   postgres_db       6.2 TiB           0  ...   0 bytes     203.7 MiB      76.2 GiB
1        memory       0 bytes           0  ...   0 bytes     203.7 MiB      76.2 GiB

[2 rows x 9 columns]
2026-08-02 16:55:03.184 INFO Loading data (2014-07-21 00:00:00+00:00 -> 2014-08-20 00:00:00+00:00) done in 4.17s (real) and 3.55s (process)
2026-08-02 16:55:03.184 INFO Memory usage (start of timestep, peak): 1.21 GiB
2026-08-02 16:55:03.184 INFO Memory usage (start of timestep, current): 0.79 GiB
2026-08-02 16:55:03.184 INFO Calculating metrics
2026-08-02 16:55:03.184 INFO Calculating metric: statement_count
2026-08-02 16:55:03.213 INFO Calculating metric: reference_existence_per_statement_count_df
2026-08-02 16:55:09.241 INFO Calculating metric: reference_completeness_df
2026-08-02 16:55:09.245 INFO Memory usage (end of timestep, peak): 1.21 GiB
2026-08-02 16:55:09.245 INFO Memory usage (end of timestep, current): 0.98 GiB
2026-08-02 16:55:09.245 INFO (Iteration 21) statement_count: real 0.03s | cpu 0.09s
2026-08-02 16:55:09.245 INFO (Iteration 21) reference_existence_per_statement_count_df: real 6.03s | cpu 6.10s
2026-08-02 16:55:09.245 INFO (Iteration 21) reference_completeness_df: real 0.00s | cpu 0.00s
2026-08-02 16:55:09.245 INFO Iteration 21 finished in 10.23s (real) and 9.74s (process)
2026-08-02 16:55:09.245 INFO Start timestep 2014-08-20 00:00:00+00:00 -> 2014-09-19 00:00:00+00:00
2026-08-02 16:55:13.804 INFO DuckDB memory logs:
  database_name database_size  block_size  ...  wal_size  memory_usage  memory_limit
0   postgres_db       6.2 TiB           0  ...   0 bytes     228.5 MiB      76.2 GiB
1        memory       0 bytes           0  ...   0 bytes     228.5 MiB      76.2 GiB

[2 rows x 9 columns]
2026-08-02 16:55:13.804 INFO Loading data (2014-08-20 00:00:00+00:00 -> 2014-09-19 00:00:00+00:00) done in 4.56s (real) and 2.27s (process)
2026-08-02 16:55:13.804 INFO Memory usage (start of timestep, peak): 1.21 GiB
2026-08-02 16:55:13.804 INFO Memory usage (start of timestep, current): 0.81 GiB
2026-08-02 16:55:13.805 INFO Calculating metrics
2026-08-02 16:55:13.805 INFO Calculating metric: statement_count
2026-08-02 16:55:13.829 INFO Calculating metric: reference_existence_per_statement_count_df
2026-08-02 16:55:19.675 INFO Calculating metric: reference_completeness_df
2026-08-02 16:55:19.679 INFO Memory usage (end of timestep, peak): 1.21 GiB
2026-08-02 16:55:19.680 INFO Memory usage (end of timestep, current): 0.83 GiB
2026-08-02 16:55:19.680 INFO (Iteration 22) statement_count: real 0.02s | cpu 0.08s
2026-08-02 16:55:19.680 INFO (Iteration 22) reference_existence_per_statement_count_df: real 5.85s | cpu 5.93s
2026-08-02 16:55:19.680 INFO (Iteration 22) reference_completeness_df: real 0.00s | cpu 0.00s
2026-08-02 16:55:19.680 INFO Iteration 22 finished in 10.43s (real) and 8.28s (process)
2026-08-02 16:55:19.680 INFO Start timestep 2014-09-19 00:00:00+00:00 -> 2014-10-19 00:00:00+00:00
2026-08-02 16:55:25.698 INFO DuckDB memory logs:
  database_name database_size  block_size  ...  wal_size  memory_usage  memory_limit
0   postgres_db       6.2 TiB           0  ...   0 bytes     277.5 MiB      76.2 GiB
1        memory       0 bytes           0  ...   0 bytes     277.5 MiB      76.2 GiB

[2 rows x 9 columns]
2026-08-02 16:55:25.698 INFO Loading data (2014-09-19 00:00:00+00:00 -> 2014-10-19 00:00:00+00:00) done in 6.02s (real) and 4.72s (process)
2026-08-02 16:55:25.698 INFO Memory usage (start of timestep, peak): 1.21 GiB
2026-08-02 16:55:25.699 INFO Memory usage (start of timestep, current): 0.84 GiB
2026-08-02 16:55:25.699 INFO Calculating metrics
2026-08-02 16:55:25.699 INFO Calculating metric: statement_count
2026-08-02 16:55:25.726 INFO Calculating metric: reference_existence_per_statement_count_df
2026-08-02 16:55:31.898 INFO Calculating metric: reference_completeness_df
2026-08-02 16:55:31.900 INFO Memory usage (end of timestep, peak): 1.21 GiB
2026-08-02 16:55:31.901 INFO Memory usage (end of timestep, current): 0.88 GiB
2026-08-02 16:55:31.901 INFO (Iteration 23) statement_count: real 0.03s | cpu 0.11s
2026-08-02 16:55:31.901 INFO (Iteration 23) reference_existence_per_statement_count_df: real 6.17s | cpu 6.31s
2026-08-02 16:55:31.901 INFO (Iteration 23) reference_completeness_df: real 0.00s | cpu 0.00s
2026-08-02 16:55:31.901 INFO Iteration 23 finished in 12.22s (real) and 11.14s (process)
2026-08-02 16:55:31.901 INFO Start timestep 2014-10-19 00:00:00+00:00 -> 2014-11-18 00:00:00+00:00
2026-08-02 16:55:39.153 INFO DuckDB memory logs:
  database_name database_size  block_size  ...  wal_size  memory_usage  memory_limit
0   postgres_db       6.2 TiB           0  ...   0 bytes     378.2 MiB      76.2 GiB
1        memory       0 bytes           0  ...   0 bytes     378.2 MiB      76.2 GiB

[2 rows x 9 columns]
2026-08-02 16:55:39.153 INFO Loading data (2014-10-19 00:00:00+00:00 -> 2014-11-18 00:00:00+00:00) done in 7.25s (real) and 3.91s (process)
2026-08-02 16:55:39.153 INFO Memory usage (start of timestep, peak): 1.21 GiB
2026-08-02 16:55:39.153 INFO Memory usage (start of timestep, current): 0.93 GiB
2026-08-02 16:55:39.153 INFO Calculating metrics
2026-08-02 16:55:39.153 INFO Calculating metric: statement_count
2026-08-02 16:55:39.176 INFO Calculating metric: reference_existence_per_statement_count_df
2026-08-02 16:55:45.878 INFO Calculating metric: reference_completeness_df
2026-08-02 16:55:45.882 INFO Memory usage (end of timestep, peak): 1.21 GiB
2026-08-02 16:55:45.882 INFO Memory usage (end of timestep, current): 1.02 GiB
2026-08-02 16:55:45.882 INFO (Iteration 24) statement_count: real 0.02s | cpu 0.08s
2026-08-02 16:55:45.882 INFO (Iteration 24) reference_existence_per_statement_count_df: real 6.70s | cpu 6.94s
2026-08-02 16:55:45.882 INFO (Iteration 24) reference_completeness_df: real 0.00s | cpu 0.00s
2026-08-02 16:55:45.882 INFO Iteration 24 finished in 13.98s (real) and 10.94s (process)
2026-08-02 16:55:45.882 INFO Start timestep 2014-11-18 00:00:00+00:00 -> 2014-12-18 00:00:00+00:00
2026-08-02 16:55:50.549 INFO DuckDB memory logs:
  database_name database_size  block_size  ...  wal_size  memory_usage  memory_limit
0   postgres_db       6.2 TiB           0  ...   0 bytes     246.2 MiB      76.2 GiB
1        memory       0 bytes           0  ...   0 bytes     246.2 MiB      76.2 GiB

[2 rows x 9 columns]
2026-08-02 16:55:50.549 INFO Loading data (2014-11-18 00:00:00+00:00 -> 2014-12-18 00:00:00+00:00) done in 4.67s (real) and 4.15s (process)
2026-08-02 16:55:50.549 INFO Memory usage (start of timestep, peak): 1.21 GiB
2026-08-02 16:55:50.549 INFO Memory usage (start of timestep, current): 1.00 GiB
2026-08-02 16:55:50.550 INFO Calculating metrics
2026-08-02 16:55:50.550 INFO Calculating metric: statement_count
2026-08-02 16:55:50.573 INFO Calculating metric: reference_existence_per_statement_count_df
2026-08-02 16:55:57.224 INFO Calculating metric: reference_completeness_df
2026-08-02 16:55:57.230 INFO Memory usage (end of timestep, peak): 1.21 GiB
2026-08-02 16:55:57.230 INFO Memory usage (end of timestep, current): 1.05 GiB
2026-08-02 16:55:57.230 INFO (Iteration 25) statement_count: real 0.02s | cpu 0.08s
2026-08-02 16:55:57.230 INFO (Iteration 25) reference_existence_per_statement_count_df: real 6.65s | cpu 6.76s
2026-08-02 16:55:57.230 INFO (Iteration 25) reference_completeness_df: real 0.00s | cpu 0.00s
2026-08-02 16:55:57.230 INFO Iteration 25 finished in 11.35s (real) and 10.99s (process)
2026-08-02 16:55:57.230 INFO Start timestep 2014-12-18 00:00:00+00:00 -> 2015-01-17 00:00:00+00:00
2026-08-02 16:56:01.585 INFO DuckDB memory logs:
  database_name database_size  block_size  ...  wal_size  memory_usage  memory_limit
0   postgres_db       6.2 TiB           0  ...   0 bytes     218.5 MiB      76.2 GiB
1        memory       0 bytes           0  ...   0 bytes     218.5 MiB      76.2 GiB

[2 rows x 9 columns]
2026-08-02 16:56:01.585 INFO Loading data (2014-12-18 00:00:00+00:00 -> 2015-01-17 00:00:00+00:00) done in 4.35s (real) and 2.17s (process)
2026-08-02 16:56:01.585 INFO Memory usage (start of timestep, peak): 1.21 GiB
2026-08-02 16:56:01.585 INFO Memory usage (start of timestep, current): 0.83 GiB
2026-08-02 16:56:01.585 INFO Calculating metrics
2026-08-02 16:56:01.585 INFO Calculating metric: statement_count
2026-08-02 16:56:01.610 INFO Calculating metric: reference_existence_per_statement_count_df
2026-08-02 16:56:08.379 INFO Calculating metric: reference_completeness_df
2026-08-02 16:56:08.382 INFO Memory usage (end of timestep, peak): 1.21 GiB
2026-08-02 16:56:08.382 INFO Memory usage (end of timestep, current): 0.87 GiB
2026-08-02 16:56:08.383 INFO (Iteration 26) statement_count: real 0.03s | cpu 0.07s
2026-08-02 16:56:08.383 INFO (Iteration 26) reference_existence_per_statement_count_df: real 6.77s | cpu 6.88s
2026-08-02 16:56:08.383 INFO (Iteration 26) reference_completeness_df: real 0.00s | cpu 0.00s
2026-08-02 16:56:08.383 INFO Iteration 26 finished in 11.15s (real) and 9.12s (process)
2026-08-02 16:56:08.383 INFO Start timestep 2015-01-17 00:00:00+00:00 -> 2015-02-16 00:00:00+00:00
2026-08-02 16:56:19.268 INFO DuckDB memory logs:
  database_name database_size  block_size  ...  wal_size  memory_usage  memory_limit
0   postgres_db       6.2 TiB           0  ...   0 bytes     332.0 MiB      76.2 GiB
1        memory       0 bytes           0  ...   0 bytes     332.0 MiB      76.2 GiB

[2 rows x 9 columns]
2026-08-02 16:56:19.268 INFO Loading data (2015-01-17 00:00:00+00:00 -> 2015-02-16 00:00:00+00:00) done in 10.89s (real) and 3.48s (process)
2026-08-02 16:56:19.268 INFO Memory usage (start of timestep, peak): 1.21 GiB
2026-08-02 16:56:19.268 INFO Memory usage (start of timestep, current): 0.96 GiB
2026-08-02 16:56:19.268 INFO Calculating metrics
2026-08-02 16:56:19.268 INFO Calculating metric: statement_count
2026-08-02 16:56:19.295 INFO Calculating metric: reference_existence_per_statement_count_df
2026-08-02 16:56:26.364 INFO Calculating metric: reference_completeness_df
2026-08-02 16:56:26.366 INFO Memory usage (end of timestep, peak): 1.21 GiB
2026-08-02 16:56:26.366 INFO Memory usage (end of timestep, current): 1.00 GiB
2026-08-02 16:56:26.366 INFO (Iteration 27) statement_count: real 0.03s | cpu 0.12s
2026-08-02 16:56:26.366 INFO (Iteration 27) reference_existence_per_statement_count_df: real 7.07s | cpu 7.21s
2026-08-02 16:56:26.366 INFO (Iteration 27) reference_completeness_df: real 0.00s | cpu 0.00s
2026-08-02 16:56:26.366 INFO Iteration 27 finished in 17.98s (real) and 10.82s (process)
2026-08-02 16:56:26.366 INFO Start timestep 2015-02-16 00:00:00+00:00 -> 2015-03-18 00:00:00+00:00
2026-08-02 16:56:40.080 INFO DuckDB memory logs:
  database_name database_size  block_size  ...  wal_size  memory_usage  memory_limit
0   postgres_db       6.2 TiB           0  ...   0 bytes     296.5 MiB      76.2 GiB
1        memory       0 bytes           0  ...   0 bytes     296.5 MiB      76.2 GiB

[2 rows x 9 columns]
2026-08-02 16:56:40.080 INFO Loading data (2015-02-16 00:00:00+00:00 -> 2015-03-18 00:00:00+00:00) done in 13.71s (real) and 3.26s (process)
2026-08-02 16:56:40.080 INFO Memory usage (start of timestep, peak): 1.21 GiB
2026-08-02 16:56:40.080 INFO Memory usage (start of timestep, current): 0.90 GiB
2026-08-02 16:56:40.080 INFO Calculating metrics
2026-08-02 16:56:40.080 INFO Calculating metric: statement_count
2026-08-02 16:56:40.109 INFO Calculating metric: reference_existence_per_statement_count_df
2026-08-02 16:56:47.337 INFO Calculating metric: reference_completeness_df
2026-08-02 16:56:47.340 INFO Memory usage (end of timestep, peak): 1.21 GiB
2026-08-02 16:56:47.340 INFO Memory usage (end of timestep, current): 0.95 GiB
2026-08-02 16:56:47.341 INFO (Iteration 28) statement_count: real 0.03s | cpu 0.12s
2026-08-02 16:56:47.341 INFO (Iteration 28) reference_existence_per_statement_count_df: real 7.23s | cpu 7.34s
2026-08-02 16:56:47.341 INFO (Iteration 28) reference_completeness_df: real 0.00s | cpu 0.00s
2026-08-02 16:56:47.341 INFO Iteration 28 finished in 20.97s (real) and 10.72s (process)
2026-08-02 16:56:47.341 INFO Start timestep 2015-03-18 00:00:00+00:00 -> 2015-04-17 00:00:00+00:00
2026-08-02 16:57:00.182 INFO DuckDB memory logs:
  database_name database_size  block_size  ...  wal_size  memory_usage  memory_limit
0   postgres_db       6.2 TiB           0  ...   0 bytes     267.5 MiB      76.2 GiB
1        memory       0 bytes           0  ...   0 bytes     267.5 MiB      76.2 GiB

[2 rows x 9 columns]
2026-08-02 16:57:00.182 INFO Loading data (2015-03-18 00:00:00+00:00 -> 2015-04-17 00:00:00+00:00) done in 12.84s (real) and 2.93s (process)
2026-08-02 16:57:00.182 INFO Memory usage (start of timestep, peak): 1.21 GiB
2026-08-02 16:57:00.182 INFO Memory usage (start of timestep, current): 0.94 GiB
2026-08-02 16:57:00.182 INFO Calculating metrics
2026-08-02 16:57:00.182 INFO Calculating metric: statement_count
2026-08-02 16:57:00.205 INFO Calculating metric: reference_existence_per_statement_count_df
2026-08-02 16:57:07.699 INFO Calculating metric: reference_completeness_df
2026-08-02 16:57:07.701 INFO Memory usage (end of timestep, peak): 1.21 GiB
2026-08-02 16:57:07.701 INFO Memory usage (end of timestep, current): 1.00 GiB
2026-08-02 16:57:07.701 INFO (Iteration 29) statement_count: real 0.02s | cpu 0.07s
2026-08-02 16:57:07.702 INFO (Iteration 29) reference_existence_per_statement_count_df: real 7.49s | cpu 7.63s
2026-08-02 16:57:07.702 INFO (Iteration 29) reference_completeness_df: real 0.00s | cpu 0.00s
2026-08-02 16:57:07.702 INFO Iteration 29 finished in 20.36s (real) and 10.63s (process)
2026-08-02 16:57:07.702 INFO Start timestep 2015-04-17 00:00:00+00:00 -> 2015-05-17 00:00:00+00:00
2026-08-02 16:57:17.573 INFO DuckDB memory logs:
  database_name database_size  block_size  ...  wal_size  memory_usage  memory_limit
0   postgres_db       6.2 TiB           0  ...   0 bytes     238.2 MiB      76.2 GiB
1        memory       0 bytes           0  ...   0 bytes     238.2 MiB      76.2 GiB

[2 rows x 9 columns]
2026-08-02 16:57:17.573 INFO Loading data (2015-04-17 00:00:00+00:00 -> 2015-05-17 00:00:00+00:00) done in 9.87s (real) and 7.67s (process)
2026-08-02 16:57:17.573 INFO Memory usage (start of timestep, peak): 1.21 GiB
2026-08-02 16:57:17.573 INFO Memory usage (start of timestep, current): 0.87 GiB
2026-08-02 16:57:17.573 INFO Calculating metrics
2026-08-02 16:57:17.573 INFO Calculating metric: statement_count
2026-08-02 16:57:17.597 INFO Calculating metric: reference_existence_per_statement_count_df
2026-08-02 16:57:25.348 INFO Calculating metric: reference_completeness_df
2026-08-02 16:57:25.351 INFO Memory usage (end of timestep, peak): 1.21 GiB
2026-08-02 16:57:25.352 INFO Memory usage (end of timestep, current): 0.91 GiB
2026-08-02 16:57:25.352 INFO (Iteration 30) statement_count: real 0.02s | cpu 0.07s
2026-08-02 16:57:25.352 INFO (Iteration 30) reference_existence_per_statement_count_df: real 7.75s | cpu 7.89s
2026-08-02 16:57:25.352 INFO (Iteration 30) reference_completeness_df: real 0.00s | cpu 0.00s
2026-08-02 16:57:25.352 INFO Iteration 30 finished in 17.65s (real) and 15.63s (process)
2026-08-02 16:57:25.352 INFO Start timestep 2015-05-17 00:00:00+00:00 -> 2015-06-16 00:00:00+00:00
2026-08-02 16:57:42.938 INFO DuckDB memory logs:
  database_name database_size  block_size  ...  wal_size  memory_usage  memory_limit
0   postgres_db       6.2 TiB           0  ...   0 bytes     437.0 MiB      76.2 GiB
1        memory       0 bytes           0  ...   0 bytes     437.0 MiB      76.2 GiB

[2 rows x 9 columns]
2026-08-02 16:57:42.939 INFO Loading data (2015-05-17 00:00:00+00:00 -> 2015-06-16 00:00:00+00:00) done in 17.59s (real) and 4.83s (process)
2026-08-02 16:57:42.939 INFO Memory usage (start of timestep, peak): 1.21 GiB
2026-08-02 16:57:42.939 INFO Memory usage (start of timestep, current): 1.06 GiB
2026-08-02 16:57:42.939 INFO Calculating metrics
2026-08-02 16:57:42.939 INFO Calculating metric: statement_count
2026-08-02 16:57:42.966 INFO Calculating metric: reference_existence_per_statement_count_df
2026-08-02 16:57:51.306 INFO Calculating metric: reference_completeness_df
2026-08-02 16:57:51.308 INFO Memory usage (end of timestep, peak): 1.33 GiB
2026-08-02 16:57:51.308 INFO Memory usage (end of timestep, current): 1.13 GiB
2026-08-02 16:57:51.309 INFO (Iteration 31) statement_count: real 0.03s | cpu 0.10s
2026-08-02 16:57:51.309 INFO (Iteration 31) reference_existence_per_statement_count_df: real 8.34s | cpu 8.60s
2026-08-02 16:57:51.309 INFO (Iteration 31) reference_completeness_df: real 0.00s | cpu 0.00s
2026-08-02 16:57:51.309 INFO Iteration 31 finished in 25.96s (real) and 13.54s (process)
2026-08-02 16:57:51.309 INFO Start timestep 2015-06-16 00:00:00+00:00 -> 2015-07-16 00:00:00+00:00
2026-08-02 16:58:06.242 INFO DuckDB memory logs:
  database_name database_size  block_size  ...  wal_size  memory_usage  memory_limit
0   postgres_db       6.2 TiB           0  ...   0 bytes     366.5 MiB      76.2 GiB
1        memory       0 bytes           0  ...   0 bytes     366.5 MiB      76.2 GiB

[2 rows x 9 columns]
2026-08-02 16:58:06.242 INFO Loading data (2015-06-16 00:00:00+00:00 -> 2015-07-16 00:00:00+00:00) done in 14.93s (real) and 7.38s (process)
2026-08-02 16:58:06.242 INFO Memory usage (start of timestep, peak): 1.33 GiB
2026-08-02 16:58:06.243 INFO Memory usage (start of timestep, current): 1.03 GiB
2026-08-02 16:58:06.243 INFO Calculating metrics
2026-08-02 16:58:06.243 INFO Calculating metric: statement_count
2026-08-02 16:58:06.274 INFO Calculating metric: reference_existence_per_statement_count_df
2026-08-02 16:58:14.815 INFO Calculating metric: reference_completeness_df
2026-08-02 16:58:14.821 INFO Memory usage (end of timestep, peak): 1.33 GiB
2026-08-02 16:58:14.821 INFO Memory usage (end of timestep, current): 1.08 GiB
2026-08-02 16:58:14.821 INFO (Iteration 32) statement_count: real 0.03s | cpu 0.10s
2026-08-02 16:58:14.821 INFO (Iteration 32) reference_existence_per_statement_count_df: real 8.54s | cpu 8.77s
2026-08-02 16:58:14.821 INFO (Iteration 32) reference_completeness_df: real 0.01s | cpu 0.00s
2026-08-02 16:58:14.821 INFO Iteration 32 finished in 23.51s (real) and 16.25s (process)
2026-08-02 16:58:14.822 INFO Start timestep 2015-07-16 00:00:00+00:00 -> 2015-08-15 00:00:00+00:00
2026-08-02 16:58:36.686 INFO DuckDB memory logs:
  database_name database_size  block_size  ...  wal_size  memory_usage  memory_limit
0   postgres_db       6.2 TiB           0  ...   0 bytes     476.5 MiB      76.2 GiB
1        memory       0 bytes           0  ...   0 bytes     476.5 MiB      76.2 GiB

[2 rows x 9 columns]
2026-08-02 16:58:36.686 INFO Loading data (2015-07-16 00:00:00+00:00 -> 2015-08-15 00:00:00+00:00) done in 21.86s (real) and 5.43s (process)
2026-08-02 16:58:36.686 INFO Memory usage (start of timestep, peak): 1.33 GiB
2026-08-02 16:58:36.686 INFO Memory usage (start of timestep, current): 1.18 GiB
2026-08-02 16:58:36.686 INFO Calculating metrics
2026-08-02 16:58:36.686 INFO Calculating metric: statement_count
2026-08-02 16:58:36.715 INFO Calculating metric: reference_existence_per_statement_count_df
2026-08-02 16:58:45.948 INFO Calculating metric: reference_completeness_df
2026-08-02 16:58:45.951 INFO Memory usage (end of timestep, peak): 1.53 GiB
2026-08-02 16:58:45.951 INFO Memory usage (end of timestep, current): 1.24 GiB
2026-08-02 16:58:45.952 INFO (Iteration 33) statement_count: real 0.03s | cpu 0.13s
2026-08-02 16:58:45.952 INFO (Iteration 33) reference_existence_per_statement_count_df: real 9.23s | cpu 9.46s
2026-08-02 16:58:45.952 INFO (Iteration 33) reference_completeness_df: real 0.00s | cpu 0.00s
2026-08-02 16:58:45.952 INFO Iteration 33 finished in 31.13s (real) and 15.02s (process)
2026-08-02 16:58:45.952 INFO Start timestep 2015-08-15 00:00:00+00:00 -> 2015-09-14 00:00:00+00:00
2026-08-02 16:59:11.485 INFO DuckDB memory logs:
  database_name database_size  block_size  ...  wal_size  memory_usage  memory_limit
0   postgres_db       6.2 TiB           0  ...   0 bytes     500.0 MiB      76.2 GiB
1        memory       0 bytes           0  ...   0 bytes     500.0 MiB      76.2 GiB

[2 rows x 9 columns]
2026-08-02 16:59:11.485 INFO Loading data (2015-08-15 00:00:00+00:00 -> 2015-09-14 00:00:00+00:00) done in 25.53s (real) and 5.70s (process)
2026-08-02 16:59:11.485 INFO Memory usage (start of timestep, peak): 1.53 GiB
2026-08-02 16:59:11.485 INFO Memory usage (start of timestep, current): 1.17 GiB
2026-08-02 16:59:11.485 INFO Calculating metrics
2026-08-02 16:59:11.485 INFO Calculating metric: statement_count
2026-08-02 16:59:11.511 INFO Calculating metric: reference_existence_per_statement_count_df
2026-08-02 16:59:20.959 INFO Calculating metric: reference_completeness_df
2026-08-02 16:59:20.962 INFO Memory usage (end of timestep, peak): 1.54 GiB
2026-08-02 16:59:20.962 INFO Memory usage (end of timestep, current): 1.25 GiB
2026-08-02 16:59:20.963 INFO (Iteration 34) statement_count: real 0.03s | cpu 0.11s
2026-08-02 16:59:20.963 INFO (Iteration 34) reference_existence_per_statement_count_df: real 9.45s | cpu 9.75s
2026-08-02 16:59:20.963 INFO (Iteration 34) reference_completeness_df: real 0.00s | cpu 0.00s
2026-08-02 16:59:20.963 INFO Iteration 34 finished in 35.01s (real) and 15.57s (process)
2026-08-02 16:59:20.963 INFO Start timestep 2015-09-14 00:00:00+00:00 -> 2015-10-14 00:00:00+00:00
2026-08-02 17:00:11.067 INFO DuckDB memory logs:
  database_name database_size  block_size  ...  wal_size  memory_usage  memory_limit
0   postgres_db       6.2 TiB           0  ...   0 bytes       1.0 GiB      76.2 GiB
1        memory       0 bytes           0  ...   0 bytes       1.0 GiB      76.2 GiB

[2 rows x 9 columns]
2026-08-02 17:00:11.067 INFO Loading data (2015-09-14 00:00:00+00:00 -> 2015-10-14 00:00:00+00:00) done in 50.10s (real) and 13.12s (process)
2026-08-02 17:00:11.068 INFO Memory usage (start of timestep, peak): 1.81 GiB
2026-08-02 17:00:11.068 INFO Memory usage (start of timestep, current): 1.77 GiB
2026-08-02 17:00:11.068 INFO Calculating metrics
2026-08-02 17:00:11.068 INFO Calculating metric: statement_count
2026-08-02 17:00:11.097 INFO Calculating metric: reference_existence_per_statement_count_df
2026-08-02 17:00:21.041 INFO Calculating metric: reference_completeness_df
2026-08-02 17:00:21.044 INFO Memory usage (end of timestep, peak): 2.15 GiB
2026-08-02 17:00:21.045 INFO Memory usage (end of timestep, current): 1.85 GiB
2026-08-02 17:00:21.045 INFO (Iteration 35) statement_count: real 0.03s | cpu 0.10s
2026-08-02 17:00:21.045 INFO (Iteration 35) reference_existence_per_statement_count_df: real 9.94s | cpu 10.75s
2026-08-02 17:00:21.045 INFO (Iteration 35) reference_completeness_df: real 0.00s | cpu 0.00s
2026-08-02 17:00:21.045 INFO Iteration 35 finished in 60.08s (real) and 23.97s (process)
2026-08-02 17:00:21.045 INFO Start timestep 2015-10-14 00:00:00+00:00 -> 2015-11-13 00:00:00+00:00
2026-08-02 17:01:13.829 INFO DuckDB memory logs:
  database_name database_size  block_size  ...  wal_size  memory_usage  memory_limit
0   postgres_db       6.2 TiB           0  ...   0 bytes       1.2 GiB      76.2 GiB
1        memory       0 bytes           0  ...   0 bytes       1.2 GiB      76.2 GiB

[2 rows x 9 columns]
2026-08-02 17:01:13.829 INFO Loading data (2015-10-14 00:00:00+00:00 -> 2015-11-13 00:00:00+00:00) done in 52.78s (real) and 14.67s (process)
2026-08-02 17:01:13.829 INFO Memory usage (start of timestep, peak): 2.15 GiB
2026-08-02 17:01:13.830 INFO Memory usage (start of timestep, current): 1.96 GiB
2026-08-02 17:01:13.830 INFO Calculating metrics
2026-08-02 17:01:13.830 INFO Calculating metric: statement_count
2026-08-02 17:01:13.858 INFO Calculating metric: reference_existence_per_statement_count_df
2026-08-02 17:01:24.268 INFO Calculating metric: reference_completeness_df
2026-08-02 17:01:24.270 INFO Memory usage (end of timestep, peak): 2.37 GiB
2026-08-02 17:01:24.271 INFO Memory usage (end of timestep, current): 2.06 GiB
2026-08-02 17:01:24.271 INFO (Iteration 36) statement_count: real 0.03s | cpu 0.19s
2026-08-02 17:01:24.271 INFO (Iteration 36) reference_existence_per_statement_count_df: real 10.41s | cpu 11.28s
2026-08-02 17:01:24.271 INFO (Iteration 36) reference_completeness_df: real 0.00s | cpu 0.00s
2026-08-02 17:01:24.271 INFO Iteration 36 finished in 63.23s (real) and 26.14s (process)
2026-08-02 17:01:24.271 INFO Start timestep 2015-11-13 00:00:00+00:00 -> 2015-12-13 00:00:00+00:00
2026-08-02 17:02:08.513 INFO DuckDB memory logs:
  database_name database_size  block_size  ...  wal_size  memory_usage  memory_limit
0   postgres_db       6.2 TiB           0  ...   0 bytes       1.0 GiB      76.2 GiB
1        memory       0 bytes           0  ...   0 bytes       1.0 GiB      76.2 GiB

[2 rows x 9 columns]
2026-08-02 17:02:08.513 INFO Loading data (2015-11-13 00:00:00+00:00 -> 2015-12-13 00:00:00+00:00) done in 44.24s (real) and 12.69s (process)
2026-08-02 17:02:08.513 INFO Memory usage (start of timestep, peak): 2.37 GiB
2026-08-02 17:02:08.513 INFO Memory usage (start of timestep, current): 1.85 GiB
2026-08-02 17:02:08.513 INFO Calculating metrics
2026-08-02 17:02:08.513 INFO Calculating metric: statement_count
2026-08-02 17:02:08.537 INFO Calculating metric: reference_existence_per_statement_count_df
2026-08-02 17:02:19.604 INFO Calculating metric: reference_completeness_df
2026-08-02 17:02:19.607 INFO Memory usage (end of timestep, peak): 2.37 GiB
2026-08-02 17:02:19.607 INFO Memory usage (end of timestep, current): 2.00 GiB
2026-08-02 17:02:19.607 INFO (Iteration 37) statement_count: real 0.02s | cpu 0.14s
2026-08-02 17:02:19.607 INFO (Iteration 37) reference_existence_per_statement_count_df: real 11.07s | cpu 11.80s
2026-08-02 17:02:19.607 INFO (Iteration 37) reference_completeness_df: real 0.00s | cpu 0.00s
2026-08-02 17:02:19.607 INFO Iteration 37 finished in 55.34s (real) and 24.64s (process)
2026-08-02 17:02:19.607 INFO Start timestep 2015-12-13 00:00:00+00:00 -> 2016-01-12 00:00:00+00:00
2026-08-02 17:03:19.118 INFO DuckDB memory logs:
  database_name database_size  block_size  ...  wal_size  memory_usage  memory_limit
0   postgres_db       6.2 TiB           0  ...   0 bytes       1.4 GiB      76.2 GiB
1        memory       0 bytes           0  ...   0 bytes       1.4 GiB      76.2 GiB

[2 rows x 9 columns]
2026-08-02 17:03:19.118 INFO Loading data (2015-12-13 00:00:00+00:00 -> 2016-01-12 00:00:00+00:00) done in 59.51s (real) and 16.71s (process)
2026-08-02 17:03:19.118 INFO Memory usage (start of timestep, peak): 2.37 GiB
2026-08-02 17:03:19.118 INFO Memory usage (start of timestep, current): 2.35 GiB
2026-08-02 17:03:19.118 INFO Calculating metrics
2026-08-02 17:03:19.118 INFO Calculating metric: statement_count
2026-08-02 17:03:19.145 INFO Calculating metric: reference_existence_per_statement_count_df
2026-08-02 17:03:30.808 INFO Calculating metric: reference_completeness_df
2026-08-02 17:03:30.811 INFO Memory usage (end of timestep, peak): 2.68 GiB
2026-08-02 17:03:30.811 INFO Memory usage (end of timestep, current): 2.39 GiB
2026-08-02 17:03:30.811 INFO (Iteration 38) statement_count: real 0.03s | cpu 0.10s
2026-08-02 17:03:30.811 INFO (Iteration 38) reference_existence_per_statement_count_df: real 11.66s | cpu 12.64s
2026-08-02 17:03:30.811 INFO (Iteration 38) reference_completeness_df: real 0.00s | cpu 0.00s
2026-08-02 17:03:30.812 INFO Iteration 38 finished in 71.20s (real) and 29.46s (process)
2026-08-02 17:03:30.812 INFO Start timestep 2016-01-12 00:00:00+00:00 -> 2016-02-11 00:00:00+00:00
2026-08-02 17:04:05.615 INFO DuckDB memory logs:
  database_name database_size  block_size  ...  wal_size  memory_usage  memory_limit
0   postgres_db       6.2 TiB           0  ...   0 bytes     921.0 MiB      76.2 GiB
1        memory       0 bytes           0  ...   0 bytes     921.0 MiB      76.2 GiB

[2 rows x 9 columns]
2026-08-02 17:04:05.615 INFO Loading data (2016-01-12 00:00:00+00:00 -> 2016-02-11 00:00:00+00:00) done in 34.80s (real) and 10.29s (process)
2026-08-02 17:04:05.615 INFO Memory usage (start of timestep, peak): 2.68 GiB
2026-08-02 17:04:05.615 INFO Memory usage (start of timestep, current): 1.74 GiB
2026-08-02 17:04:05.616 INFO Calculating metrics
2026-08-02 17:04:05.616 INFO Calculating metric: statement_count
2026-08-02 17:04:05.642 INFO Calculating metric: reference_existence_per_statement_count_df
2026-08-02 17:04:17.843 INFO Calculating metric: reference_completeness_df
2026-08-02 17:04:17.849 INFO Memory usage (end of timestep, peak): 2.68 GiB
2026-08-02 17:04:17.849 INFO Memory usage (end of timestep, current): 1.78 GiB
2026-08-02 17:04:17.849 INFO (Iteration 39) statement_count: real 0.03s | cpu 0.10s
2026-08-02 17:04:17.849 INFO (Iteration 39) reference_existence_per_statement_count_df: real 12.20s | cpu 12.87s
2026-08-02 17:04:17.849 INFO (Iteration 39) reference_completeness_df: real 0.01s | cpu 0.00s
2026-08-02 17:04:17.849 INFO Iteration 39 finished in 47.04s (real) and 23.26s (process)
2026-08-02 17:04:17.849 INFO Start timestep 2016-02-11 00:00:00+00:00 -> 2016-03-12 00:00:00+00:00
2026-08-02 17:05:12.959 INFO DuckDB memory logs:
  database_name database_size  block_size  ...  wal_size  memory_usage  memory_limit
0   postgres_db       6.2 TiB           0  ...   0 bytes       1.2 GiB      76.2 GiB
1        memory       0 bytes           0  ...   0 bytes       1.2 GiB      76.2 GiB

[2 rows x 9 columns]
2026-08-02 17:05:12.959 INFO Loading data (2016-02-11 00:00:00+00:00 -> 2016-03-12 00:00:00+00:00) done in 55.11s (real) and 13.95s (process)
2026-08-02 17:05:12.959 INFO Memory usage (start of timestep, peak): 2.68 GiB
2026-08-02 17:05:12.959 INFO Memory usage (start of timestep, current): 2.07 GiB
2026-08-02 17:05:12.959 INFO Calculating metrics
2026-08-02 17:05:12.960 INFO Calculating metric: statement_count
2026-08-02 17:05:12.988 INFO Calculating metric: reference_existence_per_statement_count_df
2026-08-02 17:05:25.123 INFO Calculating metric: reference_completeness_df
2026-08-02 17:05:25.126 INFO Memory usage (end of timestep, peak): 2.68 GiB
2026-08-02 17:05:25.127 INFO Memory usage (end of timestep, current): 2.10 GiB
2026-08-02 17:05:25.127 INFO (Iteration 40) statement_count: real 0.03s | cpu 0.11s
2026-08-02 17:05:25.127 INFO (Iteration 40) reference_existence_per_statement_count_df: real 12.14s | cpu 12.89s
2026-08-02 17:05:25.127 INFO (Iteration 40) reference_completeness_df: real 0.00s | cpu 0.00s
2026-08-02 17:05:25.127 INFO Iteration 40 finished in 67.28s (real) and 26.95s (process)
2026-08-02 17:05:25.127 INFO Start timestep 2016-03-12 00:00:00+00:00 -> 2016-04-11 00:00:00+00:00
2026-08-02 17:06:39.150 INFO DuckDB memory logs:
  database_name database_size  block_size  ...  wal_size  memory_usage  memory_limit
0   postgres_db       6.2 TiB           0  ...   0 bytes       1.5 GiB      76.2 GiB
1        memory       0 bytes           0  ...   0 bytes       1.5 GiB      76.2 GiB

[2 rows x 9 columns]
2026-08-02 17:06:39.150 INFO Loading data (2016-03-12 00:00:00+00:00 -> 2016-04-11 00:00:00+00:00) done in 74.02s (real) and 18.98s (process)
2026-08-02 17:06:39.151 INFO Memory usage (start of timestep, peak): 2.68 GiB
2026-08-02 17:06:39.151 INFO Memory usage (start of timestep, current): 2.45 GiB
2026-08-02 17:06:39.151 INFO Calculating metrics
2026-08-02 17:06:39.151 INFO Calculating metric: statement_count
2026-08-02 17:06:39.182 INFO Calculating metric: reference_existence_per_statement_count_df
2026-08-02 17:06:52.804 INFO Calculating metric: reference_completeness_df
2026-08-02 17:06:52.807 INFO Memory usage (end of timestep, peak): 2.94 GiB
2026-08-02 17:06:52.808 INFO Memory usage (end of timestep, current): 2.57 GiB
2026-08-02 17:06:52.808 INFO (Iteration 41) statement_count: real 0.03s | cpu 0.22s
2026-08-02 17:06:52.808 INFO (Iteration 41) reference_existence_per_statement_count_df: real 13.62s | cpu 14.73s
2026-08-02 17:06:52.808 INFO (Iteration 41) reference_completeness_df: real 0.00s | cpu 0.00s
2026-08-02 17:06:52.808 INFO Iteration 41 finished in 87.68s (real) and 33.94s (process)
2026-08-02 17:06:52.808 INFO Start timestep 2016-04-11 00:00:00+00:00 -> 2016-05-11 00:00:00+00:00
2026-08-02 17:07:25.732 INFO DuckDB memory logs:
  database_name database_size  block_size  ...  wal_size  memory_usage  memory_limit
0   postgres_db       6.2 TiB           0  ...   0 bytes     757.0 MiB      76.2 GiB
1        memory       0 bytes           0  ...   0 bytes     757.0 MiB      76.2 GiB

[2 rows x 9 columns]
2026-08-02 17:07:25.733 INFO Loading data (2016-04-11 00:00:00+00:00 -> 2016-05-11 00:00:00+00:00) done in 32.92s (real) and 8.55s (process)
2026-08-02 17:07:25.733 INFO Memory usage (start of timestep, peak): 2.94 GiB
2026-08-02 17:07:25.733 INFO Memory usage (start of timestep, current): 1.73 GiB
2026-08-02 17:07:25.733 INFO Calculating metrics
2026-08-02 17:07:25.733 INFO Calculating metric: statement_count
2026-08-02 17:07:25.761 INFO Calculating metric: reference_existence_per_statement_count_df
2026-08-02 17:07:39.485 INFO Calculating metric: reference_completeness_df
2026-08-02 17:07:39.488 INFO Memory usage (end of timestep, peak): 2.94 GiB
2026-08-02 17:07:39.488 INFO Memory usage (end of timestep, current): 1.76 GiB
2026-08-02 17:07:39.488 INFO (Iteration 42) statement_count: real 0.03s | cpu 0.10s
2026-08-02 17:07:39.488 INFO (Iteration 42) reference_existence_per_statement_count_df: real 13.72s | cpu 14.24s
2026-08-02 17:07:39.488 INFO (Iteration 42) reference_completeness_df: real 0.00s | cpu 0.00s
2026-08-02 17:07:39.488 INFO Iteration 42 finished in 46.68s (real) and 22.89s (process)
2026-08-02 17:07:39.489 INFO Start timestep 2016-05-11 00:00:00+00:00 -> 2016-06-10 00:00:00+00:00
2026-08-02 17:09:09.388 INFO DuckDB memory logs:
  database_name database_size  block_size  ...  wal_size  memory_usage  memory_limit
0   postgres_db       6.2 TiB           0  ...   0 bytes       2.0 GiB      76.2 GiB
1        memory       0 bytes           0  ...   0 bytes       2.0 GiB      76.2 GiB

[2 rows x 9 columns]
2026-08-02 17:09:09.389 INFO Loading data (2016-05-11 00:00:00+00:00 -> 2016-06-10 00:00:00+00:00) done in 89.90s (real) and 24.31s (process)
2026-08-02 17:09:09.389 INFO Memory usage (start of timestep, peak): 3.06 GiB
2026-08-02 17:09:09.390 INFO Memory usage (start of timestep, current): 3.01 GiB
2026-08-02 17:09:09.390 INFO Calculating metrics
2026-08-02 17:09:09.390 INFO Calculating metric: statement_count
2026-08-02 17:09:09.419 INFO Calculating metric: reference_existence_per_statement_count_df
2026-08-02 17:09:24.610 INFO Calculating metric: reference_completeness_df
2026-08-02 17:09:24.613 INFO Memory usage (end of timestep, peak): 3.47 GiB
2026-08-02 17:09:24.613 INFO Memory usage (end of timestep, current): 3.04 GiB
2026-08-02 17:09:24.613 INFO (Iteration 43) statement_count: real 0.03s | cpu 0.15s
2026-08-02 17:09:24.613 INFO (Iteration 43) reference_existence_per_statement_count_df: real 15.19s | cpu 16.60s
2026-08-02 17:09:24.613 INFO (Iteration 43) reference_completeness_df: real 0.00s | cpu 0.00s
2026-08-02 17:09:24.613 INFO Iteration 43 finished in 105.12s (real) and 41.07s (process)
2026-08-02 17:09:24.614 INFO Start timestep 2016-06-10 00:00:00+00:00 -> 2016-07-10 00:00:00+00:00
2026-08-02 17:09:52.280 INFO DuckDB memory logs:
  database_name database_size  block_size  ...  wal_size  memory_usage  memory_limit
0   postgres_db       6.2 TiB           0  ...   0 bytes     593.5 MiB      76.2 GiB
1        memory       0 bytes           0  ...   0 bytes     593.5 MiB      76.2 GiB

[2 rows x 9 columns]
2026-08-02 17:09:52.280 INFO Loading data (2016-06-10 00:00:00+00:00 -> 2016-07-10 00:00:00+00:00) done in 27.67s (real) and 6.53s (process)
2026-08-02 17:09:52.280 INFO Memory usage (start of timestep, peak): 3.47 GiB
2026-08-02 17:09:52.281 INFO Memory usage (start of timestep, current): 1.59 GiB
2026-08-02 17:09:52.281 INFO Calculating metrics
2026-08-02 17:09:52.281 INFO Calculating metric: statement_count
2026-08-02 17:09:52.307 INFO Calculating metric: reference_existence_per_statement_count_df
2026-08-02 17:10:07.273 INFO Calculating metric: reference_completeness_df
2026-08-02 17:10:07.276 INFO Memory usage (end of timestep, peak): 3.47 GiB
2026-08-02 17:10:07.277 INFO Memory usage (end of timestep, current): 1.64 GiB
2026-08-02 17:10:07.277 INFO (Iteration 44) statement_count: real 0.03s | cpu 0.14s
2026-08-02 17:10:07.277 INFO (Iteration 44) reference_existence_per_statement_count_df: real 14.97s | cpu 15.25s
2026-08-02 17:10:07.277 INFO (Iteration 44) reference_completeness_df: real 0.00s | cpu 0.00s
2026-08-02 17:10:07.277 INFO Iteration 44 finished in 42.66s (real) and 21.93s (process)
2026-08-02 17:10:07.277 INFO Start timestep 2016-07-10 00:00:00+00:00 -> 2016-08-09 00:00:00+00:00
2026-08-02 17:10:23.232 INFO DuckDB memory logs:
  database_name database_size  block_size  ...  wal_size  memory_usage  memory_limit
0   postgres_db       6.2 TiB           0  ...   0 bytes     405.7 MiB      76.2 GiB
1        memory       0 bytes           0  ...   0 bytes     405.7 MiB      76.2 GiB

[2 rows x 9 columns]
2026-08-02 17:10:23.233 INFO Loading data (2016-07-10 00:00:00+00:00 -> 2016-08-09 00:00:00+00:00) done in 15.96s (real) and 4.44s (process)
2026-08-02 17:10:23.233 INFO Memory usage (start of timestep, peak): 3.47 GiB
2026-08-02 17:10:23.233 INFO Memory usage (start of timestep, current): 1.45 GiB
2026-08-02 17:10:23.233 INFO Calculating metrics
2026-08-02 17:10:23.233 INFO Calculating metric: statement_count
2026-08-02 17:10:23.259 INFO Calculating metric: reference_existence_per_statement_count_df
2026-08-02 17:10:38.059 INFO Calculating metric: reference_completeness_df
2026-08-02 17:10:38.061 INFO Memory usage (end of timestep, peak): 3.47 GiB
2026-08-02 17:10:38.061 INFO Memory usage (end of timestep, current): 1.47 GiB
2026-08-02 17:10:38.061 INFO (Iteration 45) statement_count: real 0.03s | cpu 0.10s
2026-08-02 17:10:38.061 INFO (Iteration 45) reference_existence_per_statement_count_df: real 14.80s | cpu 15.03s
2026-08-02 17:10:38.061 INFO (Iteration 45) reference_completeness_df: real 0.00s | cpu 0.00s
2026-08-02 17:10:38.061 INFO Iteration 45 finished in 30.78s (real) and 19.57s (process)
2026-08-02 17:10:38.061 INFO Start timestep 2016-08-09 00:00:00+00:00 -> 2016-09-08 00:00:00+00:00
2026-08-02 17:11:13.472 INFO DuckDB memory logs:
  database_name database_size  block_size  ...  wal_size  memory_usage  memory_limit
0   postgres_db       6.2 TiB           0  ...   0 bytes     937.2 MiB      76.2 GiB
1        memory       0 bytes           0  ...   0 bytes     937.2 MiB      76.2 GiB

[2 rows x 9 columns]
2026-08-02 17:11:13.473 INFO Loading data (2016-08-09 00:00:00+00:00 -> 2016-09-08 00:00:00+00:00) done in 35.41s (real) and 10.13s (process)
2026-08-02 17:11:13.473 INFO Memory usage (start of timestep, peak): 3.47 GiB
2026-08-02 17:11:13.473 INFO Memory usage (start of timestep, current): 1.96 GiB
2026-08-02 17:11:13.473 INFO Calculating metrics
2026-08-02 17:11:13.473 INFO Calculating metric: statement_count
2026-08-02 17:11:13.503 INFO Calculating metric: reference_existence_per_statement_count_df
2026-08-02 17:11:30.034 INFO Calculating metric: reference_completeness_df
2026-08-02 17:11:30.037 INFO Memory usage (end of timestep, peak): 3.47 GiB
2026-08-02 17:11:30.037 INFO Memory usage (end of timestep, current): 2.03 GiB
2026-08-02 17:11:30.037 INFO (Iteration 46) statement_count: real 0.03s | cpu 0.18s
2026-08-02 17:11:30.037 INFO (Iteration 46) reference_existence_per_statement_count_df: real 16.53s | cpu 17.14s
2026-08-02 17:11:30.037 INFO (Iteration 46) reference_completeness_df: real 0.00s | cpu 0.00s
2026-08-02 17:11:30.037 INFO Iteration 46 finished in 51.98s (real) and 27.45s (process)
2026-08-02 17:11:30.037 INFO Start timestep 2016-09-08 00:00:00+00:00 -> 2016-10-08 00:00:00+00:00
2026-08-02 17:12:08.104 INFO DuckDB memory logs:
  database_name database_size  block_size  ...  wal_size  memory_usage  memory_limit
0   postgres_db       6.2 TiB           0  ...   0 bytes       1.2 GiB      76.2 GiB
1        memory       0 bytes           0  ...   0 bytes       1.2 GiB      76.2 GiB

[2 rows x 9 columns]
2026-08-02 17:12:08.105 INFO Loading data (2016-09-08 00:00:00+00:00 -> 2016-10-08 00:00:00+00:00) done in 38.07s (real) and 13.50s (process)
2026-08-02 17:12:08.105 INFO Memory usage (start of timestep, peak): 3.47 GiB
2026-08-02 17:12:08.105 INFO Memory usage (start of timestep, current): 2.40 GiB
2026-08-02 17:12:08.105 INFO Calculating metrics
2026-08-02 17:12:08.105 INFO Calculating metric: statement_count
2026-08-02 17:12:08.131 INFO Calculating metric: reference_existence_per_statement_count_df
2026-08-02 17:12:25.254 INFO Calculating metric: reference_completeness_df
2026-08-02 17:12:25.257 INFO Memory usage (end of timestep, peak): 3.47 GiB
2026-08-02 17:12:25.257 INFO Memory usage (end of timestep, current): 2.45 GiB
2026-08-02 17:12:25.257 INFO (Iteration 47) statement_count: real 0.03s | cpu 0.12s
2026-08-02 17:12:25.257 INFO (Iteration 47) reference_existence_per_statement_count_df: real 17.12s | cpu 18.06s
2026-08-02 17:12:25.257 INFO (Iteration 47) reference_completeness_df: real 0.00s | cpu 0.00s
2026-08-02 17:12:25.257 INFO Iteration 47 finished in 55.22s (real) and 31.69s (process)
2026-08-02 17:12:25.258 INFO Start timestep 2016-10-08 00:00:00+00:00 -> 2016-11-07 00:00:00+00:00
2026-08-02 17:13:13.441 INFO DuckDB memory logs:
  database_name database_size  block_size  ...  wal_size  memory_usage  memory_limit
0   postgres_db       6.2 TiB           0  ...   0 bytes       2.8 GiB      76.2 GiB
1        memory       0 bytes           0  ...   0 bytes       2.8 GiB      76.2 GiB

[2 rows x 9 columns]
2026-08-02 17:13:13.441 INFO Loading data (2016-10-08 00:00:00+00:00 -> 2016-11-07 00:00:00+00:00) done in 48.18s (real) and 33.42s (process)
2026-08-02 17:13:13.441 INFO Memory usage (start of timestep, peak): 4.08 GiB
2026-08-02 17:13:13.441 INFO Memory usage (start of timestep, current): 4.08 GiB
2026-08-02 17:13:13.441 INFO Calculating metrics
2026-08-02 17:13:13.441 INFO Calculating metric: statement_count
2026-08-02 17:13:13.476 INFO Calculating metric: reference_existence_per_statement_count_df
2026-08-02 17:13:32.497 INFO Calculating metric: reference_completeness_df
2026-08-02 17:13:32.500 INFO Memory usage (end of timestep, peak): 4.69 GiB
2026-08-02 17:13:32.500 INFO Memory usage (end of timestep, current): 4.12 GiB
2026-08-02 17:13:32.500 INFO (Iteration 48) statement_count: real 0.04s | cpu 0.28s
2026-08-02 17:13:32.500 INFO (Iteration 48) reference_existence_per_statement_count_df: real 19.02s | cpu 20.92s
2026-08-02 17:13:32.500 INFO (Iteration 48) reference_completeness_df: real 0.00s | cpu 0.00s
2026-08-02 17:13:32.500 INFO Iteration 48 finished in 67.24s (real) and 54.63s (process)
2026-08-02 17:13:32.501 INFO Start timestep 2016-11-07 00:00:00+00:00 -> 2016-12-07 00:00:00+00:00
2026-08-02 17:14:40.803 INFO DuckDB memory logs:
  database_name database_size  block_size  ...  wal_size  memory_usage  memory_limit
0   postgres_db       6.2 TiB           0  ...   0 bytes       2.7 GiB      76.2 GiB
1        memory       0 bytes           0  ...   0 bytes       2.7 GiB      76.2 GiB

[2 rows x 9 columns]
2026-08-02 17:14:40.804 INFO Loading data (2016-11-07 00:00:00+00:00 -> 2016-12-07 00:00:00+00:00) done in 68.30s (real) and 29.23s (process)
2026-08-02 17:14:40.804 INFO Memory usage (start of timestep, peak): 4.69 GiB
2026-08-02 17:14:40.804 INFO Memory usage (start of timestep, current): 3.89 GiB
2026-08-02 17:14:40.804 INFO Calculating metrics
2026-08-02 17:14:40.804 INFO Calculating metric: statement_count
2026-08-02 17:14:40.833 INFO Calculating metric: reference_existence_per_statement_count_df
2026-08-02 17:15:00.224 INFO Calculating metric: reference_completeness_df
2026-08-02 17:15:00.227 INFO Memory usage (end of timestep, peak): 4.69 GiB
2026-08-02 17:15:00.228 INFO Memory usage (end of timestep, current): 3.95 GiB
2026-08-02 17:15:00.228 INFO (Iteration 49) statement_count: real 0.03s | cpu 0.14s
2026-08-02 17:15:00.228 INFO (Iteration 49) reference_existence_per_statement_count_df: real 19.39s | cpu 21.18s
2026-08-02 17:15:00.228 INFO (Iteration 49) reference_completeness_df: real 0.00s | cpu 0.00s
2026-08-02 17:15:00.228 INFO Iteration 49 finished in 87.73s (real) and 50.55s (process)
2026-08-02 17:15:00.228 INFO Start timestep 2016-12-07 00:00:00+00:00 -> 2017-01-06 00:00:00+00:00
2026-08-02 17:16:21.774 INFO DuckDB memory logs:
  database_name database_size  block_size  ...  wal_size  memory_usage  memory_limit
0   postgres_db       6.2 TiB           0  ...   0 bytes       2.1 GiB      76.2 GiB
1        memory       0 bytes           0  ...   0 bytes       2.1 GiB      76.2 GiB

[2 rows x 9 columns]
2026-08-02 17:16:21.775 INFO Loading data (2016-12-07 00:00:00+00:00 -> 2017-01-06 00:00:00+00:00) done in 81.55s (real) and 25.53s (process)
2026-08-02 17:16:21.775 INFO Memory usage (start of timestep, peak): 4.69 GiB
2026-08-02 17:16:21.775 INFO Memory usage (start of timestep, current): 3.35 GiB
2026-08-02 17:16:21.775 INFO Calculating metrics
2026-08-02 17:16:21.776 INFO Calculating metric: statement_count
2026-08-02 17:16:21.807 INFO Calculating metric: reference_existence_per_statement_count_df
2026-08-02 17:16:43.242 INFO Calculating metric: reference_completeness_df
2026-08-02 17:16:43.244 INFO Memory usage (end of timestep, peak): 4.69 GiB
2026-08-02 17:16:43.245 INFO Memory usage (end of timestep, current): 3.49 GiB
2026-08-02 17:16:43.245 INFO (Iteration 50) statement_count: real 0.03s | cpu 0.12s
2026-08-02 17:16:43.245 INFO (Iteration 50) reference_existence_per_statement_count_df: real 21.43s | cpu 22.96s
2026-08-02 17:16:43.245 INFO (Iteration 50) reference_completeness_df: real 0.00s | cpu 0.00s
2026-08-02 17:16:43.245 INFO Iteration 50 finished in 103.02s (real) and 48.62s (process)
2026-08-02 17:16:43.246 INFO Start timestep 2017-01-06 00:00:00+00:00 -> 2017-02-05 00:00:00+00:00
2026-08-02 17:18:44.952 INFO DuckDB memory logs:
  database_name database_size  block_size  ...  wal_size  memory_usage  memory_limit
0   postgres_db       6.2 TiB           0  ...   0 bytes       2.9 GiB      76.2 GiB
1        memory       0 bytes           0  ...   0 bytes       2.9 GiB      76.2 GiB

[2 rows x 9 columns]
2026-08-02 17:18:44.953 INFO Loading data (2017-01-06 00:00:00+00:00 -> 2017-02-05 00:00:00+00:00) done in 121.71s (real) and 35.10s (process)
2026-08-02 17:18:44.953 INFO Memory usage (start of timestep, peak): 4.69 GiB
2026-08-02 17:18:44.954 INFO Memory usage (start of timestep, current): 4.29 GiB
2026-08-02 17:18:44.954 INFO Calculating metrics
2026-08-02 17:18:44.954 INFO Calculating metric: statement_count
2026-08-02 17:18:44.987 INFO Calculating metric: reference_existence_per_statement_count_df
2026-08-02 17:19:06.945 INFO Calculating metric: reference_completeness_df
2026-08-02 17:19:06.948 INFO Memory usage (end of timestep, peak): 5.00 GiB
2026-08-02 17:19:06.949 INFO Memory usage (end of timestep, current): 4.30 GiB
2026-08-02 17:19:06.949 INFO (Iteration 51) statement_count: real 0.03s | cpu 0.28s
2026-08-02 17:19:06.949 INFO (Iteration 51) reference_existence_per_statement_count_df: real 21.96s | cpu 23.87s
2026-08-02 17:19:06.949 INFO (Iteration 51) reference_completeness_df: real 0.00s | cpu 0.00s
2026-08-02 17:19:06.949 INFO Iteration 51 finished in 143.70s (real) and 59.26s (process)
2026-08-02 17:19:06.950 INFO Start timestep 2017-02-05 00:00:00+00:00 -> 2017-03-07 00:00:00+00:00
2026-08-02 17:20:11.774 INFO DuckDB memory logs:
  database_name database_size  block_size  ...  wal_size  memory_usage  memory_limit
0   postgres_db       6.2 TiB           0  ...   0 bytes       1.5 GiB      76.2 GiB
1        memory       0 bytes           0  ...   0 bytes       1.5 GiB      76.2 GiB

[2 rows x 9 columns]
2026-08-02 17:20:11.774 INFO Loading data (2017-02-05 00:00:00+00:00 -> 2017-03-07 00:00:00+00:00) done in 64.82s (real) and 18.10s (process)
2026-08-02 17:20:11.775 INFO Memory usage (start of timestep, peak): 5.00 GiB
2026-08-02 17:20:11.775 INFO Memory usage (start of timestep, current): 2.85 GiB
2026-08-02 17:20:11.775 INFO Calculating metrics
2026-08-02 17:20:11.775 INFO Calculating metric: statement_count
2026-08-02 17:20:11.814 INFO Calculating metric: reference_existence_per_statement_count_df
2026-08-02 17:20:33.813 INFO Calculating metric: reference_completeness_df
2026-08-02 17:20:33.816 INFO Memory usage (end of timestep, peak): 5.00 GiB
2026-08-02 17:20:33.816 INFO Memory usage (end of timestep, current): 2.99 GiB
2026-08-02 17:20:33.816 INFO (Iteration 52) statement_count: real 0.04s | cpu 0.17s
2026-08-02 17:20:33.816 INFO (Iteration 52) reference_existence_per_statement_count_df: real 22.00s | cpu 23.13s
2026-08-02 17:20:33.816 INFO (Iteration 52) reference_completeness_df: real 0.00s | cpu 0.00s
2026-08-02 17:20:33.816 INFO Iteration 52 finished in 86.87s (real) and 41.40s (process)
2026-08-02 17:20:33.817 INFO Start timestep 2017-03-07 00:00:00+00:00 -> 2017-04-06 00:00:00+00:00
2026-08-02 17:21:08.719 INFO DuckDB memory logs:
  database_name database_size  block_size  ...  wal_size  memory_usage  memory_limit
0   postgres_db       6.2 TiB           0  ...   0 bytes     967.0 MiB      76.2 GiB
1        memory       0 bytes           0  ...   0 bytes     967.0 MiB      76.2 GiB

[2 rows x 9 columns]
2026-08-02 17:21:08.720 INFO Loading data (2017-03-07 00:00:00+00:00 -> 2017-04-06 00:00:00+00:00) done in 34.90s (real) and 10.62s (process)
2026-08-02 17:21:08.720 INFO Memory usage (start of timestep, peak): 5.00 GiB
2026-08-02 17:21:08.720 INFO Memory usage (start of timestep, current): 2.64 GiB
2026-08-02 17:21:08.720 INFO Calculating metrics
2026-08-02 17:21:08.720 INFO Calculating metric: statement_count
2026-08-02 17:21:08.746 INFO Calculating metric: reference_existence_per_statement_count_df
2026-08-02 17:21:32.338 INFO Calculating metric: reference_completeness_df
2026-08-02 17:21:32.341 INFO Memory usage (end of timestep, peak): 5.00 GiB
2026-08-02 17:21:32.342 INFO Memory usage (end of timestep, current): 2.60 GiB
2026-08-02 17:21:32.342 INFO (Iteration 53) statement_count: real 0.03s | cpu 0.09s
2026-08-02 17:21:32.342 INFO (Iteration 53) reference_existence_per_statement_count_df: real 23.59s | cpu 24.46s
2026-08-02 17:21:32.342 INFO (Iteration 53) reference_completeness_df: real 0.00s | cpu 0.00s
2026-08-02 17:21:32.342 INFO Iteration 53 finished in 58.52s (real) and 35.18s (process)
2026-08-02 17:21:32.342 INFO Start timestep 2017-04-06 00:00:00+00:00 -> 2017-05-06 00:00:00+00:00
2026-08-02 17:22:23.668 INFO DuckDB memory logs:
  database_name database_size  block_size  ...  wal_size  memory_usage  memory_limit
0   postgres_db       6.2 TiB           0  ...   0 bytes       1.3 GiB      76.2 GiB
1        memory       0 bytes           0  ...   0 bytes       1.3 GiB      76.2 GiB

[2 rows x 9 columns]
2026-08-02 17:22:23.669 INFO Loading data (2017-04-06 00:00:00+00:00 -> 2017-05-06 00:00:00+00:00) done in 51.33s (real) and 15.30s (process)
2026-08-02 17:22:23.669 INFO Memory usage (start of timestep, peak): 5.00 GiB
2026-08-02 17:22:23.669 INFO Memory usage (start of timestep, current): 2.73 GiB
2026-08-02 17:22:23.669 INFO Calculating metrics
2026-08-02 17:22:23.669 INFO Calculating metric: statement_count
2026-08-02 17:22:23.697 INFO Calculating metric: reference_existence_per_statement_count_df
2026-08-02 17:22:47.970 INFO Calculating metric: reference_completeness_df
2026-08-02 17:22:47.973 INFO Memory usage (end of timestep, peak): 5.00 GiB
2026-08-02 17:22:47.973 INFO Memory usage (end of timestep, current): 2.86 GiB
2026-08-02 17:22:47.973 INFO (Iteration 54) statement_count: real 0.03s | cpu 0.17s
2026-08-02 17:22:47.973 INFO (Iteration 54) reference_existence_per_statement_count_df: real 24.27s | cpu 25.36s
2026-08-02 17:22:47.973 INFO (Iteration 54) reference_completeness_df: real 0.00s | cpu 0.00s
2026-08-02 17:22:47.973 INFO Iteration 54 finished in 75.63s (real) and 40.83s (process)
2026-08-02 17:22:47.974 INFO Start timestep 2017-05-06 00:00:00+00:00 -> 2017-06-05 00:00:00+00:00
2026-08-02 17:23:58.073 INFO DuckDB memory logs:
  database_name database_size  block_size  ...  wal_size  memory_usage  memory_limit
0   postgres_db       6.2 TiB           0  ...   0 bytes       1.7 GiB      76.2 GiB
1        memory       0 bytes           0  ...   0 bytes       1.7 GiB      76.2 GiB

[2 rows x 9 columns]
2026-08-02 17:23:58.074 INFO Loading data (2017-05-06 00:00:00+00:00 -> 2017-06-05 00:00:00+00:00) done in 70.10s (real) and 20.45s (process)
2026-08-02 17:23:58.074 INFO Memory usage (start of timestep, peak): 5.00 GiB
2026-08-02 17:23:58.074 INFO Memory usage (start of timestep, current): 3.24 GiB
2026-08-02 17:23:58.074 INFO Calculating metrics
2026-08-02 17:23:58.074 INFO Calculating metric: statement_count
2026-08-02 17:23:58.106 INFO Calculating metric: reference_existence_per_statement_count_df
2026-08-02 17:24:23.803 INFO Calculating metric: reference_completeness_df
2026-08-02 17:24:23.805 INFO Memory usage (end of timestep, peak): 5.00 GiB
2026-08-02 17:24:23.806 INFO Memory usage (end of timestep, current): 3.27 GiB
2026-08-02 17:24:23.806 INFO (Iteration 55) statement_count: real 0.03s | cpu 0.18s
2026-08-02 17:24:23.806 INFO (Iteration 55) reference_existence_per_statement_count_df: real 25.70s | cpu 27.07s
2026-08-02 17:24:23.806 INFO (Iteration 55) reference_completeness_df: real 0.00s | cpu 0.00s
2026-08-02 17:24:23.806 INFO Iteration 55 finished in 95.83s (real) and 47.71s (process)
2026-08-02 17:24:23.806 INFO Start timestep 2017-06-05 00:00:00+00:00 -> 2017-07-05 00:00:00+00:00
2026-08-02 17:26:35.282 INFO DuckDB memory logs:
  database_name database_size  block_size  ...  wal_size  memory_usage  memory_limit
0   postgres_db       6.2 TiB           0  ...   0 bytes       3.1 GiB      76.2 GiB
1        memory       0 bytes           0  ...   0 bytes       3.1 GiB      76.2 GiB

[2 rows x 9 columns]
2026-08-02 17:26:35.283 INFO Loading data (2017-06-05 00:00:00+00:00 -> 2017-07-05 00:00:00+00:00) done in 131.48s (real) and 36.92s (process)
2026-08-02 17:26:35.284 INFO Memory usage (start of timestep, peak): 5.00 GiB
2026-08-02 17:26:35.284 INFO Memory usage (start of timestep, current): 4.56 GiB
2026-08-02 17:26:35.284 INFO Calculating metrics
2026-08-02 17:26:35.284 INFO Calculating metric: statement_count
2026-08-02 17:26:35.320 INFO Calculating metric: reference_existence_per_statement_count_df
2026-08-02 17:27:04.408 INFO Calculating metric: reference_completeness_df
2026-08-02 17:27:04.411 INFO Memory usage (end of timestep, peak): 5.52 GiB
2026-08-02 17:27:04.411 INFO Memory usage (end of timestep, current): 4.71 GiB
2026-08-02 17:27:04.411 INFO (Iteration 56) statement_count: real 0.04s | cpu 0.34s
2026-08-02 17:27:04.411 INFO (Iteration 56) reference_existence_per_statement_count_df: real 29.09s | cpu 31.37s
2026-08-02 17:27:04.411 INFO (Iteration 56) reference_completeness_df: real 0.00s | cpu 0.00s
2026-08-02 17:27:04.411 INFO Iteration 56 finished in 160.60s (real) and 68.64s (process)
2026-08-02 17:27:04.412 INFO Start timestep 2017-07-05 00:00:00+00:00 -> 2017-08-04 00:00:00+00:00
2026-08-02 17:29:54.444 INFO DuckDB memory logs:
  database_name database_size  block_size  ...  wal_size  memory_usage  memory_limit
0   postgres_db       6.2 TiB           0  ...   0 bytes       4.3 GiB      76.2 GiB
1        memory       0 bytes           0  ...   0 bytes       4.3 GiB      76.2 GiB

[2 rows x 9 columns]
2026-08-02 17:29:54.445 INFO Loading data (2017-07-05 00:00:00+00:00 -> 2017-08-04 00:00:00+00:00) done in 170.03s (real) and 180.09s (process)
2026-08-02 17:29:54.445 INFO Memory usage (start of timestep, peak): 7.59 GiB
2026-08-02 17:29:54.446 INFO Memory usage (start of timestep, current): 5.92 GiB
2026-08-02 17:29:54.446 INFO Calculating metrics
2026-08-02 17:29:54.446 INFO Calculating metric: statement_count
2026-08-02 17:29:54.488 INFO Calculating metric: reference_existence_per_statement_count_df
2026-08-02 17:30:27.929 INFO Calculating metric: reference_completeness_df
2026-08-02 17:30:27.932 INFO Memory usage (end of timestep, peak): 7.59 GiB
2026-08-02 17:30:27.932 INFO Memory usage (end of timestep, current): 6.29 GiB
2026-08-02 17:30:27.932 INFO (Iteration 57) statement_count: real 0.04s | cpu 0.51s
2026-08-02 17:30:27.932 INFO (Iteration 57) reference_existence_per_statement_count_df: real 33.44s | cpu 36.94s
2026-08-02 17:30:27.932 INFO (Iteration 57) reference_completeness_df: real 0.00s | cpu 0.00s
2026-08-02 17:30:27.932 INFO Iteration 57 finished in 203.52s (real) and 217.54s (process)
2026-08-02 17:30:27.933 INFO Start timestep 2017-08-04 00:00:00+00:00 -> 2017-09-03 00:00:00+00:00
2026-08-02 17:35:33.812 INFO DuckDB memory logs:
  database_name database_size  block_size  ...  wal_size  memory_usage  memory_limit
0   postgres_db       6.2 TiB           0  ...   0 bytes       7.9 GiB      76.2 GiB
1        memory       0 bytes           0  ...   0 bytes       7.9 GiB      76.2 GiB

[2 rows x 9 columns]
2026-08-02 17:35:33.813 INFO Loading data (2017-08-04 00:00:00+00:00 -> 2017-09-03 00:00:00+00:00) done in 305.88s (real) and 146.83s (process)
2026-08-02 17:35:33.813 INFO Memory usage (start of timestep, peak): 9.80 GiB
2026-08-02 17:35:33.813 INFO Memory usage (start of timestep, current): 9.78 GiB
2026-08-02 17:35:33.813 INFO Calculating metrics
2026-08-02 17:35:33.814 INFO Calculating metric: statement_count
2026-08-02 17:35:33.874 INFO Calculating metric: reference_existence_per_statement_count_df
2026-08-02 17:36:32.107 INFO Calculating metric: reference_completeness_df
2026-08-02 17:36:32.110 INFO Memory usage (end of timestep, peak): 11.65 GiB
2026-08-02 17:36:32.111 INFO Memory usage (end of timestep, current): 10.34 GiB
2026-08-02 17:36:32.111 INFO (Iteration 58) statement_count: real 0.06s | cpu 0.77s
2026-08-02 17:36:32.111 INFO (Iteration 58) reference_existence_per_statement_count_df: real 58.23s | cpu 64.73s
2026-08-02 17:36:32.111 INFO (Iteration 58) reference_completeness_df: real 0.00s | cpu 0.00s
2026-08-02 17:36:32.111 INFO Iteration 58 finished in 364.18s (real) and 212.33s (process)
2026-08-02 17:36:32.112 INFO Start timestep 2017-09-03 00:00:00+00:00 -> 2017-10-03 00:00:00+00:00
2026-08-02 17:45:18.962 INFO DuckDB memory logs:
  database_name database_size  block_size  ...  wal_size  memory_usage  memory_limit
0   postgres_db       6.2 TiB           0  ...   0 bytes      13.2 GiB      76.2 GiB
1        memory       0 bytes           0  ...   0 bytes      13.2 GiB      76.2 GiB

[2 rows x 9 columns]
2026-08-02 17:45:18.976 INFO Loading data (2017-09-03 00:00:00+00:00 -> 2017-10-03 00:00:00+00:00) done in 526.86s (real) and 161.13s (process)
2026-08-02 17:45:18.976 INFO Memory usage (start of timestep, peak): 16.64 GiB
2026-08-02 17:45:18.977 INFO Memory usage (start of timestep, current): 15.49 GiB
2026-08-02 17:45:18.977 INFO Calculating metrics
2026-08-02 17:45:18.977 INFO Calculating metric: statement_count
2026-08-02 17:45:19.050 INFO Calculating metric: reference_existence_per_statement_count_df
2026-08-02 17:46:38.445 INFO Calculating metric: reference_completeness_df
2026-08-02 17:46:38.450 INFO Memory usage (end of timestep, peak): 18.55 GiB
2026-08-02 17:46:38.451 INFO Memory usage (end of timestep, current): 16.54 GiB
2026-08-02 17:46:38.451 INFO (Iteration 59) statement_count: real 0.07s | cpu 0.95s
2026-08-02 17:46:38.451 INFO (Iteration 59) reference_existence_per_statement_count_df: real 79.39s | cpu 88.00s
2026-08-02 17:46:38.451 INFO (Iteration 59) reference_completeness_df: real 0.00s | cpu 0.00s
2026-08-02 17:46:38.451 INFO Iteration 59 finished in 606.34s (real) and 250.09s (process)
2026-08-02 17:46:38.451 INFO Start timestep 2017-10-03 00:00:00+00:00 -> 2017-11-02 00:00:00+00:00
2026-08-02 17:48:43.946 INFO DuckDB memory logs:
  database_name database_size  block_size  ...  wal_size  memory_usage  memory_limit
0   postgres_db       6.2 TiB           0  ...   0 bytes       3.0 GiB      76.2 GiB
1        memory       0 bytes           0  ...   0 bytes       3.0 GiB      76.2 GiB

[2 rows x 9 columns]
2026-08-02 17:48:43.947 INFO Loading data (2017-10-03 00:00:00+00:00 -> 2017-11-02 00:00:00+00:00) done in 125.50s (real) and 36.87s (process)
2026-08-02 17:48:43.947 INFO Memory usage (start of timestep, peak): 18.55 GiB
2026-08-02 17:48:43.947 INFO Memory usage (start of timestep, current): 6.57 GiB
2026-08-02 17:48:43.947 INFO Calculating metrics
2026-08-02 17:48:43.948 INFO Calculating metric: statement_count
2026-08-02 17:48:43.984 INFO Calculating metric: reference_existence_per_statement_count_df
2026-08-02 17:50:16.227 INFO Calculating metric: reference_completeness_df
2026-08-02 17:50:16.232 INFO Memory usage (end of timestep, peak): 18.55 GiB
2026-08-02 17:50:16.232 INFO Memory usage (end of timestep, current): 6.88 GiB
2026-08-02 17:50:16.232 INFO (Iteration 60) statement_count: real 0.04s | cpu 0.42s
2026-08-02 17:50:16.232 INFO (Iteration 60) reference_existence_per_statement_count_df: real 92.24s | cpu 94.59s
2026-08-02 17:50:16.232 INFO (Iteration 60) reference_completeness_df: real 0.00s | cpu 0.00s
2026-08-02 17:50:16.232 INFO Iteration 60 finished in 217.78s (real) and 131.88s (process)
2026-08-02 17:50:16.233 INFO Start timestep 2017-11-02 00:00:00+00:00 -> 2017-12-02 00:00:00+00:00
2026-08-02 17:52:59.820 INFO DuckDB memory logs:
  database_name database_size  block_size  ...  wal_size  memory_usage  memory_limit
0   postgres_db       6.2 TiB           0  ...   0 bytes       3.9 GiB      76.2 GiB
1        memory       0 bytes           0  ...   0 bytes       3.9 GiB      76.2 GiB

[2 rows x 9 columns]
2026-08-02 17:52:59.821 INFO Loading data (2017-11-02 00:00:00+00:00 -> 2017-12-02 00:00:00+00:00) done in 163.59s (real) and 46.60s (process)
2026-08-02 17:52:59.821 INFO Memory usage (start of timestep, peak): 18.55 GiB
2026-08-02 17:52:59.821 INFO Memory usage (start of timestep, current): 7.73 GiB
2026-08-02 17:52:59.821 INFO Calculating metrics
2026-08-02 17:52:59.822 INFO Calculating metric: statement_count
2026-08-02 17:52:59.863 INFO Calculating metric: reference_existence_per_statement_count_df
2026-08-02 17:54:40.349 INFO Calculating metric: reference_completeness_df
2026-08-02 17:54:40.352 INFO Memory usage (end of timestep, peak): 18.55 GiB
2026-08-02 17:54:40.352 INFO Memory usage (end of timestep, current): 7.88 GiB
2026-08-02 17:54:40.352 INFO (Iteration 61) statement_count: real 0.04s | cpu 0.51s
2026-08-02 17:54:40.352 INFO (Iteration 61) reference_existence_per_statement_count_df: real 100.49s | cpu 103.84s
2026-08-02 17:54:40.352 INFO (Iteration 61) reference_completeness_df: real 0.00s | cpu 0.00s
2026-08-02 17:54:40.352 INFO Iteration 61 finished in 264.12s (real) and 150.95s (process)
2026-08-02 17:54:40.353 INFO Start timestep 2017-12-02 00:00:00+00:00 -> 2018-01-01 00:00:00+00:00
2026-08-02 17:58:18.026 INFO DuckDB memory logs:
  database_name database_size  block_size  ...  wal_size  memory_usage  memory_limit
0   postgres_db       6.2 TiB           0  ...   0 bytes       5.4 GiB      76.2 GiB
1        memory       0 bytes           0  ...   0 bytes       5.4 GiB      76.2 GiB

[2 rows x 9 columns]
2026-08-02 17:58:18.027 INFO Loading data (2017-12-02 00:00:00+00:00 -> 2018-01-01 00:00:00+00:00) done in 217.67s (real) and 65.35s (process)
2026-08-02 17:58:18.027 INFO Memory usage (start of timestep, peak): 18.55 GiB
2026-08-02 17:58:18.027 INFO Memory usage (start of timestep, current): 9.33 GiB
2026-08-02 17:58:18.027 INFO Calculating metrics
2026-08-02 17:58:18.028 INFO Calculating metric: statement_count
2026-08-02 17:58:18.077 INFO Calculating metric: reference_existence_per_statement_count_df
2026-08-02 18:00:21.108 INFO Calculating metric: reference_completeness_df
2026-08-02 18:00:21.112 INFO Memory usage (end of timestep, peak): 18.55 GiB
2026-08-02 18:00:21.112 INFO Memory usage (end of timestep, current): 10.18 GiB
2026-08-02 18:00:21.113 INFO (Iteration 62) statement_count: real 0.05s | cpu 0.59s
2026-08-02 18:00:21.113 INFO (Iteration 62) reference_existence_per_statement_count_df: real 123.03s | cpu 127.89s
2026-08-02 18:00:21.113 INFO (Iteration 62) reference_completeness_df: real 0.00s | cpu 0.00s
2026-08-02 18:00:21.113 INFO Iteration 62 finished in 340.76s (real) and 193.83s (process)
2026-08-02 18:00:21.114 INFO Start timestep 2018-01-01 00:00:00+00:00 -> 2018-01-31 00:00:00+00:00
2026-08-02 18:01:13.814 INFO DuckDB memory logs:
  database_name database_size  block_size  ...  wal_size  memory_usage  memory_limit
0   postgres_db       6.2 TiB           0  ...   0 bytes       1.7 GiB      76.2 GiB
1        memory       0 bytes           0  ...   0 bytes       1.7 GiB      76.2 GiB

[2 rows x 9 columns]
2026-08-02 18:01:13.814 INFO Loading data (2018-01-01 00:00:00+00:00 -> 2018-01-31 00:00:00+00:00) done in 52.70s (real) and 60.35s (process)
2026-08-02 18:01:13.815 INFO Memory usage (start of timestep, peak): 18.55 GiB
2026-08-02 18:01:13.815 INFO Memory usage (start of timestep, current): 6.48 GiB
2026-08-02 18:01:13.815 INFO Calculating metrics
2026-08-02 18:01:13.815 INFO Calculating metric: statement_count
2026-08-02 18:01:13.847 INFO Calculating metric: reference_existence_per_statement_count_df
2026-08-02 18:02:57.431 INFO Calculating metric: reference_completeness_df
2026-08-02 18:02:57.435 INFO Memory usage (end of timestep, peak): 18.55 GiB
2026-08-02 18:02:57.435 INFO Memory usage (end of timestep, current): 6.24 GiB
2026-08-02 18:02:57.435 INFO (Iteration 63) statement_count: real 0.03s | cpu 0.24s
2026-08-02 18:02:57.435 INFO (Iteration 63) reference_existence_per_statement_count_df: real 103.58s | cpu 105.19s
2026-08-02 18:02:57.435 INFO (Iteration 63) reference_completeness_df: real 0.00s | cpu 0.00s
2026-08-02 18:02:57.435 INFO Iteration 63 finished in 156.32s (real) and 165.78s (process)
2026-08-02 18:02:57.436 INFO Start timestep 2018-01-31 00:00:00+00:00 -> 2018-03-02 00:00:00+00:00
2026-08-02 18:06:31.636 INFO DuckDB memory logs:
  database_name database_size  block_size  ...  wal_size  memory_usage  memory_limit
0   postgres_db       6.2 TiB           0  ...   0 bytes       5.3 GiB      76.2 GiB
1        memory       0 bytes           0  ...   0 bytes       5.3 GiB      76.2 GiB

[2 rows x 9 columns]
2026-08-02 18:06:31.637 INFO Loading data (2018-01-31 00:00:00+00:00 -> 2018-03-02 00:00:00+00:00) done in 214.20s (real) and 233.61s (process)
2026-08-02 18:06:31.637 INFO Memory usage (start of timestep, peak): 18.55 GiB
2026-08-02 18:06:31.637 INFO Memory usage (start of timestep, current): 9.75 GiB
2026-08-02 18:06:31.638 INFO Calculating metrics
2026-08-02 18:06:31.638 INFO Calculating metric: statement_count
2026-08-02 18:06:31.683 INFO Calculating metric: reference_existence_per_statement_count_df
2026-08-02 18:08:27.119 INFO Calculating metric: reference_completeness_df
2026-08-02 18:08:27.123 INFO Memory usage (end of timestep, peak): 18.55 GiB
2026-08-02 18:08:27.123 INFO Memory usage (end of timestep, current): 10.55 GiB
2026-08-02 18:08:27.123 INFO (Iteration 64) statement_count: real 0.04s | cpu 0.52s
2026-08-02 18:08:27.123 INFO (Iteration 64) reference_existence_per_statement_count_df: real 115.44s | cpu 119.55s
2026-08-02 18:08:27.123 INFO (Iteration 64) reference_completeness_df: real 0.00s | cpu 0.00s
2026-08-02 18:08:27.123 INFO Iteration 64 finished in 329.69s (real) and 353.68s (process)
2026-08-02 18:08:27.124 INFO Start timestep 2018-03-02 00:00:00+00:00 -> 2018-04-01 00:00:00+00:00
2026-08-02 18:11:15.680 INFO DuckDB memory logs:
  database_name database_size  block_size  ...  wal_size  memory_usage  memory_limit
0   postgres_db       6.2 TiB           0  ...   0 bytes       4.1 GiB      76.2 GiB
1        memory       0 bytes           0  ...   0 bytes       4.1 GiB      76.2 GiB

[2 rows x 9 columns]
2026-08-02 18:11:15.681 INFO Loading data (2018-03-02 00:00:00+00:00 -> 2018-04-01 00:00:00+00:00) done in 168.56s (real) and 51.30s (process)
2026-08-02 18:11:15.681 INFO Memory usage (start of timestep, peak): 18.55 GiB
2026-08-02 18:11:15.681 INFO Memory usage (start of timestep, current): 9.43 GiB
2026-08-02 18:11:15.681 INFO Calculating metrics
2026-08-02 18:11:15.681 INFO Calculating metric: statement_count
2026-08-02 18:11:15.714 INFO Calculating metric: reference_existence_per_statement_count_df
2026-08-02 18:13:04.601 INFO Calculating metric: reference_completeness_df
2026-08-02 18:13:04.606 INFO Memory usage (end of timestep, peak): 18.55 GiB
2026-08-02 18:13:04.606 INFO Memory usage (end of timestep, current): 9.37 GiB
2026-08-02 18:13:04.606 INFO (Iteration 65) statement_count: real 0.03s | cpu 0.36s
2026-08-02 18:13:04.606 INFO (Iteration 65) reference_existence_per_statement_count_df: real 108.89s | cpu 111.94s
2026-08-02 18:13:04.607 INFO (Iteration 65) reference_completeness_df: real 0.00s | cpu 0.00s
2026-08-02 18:13:04.607 INFO Iteration 65 finished in 277.48s (real) and 163.61s (process)
2026-08-02 18:13:04.607 INFO Start timestep 2018-04-01 00:00:00+00:00 -> 2018-05-01 00:00:00+00:00
2026-08-02 18:15:10.554 INFO DuckDB memory logs:
  database_name database_size  block_size  ...  wal_size  memory_usage  memory_limit
0   postgres_db       6.2 TiB           0  ...   0 bytes       2.9 GiB      76.2 GiB
1        memory       0 bytes           0  ...   0 bytes       2.9 GiB      76.2 GiB

[2 rows x 9 columns]
2026-08-02 18:15:10.555 INFO Loading data (2018-04-01 00:00:00+00:00 -> 2018-05-01 00:00:00+00:00) done in 125.95s (real) and 35.14s (process)
2026-08-02 18:15:10.555 INFO Memory usage (start of timestep, peak): 18.55 GiB
2026-08-02 18:15:10.556 INFO Memory usage (start of timestep, current): 8.18 GiB
2026-08-02 18:15:10.556 INFO Calculating metrics
2026-08-02 18:15:10.556 INFO Calculating metric: statement_count
2026-08-02 18:15:10.601 INFO Calculating metric: reference_existence_per_statement_count_df
2026-08-02 18:17:06.521 INFO Calculating metric: reference_completeness_df
2026-08-02 18:17:06.525 INFO Memory usage (end of timestep, peak): 18.55 GiB
2026-08-02 18:17:06.525 INFO Memory usage (end of timestep, current): 8.55 GiB
2026-08-02 18:17:06.525 INFO (Iteration 66) statement_count: real 0.04s | cpu 0.42s
2026-08-02 18:17:06.525 INFO (Iteration 66) reference_existence_per_statement_count_df: real 115.92s | cpu 118.27s
2026-08-02 18:17:06.525 INFO (Iteration 66) reference_completeness_df: real 0.00s | cpu 0.00s
2026-08-02 18:17:06.525 INFO Iteration 66 finished in 241.92s (real) and 153.84s (process)
2026-08-02 18:17:06.526 INFO Start timestep 2018-05-01 00:00:00+00:00 -> 2018-05-31 00:00:00+00:00
2026-08-02 18:20:29.760 INFO DuckDB memory logs:
  database_name database_size  block_size  ...  wal_size  memory_usage  memory_limit
0   postgres_db       6.2 TiB           0  ...   0 bytes       5.0 GiB      76.2 GiB
1        memory       0 bytes           0  ...   0 bytes       5.0 GiB      76.2 GiB

[2 rows x 9 columns]
2026-08-02 18:20:29.761 INFO Loading data (2018-05-01 00:00:00+00:00 -> 2018-05-31 00:00:00+00:00) done in 203.23s (real) and 58.73s (process)
2026-08-02 18:20:29.761 INFO Memory usage (start of timestep, peak): 18.55 GiB
2026-08-02 18:20:29.761 INFO Memory usage (start of timestep, current): 10.50 GiB
2026-08-02 18:20:29.761 INFO Calculating metrics
2026-08-02 18:20:29.761 INFO Calculating metric: statement_count
2026-08-02 18:20:29.806 INFO Calculating metric: reference_existence_per_statement_count_df
2026-08-02 18:22:31.320 INFO Calculating metric: reference_completeness_df
2026-08-02 18:22:31.324 INFO Memory usage (end of timestep, peak): 18.55 GiB
2026-08-02 18:22:31.325 INFO Memory usage (end of timestep, current): 10.61 GiB
2026-08-02 18:22:31.325 INFO (Iteration 67) statement_count: real 0.05s | cpu 0.55s
2026-08-02 18:22:31.325 INFO (Iteration 67) reference_existence_per_statement_count_df: real 121.51s | cpu 125.21s
2026-08-02 18:22:31.325 INFO (Iteration 67) reference_completeness_df: real 0.00s | cpu 0.00s
2026-08-02 18:22:31.325 INFO Iteration 67 finished in 324.80s (real) and 184.49s (process)
2026-08-02 18:22:31.325 INFO Start timestep 2018-05-31 00:00:00+00:00 -> 2018-06-30 00:00:00+00:00
2026-08-02 18:25:32.559 INFO DuckDB memory logs:
  database_name database_size  block_size  ...  wal_size  memory_usage  memory_limit
0   postgres_db       6.2 TiB           0  ...   0 bytes       4.7 GiB      76.2 GiB
1        memory       0 bytes           0  ...   0 bytes       4.7 GiB      76.2 GiB

[2 rows x 9 columns]
2026-08-02 18:25:32.560 INFO Loading data (2018-05-31 00:00:00+00:00 -> 2018-06-30 00:00:00+00:00) done in 181.23s (real) and 54.11s (process)
2026-08-02 18:25:32.560 INFO Memory usage (start of timestep, peak): 18.55 GiB
2026-08-02 18:25:32.560 INFO Memory usage (start of timestep, current): 10.32 GiB
2026-08-02 18:25:32.560 INFO Calculating metrics
2026-08-02 18:25:32.561 INFO Calculating metric: statement_count
2026-08-02 18:25:32.605 INFO Calculating metric: reference_existence_per_statement_count_df
2026-08-02 18:27:41.001 INFO Calculating metric: reference_completeness_df
2026-08-02 18:27:41.005 INFO Memory usage (end of timestep, peak): 18.55 GiB
2026-08-02 18:27:41.006 INFO Memory usage (end of timestep, current): 10.96 GiB
2026-08-02 18:27:41.006 INFO (Iteration 68) statement_count: real 0.04s | cpu 0.49s
2026-08-02 18:27:41.006 INFO (Iteration 68) reference_existence_per_statement_count_df: real 128.40s | cpu 132.11s
2026-08-02 18:27:41.006 INFO (Iteration 68) reference_completeness_df: real 0.00s | cpu 0.00s
2026-08-02 18:27:41.006 INFO Iteration 68 finished in 309.68s (real) and 186.71s (process)
2026-08-02 18:27:41.007 INFO Start timestep 2018-06-30 00:00:00+00:00 -> 2018-07-30 00:00:00+00:00
2026-08-02 18:31:32.122 INFO DuckDB memory logs:
  database_name database_size  block_size  ...  wal_size  memory_usage  memory_limit
0   postgres_db       6.2 TiB           0  ...   0 bytes       5.8 GiB      76.2 GiB
1        memory       0 bytes           0  ...   0 bytes       5.8 GiB      76.2 GiB

[2 rows x 9 columns]
2026-08-02 18:31:32.122 INFO Loading data (2018-06-30 00:00:00+00:00 -> 2018-07-30 00:00:00+00:00) done in 231.12s (real) and 67.16s (process)
2026-08-02 18:31:32.123 INFO Memory usage (start of timestep, peak): 18.55 GiB
2026-08-02 18:31:32.123 INFO Memory usage (start of timestep, current): 12.01 GiB
2026-08-02 18:31:32.123 INFO Calculating metrics
2026-08-02 18:31:32.123 INFO Calculating metric: statement_count
2026-08-02 18:31:32.172 INFO Calculating metric: reference_existence_per_statement_count_df
2026-08-02 18:34:05.465 INFO Calculating metric: reference_completeness_df
2026-08-02 18:34:05.468 INFO Memory usage (end of timestep, peak): 18.55 GiB
2026-08-02 18:34:05.469 INFO Memory usage (end of timestep, current): 12.51 GiB
2026-08-02 18:34:05.469 INFO (Iteration 69) statement_count: real 0.05s | cpu 0.61s
2026-08-02 18:34:05.469 INFO (Iteration 69) reference_existence_per_statement_count_df: real 153.29s | cpu 158.09s
2026-08-02 18:34:05.469 INFO (Iteration 69) reference_completeness_df: real 0.00s | cpu 0.00s
2026-08-02 18:34:05.469 INFO Iteration 69 finished in 384.46s (real) and 225.87s (process)
2026-08-02 18:34:05.469 INFO Start timestep 2018-07-30 00:00:00+00:00 -> 2018-08-29 00:00:00+00:00
2026-08-02 18:36:54.857 INFO DuckDB memory logs:
  database_name database_size  block_size  ...  wal_size  memory_usage  memory_limit
0   postgres_db       6.2 TiB           0  ...   0 bytes       4.3 GiB      76.2 GiB
1        memory       0 bytes           0  ...   0 bytes       4.3 GiB      76.2 GiB

[2 rows x 9 columns]
2026-08-02 18:36:54.857 INFO Loading data (2018-07-30 00:00:00+00:00 -> 2018-08-29 00:00:00+00:00) done in 169.39s (real) and 49.95s (process)
2026-08-02 18:36:54.857 INFO Memory usage (start of timestep, peak): 18.55 GiB
2026-08-02 18:36:54.858 INFO Memory usage (start of timestep, current): 11.00 GiB
2026-08-02 18:36:54.858 INFO Calculating metrics
2026-08-02 18:36:54.858 INFO Calculating metric: statement_count
2026-08-02 18:36:54.899 INFO Calculating metric: reference_existence_per_statement_count_df
2026-08-02 18:39:14.793 INFO Calculating metric: reference_completeness_df
2026-08-02 18:39:14.797 INFO Memory usage (end of timestep, peak): 18.55 GiB
2026-08-02 18:39:14.797 INFO Memory usage (end of timestep, current): 11.44 GiB
2026-08-02 18:39:14.797 INFO (Iteration 70) statement_count: real 0.04s | cpu 0.45s
2026-08-02 18:39:14.797 INFO (Iteration 70) reference_existence_per_statement_count_df: real 139.89s | cpu 143.36s
2026-08-02 18:39:14.797 INFO (Iteration 70) reference_completeness_df: real 0.00s | cpu 0.00s
2026-08-02 18:39:14.797 INFO Iteration 70 finished in 309.33s (real) and 193.77s (process)
2026-08-02 18:39:14.798 INFO Start timestep 2018-08-29 00:00:00+00:00 -> 2018-09-28 00:00:00+00:00
2026-08-02 18:42:42.156 INFO DuckDB memory logs:
  database_name database_size  block_size  ...  wal_size  memory_usage  memory_limit
0   postgres_db       6.2 TiB           0  ...   0 bytes       5.3 GiB      76.2 GiB
1        memory       0 bytes           0  ...   0 bytes       5.3 GiB      76.2 GiB

[2 rows x 9 columns]
2026-08-02 18:42:42.157 INFO Loading data (2018-08-29 00:00:00+00:00 -> 2018-09-28 00:00:00+00:00) done in 207.36s (real) and 61.93s (process)
2026-08-02 18:42:42.157 INFO Memory usage (start of timestep, peak): 18.55 GiB
2026-08-02 18:42:42.157 INFO Memory usage (start of timestep, current): 12.46 GiB
2026-08-02 18:42:42.158 INFO Calculating metrics
2026-08-02 18:42:42.158 INFO Calculating metric: statement_count
2026-08-02 18:42:42.206 INFO Calculating metric: reference_existence_per_statement_count_df
2026-08-02 18:45:20.517 INFO Calculating metric: reference_completeness_df
2026-08-02 18:45:20.521 INFO Memory usage (end of timestep, peak): 18.55 GiB
2026-08-02 18:45:20.521 INFO Memory usage (end of timestep, current): 12.85 GiB
2026-08-02 18:45:20.521 INFO (Iteration 71) statement_count: real 0.05s | cpu 0.59s
2026-08-02 18:45:20.521 INFO (Iteration 71) reference_existence_per_statement_count_df: real 158.31s | cpu 162.87s
2026-08-02 18:45:20.521 INFO (Iteration 71) reference_completeness_df: real 0.00s | cpu 0.00s
2026-08-02 18:45:20.521 INFO Iteration 71 finished in 365.72s (real) and 225.39s (process)
2026-08-02 18:45:20.522 INFO Start timestep 2018-09-28 00:00:00+00:00 -> 2018-10-28 00:00:00+00:00
2026-08-02 18:50:57.258 INFO DuckDB memory logs:
  database_name database_size  block_size  ...  wal_size  memory_usage  memory_limit
0   postgres_db       6.2 TiB           0  ...   0 bytes       8.5 GiB      76.2 GiB
1        memory       0 bytes           0  ...   0 bytes       8.5 GiB      76.2 GiB

[2 rows x 9 columns]
2026-08-02 18:50:57.271 INFO Loading data (2018-09-28 00:00:00+00:00 -> 2018-10-28 00:00:00+00:00) done in 336.75s (real) and 99.01s (process)
2026-08-02 18:50:57.271 INFO Memory usage (start of timestep, peak): 18.55 GiB
2026-08-02 18:50:57.271 INFO Memory usage (start of timestep, current): 15.91 GiB
2026-08-02 18:50:57.271 INFO Calculating metrics
2026-08-02 18:50:57.272 INFO Calculating metric: statement_count
2026-08-02 18:50:57.341 INFO Calculating metric: reference_existence_per_statement_count_df
2026-08-02 18:53:54.497 INFO Calculating metric: reference_completeness_df
2026-08-02 18:53:54.501 INFO Memory usage (end of timestep, peak): 19.98 GiB
2026-08-02 18:53:54.501 INFO Memory usage (end of timestep, current): 16.46 GiB
2026-08-02 18:53:54.501 INFO (Iteration 72) statement_count: real 0.07s | cpu 0.92s
2026-08-02 18:53:54.501 INFO (Iteration 72) reference_existence_per_statement_count_df: real 177.16s | cpu 183.85s
2026-08-02 18:53:54.501 INFO (Iteration 72) reference_completeness_df: real 0.00s | cpu 0.00s
2026-08-02 18:53:54.501 INFO Iteration 72 finished in 513.98s (real) and 283.79s (process)
2026-08-02 18:53:54.502 INFO Start timestep 2018-10-28 00:00:00+00:00 -> 2018-11-27 00:00:00+00:00
2026-08-02 18:56:18.249 INFO DuckDB memory logs:
  database_name database_size  block_size  ...  wal_size  memory_usage  memory_limit
0   postgres_db       6.2 TiB           0  ...   0 bytes       3.6 GiB      76.2 GiB
1        memory       0 bytes           0  ...   0 bytes       3.6 GiB      76.2 GiB

[2 rows x 9 columns]
2026-08-02 18:56:18.250 INFO Loading data (2018-10-28 00:00:00+00:00 -> 2018-11-27 00:00:00+00:00) done in 143.75s (real) and 73.71s (process)
2026-08-02 18:56:18.250 INFO Memory usage (start of timestep, peak): 19.98 GiB
2026-08-02 18:56:18.250 INFO Memory usage (start of timestep, current): 11.60 GiB
2026-08-02 18:56:18.250 INFO Calculating metrics
2026-08-02 18:56:18.251 INFO Calculating metric: statement_count
2026-08-02 18:56:18.297 INFO Calculating metric: reference_existence_per_statement_count_df
2026-08-02 18:59:25.613 INFO Calculating metric: reference_completeness_df
2026-08-02 18:59:25.617 INFO Memory usage (end of timestep, peak): 19.98 GiB
2026-08-02 18:59:25.617 INFO Memory usage (end of timestep, current): 11.85 GiB
2026-08-02 18:59:25.617 INFO (Iteration 73) statement_count: real 0.05s | cpu 0.60s
2026-08-02 18:59:25.617 INFO (Iteration 73) reference_existence_per_statement_count_df: real 187.32s | cpu 190.16s
2026-08-02 18:59:25.617 INFO (Iteration 73) reference_completeness_df: real 0.00s | cpu 0.00s
2026-08-02 18:59:25.617 INFO Iteration 73 finished in 331.12s (real) and 264.47s (process)
2026-08-02 18:59:25.618 INFO Start timestep 2018-11-27 00:00:00+00:00 -> 2018-12-27 00:00:00+00:00
2026-08-02 19:01:53.824 INFO DuckDB memory logs:
  database_name database_size  block_size  ...  wal_size  memory_usage  memory_limit
0   postgres_db       6.2 TiB           0  ...   0 bytes       3.6 GiB      76.2 GiB
1        memory       0 bytes           0  ...   0 bytes       3.6 GiB      76.2 GiB

[2 rows x 9 columns]
2026-08-02 19:01:53.824 INFO Loading data (2018-11-27 00:00:00+00:00 -> 2018-12-27 00:00:00+00:00) done in 148.21s (real) and 152.74s (process)
2026-08-02 19:01:53.825 INFO Memory usage (start of timestep, peak): 19.98 GiB
2026-08-02 19:01:53.825 INFO Memory usage (start of timestep, current): 11.86 GiB
2026-08-02 19:01:53.825 INFO Calculating metrics
2026-08-02 19:01:53.825 INFO Calculating metric: statement_count
2026-08-02 19:01:53.861 INFO Calculating metric: reference_existence_per_statement_count_df
2026-08-02 19:04:53.841 INFO Calculating metric: reference_completeness_df
2026-08-02 19:04:53.847 INFO Memory usage (end of timestep, peak): 19.98 GiB
2026-08-02 19:04:53.847 INFO Memory usage (end of timestep, current): 12.26 GiB
2026-08-02 19:04:53.847 INFO (Iteration 74) statement_count: real 0.04s | cpu 0.43s
2026-08-02 19:04:53.847 INFO (Iteration 74) reference_existence_per_statement_count_df: real 179.98s | cpu 182.87s
2026-08-02 19:04:53.847 INFO (Iteration 74) reference_completeness_df: real 0.00s | cpu 0.00s
2026-08-02 19:04:53.847 INFO Iteration 74 finished in 328.23s (real) and 336.04s (process)
2026-08-02 19:04:53.847 INFO Start timestep 2018-12-27 00:00:00+00:00 -> 2019-01-26 00:00:00+00:00
2026-08-02 19:06:32.873 INFO DuckDB memory logs:
  database_name database_size  block_size  ...  wal_size  memory_usage  memory_limit
0   postgres_db       6.2 TiB           0  ...   0 bytes       2.3 GiB      76.2 GiB
1        memory       0 bytes           0  ...   0 bytes       2.3 GiB      76.2 GiB

[2 rows x 9 columns]
2026-08-02 19:06:32.873 INFO Loading data (2018-12-27 00:00:00+00:00 -> 2019-01-26 00:00:00+00:00) done in 99.03s (real) and 26.96s (process)
2026-08-02 19:06:32.874 INFO Memory usage (start of timestep, peak): 19.98 GiB
2026-08-02 19:06:32.874 INFO Memory usage (start of timestep, current): 12.90 GiB
2026-08-02 19:06:32.874 INFO Calculating metrics
2026-08-02 19:06:32.874 INFO Calculating metric: statement_count
2026-08-02 19:06:32.909 INFO Calculating metric: reference_existence_per_statement_count_df
2026-08-02 19:09:38.531 INFO Calculating metric: reference_completeness_df
2026-08-02 19:09:38.536 INFO Memory usage (end of timestep, peak): 19.98 GiB
2026-08-02 19:09:38.536 INFO Memory usage (end of timestep, current): 10.84 GiB
2026-08-02 19:09:38.537 INFO (Iteration 75) statement_count: real 0.03s | cpu 0.31s
2026-08-02 19:09:38.537 INFO (Iteration 75) reference_existence_per_statement_count_df: real 185.62s | cpu 187.84s
2026-08-02 19:09:38.537 INFO (Iteration 75) reference_completeness_df: real 0.00s | cpu 0.00s
2026-08-02 19:09:38.537 INFO Iteration 75 finished in 284.69s (real) and 215.11s (process)
2026-08-02 19:09:38.537 INFO Start timestep 2019-01-26 00:00:00+00:00 -> 2019-02-25 00:00:00+00:00
2026-08-02 19:10:45.545 INFO DuckDB memory logs:
  database_name database_size  block_size  ...  wal_size  memory_usage  memory_limit
0   postgres_db       6.2 TiB           0  ...   0 bytes       1.6 GiB      76.2 GiB
1        memory       0 bytes           0  ...   0 bytes       1.6 GiB      76.2 GiB

[2 rows x 9 columns]
2026-08-02 19:10:45.546 INFO Loading data (2019-01-26 00:00:00+00:00 -> 2019-02-25 00:00:00+00:00) done in 67.01s (real) and 17.94s (process)
2026-08-02 19:10:45.546 INFO Memory usage (start of timestep, peak): 19.98 GiB
2026-08-02 19:10:45.546 INFO Memory usage (start of timestep, current): 10.13 GiB
2026-08-02 19:10:45.546 INFO Calculating metrics
2026-08-02 19:10:45.546 INFO Calculating metric: statement_count
2026-08-02 19:10:45.578 INFO Calculating metric: reference_existence_per_statement_count_df
2026-08-02 19:13:45.569 INFO Calculating metric: reference_completeness_df
2026-08-02 19:13:45.573 INFO Memory usage (end of timestep, peak): 19.98 GiB
2026-08-02 19:13:45.573 INFO Memory usage (end of timestep, current): 10.38 GiB
2026-08-02 19:13:45.573 INFO (Iteration 76) statement_count: real 0.03s | cpu 0.29s
2026-08-02 19:13:45.573 INFO (Iteration 76) reference_existence_per_statement_count_df: real 179.99s | cpu 181.59s
2026-08-02 19:13:45.574 INFO (Iteration 76) reference_completeness_df: real 0.00s | cpu 0.00s
2026-08-02 19:13:45.574 INFO Iteration 76 finished in 247.04s (real) and 199.82s (process)
2026-08-02 19:13:45.574 INFO Start timestep 2019-02-25 00:00:00+00:00 -> 2019-03-27 00:00:00+00:00
2026-08-02 19:15:50.154 INFO DuckDB memory logs:
  database_name database_size  block_size  ...  wal_size  memory_usage  memory_limit
0   postgres_db       6.2 TiB           0  ...   0 bytes       3.3 GiB      76.2 GiB
1        memory       0 bytes           0  ...   0 bytes       3.3 GiB      76.2 GiB

[2 rows x 9 columns]
2026-08-02 19:15:50.155 INFO Loading data (2019-02-25 00:00:00+00:00 -> 2019-03-27 00:00:00+00:00) done in 124.58s (real) and 52.06s (process)
2026-08-02 19:15:50.155 INFO Memory usage (start of timestep, peak): 19.98 GiB
2026-08-02 19:15:50.155 INFO Memory usage (start of timestep, current): 12.00 GiB
2026-08-02 19:15:50.155 INFO Calculating metrics
2026-08-02 19:15:50.155 INFO Calculating metric: statement_count
2026-08-02 19:15:50.192 INFO Calculating metric: reference_existence_per_statement_count_df
2026-08-02 19:18:54.548 INFO Calculating metric: reference_completeness_df
2026-08-02 19:18:54.552 INFO Memory usage (end of timestep, peak): 19.98 GiB
2026-08-02 19:18:54.552 INFO Memory usage (end of timestep, current): 12.08 GiB
2026-08-02 19:18:54.552 INFO (Iteration 77) statement_count: real 0.04s | cpu 0.40s
2026-08-02 19:18:54.552 INFO (Iteration 77) reference_existence_per_statement_count_df: real 184.36s | cpu 187.11s
2026-08-02 19:18:54.552 INFO (Iteration 77) reference_completeness_df: real 0.00s | cpu 0.00s
2026-08-02 19:18:54.552 INFO Iteration 77 finished in 308.98s (real) and 239.58s (process)
2026-08-02 19:18:54.553 INFO Start timestep 2019-03-27 00:00:00+00:00 -> 2019-04-26 00:00:00+00:00
2026-08-02 19:20:51.633 INFO DuckDB memory logs:
  database_name database_size  block_size  ...  wal_size  memory_usage  memory_limit
0   postgres_db       6.2 TiB           0  ...   0 bytes       3.1 GiB      76.2 GiB
1        memory       0 bytes           0  ...   0 bytes       3.1 GiB      76.2 GiB

[2 rows x 9 columns]
2026-08-02 19:20:51.633 INFO Loading data (2019-03-27 00:00:00+00:00 -> 2019-04-26 00:00:00+00:00) done in 117.08s (real) and 36.41s (process)
2026-08-02 19:20:51.634 INFO Memory usage (start of timestep, peak): 19.98 GiB
2026-08-02 19:20:51.634 INFO Memory usage (start of timestep, current): 11.92 GiB
2026-08-02 19:20:51.634 INFO Calculating metrics
2026-08-02 19:20:51.634 INFO Calculating metric: statement_count
2026-08-02 19:20:51.670 INFO Calculating metric: reference_existence_per_statement_count_df
2026-08-02 19:24:05.224 INFO Calculating metric: reference_completeness_df
2026-08-02 19:24:05.228 INFO Memory usage (end of timestep, peak): 19.98 GiB
2026-08-02 19:24:05.228 INFO Memory usage (end of timestep, current): 12.10 GiB
2026-08-02 19:24:05.228 INFO (Iteration 78) statement_count: real 0.04s | cpu 0.44s
2026-08-02 19:24:05.228 INFO (Iteration 78) reference_existence_per_statement_count_df: real 193.55s | cpu 196.56s
2026-08-02 19:24:05.228 INFO (Iteration 78) reference_completeness_df: real 0.00s | cpu 0.00s
2026-08-02 19:24:05.228 INFO Iteration 78 finished in 310.68s (real) and 233.41s (process)
2026-08-02 19:24:05.229 INFO Start timestep 2019-04-26 00:00:00+00:00 -> 2019-05-26 00:00:00+00:00
2026-08-02 19:25:36.742 INFO DuckDB memory logs:
  database_name database_size  block_size  ...  wal_size  memory_usage  memory_limit
0   postgres_db       6.2 TiB           0  ...   0 bytes       2.4 GiB      76.2 GiB
1        memory       0 bytes           0  ...   0 bytes       2.4 GiB      76.2 GiB

[2 rows x 9 columns]
2026-08-02 19:25:36.743 INFO Loading data (2019-04-26 00:00:00+00:00 -> 2019-05-26 00:00:00+00:00) done in 91.51s (real) and 27.99s (process)
2026-08-02 19:25:36.743 INFO Memory usage (start of timestep, peak): 19.98 GiB
2026-08-02 19:25:36.744 INFO Memory usage (start of timestep, current): 11.41 GiB
2026-08-02 19:25:36.744 INFO Calculating metrics
2026-08-02 19:25:36.744 INFO Calculating metric: statement_count
2026-08-02 19:25:36.780 INFO Calculating metric: reference_existence_per_statement_count_df
2026-08-02 19:28:53.434 INFO Calculating metric: reference_completeness_df
2026-08-02 19:28:53.438 INFO Memory usage (end of timestep, peak): 19.98 GiB
2026-08-02 19:28:53.438 INFO Memory usage (end of timestep, current): 11.49 GiB
2026-08-02 19:28:53.438 INFO (Iteration 79) statement_count: real 0.04s | cpu 0.29s
2026-08-02 19:28:53.438 INFO (Iteration 79) reference_existence_per_statement_count_df: real 196.65s | cpu 199.16s
2026-08-02 19:28:53.438 INFO (Iteration 79) reference_completeness_df: real 0.00s | cpu 0.00s
2026-08-02 19:28:53.438 INFO Iteration 79 finished in 288.21s (real) and 227.45s (process)
2026-08-02 19:28:53.439 INFO Start timestep 2019-05-26 00:00:00+00:00 -> 2019-06-25 00:00:00+00:00
2026-08-02 19:29:47.323 INFO DuckDB memory logs:
  database_name database_size  block_size  ...  wal_size  memory_usage  memory_limit
0   postgres_db       6.2 TiB           0  ...   0 bytes       1.3 GiB      76.2 GiB
1        memory       0 bytes           0  ...   0 bytes       1.3 GiB      76.2 GiB

[2 rows x 9 columns]
2026-08-02 19:29:47.323 INFO Loading data (2019-05-26 00:00:00+00:00 -> 2019-06-25 00:00:00+00:00) done in 53.88s (real) and 27.64s (process)
2026-08-02 19:29:47.323 INFO Memory usage (start of timestep, peak): 19.98 GiB
2026-08-02 19:29:47.324 INFO Memory usage (start of timestep, current): 10.43 GiB
2026-08-02 19:29:47.324 INFO Calculating metrics
2026-08-02 19:29:47.324 INFO Calculating metric: statement_count
2026-08-02 19:29:47.356 INFO Calculating metric: reference_existence_per_statement_count_df
2026-08-02 19:32:58.211 INFO Calculating metric: reference_completeness_df
2026-08-02 19:32:58.215 INFO Memory usage (end of timestep, peak): 19.98 GiB
2026-08-02 19:32:58.215 INFO Memory usage (end of timestep, current): 10.50 GiB
2026-08-02 19:32:58.215 INFO (Iteration 80) statement_count: real 0.03s | cpu 0.29s
2026-08-02 19:32:58.215 INFO (Iteration 80) reference_existence_per_statement_count_df: real 190.85s | cpu 192.37s
2026-08-02 19:32:58.215 INFO (Iteration 80) reference_completeness_df: real 0.00s | cpu 0.00s
2026-08-02 19:32:58.215 INFO Iteration 80 finished in 244.78s (real) and 220.31s (process)
2026-08-02 19:32:58.216 INFO Start timestep 2019-06-25 00:00:00+00:00 -> 2019-07-25 00:00:00+00:00
2026-08-02 19:34:34.607 INFO DuckDB memory logs:
  database_name database_size  block_size  ...  wal_size  memory_usage  memory_limit
0   postgres_db       6.2 TiB           0  ...   0 bytes       2.4 GiB      76.2 GiB
1        memory       0 bytes           0  ...   0 bytes       2.4 GiB      76.2 GiB

[2 rows x 9 columns]
2026-08-02 19:34:34.608 INFO Loading data (2019-06-25 00:00:00+00:00 -> 2019-07-25 00:00:00+00:00) done in 96.39s (real) and 26.85s (process)
2026-08-02 19:34:34.608 INFO Memory usage (start of timestep, peak): 19.98 GiB
2026-08-02 19:34:34.608 INFO Memory usage (start of timestep, current): 11.47 GiB
2026-08-02 19:34:34.609 INFO Calculating metrics
2026-08-02 19:34:34.609 INFO Calculating metric: statement_count
2026-08-02 19:34:34.648 INFO Calculating metric: reference_existence_per_statement_count_df
2026-08-02 19:38:08.962 INFO Calculating metric: reference_completeness_df
2026-08-02 19:38:08.966 INFO Memory usage (end of timestep, peak): 19.98 GiB
2026-08-02 19:38:08.966 INFO Memory usage (end of timestep, current): 11.55 GiB
2026-08-02 19:38:08.966 INFO (Iteration 81) statement_count: real 0.04s | cpu 0.47s
2026-08-02 19:38:08.966 INFO (Iteration 81) reference_existence_per_statement_count_df: real 214.31s | cpu 217.19s
2026-08-02 19:38:08.966 INFO (Iteration 81) reference_completeness_df: real 0.00s | cpu 0.00s
2026-08-02 19:38:08.966 INFO Iteration 81 finished in 310.75s (real) and 244.50s (process)
2026-08-02 19:38:08.967 INFO Start timestep 2019-07-25 00:00:00+00:00 -> 2019-08-24 00:00:00+00:00
2026-08-02 19:39:06.468 INFO DuckDB memory logs:
  database_name database_size  block_size  ...  wal_size  memory_usage  memory_limit
0   postgres_db       6.2 TiB           0  ...   0 bytes       1.4 GiB      76.2 GiB
1        memory       0 bytes           0  ...   0 bytes       1.4 GiB      76.2 GiB

[2 rows x 9 columns]
2026-08-02 19:39:06.468 INFO Loading data (2019-07-25 00:00:00+00:00 -> 2019-08-24 00:00:00+00:00) done in 57.50s (real) and 30.20s (process)
2026-08-02 19:39:06.468 INFO Memory usage (start of timestep, peak): 19.98 GiB
2026-08-02 19:39:06.468 INFO Memory usage (start of timestep, current): 10.57 GiB
2026-08-02 19:39:06.468 INFO Calculating metrics
2026-08-02 19:39:06.469 INFO Calculating metric: statement_count
2026-08-02 19:39:06.500 INFO Calculating metric: reference_existence_per_statement_count_df
2026-08-02 19:42:34.031 INFO Calculating metric: reference_completeness_df
2026-08-02 19:42:34.036 INFO Memory usage (end of timestep, peak): 19.98 GiB
2026-08-02 19:42:34.036 INFO Memory usage (end of timestep, current): 10.59 GiB
2026-08-02 19:42:34.036 INFO (Iteration 82) statement_count: real 0.03s | cpu 0.32s
2026-08-02 19:42:34.036 INFO (Iteration 82) reference_existence_per_statement_count_df: real 207.53s | cpu 209.25s
2026-08-02 19:42:34.036 INFO (Iteration 82) reference_completeness_df: real 0.00s | cpu 0.00s
2026-08-02 19:42:34.037 INFO Iteration 82 finished in 265.07s (real) and 239.77s (process)
2026-08-02 19:42:34.037 INFO Start timestep 2019-08-24 00:00:00+00:00 -> 2019-09-23 00:00:00+00:00
2026-08-02 19:44:55.374 INFO DuckDB memory logs:
  database_name database_size  block_size  ...  wal_size  memory_usage  memory_limit
0   postgres_db       6.2 TiB           0  ...   0 bytes       3.5 GiB      76.2 GiB
1        memory       0 bytes           0  ...   0 bytes       3.5 GiB      76.2 GiB

[2 rows x 9 columns]
2026-08-02 19:44:55.375 INFO Loading data (2019-08-24 00:00:00+00:00 -> 2019-09-23 00:00:00+00:00) done in 141.34s (real) and 40.77s (process)
2026-08-02 19:44:55.375 INFO Memory usage (start of timestep, peak): 19.98 GiB
2026-08-02 19:44:55.375 INFO Memory usage (start of timestep, current): 12.62 GiB
2026-08-02 19:44:55.376 INFO Calculating metrics
2026-08-02 19:44:55.376 INFO Calculating metric: statement_count
2026-08-02 19:44:55.416 INFO Calculating metric: reference_existence_per_statement_count_df
2026-08-02 19:48:13.781 INFO Calculating metric: reference_completeness_df
2026-08-02 19:48:13.785 INFO Memory usage (end of timestep, peak): 19.98 GiB
2026-08-02 19:48:13.785 INFO Memory usage (end of timestep, current): 12.80 GiB
2026-08-02 19:48:13.785 INFO (Iteration 83) statement_count: real 0.04s | cpu 0.43s
2026-08-02 19:48:13.785 INFO (Iteration 83) reference_existence_per_statement_count_df: real 198.36s | cpu 201.22s
2026-08-02 19:48:13.785 INFO (Iteration 83) reference_completeness_df: real 0.00s | cpu 0.00s
2026-08-02 19:48:13.785 INFO Iteration 83 finished in 339.75s (real) and 242.43s (process)
2026-08-02 19:48:13.785 INFO Start timestep 2019-09-23 00:00:00+00:00 -> 2019-10-23 00:00:00+00:00
2026-08-02 19:54:53.529 INFO DuckDB memory logs:
  database_name database_size  block_size  ...  wal_size  memory_usage  memory_limit
0   postgres_db       6.2 TiB           0  ...   0 bytes       9.2 GiB      76.2 GiB
1        memory       0 bytes           0  ...   0 bytes       9.2 GiB      76.2 GiB

[2 rows x 9 columns]
2026-08-02 19:54:53.541 INFO Loading data (2019-09-23 00:00:00+00:00 -> 2019-10-23 00:00:00+00:00) done in 399.76s (real) and 108.89s (process)
2026-08-02 19:54:53.542 INFO Memory usage (start of timestep, peak): 19.98 GiB
2026-08-02 19:54:53.542 INFO Memory usage (start of timestep, current): 18.36 GiB
2026-08-02 19:54:53.542 INFO Calculating metrics
2026-08-02 19:54:53.542 INFO Calculating metric: statement_count
2026-08-02 19:54:53.601 INFO Calculating metric: reference_existence_per_statement_count_df
2026-08-02 19:58:50.456 INFO Calculating metric: reference_completeness_df
2026-08-02 19:58:50.459 INFO Memory usage (end of timestep, peak): 23.92 GiB
2026-08-02 19:58:50.460 INFO Memory usage (end of timestep, current): 18.97 GiB
2026-08-02 19:58:50.460 INFO (Iteration 84) statement_count: real 0.06s | cpu 0.78s
2026-08-02 19:58:50.460 INFO (Iteration 84) reference_existence_per_statement_count_df: real 236.85s | cpu 244.58s
2026-08-02 19:58:50.460 INFO (Iteration 84) reference_completeness_df: real 0.00s | cpu 0.00s
2026-08-02 19:58:50.460 INFO Iteration 84 finished in 636.67s (real) and 354.26s (process)
2026-08-02 19:58:50.460 INFO Start timestep 2019-10-23 00:00:00+00:00 -> 2019-11-22 00:00:00+00:00
2026-08-02 20:05:11.789 INFO DuckDB memory logs:
  database_name database_size  block_size  ...  wal_size  memory_usage  memory_limit
0   postgres_db       6.2 TiB           0  ...   0 bytes       8.7 GiB      76.2 GiB
1        memory       0 bytes           0  ...   0 bytes       8.7 GiB      76.2 GiB

[2 rows x 9 columns]
2026-08-02 20:05:11.802 INFO Loading data (2019-10-23 00:00:00+00:00 -> 2019-11-22 00:00:00+00:00) done in 381.34s (real) and 104.16s (process)
2026-08-02 20:05:11.802 INFO Memory usage (start of timestep, peak): 23.92 GiB
2026-08-02 20:05:11.802 INFO Memory usage (start of timestep, current): 18.46 GiB
2026-08-02 20:05:11.802 INFO Calculating metrics
2026-08-02 20:05:11.802 INFO Calculating metric: statement_count
2026-08-02 20:05:11.865 INFO Calculating metric: reference_existence_per_statement_count_df
2026-08-02 20:09:26.359 INFO Calculating metric: reference_completeness_df
2026-08-02 20:09:26.364 INFO Memory usage (end of timestep, peak): 24.30 GiB
2026-08-02 20:09:26.364 INFO Memory usage (end of timestep, current): 19.06 GiB
2026-08-02 20:09:26.365 INFO (Iteration 85) statement_count: real 0.06s | cpu 0.81s
2026-08-02 20:09:26.365 INFO (Iteration 85) reference_existence_per_statement_count_df: real 254.49s | cpu 261.75s
2026-08-02 20:09:26.365 INFO (Iteration 85) reference_completeness_df: real 0.00s | cpu 0.00s
2026-08-02 20:09:26.365 INFO Iteration 85 finished in 635.90s (real) and 366.72s (process)
2026-08-02 20:09:26.366 INFO Start timestep 2019-11-22 00:00:00+00:00 -> 2019-12-22 00:00:00+00:00
2026-08-02 20:13:29.739 INFO DuckDB memory logs:
  database_name database_size  block_size  ...  wal_size  memory_usage  memory_limit
0   postgres_db       6.2 TiB           0  ...   0 bytes       5.9 GiB      76.2 GiB
1        memory       0 bytes           0  ...   0 bytes       5.9 GiB      76.2 GiB

[2 rows x 9 columns]
2026-08-02 20:13:29.740 INFO Loading data (2019-11-22 00:00:00+00:00 -> 2019-12-22 00:00:00+00:00) done in 243.37s (real) and 70.71s (process)
2026-08-02 20:13:29.740 INFO Memory usage (start of timestep, peak): 24.30 GiB
2026-08-02 20:13:29.740 INFO Memory usage (start of timestep, current): 16.23 GiB
2026-08-02 20:13:29.740 INFO Calculating metrics
2026-08-02 20:13:29.740 INFO Calculating metric: statement_count
2026-08-02 20:13:29.801 INFO Calculating metric: reference_existence_per_statement_count_df
2026-08-02 20:17:36.810 INFO Calculating metric: reference_completeness_df
2026-08-02 20:17:36.813 INFO Memory usage (end of timestep, peak): 24.30 GiB
2026-08-02 20:17:36.814 INFO Memory usage (end of timestep, current): 16.99 GiB
2026-08-02 20:17:36.814 INFO (Iteration 86) statement_count: real 0.06s | cpu 0.77s
2026-08-02 20:17:36.814 INFO (Iteration 86) reference_existence_per_statement_count_df: real 247.01s | cpu 252.96s
2026-08-02 20:17:36.814 INFO (Iteration 86) reference_completeness_df: real 0.00s | cpu 0.00s
2026-08-02 20:17:36.814 INFO Iteration 86 finished in 490.45s (real) and 324.44s (process)
2026-08-02 20:17:36.814 INFO Start timestep 2019-12-22 00:00:00+00:00 -> 2020-01-21 00:00:00+00:00
2026-08-02 20:23:33.852 INFO DuckDB memory logs:
  database_name database_size  block_size  ...  wal_size  memory_usage  memory_limit
0   postgres_db       6.2 TiB           0  ...   0 bytes       8.6 GiB      76.2 GiB
1        memory       0 bytes           0  ...   0 bytes       8.6 GiB      76.2 GiB

[2 rows x 9 columns]
2026-08-02 20:23:33.865 INFO Loading data (2019-12-22 00:00:00+00:00 -> 2020-01-21 00:00:00+00:00) done in 357.05s (real) and 103.62s (process)
2026-08-02 20:23:33.865 INFO Memory usage (start of timestep, peak): 24.30 GiB
2026-08-02 20:23:33.865 INFO Memory usage (start of timestep, current): 19.66 GiB
2026-08-02 20:23:33.866 INFO Calculating metrics
2026-08-02 20:23:33.866 INFO Calculating metric: statement_count
2026-08-02 20:23:33.932 INFO Calculating metric: reference_existence_per_statement_count_df
2026-08-02 20:28:23.879 INFO Calculating metric: reference_completeness_df
2026-08-02 20:28:23.883 INFO Memory usage (end of timestep, peak): 25.91 GiB
2026-08-02 20:28:23.883 INFO Memory usage (end of timestep, current): 20.37 GiB
2026-08-02 20:28:23.883 INFO (Iteration 87) statement_count: real 0.07s | cpu 0.80s
2026-08-02 20:28:23.883 INFO (Iteration 87) reference_existence_per_statement_count_df: real 289.95s | cpu 297.75s
2026-08-02 20:28:23.883 INFO (Iteration 87) reference_completeness_df: real 0.00s | cpu 0.00s
2026-08-02 20:28:23.883 INFO Iteration 87 finished in 647.07s (real) and 402.17s (process)
2026-08-02 20:28:23.884 INFO Start timestep 2020-01-21 00:00:00+00:00 -> 2020-02-20 00:00:00+00:00
2026-08-02 20:32:29.081 INFO DuckDB memory logs:
  database_name database_size  block_size  ...  wal_size  memory_usage  memory_limit
0   postgres_db       6.2 TiB           0  ...   0 bytes       6.0 GiB      76.2 GiB
1        memory       0 bytes           0  ...   0 bytes       6.0 GiB      76.2 GiB

[2 rows x 9 columns]
2026-08-02 20:32:29.082 INFO Loading data (2020-01-21 00:00:00+00:00 -> 2020-02-20 00:00:00+00:00) done in 245.20s (real) and 72.12s (process)
2026-08-02 20:32:29.083 INFO Memory usage (start of timestep, peak): 25.91 GiB
2026-08-02 20:32:29.083 INFO Memory usage (start of timestep, current): 17.74 GiB
2026-08-02 20:32:29.083 INFO Calculating metrics
2026-08-02 20:32:29.083 INFO Calculating metric: statement_count
2026-08-02 20:32:29.136 INFO Calculating metric: reference_existence_per_statement_count_df
2026-08-02 20:36:54.925 INFO Calculating metric: reference_completeness_df
2026-08-02 20:36:54.929 INFO Memory usage (end of timestep, peak): 25.91 GiB
2026-08-02 20:36:54.929 INFO Memory usage (end of timestep, current): 18.20 GiB
2026-08-02 20:36:54.930 INFO (Iteration 88) statement_count: real 0.05s | cpu 0.65s
2026-08-02 20:36:54.930 INFO (Iteration 88) reference_existence_per_statement_count_df: real 265.79s | cpu 271.83s
2026-08-02 20:36:54.930 INFO (Iteration 88) reference_completeness_df: real 0.00s | cpu 0.00s
2026-08-02 20:36:54.930 INFO Iteration 88 finished in 511.05s (real) and 344.60s (process)
2026-08-02 20:36:54.930 INFO Start timestep 2020-02-20 00:00:00+00:00 -> 2020-03-21 00:00:00+00:00
2026-08-02 20:41:43.370 INFO DuckDB memory logs:
  database_name database_size  block_size  ...  wal_size  memory_usage  memory_limit
0   postgres_db       6.2 TiB           0  ...   0 bytes       7.3 GiB      76.2 GiB
1        memory       0 bytes           0  ...   0 bytes       7.3 GiB      76.2 GiB

[2 rows x 9 columns]
2026-08-02 20:41:43.371 INFO Loading data (2020-02-20 00:00:00+00:00 -> 2020-03-21 00:00:00+00:00) done in 288.44s (real) and 88.17s (process)
2026-08-02 20:41:43.371 INFO Memory usage (start of timestep, peak): 25.91 GiB
2026-08-02 20:41:43.371 INFO Memory usage (start of timestep, current): 19.47 GiB
2026-08-02 20:41:43.372 INFO Calculating metrics
2026-08-02 20:41:43.372 INFO Calculating metric: statement_count
2026-08-02 20:41:43.426 INFO Calculating metric: reference_existence_per_statement_count_df
2026-08-02 20:46:46.233 INFO Calculating metric: reference_completeness_df
2026-08-02 20:46:46.237 INFO Memory usage (end of timestep, peak): 25.91 GiB
2026-08-02 20:46:46.237 INFO Memory usage (end of timestep, current): 20.10 GiB
2026-08-02 20:46:46.238 INFO (Iteration 89) statement_count: real 0.05s | cpu 0.62s
2026-08-02 20:46:46.238 INFO (Iteration 89) reference_existence_per_statement_count_df: real 302.81s | cpu 309.54s
2026-08-02 20:46:46.238 INFO (Iteration 89) reference_completeness_df: real 0.00s | cpu 0.00s
2026-08-02 20:46:46.238 INFO Iteration 89 finished in 591.31s (real) and 398.33s (process)
2026-08-02 20:46:46.238 INFO Start timestep 2020-03-21 00:00:00+00:00 -> 2020-04-20 00:00:00+00:00
2026-08-02 20:51:45.012 INFO DuckDB memory logs:
  database_name database_size  block_size  ...  wal_size  memory_usage  memory_limit
0   postgres_db       6.2 TiB           0  ...   0 bytes       7.2 GiB      76.2 GiB
1        memory       0 bytes           0  ...   0 bytes       7.2 GiB      76.2 GiB

[2 rows x 9 columns]
2026-08-02 20:51:45.014 INFO Loading data (2020-03-21 00:00:00+00:00 -> 2020-04-20 00:00:00+00:00) done in 298.78s (real) and 315.60s (process)
2026-08-02 20:51:45.015 INFO Memory usage (start of timestep, peak): 25.91 GiB
2026-08-02 20:51:45.015 INFO Memory usage (start of timestep, current): 19.95 GiB
2026-08-02 20:51:45.015 INFO Calculating metrics
2026-08-02 20:51:45.015 INFO Calculating metric: statement_count
2026-08-02 20:51:45.078 INFO Calculating metric: reference_existence_per_statement_count_df
2026-08-02 20:56:56.040 INFO Calculating metric: reference_completeness_df
2026-08-02 20:56:56.056 INFO Memory usage (end of timestep, peak): 26.52 GiB
2026-08-02 20:56:56.056 INFO Memory usage (end of timestep, current): 20.30 GiB
2026-08-02 20:56:56.056 INFO (Iteration 90) statement_count: real 0.06s | cpu 0.80s
2026-08-02 20:56:56.056 INFO (Iteration 90) reference_existence_per_statement_count_df: real 310.96s | cpu 318.00s
2026-08-02 20:56:56.057 INFO (Iteration 90) reference_completeness_df: real 0.00s | cpu 0.00s
2026-08-02 20:56:56.057 INFO Iteration 90 finished in 609.82s (real) and 634.41s (process)
2026-08-02 20:56:56.060 INFO Start timestep 2020-04-20 00:00:00+00:00 -> 2020-05-20 00:00:00+00:00
2026-08-02 21:02:04.130 INFO DuckDB memory logs:
  database_name database_size  block_size  ...  wal_size  memory_usage  memory_limit
0   postgres_db       6.2 TiB           0  ...   0 bytes       8.1 GiB      76.2 GiB
1        memory       0 bytes           0  ...   0 bytes       8.1 GiB      76.2 GiB

[2 rows x 9 columns]
2026-08-02 21:02:04.136 INFO Loading data (2020-04-20 00:00:00+00:00 -> 2020-05-20 00:00:00+00:00) done in 308.08s (real) and 94.94s (process)
2026-08-02 21:02:04.137 INFO Memory usage (start of timestep, peak): 26.52 GiB
2026-08-02 21:02:04.137 INFO Memory usage (start of timestep, current): 21.06 GiB
2026-08-02 21:02:04.137 INFO Calculating metrics
2026-08-02 21:02:04.137 INFO Calculating metric: statement_count
2026-08-02 21:02:04.198 INFO Calculating metric: reference_existence_per_statement_count_df
2026-08-02 21:07:32.778 INFO Calculating metric: reference_completeness_df
2026-08-02 21:07:32.782 INFO Memory usage (end of timestep, peak): 28.11 GiB
2026-08-02 21:07:32.782 INFO Memory usage (end of timestep, current): 21.63 GiB
2026-08-02 21:07:32.782 INFO (Iteration 91) statement_count: real 0.06s | cpu 0.81s
2026-08-02 21:07:32.782 INFO (Iteration 91) reference_existence_per_statement_count_df: real 328.58s | cpu 336.03s
2026-08-02 21:07:32.783 INFO (Iteration 91) reference_completeness_df: real 0.00s | cpu 0.00s
2026-08-02 21:07:32.783 INFO Iteration 91 finished in 636.72s (real) and 431.78s (process)
2026-08-02 21:07:32.783 INFO Start timestep 2020-05-20 00:00:00+00:00 -> 2020-06-19 00:00:00+00:00
2026-08-02 21:10:28.800 INFO DuckDB memory logs:
  database_name database_size  block_size  ...  wal_size  memory_usage  memory_limit
0   postgres_db       6.2 TiB           0  ...   0 bytes       4.6 GiB      76.2 GiB
1        memory       0 bytes           0  ...   0 bytes       4.6 GiB      76.2 GiB

[2 rows x 9 columns]
2026-08-02 21:10:28.801 INFO Loading data (2020-05-20 00:00:00+00:00 -> 2020-06-19 00:00:00+00:00) done in 176.02s (real) and 54.34s (process)
2026-08-02 21:10:28.801 INFO Memory usage (start of timestep, peak): 28.11 GiB
2026-08-02 21:10:28.801 INFO Memory usage (start of timestep, current): 18.21 GiB
2026-08-02 21:10:28.801 INFO Calculating metrics
2026-08-02 21:10:28.802 INFO Calculating metric: statement_count
2026-08-02 21:10:28.841 INFO Calculating metric: reference_existence_per_statement_count_df
2026-08-02 21:15:50.806 INFO Calculating metric: reference_completeness_df
2026-08-02 21:15:50.813 INFO Memory usage (end of timestep, peak): 28.11 GiB
2026-08-02 21:15:50.814 INFO Memory usage (end of timestep, current): 18.69 GiB
2026-08-02 21:15:50.814 INFO (Iteration 92) statement_count: real 0.04s | cpu 0.49s
2026-08-02 21:15:50.814 INFO (Iteration 92) reference_existence_per_statement_count_df: real 321.96s | cpu 326.27s
2026-08-02 21:15:50.814 INFO (Iteration 92) reference_completeness_df: real 0.00s | cpu 0.00s
2026-08-02 21:15:50.814 INFO Iteration 92 finished in 498.03s (real) and 381.09s (process)
2026-08-02 21:15:50.815 INFO Start timestep 2020-06-19 00:00:00+00:00 -> 2020-07-19 00:00:00+00:00
2026-08-02 21:16:52.073 INFO DuckDB memory logs:
  database_name database_size  block_size  ...  wal_size  memory_usage  memory_limit
0   postgres_db       6.2 TiB           0  ...   0 bytes       1.5 GiB      76.2 GiB
1        memory       0 bytes           0  ...   0 bytes       1.5 GiB      76.2 GiB

[2 rows x 9 columns]
2026-08-02 21:16:52.073 INFO Loading data (2020-06-19 00:00:00+00:00 -> 2020-07-19 00:00:00+00:00) done in 61.26s (real) and 17.92s (process)
2026-08-02 21:16:52.073 INFO Memory usage (start of timestep, peak): 28.11 GiB
2026-08-02 21:16:52.073 INFO Memory usage (start of timestep, current): 15.69 GiB
2026-08-02 21:16:52.073 INFO Calculating metrics
2026-08-02 21:16:52.073 INFO Calculating metric: statement_count
2026-08-02 21:16:52.106 INFO Calculating metric: reference_existence_per_statement_count_df
2026-08-02 21:22:10.669 INFO Calculating metric: reference_completeness_df
2026-08-02 21:22:10.685 INFO Memory usage (end of timestep, peak): 28.11 GiB
2026-08-02 21:22:10.685 INFO Memory usage (end of timestep, current): 16.03 GiB
2026-08-02 21:22:10.685 INFO (Iteration 93) statement_count: real 0.03s | cpu 0.32s
2026-08-02 21:22:10.685 INFO (Iteration 93) reference_existence_per_statement_count_df: real 318.56s | cpu 321.10s
2026-08-02 21:22:10.686 INFO (Iteration 93) reference_completeness_df: real 0.00s | cpu 0.00s
2026-08-02 21:22:10.686 INFO Iteration 93 finished in 379.87s (real) and 339.35s (process)
2026-08-02 21:22:10.687 INFO Start timestep 2020-07-19 00:00:00+00:00 -> 2020-08-18 00:00:00+00:00
2026-08-02 21:23:36.990 INFO DuckDB memory logs:
  database_name database_size  block_size  ...  wal_size  memory_usage  memory_limit
0   postgres_db       6.2 TiB           0  ...   0 bytes       2.0 GiB      76.2 GiB
1        memory       0 bytes           0  ...   0 bytes       2.0 GiB      76.2 GiB

[2 rows x 9 columns]
2026-08-02 21:23:36.991 INFO Loading data (2020-07-19 00:00:00+00:00 -> 2020-08-18 00:00:00+00:00) done in 86.30s (real) and 23.94s (process)
2026-08-02 21:23:36.991 INFO Memory usage (start of timestep, peak): 28.11 GiB
2026-08-02 21:23:36.991 INFO Memory usage (start of timestep, current): 16.55 GiB
2026-08-02 21:23:36.991 INFO Calculating metrics
2026-08-02 21:23:36.991 INFO Calculating metric: statement_count
2026-08-02 21:23:37.028 INFO Calculating metric: reference_existence_per_statement_count_df
2026-08-02 21:29:17.333 INFO Calculating metric: reference_completeness_df
2026-08-02 21:29:17.348 INFO Memory usage (end of timestep, peak): 28.11 GiB
2026-08-02 21:29:17.348 INFO Memory usage (end of timestep, current): 16.77 GiB
2026-08-02 21:29:17.348 INFO (Iteration 94) statement_count: real 0.04s | cpu 0.42s
2026-08-02 21:29:17.348 INFO (Iteration 94) reference_existence_per_statement_count_df: real 340.30s | cpu 343.46s
2026-08-02 21:29:17.349 INFO (Iteration 94) reference_completeness_df: real 0.00s | cpu 0.00s
2026-08-02 21:29:17.349 INFO Iteration 94 finished in 426.66s (real) and 367.83s (process)
2026-08-02 21:29:17.350 INFO Start timestep 2020-08-18 00:00:00+00:00 -> 2020-09-17 00:00:00+00:00
2026-08-02 21:30:07.942 INFO DuckDB memory logs:
  database_name database_size  block_size  ...  wal_size  memory_usage  memory_limit
0   postgres_db       6.2 TiB           0  ...   0 bytes       1.3 GiB      76.2 GiB
1        memory       0 bytes           0  ...   0 bytes       1.3 GiB      76.2 GiB

[2 rows x 9 columns]
2026-08-02 21:30:07.942 INFO Loading data (2020-08-18 00:00:00+00:00 -> 2020-09-17 00:00:00+00:00) done in 50.59s (real) and 15.15s (process)
2026-08-02 21:30:07.942 INFO Memory usage (start of timestep, peak): 28.11 GiB
2026-08-02 21:30:07.942 INFO Memory usage (start of timestep, current): 16.02 GiB
2026-08-02 21:30:07.942 INFO Calculating metrics
2026-08-02 21:30:07.942 INFO Calculating metric: statement_count
2026-08-02 21:30:07.978 INFO Calculating metric: reference_existence_per_statement_count_df
2026-08-02 21:35:41.612 INFO Calculating metric: reference_completeness_df
2026-08-02 21:35:41.628 INFO Memory usage (end of timestep, peak): 28.11 GiB
2026-08-02 21:35:41.629 INFO Memory usage (end of timestep, current): 16.13 GiB
2026-08-02 21:35:41.629 INFO (Iteration 95) statement_count: real 0.04s | cpu 0.29s
2026-08-02 21:35:41.629 INFO (Iteration 95) reference_existence_per_statement_count_df: real 333.63s | cpu 336.11s
2026-08-02 21:35:41.629 INFO (Iteration 95) reference_completeness_df: real 0.00s | cpu 0.00s
2026-08-02 21:35:41.629 INFO Iteration 95 finished in 384.28s (real) and 351.55s (process)
2026-08-02 21:35:41.630 INFO Start timestep 2020-09-17 00:00:00+00:00 -> 2020-10-17 00:00:00+00:00
2026-08-02 21:36:32.358 INFO DuckDB memory logs:
  database_name database_size  block_size  ...  wal_size  memory_usage  memory_limit
0   postgres_db       6.2 TiB           0  ...   0 bytes       1.3 GiB      76.2 GiB
1        memory       0 bytes           0  ...   0 bytes       1.3 GiB      76.2 GiB

[2 rows x 9 columns]
2026-08-02 21:36:32.358 INFO Loading data (2020-09-17 00:00:00+00:00 -> 2020-10-17 00:00:00+00:00) done in 50.73s (real) and 14.65s (process)
2026-08-02 21:36:32.358 INFO Memory usage (start of timestep, peak): 28.11 GiB
2026-08-02 21:36:32.358 INFO Memory usage (start of timestep, current): 16.09 GiB
2026-08-02 21:36:32.358 INFO Calculating metrics
2026-08-02 21:36:32.359 INFO Calculating metric: statement_count
2026-08-02 21:36:32.389 INFO Calculating metric: reference_existence_per_statement_count_df
2026-08-02 21:42:14.946 INFO Calculating metric: reference_completeness_df
2026-08-02 21:42:14.963 INFO Memory usage (end of timestep, peak): 28.11 GiB
2026-08-02 21:42:14.963 INFO Memory usage (end of timestep, current): 16.19 GiB
2026-08-02 21:42:14.963 INFO (Iteration 96) statement_count: real 0.03s | cpu 0.29s
2026-08-02 21:42:14.963 INFO (Iteration 96) reference_existence_per_statement_count_df: real 342.56s | cpu 344.98s
2026-08-02 21:42:14.964 INFO (Iteration 96) reference_completeness_df: real 0.00s | cpu 0.00s
2026-08-02 21:42:14.964 INFO Iteration 96 finished in 393.33s (real) and 359.92s (process)
2026-08-02 21:42:14.965 INFO Start timestep 2020-10-17 00:00:00+00:00 -> 2020-11-16 00:00:00+00:00
2026-08-02 21:43:12.490 INFO DuckDB memory logs:
  database_name database_size  block_size  ...  wal_size  memory_usage  memory_limit
0   postgres_db       6.2 TiB           0  ...   0 bytes       1.4 GiB      76.2 GiB
1        memory       0 bytes           0  ...   0 bytes       1.4 GiB      76.2 GiB

[2 rows x 9 columns]
2026-08-02 21:43:12.490 INFO Loading data (2020-10-17 00:00:00+00:00 -> 2020-11-16 00:00:00+00:00) done in 57.53s (real) and 16.22s (process)
2026-08-02 21:43:12.490 INFO Memory usage (start of timestep, peak): 28.11 GiB
2026-08-02 21:43:12.491 INFO Memory usage (start of timestep, current): 16.26 GiB
2026-08-02 21:43:12.491 INFO Calculating metrics
2026-08-02 21:43:12.491 INFO Calculating metric: statement_count
2026-08-02 21:43:12.523 INFO Calculating metric: reference_existence_per_statement_count_df
2026-08-02 21:48:47.279 INFO Calculating metric: reference_completeness_df
2026-08-02 21:48:47.293 INFO Memory usage (end of timestep, peak): 28.11 GiB
2026-08-02 21:48:47.294 INFO Memory usage (end of timestep, current): 16.33 GiB
2026-08-02 21:48:47.294 INFO (Iteration 97) statement_count: real 0.03s | cpu 0.26s
2026-08-02 21:48:47.294 INFO (Iteration 97) reference_existence_per_statement_count_df: real 334.76s | cpu 337.22s
2026-08-02 21:48:47.294 INFO (Iteration 97) reference_completeness_df: real 0.00s | cpu 0.00s
2026-08-02 21:48:47.294 INFO Iteration 97 finished in 392.33s (real) and 353.71s (process)
2026-08-02 21:48:47.296 INFO Start timestep 2020-11-16 00:00:00+00:00 -> 2020-12-16 00:00:00+00:00
2026-08-02 21:49:40.618 INFO DuckDB memory logs:
  database_name database_size  block_size  ...  wal_size  memory_usage  memory_limit
0   postgres_db       6.2 TiB           0  ...   0 bytes       1.4 GiB      76.2 GiB
1        memory       0 bytes           0  ...   0 bytes       1.4 GiB      76.2 GiB

[2 rows x 9 columns]
2026-08-02 21:49:40.619 INFO Loading data (2020-11-16 00:00:00+00:00 -> 2020-12-16 00:00:00+00:00) done in 53.32s (real) and 16.11s (process)
2026-08-02 21:49:40.619 INFO Memory usage (start of timestep, peak): 28.11 GiB
2026-08-02 21:49:40.619 INFO Memory usage (start of timestep, current): 16.32 GiB
2026-08-02 21:49:40.619 INFO Calculating metrics
2026-08-02 21:49:40.619 INFO Calculating metric: statement_count
2026-08-02 21:49:40.654 INFO Calculating metric: reference_existence_per_statement_count_df
2026-08-02 21:55:32.670 INFO Calculating metric: reference_completeness_df
2026-08-02 21:55:32.685 INFO Memory usage (end of timestep, peak): 28.11 GiB
2026-08-02 21:55:32.685 INFO Memory usage (end of timestep, current): 16.46 GiB
2026-08-02 21:55:32.685 INFO (Iteration 98) statement_count: real 0.03s | cpu 0.31s
2026-08-02 21:55:32.685 INFO (Iteration 98) reference_existence_per_statement_count_df: real 352.02s | cpu 354.53s
2026-08-02 21:55:32.685 INFO (Iteration 98) reference_completeness_df: real 0.00s | cpu 0.00s
2026-08-02 21:55:32.685 INFO Iteration 98 finished in 405.39s (real) and 370.95s (process)
2026-08-02 21:55:32.686 INFO Start timestep 2020-12-16 00:00:00+00:00 -> 2021-01-15 00:00:00+00:00
2026-08-02 21:56:35.347 INFO DuckDB memory logs:
  database_name database_size  block_size  ...  wal_size  memory_usage  memory_limit
0   postgres_db       6.2 TiB           0  ...   0 bytes       1.4 GiB      76.2 GiB
1        memory       0 bytes           0  ...   0 bytes       1.4 GiB      76.2 GiB

[2 rows x 9 columns]
2026-08-02 21:56:35.347 INFO Loading data (2020-12-16 00:00:00+00:00 -> 2021-01-15 00:00:00+00:00) done in 62.66s (real) and 16.77s (process)
2026-08-02 21:56:35.347 INFO Memory usage (start of timestep, peak): 28.11 GiB
2026-08-02 21:56:35.347 INFO Memory usage (start of timestep, current): 16.49 GiB
2026-08-02 21:56:35.347 INFO Calculating metrics
2026-08-02 21:56:35.347 INFO Calculating metric: statement_count
2026-08-02 21:56:35.379 INFO Calculating metric: reference_existence_per_statement_count_df
2026-08-02 22:02:25.581 INFO Calculating metric: reference_completeness_df
2026-08-02 22:02:25.595 INFO Memory usage (end of timestep, peak): 28.11 GiB
2026-08-02 22:02:25.596 INFO Memory usage (end of timestep, current): 16.47 GiB
2026-08-02 22:02:25.596 INFO (Iteration 99) statement_count: real 0.03s | cpu 0.28s
2026-08-02 22:02:25.596 INFO (Iteration 99) reference_existence_per_statement_count_df: real 350.20s | cpu 352.66s
2026-08-02 22:02:25.596 INFO (Iteration 99) reference_completeness_df: real 0.00s | cpu 0.00s
2026-08-02 22:02:25.596 INFO Iteration 99 finished in 412.91s (real) and 369.72s (process)
2026-08-02 22:02:25.597 INFO Start timestep 2021-01-15 00:00:00+00:00 -> 2021-02-14 00:00:00+00:00
2026-08-02 22:03:37.813 INFO DuckDB memory logs:
  database_name database_size  block_size  ...  wal_size  memory_usage  memory_limit
0   postgres_db       6.2 TiB           0  ...   0 bytes       1.8 GiB      76.2 GiB
1        memory       0 bytes           0  ...   0 bytes       1.8 GiB      76.2 GiB

[2 rows x 9 columns]
2026-08-02 22:03:37.814 INFO Loading data (2021-01-15 00:00:00+00:00 -> 2021-02-14 00:00:00+00:00) done in 72.22s (real) and 20.77s (process)
2026-08-02 22:03:37.814 INFO Memory usage (start of timestep, peak): 28.11 GiB
2026-08-02 22:03:37.814 INFO Memory usage (start of timestep, current): 16.83 GiB
2026-08-02 22:03:37.814 INFO Calculating metrics
2026-08-02 22:03:37.814 INFO Calculating metric: statement_count
2026-08-02 22:03:37.847 INFO Calculating metric: reference_existence_per_statement_count_df
2026-08-02 22:09:13.730 INFO Calculating metric: reference_completeness_df
2026-08-02 22:09:13.746 INFO Memory usage (end of timestep, peak): 28.11 GiB
2026-08-02 22:09:13.747 INFO Memory usage (end of timestep, current): 16.96 GiB
2026-08-02 22:09:13.747 INFO (Iteration 100) statement_count: real 0.03s | cpu 0.34s
2026-08-02 22:09:13.747 INFO (Iteration 100) reference_existence_per_statement_count_df: real 335.88s | cpu 338.75s
2026-08-02 22:09:13.747 INFO (Iteration 100) reference_completeness_df: real 0.00s | cpu 0.00s
2026-08-02 22:09:13.747 INFO Iteration 100 finished in 408.15s (real) and 359.86s (process)
2026-08-02 22:09:13.748 INFO Start timestep 2021-02-14 00:00:00+00:00 -> 2021-03-16 00:00:00+00:00
2026-08-02 22:13:31.369 INFO DuckDB memory logs:
  database_name database_size  block_size  ...  wal_size  memory_usage  memory_limit
0   postgres_db       6.2 TiB           0  ...   0 bytes       5.7 GiB      76.2 GiB
1        memory       0 bytes           0  ...   0 bytes       5.7 GiB      76.2 GiB

[2 rows x 9 columns]
2026-08-02 22:13:31.370 INFO Loading data (2021-02-14 00:00:00+00:00 -> 2021-03-16 00:00:00+00:00) done in 257.62s (real) and 66.79s (process)
2026-08-02 22:13:31.370 INFO Memory usage (start of timestep, peak): 28.11 GiB
2026-08-02 22:13:31.370 INFO Memory usage (start of timestep, current): 20.75 GiB
2026-08-02 22:13:31.370 INFO Calculating metrics
2026-08-02 22:13:31.371 INFO Calculating metric: statement_count
2026-08-02 22:13:31.416 INFO Calculating metric: reference_existence_per_statement_count_df
2026-08-02 22:19:47.816 INFO Calculating metric: reference_completeness_df
2026-08-02 22:19:47.830 INFO Memory usage (end of timestep, peak): 28.11 GiB
2026-08-02 22:19:47.830 INFO Memory usage (end of timestep, current): 21.17 GiB
2026-08-02 22:19:47.831 INFO (Iteration 101) statement_count: real 0.05s | cpu 0.59s
2026-08-02 22:19:47.831 INFO (Iteration 101) reference_existence_per_statement_count_df: real 376.40s | cpu 382.43s
2026-08-02 22:19:47.831 INFO (Iteration 101) reference_completeness_df: real 0.00s | cpu 0.00s
2026-08-02 22:19:47.831 INFO Iteration 101 finished in 634.08s (real) and 449.80s (process)
2026-08-02 22:19:47.832 INFO Start timestep 2021-03-16 00:00:00+00:00 -> 2021-04-15 00:00:00+00:00
2026-08-02 22:23:54.995 INFO DuckDB memory logs:
  database_name database_size  block_size  ...  wal_size  memory_usage  memory_limit
0   postgres_db       6.2 TiB           0  ...   0 bytes       5.1 GiB      76.2 GiB
1        memory       0 bytes           0  ...   0 bytes       5.1 GiB      76.2 GiB

[2 rows x 9 columns]
2026-08-02 22:23:54.996 INFO Loading data (2021-03-16 00:00:00+00:00 -> 2021-04-15 00:00:00+00:00) done in 247.16s (real) and 260.48s (process)
2026-08-02 22:23:54.996 INFO Memory usage (start of timestep, peak): 28.11 GiB
2026-08-02 22:23:54.996 INFO Memory usage (start of timestep, current): 20.54 GiB
2026-08-02 22:23:54.996 INFO Calculating metrics
2026-08-02 22:23:54.996 INFO Calculating metric: statement_count
2026-08-02 22:23:55.042 INFO Calculating metric: reference_existence_per_statement_count_df
2026-08-02 22:30:00.700 INFO Calculating metric: reference_completeness_df
2026-08-02 22:30:00.717 INFO Memory usage (end of timestep, peak): 28.11 GiB
2026-08-02 22:30:00.717 INFO Memory usage (end of timestep, current): 20.84 GiB
2026-08-02 22:30:00.717 INFO (Iteration 102) statement_count: real 0.05s | cpu 0.52s
2026-08-02 22:30:00.717 INFO (Iteration 102) reference_existence_per_statement_count_df: real 365.66s | cpu 370.68s
2026-08-02 22:30:00.717 INFO (Iteration 102) reference_completeness_df: real 0.01s | cpu 0.00s
2026-08-02 22:30:00.717 INFO Iteration 102 finished in 612.88s (real) and 631.69s (process)
2026-08-02 22:30:00.718 INFO Start timestep 2021-04-15 00:00:00+00:00 -> 2021-05-15 00:00:00+00:00
2026-08-02 22:33:37.938 INFO DuckDB memory logs:
  database_name database_size  block_size  ...  wal_size  memory_usage  memory_limit
0   postgres_db       6.2 TiB           0  ...   0 bytes       4.7 GiB      76.2 GiB
1        memory       0 bytes           0  ...   0 bytes       4.7 GiB      76.2 GiB

[2 rows x 9 columns]
2026-08-02 22:33:37.939 INFO Loading data (2021-04-15 00:00:00+00:00 -> 2021-05-15 00:00:00+00:00) done in 217.22s (real) and 56.35s (process)
2026-08-02 22:33:37.940 INFO Memory usage (start of timestep, peak): 28.11 GiB
2026-08-02 22:33:37.940 INFO Memory usage (start of timestep, current): 20.49 GiB
2026-08-02 22:33:37.940 INFO Calculating metrics
2026-08-02 22:33:37.940 INFO Calculating metric: statement_count
2026-08-02 22:33:37.988 INFO Calculating metric: reference_existence_per_statement_count_df
2026-08-02 22:39:54.251 INFO Calculating metric: reference_completeness_df
2026-08-02 22:39:54.267 INFO Memory usage (end of timestep, peak): 28.11 GiB
2026-08-02 22:39:54.267 INFO Memory usage (end of timestep, current): 20.70 GiB
2026-08-02 22:39:54.267 INFO (Iteration 103) statement_count: real 0.05s | cpu 0.52s
2026-08-02 22:39:54.267 INFO (Iteration 103) reference_existence_per_statement_count_df: real 376.26s | cpu 381.20s
2026-08-02 22:39:54.268 INFO (Iteration 103) reference_completeness_df: real 0.00s | cpu 0.00s
2026-08-02 22:39:54.268 INFO Iteration 103 finished in 593.55s (real) and 438.08s (process)
2026-08-02 22:39:54.269 INFO Start timestep 2021-05-15 00:00:00+00:00 -> 2021-06-14 00:00:00+00:00
2026-08-02 22:41:14.328 INFO DuckDB memory logs:
  database_name database_size  block_size  ...  wal_size  memory_usage  memory_limit
0   postgres_db       6.2 TiB           0  ...   0 bytes       1.6 GiB      76.2 GiB
1        memory       0 bytes           0  ...   0 bytes       1.6 GiB      76.2 GiB

[2 rows x 9 columns]
2026-08-02 22:41:14.329 INFO Loading data (2021-05-15 00:00:00+00:00 -> 2021-06-14 00:00:00+00:00) done in 80.06s (real) and 21.19s (process)
2026-08-02 22:41:14.330 INFO Memory usage (start of timestep, peak): 28.11 GiB
2026-08-02 22:41:14.330 INFO Memory usage (start of timestep, current): 17.62 GiB
2026-08-02 22:41:14.330 INFO Calculating metrics
2026-08-02 22:41:14.330 INFO Calculating metric: statement_count
2026-08-02 22:41:14.359 INFO Calculating metric: reference_existence_per_statement_count_df
2026-08-02 22:47:51.271 INFO Calculating metric: reference_completeness_df
2026-08-02 22:47:51.286 INFO Memory usage (end of timestep, peak): 28.11 GiB
2026-08-02 22:47:51.286 INFO Memory usage (end of timestep, current): 17.63 GiB
2026-08-02 22:47:51.286 INFO (Iteration 104) statement_count: real 0.03s | cpu 0.28s
2026-08-02 22:47:51.287 INFO (Iteration 104) reference_existence_per_statement_count_df: real 396.91s | cpu 399.80s
2026-08-02 22:47:51.287 INFO (Iteration 104) reference_completeness_df: real 0.00s | cpu 0.00s
2026-08-02 22:47:51.287 INFO Iteration 104 finished in 477.02s (real) and 421.27s (process)
2026-08-02 22:47:51.288 INFO Start timestep 2021-06-14 00:00:00+00:00 -> 2021-07-14 00:00:00+00:00
2026-08-02 22:50:11.821 INFO DuckDB memory logs:
  database_name database_size  block_size  ...  wal_size  memory_usage  memory_limit
0   postgres_db       6.2 TiB           0  ...   0 bytes       2.9 GiB      76.2 GiB
1        memory       0 bytes           0  ...   0 bytes       2.9 GiB      76.2 GiB

[2 rows x 9 columns]
2026-08-02 22:50:11.822 INFO Loading data (2021-06-14 00:00:00+00:00 -> 2021-07-14 00:00:00+00:00) done in 140.53s (real) and 35.08s (process)
2026-08-02 22:50:11.822 INFO Memory usage (start of timestep, peak): 28.11 GiB
2026-08-02 22:50:11.822 INFO Memory usage (start of timestep, current): 18.93 GiB
2026-08-02 22:50:11.822 INFO Calculating metrics
2026-08-02 22:50:11.823 INFO Calculating metric: statement_count
2026-08-02 22:50:11.858 INFO Calculating metric: reference_existence_per_statement_count_df
2026-08-02 22:56:39.513 INFO Calculating metric: reference_completeness_df
2026-08-02 22:56:39.527 INFO Memory usage (end of timestep, peak): 28.11 GiB
2026-08-02 22:56:39.528 INFO Memory usage (end of timestep, current): 19.18 GiB
2026-08-02 22:56:39.528 INFO (Iteration 105) statement_count: real 0.03s | cpu 0.39s
2026-08-02 22:56:39.528 INFO (Iteration 105) reference_existence_per_statement_count_df: real 387.65s | cpu 391.47s
2026-08-02 22:56:39.528 INFO (Iteration 105) reference_completeness_df: real 0.00s | cpu 0.00s
2026-08-02 22:56:39.528 INFO Iteration 105 finished in 528.24s (real) and 426.95s (process)
2026-08-02 22:56:39.529 INFO Start timestep 2021-07-14 00:00:00+00:00 -> 2021-08-13 00:00:00+00:00
2026-08-02 22:58:29.631 INFO DuckDB memory logs:
  database_name database_size  block_size  ...  wal_size  memory_usage  memory_limit
0   postgres_db       6.2 TiB           0  ...   0 bytes       2.4 GiB      76.2 GiB
1        memory       0 bytes           0  ...   0 bytes       2.4 GiB      76.2 GiB

[2 rows x 9 columns]
2026-08-02 22:58:29.632 INFO Loading data (2021-07-14 00:00:00+00:00 -> 2021-08-13 00:00:00+00:00) done in 110.10s (real) and 28.31s (process)
2026-08-02 22:58:29.633 INFO Memory usage (start of timestep, peak): 28.11 GiB
2026-08-02 22:58:29.633 INFO Memory usage (start of timestep, current): 18.60 GiB
2026-08-02 22:58:29.633 INFO Calculating metrics
2026-08-02 22:58:29.633 INFO Calculating metric: statement_count
2026-08-02 22:58:29.668 INFO Calculating metric: reference_existence_per_statement_count_df
2026-08-02 23:05:08.697 INFO Calculating metric: reference_completeness_df
2026-08-02 23:05:08.712 INFO Memory usage (end of timestep, peak): 28.11 GiB
2026-08-02 23:05:08.713 INFO Memory usage (end of timestep, current): 19.02 GiB
2026-08-02 23:05:08.713 INFO (Iteration 106) statement_count: real 0.03s | cpu 0.37s
2026-08-02 23:05:08.713 INFO (Iteration 106) reference_existence_per_statement_count_df: real 399.03s | cpu 402.79s
2026-08-02 23:05:08.713 INFO (Iteration 106) reference_completeness_df: real 0.00s | cpu 0.00s
2026-08-02 23:05:08.713 INFO Iteration 106 finished in 509.18s (real) and 431.48s (process)
2026-08-02 23:05:08.714 INFO Start timestep 2021-08-13 00:00:00+00:00 -> 2021-09-12 00:00:00+00:00
2026-08-02 23:07:54.577 INFO DuckDB memory logs:
  database_name database_size  block_size  ...  wal_size  memory_usage  memory_limit
0   postgres_db       6.2 TiB           0  ...   0 bytes       3.7 GiB      76.2 GiB
1        memory       0 bytes           0  ...   0 bytes       3.7 GiB      76.2 GiB

[2 rows x 9 columns]
2026-08-02 23:07:54.578 INFO Loading data (2021-08-13 00:00:00+00:00 -> 2021-09-12 00:00:00+00:00) done in 165.86s (real) and 43.88s (process)
2026-08-02 23:07:54.579 INFO Memory usage (start of timestep, peak): 28.11 GiB
2026-08-02 23:07:54.579 INFO Memory usage (start of timestep, current): 20.32 GiB
2026-08-02 23:07:54.579 INFO Calculating metrics
2026-08-02 23:07:54.579 INFO Calculating metric: statement_count
2026-08-02 23:07:54.617 INFO Calculating metric: reference_existence_per_statement_count_df
2026-08-02 23:14:45.564 INFO Calculating metric: reference_completeness_df
2026-08-02 23:14:45.579 INFO Memory usage (end of timestep, peak): 28.11 GiB
2026-08-02 23:14:45.579 INFO Memory usage (end of timestep, current): 20.77 GiB
2026-08-02 23:14:45.580 INFO (Iteration 107) statement_count: real 0.04s | cpu 0.44s
2026-08-02 23:14:45.580 INFO (Iteration 107) reference_existence_per_statement_count_df: real 410.95s | cpu 415.56s
2026-08-02 23:14:45.580 INFO (Iteration 107) reference_completeness_df: real 0.00s | cpu 0.00s
2026-08-02 23:14:45.580 INFO Iteration 107 finished in 576.87s (real) and 459.89s (process)
2026-08-02 23:14:45.581 INFO Start timestep 2021-09-12 00:00:00+00:00 -> 2021-10-12 00:00:00+00:00
2026-08-02 23:15:25.999 INFO DuckDB memory logs:
  database_name database_size  block_size  ...  wal_size  memory_usage  memory_limit
0   postgres_db       6.2 TiB           0  ...   0 bytes     952.2 MiB      76.2 GiB
1        memory       0 bytes           0  ...   0 bytes     952.2 MiB      76.2 GiB

[2 rows x 9 columns]
2026-08-02 23:15:25.999 INFO Loading data (2021-09-12 00:00:00+00:00 -> 2021-10-12 00:00:00+00:00) done in 40.42s (real) and 18.22s (process)
2026-08-02 23:15:25.999 INFO Memory usage (start of timestep, peak): 28.11 GiB
2026-08-02 23:15:25.999 INFO Memory usage (start of timestep, current): 17.97 GiB
2026-08-02 23:15:25.999 INFO Calculating metrics
2026-08-02 23:15:25.999 INFO Calculating metric: statement_count
2026-08-02 23:15:26.025 INFO Calculating metric: reference_existence_per_statement_count_df
2026-08-02 23:22:12.968 INFO Calculating metric: reference_completeness_df
2026-08-02 23:22:12.985 INFO Memory usage (end of timestep, peak): 28.11 GiB
2026-08-02 23:22:12.986 INFO Memory usage (end of timestep, current): 17.74 GiB
2026-08-02 23:22:12.986 INFO (Iteration 108) statement_count: real 0.03s | cpu 0.19s
2026-08-02 23:22:12.986 INFO (Iteration 108) reference_existence_per_statement_count_df: real 406.94s | cpu 409.58s
2026-08-02 23:22:12.986 INFO (Iteration 108) reference_completeness_df: real 0.00s | cpu 0.00s
2026-08-02 23:22:12.986 INFO Iteration 108 finished in 447.41s (real) and 427.99s (process)
2026-08-02 23:22:12.987 INFO Start timestep 2021-10-12 00:00:00+00:00 -> 2021-11-11 00:00:00+00:00
2026-08-02 23:23:07.728 INFO DuckDB memory logs:
  database_name database_size  block_size  ...  wal_size  memory_usage  memory_limit
0   postgres_db       6.2 TiB           0  ...   0 bytes       1.3 GiB      76.2 GiB
1        memory       0 bytes           0  ...   0 bytes       1.3 GiB      76.2 GiB

[2 rows x 9 columns]
2026-08-02 23:23:07.728 INFO Loading data (2021-10-12 00:00:00+00:00 -> 2021-11-11 00:00:00+00:00) done in 54.74s (real) and 15.48s (process)
2026-08-02 23:23:07.729 INFO Memory usage (start of timestep, peak): 28.11 GiB
2026-08-02 23:23:07.729 INFO Memory usage (start of timestep, current): 18.14 GiB
2026-08-02 23:23:07.729 INFO Calculating metrics
2026-08-02 23:23:07.729 INFO Calculating metric: statement_count
2026-08-02 23:23:07.762 INFO Calculating metric: reference_existence_per_statement_count_df
2026-08-02 23:29:46.762 INFO Calculating metric: reference_completeness_df
2026-08-02 23:29:46.781 INFO Memory usage (end of timestep, peak): 28.11 GiB
2026-08-02 23:29:46.782 INFO Memory usage (end of timestep, current): 18.48 GiB
2026-08-02 23:29:46.782 INFO (Iteration 109) statement_count: real 0.03s | cpu 0.33s
2026-08-02 23:29:46.782 INFO (Iteration 109) reference_existence_per_statement_count_df: real 399.00s | cpu 402.14s
2026-08-02 23:29:46.782 INFO (Iteration 109) reference_completeness_df: real 0.01s | cpu 0.00s
2026-08-02 23:29:46.782 INFO Iteration 109 finished in 453.79s (real) and 417.96s (process)
2026-08-02 23:29:46.783 INFO Start timestep 2021-11-11 00:00:00+00:00 -> 2021-12-11 00:00:00+00:00
2026-08-02 23:30:27.402 INFO DuckDB memory logs:
  database_name database_size  block_size  ...  wal_size  memory_usage  memory_limit
0   postgres_db       6.2 TiB           0  ...   0 bytes     991.2 MiB      76.2 GiB
1        memory       0 bytes           0  ...   0 bytes     991.2 MiB      76.2 GiB

[2 rows x 9 columns]
2026-08-02 23:30:27.402 INFO Loading data (2021-11-11 00:00:00+00:00 -> 2021-12-11 00:00:00+00:00) done in 40.62s (real) and 10.76s (process)
2026-08-02 23:30:27.402 INFO Memory usage (start of timestep, peak): 28.11 GiB
2026-08-02 23:30:27.403 INFO Memory usage (start of timestep, current): 18.08 GiB
2026-08-02 23:30:27.403 INFO Calculating metrics
2026-08-02 23:30:27.403 INFO Calculating metric: statement_count
2026-08-02 23:30:27.437 INFO Calculating metric: reference_existence_per_statement_count_df
2026-08-02 23:37:32.087 INFO Calculating metric: reference_completeness_df
2026-08-02 23:37:32.105 INFO Memory usage (end of timestep, peak): 28.11 GiB
2026-08-02 23:37:32.106 INFO Memory usage (end of timestep, current): 18.16 GiB
2026-08-02 23:37:32.106 INFO (Iteration 110) statement_count: real 0.03s | cpu 0.25s
2026-08-02 23:37:32.106 INFO (Iteration 110) reference_existence_per_statement_count_df: real 424.65s | cpu 427.31s
2026-08-02 23:37:32.106 INFO (Iteration 110) reference_completeness_df: real 0.01s | cpu 0.00s
2026-08-02 23:37:32.106 INFO Iteration 110 finished in 465.32s (real) and 438.31s (process)
2026-08-02 23:37:32.107 INFO Start timestep 2021-12-11 00:00:00+00:00 -> 2022-01-10 00:00:00+00:00
2026-08-02 23:38:18.407 INFO DuckDB memory logs:
  database_name database_size  block_size  ...  wal_size  memory_usage  memory_limit
0   postgres_db       6.2 TiB           0  ...   0 bytes       1.0 GiB      76.2 GiB
1        memory       0 bytes           0  ...   0 bytes       1.0 GiB      76.2 GiB

[2 rows x 9 columns]
2026-08-02 23:38:18.407 INFO Loading data (2021-12-11 00:00:00+00:00 -> 2022-01-10 00:00:00+00:00) done in 46.30s (real) and 47.85s (process)
2026-08-02 23:38:18.407 INFO Memory usage (start of timestep, peak): 28.11 GiB
2026-08-02 23:38:18.408 INFO Memory usage (start of timestep, current): 18.58 GiB
2026-08-02 23:38:18.408 INFO Calculating metrics
2026-08-02 23:38:18.408 INFO Calculating metric: statement_count
2026-08-02 23:38:18.440 INFO Calculating metric: reference_existence_per_statement_count_df
2026-08-02 23:45:25.498 INFO Calculating metric: reference_completeness_df
2026-08-02 23:45:25.514 INFO Memory usage (end of timestep, peak): 28.11 GiB
2026-08-02 23:45:25.515 INFO Memory usage (end of timestep, current): 18.79 GiB
2026-08-02 23:45:25.515 INFO (Iteration 111) statement_count: real 0.03s | cpu 0.24s
2026-08-02 23:45:25.515 INFO (Iteration 111) reference_existence_per_statement_count_df: real 427.06s | cpu 429.73s
2026-08-02 23:45:25.515 INFO (Iteration 111) reference_completeness_df: real 0.00s | cpu 0.00s
2026-08-02 23:45:25.515 INFO Iteration 111 finished in 473.41s (real) and 477.83s (process)
2026-08-02 23:45:25.516 INFO Start timestep 2022-01-10 00:00:00+00:00 -> 2022-02-09 00:00:00+00:00
2026-08-02 23:46:02.609 INFO DuckDB memory logs:
  database_name database_size  block_size  ...  wal_size  memory_usage  memory_limit
0   postgres_db       6.2 TiB           0  ...   0 bytes     883.2 MiB      76.2 GiB
1        memory       0 bytes           0  ...   0 bytes     883.2 MiB      76.2 GiB

[2 rows x 9 columns]
2026-08-02 23:46:02.609 INFO Loading data (2022-01-10 00:00:00+00:00 -> 2022-02-09 00:00:00+00:00) done in 37.09s (real) and 9.93s (process)
2026-08-02 23:46:02.609 INFO Memory usage (start of timestep, peak): 28.11 GiB
2026-08-02 23:46:02.610 INFO Memory usage (start of timestep, current): 18.23 GiB
2026-08-02 23:46:02.610 INFO Calculating metrics
2026-08-02 23:46:02.610 INFO Calculating metric: statement_count
2026-08-02 23:46:02.639 INFO Calculating metric: reference_existence_per_statement_count_df
2026-08-02 23:53:41.872 INFO Calculating metric: reference_completeness_df
2026-08-02 23:53:41.888 INFO Memory usage (end of timestep, peak): 28.11 GiB
2026-08-02 23:53:41.888 INFO Memory usage (end of timestep, current): 18.11 GiB
2026-08-02 23:53:41.889 INFO (Iteration 112) statement_count: real 0.03s | cpu 0.20s
2026-08-02 23:53:41.889 INFO (Iteration 112) reference_existence_per_statement_count_df: real 459.23s | cpu 461.72s
2026-08-02 23:53:41.889 INFO (Iteration 112) reference_completeness_df: real 0.00s | cpu 0.00s
2026-08-02 23:53:41.889 INFO Iteration 112 finished in 496.37s (real) and 471.85s (process)
2026-08-02 23:53:41.890 INFO Start timestep 2022-02-09 00:00:00+00:00 -> 2022-03-11 00:00:00+00:00
2026-08-02 23:54:28.197 INFO DuckDB memory logs:
  database_name database_size  block_size  ...  wal_size  memory_usage  memory_limit
0   postgres_db       6.2 TiB           0  ...   0 bytes       1.1 GiB      76.2 GiB
1        memory       0 bytes           0  ...   0 bytes       1.1 GiB      76.2 GiB

[2 rows x 9 columns]
2026-08-02 23:54:28.197 INFO Loading data (2022-02-09 00:00:00+00:00 -> 2022-03-11 00:00:00+00:00) done in 46.31s (real) and 12.59s (process)
2026-08-02 23:54:28.197 INFO Memory usage (start of timestep, peak): 28.11 GiB
2026-08-02 23:54:28.198 INFO Memory usage (start of timestep, current): 18.33 GiB
2026-08-02 23:54:28.198 INFO Calculating metrics
2026-08-02 23:54:28.198 INFO Calculating metric: statement_count
2026-08-02 23:54:28.225 INFO Calculating metric: reference_existence_per_statement_count_df
2026-08-03 00:01:32.733 INFO Calculating metric: reference_completeness_df
2026-08-03 00:01:32.748 INFO Memory usage (end of timestep, peak): 28.11 GiB
2026-08-03 00:01:32.748 INFO Memory usage (end of timestep, current): 18.53 GiB
2026-08-03 00:01:32.748 INFO (Iteration 113) statement_count: real 0.03s | cpu 0.21s
2026-08-03 00:01:32.748 INFO (Iteration 113) reference_existence_per_statement_count_df: real 424.51s | cpu 427.26s
2026-08-03 00:01:32.748 INFO (Iteration 113) reference_completeness_df: real 0.00s | cpu 0.00s
2026-08-03 00:01:32.748 INFO Iteration 113 finished in 470.86s (real) and 440.06s (process)
2026-08-03 00:01:32.749 INFO Start timestep 2022-03-11 00:00:00+00:00 -> 2022-04-10 00:00:00+00:00
2026-08-03 00:02:13.966 INFO DuckDB memory logs:
  database_name database_size  block_size  ...  wal_size  memory_usage  memory_limit
0   postgres_db       6.2 TiB           0  ...   0 bytes     994.2 MiB      76.2 GiB
1        memory       0 bytes           0  ...   0 bytes     994.2 MiB      76.2 GiB

[2 rows x 9 columns]
2026-08-03 00:02:13.966 INFO Loading data (2022-03-11 00:00:00+00:00 -> 2022-04-10 00:00:00+00:00) done in 41.22s (real) and 42.09s (process)
2026-08-03 00:02:13.966 INFO Memory usage (start of timestep, peak): 28.11 GiB
2026-08-03 00:02:13.967 INFO Memory usage (start of timestep, current): 19.29 GiB
2026-08-03 00:02:13.967 INFO Calculating metrics
2026-08-03 00:02:13.967 INFO Calculating metric: statement_count
2026-08-03 00:02:13.994 INFO Calculating metric: reference_existence_per_statement_count_df
2026-08-03 00:09:52.350 INFO Calculating metric: reference_completeness_df
2026-08-03 00:09:52.364 INFO Memory usage (end of timestep, peak): 28.11 GiB
2026-08-03 00:09:52.364 INFO Memory usage (end of timestep, current): 18.89 GiB
2026-08-03 00:09:52.364 INFO (Iteration 114) statement_count: real 0.03s | cpu 0.19s
2026-08-03 00:09:52.364 INFO (Iteration 114) reference_existence_per_statement_count_df: real 458.36s | cpu 461.26s
2026-08-03 00:09:52.364 INFO (Iteration 114) reference_completeness_df: real 0.00s | cpu 0.00s
2026-08-03 00:09:52.364 INFO Iteration 114 finished in 499.61s (real) and 503.54s (process)
2026-08-03 00:09:52.365 INFO Start timestep 2022-04-10 00:00:00+00:00 -> 2022-05-10 00:00:00+00:00
2026-08-03 00:10:48.802 INFO DuckDB memory logs:
  database_name database_size  block_size  ...  wal_size  memory_usage  memory_limit
0   postgres_db       6.2 TiB           0  ...   0 bytes       1.3 GiB      76.2 GiB
1        memory       0 bytes           0  ...   0 bytes       1.3 GiB      76.2 GiB

[2 rows x 9 columns]
2026-08-03 00:10:48.802 INFO Loading data (2022-04-10 00:00:00+00:00 -> 2022-05-10 00:00:00+00:00) done in 56.44s (real) and 15.66s (process)
2026-08-03 00:10:48.802 INFO Memory usage (start of timestep, peak): 28.11 GiB
2026-08-03 00:10:48.802 INFO Memory usage (start of timestep, current): 18.65 GiB
2026-08-03 00:10:48.802 INFO Calculating metrics
2026-08-03 00:10:48.802 INFO Calculating metric: statement_count
2026-08-03 00:10:48.832 INFO Calculating metric: reference_existence_per_statement_count_df
2026-08-03 00:17:43.687 INFO Calculating metric: reference_completeness_df
2026-08-03 00:17:43.704 INFO Memory usage (end of timestep, peak): 28.11 GiB
2026-08-03 00:17:43.704 INFO Memory usage (end of timestep, current): 19.02 GiB
2026-08-03 00:17:43.704 INFO (Iteration 115) statement_count: real 0.03s | cpu 0.25s
2026-08-03 00:17:43.704 INFO (Iteration 115) reference_existence_per_statement_count_df: real 414.86s | cpu 417.72s
2026-08-03 00:17:43.705 INFO (Iteration 115) reference_completeness_df: real 0.00s | cpu 0.00s
2026-08-03 00:17:43.705 INFO Iteration 115 finished in 471.34s (real) and 433.62s (process)
2026-08-03 00:17:43.706 INFO Start timestep 2022-05-10 00:00:00+00:00 -> 2022-06-09 00:00:00+00:00
2026-08-03 00:18:36.242 INFO DuckDB memory logs:
  database_name database_size  block_size  ...  wal_size  memory_usage  memory_limit
0   postgres_db       6.2 TiB           0  ...   0 bytes       1.2 GiB      76.2 GiB
1        memory       0 bytes           0  ...   0 bytes       1.2 GiB      76.2 GiB

[2 rows x 9 columns]
2026-08-03 00:18:36.243 INFO Loading data (2022-05-10 00:00:00+00:00 -> 2022-06-09 00:00:00+00:00) done in 52.54s (real) and 13.91s (process)
2026-08-03 00:18:36.243 INFO Memory usage (start of timestep, peak): 28.11 GiB
2026-08-03 00:18:36.243 INFO Memory usage (start of timestep, current): 18.87 GiB
2026-08-03 00:18:36.243 INFO Calculating metrics
2026-08-03 00:18:36.243 INFO Calculating metric: statement_count
2026-08-03 00:18:36.272 INFO Calculating metric: reference_existence_per_statement_count_df
2026-08-03 00:25:54.853 INFO Calculating metric: reference_completeness_df
2026-08-03 00:25:54.867 INFO Memory usage (end of timestep, peak): 28.11 GiB
2026-08-03 00:25:54.867 INFO Memory usage (end of timestep, current): 18.63 GiB
2026-08-03 00:25:54.868 INFO (Iteration 116) statement_count: real 0.03s | cpu 0.23s
2026-08-03 00:25:54.868 INFO (Iteration 116) reference_existence_per_statement_count_df: real 438.58s | cpu 441.50s
2026-08-03 00:25:54.868 INFO (Iteration 116) reference_completeness_df: real 0.00s | cpu 0.00s
2026-08-03 00:25:54.868 INFO Iteration 116 finished in 491.16s (real) and 455.65s (process)
2026-08-03 00:25:54.869 INFO Start timestep 2022-06-09 00:00:00+00:00 -> 2022-07-09 00:00:00+00:00
2026-08-03 00:27:16.814 INFO DuckDB memory logs:
  database_name database_size  block_size  ...  wal_size  memory_usage  memory_limit
0   postgres_db       6.2 TiB           0  ...   0 bytes       2.0 GiB      76.2 GiB
1        memory       0 bytes           0  ...   0 bytes       2.0 GiB      76.2 GiB

[2 rows x 9 columns]
2026-08-03 00:27:16.815 INFO Loading data (2022-06-09 00:00:00+00:00 -> 2022-07-09 00:00:00+00:00) done in 81.95s (real) and 23.53s (process)
2026-08-03 00:27:16.815 INFO Memory usage (start of timestep, peak): 28.11 GiB
2026-08-03 00:27:16.816 INFO Memory usage (start of timestep, current): 19.36 GiB
2026-08-03 00:27:16.816 INFO Calculating metrics
2026-08-03 00:27:16.816 INFO Calculating metric: statement_count
2026-08-03 00:27:16.847 INFO Calculating metric: reference_existence_per_statement_count_df
2026-08-03 00:34:54.288 INFO Calculating metric: reference_completeness_df
2026-08-03 00:34:54.303 INFO Memory usage (end of timestep, peak): 28.55 GiB
2026-08-03 00:34:54.304 INFO Memory usage (end of timestep, current): 19.67 GiB
2026-08-03 00:34:54.304 INFO (Iteration 117) statement_count: real 0.03s | cpu 0.29s
2026-08-03 00:34:54.304 INFO (Iteration 117) reference_existence_per_statement_count_df: real 457.44s | cpu 461.02s
2026-08-03 00:34:54.304 INFO (Iteration 117) reference_completeness_df: real 0.00s | cpu 0.00s
2026-08-03 00:34:54.304 INFO Iteration 117 finished in 539.44s (real) and 484.85s (process)
2026-08-03 00:34:54.306 INFO Start timestep 2022-07-09 00:00:00+00:00 -> 2022-08-08 00:00:00+00:00
2026-08-03 00:36:33.328 INFO DuckDB memory logs:
  database_name database_size  block_size  ...  wal_size  memory_usage  memory_limit
0   postgres_db       6.2 TiB           0  ...   0 bytes       2.3 GiB      76.2 GiB
1        memory       0 bytes           0  ...   0 bytes       2.3 GiB      76.2 GiB

[2 rows x 9 columns]
2026-08-03 00:36:33.329 INFO Loading data (2022-07-09 00:00:00+00:00 -> 2022-08-08 00:00:00+00:00) done in 99.02s (real) and 27.30s (process)
2026-08-03 00:36:33.329 INFO Memory usage (start of timestep, peak): 28.55 GiB
2026-08-03 00:36:33.330 INFO Memory usage (start of timestep, current): 19.98 GiB
2026-08-03 00:36:33.330 INFO Calculating metrics
2026-08-03 00:36:33.330 INFO Calculating metric: statement_count
2026-08-03 00:36:33.370 INFO Calculating metric: reference_existence_per_statement_count_df
2026-08-03 00:43:58.698 INFO Calculating metric: reference_completeness_df
2026-08-03 00:43:58.714 INFO Memory usage (end of timestep, peak): 29.19 GiB
2026-08-03 00:43:58.714 INFO Memory usage (end of timestep, current): 19.93 GiB
2026-08-03 00:43:58.714 INFO (Iteration 118) statement_count: real 0.04s | cpu 0.45s
2026-08-03 00:43:58.714 INFO (Iteration 118) reference_existence_per_statement_count_df: real 445.33s | cpu 449.54s
2026-08-03 00:43:58.715 INFO (Iteration 118) reference_completeness_df: real 0.00s | cpu 0.00s
2026-08-03 00:43:58.715 INFO Iteration 118 finished in 544.41s (real) and 477.29s (process)
2026-08-03 00:43:58.716 INFO Start timestep 2022-08-08 00:00:00+00:00 -> 2022-09-07 00:00:00+00:00
2026-08-03 00:45:08.425 INFO DuckDB memory logs:
  database_name database_size  block_size  ...  wal_size  memory_usage  memory_limit
0   postgres_db       6.2 TiB           0  ...   0 bytes       1.7 GiB      76.2 GiB
1        memory       0 bytes           0  ...   0 bytes       1.7 GiB      76.2 GiB

[2 rows x 9 columns]
2026-08-03 00:45:08.426 INFO Loading data (2022-08-08 00:00:00+00:00 -> 2022-09-07 00:00:00+00:00) done in 69.71s (real) and 65.80s (process)
2026-08-03 00:45:08.426 INFO Memory usage (start of timestep, peak): 29.19 GiB
2026-08-03 00:45:08.426 INFO Memory usage (start of timestep, current): 20.82 GiB
2026-08-03 00:45:08.426 INFO Calculating metrics
2026-08-03 00:45:08.426 INFO Calculating metric: statement_count
2026-08-03 00:45:08.463 INFO Calculating metric: reference_existence_per_statement_count_df
2026-08-03 00:52:51.969 INFO Calculating metric: reference_completeness_df
2026-08-03 00:52:51.984 INFO Memory usage (end of timestep, peak): 29.19 GiB
2026-08-03 00:52:51.985 INFO Memory usage (end of timestep, current): 20.11 GiB
2026-08-03 00:52:51.985 INFO (Iteration 119) statement_count: real 0.04s | cpu 0.41s
2026-08-03 00:52:51.985 INFO (Iteration 119) reference_existence_per_statement_count_df: real 463.51s | cpu 467.49s
2026-08-03 00:52:51.985 INFO (Iteration 119) reference_completeness_df: real 0.00s | cpu 0.00s
2026-08-03 00:52:51.985 INFO Iteration 119 finished in 533.27s (real) and 533.71s (process)
2026-08-03 00:52:51.986 INFO Start timestep 2022-09-07 00:00:00+00:00 -> 2022-10-07 00:00:00+00:00
2026-08-03 00:54:17.300 INFO DuckDB memory logs:
  database_name database_size  block_size  ...  wal_size  memory_usage  memory_limit
0   postgres_db       6.2 TiB           0  ...   0 bytes       2.0 GiB      76.2 GiB
1        memory       0 bytes           0  ...   0 bytes       2.0 GiB      76.2 GiB

[2 rows x 9 columns]
2026-08-03 00:54:17.301 INFO Loading data (2022-09-07 00:00:00+00:00 -> 2022-10-07 00:00:00+00:00) done in 85.31s (real) and 23.41s (process)
2026-08-03 00:54:17.301 INFO Memory usage (start of timestep, peak): 29.19 GiB
2026-08-03 00:54:17.301 INFO Memory usage (start of timestep, current): 19.95 GiB
2026-08-03 00:54:17.301 INFO Calculating metrics
2026-08-03 00:54:17.301 INFO Calculating metric: statement_count
2026-08-03 00:54:17.339 INFO Calculating metric: reference_existence_per_statement_count_df
2026-08-03 01:01:17.959 INFO Calculating metric: reference_completeness_df
2026-08-03 01:01:17.973 INFO Memory usage (end of timestep, peak): 29.19 GiB
2026-08-03 01:01:17.974 INFO Memory usage (end of timestep, current): 20.01 GiB
2026-08-03 01:01:17.974 INFO (Iteration 120) statement_count: real 0.04s | cpu 0.40s
2026-08-03 01:01:17.974 INFO (Iteration 120) reference_existence_per_statement_count_df: real 420.62s | cpu 423.75s
2026-08-03 01:01:17.974 INFO (Iteration 120) reference_completeness_df: real 0.00s | cpu 0.00s
2026-08-03 01:01:17.974 INFO Iteration 120 finished in 505.99s (real) and 447.56s (process)
2026-08-03 01:01:17.975 INFO Start timestep 2022-10-07 00:00:00+00:00 -> 2022-11-06 00:00:00+00:00
2026-08-03 01:02:42.844 INFO DuckDB memory logs:
  database_name database_size  block_size  ...  wal_size  memory_usage  memory_limit
0   postgres_db       6.2 TiB           0  ...   0 bytes       1.9 GiB      76.2 GiB
1        memory       0 bytes           0  ...   0 bytes       1.9 GiB      76.2 GiB

[2 rows x 9 columns]
2026-08-03 01:02:42.845 INFO Loading data (2022-10-07 00:00:00+00:00 -> 2022-11-06 00:00:00+00:00) done in 84.87s (real) and 21.53s (process)
2026-08-03 01:02:42.845 INFO Memory usage (start of timestep, peak): 29.19 GiB
2026-08-03 01:02:42.845 INFO Memory usage (start of timestep, current): 19.83 GiB
2026-08-03 01:02:42.845 INFO Calculating metrics
2026-08-03 01:02:42.845 INFO Calculating metric: statement_count
2026-08-03 01:02:42.878 INFO Calculating metric: reference_existence_per_statement_count_df
2026-08-03 01:10:42.465 INFO Calculating metric: reference_completeness_df
2026-08-03 01:10:42.483 INFO Memory usage (end of timestep, peak): 29.19 GiB
2026-08-03 01:10:42.483 INFO Memory usage (end of timestep, current): 19.85 GiB
2026-08-03 01:10:42.483 INFO (Iteration 121) statement_count: real 0.03s | cpu 0.29s
2026-08-03 01:10:42.484 INFO (Iteration 121) reference_existence_per_statement_count_df: real 479.59s | cpu 483.11s
2026-08-03 01:10:42.484 INFO (Iteration 121) reference_completeness_df: real 0.01s | cpu 0.00s
2026-08-03 01:10:42.484 INFO Iteration 121 finished in 564.51s (real) and 504.92s (process)
2026-08-03 01:10:42.485 INFO Start timestep 2022-11-06 00:00:00+00:00 -> 2022-12-06 00:00:00+00:00
2026-08-03 01:11:56.097 INFO DuckDB memory logs:
  database_name database_size  block_size  ...  wal_size  memory_usage  memory_limit
0   postgres_db       6.2 TiB           0  ...   0 bytes       1.5 GiB      76.2 GiB
1        memory       0 bytes           0  ...   0 bytes       1.5 GiB      76.2 GiB

[2 rows x 9 columns]
2026-08-03 01:11:56.098 INFO Loading data (2022-11-06 00:00:00+00:00 -> 2022-12-06 00:00:00+00:00) done in 73.61s (real) and 17.57s (process)
2026-08-03 01:11:56.099 INFO Memory usage (start of timestep, peak): 29.19 GiB
2026-08-03 01:11:56.099 INFO Memory usage (start of timestep, current): 19.52 GiB
2026-08-03 01:11:56.099 INFO Calculating metrics
2026-08-03 01:11:56.099 INFO Calculating metric: statement_count
2026-08-03 01:11:56.133 INFO Calculating metric: reference_existence_per_statement_count_df
2026-08-03 01:19:36.602 INFO Calculating metric: reference_completeness_df
2026-08-03 01:19:36.616 INFO Memory usage (end of timestep, peak): 29.19 GiB
2026-08-03 01:19:36.616 INFO Memory usage (end of timestep, current): 19.62 GiB
2026-08-03 01:19:36.617 INFO (Iteration 122) statement_count: real 0.03s | cpu 0.30s
2026-08-03 01:19:36.617 INFO (Iteration 122) reference_existence_per_statement_count_df: real 460.47s | cpu 463.74s
2026-08-03 01:19:36.617 INFO (Iteration 122) reference_completeness_df: real 0.00s | cpu 0.00s
2026-08-03 01:19:36.617 INFO Iteration 122 finished in 534.13s (real) and 481.60s (process)
2026-08-03 01:19:36.618 INFO Start timestep 2022-12-06 00:00:00+00:00 -> 2023-01-05 00:00:00+00:00
2026-08-03 01:20:25.475 INFO DuckDB memory logs:
  database_name database_size  block_size  ...  wal_size  memory_usage  memory_limit
0   postgres_db       6.2 TiB           0  ...   0 bytes       1.1 GiB      76.2 GiB
1        memory       0 bytes           0  ...   0 bytes       1.1 GiB      76.2 GiB

[2 rows x 9 columns]
2026-08-03 01:20:25.475 INFO Loading data (2022-12-06 00:00:00+00:00 -> 2023-01-05 00:00:00+00:00) done in 48.86s (real) and 12.92s (process)
2026-08-03 01:20:25.475 INFO Memory usage (start of timestep, peak): 29.19 GiB
2026-08-03 01:20:25.475 INFO Memory usage (start of timestep, current): 19.21 GiB
2026-08-03 01:20:25.475 INFO Calculating metrics
2026-08-03 01:20:25.475 INFO Calculating metric: statement_count
2026-08-03 01:20:25.509 INFO Calculating metric: reference_existence_per_statement_count_df
2026-08-03 01:27:53.618 INFO Calculating metric: reference_completeness_df
2026-08-03 01:27:53.632 INFO Memory usage (end of timestep, peak): 29.19 GiB
2026-08-03 01:27:53.632 INFO Memory usage (end of timestep, current): 19.28 GiB
2026-08-03 01:27:53.633 INFO (Iteration 123) statement_count: real 0.03s | cpu 0.28s
2026-08-03 01:27:53.633 INFO (Iteration 123) reference_existence_per_statement_count_df: real 448.11s | cpu 450.85s
2026-08-03 01:27:53.633 INFO (Iteration 123) reference_completeness_df: real 0.00s | cpu 0.00s
2026-08-03 01:27:53.633 INFO Iteration 123 finished in 497.01s (real) and 464.06s (process)
2026-08-03 01:27:53.633 INFO Start timestep 2023-01-05 00:00:00+00:00 -> 2023-02-04 00:00:00+00:00
2026-08-03 01:28:57.399 INFO DuckDB memory logs:
  database_name database_size  block_size  ...  wal_size  memory_usage  memory_limit
0   postgres_db       6.2 TiB           0  ...   0 bytes       1.5 GiB      76.2 GiB
1        memory       0 bytes           0  ...   0 bytes       1.5 GiB      76.2 GiB

[2 rows x 9 columns]
2026-08-03 01:28:57.400 INFO Loading data (2023-01-05 00:00:00+00:00 -> 2023-02-04 00:00:00+00:00) done in 63.77s (real) and 17.31s (process)
2026-08-03 01:28:57.400 INFO Memory usage (start of timestep, peak): 29.19 GiB
2026-08-03 01:28:57.400 INFO Memory usage (start of timestep, current): 19.63 GiB
2026-08-03 01:28:57.400 INFO Calculating metrics
2026-08-03 01:28:57.400 INFO Calculating metric: statement_count
2026-08-03 01:28:57.437 INFO Calculating metric: reference_existence_per_statement_count_df
2026-08-03 01:36:29.161 INFO Calculating metric: reference_completeness_df
2026-08-03 01:36:29.180 INFO Memory usage (end of timestep, peak): 29.19 GiB
2026-08-03 01:36:29.180 INFO Memory usage (end of timestep, current): 19.72 GiB
2026-08-03 01:36:29.180 INFO (Iteration 124) statement_count: real 0.04s | cpu 0.36s
2026-08-03 01:36:29.180 INFO (Iteration 124) reference_existence_per_statement_count_df: real 451.72s | cpu 454.79s
2026-08-03 01:36:29.180 INFO (Iteration 124) reference_completeness_df: real 0.01s | cpu 0.00s
2026-08-03 01:36:29.180 INFO Iteration 124 finished in 515.55s (real) and 472.46s (process)
2026-08-03 01:36:29.181 INFO Start timestep 2023-02-04 00:00:00+00:00 -> 2023-03-06 00:00:00+00:00
2026-08-03 01:37:31.000 INFO DuckDB memory logs:
  database_name database_size  block_size  ...  wal_size  memory_usage  memory_limit
0   postgres_db       6.2 TiB           0  ...   0 bytes       1.4 GiB      76.2 GiB
1        memory       0 bytes           0  ...   0 bytes       1.4 GiB      76.2 GiB

[2 rows x 9 columns]
2026-08-03 01:37:31.000 INFO Loading data (2023-02-04 00:00:00+00:00 -> 2023-03-06 00:00:00+00:00) done in 61.82s (real) and 29.45s (process)
2026-08-03 01:37:31.000 INFO Memory usage (start of timestep, peak): 29.19 GiB
2026-08-03 01:37:31.001 INFO Memory usage (start of timestep, current): 20.06 GiB
2026-08-03 01:37:31.001 INFO Calculating metrics
2026-08-03 01:37:31.001 INFO Calculating metric: statement_count
2026-08-03 01:37:31.033 INFO Calculating metric: reference_existence_per_statement_count_df
2026-08-03 01:44:52.862 INFO Calculating metric: reference_completeness_df
2026-08-03 01:44:52.878 INFO Memory usage (end of timestep, peak): 29.19 GiB
2026-08-03 01:44:52.878 INFO Memory usage (end of timestep, current): 20.11 GiB
2026-08-03 01:44:52.878 INFO (Iteration 125) statement_count: real 0.03s | cpu 0.29s
2026-08-03 01:44:52.878 INFO (Iteration 125) reference_existence_per_statement_count_df: real 441.83s | cpu 444.80s
2026-08-03 01:44:52.878 INFO (Iteration 125) reference_completeness_df: real 0.01s | cpu 0.00s
2026-08-03 01:44:52.878 INFO Iteration 125 finished in 503.70s (real) and 474.55s (process)
2026-08-03 01:44:52.879 INFO Start timestep 2023-03-06 00:00:00+00:00 -> 2023-04-05 00:00:00+00:00
2026-08-03 01:45:47.531 INFO DuckDB memory logs:
  database_name database_size  block_size  ...  wal_size  memory_usage  memory_limit
0   postgres_db       6.2 TiB           0  ...   0 bytes       1.3 GiB      76.2 GiB
1        memory       0 bytes           0  ...   0 bytes       1.3 GiB      76.2 GiB

[2 rows x 9 columns]
2026-08-03 01:45:47.532 INFO Loading data (2023-03-06 00:00:00+00:00 -> 2023-04-05 00:00:00+00:00) done in 54.65s (real) and 15.71s (process)
2026-08-03 01:45:47.532 INFO Memory usage (start of timestep, peak): 29.19 GiB
2026-08-03 01:45:47.532 INFO Memory usage (start of timestep, current): 19.59 GiB
2026-08-03 01:45:47.532 INFO Calculating metrics
2026-08-03 01:45:47.532 INFO Calculating metric: statement_count
2026-08-03 01:45:47.564 INFO Calculating metric: reference_existence_per_statement_count_df
2026-08-03 01:53:21.358 INFO Calculating metric: reference_completeness_df
2026-08-03 01:53:21.373 INFO Memory usage (end of timestep, peak): 29.19 GiB
2026-08-03 01:53:21.373 INFO Memory usage (end of timestep, current): 19.69 GiB
2026-08-03 01:53:21.374 INFO (Iteration 126) statement_count: real 0.03s | cpu 0.30s
2026-08-03 01:53:21.374 INFO (Iteration 126) reference_existence_per_statement_count_df: real 453.79s | cpu 456.80s
2026-08-03 01:53:21.374 INFO (Iteration 126) reference_completeness_df: real 0.00s | cpu 0.00s
2026-08-03 01:53:21.374 INFO Iteration 126 finished in 508.50s (real) and 472.82s (process)
2026-08-03 01:53:21.375 INFO Start timestep 2023-04-05 00:00:00+00:00 -> 2023-05-05 00:00:00+00:00
2026-08-03 01:54:14.910 INFO DuckDB memory logs:
  database_name database_size  block_size  ...  wal_size  memory_usage  memory_limit
0   postgres_db       6.2 TiB           0  ...   0 bytes       1.2 GiB      76.2 GiB
1        memory       0 bytes           0  ...   0 bytes       1.2 GiB      76.2 GiB

[2 rows x 9 columns]
2026-08-03 01:54:14.910 INFO Loading data (2023-04-05 00:00:00+00:00 -> 2023-05-05 00:00:00+00:00) done in 53.54s (real) and 13.79s (process)
2026-08-03 01:54:14.911 INFO Memory usage (start of timestep, peak): 29.19 GiB
2026-08-03 01:54:14.911 INFO Memory usage (start of timestep, current): 19.53 GiB
2026-08-03 01:54:14.911 INFO Calculating metrics
2026-08-03 01:54:14.911 INFO Calculating metric: statement_count
2026-08-03 01:54:14.940 INFO Calculating metric: reference_existence_per_statement_count_df
2026-08-03 02:01:38.557 INFO Calculating metric: reference_completeness_df
2026-08-03 02:01:38.572 INFO Memory usage (end of timestep, peak): 29.19 GiB
2026-08-03 02:01:38.573 INFO Memory usage (end of timestep, current): 19.60 GiB
2026-08-03 02:01:38.573 INFO (Iteration 127) statement_count: real 0.03s | cpu 0.27s
2026-08-03 02:01:38.573 INFO (Iteration 127) reference_existence_per_statement_count_df: real 443.62s | cpu 446.51s
2026-08-03 02:01:38.573 INFO (Iteration 127) reference_completeness_df: real 0.00s | cpu 0.00s
2026-08-03 02:01:38.573 INFO Iteration 127 finished in 497.20s (real) and 460.57s (process)
2026-08-03 02:01:38.574 INFO Start timestep 2023-05-05 00:00:00+00:00 -> 2023-06-04 00:00:00+00:00
2026-08-03 02:02:58.075 INFO DuckDB memory logs:
  database_name database_size  block_size  ...  wal_size  memory_usage  memory_limit
0   postgres_db       6.2 TiB           0  ...   0 bytes       1.9 GiB      76.2 GiB
1        memory       0 bytes           0  ...   0 bytes       1.9 GiB      76.2 GiB

[2 rows x 9 columns]
2026-08-03 02:02:58.076 INFO Loading data (2023-05-05 00:00:00+00:00 -> 2023-06-04 00:00:00+00:00) done in 79.50s (real) and 21.20s (process)
2026-08-03 02:02:58.076 INFO Memory usage (start of timestep, peak): 29.19 GiB
2026-08-03 02:02:58.076 INFO Memory usage (start of timestep, current): 20.23 GiB
2026-08-03 02:02:58.077 INFO Calculating metrics
2026-08-03 02:02:58.077 INFO Calculating metric: statement_count
2026-08-03 02:02:58.110 INFO Calculating metric: reference_existence_per_statement_count_df
2026-08-03 02:10:33.805 INFO Calculating metric: reference_completeness_df
2026-08-03 02:10:33.821 INFO Memory usage (end of timestep, peak): 29.51 GiB
2026-08-03 02:10:33.821 INFO Memory usage (end of timestep, current): 20.18 GiB
2026-08-03 02:10:33.822 INFO (Iteration 128) statement_count: real 0.03s | cpu 0.34s
2026-08-03 02:10:33.822 INFO (Iteration 128) reference_existence_per_statement_count_df: real 455.70s | cpu 459.18s
2026-08-03 02:10:33.822 INFO (Iteration 128) reference_completeness_df: real 0.00s | cpu 0.00s
2026-08-03 02:10:33.822 INFO Iteration 128 finished in 535.25s (real) and 480.73s (process)
2026-08-03 02:10:33.824 INFO Start timestep 2023-06-04 00:00:00+00:00 -> 2023-07-04 00:00:00+00:00
2026-08-03 02:12:11.717 INFO DuckDB memory logs:
  database_name database_size  block_size  ...  wal_size  memory_usage  memory_limit
0   postgres_db       6.2 TiB           0  ...   0 bytes       2.2 GiB      76.2 GiB
1        memory       0 bytes           0  ...   0 bytes       2.2 GiB      76.2 GiB

[2 rows x 9 columns]
2026-08-03 02:12:11.719 INFO Loading data (2023-06-04 00:00:00+00:00 -> 2023-07-04 00:00:00+00:00) done in 97.89s (real) and 26.32s (process)
2026-08-03 02:12:11.719 INFO Memory usage (start of timestep, peak): 29.51 GiB
2026-08-03 02:12:11.719 INFO Memory usage (start of timestep, current): 20.55 GiB
2026-08-03 02:12:11.719 INFO Calculating metrics
2026-08-03 02:12:11.719 INFO Calculating metric: statement_count
2026-08-03 02:12:11.754 INFO Calculating metric: reference_existence_per_statement_count_df
2026-08-03 02:19:48.507 INFO Calculating metric: reference_completeness_df
2026-08-03 02:19:48.522 INFO Memory usage (end of timestep, peak): 30.08 GiB
2026-08-03 02:19:48.523 INFO Memory usage (end of timestep, current): 20.97 GiB
2026-08-03 02:19:48.523 INFO (Iteration 129) statement_count: real 0.03s | cpu 0.42s
2026-08-03 02:19:48.523 INFO (Iteration 129) reference_existence_per_statement_count_df: real 456.75s | cpu 460.59s
2026-08-03 02:19:48.523 INFO (Iteration 129) reference_completeness_df: real 0.00s | cpu 0.00s
2026-08-03 02:19:48.523 INFO Iteration 129 finished in 554.70s (real) and 487.32s (process)
2026-08-03 02:19:48.524 INFO Start timestep 2023-07-04 00:00:00+00:00 -> 2023-08-03 00:00:00+00:00
2026-08-03 02:21:00.519 INFO DuckDB memory logs:
  database_name database_size  block_size  ...  wal_size  memory_usage  memory_limit
0   postgres_db       6.2 TiB           0  ...   0 bytes       1.7 GiB      76.2 GiB
1        memory       0 bytes           0  ...   0 bytes       1.7 GiB      76.2 GiB

[2 rows x 9 columns]
2026-08-03 02:21:00.520 INFO Loading data (2023-07-04 00:00:00+00:00 -> 2023-08-03 00:00:00+00:00) done in 72.00s (real) and 59.83s (process)
2026-08-03 02:21:00.520 INFO Memory usage (start of timestep, peak): 30.08 GiB
2026-08-03 02:21:00.520 INFO Memory usage (start of timestep, current): 20.40 GiB
2026-08-03 02:21:00.520 INFO Calculating metrics
2026-08-03 02:21:00.520 INFO Calculating metric: statement_count
2026-08-03 02:21:00.558 INFO Calculating metric: reference_existence_per_statement_count_df
2026-08-03 02:28:37.167 INFO Calculating metric: reference_completeness_df
2026-08-03 02:28:37.182 INFO Memory usage (end of timestep, peak): 30.08 GiB
2026-08-03 02:28:37.182 INFO Memory usage (end of timestep, current): 20.13 GiB
2026-08-03 02:28:37.183 INFO (Iteration 130) statement_count: real 0.04s | cpu 0.31s
2026-08-03 02:28:37.183 INFO (Iteration 130) reference_existence_per_statement_count_df: real 456.61s | cpu 459.93s
2026-08-03 02:28:37.183 INFO (Iteration 130) reference_completeness_df: real 0.00s | cpu 0.00s
2026-08-03 02:28:37.183 INFO Iteration 130 finished in 528.66s (real) and 520.08s (process)
2026-08-03 02:28:37.185 INFO Start timestep 2023-08-03 00:00:00+00:00 -> 2023-09-02 00:00:00+00:00
2026-08-03 02:30:07.535 INFO DuckDB memory logs:
  database_name database_size  block_size  ...  wal_size  memory_usage  memory_limit
0   postgres_db       6.2 TiB           0  ...   0 bytes       2.2 GiB      76.2 GiB
1        memory       0 bytes           0  ...   0 bytes       2.2 GiB      76.2 GiB

[2 rows x 9 columns]
2026-08-03 02:30:07.536 INFO Loading data (2023-08-03 00:00:00+00:00 -> 2023-09-02 00:00:00+00:00) done in 90.35s (real) and 25.25s (process)
2026-08-03 02:30:07.536 INFO Memory usage (start of timestep, peak): 30.08 GiB
2026-08-03 02:30:07.536 INFO Memory usage (start of timestep, current): 20.63 GiB
2026-08-03 02:30:07.536 INFO Calculating metrics
2026-08-03 02:30:07.537 INFO Calculating metric: statement_count
2026-08-03 02:30:07.570 INFO Calculating metric: reference_existence_per_statement_count_df
2026-08-03 02:37:59.737 INFO Calculating metric: reference_completeness_df
2026-08-03 02:37:59.753 INFO Memory usage (end of timestep, peak): 30.35 GiB
2026-08-03 02:37:59.753 INFO Memory usage (end of timestep, current): 20.87 GiB
2026-08-03 02:37:59.753 INFO (Iteration 131) statement_count: real 0.03s | cpu 0.38s
2026-08-03 02:37:59.753 INFO (Iteration 131) reference_existence_per_statement_count_df: real 472.17s | cpu 475.91s
2026-08-03 02:37:59.753 INFO (Iteration 131) reference_completeness_df: real 0.00s | cpu 0.00s
2026-08-03 02:37:59.753 INFO Iteration 131 finished in 562.57s (real) and 501.54s (process)
2026-08-03 02:37:59.754 INFO Start timestep 2023-09-02 00:00:00+00:00 -> 2023-10-02 00:00:00+00:00
2026-08-03 02:38:56.838 INFO DuckDB memory logs:
  database_name database_size  block_size  ...  wal_size  memory_usage  memory_limit
0   postgres_db       6.2 TiB           0  ...   0 bytes       1.4 GiB      76.2 GiB
1        memory       0 bytes           0  ...   0 bytes       1.4 GiB      76.2 GiB

[2 rows x 9 columns]
2026-08-03 02:38:56.838 INFO Loading data (2023-09-02 00:00:00+00:00 -> 2023-10-02 00:00:00+00:00) done in 57.08s (real) and 27.17s (process)
2026-08-03 02:38:56.838 INFO Memory usage (start of timestep, peak): 30.35 GiB
2026-08-03 02:38:56.838 INFO Memory usage (start of timestep, current): 20.06 GiB
2026-08-03 02:38:56.839 INFO Calculating metrics
2026-08-03 02:38:56.839 INFO Calculating metric: statement_count
2026-08-03 02:38:56.870 INFO Calculating metric: reference_existence_per_statement_count_df
2026-08-03 02:46:52.677 INFO Calculating metric: reference_completeness_df
2026-08-03 02:46:52.692 INFO Memory usage (end of timestep, peak): 30.35 GiB
2026-08-03 02:46:52.693 INFO Memory usage (end of timestep, current): 19.99 GiB
2026-08-03 02:46:52.693 INFO (Iteration 132) statement_count: real 0.03s | cpu 0.29s
2026-08-03 02:46:52.693 INFO (Iteration 132) reference_existence_per_statement_count_df: real 475.81s | cpu 478.82s
2026-08-03 02:46:52.693 INFO (Iteration 132) reference_completeness_df: real 0.00s | cpu 0.00s
2026-08-03 02:46:52.693 INFO Iteration 132 finished in 532.94s (real) and 506.28s (process)
2026-08-03 02:46:52.694 INFO Start timestep 2023-10-02 00:00:00+00:00 -> 2023-11-01 00:00:00+00:00
2026-08-03 02:47:43.467 INFO DuckDB memory logs:
  database_name database_size  block_size  ...  wal_size  memory_usage  memory_limit
0   postgres_db       6.2 TiB           0  ...   0 bytes       1.0 GiB      76.2 GiB
1        memory       0 bytes           0  ...   0 bytes       1.0 GiB      76.2 GiB

[2 rows x 9 columns]
2026-08-03 02:47:43.467 INFO Loading data (2023-10-02 00:00:00+00:00 -> 2023-11-01 00:00:00+00:00) done in 50.77s (real) and 11.47s (process)
2026-08-03 02:47:43.467 INFO Memory usage (start of timestep, peak): 30.35 GiB
2026-08-03 02:47:43.467 INFO Memory usage (start of timestep, current): 19.58 GiB
2026-08-03 02:47:43.468 INFO Calculating metrics
2026-08-03 02:47:43.468 INFO Calculating metric: statement_count
2026-08-03 02:47:43.496 INFO Calculating metric: reference_existence_per_statement_count_df
2026-08-03 02:55:11.638 INFO Calculating metric: reference_completeness_df
2026-08-03 02:55:11.653 INFO Memory usage (end of timestep, peak): 30.35 GiB
2026-08-03 02:55:11.653 INFO Memory usage (end of timestep, current): 20.15 GiB
2026-08-03 02:55:11.653 INFO (Iteration 133) statement_count: real 0.03s | cpu 0.26s
2026-08-03 02:55:11.653 INFO (Iteration 133) reference_existence_per_statement_count_df: real 448.14s | cpu 450.91s
2026-08-03 02:55:11.654 INFO (Iteration 133) reference_completeness_df: real 0.00s | cpu 0.00s
2026-08-03 02:55:11.654 INFO Iteration 133 finished in 498.96s (real) and 462.64s (process)
2026-08-03 02:55:11.654 INFO Start timestep 2023-11-01 00:00:00+00:00 -> 2023-12-01 00:00:00+00:00
2026-08-03 02:56:00.011 INFO DuckDB memory logs:
  database_name database_size  block_size  ...  wal_size  memory_usage  memory_limit
0   postgres_db       6.2 TiB           0  ...   0 bytes       1.0 GiB      76.2 GiB
1        memory       0 bytes           0  ...   0 bytes       1.0 GiB      76.2 GiB

[2 rows x 9 columns]
2026-08-03 02:56:00.011 INFO Loading data (2023-11-01 00:00:00+00:00 -> 2023-12-01 00:00:00+00:00) done in 48.36s (real) and 27.28s (process)
2026-08-03 02:56:00.011 INFO Memory usage (start of timestep, peak): 30.35 GiB
2026-08-03 02:56:00.011 INFO Memory usage (start of timestep, current): 20.45 GiB
2026-08-03 02:56:00.011 INFO Calculating metrics
2026-08-03 02:56:00.012 INFO Calculating metric: statement_count
2026-08-03 02:56:00.043 INFO Calculating metric: reference_existence_per_statement_count_df
2026-08-03 03:03:47.619 INFO Calculating metric: reference_completeness_df
2026-08-03 03:03:47.623 INFO Memory usage (end of timestep, peak): 30.35 GiB
2026-08-03 03:03:47.623 INFO Memory usage (end of timestep, current): 20.15 GiB
2026-08-03 03:03:47.624 INFO (Iteration 134) statement_count: real 0.03s | cpu 0.23s
2026-08-03 03:03:47.624 INFO (Iteration 134) reference_existence_per_statement_count_df: real 467.58s | cpu 470.47s
2026-08-03 03:03:47.624 INFO (Iteration 134) reference_completeness_df: real 0.00s | cpu 0.00s
2026-08-03 03:03:47.624 INFO Iteration 134 finished in 515.97s (real) and 497.98s (process)
2026-08-03 03:03:47.625 INFO Start timestep 2023-12-01 00:00:00+00:00 -> 2023-12-31 00:00:00+00:00
2026-08-03 03:04:38.518 INFO DuckDB memory logs:
  database_name database_size  block_size  ...  wal_size  memory_usage  memory_limit
0   postgres_db       6.2 TiB           0  ...   0 bytes       1.0 GiB      76.2 GiB
1        memory       0 bytes           0  ...   0 bytes       1.0 GiB      76.2 GiB

[2 rows x 9 columns]
2026-08-03 03:04:38.518 INFO Loading data (2023-12-01 00:00:00+00:00 -> 2023-12-31 00:00:00+00:00) done in 50.89s (real) and 11.79s (process)
2026-08-03 03:04:38.518 INFO Memory usage (start of timestep, peak): 30.35 GiB
2026-08-03 03:04:38.518 INFO Memory usage (start of timestep, current): 19.87 GiB
2026-08-03 03:04:38.518 INFO Calculating metrics
2026-08-03 03:04:38.518 INFO Calculating metric: statement_count
2026-08-03 03:04:38.548 INFO Calculating metric: reference_existence_per_statement_count_df
2026-08-03 03:12:25.508 INFO Calculating metric: reference_completeness_df
2026-08-03 03:12:25.524 INFO Memory usage (end of timestep, peak): 30.35 GiB
2026-08-03 03:12:25.525 INFO Memory usage (end of timestep, current): 20.13 GiB
2026-08-03 03:12:25.525 INFO (Iteration 135) statement_count: real 0.03s | cpu 0.26s
2026-08-03 03:12:25.525 INFO (Iteration 135) reference_existence_per_statement_count_df: real 466.96s | cpu 469.93s
2026-08-03 03:12:25.525 INFO (Iteration 135) reference_completeness_df: real 0.00s | cpu 0.00s
2026-08-03 03:12:25.525 INFO Iteration 135 finished in 517.90s (real) and 481.99s (process)
2026-08-03 03:12:25.526 INFO Start timestep 2023-12-31 00:00:00+00:00 -> 2024-01-30 00:00:00+00:00
2026-08-03 03:13:20.143 INFO DuckDB memory logs:
  database_name database_size  block_size  ...  wal_size  memory_usage  memory_limit
0   postgres_db       6.2 TiB           0  ...   0 bytes       1.2 GiB      76.2 GiB
1        memory       0 bytes           0  ...   0 bytes       1.2 GiB      76.2 GiB

[2 rows x 9 columns]
2026-08-03 03:13:20.143 INFO Loading data (2023-12-31 00:00:00+00:00 -> 2024-01-30 00:00:00+00:00) done in 54.62s (real) and 39.04s (process)
2026-08-03 03:13:20.143 INFO Memory usage (start of timestep, peak): 30.35 GiB
2026-08-03 03:13:20.144 INFO Memory usage (start of timestep, current): 20.35 GiB
2026-08-03 03:13:20.144 INFO Calculating metrics
2026-08-03 03:13:20.144 INFO Calculating metric: statement_count
2026-08-03 03:13:20.174 INFO Calculating metric: reference_existence_per_statement_count_df
2026-08-03 03:21:06.876 INFO Calculating metric: reference_completeness_df
2026-08-03 03:21:06.893 INFO Memory usage (end of timestep, peak): 30.35 GiB
2026-08-03 03:21:06.893 INFO Memory usage (end of timestep, current): 20.45 GiB
2026-08-03 03:21:06.894 INFO (Iteration 136) statement_count: real 0.03s | cpu 0.27s
2026-08-03 03:21:06.894 INFO (Iteration 136) reference_existence_per_statement_count_df: real 466.70s | cpu 469.83s
2026-08-03 03:21:06.894 INFO (Iteration 136) reference_completeness_df: real 0.00s | cpu 0.00s
2026-08-03 03:21:06.894 INFO Iteration 136 finished in 521.37s (real) and 509.14s (process)
2026-08-03 03:21:06.895 INFO Start timestep 2024-01-30 00:00:00+00:00 -> 2024-02-29 00:00:00+00:00
2026-08-03 03:22:00.646 INFO DuckDB memory logs:
  database_name database_size  block_size  ...  wal_size  memory_usage  memory_limit
0   postgres_db       6.2 TiB           0  ...   0 bytes       1.1 GiB      76.2 GiB
1        memory       0 bytes           0  ...   0 bytes       1.1 GiB      76.2 GiB

[2 rows x 9 columns]
2026-08-03 03:22:00.647 INFO Loading data (2024-01-30 00:00:00+00:00 -> 2024-02-29 00:00:00+00:00) done in 53.75s (real) and 12.66s (process)
2026-08-03 03:22:00.647 INFO Memory usage (start of timestep, peak): 30.35 GiB
2026-08-03 03:22:00.647 INFO Memory usage (start of timestep, current): 20.30 GiB
2026-08-03 03:22:00.647 INFO Calculating metrics
2026-08-03 03:22:00.647 INFO Calculating metric: statement_count
2026-08-03 03:22:00.675 INFO Calculating metric: reference_existence_per_statement_count_df
2026-08-03 03:29:53.387 INFO Calculating metric: reference_completeness_df
2026-08-03 03:29:53.405 INFO Memory usage (end of timestep, peak): 30.35 GiB
2026-08-03 03:29:53.405 INFO Memory usage (end of timestep, current): 20.26 GiB
2026-08-03 03:29:53.405 INFO (Iteration 137) statement_count: real 0.03s | cpu 0.26s
2026-08-03 03:29:53.406 INFO (Iteration 137) reference_existence_per_statement_count_df: real 472.71s | cpu 475.70s
2026-08-03 03:29:53.406 INFO (Iteration 137) reference_completeness_df: real 0.01s | cpu 0.00s
2026-08-03 03:29:53.406 INFO Iteration 137 finished in 526.51s (real) and 488.63s (process)
2026-08-03 03:29:53.407 INFO Start timestep 2024-02-29 00:00:00+00:00 -> 2024-03-30 00:00:00+00:00
2026-08-03 03:30:57.728 INFO DuckDB memory logs:
  database_name database_size  block_size  ...  wal_size  memory_usage  memory_limit
0   postgres_db       6.2 TiB           0  ...   0 bytes       1.4 GiB      76.2 GiB
1        memory       0 bytes           0  ...   0 bytes       1.4 GiB      76.2 GiB

[2 rows x 9 columns]
2026-08-03 03:30:57.728 INFO Loading data (2024-02-29 00:00:00+00:00 -> 2024-03-30 00:00:00+00:00) done in 64.32s (real) and 16.22s (process)
2026-08-03 03:30:57.728 INFO Memory usage (start of timestep, peak): 30.35 GiB
2026-08-03 03:30:57.728 INFO Memory usage (start of timestep, current): 20.57 GiB
2026-08-03 03:30:57.729 INFO Calculating metrics
2026-08-03 03:30:57.729 INFO Calculating metric: statement_count
2026-08-03 03:30:57.760 INFO Calculating metric: reference_existence_per_statement_count_df
2026-08-03 03:38:56.378 INFO Calculating metric: reference_completeness_df
2026-08-03 03:38:56.394 INFO Memory usage (end of timestep, peak): 30.35 GiB
2026-08-03 03:38:56.394 INFO Memory usage (end of timestep, current): 20.65 GiB
2026-08-03 03:38:56.395 INFO (Iteration 138) statement_count: real 0.03s | cpu 0.29s
2026-08-03 03:38:56.395 INFO (Iteration 138) reference_existence_per_statement_count_df: real 478.62s | cpu 481.87s
2026-08-03 03:38:56.395 INFO (Iteration 138) reference_completeness_df: real 0.00s | cpu 0.00s
2026-08-03 03:38:56.395 INFO Iteration 138 finished in 542.99s (real) and 498.38s (process)
2026-08-03 03:38:56.396 INFO Start timestep 2024-03-30 00:00:00+00:00 -> 2024-04-29 00:00:00+00:00
2026-08-03 03:39:59.411 INFO DuckDB memory logs:
  database_name database_size  block_size  ...  wal_size  memory_usage  memory_limit
0   postgres_db       6.2 TiB           0  ...   0 bytes       1.5 GiB      76.2 GiB
1        memory       0 bytes           0  ...   0 bytes       1.5 GiB      76.2 GiB

[2 rows x 9 columns]
2026-08-03 03:39:59.412 INFO Loading data (2024-03-30 00:00:00+00:00 -> 2024-04-29 00:00:00+00:00) done in 63.02s (real) and 17.00s (process)
2026-08-03 03:39:59.412 INFO Memory usage (start of timestep, peak): 30.35 GiB
2026-08-03 03:39:59.412 INFO Memory usage (start of timestep, current): 20.68 GiB
2026-08-03 03:39:59.412 INFO Calculating metrics
2026-08-03 03:39:59.412 INFO Calculating metric: statement_count
2026-08-03 03:39:59.449 INFO Calculating metric: reference_existence_per_statement_count_df
2026-08-03 03:48:05.058 INFO Calculating metric: reference_completeness_df
2026-08-03 03:48:05.073 INFO Memory usage (end of timestep, peak): 30.35 GiB
2026-08-03 03:48:05.074 INFO Memory usage (end of timestep, current): 20.76 GiB
2026-08-03 03:48:05.074 INFO (Iteration 139) statement_count: real 0.04s | cpu 0.30s
2026-08-03 03:48:05.074 INFO (Iteration 139) reference_existence_per_statement_count_df: real 485.61s | cpu 488.96s
2026-08-03 03:48:05.075 INFO (Iteration 139) reference_completeness_df: real 0.00s | cpu 0.00s
2026-08-03 03:48:05.075 INFO Iteration 139 finished in 548.68s (real) and 506.26s (process)
2026-08-03 03:48:05.076 INFO Start timestep 2024-04-29 00:00:00+00:00 -> 2024-05-29 00:00:00+00:00
2026-08-03 03:49:24.260 INFO DuckDB memory logs:
  database_name database_size  block_size  ...  wal_size  memory_usage  memory_limit
0   postgres_db       6.2 TiB           0  ...   0 bytes       1.8 GiB      76.2 GiB
1        memory       0 bytes           0  ...   0 bytes       1.8 GiB      76.2 GiB

[2 rows x 9 columns]
2026-08-03 03:49:24.261 INFO Loading data (2024-04-29 00:00:00+00:00 -> 2024-05-29 00:00:00+00:00) done in 79.18s (real) and 20.63s (process)
2026-08-03 03:49:24.261 INFO Memory usage (start of timestep, peak): 30.35 GiB
2026-08-03 03:49:24.261 INFO Memory usage (start of timestep, current): 21.05 GiB
2026-08-03 03:49:24.261 INFO Calculating metrics
2026-08-03 03:49:24.261 INFO Calculating metric: statement_count
2026-08-03 03:49:24.293 INFO Calculating metric: reference_existence_per_statement_count_df
2026-08-03 03:57:21.079 INFO Calculating metric: reference_completeness_df
2026-08-03 03:57:21.094 INFO Memory usage (end of timestep, peak): 30.76 GiB
2026-08-03 03:57:21.094 INFO Memory usage (end of timestep, current): 21.40 GiB
2026-08-03 03:57:21.094 INFO (Iteration 140) statement_count: real 0.03s | cpu 0.30s
2026-08-03 03:57:21.094 INFO (Iteration 140) reference_existence_per_statement_count_df: real 476.79s | cpu 480.58s
2026-08-03 03:57:21.095 INFO (Iteration 140) reference_completeness_df: real 0.00s | cpu 0.00s
2026-08-03 03:57:21.095 INFO Iteration 140 finished in 556.02s (real) and 501.52s (process)
2026-08-03 03:57:21.096 INFO Start timestep 2024-05-29 00:00:00+00:00 -> 2024-06-28 00:00:00+00:00
2026-08-03 03:58:48.409 INFO DuckDB memory logs:
  database_name database_size  block_size  ...  wal_size  memory_usage  memory_limit
0   postgres_db       6.2 TiB           0  ...   0 bytes       1.9 GiB      76.2 GiB
1        memory       0 bytes           0  ...   0 bytes       1.9 GiB      76.2 GiB

[2 rows x 9 columns]
2026-08-03 03:58:48.410 INFO Loading data (2024-05-29 00:00:00+00:00 -> 2024-06-28 00:00:00+00:00) done in 87.31s (real) and 67.42s (process)
2026-08-03 03:58:48.410 INFO Memory usage (start of timestep, peak): 30.76 GiB
2026-08-03 03:58:48.411 INFO Memory usage (start of timestep, current): 21.46 GiB
2026-08-03 03:58:48.411 INFO Calculating metrics
2026-08-03 03:58:48.411 INFO Calculating metric: statement_count
2026-08-03 03:58:48.448 INFO Calculating metric: reference_existence_per_statement_count_df
2026-08-03 04:06:59.253 INFO Calculating metric: reference_completeness_df
2026-08-03 04:06:59.270 INFO Memory usage (end of timestep, peak): 31.00 GiB
2026-08-03 04:06:59.271 INFO Memory usage (end of timestep, current): 21.23 GiB
2026-08-03 04:06:59.271 INFO (Iteration 141) statement_count: real 0.04s | cpu 0.39s
2026-08-03 04:06:59.271 INFO (Iteration 141) reference_existence_per_statement_count_df: real 490.80s | cpu 494.72s
2026-08-03 04:06:59.271 INFO (Iteration 141) reference_completeness_df: real 0.00s | cpu 0.00s
2026-08-03 04:06:59.271 INFO Iteration 141 finished in 578.18s (real) and 562.54s (process)
2026-08-03 04:06:59.272 INFO Start timestep 2024-06-28 00:00:00+00:00 -> 2024-07-28 00:00:00+00:00
2026-08-03 04:08:34.884 INFO DuckDB memory logs:
  database_name database_size  block_size  ...  wal_size  memory_usage  memory_limit
0   postgres_db       6.2 TiB           0  ...   0 bytes       2.1 GiB      76.2 GiB
1        memory       0 bytes           0  ...   0 bytes       2.1 GiB      76.2 GiB

[2 rows x 9 columns]
2026-08-03 04:08:34.885 INFO Loading data (2024-06-28 00:00:00+00:00 -> 2024-07-28 00:00:00+00:00) done in 95.61s (real) and 24.12s (process)
2026-08-03 04:08:34.885 INFO Memory usage (start of timestep, peak): 31.00 GiB
2026-08-03 04:08:34.886 INFO Memory usage (start of timestep, current): 21.40 GiB
2026-08-03 04:08:34.886 INFO Calculating metrics
2026-08-03 04:08:34.886 INFO Calculating metric: statement_count
2026-08-03 04:08:34.921 INFO Calculating metric: reference_existence_per_statement_count_df
2026-08-03 04:17:00.282 INFO Calculating metric: reference_completeness_df
2026-08-03 04:17:00.297 INFO Memory usage (end of timestep, peak): 31.40 GiB
2026-08-03 04:17:00.297 INFO Memory usage (end of timestep, current): 21.92 GiB
2026-08-03 04:17:00.297 INFO (Iteration 142) statement_count: real 0.03s | cpu 0.44s
2026-08-03 04:17:00.297 INFO (Iteration 142) reference_existence_per_statement_count_df: real 505.36s | cpu 509.17s
2026-08-03 04:17:00.297 INFO (Iteration 142) reference_completeness_df: real 0.00s | cpu 0.00s
2026-08-03 04:17:00.297 INFO Iteration 142 finished in 601.02s (real) and 533.73s (process)
2026-08-03 04:17:00.298 INFO Start timestep 2024-07-28 00:00:00+00:00 -> 2024-08-27 00:00:00+00:00
2026-08-03 04:18:31.537 INFO DuckDB memory logs:
  database_name database_size  block_size  ...  wal_size  memory_usage  memory_limit
0   postgres_db       6.2 TiB           0  ...   0 bytes       2.2 GiB      76.2 GiB
1        memory       0 bytes           0  ...   0 bytes       2.2 GiB      76.2 GiB

[2 rows x 9 columns]
2026-08-03 04:18:31.538 INFO Loading data (2024-07-28 00:00:00+00:00 -> 2024-08-27 00:00:00+00:00) done in 91.24s (real) and 25.28s (process)
2026-08-03 04:18:31.538 INFO Memory usage (start of timestep, peak): 31.40 GiB
2026-08-03 04:18:31.539 INFO Memory usage (start of timestep, current): 22.03 GiB
2026-08-03 04:18:31.539 INFO Calculating metrics
2026-08-03 04:18:31.539 INFO Calculating metric: statement_count
2026-08-03 04:18:31.586 INFO Calculating metric: reference_existence_per_statement_count_df
2026-08-03 04:26:54.140 INFO Calculating metric: reference_completeness_df
2026-08-03 04:26:54.157 INFO Memory usage (end of timestep, peak): 32.02 GiB
2026-08-03 04:26:54.157 INFO Memory usage (end of timestep, current): 21.94 GiB
2026-08-03 04:26:54.157 INFO (Iteration 143) statement_count: real 0.05s | cpu 0.61s
2026-08-03 04:26:54.157 INFO (Iteration 143) reference_existence_per_statement_count_df: real 502.55s | cpu 507.25s
2026-08-03 04:26:54.158 INFO (Iteration 143) reference_completeness_df: real 0.00s | cpu 0.00s
2026-08-03 04:26:54.158 INFO Iteration 143 finished in 593.86s (real) and 533.14s (process)
2026-08-03 04:26:54.159 INFO Start timestep 2024-08-27 00:00:00+00:00 -> 2024-09-26 00:00:00+00:00
2026-08-03 04:27:46.109 INFO DuckDB memory logs:
  database_name database_size  block_size  ...  wal_size  memory_usage  memory_limit
0   postgres_db       6.2 TiB           0  ...   0 bytes       1.1 GiB      76.2 GiB
1        memory       0 bytes           0  ...   0 bytes       1.1 GiB      76.2 GiB

[2 rows x 9 columns]
2026-08-03 04:27:46.109 INFO Loading data (2024-08-27 00:00:00+00:00 -> 2024-09-26 00:00:00+00:00) done in 51.95s (real) and 13.06s (process)
2026-08-03 04:27:46.109 INFO Memory usage (start of timestep, peak): 32.02 GiB
2026-08-03 04:27:46.110 INFO Memory usage (start of timestep, current): 20.84 GiB
2026-08-03 04:27:46.110 INFO Calculating metrics
2026-08-03 04:27:46.110 INFO Calculating metric: statement_count
2026-08-03 04:27:46.139 INFO Calculating metric: reference_existence_per_statement_count_df
2026-08-03 04:36:29.178 INFO Calculating metric: reference_completeness_df
2026-08-03 04:36:29.193 INFO Memory usage (end of timestep, peak): 32.02 GiB
2026-08-03 04:36:29.194 INFO Memory usage (end of timestep, current): 21.30 GiB
2026-08-03 04:36:29.194 INFO (Iteration 144) statement_count: real 0.03s | cpu 0.29s
2026-08-03 04:36:29.194 INFO (Iteration 144) reference_existence_per_statement_count_df: real 523.04s | cpu 526.60s
2026-08-03 04:36:29.194 INFO (Iteration 144) reference_completeness_df: real 0.00s | cpu 0.00s
2026-08-03 04:36:29.194 INFO Iteration 144 finished in 575.04s (real) and 539.96s (process)
2026-08-03 04:36:29.195 INFO Start timestep 2024-09-26 00:00:00+00:00 -> 2024-10-26 00:00:00+00:00
2026-08-03 04:37:11.211 INFO DuckDB memory logs:
  database_name database_size  block_size  ...  wal_size  memory_usage  memory_limit
0   postgres_db       6.2 TiB           0  ...   0 bytes     915.2 MiB      76.2 GiB
1        memory       0 bytes           0  ...   0 bytes     915.2 MiB      76.2 GiB

[2 rows x 9 columns]
2026-08-03 04:37:11.211 INFO Loading data (2024-09-26 00:00:00+00:00 -> 2024-10-26 00:00:00+00:00) done in 42.02s (real) and 9.98s (process)
2026-08-03 04:37:11.211 INFO Memory usage (start of timestep, peak): 32.02 GiB
2026-08-03 04:37:11.211 INFO Memory usage (start of timestep, current): 21.04 GiB
2026-08-03 04:37:11.211 INFO Calculating metrics
2026-08-03 04:37:11.212 INFO Calculating metric: statement_count
2026-08-03 04:37:11.239 INFO Calculating metric: reference_existence_per_statement_count_df
2026-08-03 04:45:41.973 INFO Calculating metric: reference_completeness_df
2026-08-03 04:45:41.992 INFO Memory usage (end of timestep, peak): 32.02 GiB
2026-08-03 04:45:41.993 INFO Memory usage (end of timestep, current): 20.96 GiB
2026-08-03 04:45:41.993 INFO (Iteration 145) statement_count: real 0.03s | cpu 0.24s
2026-08-03 04:45:41.993 INFO (Iteration 145) reference_existence_per_statement_count_df: real 510.73s | cpu 513.66s
2026-08-03 04:45:41.993 INFO (Iteration 145) reference_completeness_df: real 0.00s | cpu 0.00s
2026-08-03 04:45:41.993 INFO Iteration 145 finished in 552.80s (real) and 523.88s (process)
2026-08-03 04:45:41.994 INFO Start timestep 2024-10-26 00:00:00+00:00 -> 2024-11-25 00:00:00+00:00
2026-08-03 04:47:05.416 INFO DuckDB memory logs:
  database_name database_size  block_size  ...  wal_size  memory_usage  memory_limit
0   postgres_db       6.2 TiB           0  ...   0 bytes       1.8 GiB      76.2 GiB
1        memory       0 bytes           0  ...   0 bytes       1.8 GiB      76.2 GiB

[2 rows x 9 columns]
2026-08-03 04:47:05.417 INFO Loading data (2024-10-26 00:00:00+00:00 -> 2024-11-25 00:00:00+00:00) done in 83.42s (real) and 21.78s (process)
2026-08-03 04:47:05.417 INFO Memory usage (start of timestep, peak): 32.02 GiB
2026-08-03 04:47:05.417 INFO Memory usage (start of timestep, current): 21.91 GiB
2026-08-03 04:47:05.417 INFO Calculating metrics
2026-08-03 04:47:05.418 INFO Calculating metric: statement_count
2026-08-03 04:47:05.452 INFO Calculating metric: reference_existence_per_statement_count_df
2026-08-03 04:55:49.836 INFO Calculating metric: reference_completeness_df
2026-08-03 04:55:49.852 INFO Memory usage (end of timestep, peak): 32.02 GiB
2026-08-03 04:55:49.853 INFO Memory usage (end of timestep, current): 22.12 GiB
2026-08-03 04:55:49.853 INFO (Iteration 146) statement_count: real 0.03s | cpu 0.36s
2026-08-03 04:55:49.854 INFO (Iteration 146) reference_existence_per_statement_count_df: real 524.38s | cpu 528.03s
2026-08-03 04:55:49.854 INFO (Iteration 146) reference_completeness_df: real 0.00s | cpu 0.00s
2026-08-03 04:55:49.854 INFO Iteration 146 finished in 607.86s (real) and 550.17s (process)
2026-08-03 04:55:49.855 INFO Start timestep 2024-11-25 00:00:00+00:00 -> 2024-12-25 00:00:00+00:00
2026-08-03 04:57:59.970 INFO DuckDB memory logs:
  database_name database_size  block_size  ...  wal_size  memory_usage  memory_limit
0   postgres_db       6.2 TiB           0  ...   0 bytes       2.9 GiB      76.2 GiB
1        memory       0 bytes           0  ...   0 bytes       2.9 GiB      76.2 GiB

[2 rows x 9 columns]
2026-08-03 04:57:59.971 INFO Loading data (2024-11-25 00:00:00+00:00 -> 2024-12-25 00:00:00+00:00) done in 130.12s (real) and 34.57s (process)
2026-08-03 04:57:59.971 INFO Memory usage (start of timestep, peak): 32.02 GiB
2026-08-03 04:57:59.971 INFO Memory usage (start of timestep, current): 23.16 GiB
2026-08-03 04:57:59.971 INFO Calculating metrics
2026-08-03 04:57:59.971 INFO Calculating metric: statement_count
2026-08-03 04:58:00.009 INFO Calculating metric: reference_existence_per_statement_count_df
2026-08-03 05:06:51.996 INFO Calculating metric: reference_completeness_df
2026-08-03 05:06:52.012 INFO Memory usage (end of timestep, peak): 33.18 GiB
2026-08-03 05:06:52.013 INFO Memory usage (end of timestep, current): 23.14 GiB
2026-08-03 05:06:52.013 INFO (Iteration 147) statement_count: real 0.04s | cpu 0.37s
2026-08-03 05:06:52.013 INFO (Iteration 147) reference_existence_per_statement_count_df: real 531.99s | cpu 536.64s
2026-08-03 05:06:52.013 INFO (Iteration 147) reference_completeness_df: real 0.00s | cpu 0.00s
2026-08-03 05:06:52.013 INFO Iteration 147 finished in 662.16s (real) and 571.59s (process)
2026-08-03 05:06:52.014 INFO Start timestep 2024-12-25 00:00:00+00:00 -> 2025-01-24 00:00:00+00:00
2026-08-03 05:09:04.794 INFO DuckDB memory logs:
  database_name database_size  block_size  ...  wal_size  memory_usage  memory_limit
0   postgres_db       6.2 TiB           0  ...   0 bytes       2.9 GiB      76.2 GiB
1        memory       0 bytes           0  ...   0 bytes       2.9 GiB      76.2 GiB

[2 rows x 9 columns]
2026-08-03 05:09:04.795 INFO Loading data (2024-12-25 00:00:00+00:00 -> 2025-01-24 00:00:00+00:00) done in 132.78s (real) and 35.13s (process)
2026-08-03 05:09:04.795 INFO Memory usage (start of timestep, peak): 33.18 GiB
2026-08-03 05:09:04.795 INFO Memory usage (start of timestep, current): 23.14 GiB
2026-08-03 05:09:04.795 INFO Calculating metrics
2026-08-03 05:09:04.795 INFO Calculating metric: statement_count
2026-08-03 05:09:04.830 INFO Calculating metric: reference_existence_per_statement_count_df
2026-08-03 05:17:53.967 INFO Calculating metric: reference_completeness_df
2026-08-03 05:17:53.982 INFO Memory usage (end of timestep, peak): 33.40 GiB
2026-08-03 05:17:53.982 INFO Memory usage (end of timestep, current): 23.38 GiB
2026-08-03 05:17:53.983 INFO (Iteration 148) statement_count: real 0.03s | cpu 0.39s
2026-08-03 05:17:53.983 INFO (Iteration 148) reference_existence_per_statement_count_df: real 529.14s | cpu 533.74s
2026-08-03 05:17:53.983 INFO (Iteration 148) reference_completeness_df: real 0.00s | cpu 0.00s
2026-08-03 05:17:53.983 INFO Iteration 148 finished in 661.97s (real) and 569.26s (process)
2026-08-03 05:17:53.984 INFO Start timestep 2025-01-24 00:00:00+00:00 -> 2025-02-23 00:00:00+00:00
2026-08-03 05:19:50.448 INFO DuckDB memory logs:
  database_name database_size  block_size  ...  wal_size  memory_usage  memory_limit
0   postgres_db       6.2 TiB           0  ...   0 bytes       2.4 GiB      76.2 GiB
1        memory       0 bytes           0  ...   0 bytes       2.4 GiB      76.2 GiB

[2 rows x 9 columns]
2026-08-03 05:19:50.449 INFO Loading data (2025-01-24 00:00:00+00:00 -> 2025-02-23 00:00:00+00:00) done in 116.47s (real) and 29.10s (process)
2026-08-03 05:19:50.449 INFO Memory usage (start of timestep, peak): 33.40 GiB
2026-08-03 05:19:50.450 INFO Memory usage (start of timestep, current): 22.83 GiB
2026-08-03 05:19:50.450 INFO Calculating metrics
2026-08-03 05:19:50.450 INFO Calculating metric: statement_count
2026-08-03 05:19:50.488 INFO Calculating metric: reference_existence_per_statement_count_df
2026-08-03 05:28:30.343 INFO Calculating metric: reference_completeness_df
2026-08-03 05:28:30.360 INFO Memory usage (end of timestep, peak): 33.40 GiB
2026-08-03 05:28:30.361 INFO Memory usage (end of timestep, current): 23.07 GiB
2026-08-03 05:28:30.361 INFO (Iteration 149) statement_count: real 0.04s | cpu 0.45s
2026-08-03 05:28:30.361 INFO (Iteration 149) reference_existence_per_statement_count_df: real 519.85s | cpu 524.09s
2026-08-03 05:28:30.361 INFO (Iteration 149) reference_completeness_df: real 0.00s | cpu 0.00s
2026-08-03 05:28:30.361 INFO Iteration 149 finished in 636.38s (real) and 553.63s (process)
2026-08-03 05:28:30.362 INFO Start timestep 2025-02-23 00:00:00+00:00 -> 2025-03-25 00:00:00+00:00
2026-08-03 05:29:20.352 INFO DuckDB memory logs:
  database_name database_size  block_size  ...  wal_size  memory_usage  memory_limit
0   postgres_db       6.2 TiB           0  ...   0 bytes       1.1 GiB      76.2 GiB
1        memory       0 bytes           0  ...   0 bytes       1.1 GiB      76.2 GiB

[2 rows x 9 columns]
2026-08-03 05:29:20.352 INFO Loading data (2025-02-23 00:00:00+00:00 -> 2025-03-25 00:00:00+00:00) done in 49.99s (real) and 13.22s (process)
2026-08-03 05:29:20.352 INFO Memory usage (start of timestep, peak): 33.40 GiB
2026-08-03 05:29:20.352 INFO Memory usage (start of timestep, current): 21.78 GiB
2026-08-03 05:29:20.352 INFO Calculating metrics
2026-08-03 05:29:20.352 INFO Calculating metric: statement_count
2026-08-03 05:29:20.387 INFO Calculating metric: reference_existence_per_statement_count_df
2026-08-03 05:38:40.069 INFO Calculating metric: reference_completeness_df
2026-08-03 05:38:40.073 INFO Memory usage (end of timestep, peak): 33.40 GiB
2026-08-03 05:38:40.074 INFO Memory usage (end of timestep, current): 21.77 GiB
2026-08-03 05:38:40.074 INFO (Iteration 150) statement_count: real 0.03s | cpu 0.36s
2026-08-03 05:38:40.074 INFO (Iteration 150) reference_existence_per_statement_count_df: real 559.68s | cpu 562.95s
2026-08-03 05:38:40.074 INFO (Iteration 150) reference_completeness_df: real 0.00s | cpu 0.00s
2026-08-03 05:38:40.074 INFO Iteration 150 finished in 609.71s (real) and 576.53s (process)
2026-08-03 05:38:40.075 INFO Start timestep 2025-03-25 00:00:00+00:00 -> 2025-04-24 00:00:00+00:00
2026-08-03 05:39:15.158 INFO DuckDB memory logs:
  database_name database_size  block_size  ...  wal_size  memory_usage  memory_limit
0   postgres_db       6.2 TiB           0  ...   0 bytes     753.0 MiB      76.2 GiB
1        memory       0 bytes           0  ...   0 bytes     753.0 MiB      76.2 GiB

[2 rows x 9 columns]
2026-08-03 05:39:15.159 INFO Loading data (2025-03-25 00:00:00+00:00 -> 2025-04-24 00:00:00+00:00) done in 35.08s (real) and 16.30s (process)
2026-08-03 05:39:15.159 INFO Memory usage (start of timestep, peak): 33.40 GiB
2026-08-03 05:39:15.159 INFO Memory usage (start of timestep, current): 21.36 GiB
2026-08-03 05:39:15.159 INFO Calculating metrics
2026-08-03 05:39:15.159 INFO Calculating metric: statement_count
2026-08-03 05:39:15.186 INFO Calculating metric: reference_existence_per_statement_count_df
2026-08-03 05:49:12.143 INFO Calculating metric: reference_completeness_df
2026-08-03 05:49:12.146 INFO Memory usage (end of timestep, peak): 33.40 GiB
2026-08-03 05:49:12.147 INFO Memory usage (end of timestep, current): 21.47 GiB
2026-08-03 05:49:12.147 INFO (Iteration 151) statement_count: real 0.03s | cpu 0.22s
2026-08-03 05:49:12.147 INFO (Iteration 151) reference_existence_per_statement_count_df: real 596.96s | cpu 599.88s
2026-08-03 05:49:12.147 INFO (Iteration 151) reference_completeness_df: real 0.00s | cpu 0.00s
2026-08-03 05:49:12.147 INFO Iteration 151 finished in 632.07s (real) and 616.40s (process)
2026-08-03 05:49:12.148 INFO Start timestep 2025-04-24 00:00:00+00:00 -> 2025-05-24 00:00:00+00:00
2026-08-03 05:50:14.231 INFO DuckDB memory logs:
  database_name database_size  block_size  ...  wal_size  memory_usage  memory_limit
0   postgres_db       6.2 TiB           0  ...   0 bytes       1.3 GiB      76.2 GiB
1        memory       0 bytes           0  ...   0 bytes       1.3 GiB      76.2 GiB

[2 rows x 9 columns]
2026-08-03 05:50:14.231 INFO Loading data (2025-04-24 00:00:00+00:00 -> 2025-05-24 00:00:00+00:00) done in 62.08s (real) and 15.27s (process)
2026-08-03 05:50:14.232 INFO Memory usage (start of timestep, peak): 33.40 GiB
2026-08-03 05:50:14.232 INFO Memory usage (start of timestep, current): 22.03 GiB
2026-08-03 05:50:14.232 INFO Calculating metrics
2026-08-03 05:50:14.232 INFO Calculating metric: statement_count
2026-08-03 05:50:14.261 INFO Calculating metric: reference_existence_per_statement_count_df
2026-08-03 05:59:48.614 INFO Calculating metric: reference_completeness_df
2026-08-03 05:59:48.617 INFO Memory usage (end of timestep, peak): 33.40 GiB
2026-08-03 05:59:48.618 INFO Memory usage (end of timestep, current): 22.17 GiB
2026-08-03 05:59:48.618 INFO (Iteration 152) statement_count: real 0.03s | cpu 0.27s
2026-08-03 05:59:48.618 INFO (Iteration 152) reference_existence_per_statement_count_df: real 574.35s | cpu 576.70s
2026-08-03 05:59:48.618 INFO (Iteration 152) reference_completeness_df: real 0.00s | cpu 0.00s
2026-08-03 05:59:48.618 INFO Iteration 152 finished in 636.47s (real) and 592.25s (process)
2026-08-03 05:59:48.619 INFO Start timestep 2025-05-24 00:00:00+00:00 -> 2025-06-23 00:00:00+00:00
2026-08-03 06:00:09.196 INFO DuckDB memory logs:
  database_name database_size  block_size  ...  wal_size  memory_usage  memory_limit
0   postgres_db       6.2 TiB           0  ...   0 bytes     441.5 MiB      76.2 GiB
1        memory       0 bytes           0  ...   0 bytes     441.5 MiB      76.2 GiB

[2 rows x 9 columns]
2026-08-03 06:00:09.196 INFO Loading data (2025-05-24 00:00:00+00:00 -> 2025-06-23 00:00:00+00:00) done in 20.58s (real) and 8.57s (process)
2026-08-03 06:00:09.196 INFO Memory usage (start of timestep, peak): 33.40 GiB
2026-08-03 06:00:09.196 INFO Memory usage (start of timestep, current): 21.41 GiB
2026-08-03 06:00:09.196 INFO Calculating metrics
2026-08-03 06:00:09.197 INFO Calculating metric: statement_count
2026-08-03 06:00:09.221 INFO Calculating metric: reference_existence_per_statement_count_df
2026-08-03 06:10:37.741 INFO Calculating metric: reference_completeness_df
2026-08-03 06:10:37.744 INFO Memory usage (end of timestep, peak): 33.40 GiB
2026-08-03 06:10:37.744 INFO Memory usage (end of timestep, current): 21.44 GiB
2026-08-03 06:10:37.744 INFO (Iteration 153) statement_count: real 0.02s | cpu 0.11s
2026-08-03 06:10:37.744 INFO (Iteration 153) reference_existence_per_statement_count_df: real 628.52s | cpu 630.63s
2026-08-03 06:10:37.744 INFO (Iteration 153) reference_completeness_df: real 0.00s | cpu 0.00s
2026-08-03 06:10:37.744 INFO Iteration 153 finished in 649.13s (real) and 639.31s (process)
2026-08-03 06:10:37.746 INFO Start timestep 2025-06-23 00:00:00+00:00 -> 2025-07-23 00:00:00+00:00
2026-08-03 06:10:39.377 INFO DuckDB memory logs:
  database_name database_size  block_size  ...  wal_size  memory_usage  memory_limit
0   postgres_db       6.2 TiB           0  ...   0 bytes       0 bytes      76.2 GiB
1        memory       0 bytes           0  ...   0 bytes       0 bytes      76.2 GiB

[2 rows x 9 columns]
2026-08-03 06:10:39.377 INFO Loading data (2025-06-23 00:00:00+00:00 -> 2025-07-23 00:00:00+00:00) done in 1.63s (real) and 0.09s (process)
2026-08-03 06:10:39.377 INFO Memory usage (start of timestep, peak): 33.40 GiB
2026-08-03 06:10:39.377 INFO Memory usage (start of timestep, current): 21.21 GiB
2026-08-03 06:10:39.377 INFO Calculating metrics
2026-08-03 06:10:39.377 INFO Calculating metric: statement_count
2026-08-03 06:10:39.388 INFO Calculating metric: reference_existence_per_statement_count_df
2026-08-03 06:10:39.395 INFO Calculating metric: reference_completeness_df
2026-08-03 06:10:39.399 INFO Memory usage (end of timestep, peak): 33.40 GiB
2026-08-03 06:10:39.400 INFO Memory usage (end of timestep, current): 21.21 GiB
2026-08-03 06:10:39.400 INFO (Iteration 154) statement_count: real 0.01s | cpu 0.01s
2026-08-03 06:10:39.400 INFO (Iteration 154) reference_existence_per_statement_count_df: real 0.01s | cpu 0.01s
2026-08-03 06:10:39.400 INFO (Iteration 154) reference_completeness_df: real 0.00s | cpu 0.00s
2026-08-03 06:10:39.400 INFO Iteration 154 finished in 1.65s (real) and 0.11s (process)
2026-08-03 06:10:39.400 INFO Start timestep 2025-07-23 00:00:00+00:00 -> 2025-08-22 00:00:00+00:00
2026-08-03 06:10:39.469 INFO DuckDB memory logs:
  database_name database_size  block_size  ...  wal_size  memory_usage  memory_limit
0   postgres_db       6.2 TiB           0  ...   0 bytes       0 bytes      76.2 GiB
1        memory       0 bytes           0  ...   0 bytes       0 bytes      76.2 GiB

[2 rows x 9 columns]
2026-08-03 06:10:39.469 INFO Loading data (2025-07-23 00:00:00+00:00 -> 2025-08-22 00:00:00+00:00) done in 0.07s (real) and 0.04s (process)
2026-08-03 06:10:39.469 INFO Memory usage (start of timestep, peak): 33.40 GiB
2026-08-03 06:10:39.469 INFO Memory usage (start of timestep, current): 21.21 GiB
2026-08-03 06:10:39.469 INFO Calculating metrics
2026-08-03 06:10:39.469 INFO Calculating metric: statement_count
2026-08-03 06:10:39.477 INFO Calculating metric: reference_existence_per_statement_count_df
2026-08-03 06:10:39.482 INFO Calculating metric: reference_completeness_df
2026-08-03 06:10:39.485 INFO Memory usage (end of timestep, peak): 33.40 GiB
2026-08-03 06:10:39.485 INFO Memory usage (end of timestep, current): 21.21 GiB
2026-08-03 06:10:39.485 INFO (Iteration 155) statement_count: real 0.01s | cpu 0.01s
2026-08-03 06:10:39.485 INFO (Iteration 155) reference_existence_per_statement_count_df: real 0.01s | cpu 0.00s
2026-08-03 06:10:39.485 INFO (Iteration 155) reference_completeness_df: real 0.00s | cpu 0.00s
2026-08-03 06:10:39.485 INFO Iteration 155 finished in 0.08s (real) and 0.05s (process)
