Commit at submit time: 0dd234c0705b1f48a783599c197a7c3e05c845ac
Running from snapshot: /tmp/mp2025-wikiwatch-2398975
DuckDB memory_limit: 76.2 GiB
2026-08-02 16:46:08.410 INFO starting
2026-08-02 16:46:08.410 INFO Memory logging: True
2026-08-02 16:46:08.410 INFO Less entities: True
2026-08-02 16:46:08.410 INFO Use cache: False
2026-08-02 16:46:10.021 INFO [subject_constraint_violation_count] initialized (rules=8350, watched_props=8348, use_cache=False)
2026-08-02 16:46:13.870 INFO Start timestep 2012-10-29 00:00:00+00:00 -> 2012-11-28 00:00:00+00:00
2026-08-02 16:46:17.783 INFO DuckDB memory logs:
  database_name database_size  block_size  ...  wal_size  memory_usage  memory_limit
0   postgres_db       6.2 TiB           0  ...   0 bytes      63.8 MiB      76.2 GiB
1        memory       0 bytes           0  ...   0 bytes      63.8 MiB      76.2 GiB

[2 rows x 9 columns]
2026-08-02 16:46:17.783 INFO Loading data (2012-10-29 00:00:00+00:00 -> 2012-11-28 00:00:00+00:00) done in 3.91s (real) and 0.84s (process)
2026-08-02 16:46:17.783 INFO Memory usage (start of timestep, peak): 0.22 GiB
2026-08-02 16:46:17.784 INFO Memory usage (start of timestep, current): 0.23 GiB
2026-08-02 16:46:17.784 INFO Calculating metrics
2026-08-02 16:46:17.784 INFO Calculating metric: statement_count
2026-08-02 16:46:17.807 INFO [statement_count] Memory snapshot — cache: 0.00 MB (type <class 'numpy.int64'>, N/A entries)
2026-08-02 16:46:17.808 INFO Calculating metric: reference_existence_per_statement_count_df
2026-08-02 16:46:17.819 INFO [reference_existence_per_statement_count_df] Memory snapshot — total: 0.00 MB
  cache: 0.00 MB (N/A entries)
  cache_df: 0.00 MB (0 entries)
2026-08-02 16:46:17.819 INFO Calculating metric: reference_completeness_df
2026-08-02 16:46:17.824 INFO [reference_completeness_df] Memory snapshot — cache: 0.00 MB (type <class 'numpy.float64'>, N/A entries)
2026-08-02 16:46:17.824 INFO Memory usage (end of timestep, peak): 0.22 GiB
2026-08-02 16:46:17.824 INFO Memory usage (end of timestep, current): 0.23 GiB
2026-08-02 16:46:17.825 INFO (Iteration 0) statement_count: real 0.02s | cpu 0.01s
2026-08-02 16:46:17.825 INFO (Iteration 0) reference_existence_per_statement_count_df: real 0.01s | cpu 0.01s
2026-08-02 16:46:17.825 INFO (Iteration 0) reference_completeness_df: real 0.00s | cpu 0.00s
2026-08-02 16:46:17.825 INFO Iteration 0 finished in 3.95s (real) and 0.87s (process)
2026-08-02 16:46:17.825 INFO Start timestep 2012-11-28 00:00:00+00:00 -> 2012-12-28 00:00:00+00:00
2026-08-02 16:46:23.136 INFO DuckDB memory logs:
  database_name database_size  block_size  ...  wal_size  memory_usage  memory_limit
0   postgres_db       6.2 TiB           0  ...   0 bytes     201.0 MiB      76.2 GiB
1        memory       0 bytes           0  ...   0 bytes     201.0 MiB      76.2 GiB

[2 rows x 9 columns]
2026-08-02 16:46:23.150 INFO Loading data (2012-11-28 00:00:00+00:00 -> 2012-12-28 00:00:00+00:00) done in 5.32s (real) and 2.60s (process)
2026-08-02 16:46:23.150 INFO Memory usage (start of timestep, peak): 0.36 GiB
2026-08-02 16:46:23.151 INFO Memory usage (start of timestep, current): 0.36 GiB
2026-08-02 16:46:23.151 INFO Calculating metrics
2026-08-02 16:46:23.151 INFO Calculating metric: statement_count
2026-08-02 16:46:23.167 INFO [statement_count] Memory snapshot — cache: 0.00 MB (type <class 'numpy.int64'>, N/A entries)
2026-08-02 16:46:23.167 INFO Calculating metric: reference_existence_per_statement_count_df
2026-08-02 16:46:23.174 INFO [reference_existence_per_statement_count_df] Memory snapshot — total: 0.00 MB
  cache: 0.00 MB (N/A entries)
  cache_df: 0.00 MB (0 entries)
2026-08-02 16:46:23.174 INFO Calculating metric: reference_completeness_df
2026-08-02 16:46:23.177 INFO [reference_completeness_df] Memory snapshot — cache: 0.00 MB (type <class 'numpy.float64'>, N/A entries)
2026-08-02 16:46:23.177 INFO Memory usage (end of timestep, peak): 0.36 GiB
2026-08-02 16:46:23.177 INFO Memory usage (end of timestep, current): 0.36 GiB
2026-08-02 16:46:23.177 INFO (Iteration 1) statement_count: real 0.02s | cpu 0.03s
2026-08-02 16:46:23.177 INFO (Iteration 1) reference_existence_per_statement_count_df: real 0.01s | cpu 0.01s
2026-08-02 16:46:23.177 INFO (Iteration 1) reference_completeness_df: real 0.00s | cpu 0.00s
2026-08-02 16:46:23.177 INFO Iteration 1 finished in 5.35s (real) and 2.63s (process)
2026-08-02 16:46:23.178 INFO Start timestep 2012-12-28 00:00:00+00:00 -> 2013-01-27 00:00:00+00:00
2026-08-02 16:46:26.526 INFO DuckDB memory logs:
  database_name database_size  block_size  ...  wal_size  memory_usage  memory_limit
0   postgres_db       6.2 TiB           0  ...   0 bytes     128.3 MiB      76.2 GiB
1        memory       0 bytes           0  ...   0 bytes     128.3 MiB      76.2 GiB

[2 rows x 9 columns]
2026-08-02 16:46:26.527 INFO Loading data (2012-12-28 00:00:00+00:00 -> 2013-01-27 00:00:00+00:00) done in 3.35s (real) and 1.59s (process)
2026-08-02 16:46:26.527 INFO Memory usage (start of timestep, peak): 0.36 GiB
2026-08-02 16:46:26.527 INFO Memory usage (start of timestep, current): 0.35 GiB
2026-08-02 16:46:26.527 INFO Calculating metrics
2026-08-02 16:46:26.527 INFO Calculating metric: statement_count
2026-08-02 16:46:26.540 INFO [statement_count] Memory snapshot — cache: 0.00 MB (type <class 'numpy.int64'>, N/A entries)
2026-08-02 16:46:26.541 INFO Calculating metric: reference_existence_per_statement_count_df
2026-08-02 16:46:26.545 INFO [reference_existence_per_statement_count_df] Memory snapshot — total: 0.00 MB
  cache: 0.00 MB (N/A entries)
  cache_df: 0.00 MB (0 entries)
2026-08-02 16:46:26.545 INFO Calculating metric: reference_completeness_df
2026-08-02 16:46:26.548 INFO [reference_completeness_df] Memory snapshot — cache: 0.00 MB (type <class 'numpy.float64'>, N/A entries)
2026-08-02 16:46:26.548 INFO Memory usage (end of timestep, peak): 0.36 GiB
2026-08-02 16:46:26.548 INFO Memory usage (end of timestep, current): 0.35 GiB
2026-08-02 16:46:26.548 INFO (Iteration 2) statement_count: real 0.01s | cpu 0.02s
2026-08-02 16:46:26.548 INFO (Iteration 2) reference_existence_per_statement_count_df: real 0.00s | cpu 0.00s
2026-08-02 16:46:26.548 INFO (Iteration 2) reference_completeness_df: real 0.00s | cpu 0.00s
2026-08-02 16:46:26.548 INFO Iteration 2 finished in 3.37s (real) and 1.61s (process)
2026-08-02 16:46:26.548 INFO Start timestep 2013-01-27 00:00:00+00:00 -> 2013-02-26 00:00:00+00:00
2026-08-02 16:46:29.320 INFO DuckDB memory logs:
  database_name database_size  block_size  ...  wal_size  memory_usage  memory_limit
0   postgres_db       6.2 TiB           0  ...   0 bytes     104.5 MiB      76.2 GiB
1        memory       0 bytes           0  ...   0 bytes     104.5 MiB      76.2 GiB

[2 rows x 9 columns]
2026-08-02 16:46:29.320 INFO Loading data (2013-01-27 00:00:00+00:00 -> 2013-02-26 00:00:00+00:00) done in 2.77s (real) and 1.29s (process)
2026-08-02 16:46:29.320 INFO Memory usage (start of timestep, peak): 0.36 GiB
2026-08-02 16:46:29.320 INFO Memory usage (start of timestep, current): 0.27 GiB
2026-08-02 16:46:29.320 INFO Calculating metrics
2026-08-02 16:46:29.320 INFO Calculating metric: statement_count
2026-08-02 16:46:29.338 INFO [statement_count] Memory snapshot — cache: 0.00 MB (type <class 'numpy.int64'>, N/A entries)
2026-08-02 16:46:29.338 INFO Calculating metric: reference_existence_per_statement_count_df
2026-08-02 16:46:29.346 INFO [reference_existence_per_statement_count_df] Memory snapshot — total: 0.00 MB
  cache: 0.00 MB (N/A entries)
  cache_df: 0.00 MB (5 entries)
2026-08-02 16:46:29.346 INFO Calculating metric: reference_completeness_df
2026-08-02 16:46:29.348 INFO [reference_completeness_df] Memory snapshot — cache: 0.00 MB (type <class 'numpy.float64'>, N/A entries)
2026-08-02 16:46:29.348 INFO Memory usage (end of timestep, peak): 0.36 GiB
2026-08-02 16:46:29.348 INFO Memory usage (end of timestep, current): 0.28 GiB
2026-08-02 16:46:29.348 INFO (Iteration 3) statement_count: real 0.02s | cpu 0.03s
2026-08-02 16:46:29.348 INFO (Iteration 3) reference_existence_per_statement_count_df: real 0.01s | cpu 0.02s
2026-08-02 16:46:29.348 INFO (Iteration 3) reference_completeness_df: real 0.00s | cpu 0.00s
2026-08-02 16:46:29.349 INFO Iteration 3 finished in 2.80s (real) and 1.34s (process)
2026-08-02 16:46:29.349 INFO Start timestep 2013-02-26 00:00:00+00:00 -> 2013-03-28 00:00:00+00:00
2026-08-02 16:46:37.468 INFO DuckDB memory logs:
  database_name database_size  block_size  ...  wal_size  memory_usage  memory_limit
0   postgres_db       6.2 TiB           0  ...   0 bytes     341.7 MiB      76.2 GiB
1        memory       0 bytes           0  ...   0 bytes     341.7 MiB      76.2 GiB

[2 rows x 9 columns]
2026-08-02 16:46:37.468 INFO Loading data (2013-02-26 00:00:00+00:00 -> 2013-03-28 00:00:00+00:00) done in 8.12s (real) and 4.01s (process)
2026-08-02 16:46:37.468 INFO Memory usage (start of timestep, peak): 0.49 GiB
2026-08-02 16:46:37.468 INFO Memory usage (start of timestep, current): 0.50 GiB
2026-08-02 16:46:37.468 INFO Calculating metrics
2026-08-02 16:46:37.468 INFO Calculating metric: statement_count
2026-08-02 16:46:37.494 INFO [statement_count] Memory snapshot — cache: 0.00 MB (type <class 'numpy.int64'>, N/A entries)
2026-08-02 16:46:37.494 INFO Calculating metric: reference_existence_per_statement_count_df
2026-08-02 16:46:37.685 INFO [reference_existence_per_statement_count_df] Memory snapshot — total: 9.19 MB
  cache: 0.00 MB (N/A entries)
  cache_df: 9.19 MB (76712 entries)
2026-08-02 16:46:37.685 INFO Calculating metric: reference_completeness_df
2026-08-02 16:46:37.688 INFO [reference_completeness_df] Memory snapshot — cache: 0.00 MB (type <class 'numpy.float64'>, N/A entries)
2026-08-02 16:46:37.688 INFO Memory usage (end of timestep, peak): 0.53 GiB
2026-08-02 16:46:37.688 INFO Memory usage (end of timestep, current): 0.53 GiB
2026-08-02 16:46:37.688 INFO (Iteration 4) statement_count: real 0.03s | cpu 0.09s
2026-08-02 16:46:37.688 INFO (Iteration 4) reference_existence_per_statement_count_df: real 0.19s | cpu 0.25s
2026-08-02 16:46:37.688 INFO (Iteration 4) reference_completeness_df: real 0.00s | cpu 0.00s
2026-08-02 16:46:37.688 INFO Iteration 4 finished in 8.34s (real) and 4.35s (process)
2026-08-02 16:46:37.688 INFO Start timestep 2013-03-28 00:00:00+00:00 -> 2013-04-27 00:00:00+00:00
2026-08-02 16:46:47.510 INFO DuckDB memory logs:
  database_name database_size  block_size  ...  wal_size  memory_usage  memory_limit
0   postgres_db       6.2 TiB           0  ...   0 bytes     450.2 MiB      76.2 GiB
1        memory       0 bytes           0  ...   0 bytes     450.2 MiB      76.2 GiB

[2 rows x 9 columns]
2026-08-02 16:46:47.510 INFO Loading data (2013-03-28 00:00:00+00:00 -> 2013-04-27 00:00:00+00:00) done in 9.82s (real) and 5.09s (process)
2026-08-02 16:46:47.510 INFO Memory usage (start of timestep, peak): 0.66 GiB
2026-08-02 16:46:47.510 INFO Memory usage (start of timestep, current): 0.61 GiB
2026-08-02 16:46:47.510 INFO Calculating metrics
2026-08-02 16:46:47.510 INFO Calculating metric: statement_count
2026-08-02 16:46:47.536 INFO [statement_count] Memory snapshot — cache: 0.00 MB (type <class 'numpy.int64'>, N/A entries)
2026-08-02 16:46:47.536 INFO Calculating metric: reference_existence_per_statement_count_df
2026-08-02 16:46:48.489 INFO [reference_existence_per_statement_count_df] Memory snapshot — total: 40.07 MB
  cache: 0.00 MB (N/A entries)
  cache_df: 40.07 MB (334185 entries)
2026-08-02 16:46:48.489 INFO Calculating metric: reference_completeness_df
2026-08-02 16:46:48.493 INFO [reference_completeness_df] Memory snapshot — cache: 0.00 MB (type <class 'numpy.float64'>, N/A entries)
2026-08-02 16:46:48.493 INFO Memory usage (end of timestep, peak): 0.71 GiB
2026-08-02 16:46:48.493 INFO Memory usage (end of timestep, current): 0.68 GiB
2026-08-02 16:46:48.493 INFO (Iteration 5) statement_count: real 0.03s | cpu 0.11s
2026-08-02 16:46:48.493 INFO (Iteration 5) reference_existence_per_statement_count_df: real 0.95s | cpu 1.19s
2026-08-02 16:46:48.493 INFO (Iteration 5) reference_completeness_df: real 0.00s | cpu 0.00s
2026-08-02 16:46:48.493 INFO Iteration 5 finished in 10.81s (real) and 6.39s (process)
2026-08-02 16:46:48.493 INFO Start timestep 2013-04-27 00:00:00+00:00 -> 2013-05-27 00:00:00+00:00
2026-08-02 16:47:00.420 INFO DuckDB memory logs:
  database_name database_size  block_size  ...  wal_size  memory_usage  memory_limit
0   postgres_db       6.2 TiB           0  ...   0 bytes     589.0 MiB      76.2 GiB
1        memory       0 bytes           0  ...   0 bytes     589.0 MiB      76.2 GiB

[2 rows x 9 columns]
2026-08-02 16:47:00.421 INFO Loading data (2013-04-27 00:00:00+00:00 -> 2013-05-27 00:00:00+00:00) done in 11.93s (real) and 6.39s (process)
2026-08-02 16:47:00.421 INFO Memory usage (start of timestep, peak): 0.77 GiB
2026-08-02 16:47:00.421 INFO Memory usage (start of timestep, current): 0.77 GiB
2026-08-02 16:47:00.421 INFO Calculating metrics
2026-08-02 16:47:00.421 INFO Calculating metric: statement_count
2026-08-02 16:47:00.450 INFO [statement_count] Memory snapshot — cache: 0.00 MB (type <class 'numpy.int64'>, N/A entries)
2026-08-02 16:47:00.450 INFO Calculating metric: reference_existence_per_statement_count_df
2026-08-02 16:47:03.066 INFO [reference_existence_per_statement_count_df] Memory snapshot — total: 94.30 MB
  cache: 0.00 MB (N/A entries)
  cache_df: 94.30 MB (786460 entries)
2026-08-02 16:47:03.066 INFO Calculating metric: reference_completeness_df
2026-08-02 16:47:03.069 INFO [reference_completeness_df] Memory snapshot — cache: 0.00 MB (type <class 'numpy.float64'>, N/A entries)
2026-08-02 16:47:03.070 INFO Memory usage (end of timestep, peak): 0.95 GiB
2026-08-02 16:47:03.070 INFO Memory usage (end of timestep, current): 0.89 GiB
2026-08-02 16:47:03.070 INFO (Iteration 6) statement_count: real 0.03s | cpu 0.17s
2026-08-02 16:47:03.070 INFO (Iteration 6) reference_existence_per_statement_count_df: real 2.62s | cpu 3.04s
2026-08-02 16:47:03.070 INFO (Iteration 6) reference_completeness_df: real 0.00s | cpu 0.00s
2026-08-02 16:47:03.070 INFO Iteration 6 finished in 14.58s (real) and 9.60s (process)
2026-08-02 16:47:03.070 INFO Start timestep 2013-05-27 00:00:00+00:00 -> 2013-06-26 00:00:00+00:00
2026-08-02 16:47:07.430 INFO DuckDB memory logs:
  database_name database_size  block_size  ...  wal_size  memory_usage  memory_limit
0   postgres_db       6.2 TiB           0  ...   0 bytes     209.5 MiB      76.2 GiB
1        memory       0 bytes           0  ...   0 bytes     209.5 MiB      76.2 GiB

[2 rows x 9 columns]
2026-08-02 16:47:07.430 INFO Loading data (2013-05-27 00:00:00+00:00 -> 2013-06-26 00:00:00+00:00) done in 4.36s (real) and 2.27s (process)
2026-08-02 16:47:07.431 INFO Memory usage (start of timestep, peak): 0.95 GiB
2026-08-02 16:47:07.431 INFO Memory usage (start of timestep, current): 0.51 GiB
2026-08-02 16:47:07.431 INFO Calculating metrics
2026-08-02 16:47:07.431 INFO Calculating metric: statement_count
2026-08-02 16:47:07.449 INFO [statement_count] Memory snapshot — cache: 0.00 MB (type <class 'numpy.int64'>, N/A entries)
2026-08-02 16:47:07.449 INFO Calculating metric: reference_existence_per_statement_count_df
2026-08-02 16:47:10.484 INFO [reference_existence_per_statement_count_df] Memory snapshot — total: 114.06 MB
  cache: 0.00 MB (N/A entries)
  cache_df: 114.06 MB (951181 entries)
2026-08-02 16:47:10.484 INFO Calculating metric: reference_completeness_df
2026-08-02 16:47:10.487 INFO [reference_completeness_df] Memory snapshot — cache: 0.00 MB (type <class 'numpy.float64'>, N/A entries)
2026-08-02 16:47:10.487 INFO Memory usage (end of timestep, peak): 0.95 GiB
2026-08-02 16:47:10.487 INFO Memory usage (end of timestep, current): 0.59 GiB
2026-08-02 16:47:10.488 INFO (Iteration 7) statement_count: real 0.02s | cpu 0.04s
2026-08-02 16:47:10.488 INFO (Iteration 7) reference_existence_per_statement_count_df: real 3.04s | cpu 3.18s
2026-08-02 16:47:10.488 INFO (Iteration 7) reference_completeness_df: real 0.00s | cpu 0.00s
2026-08-02 16:47:10.488 INFO Iteration 7 finished in 7.42s (real) and 5.50s (process)
2026-08-02 16:47:10.488 INFO Start timestep 2013-06-26 00:00:00+00:00 -> 2013-07-26 00:00:00+00:00
2026-08-02 16:47:24.431 INFO DuckDB memory logs:
  database_name database_size  block_size  ...  wal_size  memory_usage  memory_limit
0   postgres_db       6.2 TiB           0  ...   0 bytes     342.2 MiB      76.2 GiB
1        memory       0 bytes           0  ...   0 bytes     342.2 MiB      76.2 GiB

[2 rows x 9 columns]
2026-08-02 16:47:24.431 INFO Loading data (2013-06-26 00:00:00+00:00 -> 2013-07-26 00:00:00+00:00) done in 13.94s (real) and 3.74s (process)
2026-08-02 16:47:24.431 INFO Memory usage (start of timestep, peak): 0.95 GiB
2026-08-02 16:47:24.431 INFO Memory usage (start of timestep, current): 0.63 GiB
2026-08-02 16:47:24.431 INFO Calculating metrics
2026-08-02 16:47:24.431 INFO Calculating metric: statement_count
2026-08-02 16:47:24.456 INFO [statement_count] Memory snapshot — cache: 0.00 MB (type <class 'numpy.int64'>, N/A entries)
2026-08-02 16:47:24.456 INFO Calculating metric: reference_existence_per_statement_count_df
2026-08-02 16:47:27.780 INFO [reference_existence_per_statement_count_df] Memory snapshot — total: 143.52 MB
  cache: 0.00 MB (N/A entries)
  cache_df: 143.52 MB (1195055 entries)
2026-08-02 16:47:27.780 INFO Calculating metric: reference_completeness_df
2026-08-02 16:47:27.783 INFO [reference_completeness_df] Memory snapshot — cache: 0.00 MB (type <class 'numpy.float64'>, N/A entries)
2026-08-02 16:47:27.783 INFO Memory usage (end of timestep, peak): 0.95 GiB
2026-08-02 16:47:27.784 INFO Memory usage (end of timestep, current): 0.69 GiB
2026-08-02 16:47:27.784 INFO (Iteration 8) statement_count: real 0.02s | cpu 0.08s
2026-08-02 16:47:27.784 INFO (Iteration 8) reference_existence_per_statement_count_df: real 3.32s | cpu 3.55s
2026-08-02 16:47:27.784 INFO (Iteration 8) reference_completeness_df: real 0.00s | cpu 0.00s
2026-08-02 16:47:27.784 INFO Iteration 8 finished in 17.30s (real) and 7.38s (process)
2026-08-02 16:47:27.784 INFO Start timestep 2013-07-26 00:00:00+00:00 -> 2013-08-25 00:00:00+00:00
2026-08-02 16:47:36.455 INFO DuckDB memory logs:
  database_name database_size  block_size  ...  wal_size  memory_usage  memory_limit
0   postgres_db       6.2 TiB           0  ...   0 bytes     194.7 MiB      76.2 GiB
1        memory       0 bytes           0  ...   0 bytes     194.7 MiB      76.2 GiB

[2 rows x 9 columns]
2026-08-02 16:47:36.455 INFO Loading data (2013-07-26 00:00:00+00:00 -> 2013-08-25 00:00:00+00:00) done in 8.67s (real) and 2.26s (process)
2026-08-02 16:47:36.455 INFO Memory usage (start of timestep, peak): 0.95 GiB
2026-08-02 16:47:36.455 INFO Memory usage (start of timestep, current): 0.52 GiB
2026-08-02 16:47:36.456 INFO Calculating metrics
2026-08-02 16:47:36.456 INFO Calculating metric: statement_count
2026-08-02 16:47:36.474 INFO [statement_count] Memory snapshot — cache: 0.00 MB (type <class 'numpy.int64'>, N/A entries)
2026-08-02 16:47:36.474 INFO Calculating metric: reference_existence_per_statement_count_df
2026-08-02 16:47:40.215 INFO [reference_existence_per_statement_count_df] Memory snapshot — total: 154.57 MB
  cache: 0.00 MB (N/A entries)
  cache_df: 154.57 MB (1287067 entries)
2026-08-02 16:47:40.215 INFO Calculating metric: reference_completeness_df
2026-08-02 16:47:40.218 INFO [reference_completeness_df] Memory snapshot — cache: 0.00 MB (type <class 'numpy.float64'>, N/A entries)
2026-08-02 16:47:40.218 INFO Memory usage (end of timestep, peak): 0.95 GiB
2026-08-02 16:47:40.218 INFO Memory usage (end of timestep, current): 0.55 GiB
2026-08-02 16:47:40.218 INFO (Iteration 9) statement_count: real 0.02s | cpu 0.05s
2026-08-02 16:47:40.219 INFO (Iteration 9) reference_existence_per_statement_count_df: real 3.74s | cpu 3.85s
2026-08-02 16:47:40.219 INFO (Iteration 9) reference_completeness_df: real 0.00s | cpu 0.00s
2026-08-02 16:47:40.219 INFO Iteration 9 finished in 12.43s (real) and 6.16s (process)
2026-08-02 16:47:40.219 INFO Start timestep 2013-08-25 00:00:00+00:00 -> 2013-09-24 00:00:00+00:00
2026-08-02 16:47:48.819 INFO DuckDB memory logs:
  database_name database_size  block_size  ...  wal_size  memory_usage  memory_limit
0   postgres_db       6.2 TiB           0  ...   0 bytes     203.2 MiB      76.2 GiB
1        memory       0 bytes           0  ...   0 bytes     203.2 MiB      76.2 GiB

[2 rows x 9 columns]
2026-08-02 16:47:48.819 INFO Loading data (2013-08-25 00:00:00+00:00 -> 2013-09-24 00:00:00+00:00) done in 8.60s (real) and 3.96s (process)
2026-08-02 16:47:48.819 INFO Memory usage (start of timestep, peak): 0.95 GiB
2026-08-02 16:47:48.819 INFO Memory usage (start of timestep, current): 0.55 GiB
2026-08-02 16:47:48.819 INFO Calculating metrics
2026-08-02 16:47:48.819 INFO Calculating metric: statement_count
2026-08-02 16:47:48.846 INFO [statement_count] Memory snapshot — cache: 0.00 MB (type <class 'numpy.int64'>, N/A entries)
2026-08-02 16:47:48.847 INFO Calculating metric: reference_existence_per_statement_count_df
2026-08-02 16:47:52.847 INFO [reference_existence_per_statement_count_df] Memory snapshot — total: 168.51 MB
  cache: 0.00 MB (N/A entries)
  cache_df: 168.51 MB (1403235 entries)
2026-08-02 16:47:52.848 INFO Calculating metric: reference_completeness_df
2026-08-02 16:47:52.851 INFO [reference_completeness_df] Memory snapshot — cache: 0.00 MB (type <class 'numpy.float64'>, N/A entries)
2026-08-02 16:47:52.851 INFO Memory usage (end of timestep, peak): 0.95 GiB
2026-08-02 16:47:52.851 INFO Memory usage (end of timestep, current): 0.61 GiB
2026-08-02 16:47:52.851 INFO (Iteration 10) statement_count: real 0.03s | cpu 0.06s
2026-08-02 16:47:52.851 INFO (Iteration 10) reference_existence_per_statement_count_df: real 4.00s | cpu 4.10s
2026-08-02 16:47:52.851 INFO (Iteration 10) reference_completeness_df: real 0.00s | cpu 0.00s
2026-08-02 16:47:52.851 INFO Iteration 10 finished in 12.63s (real) and 8.12s (process)
2026-08-02 16:47:52.851 INFO Start timestep 2013-09-24 00:00:00+00:00 -> 2013-10-24 00:00:00+00:00
2026-08-02 16:48:05.056 INFO DuckDB memory logs:
  database_name database_size  block_size  ...  wal_size  memory_usage  memory_limit
0   postgres_db       6.2 TiB           0  ...   0 bytes     314.2 MiB      76.2 GiB
1        memory       0 bytes           0  ...   0 bytes     314.2 MiB      76.2 GiB

[2 rows x 9 columns]
2026-08-02 16:48:05.056 INFO Loading data (2013-09-24 00:00:00+00:00 -> 2013-10-24 00:00:00+00:00) done in 12.21s (real) and 3.21s (process)
2026-08-02 16:48:05.057 INFO Memory usage (start of timestep, peak): 0.95 GiB
2026-08-02 16:48:05.057 INFO Memory usage (start of timestep, current): 0.69 GiB
2026-08-02 16:48:05.057 INFO Calculating metrics
2026-08-02 16:48:05.057 INFO Calculating metric: statement_count
2026-08-02 16:48:05.082 INFO [statement_count] Memory snapshot — cache: 0.00 MB (type <class 'numpy.int64'>, N/A entries)
2026-08-02 16:48:05.082 INFO Calculating metric: reference_existence_per_statement_count_df
2026-08-02 16:48:09.836 INFO [reference_existence_per_statement_count_df] Memory snapshot — total: 191.05 MB
  cache: 0.00 MB (N/A entries)
  cache_df: 191.05 MB (1590944 entries)
2026-08-02 16:48:09.836 INFO Calculating metric: reference_completeness_df
2026-08-02 16:48:09.839 INFO [reference_completeness_df] Memory snapshot — cache: 0.00 MB (type <class 'numpy.float64'>, N/A entries)
2026-08-02 16:48:09.839 INFO Memory usage (end of timestep, peak): 0.95 GiB
2026-08-02 16:48:09.839 INFO Memory usage (end of timestep, current): 0.82 GiB
2026-08-02 16:48:09.839 INFO (Iteration 11) statement_count: real 0.02s | cpu 0.09s
2026-08-02 16:48:09.839 INFO (Iteration 11) reference_existence_per_statement_count_df: real 4.75s | cpu 4.98s
2026-08-02 16:48:09.839 INFO (Iteration 11) reference_completeness_df: real 0.00s | cpu 0.00s
2026-08-02 16:48:09.839 INFO Iteration 11 finished in 16.99s (real) and 8.28s (process)
2026-08-02 16:48:09.840 INFO Start timestep 2013-10-24 00:00:00+00:00 -> 2013-11-23 00:00:00+00:00
2026-08-02 16:48:20.439 INFO DuckDB memory logs:
  database_name database_size  block_size  ...  wal_size  memory_usage  memory_limit
0   postgres_db       6.2 TiB           0  ...   0 bytes     289.0 MiB      76.2 GiB
1        memory       0 bytes           0  ...   0 bytes     289.0 MiB      76.2 GiB

[2 rows x 9 columns]
2026-08-02 16:48:20.439 INFO Loading data (2013-10-24 00:00:00+00:00 -> 2013-11-23 00:00:00+00:00) done in 10.60s (real) and 3.15s (process)
2026-08-02 16:48:20.439 INFO Memory usage (start of timestep, peak): 0.95 GiB
2026-08-02 16:48:20.440 INFO Memory usage (start of timestep, current): 0.68 GiB
2026-08-02 16:48:20.440 INFO Calculating metrics
2026-08-02 16:48:20.440 INFO Calculating metric: statement_count
2026-08-02 16:48:20.462 INFO [statement_count] Memory snapshot — cache: 0.00 MB (type <class 'numpy.int64'>, N/A entries)
2026-08-02 16:48:20.462 INFO Calculating metric: reference_existence_per_statement_count_df
2026-08-02 16:48:25.650 INFO [reference_existence_per_statement_count_df] Memory snapshot — total: 196.33 MB
  cache: 0.00 MB (N/A entries)
  cache_df: 196.33 MB (1634692 entries)
2026-08-02 16:48:25.650 INFO Calculating metric: reference_completeness_df
2026-08-02 16:48:25.653 INFO [reference_completeness_df] Memory snapshot — cache: 0.00 MB (type <class 'numpy.float64'>, N/A entries)
2026-08-02 16:48:25.654 INFO Memory usage (end of timestep, peak): 0.95 GiB
2026-08-02 16:48:25.654 INFO Memory usage (end of timestep, current): 0.75 GiB
2026-08-02 16:48:25.654 INFO (Iteration 12) statement_count: real 0.02s | cpu 0.10s
2026-08-02 16:48:25.654 INFO (Iteration 12) reference_existence_per_statement_count_df: real 5.19s | cpu 5.36s
2026-08-02 16:48:25.654 INFO (Iteration 12) reference_completeness_df: real 0.00s | cpu 0.00s
2026-08-02 16:48:25.654 INFO Iteration 12 finished in 15.81s (real) and 8.61s (process)
2026-08-02 16:48:25.654 INFO Start timestep 2013-11-23 00:00:00+00:00 -> 2013-12-23 00:00:00+00:00
2026-08-02 16:48:37.218 INFO DuckDB memory logs:
  database_name database_size  block_size  ...  wal_size  memory_usage  memory_limit
0   postgres_db       6.2 TiB           0  ...   0 bytes     331.0 MiB      76.2 GiB
1        memory       0 bytes           0  ...   0 bytes     331.0 MiB      76.2 GiB

[2 rows x 9 columns]
2026-08-02 16:48:37.218 INFO Loading data (2013-11-23 00:00:00+00:00 -> 2013-12-23 00:00:00+00:00) done in 11.56s (real) and 6.30s (process)
2026-08-02 16:48:37.218 INFO Memory usage (start of timestep, peak): 0.95 GiB
2026-08-02 16:48:37.218 INFO Memory usage (start of timestep, current): 0.76 GiB
2026-08-02 16:48:37.218 INFO Calculating metrics
2026-08-02 16:48:37.219 INFO Calculating metric: statement_count
2026-08-02 16:48:37.242 INFO [statement_count] Memory snapshot — cache: 0.00 MB (type <class 'numpy.int64'>, N/A entries)
2026-08-02 16:48:37.242 INFO Calculating metric: reference_existence_per_statement_count_df
2026-08-02 16:48:42.922 INFO [reference_existence_per_statement_count_df] Memory snapshot — total: 206.38 MB
  cache: 0.00 MB (N/A entries)
  cache_df: 206.38 MB (1718512 entries)
2026-08-02 16:48:42.922 INFO Calculating metric: reference_completeness_df
2026-08-02 16:48:42.926 INFO [reference_completeness_df] Memory snapshot — cache: 0.00 MB (type <class 'numpy.float64'>, N/A entries)
2026-08-02 16:48:42.926 INFO Memory usage (end of timestep, peak): 0.95 GiB
2026-08-02 16:48:42.926 INFO Memory usage (end of timestep, current): 0.80 GiB
2026-08-02 16:48:42.926 INFO (Iteration 13) statement_count: real 0.02s | cpu 0.09s
2026-08-02 16:48:42.926 INFO (Iteration 13) reference_existence_per_statement_count_df: real 5.68s | cpu 5.89s
2026-08-02 16:48:42.926 INFO (Iteration 13) reference_completeness_df: real 0.00s | cpu 0.00s
2026-08-02 16:48:42.926 INFO Iteration 13 finished in 17.27s (real) and 12.29s (process)
2026-08-02 16:48:42.927 INFO Start timestep 2013-12-23 00:00:00+00:00 -> 2014-01-22 00:00:00+00:00
2026-08-02 16:48:56.820 INFO DuckDB memory logs:
  database_name database_size  block_size  ...  wal_size  memory_usage  memory_limit
0   postgres_db       6.2 TiB           0  ...   0 bytes     322.7 MiB      76.2 GiB
1        memory       0 bytes           0  ...   0 bytes     322.7 MiB      76.2 GiB

[2 rows x 9 columns]
2026-08-02 16:48:56.820 INFO Loading data (2013-12-23 00:00:00+00:00 -> 2014-01-22 00:00:00+00:00) done in 13.89s (real) and 3.54s (process)
2026-08-02 16:48:56.820 INFO Memory usage (start of timestep, peak): 0.95 GiB
2026-08-02 16:48:56.820 INFO Memory usage (start of timestep, current): 0.77 GiB
2026-08-02 16:48:56.820 INFO Calculating metrics
2026-08-02 16:48:56.821 INFO Calculating metric: statement_count
2026-08-02 16:48:56.843 INFO [statement_count] Memory snapshot — cache: 0.00 MB (type <class 'numpy.int64'>, N/A entries)
2026-08-02 16:48:56.843 INFO Calculating metric: reference_existence_per_statement_count_df
2026-08-02 16:49:02.647 INFO [reference_existence_per_statement_count_df] Memory snapshot — total: 220.92 MB
  cache: 0.00 MB (N/A entries)
  cache_df: 220.92 MB (1839633 entries)
2026-08-02 16:49:02.647 INFO Calculating metric: reference_completeness_df
2026-08-02 16:49:02.650 INFO [reference_completeness_df] Memory snapshot — cache: 0.00 MB (type <class 'numpy.float64'>, N/A entries)
2026-08-02 16:49:02.650 INFO Memory usage (end of timestep, peak): 0.95 GiB
2026-08-02 16:49:02.650 INFO Memory usage (end of timestep, current): 0.89 GiB
2026-08-02 16:49:02.650 INFO (Iteration 14) statement_count: real 0.02s | cpu 0.07s
2026-08-02 16:49:02.650 INFO (Iteration 14) reference_existence_per_statement_count_df: real 5.80s | cpu 5.97s
2026-08-02 16:49:02.650 INFO (Iteration 14) reference_completeness_df: real 0.00s | cpu 0.00s
2026-08-02 16:49:02.650 INFO Iteration 14 finished in 19.72s (real) and 9.58s (process)
2026-08-02 16:49:02.650 INFO Start timestep 2014-01-22 00:00:00+00:00 -> 2014-02-21 00:00:00+00:00
2026-08-02 16:49:13.958 INFO DuckDB memory logs:
  database_name database_size  block_size  ...  wal_size  memory_usage  memory_limit
0   postgres_db       6.2 TiB           0  ...   0 bytes     303.5 MiB      76.2 GiB
1        memory       0 bytes           0  ...   0 bytes     303.5 MiB      76.2 GiB

[2 rows x 9 columns]
2026-08-02 16:49:13.958 INFO Loading data (2014-01-22 00:00:00+00:00 -> 2014-02-21 00:00:00+00:00) done in 11.31s (real) and 3.38s (process)
2026-08-02 16:49:13.958 INFO Memory usage (start of timestep, peak): 0.95 GiB
2026-08-02 16:49:13.958 INFO Memory usage (start of timestep, current): 0.79 GiB
2026-08-02 16:49:13.958 INFO Calculating metrics
2026-08-02 16:49:13.959 INFO Calculating metric: statement_count
2026-08-02 16:49:13.983 INFO [statement_count] Memory snapshot — cache: 0.00 MB (type <class 'numpy.int64'>, N/A entries)
2026-08-02 16:49:13.983 INFO Calculating metric: reference_existence_per_statement_count_df
2026-08-02 16:49:20.161 INFO [reference_existence_per_statement_count_df] Memory snapshot — total: 236.36 MB
  cache: 0.00 MB (N/A entries)
  cache_df: 236.36 MB (1967978 entries)
2026-08-02 16:49:20.161 INFO Calculating metric: reference_completeness_df
2026-08-02 16:49:20.164 INFO [reference_completeness_df] Memory snapshot — cache: 0.00 MB (type <class 'numpy.float64'>, N/A entries)
2026-08-02 16:49:20.165 INFO Memory usage (end of timestep, peak): 0.99 GiB
2026-08-02 16:49:20.165 INFO Memory usage (end of timestep, current): 0.95 GiB
2026-08-02 16:49:20.165 INFO (Iteration 15) statement_count: real 0.02s | cpu 0.10s
2026-08-02 16:49:20.165 INFO (Iteration 15) reference_existence_per_statement_count_df: real 6.18s | cpu 6.38s
2026-08-02 16:49:20.165 INFO (Iteration 15) reference_completeness_df: real 0.00s | cpu 0.00s
2026-08-02 16:49:20.165 INFO Iteration 15 finished in 17.51s (real) and 9.86s (process)
2026-08-02 16:49:20.165 INFO Start timestep 2014-02-21 00:00:00+00:00 -> 2014-03-23 00:00:00+00:00
2026-08-02 16:49:35.702 INFO DuckDB memory logs:
  database_name database_size  block_size  ...  wal_size  memory_usage  memory_limit
0   postgres_db       6.2 TiB           0  ...   0 bytes     343.0 MiB      76.2 GiB
1        memory       0 bytes           0  ...   0 bytes     343.0 MiB      76.2 GiB

[2 rows x 9 columns]
2026-08-02 16:49:35.703 INFO Loading data (2014-02-21 00:00:00+00:00 -> 2014-03-23 00:00:00+00:00) done in 15.54s (real) and 4.17s (process)
2026-08-02 16:49:35.703 INFO Memory usage (start of timestep, peak): 0.99 GiB
2026-08-02 16:49:35.703 INFO Memory usage (start of timestep, current): 0.85 GiB
2026-08-02 16:49:35.703 INFO Calculating metrics
2026-08-02 16:49:35.703 INFO Calculating metric: statement_count
2026-08-02 16:49:35.729 INFO [statement_count] Memory snapshot — cache: 0.00 MB (type <class 'numpy.int64'>, N/A entries)
2026-08-02 16:49:35.729 INFO Calculating metric: reference_existence_per_statement_count_df
2026-08-02 16:49:42.538 INFO [reference_existence_per_statement_count_df] Memory snapshot — total: 258.08 MB
  cache: 0.00 MB (N/A entries)
  cache_df: 258.08 MB (2148342 entries)
2026-08-02 16:49:42.538 INFO Calculating metric: reference_completeness_df
2026-08-02 16:49:42.542 INFO [reference_completeness_df] Memory snapshot — cache: 0.00 MB (type <class 'numpy.float64'>, N/A entries)
2026-08-02 16:49:42.542 INFO Memory usage (end of timestep, peak): 1.07 GiB
2026-08-02 16:49:42.542 INFO Memory usage (end of timestep, current): 0.89 GiB
2026-08-02 16:49:42.543 INFO (Iteration 16) statement_count: real 0.03s | cpu 0.09s
2026-08-02 16:49:42.543 INFO (Iteration 16) reference_existence_per_statement_count_df: real 6.81s | cpu 7.07s
2026-08-02 16:49:42.543 INFO (Iteration 16) reference_completeness_df: real 0.00s | cpu 0.00s
2026-08-02 16:49:42.543 INFO Iteration 16 finished in 22.38s (real) and 11.33s (process)
2026-08-02 16:49:42.543 INFO Start timestep 2014-03-23 00:00:00+00:00 -> 2014-04-22 00:00:00+00:00
2026-08-02 16:49:52.807 INFO DuckDB memory logs:
  database_name database_size  block_size  ...  wal_size  memory_usage  memory_limit
0   postgres_db       6.2 TiB           0  ...   0 bytes     233.0 MiB      76.2 GiB
1        memory       0 bytes           0  ...   0 bytes     233.0 MiB      76.2 GiB

[2 rows x 9 columns]
2026-08-02 16:49:52.807 INFO Loading data (2014-03-23 00:00:00+00:00 -> 2014-04-22 00:00:00+00:00) done in 10.26s (real) and 6.26s (process)
2026-08-02 16:49:52.807 INFO Memory usage (start of timestep, peak): 1.07 GiB
2026-08-02 16:49:52.807 INFO Memory usage (start of timestep, current): 0.74 GiB
2026-08-02 16:49:52.807 INFO Calculating metrics
2026-08-02 16:49:52.807 INFO Calculating metric: statement_count
2026-08-02 16:49:52.823 INFO [statement_count] Memory snapshot — cache: 0.00 MB (type <class 'numpy.int64'>, N/A entries)
2026-08-02 16:49:52.823 INFO Calculating metric: reference_existence_per_statement_count_df
2026-08-02 16:49:59.546 INFO [reference_existence_per_statement_count_df] Memory snapshot — total: 269.17 MB
  cache: 0.00 MB (N/A entries)
  cache_df: 269.17 MB (2240464 entries)
2026-08-02 16:49:59.547 INFO Calculating metric: reference_completeness_df
2026-08-02 16:49:59.550 INFO [reference_completeness_df] Memory snapshot — cache: 0.00 MB (type <class 'numpy.float64'>, N/A entries)
2026-08-02 16:49:59.550 INFO Memory usage (end of timestep, peak): 1.07 GiB
2026-08-02 16:49:59.550 INFO Memory usage (end of timestep, current): 0.80 GiB
2026-08-02 16:49:59.551 INFO (Iteration 17) statement_count: real 0.02s | cpu 0.04s
2026-08-02 16:49:59.551 INFO (Iteration 17) reference_existence_per_statement_count_df: real 6.72s | cpu 6.85s
2026-08-02 16:49:59.551 INFO (Iteration 17) reference_completeness_df: real 0.00s | cpu 0.00s
2026-08-02 16:49:59.551 INFO Iteration 17 finished in 17.01s (real) and 13.15s (process)
2026-08-02 16:49:59.551 INFO Start timestep 2014-04-22 00:00:00+00:00 -> 2014-05-22 00:00:00+00:00
2026-08-02 16:50:17.572 INFO DuckDB memory logs:
  database_name database_size  block_size  ...  wal_size  memory_usage  memory_limit
0   postgres_db       6.2 TiB           0  ...   0 bytes     453.7 MiB      76.2 GiB
1        memory       0 bytes           0  ...   0 bytes     453.7 MiB      76.2 GiB

[2 rows x 9 columns]
2026-08-02 16:50:17.572 INFO Loading data (2014-04-22 00:00:00+00:00 -> 2014-05-22 00:00:00+00:00) done in 18.02s (real) and 5.25s (process)
2026-08-02 16:50:17.572 INFO Memory usage (start of timestep, peak): 1.07 GiB
2026-08-02 16:50:17.572 INFO Memory usage (start of timestep, current): 0.98 GiB
2026-08-02 16:50:17.572 INFO Calculating metrics
2026-08-02 16:50:17.572 INFO Calculating metric: statement_count
2026-08-02 16:50:17.599 INFO [statement_count] Memory snapshot — cache: 0.00 MB (type <class 'numpy.int64'>, N/A entries)
2026-08-02 16:50:17.599 INFO Calculating metric: reference_existence_per_statement_count_df
2026-08-02 16:50:24.990 INFO [reference_existence_per_statement_count_df] Memory snapshot — total: 268.37 MB
  cache: 0.00 MB (N/A entries)
  cache_df: 268.37 MB (2234133 entries)
2026-08-02 16:50:24.990 INFO Calculating metric: reference_completeness_df
2026-08-02 16:50:24.994 INFO [reference_completeness_df] Memory snapshot — cache: 0.00 MB (type <class 'numpy.float64'>, N/A entries)
2026-08-02 16:50:24.994 INFO Memory usage (end of timestep, peak): 1.20 GiB
2026-08-02 16:50:24.994 INFO Memory usage (end of timestep, current): 1.04 GiB
2026-08-02 16:50:24.994 INFO (Iteration 18) statement_count: real 0.03s | cpu 0.14s
2026-08-02 16:50:24.994 INFO (Iteration 18) reference_existence_per_statement_count_df: real 7.39s | cpu 7.64s
2026-08-02 16:50:24.994 INFO (Iteration 18) reference_completeness_df: real 0.00s | cpu 0.00s
2026-08-02 16:50:24.994 INFO Iteration 18 finished in 25.44s (real) and 13.04s (process)
2026-08-02 16:50:24.995 INFO Start timestep 2014-05-22 00:00:00+00:00 -> 2014-06-21 00:00:00+00:00
2026-08-02 16:50:36.422 INFO DuckDB memory logs:
  database_name database_size  block_size  ...  wal_size  memory_usage  memory_limit
0   postgres_db       6.2 TiB           0  ...   0 bytes     288.2 MiB      76.2 GiB
1        memory       0 bytes           0  ...   0 bytes     288.2 MiB      76.2 GiB

[2 rows x 9 columns]
2026-08-02 16:50:36.423 INFO Loading data (2014-05-22 00:00:00+00:00 -> 2014-06-21 00:00:00+00:00) done in 11.43s (real) and 8.71s (process)
2026-08-02 16:50:36.423 INFO Memory usage (start of timestep, peak): 1.20 GiB
2026-08-02 16:50:36.423 INFO Memory usage (start of timestep, current): 0.97 GiB
2026-08-02 16:50:36.423 INFO Calculating metrics
2026-08-02 16:50:36.423 INFO Calculating metric: statement_count
2026-08-02 16:50:36.451 INFO [statement_count] Memory snapshot — cache: 0.00 MB (type <class 'numpy.int64'>, N/A entries)
2026-08-02 16:50:36.451 INFO Calculating metric: reference_existence_per_statement_count_df
2026-08-02 16:50:43.538 INFO [reference_existence_per_statement_count_df] Memory snapshot — total: 269.64 MB
  cache: 0.00 MB (N/A entries)
  cache_df: 269.64 MB (2244799 entries)
2026-08-02 16:50:43.538 INFO Calculating metric: reference_completeness_df
2026-08-02 16:50:43.541 INFO [reference_completeness_df] Memory snapshot — cache: 0.00 MB (type <class 'numpy.float64'>, N/A entries)
2026-08-02 16:50:43.542 INFO Memory usage (end of timestep, peak): 1.20 GiB
2026-08-02 16:50:43.542 INFO Memory usage (end of timestep, current): 0.95 GiB
2026-08-02 16:50:43.542 INFO (Iteration 19) statement_count: real 0.03s | cpu 0.12s
2026-08-02 16:50:43.542 INFO (Iteration 19) reference_existence_per_statement_count_df: real 7.09s | cpu 7.18s
2026-08-02 16:50:43.542 INFO (Iteration 19) reference_completeness_df: real 0.00s | cpu 0.00s
2026-08-02 16:50:43.542 INFO Iteration 19 finished in 18.55s (real) and 16.01s (process)
2026-08-02 16:50:43.542 INFO Start timestep 2014-06-21 00:00:00+00:00 -> 2014-07-21 00:00:00+00:00
2026-08-02 16:50:53.558 INFO DuckDB memory logs:
  database_name database_size  block_size  ...  wal_size  memory_usage  memory_limit
0   postgres_db       6.2 TiB           0  ...   0 bytes     242.0 MiB      76.2 GiB
1        memory       0 bytes           0  ...   0 bytes     242.0 MiB      76.2 GiB

[2 rows x 9 columns]
2026-08-02 16:50:53.558 INFO Loading data (2014-06-21 00:00:00+00:00 -> 2014-07-21 00:00:00+00:00) done in 10.02s (real) and 6.72s (process)
2026-08-02 16:50:53.558 INFO Memory usage (start of timestep, peak): 1.20 GiB
2026-08-02 16:50:53.559 INFO Memory usage (start of timestep, current): 0.93 GiB
2026-08-02 16:50:53.559 INFO Calculating metrics
2026-08-02 16:50:53.559 INFO Calculating metric: statement_count
2026-08-02 16:50:53.579 INFO [statement_count] Memory snapshot — cache: 0.00 MB (type <class 'numpy.int64'>, N/A entries)
2026-08-02 16:50:53.579 INFO Calculating metric: reference_existence_per_statement_count_df
2026-08-02 16:51:00.669 INFO [reference_existence_per_statement_count_df] Memory snapshot — total: 273.55 MB
  cache: 0.00 MB (N/A entries)
  cache_df: 273.55 MB (2277096 entries)
2026-08-02 16:51:00.669 INFO Calculating metric: reference_completeness_df
2026-08-02 16:51:00.673 INFO [reference_completeness_df] Memory snapshot — cache: 0.00 MB (type <class 'numpy.float64'>, N/A entries)
2026-08-02 16:51:00.674 INFO Memory usage (end of timestep, peak): 1.20 GiB
2026-08-02 16:51:00.674 INFO Memory usage (end of timestep, current): 0.87 GiB
2026-08-02 16:51:00.674 INFO (Iteration 20) statement_count: real 0.02s | cpu 0.05s
2026-08-02 16:51:00.674 INFO (Iteration 20) reference_existence_per_statement_count_df: real 7.09s | cpu 7.17s
2026-08-02 16:51:00.674 INFO (Iteration 20) reference_completeness_df: real 0.00s | cpu 0.00s
2026-08-02 16:51:00.674 INFO Iteration 20 finished in 17.13s (real) and 13.95s (process)
2026-08-02 16:51:00.674 INFO Start timestep 2014-07-21 00:00:00+00:00 -> 2014-08-20 00:00:00+00:00
2026-08-02 16:51:08.054 INFO DuckDB memory logs:
  database_name database_size  block_size  ...  wal_size  memory_usage  memory_limit
0   postgres_db       6.2 TiB           0  ...   0 bytes     203.7 MiB      76.2 GiB
1        memory       0 bytes           0  ...   0 bytes     203.7 MiB      76.2 GiB

[2 rows x 9 columns]
2026-08-02 16:51:08.055 INFO Loading data (2014-07-21 00:00:00+00:00 -> 2014-08-20 00:00:00+00:00) done in 7.38s (real) and 4.59s (process)
2026-08-02 16:51:08.055 INFO Memory usage (start of timestep, peak): 1.20 GiB
2026-08-02 16:51:08.055 INFO Memory usage (start of timestep, current): 0.93 GiB
2026-08-02 16:51:08.055 INFO Calculating metrics
2026-08-02 16:51:08.055 INFO Calculating metric: statement_count
2026-08-02 16:51:08.084 INFO [statement_count] Memory snapshot — cache: 0.00 MB (type <class 'numpy.int64'>, N/A entries)
2026-08-02 16:51:08.084 INFO Calculating metric: reference_existence_per_statement_count_df
2026-08-02 16:51:15.392 INFO [reference_existence_per_statement_count_df] Memory snapshot — total: 280.35 MB
  cache: 0.00 MB (N/A entries)
  cache_df: 280.35 MB (2333600 entries)
2026-08-02 16:51:15.392 INFO Calculating metric: reference_completeness_df
2026-08-02 16:51:15.397 INFO [reference_completeness_df] Memory snapshot — cache: 0.00 MB (type <class 'numpy.float64'>, N/A entries)
2026-08-02 16:51:15.397 INFO Memory usage (end of timestep, peak): 1.20 GiB
2026-08-02 16:51:15.397 INFO Memory usage (end of timestep, current): 0.85 GiB
2026-08-02 16:51:15.397 INFO (Iteration 21) statement_count: real 0.03s | cpu 0.09s
2026-08-02 16:51:15.397 INFO (Iteration 21) reference_existence_per_statement_count_df: real 7.31s | cpu 7.39s
2026-08-02 16:51:15.397 INFO (Iteration 21) reference_completeness_df: real 0.00s | cpu 0.00s
2026-08-02 16:51:15.397 INFO Iteration 21 finished in 14.72s (real) and 12.08s (process)
2026-08-02 16:51:15.398 INFO Start timestep 2014-08-20 00:00:00+00:00 -> 2014-09-19 00:00:00+00:00
2026-08-02 16:51:24.869 INFO DuckDB memory logs:
  database_name database_size  block_size  ...  wal_size  memory_usage  memory_limit
0   postgres_db       6.2 TiB           0  ...   0 bytes     228.5 MiB      76.2 GiB
1        memory       0 bytes           0  ...   0 bytes     228.5 MiB      76.2 GiB

[2 rows x 9 columns]
2026-08-02 16:51:24.870 INFO Loading data (2014-08-20 00:00:00+00:00 -> 2014-09-19 00:00:00+00:00) done in 9.47s (real) and 2.51s (process)
2026-08-02 16:51:24.870 INFO Memory usage (start of timestep, peak): 1.20 GiB
2026-08-02 16:51:24.870 INFO Memory usage (start of timestep, current): 0.78 GiB
2026-08-02 16:51:24.870 INFO Calculating metrics
2026-08-02 16:51:24.870 INFO Calculating metric: statement_count
2026-08-02 16:51:24.888 INFO [statement_count] Memory snapshot — cache: 0.00 MB (type <class 'numpy.int64'>, N/A entries)
2026-08-02 16:51:24.888 INFO Calculating metric: reference_existence_per_statement_count_df
2026-08-02 16:51:32.205 INFO [reference_existence_per_statement_count_df] Memory snapshot — total: 287.10 MB
  cache: 0.00 MB (N/A entries)
  cache_df: 287.10 MB (2389591 entries)
2026-08-02 16:51:32.205 INFO Calculating metric: reference_completeness_df
2026-08-02 16:51:32.208 INFO [reference_completeness_df] Memory snapshot — cache: 0.00 MB (type <class 'numpy.float64'>, N/A entries)
2026-08-02 16:51:32.208 INFO Memory usage (end of timestep, peak): 1.20 GiB
2026-08-02 16:51:32.208 INFO Memory usage (end of timestep, current): 0.83 GiB
2026-08-02 16:51:32.208 INFO (Iteration 22) statement_count: real 0.02s | cpu 0.07s
2026-08-02 16:51:32.209 INFO (Iteration 22) reference_existence_per_statement_count_df: real 7.32s | cpu 7.39s
2026-08-02 16:51:32.209 INFO (Iteration 22) reference_completeness_df: real 0.00s | cpu 0.00s
2026-08-02 16:51:32.209 INFO Iteration 22 finished in 16.81s (real) and 9.97s (process)
2026-08-02 16:51:32.209 INFO Start timestep 2014-09-19 00:00:00+00:00 -> 2014-10-19 00:00:00+00:00
2026-08-02 16:51:44.801 INFO DuckDB memory logs:
  database_name database_size  block_size  ...  wal_size  memory_usage  memory_limit
0   postgres_db       6.2 TiB           0  ...   0 bytes     277.5 MiB      76.2 GiB
1        memory       0 bytes           0  ...   0 bytes     277.5 MiB      76.2 GiB

[2 rows x 9 columns]
2026-08-02 16:51:44.802 INFO Loading data (2014-09-19 00:00:00+00:00 -> 2014-10-19 00:00:00+00:00) done in 12.59s (real) and 3.11s (process)
2026-08-02 16:51:44.802 INFO Memory usage (start of timestep, peak): 1.20 GiB
2026-08-02 16:51:44.802 INFO Memory usage (start of timestep, current): 0.83 GiB
2026-08-02 16:51:44.802 INFO Calculating metrics
2026-08-02 16:51:44.802 INFO Calculating metric: statement_count
2026-08-02 16:51:44.827 INFO [statement_count] Memory snapshot — cache: 0.00 MB (type <class 'numpy.int64'>, N/A entries)
2026-08-02 16:51:44.828 INFO Calculating metric: reference_existence_per_statement_count_df
2026-08-02 16:51:52.612 INFO [reference_existence_per_statement_count_df] Memory snapshot — total: 299.04 MB
  cache: 0.00 MB (N/A entries)
  cache_df: 299.04 MB (2488287 entries)
2026-08-02 16:51:52.612 INFO Calculating metric: reference_completeness_df
2026-08-02 16:51:52.617 INFO [reference_completeness_df] Memory snapshot — cache: 0.00 MB (type <class 'numpy.float64'>, N/A entries)
2026-08-02 16:51:52.617 INFO Memory usage (end of timestep, peak): 1.20 GiB
2026-08-02 16:51:52.617 INFO Memory usage (end of timestep, current): 0.91 GiB
2026-08-02 16:51:52.617 INFO (Iteration 23) statement_count: real 0.03s | cpu 0.09s
2026-08-02 16:51:52.617 INFO (Iteration 23) reference_existence_per_statement_count_df: real 7.78s | cpu 7.90s
2026-08-02 16:51:52.617 INFO (Iteration 23) reference_completeness_df: real 0.00s | cpu 0.00s
2026-08-02 16:51:52.617 INFO Iteration 23 finished in 20.41s (real) and 11.10s (process)
2026-08-02 16:51:52.617 INFO Start timestep 2014-10-19 00:00:00+00:00 -> 2014-11-18 00:00:00+00:00
2026-08-02 16:52:10.342 INFO DuckDB memory logs:
  database_name database_size  block_size  ...  wal_size  memory_usage  memory_limit
0   postgres_db       6.2 TiB           0  ...   0 bytes     378.2 MiB      76.2 GiB
1        memory       0 bytes           0  ...   0 bytes     378.2 MiB      76.2 GiB

[2 rows x 9 columns]
2026-08-02 16:52:10.342 INFO Loading data (2014-10-19 00:00:00+00:00 -> 2014-11-18 00:00:00+00:00) done in 17.72s (real) and 4.13s (process)
2026-08-02 16:52:10.343 INFO Memory usage (start of timestep, peak): 1.20 GiB
2026-08-02 16:52:10.343 INFO Memory usage (start of timestep, current): 0.94 GiB
2026-08-02 16:52:10.343 INFO Calculating metrics
2026-08-02 16:52:10.343 INFO Calculating metric: statement_count
2026-08-02 16:52:10.370 INFO [statement_count] Memory snapshot — cache: 0.00 MB (type <class 'numpy.int64'>, N/A entries)
2026-08-02 16:52:10.371 INFO Calculating metric: reference_existence_per_statement_count_df
2026-08-02 16:52:18.838 INFO [reference_existence_per_statement_count_df] Memory snapshot — total: 314.09 MB
  cache: 0.00 MB (N/A entries)
  cache_df: 314.09 MB (2613587 entries)
2026-08-02 16:52:18.838 INFO Calculating metric: reference_completeness_df
2026-08-02 16:52:18.843 INFO [reference_completeness_df] Memory snapshot — cache: 0.00 MB (type <class 'numpy.float64'>, N/A entries)
2026-08-02 16:52:18.843 INFO Memory usage (end of timestep, peak): 1.20 GiB
2026-08-02 16:52:18.843 INFO Memory usage (end of timestep, current): 1.02 GiB
2026-08-02 16:52:18.843 INFO (Iteration 24) statement_count: real 0.03s | cpu 0.10s
2026-08-02 16:52:18.844 INFO (Iteration 24) reference_existence_per_statement_count_df: real 8.47s | cpu 8.70s
2026-08-02 16:52:18.844 INFO (Iteration 24) reference_completeness_df: real 0.00s | cpu 0.00s
2026-08-02 16:52:18.844 INFO Iteration 24 finished in 26.23s (real) and 12.93s (process)
2026-08-02 16:52:18.844 INFO Start timestep 2014-11-18 00:00:00+00:00 -> 2014-12-18 00:00:00+00:00
2026-08-02 16:52:31.438 INFO DuckDB memory logs:
  database_name database_size  block_size  ...  wal_size  memory_usage  memory_limit
0   postgres_db       6.2 TiB           0  ...   0 bytes     246.2 MiB      76.2 GiB
1        memory       0 bytes           0  ...   0 bytes     246.2 MiB      76.2 GiB

[2 rows x 9 columns]
2026-08-02 16:52:31.438 INFO Loading data (2014-11-18 00:00:00+00:00 -> 2014-12-18 00:00:00+00:00) done in 12.59s (real) and 2.65s (process)
2026-08-02 16:52:31.439 INFO Memory usage (start of timestep, peak): 1.20 GiB
2026-08-02 16:52:31.439 INFO Memory usage (start of timestep, current): 1.01 GiB
2026-08-02 16:52:31.439 INFO Calculating metrics
2026-08-02 16:52:31.439 INFO Calculating metric: statement_count
2026-08-02 16:52:31.464 INFO [statement_count] Memory snapshot — cache: 0.00 MB (type <class 'numpy.int64'>, N/A entries)
2026-08-02 16:52:31.464 INFO Calculating metric: reference_existence_per_statement_count_df
2026-08-02 16:52:39.655 INFO [reference_existence_per_statement_count_df] Memory snapshot — total: 320.01 MB
  cache: 0.00 MB (N/A entries)
  cache_df: 320.01 MB (2662576 entries)
2026-08-02 16:52:39.655 INFO Calculating metric: reference_completeness_df
2026-08-02 16:52:39.659 INFO [reference_completeness_df] Memory snapshot — cache: 0.00 MB (type <class 'numpy.float64'>, N/A entries)
2026-08-02 16:52:39.659 INFO Memory usage (end of timestep, peak): 1.20 GiB
2026-08-02 16:52:39.659 INFO Memory usage (end of timestep, current): 0.99 GiB
2026-08-02 16:52:39.659 INFO (Iteration 25) statement_count: real 0.02s | cpu 0.08s
2026-08-02 16:52:39.659 INFO (Iteration 25) reference_existence_per_statement_count_df: real 8.19s | cpu 8.29s
2026-08-02 16:52:39.659 INFO (Iteration 25) reference_completeness_df: real 0.00s | cpu 0.00s
2026-08-02 16:52:39.659 INFO Iteration 25 finished in 20.81s (real) and 11.03s (process)
2026-08-02 16:52:39.660 INFO Start timestep 2014-12-18 00:00:00+00:00 -> 2015-01-17 00:00:00+00:00
2026-08-02 16:52:50.000 INFO DuckDB memory logs:
  database_name database_size  block_size  ...  wal_size  memory_usage  memory_limit
0   postgres_db       6.2 TiB           0  ...   0 bytes     218.5 MiB      76.2 GiB
1        memory       0 bytes           0  ...   0 bytes     218.5 MiB      76.2 GiB

[2 rows x 9 columns]
2026-08-02 16:52:50.001 INFO Loading data (2014-12-18 00:00:00+00:00 -> 2015-01-17 00:00:00+00:00) done in 10.34s (real) and 2.33s (process)
2026-08-02 16:52:50.001 INFO Memory usage (start of timestep, peak): 1.20 GiB
2026-08-02 16:52:50.001 INFO Memory usage (start of timestep, current): 0.83 GiB
2026-08-02 16:52:50.001 INFO Calculating metrics
2026-08-02 16:52:50.001 INFO Calculating metric: statement_count
2026-08-02 16:52:50.024 INFO [statement_count] Memory snapshot — cache: 0.00 MB (type <class 'numpy.int64'>, N/A entries)
2026-08-02 16:52:50.024 INFO Calculating metric: reference_existence_per_statement_count_df
2026-08-02 16:52:58.402 INFO [reference_existence_per_statement_count_df] Memory snapshot — total: 325.71 MB
  cache: 0.00 MB (N/A entries)
  cache_df: 325.71 MB (2709876 entries)
2026-08-02 16:52:58.402 INFO Calculating metric: reference_completeness_df
2026-08-02 16:52:58.406 INFO [reference_completeness_df] Memory snapshot — cache: 0.00 MB (type <class 'numpy.float64'>, N/A entries)
2026-08-02 16:52:58.406 INFO Memory usage (end of timestep, peak): 1.20 GiB
2026-08-02 16:52:58.407 INFO Memory usage (end of timestep, current): 0.88 GiB
2026-08-02 16:52:58.407 INFO (Iteration 26) statement_count: real 0.02s | cpu 0.05s
2026-08-02 16:52:58.407 INFO (Iteration 26) reference_existence_per_statement_count_df: real 8.38s | cpu 8.49s
2026-08-02 16:52:58.407 INFO (Iteration 26) reference_completeness_df: real 0.00s | cpu 0.00s
2026-08-02 16:52:58.407 INFO Iteration 26 finished in 18.75s (real) and 10.88s (process)
2026-08-02 16:52:58.407 INFO Start timestep 2015-01-17 00:00:00+00:00 -> 2015-02-16 00:00:00+00:00
2026-08-02 16:53:12.992 INFO DuckDB memory logs:
  database_name database_size  block_size  ...  wal_size  memory_usage  memory_limit
0   postgres_db       6.2 TiB           0  ...   0 bytes     332.0 MiB      76.2 GiB
1        memory       0 bytes           0  ...   0 bytes     332.0 MiB      76.2 GiB

[2 rows x 9 columns]
2026-08-02 16:53:12.992 INFO Loading data (2015-01-17 00:00:00+00:00 -> 2015-02-16 00:00:00+00:00) done in 14.58s (real) and 9.57s (process)
2026-08-02 16:53:12.992 INFO Memory usage (start of timestep, peak): 1.20 GiB
2026-08-02 16:53:12.992 INFO Memory usage (start of timestep, current): 1.01 GiB
2026-08-02 16:53:12.992 INFO Calculating metrics
2026-08-02 16:53:12.992 INFO Calculating metric: statement_count
2026-08-02 16:53:13.020 INFO [statement_count] Memory snapshot — cache: 0.00 MB (type <class 'numpy.int64'>, N/A entries)
2026-08-02 16:53:13.021 INFO Calculating metric: reference_existence_per_statement_count_df
2026-08-02 16:53:21.668 INFO [reference_existence_per_statement_count_df] Memory snapshot — total: 326.09 MB
  cache: 0.00 MB (N/A entries)
  cache_df: 326.09 MB (2712909 entries)
2026-08-02 16:53:21.668 INFO Calculating metric: reference_completeness_df
2026-08-02 16:53:21.672 INFO [reference_completeness_df] Memory snapshot — cache: 0.00 MB (type <class 'numpy.float64'>, N/A entries)
2026-08-02 16:53:21.672 INFO Memory usage (end of timestep, peak): 1.24 GiB
2026-08-02 16:53:21.672 INFO Memory usage (end of timestep, current): 1.04 GiB
2026-08-02 16:53:21.672 INFO (Iteration 27) statement_count: real 0.03s | cpu 0.11s
2026-08-02 16:53:21.672 INFO (Iteration 27) reference_existence_per_statement_count_df: real 8.65s | cpu 8.78s
2026-08-02 16:53:21.672 INFO (Iteration 27) reference_completeness_df: real 0.00s | cpu 0.00s
2026-08-02 16:53:21.672 INFO Iteration 27 finished in 23.26s (real) and 18.46s (process)
2026-08-02 16:53:21.672 INFO Start timestep 2015-02-16 00:00:00+00:00 -> 2015-03-18 00:00:00+00:00
2026-08-02 16:53:36.789 INFO DuckDB memory logs:
  database_name database_size  block_size  ...  wal_size  memory_usage  memory_limit
0   postgres_db       6.2 TiB           0  ...   0 bytes     296.5 MiB      76.2 GiB
1        memory       0 bytes           0  ...   0 bytes     296.5 MiB      76.2 GiB

[2 rows x 9 columns]
2026-08-02 16:53:36.790 INFO Loading data (2015-02-16 00:00:00+00:00 -> 2015-03-18 00:00:00+00:00) done in 15.12s (real) and 3.30s (process)
2026-08-02 16:53:36.790 INFO Memory usage (start of timestep, peak): 1.24 GiB
2026-08-02 16:53:36.790 INFO Memory usage (start of timestep, current): 0.90 GiB
2026-08-02 16:53:36.790 INFO Calculating metrics
2026-08-02 16:53:36.790 INFO Calculating metric: statement_count
2026-08-02 16:53:36.820 INFO [statement_count] Memory snapshot — cache: 0.00 MB (type <class 'numpy.int64'>, N/A entries)
2026-08-02 16:53:36.820 INFO Calculating metric: reference_existence_per_statement_count_df
2026-08-02 16:53:45.463 INFO [reference_existence_per_statement_count_df] Memory snapshot — total: 334.24 MB
  cache: 0.00 MB (N/A entries)
  cache_df: 334.24 MB (2780385 entries)
2026-08-02 16:53:45.463 INFO Calculating metric: reference_completeness_df
2026-08-02 16:53:45.466 INFO [reference_completeness_df] Memory snapshot — cache: 0.00 MB (type <class 'numpy.float64'>, N/A entries)
2026-08-02 16:53:45.466 INFO Memory usage (end of timestep, peak): 1.24 GiB
2026-08-02 16:53:45.466 INFO Memory usage (end of timestep, current): 0.97 GiB
2026-08-02 16:53:45.466 INFO (Iteration 28) statement_count: real 0.03s | cpu 0.12s
2026-08-02 16:53:45.466 INFO (Iteration 28) reference_existence_per_statement_count_df: real 8.64s | cpu 8.73s
2026-08-02 16:53:45.466 INFO (Iteration 28) reference_completeness_df: real 0.00s | cpu 0.00s
2026-08-02 16:53:45.466 INFO Iteration 28 finished in 23.79s (real) and 12.15s (process)
2026-08-02 16:53:45.466 INFO Start timestep 2015-03-18 00:00:00+00:00 -> 2015-04-17 00:00:00+00:00
2026-08-02 16:53:56.836 INFO DuckDB memory logs:
  database_name database_size  block_size  ...  wal_size  memory_usage  memory_limit
0   postgres_db       6.2 TiB           0  ...   0 bytes     267.5 MiB      76.2 GiB
1        memory       0 bytes           0  ...   0 bytes     267.5 MiB      76.2 GiB

[2 rows x 9 columns]
2026-08-02 16:53:56.836 INFO Loading data (2015-03-18 00:00:00+00:00 -> 2015-04-17 00:00:00+00:00) done in 11.37s (real) and 2.91s (process)
2026-08-02 16:53:56.837 INFO Memory usage (start of timestep, peak): 1.24 GiB
2026-08-02 16:53:56.837 INFO Memory usage (start of timestep, current): 0.94 GiB
2026-08-02 16:53:56.837 INFO Calculating metrics
2026-08-02 16:53:56.837 INFO Calculating metric: statement_count
2026-08-02 16:53:56.858 INFO [statement_count] Memory snapshot — cache: 0.00 MB (type <class 'numpy.int64'>, N/A entries)
2026-08-02 16:53:56.858 INFO Calculating metric: reference_existence_per_statement_count_df
2026-08-02 16:54:05.957 INFO [reference_existence_per_statement_count_df] Memory snapshot — total: 343.96 MB
  cache: 0.00 MB (N/A entries)
  cache_df: 343.96 MB (2861140 entries)
2026-08-02 16:54:05.957 INFO Calculating metric: reference_completeness_df
2026-08-02 16:54:05.960 INFO [reference_completeness_df] Memory snapshot — cache: 0.00 MB (type <class 'numpy.float64'>, N/A entries)
2026-08-02 16:54:05.960 INFO Memory usage (end of timestep, peak): 1.24 GiB
2026-08-02 16:54:05.960 INFO Memory usage (end of timestep, current): 0.98 GiB
2026-08-02 16:54:05.960 INFO (Iteration 29) statement_count: real 0.02s | cpu 0.07s
2026-08-02 16:54:05.960 INFO (Iteration 29) reference_existence_per_statement_count_df: real 9.10s | cpu 9.23s
2026-08-02 16:54:05.960 INFO (Iteration 29) reference_completeness_df: real 0.00s | cpu 0.00s
2026-08-02 16:54:05.961 INFO Iteration 29 finished in 20.49s (real) and 12.21s (process)
2026-08-02 16:54:05.961 INFO Start timestep 2015-04-17 00:00:00+00:00 -> 2015-05-17 00:00:00+00:00
2026-08-02 16:54:16.779 INFO DuckDB memory logs:
  database_name database_size  block_size  ...  wal_size  memory_usage  memory_limit
0   postgres_db       6.2 TiB           0  ...   0 bytes     238.2 MiB      76.2 GiB
1        memory       0 bytes           0  ...   0 bytes     238.2 MiB      76.2 GiB

[2 rows x 9 columns]
2026-08-02 16:54:16.779 INFO Loading data (2015-04-17 00:00:00+00:00 -> 2015-05-17 00:00:00+00:00) done in 10.82s (real) and 2.66s (process)
2026-08-02 16:54:16.779 INFO Memory usage (start of timestep, peak): 1.24 GiB
2026-08-02 16:54:16.779 INFO Memory usage (start of timestep, current): 0.88 GiB
2026-08-02 16:54:16.779 INFO Calculating metrics
2026-08-02 16:54:16.779 INFO Calculating metric: statement_count
2026-08-02 16:54:16.802 INFO [statement_count] Memory snapshot — cache: 0.00 MB (type <class 'numpy.int64'>, N/A entries)
2026-08-02 16:54:16.802 INFO Calculating metric: reference_existence_per_statement_count_df
2026-08-02 16:54:26.519 INFO [reference_existence_per_statement_count_df] Memory snapshot — total: 351.67 MB
  cache: 0.00 MB (N/A entries)
  cache_df: 351.67 MB (2925101 entries)
2026-08-02 16:54:26.519 INFO Calculating metric: reference_completeness_df
2026-08-02 16:54:26.522 INFO [reference_completeness_df] Memory snapshot — cache: 0.00 MB (type <class 'numpy.float64'>, N/A entries)
2026-08-02 16:54:26.522 INFO Memory usage (end of timestep, peak): 1.24 GiB
2026-08-02 16:54:26.523 INFO Memory usage (end of timestep, current): 0.94 GiB
2026-08-02 16:54:26.523 INFO (Iteration 30) statement_count: real 0.02s | cpu 0.05s
2026-08-02 16:54:26.523 INFO (Iteration 30) reference_existence_per_statement_count_df: real 9.72s | cpu 9.83s
2026-08-02 16:54:26.523 INFO (Iteration 30) reference_completeness_df: real 0.00s | cpu 0.00s
2026-08-02 16:54:26.523 INFO Iteration 30 finished in 20.56s (real) and 12.55s (process)
2026-08-02 16:54:26.523 INFO Start timestep 2015-05-17 00:00:00+00:00 -> 2015-06-16 00:00:00+00:00
2026-08-02 16:54:43.177 INFO DuckDB memory logs:
  database_name database_size  block_size  ...  wal_size  memory_usage  memory_limit
0   postgres_db       6.2 TiB           0  ...   0 bytes     437.0 MiB      76.2 GiB
1        memory       0 bytes           0  ...   0 bytes     437.0 MiB      76.2 GiB

[2 rows x 9 columns]
2026-08-02 16:54:43.177 INFO Loading data (2015-05-17 00:00:00+00:00 -> 2015-06-16 00:00:00+00:00) done in 16.65s (real) and 4.79s (process)
2026-08-02 16:54:43.177 INFO Memory usage (start of timestep, peak): 1.24 GiB
2026-08-02 16:54:43.177 INFO Memory usage (start of timestep, current): 1.09 GiB
2026-08-02 16:54:43.177 INFO Calculating metrics
2026-08-02 16:54:43.177 INFO Calculating metric: statement_count
2026-08-02 16:54:43.203 INFO [statement_count] Memory snapshot — cache: 0.00 MB (type <class 'numpy.int64'>, N/A entries)
2026-08-02 16:54:43.203 INFO Calculating metric: reference_existence_per_statement_count_df
2026-08-02 16:54:53.460 INFO [reference_existence_per_statement_count_df] Memory snapshot — total: 373.17 MB
  cache: 0.00 MB (N/A entries)
  cache_df: 373.17 MB (3103127 entries)
2026-08-02 16:54:53.460 INFO Calculating metric: reference_completeness_df
2026-08-02 16:54:53.463 INFO [reference_completeness_df] Memory snapshot — cache: 0.00 MB (type <class 'numpy.float64'>, N/A entries)
2026-08-02 16:54:53.464 INFO Memory usage (end of timestep, peak): 1.33 GiB
2026-08-02 16:54:53.464 INFO Memory usage (end of timestep, current): 1.13 GiB
2026-08-02 16:54:53.464 INFO (Iteration 31) statement_count: real 0.03s | cpu 0.09s
2026-08-02 16:54:53.464 INFO (Iteration 31) reference_existence_per_statement_count_df: real 10.26s | cpu 10.54s
2026-08-02 16:54:53.464 INFO (Iteration 31) reference_completeness_df: real 0.00s | cpu 0.00s
2026-08-02 16:54:53.464 INFO Iteration 31 finished in 26.94s (real) and 15.42s (process)
2026-08-02 16:54:53.464 INFO Start timestep 2015-06-16 00:00:00+00:00 -> 2015-07-16 00:00:00+00:00
2026-08-02 16:55:06.938 INFO DuckDB memory logs:
  database_name database_size  block_size  ...  wal_size  memory_usage  memory_limit
0   postgres_db       6.2 TiB           0  ...   0 bytes     366.5 MiB      76.2 GiB
1        memory       0 bytes           0  ...   0 bytes     366.5 MiB      76.2 GiB

[2 rows x 9 columns]
2026-08-02 16:55:06.939 INFO Loading data (2015-06-16 00:00:00+00:00 -> 2015-07-16 00:00:00+00:00) done in 13.47s (real) and 9.05s (process)
2026-08-02 16:55:06.939 INFO Memory usage (start of timestep, peak): 1.33 GiB
2026-08-02 16:55:06.939 INFO Memory usage (start of timestep, current): 1.15 GiB
2026-08-02 16:55:06.939 INFO Calculating metrics
2026-08-02 16:55:06.939 INFO Calculating metric: statement_count
2026-08-02 16:55:06.959 INFO [statement_count] Memory snapshot — cache: 0.00 MB (type <class 'numpy.int64'>, N/A entries)
2026-08-02 16:55:06.959 INFO Calculating metric: reference_existence_per_statement_count_df
2026-08-02 16:55:17.443 INFO [reference_existence_per_statement_count_df] Memory snapshot — total: 389.07 MB
  cache: 0.00 MB (N/A entries)
  cache_df: 389.07 MB (3234709 entries)
2026-08-02 16:55:17.443 INFO Calculating metric: reference_completeness_df
2026-08-02 16:55:17.447 INFO [reference_completeness_df] Memory snapshot — cache: 0.00 MB (type <class 'numpy.float64'>, N/A entries)
2026-08-02 16:55:17.447 INFO Memory usage (end of timestep, peak): 1.41 GiB
2026-08-02 16:55:17.447 INFO Memory usage (end of timestep, current): 1.26 GiB
2026-08-02 16:55:17.447 INFO (Iteration 32) statement_count: real 0.02s | cpu 0.06s
2026-08-02 16:55:17.447 INFO (Iteration 32) reference_existence_per_statement_count_df: real 10.48s | cpu 10.68s
2026-08-02 16:55:17.447 INFO (Iteration 32) reference_completeness_df: real 0.00s | cpu 0.00s
2026-08-02 16:55:17.447 INFO Iteration 32 finished in 23.98s (real) and 19.79s (process)
2026-08-02 16:55:17.447 INFO Start timestep 2015-07-16 00:00:00+00:00 -> 2015-08-15 00:00:00+00:00
2026-08-02 16:55:35.181 INFO DuckDB memory logs:
  database_name database_size  block_size  ...  wal_size  memory_usage  memory_limit
0   postgres_db       6.2 TiB           0  ...   0 bytes     476.5 MiB      76.2 GiB
1        memory       0 bytes           0  ...   0 bytes     476.5 MiB      76.2 GiB

[2 rows x 9 columns]
2026-08-02 16:55:35.181 INFO Loading data (2015-07-16 00:00:00+00:00 -> 2015-08-15 00:00:00+00:00) done in 17.73s (real) and 5.35s (process)
2026-08-02 16:55:35.181 INFO Memory usage (start of timestep, peak): 1.41 GiB
2026-08-02 16:55:35.181 INFO Memory usage (start of timestep, current): 1.14 GiB
2026-08-02 16:55:35.181 INFO Calculating metrics
2026-08-02 16:55:35.181 INFO Calculating metric: statement_count
2026-08-02 16:55:35.207 INFO [statement_count] Memory snapshot — cache: 0.00 MB (type <class 'numpy.int64'>, N/A entries)
2026-08-02 16:55:35.207 INFO Calculating metric: reference_existence_per_statement_count_df
2026-08-02 16:55:46.324 INFO [reference_existence_per_statement_count_df] Memory snapshot — total: 402.05 MB
  cache: 0.00 MB (N/A entries)
  cache_df: 402.05 MB (3342410 entries)
2026-08-02 16:55:46.325 INFO Calculating metric: reference_completeness_df
2026-08-02 16:55:46.329 INFO [reference_completeness_df] Memory snapshot — cache: 0.00 MB (type <class 'numpy.float64'>, N/A entries)
2026-08-02 16:55:46.329 INFO Memory usage (end of timestep, peak): 1.49 GiB
2026-08-02 16:55:46.329 INFO Memory usage (end of timestep, current): 1.19 GiB
2026-08-02 16:55:46.329 INFO (Iteration 33) statement_count: real 0.03s | cpu 0.11s
2026-08-02 16:55:46.329 INFO (Iteration 33) reference_existence_per_statement_count_df: real 11.12s | cpu 11.38s
2026-08-02 16:55:46.329 INFO (Iteration 33) reference_completeness_df: real 0.00s | cpu 0.00s
2026-08-02 16:55:46.329 INFO Iteration 33 finished in 28.88s (real) and 16.84s (process)
2026-08-02 16:55:46.329 INFO Start timestep 2015-08-15 00:00:00+00:00 -> 2015-09-14 00:00:00+00:00
2026-08-02 16:56:06.579 INFO DuckDB memory logs:
  database_name database_size  block_size  ...  wal_size  memory_usage  memory_limit
0   postgres_db       6.2 TiB           0  ...   0 bytes     500.0 MiB      76.2 GiB
1        memory       0 bytes           0  ...   0 bytes     500.0 MiB      76.2 GiB

[2 rows x 9 columns]
2026-08-02 16:56:06.580 INFO Loading data (2015-08-15 00:00:00+00:00 -> 2015-09-14 00:00:00+00:00) done in 20.25s (real) and 6.09s (process)
2026-08-02 16:56:06.580 INFO Memory usage (start of timestep, peak): 1.49 GiB
2026-08-02 16:56:06.580 INFO Memory usage (start of timestep, current): 1.17 GiB
2026-08-02 16:56:06.580 INFO Calculating metrics
2026-08-02 16:56:06.580 INFO Calculating metric: statement_count
2026-08-02 16:56:06.597 INFO [statement_count] Memory snapshot — cache: 0.00 MB (type <class 'numpy.int64'>, N/A entries)
2026-08-02 16:56:06.597 INFO Calculating metric: reference_existence_per_statement_count_df
2026-08-02 16:56:17.935 INFO [reference_existence_per_statement_count_df] Memory snapshot — total: 418.84 MB
  cache: 0.00 MB (N/A entries)
  cache_df: 418.84 MB (3481566 entries)
2026-08-02 16:56:17.935 INFO Calculating metric: reference_completeness_df
2026-08-02 16:56:17.940 INFO [reference_completeness_df] Memory snapshot — cache: 0.00 MB (type <class 'numpy.float64'>, N/A entries)
2026-08-02 16:56:17.940 INFO Memory usage (end of timestep, peak): 1.54 GiB
2026-08-02 16:56:17.940 INFO Memory usage (end of timestep, current): 1.25 GiB
2026-08-02 16:56:17.940 INFO (Iteration 34) statement_count: real 0.02s | cpu 0.08s
2026-08-02 16:56:17.940 INFO (Iteration 34) reference_existence_per_statement_count_df: real 11.34s | cpu 11.61s
2026-08-02 16:56:17.940 INFO (Iteration 34) reference_completeness_df: real 0.00s | cpu 0.00s
2026-08-02 16:56:17.940 INFO Iteration 34 finished in 31.61s (real) and 17.78s (process)
2026-08-02 16:56:17.940 INFO Start timestep 2015-09-14 00:00:00+00:00 -> 2015-10-14 00:00:00+00:00
2026-08-02 16:57:02.539 INFO DuckDB memory logs:
  database_name database_size  block_size  ...  wal_size  memory_usage  memory_limit
0   postgres_db       6.2 TiB           0  ...   0 bytes       1.0 GiB      76.2 GiB
1        memory       0 bytes           0  ...   0 bytes       1.0 GiB      76.2 GiB

[2 rows x 9 columns]
2026-08-02 16:57:02.552 INFO Loading data (2015-09-14 00:00:00+00:00 -> 2015-10-14 00:00:00+00:00) done in 44.61s (real) and 13.54s (process)
2026-08-02 16:57:02.552 INFO Memory usage (start of timestep, peak): 1.89 GiB
2026-08-02 16:57:02.552 INFO Memory usage (start of timestep, current): 1.89 GiB
2026-08-02 16:57:02.552 INFO Calculating metrics
2026-08-02 16:57:02.553 INFO Calculating metric: statement_count
2026-08-02 16:57:02.577 INFO [statement_count] Memory snapshot — cache: 0.00 MB (type <class 'numpy.int64'>, N/A entries)
2026-08-02 16:57:02.577 INFO Calculating metric: reference_existence_per_statement_count_df
2026-08-02 16:57:15.010 INFO [reference_existence_per_statement_count_df] Memory snapshot — total: 427.01 MB
  cache: 0.00 MB (N/A entries)
  cache_df: 427.01 MB (3549451 entries)
2026-08-02 16:57:15.010 INFO Calculating metric: reference_completeness_df
2026-08-02 16:57:15.013 INFO [reference_completeness_df] Memory snapshot — cache: 0.00 MB (type <class 'numpy.float64'>, N/A entries)
2026-08-02 16:57:15.014 INFO Memory usage (end of timestep, peak): 2.26 GiB
2026-08-02 16:57:15.014 INFO Memory usage (end of timestep, current): 1.97 GiB
2026-08-02 16:57:15.014 INFO (Iteration 35) statement_count: real 0.02s | cpu 0.08s
2026-08-02 16:57:15.014 INFO (Iteration 35) reference_existence_per_statement_count_df: real 12.43s | cpu 13.08s
2026-08-02 16:57:15.014 INFO (Iteration 35) reference_completeness_df: real 0.00s | cpu 0.00s
2026-08-02 16:57:15.014 INFO Iteration 35 finished in 57.07s (real) and 26.71s (process)
2026-08-02 16:57:15.017 INFO Start timestep 2015-10-14 00:00:00+00:00 -> 2015-11-13 00:00:00+00:00
2026-08-02 16:58:04.923 INFO DuckDB memory logs:
  database_name database_size  block_size  ...  wal_size  memory_usage  memory_limit
0   postgres_db       6.2 TiB           0  ...   0 bytes       1.2 GiB      76.2 GiB
1        memory       0 bytes           0  ...   0 bytes       1.2 GiB      76.2 GiB

[2 rows x 9 columns]
2026-08-02 16:58:04.923 INFO Loading data (2015-10-14 00:00:00+00:00 -> 2015-11-13 00:00:00+00:00) done in 49.91s (real) and 55.67s (process)
2026-08-02 16:58:04.923 INFO Memory usage (start of timestep, peak): 2.64 GiB
2026-08-02 16:58:04.924 INFO Memory usage (start of timestep, current): 2.65 GiB
2026-08-02 16:58:04.924 INFO Calculating metrics
2026-08-02 16:58:04.924 INFO Calculating metric: statement_count
2026-08-02 16:58:04.953 INFO [statement_count] Memory snapshot — cache: 0.00 MB (type <class 'numpy.int64'>, N/A entries)
2026-08-02 16:58:04.953 INFO Calculating metric: reference_existence_per_statement_count_df
2026-08-02 16:58:17.698 INFO [reference_existence_per_statement_count_df] Memory snapshot — total: 460.28 MB
  cache: 0.00 MB (N/A entries)
  cache_df: 460.28 MB (3824861 entries)
2026-08-02 16:58:17.698 INFO Calculating metric: reference_completeness_df
2026-08-02 16:58:17.702 INFO [reference_completeness_df] Memory snapshot — cache: 0.00 MB (type <class 'numpy.float64'>, N/A entries)
2026-08-02 16:58:17.702 INFO Memory usage (end of timestep, peak): 3.05 GiB
2026-08-02 16:58:17.702 INFO Memory usage (end of timestep, current): 2.74 GiB
2026-08-02 16:58:17.702 INFO (Iteration 36) statement_count: real 0.03s | cpu 0.20s
2026-08-02 16:58:17.702 INFO (Iteration 36) reference_existence_per_statement_count_df: real 12.75s | cpu 13.51s
2026-08-02 16:58:17.702 INFO (Iteration 36) reference_completeness_df: real 0.00s | cpu 0.00s
2026-08-02 16:58:17.702 INFO Iteration 36 finished in 62.68s (real) and 69.38s (process)
2026-08-02 16:58:17.702 INFO Start timestep 2015-11-13 00:00:00+00:00 -> 2015-12-13 00:00:00+00:00
2026-08-02 16:59:03.594 INFO DuckDB memory logs:
  database_name database_size  block_size  ...  wal_size  memory_usage  memory_limit
0   postgres_db       6.2 TiB           0  ...   0 bytes       1.0 GiB      76.2 GiB
1        memory       0 bytes           0  ...   0 bytes       1.0 GiB      76.2 GiB

[2 rows x 9 columns]
2026-08-02 16:59:03.594 INFO Loading data (2015-11-13 00:00:00+00:00 -> 2015-12-13 00:00:00+00:00) done in 45.89s (real) and 15.18s (process)
2026-08-02 16:59:03.595 INFO Memory usage (start of timestep, peak): 3.05 GiB
2026-08-02 16:59:03.595 INFO Memory usage (start of timestep, current): 1.85 GiB
2026-08-02 16:59:03.595 INFO Calculating metrics
2026-08-02 16:59:03.595 INFO Calculating metric: statement_count
2026-08-02 16:59:03.623 INFO [statement_count] Memory snapshot — cache: 0.00 MB (type <class 'numpy.int64'>, N/A entries)
2026-08-02 16:59:03.623 INFO Calculating metric: reference_existence_per_statement_count_df
2026-08-02 16:59:17.359 INFO [reference_existence_per_statement_count_df] Memory snapshot — total: 481.17 MB
  cache: 0.00 MB (N/A entries)
  cache_df: 481.17 MB (3998019 entries)
2026-08-02 16:59:17.359 INFO Calculating metric: reference_completeness_df
2026-08-02 16:59:17.362 INFO [reference_completeness_df] Memory snapshot — cache: 0.00 MB (type <class 'numpy.float64'>, N/A entries)
2026-08-02 16:59:17.362 INFO Memory usage (end of timestep, peak): 3.05 GiB
2026-08-02 16:59:17.362 INFO Memory usage (end of timestep, current): 1.99 GiB
2026-08-02 16:59:17.363 INFO (Iteration 37) statement_count: real 0.03s | cpu 0.14s
2026-08-02 16:59:17.363 INFO (Iteration 37) reference_existence_per_statement_count_df: real 13.74s | cpu 14.45s
2026-08-02 16:59:17.363 INFO (Iteration 37) reference_completeness_df: real 0.00s | cpu 0.00s
2026-08-02 16:59:17.363 INFO Iteration 37 finished in 59.66s (real) and 29.78s (process)
2026-08-02 16:59:17.363 INFO Start timestep 2015-12-13 00:00:00+00:00 -> 2016-01-12 00:00:00+00:00
2026-08-02 17:00:26.018 INFO DuckDB memory logs:
  database_name database_size  block_size  ...  wal_size  memory_usage  memory_limit
0   postgres_db       6.2 TiB           0  ...   0 bytes       1.4 GiB      76.2 GiB
1        memory       0 bytes           0  ...   0 bytes       1.4 GiB      76.2 GiB

[2 rows x 9 columns]
2026-08-02 17:00:26.019 INFO Loading data (2015-12-13 00:00:00+00:00 -> 2016-01-12 00:00:00+00:00) done in 68.66s (real) and 19.68s (process)
2026-08-02 17:00:26.019 INFO Memory usage (start of timestep, peak): 3.05 GiB
2026-08-02 17:00:26.019 INFO Memory usage (start of timestep, current): 2.29 GiB
2026-08-02 17:00:26.019 INFO Calculating metrics
2026-08-02 17:00:26.019 INFO Calculating metric: statement_count
2026-08-02 17:00:26.042 INFO [statement_count] Memory snapshot — cache: 0.00 MB (type <class 'numpy.int64'>, N/A entries)
2026-08-02 17:00:26.042 INFO Calculating metric: reference_existence_per_statement_count_df
2026-08-02 17:00:41.238 INFO [reference_existence_per_statement_count_df] Memory snapshot — total: 495.77 MB
  cache: 0.00 MB (N/A entries)
  cache_df: 495.77 MB (4119163 entries)
2026-08-02 17:00:41.238 INFO Calculating metric: reference_completeness_df
2026-08-02 17:00:41.241 INFO [reference_completeness_df] Memory snapshot — cache: 0.00 MB (type <class 'numpy.float64'>, N/A entries)
2026-08-02 17:00:41.241 INFO Memory usage (end of timestep, peak): 3.05 GiB
2026-08-02 17:00:41.241 INFO Memory usage (end of timestep, current): 2.36 GiB
2026-08-02 17:00:41.241 INFO (Iteration 38) statement_count: real 0.02s | cpu 0.08s
2026-08-02 17:00:41.241 INFO (Iteration 38) reference_existence_per_statement_count_df: real 15.20s | cpu 16.09s
2026-08-02 17:00:41.241 INFO (Iteration 38) reference_completeness_df: real 0.00s | cpu 0.00s
2026-08-02 17:00:41.242 INFO Iteration 38 finished in 83.88s (real) and 35.86s (process)
2026-08-02 17:00:41.244 INFO Start timestep 2016-01-12 00:00:00+00:00 -> 2016-02-11 00:00:00+00:00
2026-08-02 17:01:20.637 INFO DuckDB memory logs:
  database_name database_size  block_size  ...  wal_size  memory_usage  memory_limit
0   postgres_db       6.2 TiB           0  ...   0 bytes     921.0 MiB      76.2 GiB
1        memory       0 bytes           0  ...   0 bytes     921.0 MiB      76.2 GiB

[2 rows x 9 columns]
2026-08-02 17:01:20.637 INFO Loading data (2016-01-12 00:00:00+00:00 -> 2016-02-11 00:00:00+00:00) done in 39.39s (real) and 39.66s (process)
2026-08-02 17:01:20.637 INFO Memory usage (start of timestep, peak): 3.05 GiB
2026-08-02 17:01:20.638 INFO Memory usage (start of timestep, current): 1.75 GiB
2026-08-02 17:01:20.638 INFO Calculating metrics
2026-08-02 17:01:20.638 INFO Calculating metric: statement_count
2026-08-02 17:01:20.665 INFO [statement_count] Memory snapshot — cache: 0.00 MB (type <class 'numpy.int64'>, N/A entries)
2026-08-02 17:01:20.666 INFO Calculating metric: reference_existence_per_statement_count_df
2026-08-02 17:01:35.869 INFO [reference_existence_per_statement_count_df] Memory snapshot — total: 516.57 MB
  cache: 0.00 MB (N/A entries)
  cache_df: 516.57 MB (4291367 entries)
2026-08-02 17:01:35.869 INFO Calculating metric: reference_completeness_df
2026-08-02 17:01:35.872 INFO [reference_completeness_df] Memory snapshot — cache: 0.00 MB (type <class 'numpy.float64'>, N/A entries)
2026-08-02 17:01:35.872 INFO Memory usage (end of timestep, peak): 3.05 GiB
2026-08-02 17:01:35.873 INFO Memory usage (end of timestep, current): 1.77 GiB
2026-08-02 17:01:35.873 INFO (Iteration 39) statement_count: real 0.03s | cpu 0.11s
2026-08-02 17:01:35.873 INFO (Iteration 39) reference_existence_per_statement_count_df: real 15.20s | cpu 15.83s
2026-08-02 17:01:35.873 INFO (Iteration 39) reference_completeness_df: real 0.00s | cpu 0.00s
2026-08-02 17:01:35.873 INFO Iteration 39 finished in 54.63s (real) and 55.60s (process)
2026-08-02 17:01:35.873 INFO Start timestep 2016-02-11 00:00:00+00:00 -> 2016-03-12 00:00:00+00:00
2026-08-02 17:02:35.161 INFO DuckDB memory logs:
  database_name database_size  block_size  ...  wal_size  memory_usage  memory_limit
0   postgres_db       6.2 TiB           0  ...   0 bytes       1.2 GiB      76.2 GiB
1        memory       0 bytes           0  ...   0 bytes       1.2 GiB      76.2 GiB

[2 rows x 9 columns]
2026-08-02 17:02:35.161 INFO Loading data (2016-02-11 00:00:00+00:00 -> 2016-03-12 00:00:00+00:00) done in 59.29s (real) and 20.34s (process)
2026-08-02 17:02:35.161 INFO Memory usage (start of timestep, peak): 3.05 GiB
2026-08-02 17:02:35.161 INFO Memory usage (start of timestep, current): 2.06 GiB
2026-08-02 17:02:35.161 INFO Calculating metrics
2026-08-02 17:02:35.161 INFO Calculating metric: statement_count
2026-08-02 17:02:35.191 INFO [statement_count] Memory snapshot — cache: 0.00 MB (type <class 'numpy.int64'>, N/A entries)
2026-08-02 17:02:35.191 INFO Calculating metric: reference_existence_per_statement_count_df
2026-08-02 17:02:50.210 INFO [reference_existence_per_statement_count_df] Memory snapshot — total: 528.05 MB
  cache: 0.00 MB (N/A entries)
  cache_df: 528.05 MB (4386439 entries)
2026-08-02 17:02:50.210 INFO Calculating metric: reference_completeness_df
2026-08-02 17:02:50.214 INFO [reference_completeness_df] Memory snapshot — cache: 0.00 MB (type <class 'numpy.float64'>, N/A entries)
2026-08-02 17:02:50.214 INFO Memory usage (end of timestep, peak): 3.05 GiB
2026-08-02 17:02:50.214 INFO Memory usage (end of timestep, current): 2.10 GiB
2026-08-02 17:02:50.214 INFO (Iteration 40) statement_count: real 0.03s | cpu 0.13s
2026-08-02 17:02:50.214 INFO (Iteration 40) reference_existence_per_statement_count_df: real 15.02s | cpu 15.81s
2026-08-02 17:02:50.214 INFO (Iteration 40) reference_completeness_df: real 0.00s | cpu 0.00s
2026-08-02 17:02:50.214 INFO Iteration 40 finished in 74.34s (real) and 36.28s (process)
2026-08-02 17:02:50.229 INFO Start timestep 2016-03-12 00:00:00+00:00 -> 2016-04-11 00:00:00+00:00
2026-08-02 17:03:58.753 INFO DuckDB memory logs:
  database_name database_size  block_size  ...  wal_size  memory_usage  memory_limit
0   postgres_db       6.2 TiB           0  ...   0 bytes       1.5 GiB      76.2 GiB
1        memory       0 bytes           0  ...   0 bytes       1.5 GiB      76.2 GiB

[2 rows x 9 columns]
2026-08-02 17:03:58.768 INFO Loading data (2016-03-12 00:00:00+00:00 -> 2016-04-11 00:00:00+00:00) done in 68.54s (real) and 21.26s (process)
2026-08-02 17:03:58.768 INFO Memory usage (start of timestep, peak): 3.05 GiB
2026-08-02 17:03:58.768 INFO Memory usage (start of timestep, current): 2.46 GiB
2026-08-02 17:03:58.768 INFO Calculating metrics
2026-08-02 17:03:58.768 INFO Calculating metric: statement_count
2026-08-02 17:03:58.803 INFO [statement_count] Memory snapshot — cache: 0.00 MB (type <class 'numpy.int64'>, N/A entries)
2026-08-02 17:03:58.804 INFO Calculating metric: reference_existence_per_statement_count_df
2026-08-02 17:04:15.116 INFO [reference_existence_per_statement_count_df] Memory snapshot — total: 582.49 MB
  cache: 0.00 MB (N/A entries)
  cache_df: 582.49 MB (4836399 entries)
2026-08-02 17:04:15.117 INFO Calculating metric: reference_completeness_df
2026-08-02 17:04:15.120 INFO [reference_completeness_df] Memory snapshot — cache: 0.00 MB (type <class 'numpy.float64'>, N/A entries)
2026-08-02 17:04:15.120 INFO Memory usage (end of timestep, peak): 3.05 GiB
2026-08-02 17:04:15.121 INFO Memory usage (end of timestep, current): 2.57 GiB
2026-08-02 17:04:15.121 INFO (Iteration 41) statement_count: real 0.04s | cpu 0.23s
2026-08-02 17:04:15.121 INFO (Iteration 41) reference_existence_per_statement_count_df: real 16.31s | cpu 17.42s
2026-08-02 17:04:15.121 INFO (Iteration 41) reference_completeness_df: real 0.00s | cpu 0.00s
2026-08-02 17:04:15.121 INFO Iteration 41 finished in 84.89s (real) and 38.92s (process)
2026-08-02 17:04:15.123 INFO Start timestep 2016-04-11 00:00:00+00:00 -> 2016-05-11 00:00:00+00:00
2026-08-02 17:04:50.308 INFO DuckDB memory logs:
  database_name database_size  block_size  ...  wal_size  memory_usage  memory_limit
0   postgres_db       6.2 TiB           0  ...   0 bytes     757.0 MiB      76.2 GiB
1        memory       0 bytes           0  ...   0 bytes     757.0 MiB      76.2 GiB

[2 rows x 9 columns]
2026-08-02 17:04:50.308 INFO Loading data (2016-04-11 00:00:00+00:00 -> 2016-05-11 00:00:00+00:00) done in 35.19s (real) and 10.01s (process)
2026-08-02 17:04:50.308 INFO Memory usage (start of timestep, peak): 3.05 GiB
2026-08-02 17:04:50.308 INFO Memory usage (start of timestep, current): 1.74 GiB
2026-08-02 17:04:50.308 INFO Calculating metrics
2026-08-02 17:04:50.309 INFO Calculating metric: statement_count
2026-08-02 17:04:50.333 INFO [statement_count] Memory snapshot — cache: 0.00 MB (type <class 'numpy.int64'>, N/A entries)
2026-08-02 17:04:50.333 INFO Calculating metric: reference_existence_per_statement_count_df
2026-08-02 17:05:07.481 INFO [reference_existence_per_statement_count_df] Memory snapshot — total: 597.86 MB
  cache: 0.00 MB (N/A entries)
  cache_df: 597.86 MB (4963793 entries)
2026-08-02 17:05:07.481 INFO Calculating metric: reference_completeness_df
2026-08-02 17:05:07.485 INFO [reference_completeness_df] Memory snapshot — cache: 0.00 MB (type <class 'numpy.float64'>, N/A entries)
2026-08-02 17:05:07.486 INFO Memory usage (end of timestep, peak): 3.05 GiB
2026-08-02 17:05:07.486 INFO Memory usage (end of timestep, current): 1.69 GiB
2026-08-02 17:05:07.486 INFO (Iteration 42) statement_count: real 0.02s | cpu 0.09s
2026-08-02 17:05:07.486 INFO (Iteration 42) reference_existence_per_statement_count_df: real 17.15s | cpu 17.65s
2026-08-02 17:05:07.486 INFO (Iteration 42) reference_completeness_df: real 0.00s | cpu 0.00s
2026-08-02 17:05:07.486 INFO Iteration 42 finished in 52.36s (real) and 27.75s (process)
2026-08-02 17:05:07.486 INFO Start timestep 2016-05-11 00:00:00+00:00 -> 2016-06-10 00:00:00+00:00
2026-08-02 17:06:36.017 INFO DuckDB memory logs:
  database_name database_size  block_size  ...  wal_size  memory_usage  memory_limit
0   postgres_db       6.2 TiB           0  ...   0 bytes       2.0 GiB      76.2 GiB
1        memory       0 bytes           0  ...   0 bytes       2.0 GiB      76.2 GiB

[2 rows x 9 columns]
2026-08-02 17:06:36.031 INFO Loading data (2016-05-11 00:00:00+00:00 -> 2016-06-10 00:00:00+00:00) done in 88.54s (real) and 28.94s (process)
2026-08-02 17:06:36.031 INFO Memory usage (start of timestep, peak): 3.05 GiB
2026-08-02 17:06:36.031 INFO Memory usage (start of timestep, current): 2.96 GiB
2026-08-02 17:06:36.032 INFO Calculating metrics
2026-08-02 17:06:36.032 INFO Calculating metric: statement_count
2026-08-02 17:06:36.066 INFO [statement_count] Memory snapshot — cache: 0.00 MB (type <class 'numpy.int64'>, N/A entries)
2026-08-02 17:06:36.066 INFO Calculating metric: reference_existence_per_statement_count_df
2026-08-02 17:06:54.868 INFO [reference_existence_per_statement_count_df] Memory snapshot — total: 620.69 MB
  cache: 0.00 MB (N/A entries)
  cache_df: 620.69 MB (5152699 entries)
2026-08-02 17:06:54.868 INFO Calculating metric: reference_completeness_df
2026-08-02 17:06:54.874 INFO [reference_completeness_df] Memory snapshot — cache: 0.00 MB (type <class 'numpy.float64'>, N/A entries)
2026-08-02 17:06:54.874 INFO Memory usage (end of timestep, peak): 3.51 GiB
2026-08-02 17:06:54.874 INFO Memory usage (end of timestep, current): 3.04 GiB
2026-08-02 17:06:54.874 INFO (Iteration 43) statement_count: real 0.03s | cpu 0.19s
2026-08-02 17:06:54.874 INFO (Iteration 43) reference_existence_per_statement_count_df: real 18.80s | cpu 20.21s
2026-08-02 17:06:54.874 INFO (Iteration 43) reference_completeness_df: real 0.01s | cpu 0.00s
2026-08-02 17:06:54.874 INFO Iteration 43 finished in 107.39s (real) and 49.34s (process)
2026-08-02 17:06:54.875 INFO Start timestep 2016-06-10 00:00:00+00:00 -> 2016-07-10 00:00:00+00:00
2026-08-02 17:07:22.444 INFO DuckDB memory logs:
  database_name database_size  block_size  ...  wal_size  memory_usage  memory_limit
0   postgres_db       6.2 TiB           0  ...   0 bytes     593.5 MiB      76.2 GiB
1        memory       0 bytes           0  ...   0 bytes     593.5 MiB      76.2 GiB

[2 rows x 9 columns]
2026-08-02 17:07:22.445 INFO Loading data (2016-06-10 00:00:00+00:00 -> 2016-07-10 00:00:00+00:00) done in 27.57s (real) and 7.47s (process)
2026-08-02 17:07:22.445 INFO Memory usage (start of timestep, peak): 3.51 GiB
2026-08-02 17:07:22.445 INFO Memory usage (start of timestep, current): 1.59 GiB
2026-08-02 17:07:22.445 INFO Calculating metrics
2026-08-02 17:07:22.445 INFO Calculating metric: statement_count
2026-08-02 17:07:22.473 INFO [statement_count] Memory snapshot — cache: 0.00 MB (type <class 'numpy.int64'>, N/A entries)
2026-08-02 17:07:22.473 INFO Calculating metric: reference_existence_per_statement_count_df
2026-08-02 17:07:40.057 INFO [reference_existence_per_statement_count_df] Memory snapshot — total: 634.80 MB
  cache: 0.00 MB (N/A entries)
  cache_df: 634.80 MB (5269533 entries)
2026-08-02 17:07:40.057 INFO Calculating metric: reference_completeness_df
2026-08-02 17:07:40.060 INFO [reference_completeness_df] Memory snapshot — cache: 0.00 MB (type <class 'numpy.float64'>, N/A entries)
2026-08-02 17:07:40.061 INFO Memory usage (end of timestep, peak): 3.51 GiB
2026-08-02 17:07:40.061 INFO Memory usage (end of timestep, current): 1.64 GiB
2026-08-02 17:07:40.061 INFO (Iteration 44) statement_count: real 0.03s | cpu 0.15s
2026-08-02 17:07:40.061 INFO (Iteration 44) reference_existence_per_statement_count_df: real 17.58s | cpu 17.86s
2026-08-02 17:07:40.061 INFO (Iteration 44) reference_completeness_df: real 0.00s | cpu 0.00s
2026-08-02 17:07:40.061 INFO Iteration 44 finished in 45.19s (real) and 25.49s (process)
2026-08-02 17:07:40.061 INFO Start timestep 2016-07-10 00:00:00+00:00 -> 2016-08-09 00:00:00+00:00
2026-08-02 17:07:58.757 INFO DuckDB memory logs:
  database_name database_size  block_size  ...  wal_size  memory_usage  memory_limit
0   postgres_db       6.2 TiB           0  ...   0 bytes     405.7 MiB      76.2 GiB
1        memory       0 bytes           0  ...   0 bytes     405.7 MiB      76.2 GiB

[2 rows x 9 columns]
2026-08-02 17:07:58.757 INFO Loading data (2016-07-10 00:00:00+00:00 -> 2016-08-09 00:00:00+00:00) done in 18.70s (real) and 5.08s (process)
2026-08-02 17:07:58.757 INFO Memory usage (start of timestep, peak): 3.51 GiB
2026-08-02 17:07:58.758 INFO Memory usage (start of timestep, current): 1.46 GiB
2026-08-02 17:07:58.758 INFO Calculating metrics
2026-08-02 17:07:58.758 INFO Calculating metric: statement_count
2026-08-02 17:07:58.782 INFO [statement_count] Memory snapshot — cache: 0.00 MB (type <class 'numpy.int64'>, N/A entries)
2026-08-02 17:07:58.782 INFO Calculating metric: reference_existence_per_statement_count_df
2026-08-02 17:08:16.647 INFO [reference_existence_per_statement_count_df] Memory snapshot — total: 649.21 MB
  cache: 0.00 MB (N/A entries)
  cache_df: 649.21 MB (5388920 entries)
2026-08-02 17:08:16.647 INFO Calculating metric: reference_completeness_df
2026-08-02 17:08:16.651 INFO [reference_completeness_df] Memory snapshot — cache: 0.00 MB (type <class 'numpy.float64'>, N/A entries)
2026-08-02 17:08:16.651 INFO Memory usage (end of timestep, peak): 3.51 GiB
2026-08-02 17:08:16.651 INFO Memory usage (end of timestep, current): 1.47 GiB
2026-08-02 17:08:16.651 INFO (Iteration 45) statement_count: real 0.02s | cpu 0.09s
2026-08-02 17:08:16.651 INFO (Iteration 45) reference_existence_per_statement_count_df: real 17.86s | cpu 18.13s
2026-08-02 17:08:16.651 INFO (Iteration 45) reference_completeness_df: real 0.00s | cpu 0.00s
2026-08-02 17:08:16.651 INFO Iteration 45 finished in 36.59s (real) and 23.30s (process)
2026-08-02 17:08:16.651 INFO Start timestep 2016-08-09 00:00:00+00:00 -> 2016-09-08 00:00:00+00:00
2026-08-02 17:09:00.938 INFO DuckDB memory logs:
  database_name database_size  block_size  ...  wal_size  memory_usage  memory_limit
0   postgres_db       6.2 TiB           0  ...   0 bytes     937.2 MiB      76.2 GiB
1        memory       0 bytes           0  ...   0 bytes     937.2 MiB      76.2 GiB

[2 rows x 9 columns]
2026-08-02 17:09:00.939 INFO Loading data (2016-08-09 00:00:00+00:00 -> 2016-09-08 00:00:00+00:00) done in 44.29s (real) and 11.51s (process)
2026-08-02 17:09:00.939 INFO Memory usage (start of timestep, peak): 3.51 GiB
2026-08-02 17:09:00.939 INFO Memory usage (start of timestep, current): 1.97 GiB
2026-08-02 17:09:00.939 INFO Calculating metrics
2026-08-02 17:09:00.939 INFO Calculating metric: statement_count
2026-08-02 17:09:00.969 INFO [statement_count] Memory snapshot — cache: 0.00 MB (type <class 'numpy.int64'>, N/A entries)
2026-08-02 17:09:00.969 INFO Calculating metric: reference_existence_per_statement_count_df
2026-08-02 17:09:20.527 INFO [reference_existence_per_statement_count_df] Memory snapshot — total: 680.61 MB
  cache: 0.00 MB (N/A entries)
  cache_df: 680.61 MB (5648681 entries)
2026-08-02 17:09:20.527 INFO Calculating metric: reference_completeness_df
2026-08-02 17:09:20.531 INFO [reference_completeness_df] Memory snapshot — cache: 0.00 MB (type <class 'numpy.float64'>, N/A entries)
2026-08-02 17:09:20.531 INFO Memory usage (end of timestep, peak): 3.51 GiB
2026-08-02 17:09:20.531 INFO Memory usage (end of timestep, current): 2.04 GiB
2026-08-02 17:09:20.531 INFO (Iteration 46) statement_count: real 0.03s | cpu 0.18s
2026-08-02 17:09:20.531 INFO (Iteration 46) reference_existence_per_statement_count_df: real 19.56s | cpu 20.20s
2026-08-02 17:09:20.531 INFO (Iteration 46) reference_completeness_df: real 0.00s | cpu 0.00s
2026-08-02 17:09:20.531 INFO Iteration 46 finished in 63.88s (real) and 31.88s (process)
2026-08-02 17:09:20.531 INFO Start timestep 2016-09-08 00:00:00+00:00 -> 2016-10-08 00:00:00+00:00
2026-08-02 17:10:11.321 INFO DuckDB memory logs:
  database_name database_size  block_size  ...  wal_size  memory_usage  memory_limit
0   postgres_db       6.2 TiB           0  ...   0 bytes       1.2 GiB      76.2 GiB
1        memory       0 bytes           0  ...   0 bytes       1.2 GiB      76.2 GiB

[2 rows x 9 columns]
2026-08-02 17:10:11.322 INFO Loading data (2016-09-08 00:00:00+00:00 -> 2016-10-08 00:00:00+00:00) done in 50.79s (real) and 16.46s (process)
2026-08-02 17:10:11.322 INFO Memory usage (start of timestep, peak): 3.51 GiB
2026-08-02 17:10:11.322 INFO Memory usage (start of timestep, current): 2.36 GiB
2026-08-02 17:10:11.322 INFO Calculating metrics
2026-08-02 17:10:11.322 INFO Calculating metric: statement_count
2026-08-02 17:10:11.349 INFO [statement_count] Memory snapshot — cache: 0.00 MB (type <class 'numpy.int64'>, N/A entries)
2026-08-02 17:10:11.349 INFO Calculating metric: reference_existence_per_statement_count_df
2026-08-02 17:10:30.875 INFO [reference_existence_per_statement_count_df] Memory snapshot — total: 708.99 MB
  cache: 0.00 MB (N/A entries)
  cache_df: 708.99 MB (5883439 entries)
2026-08-02 17:10:30.875 INFO Calculating metric: reference_completeness_df
2026-08-02 17:10:30.878 INFO [reference_completeness_df] Memory snapshot — cache: 0.00 MB (type <class 'numpy.float64'>, N/A entries)
2026-08-02 17:10:30.878 INFO Memory usage (end of timestep, peak): 3.51 GiB
2026-08-02 17:10:30.878 INFO Memory usage (end of timestep, current): 2.41 GiB
2026-08-02 17:10:30.879 INFO (Iteration 47) statement_count: real 0.03s | cpu 0.12s
2026-08-02 17:10:30.879 INFO (Iteration 47) reference_existence_per_statement_count_df: real 19.53s | cpu 20.36s
2026-08-02 17:10:30.879 INFO (Iteration 47) reference_completeness_df: real 0.00s | cpu 0.00s
2026-08-02 17:10:30.879 INFO Iteration 47 finished in 70.35s (real) and 36.95s (process)
2026-08-02 17:10:30.893 INFO Start timestep 2016-10-08 00:00:00+00:00 -> 2016-11-07 00:00:00+00:00
2026-08-02 17:12:23.503 INFO DuckDB memory logs:
  database_name database_size  block_size  ...  wal_size  memory_usage  memory_limit
0   postgres_db       6.2 TiB           0  ...   0 bytes       2.8 GiB      76.2 GiB
1        memory       0 bytes           0  ...   0 bytes       2.8 GiB      76.2 GiB

[2 rows x 9 columns]
2026-08-02 17:12:23.519 INFO Loading data (2016-10-08 00:00:00+00:00 -> 2016-11-07 00:00:00+00:00) done in 112.63s (real) and 42.15s (process)
2026-08-02 17:12:23.520 INFO Memory usage (start of timestep, peak): 3.91 GiB
2026-08-02 17:12:23.520 INFO Memory usage (start of timestep, current): 3.91 GiB
2026-08-02 17:12:23.520 INFO Calculating metrics
2026-08-02 17:12:23.520 INFO Calculating metric: statement_count
2026-08-02 17:12:23.552 INFO [statement_count] Memory snapshot — cache: 0.00 MB (type <class 'numpy.int64'>, N/A entries)
2026-08-02 17:12:23.552 INFO Calculating metric: reference_existence_per_statement_count_df
2026-08-02 17:12:46.885 INFO [reference_existence_per_statement_count_df] Memory snapshot — total: 763.49 MB
  cache: 0.00 MB (N/A entries)
  cache_df: 763.49 MB (6334757 entries)
2026-08-02 17:12:46.885 INFO Calculating metric: reference_completeness_df
2026-08-02 17:12:46.888 INFO [reference_completeness_df] Memory snapshot — cache: 0.00 MB (type <class 'numpy.float64'>, N/A entries)
2026-08-02 17:12:46.888 INFO Memory usage (end of timestep, peak): 4.49 GiB
2026-08-02 17:12:46.889 INFO Memory usage (end of timestep, current): 3.92 GiB
2026-08-02 17:12:46.889 INFO (Iteration 48) statement_count: real 0.03s | cpu 0.29s
2026-08-02 17:12:46.889 INFO (Iteration 48) reference_existence_per_statement_count_df: real 23.33s | cpu 25.10s
2026-08-02 17:12:46.889 INFO (Iteration 48) reference_completeness_df: real 0.00s | cpu 0.00s
2026-08-02 17:12:46.889 INFO Iteration 48 finished in 136.00s (real) and 67.53s (process)
2026-08-02 17:12:46.902 INFO Start timestep 2016-11-07 00:00:00+00:00 -> 2016-12-07 00:00:00+00:00
2026-08-02 17:14:40.804 INFO DuckDB memory logs:
  database_name database_size  block_size  ...  wal_size  memory_usage  memory_limit
0   postgres_db       6.2 TiB           0  ...   0 bytes       2.7 GiB      76.2 GiB
1        memory       0 bytes           0  ...   0 bytes       2.7 GiB      76.2 GiB

[2 rows x 9 columns]
2026-08-02 17:14:40.818 INFO Loading data (2016-11-07 00:00:00+00:00 -> 2016-12-07 00:00:00+00:00) done in 113.92s (real) and 36.28s (process)
2026-08-02 17:14:40.818 INFO Memory usage (start of timestep, peak): 4.49 GiB
2026-08-02 17:14:40.818 INFO Memory usage (start of timestep, current): 3.89 GiB
2026-08-02 17:14:40.818 INFO Calculating metrics
2026-08-02 17:14:40.819 INFO Calculating metric: statement_count
2026-08-02 17:14:40.850 INFO [statement_count] Memory snapshot — cache: 0.00 MB (type <class 'numpy.int64'>, N/A entries)
2026-08-02 17:14:40.850 INFO Calculating metric: reference_existence_per_statement_count_df
2026-08-02 17:15:05.033 INFO [reference_existence_per_statement_count_df] Memory snapshot — total: 789.32 MB
  cache: 0.00 MB (N/A entries)
  cache_df: 789.32 MB (6548431 entries)
2026-08-02 17:15:05.033 INFO Calculating metric: reference_completeness_df
2026-08-02 17:15:05.037 INFO [reference_completeness_df] Memory snapshot — cache: 0.00 MB (type <class 'numpy.float64'>, N/A entries)
2026-08-02 17:15:05.037 INFO Memory usage (end of timestep, peak): 4.55 GiB
2026-08-02 17:15:05.037 INFO Memory usage (end of timestep, current): 3.95 GiB
2026-08-02 17:15:05.037 INFO (Iteration 49) statement_count: real 0.03s | cpu 0.16s
2026-08-02 17:15:05.037 INFO (Iteration 49) reference_existence_per_statement_count_df: real 24.18s | cpu 26.04s
2026-08-02 17:15:05.037 INFO (Iteration 49) reference_completeness_df: real 0.00s | cpu 0.00s
2026-08-02 17:15:05.037 INFO Iteration 49 finished in 138.14s (real) and 62.48s (process)
2026-08-02 17:15:05.055 INFO Start timestep 2016-12-07 00:00:00+00:00 -> 2017-01-06 00:00:00+00:00
2026-08-02 17:16:21.774 INFO DuckDB memory logs:
  database_name database_size  block_size  ...  wal_size  memory_usage  memory_limit
0   postgres_db       6.2 TiB           0  ...   0 bytes       2.1 GiB      76.2 GiB
1        memory       0 bytes           0  ...   0 bytes       2.1 GiB      76.2 GiB

[2 rows x 9 columns]
2026-08-02 17:16:21.775 INFO Loading data (2016-12-07 00:00:00+00:00 -> 2017-01-06 00:00:00+00:00) done in 76.72s (real) and 92.65s (process)
2026-08-02 17:16:21.775 INFO Memory usage (start of timestep, peak): 5.32 GiB
2026-08-02 17:16:21.775 INFO Memory usage (start of timestep, current): 3.36 GiB
2026-08-02 17:16:21.775 INFO Calculating metrics
2026-08-02 17:16:21.776 INFO Calculating metric: statement_count
2026-08-02 17:16:21.806 INFO [statement_count] Memory snapshot — cache: 0.00 MB (type <class 'numpy.int64'>, N/A entries)
2026-08-02 17:16:21.806 INFO Calculating metric: reference_existence_per_statement_count_df
2026-08-02 17:16:46.791 INFO [reference_existence_per_statement_count_df] Memory snapshot — total: 808.72 MB
  cache: 0.00 MB (N/A entries)
  cache_df: 808.72 MB (6708972 entries)
2026-08-02 17:16:46.791 INFO Calculating metric: reference_completeness_df
2026-08-02 17:16:46.794 INFO [reference_completeness_df] Memory snapshot — cache: 0.00 MB (type <class 'numpy.float64'>, N/A entries)
2026-08-02 17:16:46.794 INFO Memory usage (end of timestep, peak): 5.32 GiB
2026-08-02 17:16:46.795 INFO Memory usage (end of timestep, current): 3.52 GiB
2026-08-02 17:16:46.795 INFO (Iteration 50) statement_count: real 0.03s | cpu 0.13s
2026-08-02 17:16:46.795 INFO (Iteration 50) reference_existence_per_statement_count_df: real 24.98s | cpu 26.51s
2026-08-02 17:16:46.795 INFO (Iteration 50) reference_completeness_df: real 0.00s | cpu 0.00s
2026-08-02 17:16:46.795 INFO Iteration 50 finished in 101.74s (real) and 119.29s (process)
2026-08-02 17:16:46.814 INFO Start timestep 2017-01-06 00:00:00+00:00 -> 2017-02-05 00:00:00+00:00
2026-08-02 17:18:44.936 INFO DuckDB memory logs:
  database_name database_size  block_size  ...  wal_size  memory_usage  memory_limit
0   postgres_db       6.2 TiB           0  ...   0 bytes       2.9 GiB      76.2 GiB
1        memory       0 bytes           0  ...   0 bytes       2.9 GiB      76.2 GiB

[2 rows x 9 columns]
2026-08-02 17:18:44.950 INFO Loading data (2017-01-06 00:00:00+00:00 -> 2017-02-05 00:00:00+00:00) done in 118.14s (real) and 39.63s (process)
2026-08-02 17:18:44.950 INFO Memory usage (start of timestep, peak): 5.72 GiB
2026-08-02 17:18:44.950 INFO Memory usage (start of timestep, current): 4.31 GiB
2026-08-02 17:18:44.950 INFO Calculating metrics
2026-08-02 17:18:44.950 INFO Calculating metric: statement_count
2026-08-02 17:18:44.982 INFO [statement_count] Memory snapshot — cache: 0.00 MB (type <class 'numpy.int64'>, N/A entries)
2026-08-02 17:18:44.982 INFO Calculating metric: reference_existence_per_statement_count_df
2026-08-02 17:19:11.852 INFO [reference_existence_per_statement_count_df] Memory snapshot — total: 849.64 MB
  cache: 0.00 MB (N/A entries)
  cache_df: 849.64 MB (7047395 entries)
2026-08-02 17:19:11.852 INFO Calculating metric: reference_completeness_df
2026-08-02 17:19:11.859 INFO [reference_completeness_df] Memory snapshot — cache: 0.00 MB (type <class 'numpy.float64'>, N/A entries)
2026-08-02 17:19:11.859 INFO Memory usage (end of timestep, peak): 5.72 GiB
2026-08-02 17:19:11.859 INFO Memory usage (end of timestep, current): 4.29 GiB
2026-08-02 17:19:11.859 INFO (Iteration 51) statement_count: real 0.03s | cpu 0.27s
2026-08-02 17:19:11.859 INFO (Iteration 51) reference_existence_per_statement_count_df: real 26.87s | cpu 28.65s
2026-08-02 17:19:11.859 INFO (Iteration 51) reference_completeness_df: real 0.01s | cpu 0.00s
2026-08-02 17:19:11.859 INFO Iteration 51 finished in 145.05s (real) and 68.56s (process)
2026-08-02 17:19:11.863 INFO Start timestep 2017-02-05 00:00:00+00:00 -> 2017-03-07 00:00:00+00:00
2026-08-02 17:20:11.781 INFO DuckDB memory logs:
  database_name database_size  block_size  ...  wal_size  memory_usage  memory_limit
0   postgres_db       6.2 TiB           0  ...   0 bytes       1.5 GiB      76.2 GiB
1        memory       0 bytes           0  ...   0 bytes       1.5 GiB      76.2 GiB

[2 rows x 9 columns]
2026-08-02 17:20:11.782 INFO Loading data (2017-02-05 00:00:00+00:00 -> 2017-03-07 00:00:00+00:00) done in 59.92s (real) and 19.68s (process)
2026-08-02 17:20:11.782 INFO Memory usage (start of timestep, peak): 5.72 GiB
2026-08-02 17:20:11.782 INFO Memory usage (start of timestep, current): 2.86 GiB
2026-08-02 17:20:11.782 INFO Calculating metrics
2026-08-02 17:20:11.783 INFO Calculating metric: statement_count
2026-08-02 17:20:11.826 INFO [statement_count] Memory snapshot — cache: 0.00 MB (type <class 'numpy.int64'>, N/A entries)
2026-08-02 17:20:11.826 INFO Calculating metric: reference_existence_per_statement_count_df
2026-08-02 17:20:37.422 INFO [reference_existence_per_statement_count_df] Memory snapshot — total: 873.03 MB
  cache: 0.00 MB (N/A entries)
  cache_df: 873.03 MB (7241025 entries)
2026-08-02 17:20:37.422 INFO Calculating metric: reference_completeness_df
2026-08-02 17:20:37.426 INFO [reference_completeness_df] Memory snapshot — cache: 0.00 MB (type <class 'numpy.float64'>, N/A entries)
2026-08-02 17:20:37.426 INFO Memory usage (end of timestep, peak): 5.72 GiB
2026-08-02 17:20:37.426 INFO Memory usage (end of timestep, current): 2.95 GiB
2026-08-02 17:20:37.426 INFO (Iteration 52) statement_count: real 0.04s | cpu 0.19s
2026-08-02 17:20:37.426 INFO (Iteration 52) reference_existence_per_statement_count_df: real 25.60s | cpu 26.62s
2026-08-02 17:20:37.426 INFO (Iteration 52) reference_completeness_df: real 0.00s | cpu 0.00s
2026-08-02 17:20:37.426 INFO Iteration 52 finished in 85.56s (real) and 46.49s (process)
2026-08-02 17:20:37.426 INFO Start timestep 2017-03-07 00:00:00+00:00 -> 2017-04-06 00:00:00+00:00
2026-08-02 17:21:08.723 INFO DuckDB memory logs:
  database_name database_size  block_size  ...  wal_size  memory_usage  memory_limit
0   postgres_db       6.2 TiB           0  ...   0 bytes     967.0 MiB      76.2 GiB
1        memory       0 bytes           0  ...   0 bytes     967.0 MiB      76.2 GiB

[2 rows x 9 columns]
2026-08-02 17:21:08.723 INFO Loading data (2017-03-07 00:00:00+00:00 -> 2017-04-06 00:00:00+00:00) done in 31.30s (real) and 11.17s (process)
2026-08-02 17:21:08.723 INFO Memory usage (start of timestep, peak): 5.72 GiB
2026-08-02 17:21:08.723 INFO Memory usage (start of timestep, current): 2.41 GiB
2026-08-02 17:21:08.723 INFO Calculating metrics
2026-08-02 17:21:08.724 INFO Calculating metric: statement_count
2026-08-02 17:21:08.749 INFO [statement_count] Memory snapshot — cache: 0.00 MB (type <class 'numpy.int64'>, N/A entries)
2026-08-02 17:21:08.749 INFO Calculating metric: reference_existence_per_statement_count_df
2026-08-02 17:21:35.057 INFO [reference_existence_per_statement_count_df] Memory snapshot — total: 889.44 MB
  cache: 0.00 MB (N/A entries)
  cache_df: 889.44 MB (7376911 entries)
2026-08-02 17:21:35.057 INFO Calculating metric: reference_completeness_df
2026-08-02 17:21:35.060 INFO [reference_completeness_df] Memory snapshot — cache: 0.00 MB (type <class 'numpy.float64'>, N/A entries)
2026-08-02 17:21:35.060 INFO Memory usage (end of timestep, peak): 5.72 GiB
2026-08-02 17:21:35.060 INFO Memory usage (end of timestep, current): 2.37 GiB
2026-08-02 17:21:35.061 INFO (Iteration 53) statement_count: real 0.03s | cpu 0.11s
2026-08-02 17:21:35.061 INFO (Iteration 53) reference_existence_per_statement_count_df: real 26.31s | cpu 27.11s
2026-08-02 17:21:35.061 INFO (Iteration 53) reference_completeness_df: real 0.00s | cpu 0.00s
2026-08-02 17:21:35.061 INFO Iteration 53 finished in 57.63s (real) and 38.39s (process)
2026-08-02 17:21:35.061 INFO Start timestep 2017-04-06 00:00:00+00:00 -> 2017-05-06 00:00:00+00:00
2026-08-02 17:22:23.664 INFO DuckDB memory logs:
  database_name database_size  block_size  ...  wal_size  memory_usage  memory_limit
0   postgres_db       6.2 TiB           0  ...   0 bytes       1.3 GiB      76.2 GiB
1        memory       0 bytes           0  ...   0 bytes       1.3 GiB      76.2 GiB

[2 rows x 9 columns]
2026-08-02 17:22:23.665 INFO Loading data (2017-04-06 00:00:00+00:00 -> 2017-05-06 00:00:00+00:00) done in 48.60s (real) and 19.08s (process)
2026-08-02 17:22:23.665 INFO Memory usage (start of timestep, peak): 5.72 GiB
2026-08-02 17:22:23.665 INFO Memory usage (start of timestep, current): 2.73 GiB
2026-08-02 17:22:23.665 INFO Calculating metrics
2026-08-02 17:22:23.665 INFO Calculating metric: statement_count
2026-08-02 17:22:23.695 INFO [statement_count] Memory snapshot — cache: 0.00 MB (type <class 'numpy.int64'>, N/A entries)
2026-08-02 17:22:23.695 INFO Calculating metric: reference_existence_per_statement_count_df
2026-08-02 17:22:53.161 INFO [reference_existence_per_statement_count_df] Memory snapshot — total: 941.93 MB
  cache: 0.00 MB (N/A entries)
  cache_df: 941.93 MB (7810520 entries)
2026-08-02 17:22:53.162 INFO Calculating metric: reference_completeness_df
2026-08-02 17:22:53.167 INFO [reference_completeness_df] Memory snapshot — cache: 0.00 MB (type <class 'numpy.float64'>, N/A entries)
2026-08-02 17:22:53.167 INFO Memory usage (end of timestep, peak): 5.72 GiB
2026-08-02 17:22:53.167 INFO Memory usage (end of timestep, current): 2.86 GiB
2026-08-02 17:22:53.167 INFO (Iteration 54) statement_count: real 0.03s | cpu 0.18s
2026-08-02 17:22:53.168 INFO (Iteration 54) reference_existence_per_statement_count_df: real 29.47s | cpu 30.45s
2026-08-02 17:22:53.168 INFO (Iteration 54) reference_completeness_df: real 0.01s | cpu 0.00s
2026-08-02 17:22:53.168 INFO Iteration 54 finished in 78.11s (real) and 49.71s (process)
2026-08-02 17:22:53.168 INFO Start timestep 2017-05-06 00:00:00+00:00 -> 2017-06-05 00:00:00+00:00
2026-08-02 17:23:58.051 INFO DuckDB memory logs:
  database_name database_size  block_size  ...  wal_size  memory_usage  memory_limit
0   postgres_db       6.2 TiB           0  ...   0 bytes       1.7 GiB      76.2 GiB
1        memory       0 bytes           0  ...   0 bytes       1.7 GiB      76.2 GiB

[2 rows x 9 columns]
2026-08-02 17:23:58.052 INFO Loading data (2017-05-06 00:00:00+00:00 -> 2017-06-05 00:00:00+00:00) done in 64.88s (real) and 22.97s (process)
2026-08-02 17:23:58.052 INFO Memory usage (start of timestep, peak): 5.72 GiB
2026-08-02 17:23:58.052 INFO Memory usage (start of timestep, current): 3.25 GiB
2026-08-02 17:23:58.052 INFO Calculating metrics
2026-08-02 17:23:58.052 INFO Calculating metric: statement_count
2026-08-02 17:23:58.082 INFO [statement_count] Memory snapshot — cache: 0.00 MB (type <class 'numpy.int64'>, N/A entries)
2026-08-02 17:23:58.082 INFO Calculating metric: reference_existence_per_statement_count_df
2026-08-02 17:24:29.553 INFO [reference_existence_per_statement_count_df] Memory snapshot — total: 994.62 MB
  cache: 0.00 MB (N/A entries)
  cache_df: 994.62 MB (8245853 entries)
2026-08-02 17:24:29.553 INFO Calculating metric: reference_completeness_df
2026-08-02 17:24:29.556 INFO [reference_completeness_df] Memory snapshot — cache: 0.00 MB (type <class 'numpy.float64'>, N/A entries)
2026-08-02 17:24:29.556 INFO Memory usage (end of timestep, peak): 5.72 GiB
2026-08-02 17:24:29.556 INFO Memory usage (end of timestep, current): 3.27 GiB
2026-08-02 17:24:29.556 INFO (Iteration 55) statement_count: real 0.03s | cpu 0.19s
2026-08-02 17:24:29.556 INFO (Iteration 55) reference_existence_per_statement_count_df: real 31.47s | cpu 32.64s
2026-08-02 17:24:29.556 INFO (Iteration 55) reference_completeness_df: real 0.00s | cpu 0.00s
2026-08-02 17:24:29.556 INFO Iteration 55 finished in 96.39s (real) and 55.80s (process)
2026-08-02 17:24:29.558 INFO Start timestep 2017-06-05 00:00:00+00:00 -> 2017-07-05 00:00:00+00:00
2026-08-02 17:26:35.284 INFO DuckDB memory logs:
  database_name database_size  block_size  ...  wal_size  memory_usage  memory_limit
0   postgres_db       6.2 TiB           0  ...   0 bytes       3.1 GiB      76.2 GiB
1        memory       0 bytes           0  ...   0 bytes       3.1 GiB      76.2 GiB

[2 rows x 9 columns]
2026-08-02 17:26:35.297 INFO Loading data (2017-06-05 00:00:00+00:00 -> 2017-07-05 00:00:00+00:00) done in 125.74s (real) and 39.72s (process)
2026-08-02 17:26:35.297 INFO Memory usage (start of timestep, peak): 5.72 GiB
2026-08-02 17:26:35.298 INFO Memory usage (start of timestep, current): 4.57 GiB
2026-08-02 17:26:35.298 INFO Calculating metrics
2026-08-02 17:26:35.298 INFO Calculating metric: statement_count
2026-08-02 17:26:35.334 INFO [statement_count] Memory snapshot — cache: 0.00 MB (type <class 'numpy.int64'>, N/A entries)
2026-08-02 17:26:35.334 INFO Calculating metric: reference_existence_per_statement_count_df
2026-08-02 17:27:10.387 INFO [reference_existence_per_statement_count_df] Memory snapshot — total: 1086.27 MB
  cache: 0.00 MB (N/A entries)
  cache_df: 1086.27 MB (9002850 entries)
2026-08-02 17:27:10.387 INFO Calculating metric: reference_completeness_df
2026-08-02 17:27:10.390 INFO [reference_completeness_df] Memory snapshot — cache: 0.00 MB (type <class 'numpy.float64'>, N/A entries)
2026-08-02 17:27:10.390 INFO Memory usage (end of timestep, peak): 5.72 GiB
2026-08-02 17:27:10.390 INFO Memory usage (end of timestep, current): 4.72 GiB
2026-08-02 17:27:10.390 INFO (Iteration 56) statement_count: real 0.04s | cpu 0.38s
2026-08-02 17:27:10.390 INFO (Iteration 56) reference_existence_per_statement_count_df: real 35.05s | cpu 37.25s
2026-08-02 17:27:10.390 INFO (Iteration 56) reference_completeness_df: real 0.00s | cpu 0.00s
2026-08-02 17:27:10.390 INFO Iteration 56 finished in 160.83s (real) and 77.35s (process)
2026-08-02 17:27:10.393 INFO Start timestep 2017-07-05 00:00:00+00:00 -> 2017-08-04 00:00:00+00:00
2026-08-02 17:29:54.450 INFO DuckDB memory logs:
  database_name database_size  block_size  ...  wal_size  memory_usage  memory_limit
0   postgres_db       6.2 TiB           0  ...   0 bytes       4.3 GiB      76.2 GiB
1        memory       0 bytes           0  ...   0 bytes       4.3 GiB      76.2 GiB

[2 rows x 9 columns]
2026-08-02 17:29:54.450 INFO Loading data (2017-07-05 00:00:00+00:00 -> 2017-08-04 00:00:00+00:00) done in 164.06s (real) and 76.66s (process)
2026-08-02 17:29:54.451 INFO Memory usage (start of timestep, peak): 5.93 GiB
2026-08-02 17:29:54.451 INFO Memory usage (start of timestep, current): 5.93 GiB
2026-08-02 17:29:54.451 INFO Calculating metrics
2026-08-02 17:29:54.451 INFO Calculating metric: statement_count
2026-08-02 17:29:54.495 INFO [statement_count] Memory snapshot — cache: 0.00 MB (type <class 'numpy.int64'>, N/A entries)
2026-08-02 17:29:54.496 INFO Calculating metric: reference_existence_per_statement_count_df
2026-08-02 17:30:36.294 INFO [reference_existence_per_statement_count_df] Memory snapshot — total: 1348.05 MB
  cache: 0.00 MB (N/A entries)
  cache_df: 1348.05 MB (11164490 entries)
2026-08-02 17:30:36.294 INFO Calculating metric: reference_completeness_df
2026-08-02 17:30:36.298 INFO [reference_completeness_df] Memory snapshot — cache: 0.00 MB (type <class 'numpy.float64'>, N/A entries)
2026-08-02 17:30:36.298 INFO Memory usage (end of timestep, peak): 7.16 GiB
2026-08-02 17:30:36.298 INFO Memory usage (end of timestep, current): 6.28 GiB
2026-08-02 17:30:36.298 INFO (Iteration 57) statement_count: real 0.04s | cpu 0.52s
2026-08-02 17:30:36.298 INFO (Iteration 57) reference_existence_per_statement_count_df: real 41.80s | cpu 45.21s
2026-08-02 17:30:36.298 INFO (Iteration 57) reference_completeness_df: real 0.00s | cpu 0.00s
2026-08-02 17:30:36.298 INFO Iteration 57 finished in 205.90s (real) and 122.40s (process)
2026-08-02 17:30:36.299 INFO Start timestep 2017-08-04 00:00:00+00:00 -> 2017-09-03 00:00:00+00:00
2026-08-02 17:35:33.816 INFO DuckDB memory logs:
  database_name database_size  block_size  ...  wal_size  memory_usage  memory_limit
0   postgres_db       6.2 TiB           0  ...   0 bytes       7.9 GiB      76.2 GiB
1        memory       0 bytes           0  ...   0 bytes       7.9 GiB      76.2 GiB

[2 rows x 9 columns]
2026-08-02 17:35:33.817 INFO Loading data (2017-08-04 00:00:00+00:00 -> 2017-09-03 00:00:00+00:00) done in 297.52s (real) and 104.62s (process)
2026-08-02 17:35:33.817 INFO Memory usage (start of timestep, peak): 9.78 GiB
2026-08-02 17:35:33.818 INFO Memory usage (start of timestep, current): 9.78 GiB
2026-08-02 17:35:33.818 INFO Calculating metrics
2026-08-02 17:35:33.818 INFO Calculating metric: statement_count
2026-08-02 17:35:33.881 INFO [statement_count] Memory snapshot — cache: 0.00 MB (type <class 'numpy.int64'>, N/A entries)
2026-08-02 17:35:33.881 INFO Calculating metric: reference_existence_per_statement_count_df
2026-08-02 17:36:32.643 INFO [reference_existence_per_statement_count_df] Memory snapshot — total: 1904.84 MB
  cache: 0.00 MB (N/A entries)
  cache_df: 1904.84 MB (15762027 entries)
2026-08-02 17:36:32.644 INFO Calculating metric: reference_completeness_df
2026-08-02 17:36:32.648 INFO [reference_completeness_df] Memory snapshot — cache: 0.00 MB (type <class 'numpy.float64'>, N/A entries)
2026-08-02 17:36:32.648 INFO Memory usage (end of timestep, peak): 11.68 GiB
2026-08-02 17:36:32.648 INFO Memory usage (end of timestep, current): 10.37 GiB
2026-08-02 17:36:32.648 INFO (Iteration 58) statement_count: real 0.06s | cpu 0.72s
2026-08-02 17:36:32.648 INFO (Iteration 58) reference_existence_per_statement_count_df: real 58.76s | cpu 64.61s
2026-08-02 17:36:32.649 INFO (Iteration 58) reference_completeness_df: real 0.00s | cpu 0.00s
2026-08-02 17:36:32.649 INFO Iteration 58 finished in 356.35s (real) and 169.95s (process)
2026-08-02 17:36:32.665 INFO Start timestep 2017-09-03 00:00:00+00:00 -> 2017-10-03 00:00:00+00:00
2026-08-02 17:45:18.963 INFO DuckDB memory logs:
  database_name database_size  block_size  ...  wal_size  memory_usage  memory_limit
0   postgres_db       6.2 TiB           0  ...   0 bytes      13.2 GiB      76.2 GiB
1        memory       0 bytes           0  ...   0 bytes      13.2 GiB      76.2 GiB

[2 rows x 9 columns]
2026-08-02 17:45:18.975 INFO Loading data (2017-09-03 00:00:00+00:00 -> 2017-10-03 00:00:00+00:00) done in 526.31s (real) and 169.34s (process)
2026-08-02 17:45:18.975 INFO Memory usage (start of timestep, peak): 15.50 GiB
2026-08-02 17:45:18.976 INFO Memory usage (start of timestep, current): 15.51 GiB
2026-08-02 17:45:18.976 INFO Calculating metrics
2026-08-02 17:45:18.976 INFO Calculating metric: statement_count
2026-08-02 17:45:19.057 INFO [statement_count] Memory snapshot — cache: 0.00 MB (type <class 'numpy.int64'>, N/A entries)
2026-08-02 17:45:19.057 INFO Calculating metric: reference_existence_per_statement_count_df
2026-08-02 17:46:44.848 INFO [reference_existence_per_statement_count_df] Memory snapshot — total: 2715.20 MB
  cache: 0.00 MB (N/A entries)
  cache_df: 2715.20 MB (22452969 entries)
2026-08-02 17:46:44.861 INFO Calculating metric: reference_completeness_df
2026-08-02 17:46:44.867 INFO [reference_completeness_df] Memory snapshot — cache: 0.00 MB (type <class 'numpy.float64'>, N/A entries)
2026-08-02 17:46:44.867 INFO Memory usage (end of timestep, peak): 18.56 GiB
2026-08-02 17:46:44.867 INFO Memory usage (end of timestep, current): 16.56 GiB
2026-08-02 17:46:44.867 INFO (Iteration 59) statement_count: real 0.08s | cpu 0.96s
2026-08-02 17:46:44.867 INFO (Iteration 59) reference_existence_per_statement_count_df: real 85.80s | cpu 94.91s
2026-08-02 17:46:44.867 INFO (Iteration 59) reference_completeness_df: real 0.01s | cpu 0.00s
2026-08-02 17:46:44.867 INFO Iteration 59 finished in 612.20s (real) and 265.22s (process)
2026-08-02 17:46:44.886 INFO Start timestep 2017-10-03 00:00:00+00:00 -> 2017-11-02 00:00:00+00:00
2026-08-02 17:48:43.945 INFO DuckDB memory logs:
  database_name database_size  block_size  ...  wal_size  memory_usage  memory_limit
0   postgres_db       6.2 TiB           0  ...   0 bytes       3.0 GiB      76.2 GiB
1        memory       0 bytes           0  ...   0 bytes       3.0 GiB      76.2 GiB

[2 rows x 9 columns]
2026-08-02 17:48:43.958 INFO Loading data (2017-10-03 00:00:00+00:00 -> 2017-11-02 00:00:00+00:00) done in 119.07s (real) and 40.17s (process)
2026-08-02 17:48:43.959 INFO Memory usage (start of timestep, peak): 18.56 GiB
2026-08-02 17:48:43.959 INFO Memory usage (start of timestep, current): 6.55 GiB
2026-08-02 17:48:43.959 INFO Calculating metrics
2026-08-02 17:48:43.959 INFO Calculating metric: statement_count
2026-08-02 17:48:44.001 INFO [statement_count] Memory snapshot — cache: 0.00 MB (type <class 'numpy.int64'>, N/A entries)
2026-08-02 17:48:44.001 INFO Calculating metric: reference_existence_per_statement_count_df
2026-08-02 17:50:20.791 INFO [reference_existence_per_statement_count_df] Memory snapshot — total: 2865.89 MB
  cache: 0.00 MB (N/A entries)
  cache_df: 2865.89 MB (23697630 entries)
2026-08-02 17:50:20.804 INFO Calculating metric: reference_completeness_df
2026-08-02 17:50:20.809 INFO [reference_completeness_df] Memory snapshot — cache: 0.00 MB (type <class 'numpy.float64'>, N/A entries)
2026-08-02 17:50:20.809 INFO Memory usage (end of timestep, peak): 18.56 GiB
2026-08-02 17:50:20.809 INFO Memory usage (end of timestep, current): 6.86 GiB
2026-08-02 17:50:20.809 INFO (Iteration 60) statement_count: real 0.04s | cpu 0.38s
2026-08-02 17:50:20.809 INFO (Iteration 60) reference_existence_per_statement_count_df: real 96.80s | cpu 99.22s
2026-08-02 17:50:20.809 INFO (Iteration 60) reference_completeness_df: real 0.01s | cpu 0.00s
2026-08-02 17:50:20.809 INFO Iteration 60 finished in 215.92s (real) and 139.77s (process)
2026-08-02 17:50:20.816 INFO Start timestep 2017-11-02 00:00:00+00:00 -> 2017-12-02 00:00:00+00:00
2026-08-02 17:52:59.822 INFO DuckDB memory logs:
  database_name database_size  block_size  ...  wal_size  memory_usage  memory_limit
0   postgres_db       6.2 TiB           0  ...   0 bytes       3.9 GiB      76.2 GiB
1        memory       0 bytes           0  ...   0 bytes       3.9 GiB      76.2 GiB

[2 rows x 9 columns]
2026-08-02 17:52:59.835 INFO Loading data (2017-11-02 00:00:00+00:00 -> 2017-12-02 00:00:00+00:00) done in 159.02s (real) and 50.18s (process)
2026-08-02 17:52:59.835 INFO Memory usage (start of timestep, peak): 18.56 GiB
2026-08-02 17:52:59.836 INFO Memory usage (start of timestep, current): 7.72 GiB
2026-08-02 17:52:59.836 INFO Calculating metrics
2026-08-02 17:52:59.836 INFO Calculating metric: statement_count
2026-08-02 17:52:59.887 INFO [statement_count] Memory snapshot — cache: 0.00 MB (type <class 'numpy.int64'>, N/A entries)
2026-08-02 17:52:59.887 INFO Calculating metric: reference_existence_per_statement_count_df
2026-08-02 17:54:39.755 INFO [reference_existence_per_statement_count_df] Memory snapshot — total: 3111.27 MB
  cache: 0.00 MB (N/A entries)
  cache_df: 3111.27 MB (25724113 entries)
2026-08-02 17:54:39.768 INFO Calculating metric: reference_completeness_df
2026-08-02 17:54:39.773 INFO [reference_completeness_df] Memory snapshot — cache: 0.00 MB (type <class 'numpy.float64'>, N/A entries)
2026-08-02 17:54:39.773 INFO Memory usage (end of timestep, peak): 18.56 GiB
2026-08-02 17:54:39.773 INFO Memory usage (end of timestep, current): 7.89 GiB
2026-08-02 17:54:39.773 INFO (Iteration 61) statement_count: real 0.05s | cpu 0.51s
2026-08-02 17:54:39.773 INFO (Iteration 61) reference_existence_per_statement_count_df: real 99.88s | cpu 102.98s
2026-08-02 17:54:39.773 INFO (Iteration 61) reference_completeness_df: real 0.00s | cpu 0.00s
2026-08-02 17:54:39.773 INFO Iteration 61 finished in 258.96s (real) and 153.67s (process)
2026-08-02 17:54:39.775 INFO Start timestep 2017-12-02 00:00:00+00:00 -> 2018-01-01 00:00:00+00:00
2026-08-02 17:58:18.018 INFO DuckDB memory logs:
  database_name database_size  block_size  ...  wal_size  memory_usage  memory_limit
0   postgres_db       6.2 TiB           0  ...   0 bytes       5.4 GiB      76.2 GiB
1        memory       0 bytes           0  ...   0 bytes       5.4 GiB      76.2 GiB

[2 rows x 9 columns]
2026-08-02 17:58:18.019 INFO Loading data (2017-12-02 00:00:00+00:00 -> 2018-01-01 00:00:00+00:00) done in 218.24s (real) and 74.31s (process)
2026-08-02 17:58:18.019 INFO Memory usage (start of timestep, peak): 18.56 GiB
2026-08-02 17:58:18.020 INFO Memory usage (start of timestep, current): 9.33 GiB
2026-08-02 17:58:18.020 INFO Calculating metrics
2026-08-02 17:58:18.020 INFO Calculating metric: statement_count
2026-08-02 17:58:18.069 INFO [statement_count] Memory snapshot — cache: 0.00 MB (type <class 'numpy.int64'>, N/A entries)
2026-08-02 17:58:18.069 INFO Calculating metric: reference_existence_per_statement_count_df
2026-08-02 18:00:11.163 INFO [reference_existence_per_statement_count_df] Memory snapshot — total: 3445.35 MB
  cache: 0.00 MB (N/A entries)
  cache_df: 3445.35 MB (28482832 entries)
2026-08-02 18:00:11.175 INFO Calculating metric: reference_completeness_df
2026-08-02 18:00:11.179 INFO [reference_completeness_df] Memory snapshot — cache: 0.00 MB (type <class 'numpy.float64'>, N/A entries)
2026-08-02 18:00:11.180 INFO Memory usage (end of timestep, peak): 18.56 GiB
2026-08-02 18:00:11.180 INFO Memory usage (end of timestep, current): 10.15 GiB
2026-08-02 18:00:11.180 INFO (Iteration 62) statement_count: real 0.05s | cpu 0.62s
2026-08-02 18:00:11.180 INFO (Iteration 62) reference_existence_per_statement_count_df: real 113.11s | cpu 117.12s
2026-08-02 18:00:11.180 INFO (Iteration 62) reference_completeness_df: real 0.00s | cpu 0.00s
2026-08-02 18:00:11.180 INFO Iteration 62 finished in 331.41s (real) and 192.05s (process)
2026-08-02 18:00:11.181 INFO Start timestep 2018-01-01 00:00:00+00:00 -> 2018-01-31 00:00:00+00:00
2026-08-02 18:01:13.798 INFO DuckDB memory logs:
  database_name database_size  block_size  ...  wal_size  memory_usage  memory_limit
0   postgres_db       6.2 TiB           0  ...   0 bytes       1.7 GiB      76.2 GiB
1        memory       0 bytes           0  ...   0 bytes       1.7 GiB      76.2 GiB

[2 rows x 9 columns]
2026-08-02 18:01:13.798 INFO Loading data (2018-01-01 00:00:00+00:00 -> 2018-01-31 00:00:00+00:00) done in 62.62s (real) and 22.09s (process)
2026-08-02 18:01:13.799 INFO Memory usage (start of timestep, peak): 18.56 GiB
2026-08-02 18:01:13.799 INFO Memory usage (start of timestep, current): 6.45 GiB
2026-08-02 18:01:13.799 INFO Calculating metrics
2026-08-02 18:01:13.799 INFO Calculating metric: statement_count
2026-08-02 18:01:13.830 INFO [statement_count] Memory snapshot — cache: 0.00 MB (type <class 'numpy.int64'>, N/A entries)
2026-08-02 18:01:13.830 INFO Calculating metric: reference_existence_per_statement_count_df
2026-08-02 18:03:03.984 INFO [reference_existence_per_statement_count_df] Memory snapshot — total: 3505.95 MB
  cache: 0.00 MB (N/A entries)
  cache_df: 3505.95 MB (28983501 entries)
2026-08-02 18:03:03.997 INFO Calculating metric: reference_completeness_df
2026-08-02 18:03:04.001 INFO [reference_completeness_df] Memory snapshot — cache: 0.00 MB (type <class 'numpy.float64'>, N/A entries)
2026-08-02 18:03:04.001 INFO Memory usage (end of timestep, peak): 18.56 GiB
2026-08-02 18:03:04.001 INFO Memory usage (end of timestep, current): 6.24 GiB
2026-08-02 18:03:04.001 INFO (Iteration 63) statement_count: real 0.03s | cpu 0.23s
2026-08-02 18:03:04.001 INFO (Iteration 63) reference_existence_per_statement_count_df: real 110.17s | cpu 111.54s
2026-08-02 18:03:04.001 INFO (Iteration 63) reference_completeness_df: real 0.00s | cpu 0.00s
2026-08-02 18:03:04.001 INFO Iteration 63 finished in 172.82s (real) and 133.86s (process)
2026-08-02 18:03:04.014 INFO Start timestep 2018-01-31 00:00:00+00:00 -> 2018-03-02 00:00:00+00:00
2026-08-02 18:06:31.629 INFO DuckDB memory logs:
  database_name database_size  block_size  ...  wal_size  memory_usage  memory_limit
0   postgres_db       6.2 TiB           0  ...   0 bytes       5.3 GiB      76.2 GiB
1        memory       0 bytes           0  ...   0 bytes       5.3 GiB      76.2 GiB

[2 rows x 9 columns]
2026-08-02 18:06:31.642 INFO Loading data (2018-01-31 00:00:00+00:00 -> 2018-03-02 00:00:00+00:00) done in 207.63s (real) and 69.28s (process)
2026-08-02 18:06:31.642 INFO Memory usage (start of timestep, peak): 18.56 GiB
2026-08-02 18:06:31.643 INFO Memory usage (start of timestep, current): 9.74 GiB
2026-08-02 18:06:31.643 INFO Calculating metrics
2026-08-02 18:06:31.643 INFO Calculating metric: statement_count
2026-08-02 18:06:31.692 INFO [statement_count] Memory snapshot — cache: 0.00 MB (type <class 'numpy.int64'>, N/A entries)
2026-08-02 18:06:31.692 INFO Calculating metric: reference_existence_per_statement_count_df
2026-08-02 18:08:30.654 INFO [reference_existence_per_statement_count_df] Memory snapshot — total: 3783.98 MB
  cache: 0.00 MB (N/A entries)
  cache_df: 3783.98 MB (31279233 entries)
2026-08-02 18:08:30.667 INFO Calculating metric: reference_completeness_df
2026-08-02 18:08:30.673 INFO [reference_completeness_df] Memory snapshot — cache: 0.00 MB (type <class 'numpy.float64'>, N/A entries)
2026-08-02 18:08:30.674 INFO Memory usage (end of timestep, peak): 18.56 GiB
2026-08-02 18:08:30.674 INFO Memory usage (end of timestep, current): 10.57 GiB
2026-08-02 18:08:30.674 INFO (Iteration 64) statement_count: real 0.05s | cpu 0.55s
2026-08-02 18:08:30.674 INFO (Iteration 64) reference_existence_per_statement_count_df: real 118.97s | cpu 123.16s
2026-08-02 18:08:30.674 INFO (Iteration 64) reference_completeness_df: real 0.01s | cpu 0.00s
2026-08-02 18:08:30.675 INFO Iteration 64 finished in 326.66s (real) and 192.99s (process)
2026-08-02 18:08:30.688 INFO Start timestep 2018-03-02 00:00:00+00:00 -> 2018-04-01 00:00:00+00:00
2026-08-02 18:11:15.682 INFO DuckDB memory logs:
  database_name database_size  block_size  ...  wal_size  memory_usage  memory_limit
0   postgres_db       6.2 TiB           0  ...   0 bytes       4.1 GiB      76.2 GiB
1        memory       0 bytes           0  ...   0 bytes       4.1 GiB      76.2 GiB

[2 rows x 9 columns]
2026-08-02 18:11:15.698 INFO Loading data (2018-03-02 00:00:00+00:00 -> 2018-04-01 00:00:00+00:00) done in 165.01s (real) and 55.44s (process)
2026-08-02 18:11:15.699 INFO Memory usage (start of timestep, peak): 18.56 GiB
2026-08-02 18:11:15.699 INFO Memory usage (start of timestep, current): 9.44 GiB
2026-08-02 18:11:15.699 INFO Calculating metrics
2026-08-02 18:11:15.699 INFO Calculating metric: statement_count
2026-08-02 18:11:15.735 INFO [statement_count] Memory snapshot — cache: 0.00 MB (type <class 'numpy.int64'>, N/A entries)
2026-08-02 18:11:15.735 INFO Calculating metric: reference_existence_per_statement_count_df
2026-08-02 18:13:17.771 INFO [reference_existence_per_statement_count_df] Memory snapshot — total: 3889.60 MB
  cache: 0.00 MB (N/A entries)
  cache_df: 3889.60 MB (32151434 entries)
2026-08-02 18:13:17.784 INFO Calculating metric: reference_completeness_df
2026-08-02 18:13:17.794 INFO [reference_completeness_df] Memory snapshot — cache: 0.00 MB (type <class 'numpy.float64'>, N/A entries)
2026-08-02 18:13:17.795 INFO Memory usage (end of timestep, peak): 18.56 GiB
2026-08-02 18:13:17.795 INFO Memory usage (end of timestep, current): 9.39 GiB
2026-08-02 18:13:17.795 INFO (Iteration 65) statement_count: real 0.04s | cpu 0.37s
2026-08-02 18:13:17.795 INFO (Iteration 65) reference_existence_per_statement_count_df: real 122.05s | cpu 125.06s
2026-08-02 18:13:17.795 INFO (Iteration 65) reference_completeness_df: real 0.01s | cpu 0.01s
2026-08-02 18:13:17.796 INFO Iteration 65 finished in 287.11s (real) and 180.87s (process)
2026-08-02 18:13:17.797 INFO Start timestep 2018-04-01 00:00:00+00:00 -> 2018-05-01 00:00:00+00:00
2026-08-02 18:15:10.552 INFO DuckDB memory logs:
  database_name database_size  block_size  ...  wal_size  memory_usage  memory_limit
0   postgres_db       6.2 TiB           0  ...   0 bytes       2.9 GiB      76.2 GiB
1        memory       0 bytes           0  ...   0 bytes       2.9 GiB      76.2 GiB

[2 rows x 9 columns]
2026-08-02 18:15:10.565 INFO Loading data (2018-04-01 00:00:00+00:00 -> 2018-05-01 00:00:00+00:00) done in 112.77s (real) and 36.51s (process)
2026-08-02 18:15:10.565 INFO Memory usage (start of timestep, peak): 18.56 GiB
2026-08-02 18:15:10.565 INFO Memory usage (start of timestep, current): 8.17 GiB
2026-08-02 18:15:10.565 INFO Calculating metrics
2026-08-02 18:15:10.565 INFO Calculating metric: statement_count
2026-08-02 18:15:10.604 INFO [statement_count] Memory snapshot — cache: 0.00 MB (type <class 'numpy.int64'>, N/A entries)
2026-08-02 18:15:10.604 INFO Calculating metric: reference_existence_per_statement_count_df
2026-08-02 18:17:19.640 INFO [reference_existence_per_statement_count_df] Memory snapshot — total: 4042.75 MB
  cache: 0.00 MB (N/A entries)
  cache_df: 4042.75 MB (33416262 entries)
2026-08-02 18:17:19.656 INFO Calculating metric: reference_completeness_df
2026-08-02 18:17:19.659 INFO [reference_completeness_df] Memory snapshot — cache: 0.00 MB (type <class 'numpy.float64'>, N/A entries)
2026-08-02 18:17:19.659 INFO Memory usage (end of timestep, peak): 18.56 GiB
2026-08-02 18:17:19.659 INFO Memory usage (end of timestep, current): 8.54 GiB
2026-08-02 18:17:19.660 INFO (Iteration 66) statement_count: real 0.04s | cpu 0.42s
2026-08-02 18:17:19.660 INFO (Iteration 66) reference_existence_per_statement_count_df: real 129.05s | cpu 131.37s
2026-08-02 18:17:19.660 INFO (Iteration 66) reference_completeness_df: real 0.00s | cpu 0.00s
2026-08-02 18:17:19.660 INFO Iteration 66 finished in 241.86s (real) and 168.31s (process)
2026-08-02 18:17:19.675 INFO Start timestep 2018-05-01 00:00:00+00:00 -> 2018-05-31 00:00:00+00:00
2026-08-02 18:20:29.756 INFO DuckDB memory logs:
  database_name database_size  block_size  ...  wal_size  memory_usage  memory_limit
0   postgres_db       6.2 TiB           0  ...   0 bytes       5.0 GiB      76.2 GiB
1        memory       0 bytes           0  ...   0 bytes       5.0 GiB      76.2 GiB

[2 rows x 9 columns]
2026-08-02 18:20:29.756 INFO Loading data (2018-05-01 00:00:00+00:00 -> 2018-05-31 00:00:00+00:00) done in 190.08s (real) and 63.11s (process)
2026-08-02 18:20:29.756 INFO Memory usage (start of timestep, peak): 18.56 GiB
2026-08-02 18:20:29.757 INFO Memory usage (start of timestep, current): 10.50 GiB
2026-08-02 18:20:29.757 INFO Calculating metrics
2026-08-02 18:20:29.757 INFO Calculating metric: statement_count
2026-08-02 18:20:29.800 INFO [statement_count] Memory snapshot — cache: 0.00 MB (type <class 'numpy.int64'>, N/A entries)
2026-08-02 18:20:29.800 INFO Calculating metric: reference_existence_per_statement_count_df
2026-08-02 18:22:50.821 INFO [reference_existence_per_statement_count_df] Memory snapshot — total: 4334.63 MB
  cache: 0.00 MB (N/A entries)
  cache_df: 4334.63 MB (35826569 entries)
2026-08-02 18:22:50.835 INFO Calculating metric: reference_completeness_df
2026-08-02 18:22:50.841 INFO [reference_completeness_df] Memory snapshot — cache: 0.00 MB (type <class 'numpy.float64'>, N/A entries)
2026-08-02 18:22:50.841 INFO Memory usage (end of timestep, peak): 18.56 GiB
2026-08-02 18:22:50.842 INFO Memory usage (end of timestep, current): 10.61 GiB
2026-08-02 18:22:50.842 INFO (Iteration 67) statement_count: real 0.04s | cpu 0.51s
2026-08-02 18:22:50.842 INFO (Iteration 67) reference_existence_per_statement_count_df: real 141.03s | cpu 144.66s
2026-08-02 18:22:50.842 INFO (Iteration 67) reference_completeness_df: real 0.01s | cpu 0.00s
2026-08-02 18:22:50.842 INFO Iteration 67 finished in 331.17s (real) and 208.29s (process)
2026-08-02 18:22:50.844 INFO Start timestep 2018-05-31 00:00:00+00:00 -> 2018-06-30 00:00:00+00:00
2026-08-02 18:25:32.559 INFO DuckDB memory logs:
  database_name database_size  block_size  ...  wal_size  memory_usage  memory_limit
0   postgres_db       6.2 TiB           0  ...   0 bytes       4.7 GiB      76.2 GiB
1        memory       0 bytes           0  ...   0 bytes       4.7 GiB      76.2 GiB

[2 rows x 9 columns]
2026-08-02 18:25:32.560 INFO Loading data (2018-05-31 00:00:00+00:00 -> 2018-06-30 00:00:00+00:00) done in 161.72s (real) and 57.03s (process)
2026-08-02 18:25:32.560 INFO Memory usage (start of timestep, peak): 18.56 GiB
2026-08-02 18:25:32.560 INFO Memory usage (start of timestep, current): 10.29 GiB
2026-08-02 18:25:32.560 INFO Calculating metrics
2026-08-02 18:25:32.561 INFO Calculating metric: statement_count
2026-08-02 18:25:32.607 INFO [statement_count] Memory snapshot — cache: 0.00 MB (type <class 'numpy.int64'>, N/A entries)
2026-08-02 18:25:32.607 INFO Calculating metric: reference_existence_per_statement_count_df
2026-08-02 18:28:00.580 INFO [reference_existence_per_statement_count_df] Memory snapshot — total: 4583.47 MB
  cache: 0.00 MB (N/A entries)
  cache_df: 4583.47 MB (37881779 entries)
2026-08-02 18:28:00.593 INFO Calculating metric: reference_completeness_df
2026-08-02 18:28:00.600 INFO [reference_completeness_df] Memory snapshot — cache: 0.00 MB (type <class 'numpy.float64'>, N/A entries)
2026-08-02 18:28:00.600 INFO Memory usage (end of timestep, peak): 18.56 GiB
2026-08-02 18:28:00.601 INFO Memory usage (end of timestep, current): 10.93 GiB
2026-08-02 18:28:00.601 INFO (Iteration 68) statement_count: real 0.05s | cpu 0.49s
2026-08-02 18:28:00.601 INFO (Iteration 68) reference_existence_per_statement_count_df: real 147.99s | cpu 151.89s
2026-08-02 18:28:00.601 INFO (Iteration 68) reference_completeness_df: real 0.01s | cpu 0.00s
2026-08-02 18:28:00.601 INFO Iteration 68 finished in 309.76s (real) and 209.42s (process)
2026-08-02 18:28:00.618 INFO Start timestep 2018-06-30 00:00:00+00:00 -> 2018-07-30 00:00:00+00:00
2026-08-02 18:31:32.123 INFO DuckDB memory logs:
  database_name database_size  block_size  ...  wal_size  memory_usage  memory_limit
0   postgres_db       6.2 TiB           0  ...   0 bytes       5.8 GiB      76.2 GiB
1        memory       0 bytes           0  ...   0 bytes       5.8 GiB      76.2 GiB

[2 rows x 9 columns]
2026-08-02 18:31:32.138 INFO Loading data (2018-06-30 00:00:00+00:00 -> 2018-07-30 00:00:00+00:00) done in 211.52s (real) and 73.20s (process)
2026-08-02 18:31:32.138 INFO Memory usage (start of timestep, peak): 18.56 GiB
2026-08-02 18:31:32.138 INFO Memory usage (start of timestep, current): 11.99 GiB
2026-08-02 18:31:32.139 INFO Calculating metrics
2026-08-02 18:31:32.139 INFO Calculating metric: statement_count
2026-08-02 18:31:32.190 INFO [statement_count] Memory snapshot — cache: 0.00 MB (type <class 'numpy.int64'>, N/A entries)
2026-08-02 18:31:32.190 INFO Calculating metric: reference_existence_per_statement_count_df
2026-08-02 18:34:13.628 INFO [reference_existence_per_statement_count_df] Memory snapshot — total: 4919.53 MB
  cache: 0.00 MB (N/A entries)
  cache_df: 4919.53 MB (40656829 entries)
2026-08-02 18:34:13.642 INFO Calculating metric: reference_completeness_df
2026-08-02 18:34:13.648 INFO [reference_completeness_df] Memory snapshot — cache: 0.00 MB (type <class 'numpy.float64'>, N/A entries)
2026-08-02 18:34:13.648 INFO Memory usage (end of timestep, peak): 18.56 GiB
2026-08-02 18:34:13.649 INFO Memory usage (end of timestep, current): 12.51 GiB
2026-08-02 18:34:13.649 INFO (Iteration 69) statement_count: real 0.05s | cpu 0.57s
2026-08-02 18:34:13.649 INFO (Iteration 69) reference_existence_per_statement_count_df: real 161.45s | cpu 166.20s
2026-08-02 18:34:13.649 INFO (Iteration 69) reference_completeness_df: real 0.01s | cpu 0.00s
2026-08-02 18:34:13.649 INFO Iteration 69 finished in 373.03s (real) and 239.97s (process)
2026-08-02 18:34:13.663 INFO Start timestep 2018-07-30 00:00:00+00:00 -> 2018-08-29 00:00:00+00:00
2026-08-02 18:36:54.851 INFO DuckDB memory logs:
  database_name database_size  block_size  ...  wal_size  memory_usage  memory_limit
0   postgres_db       6.2 TiB           0  ...   0 bytes       4.3 GiB      76.2 GiB
1        memory       0 bytes           0  ...   0 bytes       4.3 GiB      76.2 GiB

[2 rows x 9 columns]
2026-08-02 18:36:54.863 INFO Loading data (2018-07-30 00:00:00+00:00 -> 2018-08-29 00:00:00+00:00) done in 161.20s (real) and 181.51s (process)
2026-08-02 18:36:54.863 INFO Memory usage (start of timestep, peak): 18.56 GiB
2026-08-02 18:36:54.864 INFO Memory usage (start of timestep, current): 11.02 GiB
2026-08-02 18:36:54.864 INFO Calculating metrics
2026-08-02 18:36:54.864 INFO Calculating metric: statement_count
2026-08-02 18:36:54.905 INFO [statement_count] Memory snapshot — cache: 0.00 MB (type <class 'numpy.int64'>, N/A entries)
2026-08-02 18:36:54.905 INFO Calculating metric: reference_existence_per_statement_count_df
2026-08-02 18:39:31.975 INFO [reference_existence_per_statement_count_df] Memory snapshot — total: 5101.49 MB
  cache: 0.00 MB (N/A entries)
  cache_df: 5101.49 MB (42159773 entries)
2026-08-02 18:39:31.987 INFO Calculating metric: reference_completeness_df
2026-08-02 18:39:31.993 INFO [reference_completeness_df] Memory snapshot — cache: 0.00 MB (type <class 'numpy.float64'>, N/A entries)
2026-08-02 18:39:31.993 INFO Memory usage (end of timestep, peak): 18.56 GiB
2026-08-02 18:39:31.993 INFO Memory usage (end of timestep, current): 11.43 GiB
2026-08-02 18:39:31.993 INFO (Iteration 70) statement_count: real 0.04s | cpu 0.45s
2026-08-02 18:39:31.993 INFO (Iteration 70) reference_existence_per_statement_count_df: real 157.08s | cpu 160.47s
2026-08-02 18:39:31.993 INFO (Iteration 70) reference_completeness_df: real 0.01s | cpu 0.00s
2026-08-02 18:39:31.993 INFO Iteration 70 finished in 318.33s (real) and 342.43s (process)
2026-08-02 18:39:32.006 INFO Start timestep 2018-08-29 00:00:00+00:00 -> 2018-09-28 00:00:00+00:00
2026-08-02 18:42:42.165 INFO DuckDB memory logs:
  database_name database_size  block_size  ...  wal_size  memory_usage  memory_limit
0   postgres_db       6.2 TiB           0  ...   0 bytes       5.3 GiB      76.2 GiB
1        memory       0 bytes           0  ...   0 bytes       5.3 GiB      76.2 GiB

[2 rows x 9 columns]
2026-08-02 18:42:42.179 INFO Loading data (2018-08-29 00:00:00+00:00 -> 2018-09-28 00:00:00+00:00) done in 190.17s (real) and 66.35s (process)
2026-08-02 18:42:42.179 INFO Memory usage (start of timestep, peak): 18.56 GiB
2026-08-02 18:42:42.180 INFO Memory usage (start of timestep, current): 12.44 GiB
2026-08-02 18:42:42.180 INFO Calculating metrics
2026-08-02 18:42:42.180 INFO Calculating metric: statement_count
2026-08-02 18:42:42.231 INFO [statement_count] Memory snapshot — cache: 0.00 MB (type <class 'numpy.int64'>, N/A entries)
2026-08-02 18:42:42.231 INFO Calculating metric: reference_existence_per_statement_count_df
2026-08-02 18:46:44.155 INFO [reference_existence_per_statement_count_df] Memory snapshot — total: 5416.84 MB
  cache: 0.00 MB (N/A entries)
  cache_df: 5416.84 MB (44763826 entries)
2026-08-02 18:46:44.168 INFO Calculating metric: reference_completeness_df
2026-08-02 18:46:44.171 INFO [reference_completeness_df] Memory snapshot — cache: 0.00 MB (type <class 'numpy.float64'>, N/A entries)
2026-08-02 18:46:44.171 INFO Memory usage (end of timestep, peak): 18.56 GiB
2026-08-02 18:46:44.172 INFO Memory usage (end of timestep, current): 12.83 GiB
2026-08-02 18:46:44.172 INFO (Iteration 71) statement_count: real 0.05s | cpu 0.60s
2026-08-02 18:46:44.172 INFO (Iteration 71) reference_existence_per_statement_count_df: real 241.94s | cpu 246.45s
2026-08-02 18:46:44.172 INFO (Iteration 71) reference_completeness_df: real 0.00s | cpu 0.00s
2026-08-02 18:46:44.172 INFO Iteration 71 finished in 432.17s (real) and 313.40s (process)
2026-08-02 18:46:44.184 INFO Start timestep 2018-09-28 00:00:00+00:00 -> 2018-10-28 00:00:00+00:00
2026-08-02 18:50:57.269 INFO DuckDB memory logs:
  database_name database_size  block_size  ...  wal_size  memory_usage  memory_limit
0   postgres_db       6.2 TiB           0  ...   0 bytes       8.5 GiB      76.2 GiB
1        memory       0 bytes           0  ...   0 bytes       8.5 GiB      76.2 GiB

[2 rows x 9 columns]
2026-08-02 18:50:57.270 INFO Loading data (2018-09-28 00:00:00+00:00 -> 2018-10-28 00:00:00+00:00) done in 253.09s (real) and 97.16s (process)
2026-08-02 18:50:57.271 INFO Memory usage (start of timestep, peak): 18.56 GiB
2026-08-02 18:50:57.271 INFO Memory usage (start of timestep, current): 15.87 GiB
2026-08-02 18:50:57.271 INFO Calculating metrics
2026-08-02 18:50:57.271 INFO Calculating metric: statement_count
2026-08-02 18:50:57.347 INFO [statement_count] Memory snapshot — cache: 0.00 MB (type <class 'numpy.int64'>, N/A entries)
2026-08-02 18:50:57.348 INFO Calculating metric: reference_existence_per_statement_count_df
2026-08-02 18:54:18.507 INFO [reference_existence_per_statement_count_df] Memory snapshot — total: 5950.84 MB
  cache: 0.00 MB (N/A entries)
  cache_df: 5950.84 MB (49173330 entries)
2026-08-02 18:54:18.526 INFO Calculating metric: reference_completeness_df
2026-08-02 18:54:18.534 INFO [reference_completeness_df] Memory snapshot — cache: 0.00 MB (type <class 'numpy.float64'>, N/A entries)
2026-08-02 18:54:18.535 INFO Memory usage (end of timestep, peak): 20.00 GiB
2026-08-02 18:54:18.535 INFO Memory usage (end of timestep, current): 16.47 GiB
2026-08-02 18:54:18.535 INFO (Iteration 72) statement_count: real 0.08s | cpu 0.85s
2026-08-02 18:54:18.535 INFO (Iteration 72) reference_existence_per_statement_count_df: real 201.18s | cpu 207.79s
2026-08-02 18:54:18.535 INFO (Iteration 72) reference_completeness_df: real 0.01s | cpu 0.01s
2026-08-02 18:54:18.535 INFO Iteration 72 finished in 454.35s (real) and 305.81s (process)
2026-08-02 18:54:18.556 INFO Start timestep 2018-10-28 00:00:00+00:00 -> 2018-11-27 00:00:00+00:00
2026-08-02 18:56:18.257 INFO DuckDB memory logs:
  database_name database_size  block_size  ...  wal_size  memory_usage  memory_limit
0   postgres_db       6.2 TiB           0  ...   0 bytes       3.6 GiB      76.2 GiB
1        memory       0 bytes           0  ...   0 bytes       3.6 GiB      76.2 GiB

[2 rows x 9 columns]
2026-08-02 18:56:18.258 INFO Loading data (2018-10-28 00:00:00+00:00 -> 2018-11-27 00:00:00+00:00) done in 119.70s (real) and 43.75s (process)
2026-08-02 18:56:18.258 INFO Memory usage (start of timestep, peak): 20.00 GiB
2026-08-02 18:56:18.258 INFO Memory usage (start of timestep, current): 11.62 GiB
2026-08-02 18:56:18.258 INFO Calculating metrics
2026-08-02 18:56:18.259 INFO Calculating metric: statement_count
2026-08-02 18:56:18.310 INFO [statement_count] Memory snapshot — cache: 0.00 MB (type <class 'numpy.int64'>, N/A entries)
2026-08-02 18:56:18.310 INFO Calculating metric: reference_existence_per_statement_count_df
2026-08-02 18:59:54.158 INFO [reference_existence_per_statement_count_df] Memory snapshot — total: 6082.86 MB
  cache: 0.00 MB (N/A entries)
  cache_df: 6082.86 MB (50263671 entries)
2026-08-02 18:59:54.170 INFO Calculating metric: reference_completeness_df
2026-08-02 18:59:54.177 INFO [reference_completeness_df] Memory snapshot — cache: 0.00 MB (type <class 'numpy.float64'>, N/A entries)
2026-08-02 18:59:54.177 INFO Memory usage (end of timestep, peak): 20.00 GiB
2026-08-02 18:59:54.177 INFO Memory usage (end of timestep, current): 11.87 GiB
2026-08-02 18:59:54.177 INFO (Iteration 73) statement_count: real 0.05s | cpu 0.59s
2026-08-02 18:59:54.177 INFO (Iteration 73) reference_existence_per_statement_count_df: real 215.86s | cpu 218.42s
2026-08-02 18:59:54.178 INFO (Iteration 73) reference_completeness_df: real 0.01s | cpu 0.00s
2026-08-02 18:59:54.178 INFO Iteration 73 finished in 335.62s (real) and 262.77s (process)
2026-08-02 18:59:54.183 INFO Start timestep 2018-11-27 00:00:00+00:00 -> 2018-12-27 00:00:00+00:00
2026-08-02 19:01:53.809 INFO DuckDB memory logs:
  database_name database_size  block_size  ...  wal_size  memory_usage  memory_limit
0   postgres_db       6.2 TiB           0  ...   0 bytes       3.6 GiB      76.2 GiB
1        memory       0 bytes           0  ...   0 bytes       3.6 GiB      76.2 GiB

[2 rows x 9 columns]
2026-08-02 19:01:53.809 INFO Loading data (2018-11-27 00:00:00+00:00 -> 2018-12-27 00:00:00+00:00) done in 119.63s (real) and 41.99s (process)
2026-08-02 19:01:53.810 INFO Memory usage (start of timestep, peak): 20.00 GiB
2026-08-02 19:01:53.810 INFO Memory usage (start of timestep, current): 11.86 GiB
2026-08-02 19:01:53.810 INFO Calculating metrics
2026-08-02 19:01:53.810 INFO Calculating metric: statement_count
2026-08-02 19:01:53.848 INFO [statement_count] Memory snapshot — cache: 0.00 MB (type <class 'numpy.int64'>, N/A entries)
2026-08-02 19:01:53.848 INFO Calculating metric: reference_existence_per_statement_count_df
2026-08-02 19:05:29.286 INFO [reference_existence_per_statement_count_df] Memory snapshot — total: 6170.94 MB
  cache: 0.00 MB (N/A entries)
  cache_df: 6170.94 MB (50991422 entries)
2026-08-02 19:05:29.287 INFO Calculating metric: reference_completeness_df
2026-08-02 19:05:29.291 INFO [reference_completeness_df] Memory snapshot — cache: 0.00 MB (type <class 'numpy.float64'>, N/A entries)
2026-08-02 19:05:29.291 INFO Memory usage (end of timestep, peak): 20.00 GiB
2026-08-02 19:05:29.291 INFO Memory usage (end of timestep, current): 12.27 GiB
2026-08-02 19:05:29.291 INFO (Iteration 74) statement_count: real 0.04s | cpu 0.41s
2026-08-02 19:05:29.291 INFO (Iteration 74) reference_existence_per_statement_count_df: real 215.44s | cpu 218.27s
2026-08-02 19:05:29.291 INFO (Iteration 74) reference_completeness_df: real 0.00s | cpu 0.00s
2026-08-02 19:05:29.291 INFO Iteration 74 finished in 335.11s (real) and 260.67s (process)
2026-08-02 19:05:29.309 INFO Start timestep 2018-12-27 00:00:00+00:00 -> 2019-01-26 00:00:00+00:00
2026-08-02 19:06:32.863 INFO DuckDB memory logs:
  database_name database_size  block_size  ...  wal_size  memory_usage  memory_limit
0   postgres_db       6.2 TiB           0  ...   0 bytes       2.3 GiB      76.2 GiB
1        memory       0 bytes           0  ...   0 bytes       2.3 GiB      76.2 GiB

[2 rows x 9 columns]
2026-08-02 19:06:32.863 INFO Loading data (2018-12-27 00:00:00+00:00 -> 2019-01-26 00:00:00+00:00) done in 63.55s (real) and 60.96s (process)
2026-08-02 19:06:32.863 INFO Memory usage (start of timestep, peak): 20.00 GiB
2026-08-02 19:06:32.864 INFO Memory usage (start of timestep, current): 10.99 GiB
2026-08-02 19:06:32.864 INFO Calculating metrics
2026-08-02 19:06:32.864 INFO Calculating metric: statement_count
2026-08-02 19:06:32.894 INFO [statement_count] Memory snapshot — cache: 0.00 MB (type <class 'numpy.int64'>, N/A entries)
2026-08-02 19:06:32.894 INFO Calculating metric: reference_existence_per_statement_count_df
2026-08-02 19:10:03.782 INFO [reference_existence_per_statement_count_df] Memory snapshot — total: 6193.30 MB
  cache: 0.00 MB (N/A entries)
  cache_df: 6193.30 MB (51176657 entries)
2026-08-02 19:10:03.782 INFO Calculating metric: reference_completeness_df
2026-08-02 19:10:03.787 INFO [reference_completeness_df] Memory snapshot — cache: 0.00 MB (type <class 'numpy.float64'>, N/A entries)
2026-08-02 19:10:03.787 INFO Memory usage (end of timestep, peak): 20.00 GiB
2026-08-02 19:10:03.787 INFO Memory usage (end of timestep, current): 10.92 GiB
2026-08-02 19:10:03.787 INFO (Iteration 75) statement_count: real 0.03s | cpu 0.31s
2026-08-02 19:10:03.787 INFO (Iteration 75) reference_existence_per_statement_count_df: real 210.89s | cpu 212.94s
2026-08-02 19:10:03.787 INFO (Iteration 75) reference_completeness_df: real 0.00s | cpu 0.00s
2026-08-02 19:10:03.787 INFO Iteration 75 finished in 274.48s (real) and 274.22s (process)
2026-08-02 19:10:03.789 INFO Start timestep 2019-01-26 00:00:00+00:00 -> 2019-02-25 00:00:00+00:00
2026-08-02 19:10:45.545 INFO DuckDB memory logs:
  database_name database_size  block_size  ...  wal_size  memory_usage  memory_limit
0   postgres_db       6.2 TiB           0  ...   0 bytes       1.6 GiB      76.2 GiB
1        memory       0 bytes           0  ...   0 bytes       1.6 GiB      76.2 GiB

[2 rows x 9 columns]
2026-08-02 19:10:45.545 INFO Loading data (2019-01-26 00:00:00+00:00 -> 2019-02-25 00:00:00+00:00) done in 41.76s (real) and 17.05s (process)
2026-08-02 19:10:45.546 INFO Memory usage (start of timestep, peak): 20.00 GiB
2026-08-02 19:10:45.546 INFO Memory usage (start of timestep, current): 10.16 GiB
2026-08-02 19:10:45.546 INFO Calculating metrics
2026-08-02 19:10:45.546 INFO Calculating metric: statement_count
2026-08-02 19:10:45.577 INFO [statement_count] Memory snapshot — cache: 0.00 MB (type <class 'numpy.int64'>, N/A entries)
2026-08-02 19:10:45.577 INFO Calculating metric: reference_existence_per_statement_count_df
2026-08-02 19:14:25.050 INFO [reference_existence_per_statement_count_df] Memory snapshot — total: 6238.64 MB
  cache: 0.00 MB (N/A entries)
  cache_df: 6238.64 MB (51551214 entries)
2026-08-02 19:14:25.063 INFO Calculating metric: reference_completeness_df
2026-08-02 19:14:25.067 INFO [reference_completeness_df] Memory snapshot — cache: 0.00 MB (type <class 'numpy.float64'>, N/A entries)
2026-08-02 19:14:25.067 INFO Memory usage (end of timestep, peak): 20.00 GiB
2026-08-02 19:14:25.067 INFO Memory usage (end of timestep, current): 10.37 GiB
2026-08-02 19:14:25.067 INFO (Iteration 76) statement_count: real 0.03s | cpu 0.27s
2026-08-02 19:14:25.067 INFO (Iteration 76) reference_existence_per_statement_count_df: real 219.49s | cpu 220.98s
2026-08-02 19:14:25.067 INFO (Iteration 76) reference_completeness_df: real 0.00s | cpu 0.00s
2026-08-02 19:14:25.067 INFO Iteration 76 finished in 261.28s (real) and 238.30s (process)
2026-08-02 19:14:25.073 INFO Start timestep 2019-02-25 00:00:00+00:00 -> 2019-03-27 00:00:00+00:00
2026-08-02 19:15:50.161 INFO DuckDB memory logs:
  database_name database_size  block_size  ...  wal_size  memory_usage  memory_limit
0   postgres_db       6.2 TiB           0  ...   0 bytes       3.3 GiB      76.2 GiB
1        memory       0 bytes           0  ...   0 bytes       3.3 GiB      76.2 GiB

[2 rows x 9 columns]
2026-08-02 19:15:50.173 INFO Loading data (2019-02-25 00:00:00+00:00 -> 2019-03-27 00:00:00+00:00) done in 85.10s (real) and 34.38s (process)
2026-08-02 19:15:50.173 INFO Memory usage (start of timestep, peak): 20.00 GiB
2026-08-02 19:15:50.173 INFO Memory usage (start of timestep, current): 12.00 GiB
2026-08-02 19:15:50.174 INFO Calculating metrics
2026-08-02 19:15:50.174 INFO Calculating metric: statement_count
2026-08-02 19:15:50.212 INFO [statement_count] Memory snapshot — cache: 0.00 MB (type <class 'numpy.int64'>, N/A entries)
2026-08-02 19:15:50.212 INFO Calculating metric: reference_existence_per_statement_count_df
2026-08-02 19:20:27.166 INFO [reference_existence_per_statement_count_df] Memory snapshot — total: 6324.47 MB
  cache: 0.00 MB (N/A entries)
  cache_df: 6324.47 MB (52260426 entries)
2026-08-02 19:20:27.168 INFO Calculating metric: reference_completeness_df
2026-08-02 19:20:27.172 INFO [reference_completeness_df] Memory snapshot — cache: 0.00 MB (type <class 'numpy.float64'>, N/A entries)
2026-08-02 19:20:27.172 INFO Memory usage (end of timestep, peak): 20.00 GiB
2026-08-02 19:20:27.172 INFO Memory usage (end of timestep, current): 12.08 GiB
2026-08-02 19:20:27.172 INFO (Iteration 77) statement_count: real 0.04s | cpu 0.42s
2026-08-02 19:20:27.172 INFO (Iteration 77) reference_existence_per_statement_count_df: real 276.96s | cpu 279.56s
2026-08-02 19:20:27.172 INFO (Iteration 77) reference_completeness_df: real 0.00s | cpu 0.00s
2026-08-02 19:20:27.172 INFO Iteration 77 finished in 362.10s (real) and 314.35s (process)
2026-08-02 19:20:27.186 INFO Start timestep 2019-03-27 00:00:00+00:00 -> 2019-04-26 00:00:00+00:00
2026-08-02 19:21:18.529 INFO DuckDB memory logs:
  database_name database_size  block_size  ...  wal_size  memory_usage  memory_limit
0   postgres_db       6.2 TiB           0  ...   0 bytes       3.1 GiB      76.2 GiB
1        memory       0 bytes           0  ...   0 bytes       3.1 GiB      76.2 GiB

[2 rows x 9 columns]
2026-08-02 19:21:18.529 INFO Loading data (2019-03-27 00:00:00+00:00 -> 2019-04-26 00:00:00+00:00) done in 51.34s (real) and 29.42s (process)
2026-08-02 19:21:18.529 INFO Memory usage (start of timestep, peak): 20.00 GiB
2026-08-02 19:21:18.529 INFO Memory usage (start of timestep, current): 11.93 GiB
2026-08-02 19:21:18.529 INFO Calculating metrics
2026-08-02 19:21:18.529 INFO Calculating metric: statement_count
2026-08-02 19:21:18.565 INFO [statement_count] Memory snapshot — cache: 0.00 MB (type <class 'numpy.int64'>, N/A entries)
2026-08-02 19:21:18.565 INFO Calculating metric: reference_existence_per_statement_count_df
2026-08-02 19:26:12.610 INFO [reference_existence_per_statement_count_df] Memory snapshot — total: 6454.76 MB
  cache: 0.00 MB (N/A entries)
  cache_df: 6454.76 MB (53336438 entries)
2026-08-02 19:26:12.630 INFO Calculating metric: reference_completeness_df
2026-08-02 19:26:12.634 INFO [reference_completeness_df] Memory snapshot — cache: 0.00 MB (type <class 'numpy.float64'>, N/A entries)
2026-08-02 19:26:12.635 INFO Memory usage (end of timestep, peak): 20.00 GiB
2026-08-02 19:26:12.635 INFO Memory usage (end of timestep, current): 12.11 GiB
2026-08-02 19:26:12.635 INFO (Iteration 78) statement_count: real 0.04s | cpu 0.39s
2026-08-02 19:26:12.635 INFO (Iteration 78) reference_existence_per_statement_count_df: real 294.07s | cpu 297.06s
2026-08-02 19:26:12.635 INFO (Iteration 78) reference_completeness_df: real 0.00s | cpu 0.00s
2026-08-02 19:26:12.635 INFO Iteration 78 finished in 345.45s (real) and 326.87s (process)
2026-08-02 19:26:12.652 INFO Start timestep 2019-04-26 00:00:00+00:00 -> 2019-05-26 00:00:00+00:00
2026-08-02 19:26:53.212 INFO DuckDB memory logs:
  database_name database_size  block_size  ...  wal_size  memory_usage  memory_limit
0   postgres_db       6.2 TiB           0  ...   0 bytes       2.4 GiB      76.2 GiB
1        memory       0 bytes           0  ...   0 bytes       2.4 GiB      76.2 GiB

[2 rows x 9 columns]
2026-08-02 19:26:53.213 INFO Loading data (2019-04-26 00:00:00+00:00 -> 2019-05-26 00:00:00+00:00) done in 40.56s (real) and 30.32s (process)
2026-08-02 19:26:53.213 INFO Memory usage (start of timestep, peak): 20.00 GiB
2026-08-02 19:26:53.213 INFO Memory usage (start of timestep, current): 11.77 GiB
2026-08-02 19:26:53.213 INFO Calculating metrics
2026-08-02 19:26:53.213 INFO Calculating metric: statement_count
2026-08-02 19:26:53.245 INFO [statement_count] Memory snapshot — cache: 0.00 MB (type <class 'numpy.int64'>, N/A entries)
2026-08-02 19:26:53.245 INFO Calculating metric: reference_existence_per_statement_count_df
2026-08-02 19:30:32.880 INFO [reference_existence_per_statement_count_df] Memory snapshot — total: 6487.48 MB
  cache: 0.00 MB (N/A entries)
  cache_df: 6487.48 MB (53606858 entries)
2026-08-02 19:30:32.881 INFO Calculating metric: reference_completeness_df
2026-08-02 19:30:32.886 INFO [reference_completeness_df] Memory snapshot — cache: 0.00 MB (type <class 'numpy.float64'>, N/A entries)
2026-08-02 19:30:32.886 INFO Memory usage (end of timestep, peak): 20.00 GiB
2026-08-02 19:30:32.886 INFO Memory usage (end of timestep, current): 11.86 GiB
2026-08-02 19:30:32.886 INFO (Iteration 79) statement_count: real 0.03s | cpu 0.29s
2026-08-02 19:30:32.886 INFO (Iteration 79) reference_existence_per_statement_count_df: real 219.64s | cpu 222.02s
2026-08-02 19:30:32.886 INFO (Iteration 79) reference_completeness_df: real 0.00s | cpu 0.00s
2026-08-02 19:30:32.886 INFO Iteration 79 finished in 260.23s (real) and 252.64s (process)
2026-08-02 19:30:32.902 INFO Start timestep 2019-05-26 00:00:00+00:00 -> 2019-06-25 00:00:00+00:00
2026-08-02 19:30:56.271 INFO DuckDB memory logs:
  database_name database_size  block_size  ...  wal_size  memory_usage  memory_limit
0   postgres_db       6.2 TiB           0  ...   0 bytes       1.3 GiB      76.2 GiB
1        memory       0 bytes           0  ...   0 bytes       1.3 GiB      76.2 GiB

[2 rows x 9 columns]
2026-08-02 19:30:56.271 INFO Loading data (2019-05-26 00:00:00+00:00 -> 2019-06-25 00:00:00+00:00) done in 23.37s (real) and 18.06s (process)
2026-08-02 19:30:56.272 INFO Memory usage (start of timestep, peak): 20.00 GiB
2026-08-02 19:30:56.272 INFO Memory usage (start of timestep, current): 10.43 GiB
2026-08-02 19:30:56.272 INFO Calculating metrics
2026-08-02 19:30:56.272 INFO Calculating metric: statement_count
2026-08-02 19:30:56.309 INFO [statement_count] Memory snapshot — cache: 0.00 MB (type <class 'numpy.int64'>, N/A entries)
2026-08-02 19:30:56.309 INFO Calculating metric: reference_existence_per_statement_count_df
2026-08-02 19:34:41.097 INFO [reference_existence_per_statement_count_df] Memory snapshot — total: 6520.84 MB
  cache: 0.00 MB (N/A entries)
  cache_df: 6520.84 MB (53882770 entries)
2026-08-02 19:34:41.098 INFO Calculating metric: reference_completeness_df
2026-08-02 19:34:41.102 INFO [reference_completeness_df] Memory snapshot — cache: 0.00 MB (type <class 'numpy.float64'>, N/A entries)
2026-08-02 19:34:41.102 INFO Memory usage (end of timestep, peak): 20.00 GiB
2026-08-02 19:34:41.102 INFO Memory usage (end of timestep, current): 10.52 GiB
2026-08-02 19:34:41.102 INFO (Iteration 80) statement_count: real 0.04s | cpu 0.33s
2026-08-02 19:34:41.102 INFO (Iteration 80) reference_existence_per_statement_count_df: real 224.79s | cpu 226.26s
2026-08-02 19:34:41.102 INFO (Iteration 80) reference_completeness_df: real 0.00s | cpu 0.00s
2026-08-02 19:34:41.102 INFO Iteration 80 finished in 248.20s (real) and 244.65s (process)
2026-08-02 19:34:41.103 INFO Start timestep 2019-06-25 00:00:00+00:00 -> 2019-07-25 00:00:00+00:00
2026-08-02 19:36:04.399 INFO DuckDB memory logs:
  database_name database_size  block_size  ...  wal_size  memory_usage  memory_limit
0   postgres_db       6.2 TiB           0  ...   0 bytes       2.4 GiB      76.2 GiB
1        memory       0 bytes           0  ...   0 bytes       2.4 GiB      76.2 GiB

[2 rows x 9 columns]
2026-08-02 19:36:04.413 INFO Loading data (2019-06-25 00:00:00+00:00 -> 2019-07-25 00:00:00+00:00) done in 83.31s (real) and 28.79s (process)
2026-08-02 19:36:04.413 INFO Memory usage (start of timestep, peak): 20.00 GiB
2026-08-02 19:36:04.413 INFO Memory usage (start of timestep, current): 11.46 GiB
2026-08-02 19:36:04.413 INFO Calculating metrics
2026-08-02 19:36:04.414 INFO Calculating metric: statement_count
2026-08-02 19:36:04.455 INFO [statement_count] Memory snapshot — cache: 0.00 MB (type <class 'numpy.int64'>, N/A entries)
2026-08-02 19:36:04.455 INFO Calculating metric: reference_existence_per_statement_count_df
2026-08-02 19:40:12.842 INFO [reference_existence_per_statement_count_df] Memory snapshot — total: 6523.49 MB
  cache: 0.00 MB (N/A entries)
  cache_df: 6523.49 MB (53904887 entries)
2026-08-02 19:40:12.843 INFO Calculating metric: reference_completeness_df
2026-08-02 19:40:12.848 INFO [reference_completeness_df] Memory snapshot — cache: 0.00 MB (type <class 'numpy.float64'>, N/A entries)
2026-08-02 19:40:12.848 INFO Memory usage (end of timestep, peak): 20.00 GiB
2026-08-02 19:40:12.849 INFO Memory usage (end of timestep, current): 11.56 GiB
2026-08-02 19:40:12.849 INFO (Iteration 81) statement_count: real 0.04s | cpu 0.46s
2026-08-02 19:40:12.849 INFO (Iteration 81) reference_existence_per_statement_count_df: real 248.39s | cpu 251.16s
2026-08-02 19:40:12.849 INFO (Iteration 81) reference_completeness_df: real 0.01s | cpu 0.00s
2026-08-02 19:40:12.849 INFO Iteration 81 finished in 331.75s (real) and 280.41s (process)
2026-08-02 19:40:12.850 INFO Start timestep 2019-07-25 00:00:00+00:00 -> 2019-08-24 00:00:00+00:00
2026-08-02 19:40:36.861 INFO DuckDB memory logs:
  database_name database_size  block_size  ...  wal_size  memory_usage  memory_limit
0   postgres_db       6.2 TiB           0  ...   0 bytes       1.4 GiB      76.2 GiB
1        memory       0 bytes           0  ...   0 bytes       1.4 GiB      76.2 GiB

[2 rows x 9 columns]
2026-08-02 19:40:36.862 INFO Loading data (2019-07-25 00:00:00+00:00 -> 2019-08-24 00:00:00+00:00) done in 24.01s (real) and 13.81s (process)
2026-08-02 19:40:36.862 INFO Memory usage (start of timestep, peak): 20.00 GiB
2026-08-02 19:40:36.862 INFO Memory usage (start of timestep, current): 10.58 GiB
2026-08-02 19:40:36.862 INFO Calculating metrics
2026-08-02 19:40:36.862 INFO Calculating metric: statement_count
2026-08-02 19:40:36.898 INFO [statement_count] Memory snapshot — cache: 0.00 MB (type <class 'numpy.int64'>, N/A entries)
2026-08-02 19:40:36.899 INFO Calculating metric: reference_existence_per_statement_count_df
2026-08-02 19:44:41.429 INFO [reference_existence_per_statement_count_df] Memory snapshot — total: 6538.44 MB
  cache: 0.00 MB (N/A entries)
  cache_df: 6538.44 MB (54028803 entries)
2026-08-02 19:44:41.430 INFO Calculating metric: reference_completeness_df
2026-08-02 19:44:41.434 INFO [reference_completeness_df] Memory snapshot — cache: 0.00 MB (type <class 'numpy.float64'>, N/A entries)
2026-08-02 19:44:41.434 INFO Memory usage (end of timestep, peak): 20.00 GiB
2026-08-02 19:44:41.434 INFO Memory usage (end of timestep, current): 10.66 GiB
2026-08-02 19:44:41.434 INFO (Iteration 82) statement_count: real 0.04s | cpu 0.37s
2026-08-02 19:44:41.435 INFO (Iteration 82) reference_existence_per_statement_count_df: real 244.53s | cpu 246.36s
2026-08-02 19:44:41.435 INFO (Iteration 82) reference_completeness_df: real 0.00s | cpu 0.00s
2026-08-02 19:44:41.435 INFO Iteration 82 finished in 268.58s (real) and 260.54s (process)
2026-08-02 19:44:41.436 INFO Start timestep 2019-08-24 00:00:00+00:00 -> 2019-09-23 00:00:00+00:00
2026-08-02 19:46:20.153 INFO DuckDB memory logs:
  database_name database_size  block_size  ...  wal_size  memory_usage  memory_limit
0   postgres_db       6.2 TiB           0  ...   0 bytes       3.5 GiB      76.2 GiB
1        memory       0 bytes           0  ...   0 bytes       3.5 GiB      76.2 GiB

[2 rows x 9 columns]
2026-08-02 19:46:20.167 INFO Loading data (2019-08-24 00:00:00+00:00 -> 2019-09-23 00:00:00+00:00) done in 98.73s (real) and 41.00s (process)
2026-08-02 19:46:20.167 INFO Memory usage (start of timestep, peak): 20.00 GiB
2026-08-02 19:46:20.168 INFO Memory usage (start of timestep, current): 12.69 GiB
2026-08-02 19:46:20.168 INFO Calculating metrics
2026-08-02 19:46:20.168 INFO Calculating metric: statement_count
2026-08-02 19:46:20.206 INFO [statement_count] Memory snapshot — cache: 0.00 MB (type <class 'numpy.int64'>, N/A entries)
2026-08-02 19:46:20.207 INFO Calculating metric: reference_existence_per_statement_count_df
2026-08-02 19:51:20.995 INFO [reference_existence_per_statement_count_df] Memory snapshot — total: 6703.77 MB
  cache: 0.00 MB (N/A entries)
  cache_df: 6703.77 MB (55394211 entries)
2026-08-02 19:51:21.009 INFO Calculating metric: reference_completeness_df
2026-08-02 19:51:21.020 INFO [reference_completeness_df] Memory snapshot — cache: 0.00 MB (type <class 'numpy.float64'>, N/A entries)
2026-08-02 19:51:21.020 INFO Memory usage (end of timestep, peak): 20.00 GiB
2026-08-02 19:51:21.021 INFO Memory usage (end of timestep, current): 12.77 GiB
2026-08-02 19:51:21.021 INFO (Iteration 83) statement_count: real 0.04s | cpu 0.43s
2026-08-02 19:51:21.021 INFO (Iteration 83) reference_existence_per_statement_count_df: real 300.80s | cpu 304.00s
2026-08-02 19:51:21.021 INFO (Iteration 83) reference_completeness_df: real 0.01s | cpu 0.01s
2026-08-02 19:51:21.021 INFO Iteration 83 finished in 399.58s (real) and 345.44s (process)
2026-08-02 19:51:21.022 INFO Start timestep 2019-09-23 00:00:00+00:00 -> 2019-10-23 00:00:00+00:00
2026-08-02 19:57:34.779 INFO DuckDB memory logs:
  database_name database_size  block_size  ...  wal_size  memory_usage  memory_limit
0   postgres_db       6.2 TiB           0  ...   0 bytes       9.2 GiB      76.2 GiB
1        memory       0 bytes           0  ...   0 bytes       9.2 GiB      76.2 GiB

[2 rows x 9 columns]
2026-08-02 19:57:34.779 INFO Loading data (2019-09-23 00:00:00+00:00 -> 2019-10-23 00:00:00+00:00) done in 373.76s (real) and 120.70s (process)
2026-08-02 19:57:34.780 INFO Memory usage (start of timestep, peak): 20.00 GiB
2026-08-02 19:57:34.780 INFO Memory usage (start of timestep, current): 18.34 GiB
2026-08-02 19:57:34.780 INFO Calculating metrics
2026-08-02 19:57:34.780 INFO Calculating metric: statement_count
2026-08-02 19:57:34.836 INFO [statement_count] Memory snapshot — cache: 0.00 MB (type <class 'numpy.int64'>, N/A entries)
2026-08-02 19:57:34.836 INFO Calculating metric: reference_existence_per_statement_count_df
2026-08-02 20:01:50.206 INFO [reference_existence_per_statement_count_df] Memory snapshot — total: 7174.99 MB
  cache: 0.00 MB (N/A entries)
  cache_df: 7174.99 MB (59285343 entries)
2026-08-02 20:01:50.207 INFO Calculating metric: reference_completeness_df
2026-08-02 20:01:50.211 INFO [reference_completeness_df] Memory snapshot — cache: 0.00 MB (type <class 'numpy.float64'>, N/A entries)
2026-08-02 20:01:50.212 INFO Memory usage (end of timestep, peak): 23.92 GiB
2026-08-02 20:01:50.212 INFO Memory usage (end of timestep, current): 18.97 GiB
2026-08-02 20:01:50.212 INFO (Iteration 84) statement_count: real 0.06s | cpu 0.72s
2026-08-02 20:01:50.212 INFO (Iteration 84) reference_existence_per_statement_count_df: real 255.37s | cpu 262.31s
2026-08-02 20:01:50.212 INFO (Iteration 84) reference_completeness_df: real 0.00s | cpu 0.00s
2026-08-02 20:01:50.212 INFO Iteration 84 finished in 629.19s (real) and 383.73s (process)
2026-08-02 20:01:50.225 INFO Start timestep 2019-10-23 00:00:00+00:00 -> 2019-11-22 00:00:00+00:00
2026-08-02 20:07:50.827 INFO DuckDB memory logs:
  database_name database_size  block_size  ...  wal_size  memory_usage  memory_limit
0   postgres_db       6.2 TiB           0  ...   0 bytes       8.7 GiB      76.2 GiB
1        memory       0 bytes           0  ...   0 bytes       8.7 GiB      76.2 GiB

[2 rows x 9 columns]
2026-08-02 20:07:50.840 INFO Loading data (2019-10-23 00:00:00+00:00 -> 2019-11-22 00:00:00+00:00) done in 360.61s (real) and 113.31s (process)
2026-08-02 20:07:50.841 INFO Memory usage (start of timestep, peak): 23.92 GiB
2026-08-02 20:07:50.841 INFO Memory usage (start of timestep, current): 18.48 GiB
2026-08-02 20:07:50.841 INFO Calculating metrics
2026-08-02 20:07:50.841 INFO Calculating metric: statement_count
2026-08-02 20:07:50.901 INFO [statement_count] Memory snapshot — cache: 0.00 MB (type <class 'numpy.int64'>, N/A entries)
2026-08-02 20:07:50.901 INFO Calculating metric: reference_existence_per_statement_count_df
2026-08-02 20:12:22.368 INFO [reference_existence_per_statement_count_df] Memory snapshot — total: 7654.42 MB
  cache: 0.00 MB (N/A entries)
  cache_df: 7654.42 MB (63244151 entries)
2026-08-02 20:12:22.369 INFO Calculating metric: reference_completeness_df
2026-08-02 20:12:22.374 INFO [reference_completeness_df] Memory snapshot — cache: 0.00 MB (type <class 'numpy.float64'>, N/A entries)
2026-08-02 20:12:22.374 INFO Memory usage (end of timestep, peak): 24.31 GiB
2026-08-02 20:12:22.374 INFO Memory usage (end of timestep, current): 19.07 GiB
2026-08-02 20:12:22.374 INFO (Iteration 85) statement_count: real 0.06s | cpu 0.76s
2026-08-02 20:12:22.374 INFO (Iteration 85) reference_existence_per_statement_count_df: real 271.47s | cpu 278.57s
2026-08-02 20:12:22.374 INFO (Iteration 85) reference_completeness_df: real 0.00s | cpu 0.00s
2026-08-02 20:12:22.374 INFO Iteration 85 finished in 632.15s (real) and 392.64s (process)
2026-08-02 20:12:22.379 INFO Start timestep 2019-11-22 00:00:00+00:00 -> 2019-12-22 00:00:00+00:00
2026-08-02 20:14:01.309 INFO DuckDB memory logs:
  database_name database_size  block_size  ...  wal_size  memory_usage  memory_limit
0   postgres_db       6.2 TiB           0  ...   0 bytes       5.9 GiB      76.2 GiB
1        memory       0 bytes           0  ...   0 bytes       5.9 GiB      76.2 GiB

[2 rows x 9 columns]
2026-08-02 20:14:01.324 INFO Loading data (2019-11-22 00:00:00+00:00 -> 2019-12-22 00:00:00+00:00) done in 98.95s (real) and 60.39s (process)
2026-08-02 20:14:01.325 INFO Memory usage (start of timestep, peak): 24.31 GiB
2026-08-02 20:14:01.325 INFO Memory usage (start of timestep, current): 16.23 GiB
2026-08-02 20:14:01.325 INFO Calculating metrics
2026-08-02 20:14:01.325 INFO Calculating metric: statement_count
2026-08-02 20:14:01.386 INFO [statement_count] Memory snapshot — cache: 0.00 MB (type <class 'numpy.int64'>, N/A entries)
2026-08-02 20:14:01.386 INFO Calculating metric: reference_existence_per_statement_count_df
2026-08-02 20:18:42.721 INFO [reference_existence_per_statement_count_df] Memory snapshot — total: 8117.62 MB
  cache: 0.00 MB (N/A entries)
  cache_df: 8117.62 MB (67068869 entries)
2026-08-02 20:18:42.722 INFO Calculating metric: reference_completeness_df
2026-08-02 20:18:42.726 INFO [reference_completeness_df] Memory snapshot — cache: 0.00 MB (type <class 'numpy.float64'>, N/A entries)
2026-08-02 20:18:42.726 INFO Memory usage (end of timestep, peak): 24.31 GiB
2026-08-02 20:18:42.726 INFO Memory usage (end of timestep, current): 17.01 GiB
2026-08-02 20:18:42.726 INFO (Iteration 86) statement_count: real 0.06s | cpu 0.79s
2026-08-02 20:18:42.726 INFO (Iteration 86) reference_existence_per_statement_count_df: real 281.34s | cpu 287.11s
2026-08-02 20:18:42.726 INFO (Iteration 86) reference_completeness_df: real 0.00s | cpu 0.00s
2026-08-02 20:18:42.726 INFO Iteration 86 finished in 380.35s (real) and 348.29s (process)
2026-08-02 20:18:42.747 INFO Start timestep 2019-12-22 00:00:00+00:00 -> 2020-01-21 00:00:00+00:00
2026-08-02 20:23:33.851 INFO DuckDB memory logs:
  database_name database_size  block_size  ...  wal_size  memory_usage  memory_limit
0   postgres_db       6.2 TiB           0  ...   0 bytes       8.6 GiB      76.2 GiB
1        memory       0 bytes           0  ...   0 bytes       8.6 GiB      76.2 GiB

[2 rows x 9 columns]
2026-08-02 20:23:33.852 INFO Loading data (2019-12-22 00:00:00+00:00 -> 2020-01-21 00:00:00+00:00) done in 291.10s (real) and 126.18s (process)
2026-08-02 20:23:33.852 INFO Memory usage (start of timestep, peak): 24.31 GiB
2026-08-02 20:23:33.852 INFO Memory usage (start of timestep, current): 19.66 GiB
2026-08-02 20:23:33.852 INFO Calculating metrics
2026-08-02 20:23:33.853 INFO Calculating metric: statement_count
2026-08-02 20:23:33.914 INFO [statement_count] Memory snapshot — cache: 0.00 MB (type <class 'numpy.int64'>, N/A entries)
2026-08-02 20:23:33.915 INFO Calculating metric: reference_existence_per_statement_count_df
2026-08-02 20:28:34.700 INFO [reference_existence_per_statement_count_df] Memory snapshot — total: 8600.95 MB
  cache: 0.00 MB (N/A entries)
  cache_df: 8600.95 MB (71059748 entries)
2026-08-02 20:28:34.713 INFO Calculating metric: reference_completeness_df
2026-08-02 20:28:34.721 INFO [reference_completeness_df] Memory snapshot — cache: 0.00 MB (type <class 'numpy.float64'>, N/A entries)
2026-08-02 20:28:34.722 INFO Memory usage (end of timestep, peak): 25.91 GiB
2026-08-02 20:28:34.722 INFO Memory usage (end of timestep, current): 20.37 GiB
2026-08-02 20:28:34.722 INFO (Iteration 87) statement_count: real 0.06s | cpu 0.79s
2026-08-02 20:28:34.722 INFO (Iteration 87) reference_existence_per_statement_count_df: real 300.80s | cpu 308.19s
2026-08-02 20:28:34.722 INFO (Iteration 87) reference_completeness_df: real 0.01s | cpu 0.01s
2026-08-02 20:28:34.722 INFO Iteration 87 finished in 591.98s (real) and 435.16s (process)
2026-08-02 20:28:34.737 INFO Start timestep 2020-01-21 00:00:00+00:00 -> 2020-02-20 00:00:00+00:00
2026-08-02 20:32:29.079 INFO DuckDB memory logs:
  database_name database_size  block_size  ...  wal_size  memory_usage  memory_limit
0   postgres_db       6.2 TiB           0  ...   0 bytes       6.0 GiB      76.2 GiB
1        memory       0 bytes           0  ...   0 bytes       6.0 GiB      76.2 GiB

[2 rows x 9 columns]
2026-08-02 20:32:29.080 INFO Loading data (2020-01-21 00:00:00+00:00 -> 2020-02-20 00:00:00+00:00) done in 234.34s (real) and 77.47s (process)
2026-08-02 20:32:29.080 INFO Memory usage (start of timestep, peak): 25.91 GiB
2026-08-02 20:32:29.080 INFO Memory usage (start of timestep, current): 17.72 GiB
2026-08-02 20:32:29.080 INFO Calculating metrics
2026-08-02 20:32:29.081 INFO Calculating metric: statement_count
2026-08-02 20:32:29.138 INFO [statement_count] Memory snapshot — cache: 0.00 MB (type <class 'numpy.int64'>, N/A entries)
2026-08-02 20:32:29.138 INFO Calculating metric: reference_existence_per_statement_count_df
2026-08-02 20:39:30.389 INFO [reference_existence_per_statement_count_df] Memory snapshot — total: 8942.73 MB
  cache: 0.00 MB (N/A entries)
  cache_df: 8942.73 MB (73881780 entries)
2026-08-02 20:39:30.393 INFO Calculating metric: reference_completeness_df
2026-08-02 20:39:30.399 INFO [reference_completeness_df] Memory snapshot — cache: 0.00 MB (type <class 'numpy.float64'>, N/A entries)
2026-08-02 20:39:30.399 INFO Memory usage (end of timestep, peak): 25.91 GiB
2026-08-02 20:39:30.399 INFO Memory usage (end of timestep, current): 18.21 GiB
2026-08-02 20:39:30.399 INFO (Iteration 88) statement_count: real 0.06s | cpu 0.77s
2026-08-02 20:39:30.399 INFO (Iteration 88) reference_existence_per_statement_count_df: real 421.25s | cpu 427.58s
2026-08-02 20:39:30.399 INFO (Iteration 88) reference_completeness_df: real 0.01s | cpu 0.00s
2026-08-02 20:39:30.399 INFO Iteration 88 finished in 655.66s (real) and 505.82s (process)
2026-08-02 20:39:30.402 INFO Start timestep 2020-02-20 00:00:00+00:00 -> 2020-03-21 00:00:00+00:00
2026-08-02 20:41:43.368 INFO DuckDB memory logs:
  database_name database_size  block_size  ...  wal_size  memory_usage  memory_limit
0   postgres_db       6.2 TiB           0  ...   0 bytes       7.3 GiB      76.2 GiB
1        memory       0 bytes           0  ...   0 bytes       7.3 GiB      76.2 GiB

[2 rows x 9 columns]
2026-08-02 20:41:43.374 INFO Loading data (2020-02-20 00:00:00+00:00 -> 2020-03-21 00:00:00+00:00) done in 132.97s (real) and 76.00s (process)
2026-08-02 20:41:43.374 INFO Memory usage (start of timestep, peak): 25.91 GiB
2026-08-02 20:41:43.374 INFO Memory usage (start of timestep, current): 19.47 GiB
2026-08-02 20:41:43.374 INFO Calculating metrics
2026-08-02 20:41:43.374 INFO Calculating metric: statement_count
2026-08-02 20:41:43.440 INFO [statement_count] Memory snapshot — cache: 0.00 MB (type <class 'numpy.int64'>, N/A entries)
2026-08-02 20:41:43.441 INFO Calculating metric: reference_existence_per_statement_count_df
2026-08-02 20:47:22.148 INFO [reference_existence_per_statement_count_df] Memory snapshot — total: 9310.79 MB
  cache: 0.00 MB (N/A entries)
  cache_df: 9310.79 MB (76921361 entries)
2026-08-02 20:47:22.149 INFO Calculating metric: reference_completeness_df
2026-08-02 20:47:22.154 INFO [reference_completeness_df] Memory snapshot — cache: 0.00 MB (type <class 'numpy.float64'>, N/A entries)
2026-08-02 20:47:22.154 INFO Memory usage (end of timestep, peak): 25.91 GiB
2026-08-02 20:47:22.154 INFO Memory usage (end of timestep, current): 20.10 GiB
2026-08-02 20:47:22.154 INFO (Iteration 89) statement_count: real 0.07s | cpu 0.70s
2026-08-02 20:47:22.154 INFO (Iteration 89) reference_existence_per_statement_count_df: real 338.71s | cpu 345.07s
2026-08-02 20:47:22.154 INFO (Iteration 89) reference_completeness_df: real 0.00s | cpu 0.00s
2026-08-02 20:47:22.154 INFO Iteration 89 finished in 471.75s (real) and 421.77s (process)
2026-08-02 20:47:22.155 INFO Start timestep 2020-03-21 00:00:00+00:00 -> 2020-04-20 00:00:00+00:00
2026-08-02 20:51:45.011 INFO DuckDB memory logs:
  database_name database_size  block_size  ...  wal_size  memory_usage  memory_limit
0   postgres_db       6.2 TiB           0  ...   0 bytes       7.2 GiB      76.2 GiB
1        memory       0 bytes           0  ...   0 bytes       7.2 GiB      76.2 GiB

[2 rows x 9 columns]
2026-08-02 20:51:45.011 INFO Loading data (2020-03-21 00:00:00+00:00 -> 2020-04-20 00:00:00+00:00) done in 262.86s (real) and 88.18s (process)
2026-08-02 20:51:45.011 INFO Memory usage (start of timestep, peak): 25.91 GiB
2026-08-02 20:51:45.012 INFO Memory usage (start of timestep, current): 19.92 GiB
2026-08-02 20:51:45.012 INFO Calculating metrics
2026-08-02 20:51:45.012 INFO Calculating metric: statement_count
2026-08-02 20:51:45.073 INFO [statement_count] Memory snapshot — cache: 0.00 MB (type <class 'numpy.int64'>, N/A entries)
2026-08-02 20:51:45.073 INFO Calculating metric: reference_existence_per_statement_count_df
2026-08-02 20:57:26.507 INFO [reference_existence_per_statement_count_df] Memory snapshot — total: 9780.55 MB
  cache: 0.00 MB (N/A entries)
  cache_df: 9780.55 MB (80800698 entries)
2026-08-02 20:57:26.523 INFO Calculating metric: reference_completeness_df
2026-08-02 20:57:26.532 INFO [reference_completeness_df] Memory snapshot — cache: 0.00 MB (type <class 'numpy.float64'>, N/A entries)
2026-08-02 20:57:26.532 INFO Memory usage (end of timestep, peak): 26.46 GiB
2026-08-02 20:57:26.533 INFO Memory usage (end of timestep, current): 20.24 GiB
2026-08-02 20:57:26.533 INFO (Iteration 90) statement_count: real 0.06s | cpu 0.73s
2026-08-02 20:57:26.533 INFO (Iteration 90) reference_existence_per_statement_count_df: real 341.45s | cpu 347.33s
2026-08-02 20:57:26.533 INFO (Iteration 90) reference_completeness_df: real 0.01s | cpu 0.01s
2026-08-02 20:57:26.533 INFO Iteration 90 finished in 604.38s (real) and 436.24s (process)
2026-08-02 20:57:26.547 INFO Start timestep 2020-04-20 00:00:00+00:00 -> 2020-05-20 00:00:00+00:00
2026-08-02 21:02:04.133 INFO DuckDB memory logs:
  database_name database_size  block_size  ...  wal_size  memory_usage  memory_limit
0   postgres_db       6.2 TiB           0  ...   0 bytes       8.1 GiB      76.2 GiB
1        memory       0 bytes           0  ...   0 bytes       8.1 GiB      76.2 GiB

[2 rows x 9 columns]
2026-08-02 21:02:04.148 INFO Loading data (2020-04-20 00:00:00+00:00 -> 2020-05-20 00:00:00+00:00) done in 277.60s (real) and 334.00s (process)
2026-08-02 21:02:04.148 INFO Memory usage (start of timestep, peak): 26.46 GiB
2026-08-02 21:02:04.149 INFO Memory usage (start of timestep, current): 23.99 GiB
2026-08-02 21:02:04.149 INFO Calculating metrics
2026-08-02 21:02:04.149 INFO Calculating metric: statement_count
2026-08-02 21:02:04.222 INFO [statement_count] Memory snapshot — cache: 0.00 MB (type <class 'numpy.int64'>, N/A entries)
2026-08-02 21:02:04.222 INFO Calculating metric: reference_existence_per_statement_count_df
2026-08-02 21:07:41.061 INFO [reference_existence_per_statement_count_df] Memory snapshot — total: 10320.08 MB
  cache: 0.00 MB (N/A entries)
  cache_df: 10320.08 MB (85255730 entries)
2026-08-02 21:07:41.061 INFO Calculating metric: reference_completeness_df
2026-08-02 21:07:41.067 INFO [reference_completeness_df] Memory snapshot — cache: 0.00 MB (type <class 'numpy.float64'>, N/A entries)
2026-08-02 21:07:41.067 INFO Memory usage (end of timestep, peak): 28.13 GiB
2026-08-02 21:07:41.067 INFO Memory usage (end of timestep, current): 21.65 GiB
2026-08-02 21:07:41.068 INFO (Iteration 91) statement_count: real 0.07s | cpu 0.97s
2026-08-02 21:07:41.068 INFO (Iteration 91) reference_existence_per_statement_count_df: real 336.84s | cpu 343.67s
2026-08-02 21:07:41.068 INFO (Iteration 91) reference_completeness_df: real 0.01s | cpu 0.00s
2026-08-02 21:07:41.068 INFO Iteration 91 finished in 614.52s (real) and 678.63s (process)
2026-08-02 21:07:41.069 INFO Start timestep 2020-05-20 00:00:00+00:00 -> 2020-06-19 00:00:00+00:00
2026-08-02 21:10:28.803 INFO DuckDB memory logs:
  database_name database_size  block_size  ...  wal_size  memory_usage  memory_limit
0   postgres_db       6.2 TiB           0  ...   0 bytes       4.6 GiB      76.2 GiB
1        memory       0 bytes           0  ...   0 bytes       4.6 GiB      76.2 GiB

[2 rows x 9 columns]
2026-08-02 21:10:28.815 INFO Loading data (2020-05-20 00:00:00+00:00 -> 2020-06-19 00:00:00+00:00) done in 167.75s (real) and 52.72s (process)
2026-08-02 21:10:28.815 INFO Memory usage (start of timestep, peak): 28.13 GiB
2026-08-02 21:10:28.816 INFO Memory usage (start of timestep, current): 18.20 GiB
2026-08-02 21:10:28.816 INFO Calculating metrics
2026-08-02 21:10:28.816 INFO Calculating metric: statement_count
2026-08-02 21:10:28.859 INFO [statement_count] Memory snapshot — cache: 0.00 MB (type <class 'numpy.int64'>, N/A entries)
2026-08-02 21:10:28.860 INFO Calculating metric: reference_existence_per_statement_count_df
2026-08-02 21:16:08.631 INFO [reference_existence_per_statement_count_df] Memory snapshot — total: 10450.37 MB
  cache: 0.00 MB (N/A entries)
  cache_df: 10450.37 MB (86331723 entries)
2026-08-02 21:16:08.643 INFO Calculating metric: reference_completeness_df
2026-08-02 21:16:08.653 INFO [reference_completeness_df] Memory snapshot — cache: 0.00 MB (type <class 'numpy.float64'>, N/A entries)
2026-08-02 21:16:08.653 INFO Memory usage (end of timestep, peak): 28.13 GiB
2026-08-02 21:16:08.654 INFO Memory usage (end of timestep, current): 18.68 GiB
2026-08-02 21:16:08.654 INFO (Iteration 92) statement_count: real 0.04s | cpu 0.48s
2026-08-02 21:16:08.654 INFO (Iteration 92) reference_existence_per_statement_count_df: real 339.78s | cpu 342.86s
2026-08-02 21:16:08.654 INFO (Iteration 92) reference_completeness_df: real 0.01s | cpu 0.01s
2026-08-02 21:16:08.654 INFO Iteration 92 finished in 507.58s (real) and 396.06s (process)
2026-08-02 21:16:08.657 INFO Start timestep 2020-06-19 00:00:00+00:00 -> 2020-07-19 00:00:00+00:00
2026-08-02 21:16:52.077 INFO DuckDB memory logs:
  database_name database_size  block_size  ...  wal_size  memory_usage  memory_limit
0   postgres_db       6.2 TiB           0  ...   0 bytes       1.5 GiB      76.2 GiB
1        memory       0 bytes           0  ...   0 bytes       1.5 GiB      76.2 GiB

[2 rows x 9 columns]
2026-08-02 21:16:52.077 INFO Loading data (2020-06-19 00:00:00+00:00 -> 2020-07-19 00:00:00+00:00) done in 43.42s (real) and 55.54s (process)
2026-08-02 21:16:52.078 INFO Memory usage (start of timestep, peak): 28.13 GiB
2026-08-02 21:16:52.078 INFO Memory usage (start of timestep, current): 17.57 GiB
2026-08-02 21:16:52.078 INFO Calculating metrics
2026-08-02 21:16:52.078 INFO Calculating metric: statement_count
2026-08-02 21:16:52.114 INFO [statement_count] Memory snapshot — cache: 0.00 MB (type <class 'numpy.int64'>, N/A entries)
2026-08-02 21:16:52.115 INFO Calculating metric: reference_existence_per_statement_count_df
2026-08-02 21:22:24.650 INFO [reference_existence_per_statement_count_df] Memory snapshot — total: 10531.86 MB
  cache: 0.00 MB (N/A entries)
  cache_df: 10531.86 MB (87004789 entries)
2026-08-02 21:22:24.663 INFO Calculating metric: reference_completeness_df
2026-08-02 21:22:24.673 INFO [reference_completeness_df] Memory snapshot — cache: 0.00 MB (type <class 'numpy.float64'>, N/A entries)
2026-08-02 21:22:24.673 INFO Memory usage (end of timestep, peak): 28.13 GiB
2026-08-02 21:22:24.674 INFO Memory usage (end of timestep, current): 17.93 GiB
2026-08-02 21:22:24.674 INFO (Iteration 93) statement_count: real 0.04s | cpu 0.33s
2026-08-02 21:22:24.674 INFO (Iteration 93) reference_existence_per_statement_count_df: real 332.55s | cpu 333.94s
2026-08-02 21:22:24.674 INFO (Iteration 93) reference_completeness_df: real 0.01s | cpu 0.01s
2026-08-02 21:22:24.674 INFO Iteration 93 finished in 376.02s (real) and 389.82s (process)
2026-08-02 21:22:24.675 INFO Start timestep 2020-07-19 00:00:00+00:00 -> 2020-08-18 00:00:00+00:00
2026-08-02 21:23:36.993 INFO DuckDB memory logs:
  database_name database_size  block_size  ...  wal_size  memory_usage  memory_limit
0   postgres_db       6.2 TiB           0  ...   0 bytes       2.0 GiB      76.2 GiB
1        memory       0 bytes           0  ...   0 bytes       2.0 GiB      76.2 GiB

[2 rows x 9 columns]
2026-08-02 21:23:37.007 INFO Loading data (2020-07-19 00:00:00+00:00 -> 2020-08-18 00:00:00+00:00) done in 72.33s (real) and 23.41s (process)
2026-08-02 21:23:37.007 INFO Memory usage (start of timestep, peak): 28.13 GiB
2026-08-02 21:23:37.008 INFO Memory usage (start of timestep, current): 16.55 GiB
2026-08-02 21:23:37.008 INFO Calculating metrics
2026-08-02 21:23:37.008 INFO Calculating metric: statement_count
2026-08-02 21:23:37.049 INFO [statement_count] Memory snapshot — cache: 0.00 MB (type <class 'numpy.int64'>, N/A entries)
2026-08-02 21:23:37.049 INFO Calculating metric: reference_existence_per_statement_count_df
2026-08-02 21:29:24.313 INFO [reference_existence_per_statement_count_df] Memory snapshot — total: 10606.58 MB
  cache: 0.00 MB (N/A entries)
  cache_df: 10606.58 MB (87622201 entries)
2026-08-02 21:29:24.326 INFO Calculating metric: reference_completeness_df
2026-08-02 21:29:24.336 INFO [reference_completeness_df] Memory snapshot — cache: 0.00 MB (type <class 'numpy.float64'>, N/A entries)
2026-08-02 21:29:24.336 INFO Memory usage (end of timestep, peak): 28.13 GiB
2026-08-02 21:29:24.337 INFO Memory usage (end of timestep, current): 16.77 GiB
2026-08-02 21:29:24.337 INFO (Iteration 94) statement_count: real 0.04s | cpu 0.42s
2026-08-02 21:29:24.337 INFO (Iteration 94) reference_existence_per_statement_count_df: real 347.28s | cpu 349.23s
2026-08-02 21:29:24.337 INFO (Iteration 94) reference_completeness_df: real 0.01s | cpu 0.01s
2026-08-02 21:29:24.337 INFO Iteration 94 finished in 419.66s (real) and 373.08s (process)
2026-08-02 21:29:24.339 INFO Start timestep 2020-08-18 00:00:00+00:00 -> 2020-09-17 00:00:00+00:00
2026-08-02 21:30:07.936 INFO DuckDB memory logs:
  database_name database_size  block_size  ...  wal_size  memory_usage  memory_limit
0   postgres_db       6.2 TiB           0  ...   0 bytes       1.3 GiB      76.2 GiB
1        memory       0 bytes           0  ...   0 bytes       1.3 GiB      76.2 GiB

[2 rows x 9 columns]
2026-08-02 21:30:07.936 INFO Loading data (2020-08-18 00:00:00+00:00 -> 2020-09-17 00:00:00+00:00) done in 43.60s (real) and 14.78s (process)
2026-08-02 21:30:07.936 INFO Memory usage (start of timestep, peak): 28.13 GiB
2026-08-02 21:30:07.937 INFO Memory usage (start of timestep, current): 16.03 GiB
2026-08-02 21:30:07.937 INFO Calculating metrics
2026-08-02 21:30:07.937 INFO Calculating metric: statement_count
2026-08-02 21:30:07.983 INFO [statement_count] Memory snapshot — cache: 0.00 MB (type <class 'numpy.int64'>, N/A entries)
2026-08-02 21:30:07.984 INFO Calculating metric: reference_existence_per_statement_count_df
2026-08-02 21:36:15.978 INFO [reference_existence_per_statement_count_df] Memory snapshot — total: 10670.23 MB
  cache: 0.00 MB (N/A entries)
  cache_df: 10670.23 MB (88147976 entries)
2026-08-02 21:36:15.992 INFO Calculating metric: reference_completeness_df
2026-08-02 21:36:16.007 INFO [reference_completeness_df] Memory snapshot — cache: 0.00 MB (type <class 'numpy.float64'>, N/A entries)
2026-08-02 21:36:16.008 INFO Memory usage (end of timestep, peak): 28.13 GiB
2026-08-02 21:36:16.008 INFO Memory usage (end of timestep, current): 16.13 GiB
2026-08-02 21:36:16.008 INFO (Iteration 95) statement_count: real 0.05s | cpu 0.29s
2026-08-02 21:36:16.009 INFO (Iteration 95) reference_existence_per_statement_count_df: real 368.01s | cpu 369.34s
2026-08-02 21:36:16.009 INFO (Iteration 95) reference_completeness_df: real 0.02s | cpu 0.01s
2026-08-02 21:36:16.009 INFO Iteration 95 finished in 411.67s (real) and 384.42s (process)
2026-08-02 21:36:16.026 INFO Start timestep 2020-09-17 00:00:00+00:00 -> 2020-10-17 00:00:00+00:00
2026-08-02 21:36:37.494 INFO DuckDB memory logs:
  database_name database_size  block_size  ...  wal_size  memory_usage  memory_limit
0   postgres_db       6.2 TiB           0  ...   0 bytes       1.3 GiB      76.2 GiB
1        memory       0 bytes           0  ...   0 bytes       1.3 GiB      76.2 GiB

[2 rows x 9 columns]
2026-08-02 21:36:37.494 INFO Loading data (2020-09-17 00:00:00+00:00 -> 2020-10-17 00:00:00+00:00) done in 21.47s (real) and 23.17s (process)
2026-08-02 21:36:37.495 INFO Memory usage (start of timestep, peak): 28.13 GiB
2026-08-02 21:36:37.495 INFO Memory usage (start of timestep, current): 16.09 GiB
2026-08-02 21:36:37.495 INFO Calculating metrics
2026-08-02 21:36:37.495 INFO Calculating metric: statement_count
2026-08-02 21:36:37.528 INFO [statement_count] Memory snapshot — cache: 0.00 MB (type <class 'numpy.int64'>, N/A entries)
2026-08-02 21:36:37.528 INFO Calculating metric: reference_existence_per_statement_count_df
2026-08-02 21:42:32.618 INFO [reference_existence_per_statement_count_df] Memory snapshot — total: 10729.11 MB
  cache: 0.00 MB (N/A entries)
  cache_df: 10729.11 MB (88633281 entries)
2026-08-02 21:42:32.631 INFO Calculating metric: reference_completeness_df
2026-08-02 21:42:32.638 INFO [reference_completeness_df] Memory snapshot — cache: 0.00 MB (type <class 'numpy.float64'>, N/A entries)
2026-08-02 21:42:32.638 INFO Memory usage (end of timestep, peak): 28.13 GiB
2026-08-02 21:42:32.638 INFO Memory usage (end of timestep, current): 16.19 GiB
2026-08-02 21:42:32.638 INFO (Iteration 96) statement_count: real 0.03s | cpu 0.28s
2026-08-02 21:42:32.638 INFO (Iteration 96) reference_existence_per_statement_count_df: real 355.10s | cpu 356.33s
2026-08-02 21:42:32.638 INFO (Iteration 96) reference_completeness_df: real 0.01s | cpu 0.00s
2026-08-02 21:42:32.638 INFO Iteration 96 finished in 376.61s (real) and 379.79s (process)
2026-08-02 21:42:32.656 INFO Start timestep 2020-10-17 00:00:00+00:00 -> 2020-11-16 00:00:00+00:00
2026-08-02 21:43:12.495 INFO DuckDB memory logs:
  database_name database_size  block_size  ...  wal_size  memory_usage  memory_limit
0   postgres_db       6.2 TiB           0  ...   0 bytes       1.4 GiB      76.2 GiB
1        memory       0 bytes           0  ...   0 bytes       1.4 GiB      76.2 GiB

[2 rows x 9 columns]
2026-08-02 21:43:12.495 INFO Loading data (2020-10-17 00:00:00+00:00 -> 2020-11-16 00:00:00+00:00) done in 39.84s (real) and 14.72s (process)
2026-08-02 21:43:12.495 INFO Memory usage (start of timestep, peak): 28.13 GiB
2026-08-02 21:43:12.496 INFO Memory usage (start of timestep, current): 16.26 GiB
2026-08-02 21:43:12.496 INFO Calculating metrics
2026-08-02 21:43:12.496 INFO Calculating metric: statement_count
2026-08-02 21:43:12.527 INFO [statement_count] Memory snapshot — cache: 0.00 MB (type <class 'numpy.int64'>, N/A entries)
2026-08-02 21:43:12.527 INFO Calculating metric: reference_existence_per_statement_count_df
2026-08-02 21:49:09.341 INFO [reference_existence_per_statement_count_df] Memory snapshot — total: 10788.61 MB
  cache: 0.00 MB (N/A entries)
  cache_df: 10788.61 MB (89121499 entries)
2026-08-02 21:49:09.359 INFO Calculating metric: reference_completeness_df
2026-08-02 21:49:09.365 INFO [reference_completeness_df] Memory snapshot — cache: 0.00 MB (type <class 'numpy.float64'>, N/A entries)
2026-08-02 21:49:09.366 INFO Memory usage (end of timestep, peak): 28.13 GiB
2026-08-02 21:49:09.366 INFO Memory usage (end of timestep, current): 16.33 GiB
2026-08-02 21:49:09.366 INFO (Iteration 97) statement_count: real 0.03s | cpu 0.25s
2026-08-02 21:49:09.366 INFO (Iteration 97) reference_existence_per_statement_count_df: real 356.83s | cpu 358.10s
2026-08-02 21:49:09.366 INFO (Iteration 97) reference_completeness_df: real 0.01s | cpu 0.00s
2026-08-02 21:49:09.366 INFO Iteration 97 finished in 396.71s (real) and 373.09s (process)
2026-08-02 21:49:09.368 INFO Start timestep 2020-11-16 00:00:00+00:00 -> 2020-12-16 00:00:00+00:00
2026-08-02 21:49:40.621 INFO DuckDB memory logs:
  database_name database_size  block_size  ...  wal_size  memory_usage  memory_limit
0   postgres_db       6.2 TiB           0  ...   0 bytes       1.4 GiB      76.2 GiB
1        memory       0 bytes           0  ...   0 bytes       1.4 GiB      76.2 GiB

[2 rows x 9 columns]
2026-08-02 21:49:40.621 INFO Loading data (2020-11-16 00:00:00+00:00 -> 2020-12-16 00:00:00+00:00) done in 31.25s (real) and 19.37s (process)
2026-08-02 21:49:40.622 INFO Memory usage (start of timestep, peak): 28.13 GiB
2026-08-02 21:49:40.622 INFO Memory usage (start of timestep, current): 16.32 GiB
2026-08-02 21:49:40.622 INFO Calculating metrics
2026-08-02 21:49:40.622 INFO Calculating metric: statement_count
2026-08-02 21:49:40.653 INFO [statement_count] Memory snapshot — cache: 0.00 MB (type <class 'numpy.int64'>, N/A entries)
2026-08-02 21:49:40.654 INFO Calculating metric: reference_existence_per_statement_count_df
2026-08-02 21:55:45.102 INFO [reference_existence_per_statement_count_df] Memory snapshot — total: 10842.16 MB
  cache: 0.00 MB (N/A entries)
  cache_df: 10842.16 MB (89561244 entries)
2026-08-02 21:55:45.115 INFO Calculating metric: reference_completeness_df
2026-08-02 21:55:45.125 INFO [reference_completeness_df] Memory snapshot — cache: 0.00 MB (type <class 'numpy.float64'>, N/A entries)
2026-08-02 21:55:45.125 INFO Memory usage (end of timestep, peak): 28.13 GiB
2026-08-02 21:55:45.125 INFO Memory usage (end of timestep, current): 16.47 GiB
2026-08-02 21:55:45.126 INFO (Iteration 98) statement_count: real 0.03s | cpu 0.27s
2026-08-02 21:55:45.126 INFO (Iteration 98) reference_existence_per_statement_count_df: real 364.46s | cpu 365.79s
2026-08-02 21:55:45.126 INFO (Iteration 98) reference_completeness_df: real 0.01s | cpu 0.01s
2026-08-02 21:55:45.126 INFO Iteration 98 finished in 395.76s (real) and 385.44s (process)
2026-08-02 21:55:45.141 INFO Start timestep 2020-12-16 00:00:00+00:00 -> 2021-01-15 00:00:00+00:00
2026-08-02 21:56:35.335 INFO DuckDB memory logs:
  database_name database_size  block_size  ...  wal_size  memory_usage  memory_limit
0   postgres_db       6.2 TiB           0  ...   0 bytes       1.4 GiB      76.2 GiB
1        memory       0 bytes           0  ...   0 bytes       1.4 GiB      76.2 GiB

[2 rows x 9 columns]
2026-08-02 21:56:35.335 INFO Loading data (2020-12-16 00:00:00+00:00 -> 2021-01-15 00:00:00+00:00) done in 50.19s (real) and 17.85s (process)
2026-08-02 21:56:35.335 INFO Memory usage (start of timestep, peak): 28.13 GiB
2026-08-02 21:56:35.335 INFO Memory usage (start of timestep, current): 16.48 GiB
2026-08-02 21:56:35.335 INFO Calculating metrics
2026-08-02 21:56:35.335 INFO Calculating metric: statement_count
2026-08-02 21:56:35.372 INFO [statement_count] Memory snapshot — cache: 0.00 MB (type <class 'numpy.int64'>, N/A entries)
2026-08-02 21:56:35.373 INFO Calculating metric: reference_existence_per_statement_count_df
2026-08-02 22:04:20.864 INFO [reference_existence_per_statement_count_df] Memory snapshot — total: 10890.25 MB
  cache: 0.00 MB (N/A entries)
  cache_df: 10890.25 MB (89956594 entries)
2026-08-02 22:04:20.877 INFO Calculating metric: reference_completeness_df
2026-08-02 22:04:20.886 INFO [reference_completeness_df] Memory snapshot — cache: 0.00 MB (type <class 'numpy.float64'>, N/A entries)
2026-08-02 22:04:20.887 INFO Memory usage (end of timestep, peak): 28.13 GiB
2026-08-02 22:04:20.888 INFO Memory usage (end of timestep, current): 16.46 GiB
2026-08-02 22:04:20.888 INFO (Iteration 99) statement_count: real 0.04s | cpu 0.26s
2026-08-02 22:04:20.888 INFO (Iteration 99) reference_existence_per_statement_count_df: real 465.50s | cpu 468.15s
2026-08-02 22:04:20.888 INFO (Iteration 99) reference_completeness_df: real 0.01s | cpu 0.01s
2026-08-02 22:04:20.888 INFO Iteration 99 finished in 515.75s (real) and 486.27s (process)
2026-08-02 22:04:20.892 INFO Start timestep 2021-01-15 00:00:00+00:00 -> 2021-02-14 00:00:00+00:00
2026-08-02 22:04:52.589 INFO DuckDB memory logs:
  database_name database_size  block_size  ...  wal_size  memory_usage  memory_limit
0   postgres_db       6.2 TiB           0  ...   0 bytes       1.8 GiB      76.2 GiB
1        memory       0 bytes           0  ...   0 bytes       1.8 GiB      76.2 GiB

[2 rows x 9 columns]
2026-08-02 22:04:52.589 INFO Loading data (2021-01-15 00:00:00+00:00 -> 2021-02-14 00:00:00+00:00) done in 31.70s (real) and 18.63s (process)
2026-08-02 22:04:52.590 INFO Memory usage (start of timestep, peak): 28.13 GiB
2026-08-02 22:04:52.590 INFO Memory usage (start of timestep, current): 16.83 GiB
2026-08-02 22:04:52.590 INFO Calculating metrics
2026-08-02 22:04:52.590 INFO Calculating metric: statement_count
2026-08-02 22:04:52.627 INFO [statement_count] Memory snapshot — cache: 0.00 MB (type <class 'numpy.int64'>, N/A entries)
2026-08-02 22:04:52.628 INFO Calculating metric: reference_existence_per_statement_count_df
2026-08-02 22:10:54.620 INFO [reference_existence_per_statement_count_df] Memory snapshot — total: 10994.80 MB
  cache: 0.00 MB (N/A entries)
  cache_df: 10994.80 MB (90818843 entries)
2026-08-02 22:10:54.633 INFO Calculating metric: reference_completeness_df
2026-08-02 22:10:54.639 INFO [reference_completeness_df] Memory snapshot — cache: 0.00 MB (type <class 'numpy.float64'>, N/A entries)
2026-08-02 22:10:54.639 INFO Memory usage (end of timestep, peak): 28.13 GiB
2026-08-02 22:10:54.639 INFO Memory usage (end of timestep, current): 16.97 GiB
2026-08-02 22:10:54.639 INFO (Iteration 100) statement_count: real 0.04s | cpu 0.38s
2026-08-02 22:10:54.639 INFO (Iteration 100) reference_existence_per_statement_count_df: real 362.01s | cpu 364.89s
2026-08-02 22:10:54.639 INFO (Iteration 100) reference_completeness_df: real 0.01s | cpu 0.00s
2026-08-02 22:10:54.639 INFO Iteration 100 finished in 393.75s (real) and 383.90s (process)
2026-08-02 22:10:54.644 INFO Start timestep 2021-02-14 00:00:00+00:00 -> 2021-03-16 00:00:00+00:00
2026-08-02 22:13:31.367 INFO DuckDB memory logs:
  database_name database_size  block_size  ...  wal_size  memory_usage  memory_limit
0   postgres_db       6.2 TiB           0  ...   0 bytes       5.7 GiB      76.2 GiB
1        memory       0 bytes           0  ...   0 bytes       5.7 GiB      76.2 GiB

[2 rows x 9 columns]
2026-08-02 22:13:31.368 INFO Loading data (2021-02-14 00:00:00+00:00 -> 2021-03-16 00:00:00+00:00) done in 156.72s (real) and 64.19s (process)
2026-08-02 22:13:31.368 INFO Memory usage (start of timestep, peak): 28.13 GiB
2026-08-02 22:13:31.368 INFO Memory usage (start of timestep, current): 20.74 GiB
2026-08-02 22:13:31.368 INFO Calculating metrics
2026-08-02 22:13:31.368 INFO Calculating metric: statement_count
2026-08-02 22:13:31.417 INFO [statement_count] Memory snapshot — cache: 0.00 MB (type <class 'numpy.int64'>, N/A entries)
2026-08-02 22:13:31.417 INFO Calculating metric: reference_existence_per_statement_count_df
2026-08-02 22:20:16.669 INFO [reference_existence_per_statement_count_df] Memory snapshot — total: 11352.94 MB
  cache: 0.00 MB (N/A entries)
  cache_df: 11352.94 MB (93774776 entries)
2026-08-02 22:20:16.683 INFO Calculating metric: reference_completeness_df
2026-08-02 22:20:16.689 INFO [reference_completeness_df] Memory snapshot — cache: 0.00 MB (type <class 'numpy.float64'>, N/A entries)
2026-08-02 22:20:16.689 INFO Memory usage (end of timestep, peak): 28.13 GiB
2026-08-02 22:20:16.689 INFO Memory usage (end of timestep, current): 21.22 GiB
2026-08-02 22:20:16.689 INFO (Iteration 101) statement_count: real 0.05s | cpu 0.63s
2026-08-02 22:20:16.689 INFO (Iteration 101) reference_existence_per_statement_count_df: real 405.27s | cpu 411.30s
2026-08-02 22:20:16.689 INFO (Iteration 101) reference_completeness_df: real 0.01s | cpu 0.00s
2026-08-02 22:20:16.689 INFO Iteration 101 finished in 562.05s (real) and 476.13s (process)
2026-08-02 22:20:16.705 INFO Start timestep 2021-03-16 00:00:00+00:00 -> 2021-04-15 00:00:00+00:00
2026-08-02 22:23:54.997 INFO DuckDB memory logs:
  database_name database_size  block_size  ...  wal_size  memory_usage  memory_limit
0   postgres_db       6.2 TiB           0  ...   0 bytes       5.1 GiB      76.2 GiB
1        memory       0 bytes           0  ...   0 bytes       5.1 GiB      76.2 GiB

[2 rows x 9 columns]
2026-08-02 22:23:55.010 INFO Loading data (2021-03-16 00:00:00+00:00 -> 2021-04-15 00:00:00+00:00) done in 218.30s (real) and 73.83s (process)
2026-08-02 22:23:55.011 INFO Memory usage (start of timestep, peak): 28.13 GiB
2026-08-02 22:23:55.011 INFO Memory usage (start of timestep, current): 20.59 GiB
2026-08-02 22:23:55.011 INFO Calculating metrics
2026-08-02 22:23:55.011 INFO Calculating metric: statement_count
2026-08-02 22:23:55.063 INFO [statement_count] Memory snapshot — cache: 0.00 MB (type <class 'numpy.int64'>, N/A entries)
2026-08-02 22:23:55.064 INFO Calculating metric: reference_existence_per_statement_count_df
2026-08-02 22:30:57.849 INFO [reference_existence_per_statement_count_df] Memory snapshot — total: 11625.97 MB
  cache: 0.00 MB (N/A entries)
  cache_df: 11625.97 MB (96028251 entries)
2026-08-02 22:30:57.849 INFO Calculating metric: reference_completeness_df
2026-08-02 22:30:57.857 INFO [reference_completeness_df] Memory snapshot — cache: 0.00 MB (type <class 'numpy.float64'>, N/A entries)
2026-08-02 22:30:57.857 INFO Memory usage (end of timestep, peak): 28.13 GiB
2026-08-02 22:30:57.857 INFO Memory usage (end of timestep, current): 20.82 GiB
2026-08-02 22:30:57.857 INFO (Iteration 102) statement_count: real 0.05s | cpu 0.55s
2026-08-02 22:30:57.858 INFO (Iteration 102) reference_existence_per_statement_count_df: real 422.79s | cpu 428.06s
2026-08-02 22:30:57.858 INFO (Iteration 102) reference_completeness_df: real 0.01s | cpu 0.00s
2026-08-02 22:30:57.858 INFO Iteration 102 finished in 641.15s (real) and 502.45s (process)
2026-08-02 22:30:57.863 INFO Start timestep 2021-04-15 00:00:00+00:00 -> 2021-05-15 00:00:00+00:00
2026-08-02 22:33:37.936 INFO DuckDB memory logs:
  database_name database_size  block_size  ...  wal_size  memory_usage  memory_limit
0   postgres_db       6.2 TiB           0  ...   0 bytes       4.7 GiB      76.2 GiB
1        memory       0 bytes           0  ...   0 bytes       4.7 GiB      76.2 GiB

[2 rows x 9 columns]
2026-08-02 22:33:37.937 INFO Loading data (2021-04-15 00:00:00+00:00 -> 2021-05-15 00:00:00+00:00) done in 160.07s (real) and 55.26s (process)
2026-08-02 22:33:37.937 INFO Memory usage (start of timestep, peak): 28.13 GiB
2026-08-02 22:33:37.937 INFO Memory usage (start of timestep, current): 20.46 GiB
2026-08-02 22:33:37.937 INFO Calculating metrics
2026-08-02 22:33:37.937 INFO Calculating metric: statement_count
2026-08-02 22:33:37.987 INFO [statement_count] Memory snapshot — cache: 0.00 MB (type <class 'numpy.int64'>, N/A entries)
2026-08-02 22:33:37.988 INFO Calculating metric: reference_existence_per_statement_count_df
2026-08-02 22:42:00.417 INFO [reference_existence_per_statement_count_df] Memory snapshot — total: 11884.06 MB
  cache: 0.00 MB (N/A entries)
  cache_df: 11884.06 MB (98158475 entries)
2026-08-02 22:42:00.432 INFO Calculating metric: reference_completeness_df
2026-08-02 22:42:00.439 INFO [reference_completeness_df] Memory snapshot — cache: 0.00 MB (type <class 'numpy.float64'>, N/A entries)
2026-08-02 22:42:00.439 INFO Memory usage (end of timestep, peak): 28.13 GiB
2026-08-02 22:42:00.439 INFO Memory usage (end of timestep, current): 20.73 GiB
2026-08-02 22:42:00.439 INFO (Iteration 103) statement_count: real 0.05s | cpu 0.53s
2026-08-02 22:42:00.439 INFO (Iteration 103) reference_existence_per_statement_count_df: real 502.44s | cpu 508.44s
2026-08-02 22:42:00.439 INFO (Iteration 103) reference_completeness_df: real 0.01s | cpu 0.00s
2026-08-02 22:42:00.439 INFO Iteration 103 finished in 662.58s (real) and 564.24s (process)
2026-08-02 22:42:00.454 INFO Start timestep 2021-05-15 00:00:00+00:00 -> 2021-06-14 00:00:00+00:00
2026-08-02 22:42:29.122 INFO DuckDB memory logs:
  database_name database_size  block_size  ...  wal_size  memory_usage  memory_limit
0   postgres_db       6.2 TiB           0  ...   0 bytes       1.6 GiB      76.2 GiB
1        memory       0 bytes           0  ...   0 bytes       1.6 GiB      76.2 GiB

[2 rows x 9 columns]
2026-08-02 22:42:29.122 INFO Loading data (2021-05-15 00:00:00+00:00 -> 2021-06-14 00:00:00+00:00) done in 28.67s (real) and 16.32s (process)
2026-08-02 22:42:29.122 INFO Memory usage (start of timestep, peak): 28.13 GiB
2026-08-02 22:42:29.122 INFO Memory usage (start of timestep, current): 17.66 GiB
2026-08-02 22:42:29.122 INFO Calculating metrics
2026-08-02 22:42:29.122 INFO Calculating metric: statement_count
2026-08-02 22:42:29.158 INFO [statement_count] Memory snapshot — cache: 0.00 MB (type <class 'numpy.int64'>, N/A entries)
2026-08-02 22:42:29.158 INFO Calculating metric: reference_existence_per_statement_count_df
2026-08-02 22:52:23.165 INFO [reference_existence_per_statement_count_df] Memory snapshot — total: 11941.41 MB
  cache: 0.00 MB (N/A entries)
  cache_df: 11941.41 MB (98631537 entries)
2026-08-02 22:52:23.178 INFO Calculating metric: reference_completeness_df
2026-08-02 22:52:23.187 INFO [reference_completeness_df] Memory snapshot — cache: 0.00 MB (type <class 'numpy.float64'>, N/A entries)
2026-08-02 22:52:23.188 INFO Memory usage (end of timestep, peak): 28.13 GiB
2026-08-02 22:52:23.188 INFO Memory usage (end of timestep, current): 17.66 GiB
2026-08-02 22:52:23.189 INFO (Iteration 104) statement_count: real 0.04s | cpu 0.27s
2026-08-02 22:52:23.189 INFO (Iteration 104) reference_existence_per_statement_count_df: real 594.02s | cpu 598.02s
2026-08-02 22:52:23.189 INFO (Iteration 104) reference_completeness_df: real 0.01s | cpu 0.01s
2026-08-02 22:52:23.189 INFO Iteration 104 finished in 622.73s (real) and 614.61s (process)
2026-08-02 22:52:23.193 INFO Start timestep 2021-06-14 00:00:00+00:00 -> 2021-07-14 00:00:00+00:00
2026-08-02 22:53:13.369 INFO DuckDB memory logs:
  database_name database_size  block_size  ...  wal_size  memory_usage  memory_limit
0   postgres_db       6.2 TiB           0  ...   0 bytes       2.9 GiB      76.2 GiB
1        memory       0 bytes           0  ...   0 bytes       2.9 GiB      76.2 GiB

[2 rows x 9 columns]
2026-08-02 22:53:13.369 INFO Loading data (2021-06-14 00:00:00+00:00 -> 2021-07-14 00:00:00+00:00) done in 50.18s (real) and 28.44s (process)
2026-08-02 22:53:13.370 INFO Memory usage (start of timestep, peak): 28.13 GiB
2026-08-02 22:53:13.370 INFO Memory usage (start of timestep, current): 18.89 GiB
2026-08-02 22:53:13.370 INFO Calculating metrics
2026-08-02 22:53:13.370 INFO Calculating metric: statement_count
2026-08-02 22:53:13.426 INFO [statement_count] Memory snapshot — cache: 0.00 MB (type <class 'numpy.int64'>, N/A entries)
2026-08-02 22:53:13.426 INFO Calculating metric: reference_existence_per_statement_count_df
2026-08-02 23:02:41.515 INFO [reference_existence_per_statement_count_df] Memory snapshot — total: 12098.58 MB
  cache: 0.00 MB (N/A entries)
  cache_df: 12098.58 MB (99928943 entries)
2026-08-02 23:02:41.528 INFO Calculating metric: reference_completeness_df
2026-08-02 23:02:41.537 INFO [reference_completeness_df] Memory snapshot — cache: 0.00 MB (type <class 'numpy.float64'>, N/A entries)
2026-08-02 23:02:41.537 INFO Memory usage (end of timestep, peak): 28.13 GiB
2026-08-02 23:02:41.537 INFO Memory usage (end of timestep, current): 19.10 GiB
2026-08-02 23:02:41.537 INFO (Iteration 105) statement_count: real 0.06s | cpu 0.26s
2026-08-02 23:02:41.537 INFO (Iteration 105) reference_existence_per_statement_count_df: real 568.10s | cpu 572.83s
2026-08-02 23:02:41.537 INFO (Iteration 105) reference_completeness_df: real 0.01s | cpu 0.00s
2026-08-02 23:02:41.537 INFO Iteration 105 finished in 618.34s (real) and 601.53s (process)
2026-08-02 23:02:41.538 INFO Start timestep 2021-07-14 00:00:00+00:00 -> 2021-08-13 00:00:00+00:00
2026-08-02 23:03:22.242 INFO DuckDB memory logs:
  database_name database_size  block_size  ...  wal_size  memory_usage  memory_limit
0   postgres_db       6.2 TiB           0  ...   0 bytes       2.4 GiB      76.2 GiB
1        memory       0 bytes           0  ...   0 bytes       2.4 GiB      76.2 GiB

[2 rows x 9 columns]
2026-08-02 23:03:22.242 INFO Loading data (2021-07-14 00:00:00+00:00 -> 2021-08-13 00:00:00+00:00) done in 40.70s (real) and 23.36s (process)
2026-08-02 23:03:22.242 INFO Memory usage (start of timestep, peak): 28.13 GiB
2026-08-02 23:03:22.243 INFO Memory usage (start of timestep, current): 18.52 GiB
2026-08-02 23:03:22.243 INFO Calculating metrics
2026-08-02 23:03:22.243 INFO Calculating metric: statement_count
2026-08-02 23:03:22.276 INFO [statement_count] Memory snapshot — cache: 0.00 MB (type <class 'numpy.int64'>, N/A entries)
2026-08-02 23:03:22.276 INFO Calculating metric: reference_existence_per_statement_count_df
2026-08-02 23:13:36.975 INFO [reference_existence_per_statement_count_df] Memory snapshot — total: 12251.82 MB
  cache: 0.00 MB (N/A entries)
  cache_df: 12251.82 MB (101191690 entries)
2026-08-02 23:13:36.988 INFO Calculating metric: reference_completeness_df
2026-08-02 23:13:36.995 INFO [reference_completeness_df] Memory snapshot — cache: 0.00 MB (type <class 'numpy.float64'>, N/A entries)
2026-08-02 23:13:36.995 INFO Memory usage (end of timestep, peak): 28.13 GiB
2026-08-02 23:13:36.996 INFO Memory usage (end of timestep, current): 18.93 GiB
2026-08-02 23:13:36.996 INFO (Iteration 106) statement_count: real 0.03s | cpu 0.36s
2026-08-02 23:13:36.996 INFO (Iteration 106) reference_existence_per_statement_count_df: real 614.71s | cpu 619.03s
2026-08-02 23:13:36.996 INFO (Iteration 106) reference_completeness_df: real 0.01s | cpu 0.00s
2026-08-02 23:13:36.996 INFO Iteration 106 finished in 655.46s (real) and 642.76s (process)
2026-08-02 23:13:37.000 INFO Start timestep 2021-08-13 00:00:00+00:00 -> 2021-09-12 00:00:00+00:00
2026-08-02 23:14:38.591 INFO DuckDB memory logs:
  database_name database_size  block_size  ...  wal_size  memory_usage  memory_limit
0   postgres_db       6.2 TiB           0  ...   0 bytes       3.7 GiB      76.2 GiB
1        memory       0 bytes           0  ...   0 bytes       3.7 GiB      76.2 GiB

[2 rows x 9 columns]
2026-08-02 23:14:38.591 INFO Loading data (2021-08-13 00:00:00+00:00 -> 2021-09-12 00:00:00+00:00) done in 61.59s (real) and 36.70s (process)
2026-08-02 23:14:38.591 INFO Memory usage (start of timestep, peak): 28.13 GiB
2026-08-02 23:14:38.591 INFO Memory usage (start of timestep, current): 20.22 GiB
2026-08-02 23:14:38.591 INFO Calculating metrics
2026-08-02 23:14:38.591 INFO Calculating metric: statement_count
2026-08-02 23:14:38.636 INFO [statement_count] Memory snapshot — cache: 0.00 MB (type <class 'numpy.int64'>, N/A entries)
2026-08-02 23:14:38.637 INFO Calculating metric: reference_existence_per_statement_count_df
2026-08-02 23:25:44.910 INFO [reference_existence_per_statement_count_df] Memory snapshot — total: 12477.01 MB
  cache: 0.00 MB (N/A entries)
  cache_df: 12477.01 MB (103050245 entries)
2026-08-02 23:25:44.924 INFO Calculating metric: reference_completeness_df
2026-08-02 23:25:44.933 INFO [reference_completeness_df] Memory snapshot — cache: 0.00 MB (type <class 'numpy.float64'>, N/A entries)
2026-08-02 23:25:44.933 INFO Memory usage (end of timestep, peak): 28.13 GiB
2026-08-02 23:25:44.934 INFO Memory usage (end of timestep, current): 20.58 GiB
2026-08-02 23:25:44.934 INFO (Iteration 107) statement_count: real 0.05s | cpu 0.45s
2026-08-02 23:25:44.934 INFO (Iteration 107) reference_existence_per_statement_count_df: real 666.29s | cpu 671.79s
2026-08-02 23:25:44.934 INFO (Iteration 107) reference_completeness_df: real 0.01s | cpu 0.00s
2026-08-02 23:25:44.934 INFO Iteration 107 finished in 727.93s (real) and 708.94s (process)
2026-08-02 23:25:44.935 INFO Start timestep 2021-09-12 00:00:00+00:00 -> 2021-10-12 00:00:00+00:00
2026-08-02 23:26:01.822 INFO DuckDB memory logs:
  database_name database_size  block_size  ...  wal_size  memory_usage  memory_limit
0   postgres_db       6.2 TiB           0  ...   0 bytes     952.2 MiB      76.2 GiB
1        memory       0 bytes           0  ...   0 bytes     952.2 MiB      76.2 GiB

[2 rows x 9 columns]
2026-08-02 23:26:01.822 INFO Loading data (2021-09-12 00:00:00+00:00 -> 2021-10-12 00:00:00+00:00) done in 16.89s (real) and 9.19s (process)
2026-08-02 23:26:01.823 INFO Memory usage (start of timestep, peak): 28.13 GiB
2026-08-02 23:26:01.823 INFO Memory usage (start of timestep, current): 17.76 GiB
2026-08-02 23:26:01.823 INFO Calculating metrics
2026-08-02 23:26:01.823 INFO Calculating metric: statement_count
2026-08-02 23:26:01.854 INFO [statement_count] Memory snapshot — cache: 0.00 MB (type <class 'numpy.int64'>, N/A entries)
2026-08-02 23:26:01.854 INFO Calculating metric: reference_existence_per_statement_count_df
2026-08-02 23:36:09.732 INFO [reference_existence_per_statement_count_df] Memory snapshot — total: 12506.62 MB
  cache: 0.00 MB (N/A entries)
  cache_df: 12506.62 MB (103294188 entries)
2026-08-02 23:36:09.747 INFO Calculating metric: reference_completeness_df
2026-08-02 23:36:09.755 INFO [reference_completeness_df] Memory snapshot — cache: 0.00 MB (type <class 'numpy.float64'>, N/A entries)
2026-08-02 23:36:09.755 INFO Memory usage (end of timestep, peak): 28.13 GiB
2026-08-02 23:36:09.755 INFO Memory usage (end of timestep, current): 17.55 GiB
2026-08-02 23:36:09.756 INFO (Iteration 108) statement_count: real 0.03s | cpu 0.21s
2026-08-02 23:36:09.756 INFO (Iteration 108) reference_existence_per_statement_count_df: real 607.89s | cpu 610.74s
2026-08-02 23:36:09.756 INFO (Iteration 108) reference_completeness_df: real 0.01s | cpu 0.00s
2026-08-02 23:36:09.756 INFO Iteration 108 finished in 624.82s (real) and 620.13s (process)
2026-08-02 23:36:09.764 INFO Start timestep 2021-10-12 00:00:00+00:00 -> 2021-11-11 00:00:00+00:00
2026-08-02 23:36:33.471 INFO DuckDB memory logs:
  database_name database_size  block_size  ...  wal_size  memory_usage  memory_limit
0   postgres_db       6.2 TiB           0  ...   0 bytes       1.3 GiB      76.2 GiB
1        memory       0 bytes           0  ...   0 bytes       1.3 GiB      76.2 GiB

[2 rows x 9 columns]
2026-08-02 23:36:33.471 INFO Loading data (2021-10-12 00:00:00+00:00 -> 2021-11-11 00:00:00+00:00) done in 23.71s (real) and 12.99s (process)
2026-08-02 23:36:33.471 INFO Memory usage (start of timestep, peak): 28.13 GiB
2026-08-02 23:36:33.471 INFO Memory usage (start of timestep, current): 17.97 GiB
2026-08-02 23:36:33.471 INFO Calculating metrics
2026-08-02 23:36:33.471 INFO Calculating metric: statement_count
2026-08-02 23:36:33.504 INFO [statement_count] Memory snapshot — cache: 0.00 MB (type <class 'numpy.int64'>, N/A entries)
2026-08-02 23:36:33.504 INFO Calculating metric: reference_existence_per_statement_count_df
2026-08-02 23:46:44.916 INFO [reference_existence_per_statement_count_df] Memory snapshot — total: 12542.13 MB
  cache: 0.00 MB (N/A entries)
  cache_df: 12542.13 MB (103586980 entries)
2026-08-02 23:46:44.917 INFO Calculating metric: reference_completeness_df
2026-08-02 23:46:44.923 INFO [reference_completeness_df] Memory snapshot — cache: 0.00 MB (type <class 'numpy.float64'>, N/A entries)
2026-08-02 23:46:44.923 INFO Memory usage (end of timestep, peak): 28.13 GiB
2026-08-02 23:46:44.923 INFO Memory usage (end of timestep, current): 18.30 GiB
2026-08-02 23:46:44.923 INFO (Iteration 109) statement_count: real 0.03s | cpu 0.30s
2026-08-02 23:46:44.923 INFO (Iteration 109) reference_existence_per_statement_count_df: real 611.41s | cpu 614.48s
2026-08-02 23:46:44.923 INFO (Iteration 109) reference_completeness_df: real 0.01s | cpu 0.00s
2026-08-02 23:46:44.923 INFO Iteration 109 finished in 635.16s (real) and 627.78s (process)
2026-08-02 23:46:44.937 INFO Start timestep 2021-11-11 00:00:00+00:00 -> 2021-12-11 00:00:00+00:00
2026-08-02 23:47:01.077 INFO DuckDB memory logs:
  database_name database_size  block_size  ...  wal_size  memory_usage  memory_limit
0   postgres_db       6.2 TiB           0  ...   0 bytes     991.2 MiB      76.2 GiB
1        memory       0 bytes           0  ...   0 bytes     991.2 MiB      76.2 GiB

[2 rows x 9 columns]
2026-08-02 23:47:01.077 INFO Loading data (2021-11-11 00:00:00+00:00 -> 2021-12-11 00:00:00+00:00) done in 16.14s (real) and 9.21s (process)
2026-08-02 23:47:01.077 INFO Memory usage (start of timestep, peak): 28.13 GiB
2026-08-02 23:47:01.077 INFO Memory usage (start of timestep, current): 17.89 GiB
2026-08-02 23:47:01.077 INFO Calculating metrics
2026-08-02 23:47:01.078 INFO Calculating metric: statement_count
2026-08-02 23:47:01.114 INFO [statement_count] Memory snapshot — cache: 0.00 MB (type <class 'numpy.int64'>, N/A entries)
2026-08-02 23:47:01.114 INFO Calculating metric: reference_existence_per_statement_count_df
2026-08-02 23:57:30.833 INFO [reference_existence_per_statement_count_df] Memory snapshot — total: 12581.27 MB
  cache: 0.00 MB (N/A entries)
  cache_df: 12581.27 MB (103908977 entries)
2026-08-02 23:57:30.834 INFO Calculating metric: reference_completeness_df
2026-08-02 23:57:30.841 INFO [reference_completeness_df] Memory snapshot — cache: 0.00 MB (type <class 'numpy.float64'>, N/A entries)
2026-08-02 23:57:30.841 INFO Memory usage (end of timestep, peak): 28.13 GiB
2026-08-02 23:57:30.842 INFO Memory usage (end of timestep, current): 17.97 GiB
2026-08-02 23:57:30.842 INFO (Iteration 110) statement_count: real 0.04s | cpu 0.27s
2026-08-02 23:57:30.842 INFO (Iteration 110) reference_existence_per_statement_count_df: real 629.72s | cpu 632.63s
2026-08-02 23:57:30.842 INFO (Iteration 110) reference_completeness_df: real 0.01s | cpu 0.00s
2026-08-02 23:57:30.842 INFO Iteration 110 finished in 645.90s (real) and 642.12s (process)
2026-08-02 23:57:30.846 INFO Start timestep 2021-12-11 00:00:00+00:00 -> 2022-01-10 00:00:00+00:00
2026-08-02 23:57:49.753 INFO DuckDB memory logs:
  database_name database_size  block_size  ...  wal_size  memory_usage  memory_limit
0   postgres_db       6.2 TiB           0  ...   0 bytes       1.0 GiB      76.2 GiB
1        memory       0 bytes           0  ...   0 bytes       1.0 GiB      76.2 GiB

[2 rows x 9 columns]
2026-08-02 23:57:49.753 INFO Loading data (2021-12-11 00:00:00+00:00 -> 2022-01-10 00:00:00+00:00) done in 18.91s (real) and 10.16s (process)
2026-08-02 23:57:49.753 INFO Memory usage (start of timestep, peak): 28.13 GiB
2026-08-02 23:57:49.753 INFO Memory usage (start of timestep, current): 18.05 GiB
2026-08-02 23:57:49.753 INFO Calculating metrics
2026-08-02 23:57:49.753 INFO Calculating metric: statement_count
2026-08-02 23:57:49.782 INFO [statement_count] Memory snapshot — cache: 0.00 MB (type <class 'numpy.int64'>, N/A entries)
2026-08-02 23:57:49.782 INFO Calculating metric: reference_existence_per_statement_count_df
2026-08-03 00:08:35.006 INFO [reference_existence_per_statement_count_df] Memory snapshot — total: 12601.90 MB
  cache: 0.00 MB (N/A entries)
  cache_df: 12601.90 MB (104078751 entries)
2026-08-03 00:08:35.007 INFO Calculating metric: reference_completeness_df
2026-08-03 00:08:35.013 INFO [reference_completeness_df] Memory snapshot — cache: 0.00 MB (type <class 'numpy.float64'>, N/A entries)
2026-08-03 00:08:35.014 INFO Memory usage (end of timestep, peak): 28.13 GiB
2026-08-03 00:08:35.014 INFO Memory usage (end of timestep, current): 18.26 GiB
2026-08-03 00:08:35.014 INFO (Iteration 111) statement_count: real 0.03s | cpu 0.21s
2026-08-03 00:08:35.014 INFO (Iteration 111) reference_existence_per_statement_count_df: real 645.22s | cpu 648.53s
2026-08-03 00:08:35.014 INFO (Iteration 111) reference_completeness_df: real 0.01s | cpu 0.00s
2026-08-03 00:08:35.014 INFO Iteration 111 finished in 664.17s (real) and 658.90s (process)
2026-08-03 00:08:35.015 INFO Start timestep 2022-01-10 00:00:00+00:00 -> 2022-02-09 00:00:00+00:00
2026-08-03 00:08:51.446 INFO DuckDB memory logs:
  database_name database_size  block_size  ...  wal_size  memory_usage  memory_limit
0   postgres_db       6.2 TiB           0  ...   0 bytes     883.2 MiB      76.2 GiB
1        memory       0 bytes           0  ...   0 bytes     883.2 MiB      76.2 GiB

[2 rows x 9 columns]
2026-08-03 00:08:51.447 INFO Loading data (2022-01-10 00:00:00+00:00 -> 2022-02-09 00:00:00+00:00) done in 16.43s (real) and 8.23s (process)
2026-08-03 00:08:51.447 INFO Memory usage (start of timestep, peak): 28.13 GiB
2026-08-03 00:08:51.447 INFO Memory usage (start of timestep, current): 18.05 GiB
2026-08-03 00:08:51.447 INFO Calculating metrics
2026-08-03 00:08:51.447 INFO Calculating metric: statement_count
2026-08-03 00:08:51.477 INFO [statement_count] Memory snapshot — cache: 0.00 MB (type <class 'numpy.int64'>, N/A entries)
2026-08-03 00:08:51.477 INFO Calculating metric: reference_existence_per_statement_count_df
2026-08-03 00:20:42.499 INFO [reference_existence_per_statement_count_df] Memory snapshot — total: 12624.66 MB
  cache: 0.00 MB (N/A entries)
  cache_df: 12624.66 MB (104266450 entries)
2026-08-03 00:20:42.500 INFO Calculating metric: reference_completeness_df
2026-08-03 00:20:42.507 INFO [reference_completeness_df] Memory snapshot — cache: 0.00 MB (type <class 'numpy.float64'>, N/A entries)
2026-08-03 00:20:42.507 INFO Memory usage (end of timestep, peak): 28.13 GiB
2026-08-03 00:20:42.508 INFO Memory usage (end of timestep, current): 17.93 GiB
2026-08-03 00:20:42.508 INFO (Iteration 112) statement_count: real 0.03s | cpu 0.20s
2026-08-03 00:20:42.508 INFO (Iteration 112) reference_existence_per_statement_count_df: real 711.02s | cpu 713.84s
2026-08-03 00:20:42.508 INFO (Iteration 112) reference_completeness_df: real 0.01s | cpu 0.00s
2026-08-03 00:20:42.508 INFO Iteration 112 finished in 727.49s (real) and 722.27s (process)
2026-08-03 00:20:42.510 INFO Start timestep 2022-02-09 00:00:00+00:00 -> 2022-03-11 00:00:00+00:00
2026-08-03 00:21:01.907 INFO DuckDB memory logs:
  database_name database_size  block_size  ...  wal_size  memory_usage  memory_limit
0   postgres_db       6.2 TiB           0  ...   0 bytes       1.1 GiB      76.2 GiB
1        memory       0 bytes           0  ...   0 bytes       1.1 GiB      76.2 GiB

[2 rows x 9 columns]
2026-08-03 00:21:01.907 INFO Loading data (2022-02-09 00:00:00+00:00 -> 2022-03-11 00:00:00+00:00) done in 19.40s (real) and 10.66s (process)
2026-08-03 00:21:01.907 INFO Memory usage (start of timestep, peak): 28.13 GiB
2026-08-03 00:21:01.908 INFO Memory usage (start of timestep, current): 18.15 GiB
2026-08-03 00:21:01.908 INFO Calculating metrics
2026-08-03 00:21:01.908 INFO Calculating metric: statement_count
2026-08-03 00:21:01.934 INFO [statement_count] Memory snapshot — cache: 0.00 MB (type <class 'numpy.int64'>, N/A entries)
2026-08-03 00:21:01.934 INFO Calculating metric: reference_existence_per_statement_count_df
2026-08-03 00:31:15.708 INFO [reference_existence_per_statement_count_df] Memory snapshot — total: 12649.48 MB
  cache: 0.00 MB (N/A entries)
  cache_df: 12649.48 MB (104470893 entries)
2026-08-03 00:31:15.721 INFO Calculating metric: reference_completeness_df
2026-08-03 00:31:15.729 INFO [reference_completeness_df] Memory snapshot — cache: 0.00 MB (type <class 'numpy.float64'>, N/A entries)
2026-08-03 00:31:15.729 INFO Memory usage (end of timestep, peak): 28.13 GiB
2026-08-03 00:31:15.730 INFO Memory usage (end of timestep, current): 18.36 GiB
2026-08-03 00:31:15.730 INFO (Iteration 113) statement_count: real 0.03s | cpu 0.20s
2026-08-03 00:31:15.730 INFO (Iteration 113) reference_existence_per_statement_count_df: real 613.79s | cpu 616.11s
2026-08-03 00:31:15.730 INFO (Iteration 113) reference_completeness_df: real 0.01s | cpu 0.00s
2026-08-03 00:31:15.730 INFO Iteration 113 finished in 633.22s (real) and 626.98s (process)
2026-08-03 00:31:15.735 INFO Start timestep 2022-03-11 00:00:00+00:00 -> 2022-04-10 00:00:00+00:00
2026-08-03 00:31:32.637 INFO DuckDB memory logs:
  database_name database_size  block_size  ...  wal_size  memory_usage  memory_limit
0   postgres_db       6.2 TiB           0  ...   0 bytes     994.2 MiB      76.2 GiB
1        memory       0 bytes           0  ...   0 bytes     994.2 MiB      76.2 GiB

[2 rows x 9 columns]
2026-08-03 00:31:32.638 INFO Loading data (2022-03-11 00:00:00+00:00 -> 2022-04-10 00:00:00+00:00) done in 16.90s (real) and 8.88s (process)
2026-08-03 00:31:32.638 INFO Memory usage (start of timestep, peak): 28.13 GiB
2026-08-03 00:31:32.638 INFO Memory usage (start of timestep, current): 18.22 GiB
2026-08-03 00:31:32.638 INFO Calculating metrics
2026-08-03 00:31:32.638 INFO Calculating metric: statement_count
2026-08-03 00:31:32.668 INFO [statement_count] Memory snapshot — cache: 0.00 MB (type <class 'numpy.int64'>, N/A entries)
2026-08-03 00:31:32.668 INFO Calculating metric: reference_existence_per_statement_count_df
2026-08-03 00:42:26.182 INFO [reference_existence_per_statement_count_df] Memory snapshot — total: 12682.18 MB
  cache: 0.00 MB (N/A entries)
  cache_df: 12682.18 MB (104740067 entries)
2026-08-03 00:42:26.197 INFO Calculating metric: reference_completeness_df
2026-08-03 00:42:26.204 INFO [reference_completeness_df] Memory snapshot — cache: 0.00 MB (type <class 'numpy.float64'>, N/A entries)
2026-08-03 00:42:26.204 INFO Memory usage (end of timestep, peak): 28.13 GiB
2026-08-03 00:42:26.204 INFO Memory usage (end of timestep, current): 18.08 GiB
2026-08-03 00:42:26.205 INFO (Iteration 114) statement_count: real 0.03s | cpu 0.20s
2026-08-03 00:42:26.205 INFO (Iteration 114) reference_existence_per_statement_count_df: real 653.53s | cpu 656.62s
2026-08-03 00:42:26.205 INFO (Iteration 114) reference_completeness_df: real 0.01s | cpu 0.00s
2026-08-03 00:42:26.205 INFO Iteration 114 finished in 670.47s (real) and 665.71s (process)
2026-08-03 00:42:26.229 INFO Start timestep 2022-04-10 00:00:00+00:00 -> 2022-05-10 00:00:00+00:00
2026-08-03 00:42:49.770 INFO DuckDB memory logs:
  database_name database_size  block_size  ...  wal_size  memory_usage  memory_limit
0   postgres_db       6.2 TiB           0  ...   0 bytes       1.3 GiB      76.2 GiB
1        memory       0 bytes           0  ...   0 bytes       1.3 GiB      76.2 GiB

[2 rows x 9 columns]
2026-08-03 00:42:49.770 INFO Loading data (2022-04-10 00:00:00+00:00 -> 2022-05-10 00:00:00+00:00) done in 23.54s (real) and 13.06s (process)
2026-08-03 00:42:49.771 INFO Memory usage (start of timestep, peak): 28.13 GiB
2026-08-03 00:42:49.771 INFO Memory usage (start of timestep, current): 18.47 GiB
2026-08-03 00:42:49.771 INFO Calculating metrics
2026-08-03 00:42:49.771 INFO Calculating metric: statement_count
2026-08-03 00:42:49.801 INFO [statement_count] Memory snapshot — cache: 0.00 MB (type <class 'numpy.int64'>, N/A entries)
2026-08-03 00:42:49.801 INFO Calculating metric: reference_existence_per_statement_count_df
2026-08-03 00:53:53.391 INFO [reference_existence_per_statement_count_df] Memory snapshot — total: 12731.02 MB
  cache: 0.00 MB (N/A entries)
  cache_df: 12731.02 MB (105142656 entries)
2026-08-03 00:53:53.404 INFO Calculating metric: reference_completeness_df
2026-08-03 00:53:53.412 INFO [reference_completeness_df] Memory snapshot — cache: 0.00 MB (type <class 'numpy.float64'>, N/A entries)
2026-08-03 00:53:53.412 INFO Memory usage (end of timestep, peak): 28.13 GiB
2026-08-03 00:53:53.412 INFO Memory usage (end of timestep, current): 18.84 GiB
2026-08-03 00:53:53.412 INFO (Iteration 115) statement_count: real 0.03s | cpu 0.27s
2026-08-03 00:53:53.412 INFO (Iteration 115) reference_existence_per_statement_count_df: real 663.60s | cpu 664.60s
2026-08-03 00:53:53.412 INFO (Iteration 115) reference_completeness_df: real 0.01s | cpu 0.00s
2026-08-03 00:53:53.412 INFO Iteration 115 finished in 687.18s (real) and 677.93s (process)
2026-08-03 00:53:53.414 INFO Start timestep 2022-05-10 00:00:00+00:00 -> 2022-06-09 00:00:00+00:00
2026-08-03 00:54:15.446 INFO DuckDB memory logs:
  database_name database_size  block_size  ...  wal_size  memory_usage  memory_limit
0   postgres_db       6.2 TiB           0  ...   0 bytes       1.2 GiB      76.2 GiB
1        memory       0 bytes           0  ...   0 bytes       1.2 GiB      76.2 GiB

[2 rows x 9 columns]
2026-08-03 00:54:15.446 INFO Loading data (2022-05-10 00:00:00+00:00 -> 2022-06-09 00:00:00+00:00) done in 22.03s (real) and 13.25s (process)
2026-08-03 00:54:15.446 INFO Memory usage (start of timestep, peak): 28.13 GiB
2026-08-03 00:54:15.447 INFO Memory usage (start of timestep, current): 18.68 GiB
2026-08-03 00:54:15.447 INFO Calculating metrics
2026-08-03 00:54:15.447 INFO Calculating metric: statement_count
2026-08-03 00:54:15.476 INFO [statement_count] Memory snapshot — cache: 0.00 MB (type <class 'numpy.int64'>, N/A entries)
2026-08-03 00:54:15.476 INFO Calculating metric: reference_existence_per_statement_count_df
2026-08-03 01:05:59.143 INFO [reference_existence_per_statement_count_df] Memory snapshot — total: 12772.68 MB
  cache: 0.00 MB (N/A entries)
  cache_df: 12772.68 MB (105485771 entries)
2026-08-03 01:05:59.161 INFO Calculating metric: reference_completeness_df
2026-08-03 01:05:59.172 INFO [reference_completeness_df] Memory snapshot — cache: 0.00 MB (type <class 'numpy.float64'>, N/A entries)
2026-08-03 01:05:59.172 INFO Memory usage (end of timestep, peak): 28.13 GiB
2026-08-03 01:05:59.173 INFO Memory usage (end of timestep, current): 18.43 GiB
2026-08-03 01:05:59.173 INFO (Iteration 116) statement_count: real 0.03s | cpu 0.22s
2026-08-03 01:05:59.173 INFO (Iteration 116) reference_existence_per_statement_count_df: real 703.68s | cpu 707.10s
2026-08-03 01:05:59.173 INFO (Iteration 116) reference_completeness_df: real 0.01s | cpu 0.00s
2026-08-03 01:05:59.173 INFO Iteration 116 finished in 725.76s (real) and 720.57s (process)
2026-08-03 01:05:59.186 INFO Start timestep 2022-06-09 00:00:00+00:00 -> 2022-07-09 00:00:00+00:00
2026-08-03 01:07:31.138 INFO DuckDB memory logs:
  database_name database_size  block_size  ...  wal_size  memory_usage  memory_limit
0   postgres_db       6.2 TiB           0  ...   0 bytes       2.0 GiB      76.2 GiB
1        memory       0 bytes           0  ...   0 bytes       2.0 GiB      76.2 GiB

[2 rows x 9 columns]
2026-08-03 01:07:31.151 INFO Loading data (2022-06-09 00:00:00+00:00 -> 2022-07-09 00:00:00+00:00) done in 91.96s (real) and 25.61s (process)
2026-08-03 01:07:31.151 INFO Memory usage (start of timestep, peak): 28.13 GiB
2026-08-03 01:07:31.152 INFO Memory usage (start of timestep, current): 19.17 GiB
2026-08-03 01:07:31.152 INFO Calculating metrics
2026-08-03 01:07:31.152 INFO Calculating metric: statement_count
2026-08-03 01:07:31.186 INFO [statement_count] Memory snapshot — cache: 0.00 MB (type <class 'numpy.int64'>, N/A entries)
2026-08-03 01:07:31.186 INFO Calculating metric: reference_existence_per_statement_count_df
2026-08-03 01:19:07.525 INFO [reference_existence_per_statement_count_df] Memory snapshot — total: 12833.23 MB
  cache: 0.00 MB (N/A entries)
  cache_df: 12833.23 MB (105983102 entries)
2026-08-03 01:19:07.537 INFO Calculating metric: reference_completeness_df
2026-08-03 01:19:07.544 INFO [reference_completeness_df] Memory snapshot — cache: 0.00 MB (type <class 'numpy.float64'>, N/A entries)
2026-08-03 01:19:07.544 INFO Memory usage (end of timestep, peak): 28.38 GiB
2026-08-03 01:19:07.544 INFO Memory usage (end of timestep, current): 19.56 GiB
2026-08-03 01:19:07.544 INFO (Iteration 117) statement_count: real 0.03s | cpu 0.28s
2026-08-03 01:19:07.544 INFO (Iteration 117) reference_existence_per_statement_count_df: real 696.35s | cpu 700.01s
2026-08-03 01:19:07.545 INFO (Iteration 117) reference_completeness_df: real 0.01s | cpu 0.00s
2026-08-03 01:19:07.545 INFO Iteration 117 finished in 788.36s (real) and 725.91s (process)
2026-08-03 01:19:07.548 INFO Start timestep 2022-07-09 00:00:00+00:00 -> 2022-08-08 00:00:00+00:00
2026-08-03 01:20:49.460 INFO DuckDB memory logs:
  database_name database_size  block_size  ...  wal_size  memory_usage  memory_limit
0   postgres_db       6.2 TiB           0  ...   0 bytes       2.3 GiB      76.2 GiB
1        memory       0 bytes           0  ...   0 bytes       2.3 GiB      76.2 GiB

[2 rows x 9 columns]
2026-08-03 01:20:49.473 INFO Loading data (2022-07-09 00:00:00+00:00 -> 2022-08-08 00:00:00+00:00) done in 101.93s (real) and 30.09s (process)
2026-08-03 01:20:49.474 INFO Memory usage (start of timestep, peak): 28.38 GiB
2026-08-03 01:20:49.474 INFO Memory usage (start of timestep, current): 19.85 GiB
2026-08-03 01:20:49.474 INFO Calculating metrics
2026-08-03 01:20:49.474 INFO Calculating metric: statement_count
2026-08-03 01:20:49.515 INFO [statement_count] Memory snapshot — cache: 0.00 MB (type <class 'numpy.int64'>, N/A entries)
2026-08-03 01:20:49.515 INFO Calculating metric: reference_existence_per_statement_count_df
2026-08-03 01:31:12.571 INFO [reference_existence_per_statement_count_df] Memory snapshot — total: 12906.02 MB
  cache: 0.00 MB (N/A entries)
  cache_df: 12906.02 MB (106582777 entries)
2026-08-03 01:31:12.586 INFO Calculating metric: reference_completeness_df
2026-08-03 01:31:12.593 INFO [reference_completeness_df] Memory snapshot — cache: 0.00 MB (type <class 'numpy.float64'>, N/A entries)
2026-08-03 01:31:12.593 INFO Memory usage (end of timestep, peak): 29.02 GiB
2026-08-03 01:31:12.593 INFO Memory usage (end of timestep, current): 19.67 GiB
2026-08-03 01:31:12.594 INFO (Iteration 118) statement_count: real 0.04s | cpu 0.47s
2026-08-03 01:31:12.594 INFO (Iteration 118) reference_existence_per_statement_count_df: real 623.07s | cpu 627.45s
2026-08-03 01:31:12.594 INFO (Iteration 118) reference_completeness_df: real 0.01s | cpu 0.00s
2026-08-03 01:31:12.594 INFO Iteration 118 finished in 725.05s (real) and 658.01s (process)
2026-08-03 01:31:12.617 INFO Start timestep 2022-08-08 00:00:00+00:00 -> 2022-09-07 00:00:00+00:00
2026-08-03 01:32:22.272 INFO DuckDB memory logs:
  database_name database_size  block_size  ...  wal_size  memory_usage  memory_limit
0   postgres_db       6.2 TiB           0  ...   0 bytes       1.7 GiB      76.2 GiB
1        memory       0 bytes           0  ...   0 bytes       1.7 GiB      76.2 GiB

[2 rows x 9 columns]
2026-08-03 01:32:22.283 INFO Loading data (2022-08-08 00:00:00+00:00 -> 2022-09-07 00:00:00+00:00) done in 69.67s (real) and 21.90s (process)
2026-08-03 01:32:22.283 INFO Memory usage (start of timestep, peak): 29.02 GiB
2026-08-03 01:32:22.283 INFO Memory usage (start of timestep, current): 19.03 GiB
2026-08-03 01:32:22.283 INFO Calculating metrics
2026-08-03 01:32:22.284 INFO Calculating metric: statement_count
2026-08-03 01:32:22.322 INFO [statement_count] Memory snapshot — cache: 0.00 MB (type <class 'numpy.int64'>, N/A entries)
2026-08-03 01:32:22.322 INFO Calculating metric: reference_existence_per_statement_count_df
2026-08-03 01:43:38.296 INFO [reference_existence_per_statement_count_df] Memory snapshot — total: 12941.92 MB
  cache: 0.00 MB (N/A entries)
  cache_df: 12941.92 MB (106878623 entries)
2026-08-03 01:43:38.297 INFO Calculating metric: reference_completeness_df
2026-08-03 01:43:38.304 INFO [reference_completeness_df] Memory snapshot — cache: 0.00 MB (type <class 'numpy.float64'>, N/A entries)
2026-08-03 01:43:38.304 INFO Memory usage (end of timestep, peak): 29.02 GiB
2026-08-03 01:43:38.304 INFO Memory usage (end of timestep, current): 19.43 GiB
2026-08-03 01:43:38.304 INFO (Iteration 119) statement_count: real 0.04s | cpu 0.45s
2026-08-03 01:43:38.304 INFO (Iteration 119) reference_existence_per_statement_count_df: real 675.97s | cpu 680.54s
2026-08-03 01:43:38.304 INFO (Iteration 119) reference_completeness_df: real 0.01s | cpu 0.00s
2026-08-03 01:43:38.304 INFO Iteration 119 finished in 745.69s (real) and 702.90s (process)
2026-08-03 01:43:38.309 INFO Start timestep 2022-09-07 00:00:00+00:00 -> 2022-10-07 00:00:00+00:00
2026-08-03 01:45:00.968 INFO DuckDB memory logs:
  database_name database_size  block_size  ...  wal_size  memory_usage  memory_limit
0   postgres_db       6.2 TiB           0  ...   0 bytes       2.0 GiB      76.2 GiB
1        memory       0 bytes           0  ...   0 bytes       2.0 GiB      76.2 GiB

[2 rows x 9 columns]
2026-08-03 01:45:00.984 INFO Loading data (2022-09-07 00:00:00+00:00 -> 2022-10-07 00:00:00+00:00) done in 82.67s (real) and 41.41s (process)
2026-08-03 01:45:00.984 INFO Memory usage (start of timestep, peak): 29.02 GiB
2026-08-03 01:45:00.985 INFO Memory usage (start of timestep, current): 19.77 GiB
2026-08-03 01:45:00.985 INFO Calculating metrics
2026-08-03 01:45:00.986 INFO Calculating metric: statement_count
2026-08-03 01:45:01.028 INFO [statement_count] Memory snapshot — cache: 0.00 MB (type <class 'numpy.int64'>, N/A entries)
2026-08-03 01:45:01.029 INFO Calculating metric: reference_existence_per_statement_count_df
2026-08-03 01:55:21.422 INFO [reference_existence_per_statement_count_df] Memory snapshot — total: 13006.70 MB
  cache: 0.00 MB (N/A entries)
  cache_df: 13006.70 MB (107410411 entries)
2026-08-03 01:55:21.436 INFO Calculating metric: reference_completeness_df
2026-08-03 01:55:21.445 INFO [reference_completeness_df] Memory snapshot — cache: 0.00 MB (type <class 'numpy.float64'>, N/A entries)
2026-08-03 01:55:21.445 INFO Memory usage (end of timestep, peak): 29.02 GiB
2026-08-03 01:55:21.445 INFO Memory usage (end of timestep, current): 19.83 GiB
2026-08-03 01:55:21.445 INFO (Iteration 120) statement_count: real 0.04s | cpu 0.40s
2026-08-03 01:55:21.445 INFO (Iteration 120) reference_existence_per_statement_count_df: real 620.41s | cpu 624.29s
2026-08-03 01:55:21.445 INFO (Iteration 120) reference_completeness_df: real 0.01s | cpu 0.00s
2026-08-03 01:55:21.445 INFO Iteration 120 finished in 703.14s (real) and 666.11s (process)
2026-08-03 01:55:21.458 INFO Start timestep 2022-10-07 00:00:00+00:00 -> 2022-11-06 00:00:00+00:00
2026-08-03 01:56:50.222 INFO DuckDB memory logs:
  database_name database_size  block_size  ...  wal_size  memory_usage  memory_limit
0   postgres_db       6.2 TiB           0  ...   0 bytes       1.9 GiB      76.2 GiB
1        memory       0 bytes           0  ...   0 bytes       1.9 GiB      76.2 GiB

[2 rows x 9 columns]
2026-08-03 01:56:50.236 INFO Loading data (2022-10-07 00:00:00+00:00 -> 2022-11-06 00:00:00+00:00) done in 88.78s (real) and 23.15s (process)
2026-08-03 01:56:50.236 INFO Memory usage (start of timestep, peak): 29.02 GiB
2026-08-03 01:56:50.236 INFO Memory usage (start of timestep, current): 19.64 GiB
2026-08-03 01:56:50.236 INFO Calculating metrics
2026-08-03 01:56:50.237 INFO Calculating metric: statement_count
2026-08-03 01:56:50.271 INFO [statement_count] Memory snapshot — cache: 0.00 MB (type <class 'numpy.int64'>, N/A entries)
2026-08-03 01:56:50.271 INFO Calculating metric: reference_existence_per_statement_count_df
2026-08-03 02:08:20.639 INFO [reference_existence_per_statement_count_df] Memory snapshot — total: 13066.74 MB
  cache: 0.00 MB (N/A entries)
  cache_df: 13066.74 MB (107903821 entries)
2026-08-03 02:08:20.655 INFO Calculating metric: reference_completeness_df
2026-08-03 02:08:20.664 INFO [reference_completeness_df] Memory snapshot — cache: 0.00 MB (type <class 'numpy.float64'>, N/A entries)
2026-08-03 02:08:20.664 INFO Memory usage (end of timestep, peak): 29.02 GiB
2026-08-03 02:08:20.665 INFO Memory usage (end of timestep, current): 19.71 GiB
2026-08-03 02:08:20.665 INFO (Iteration 121) statement_count: real 0.03s | cpu 0.35s
2026-08-03 02:08:20.665 INFO (Iteration 121) reference_existence_per_statement_count_df: real 690.38s | cpu 694.43s
2026-08-03 02:08:20.665 INFO (Iteration 121) reference_completeness_df: real 0.01s | cpu 0.00s
2026-08-03 02:08:20.665 INFO Iteration 121 finished in 779.21s (real) and 717.94s (process)
2026-08-03 02:08:20.670 INFO Start timestep 2022-11-06 00:00:00+00:00 -> 2022-12-06 00:00:00+00:00
2026-08-03 02:09:25.952 INFO DuckDB memory logs:
  database_name database_size  block_size  ...  wal_size  memory_usage  memory_limit
0   postgres_db       6.2 TiB           0  ...   0 bytes       1.5 GiB      76.2 GiB
1        memory       0 bytes           0  ...   0 bytes       1.5 GiB      76.2 GiB

[2 rows x 9 columns]
2026-08-03 02:09:25.952 INFO Loading data (2022-11-06 00:00:00+00:00 -> 2022-12-06 00:00:00+00:00) done in 65.28s (real) and 19.83s (process)
2026-08-03 02:09:25.952 INFO Memory usage (start of timestep, peak): 29.02 GiB
2026-08-03 02:09:25.952 INFO Memory usage (start of timestep, current): 19.38 GiB
2026-08-03 02:09:25.952 INFO Calculating metrics
2026-08-03 02:09:25.952 INFO Calculating metric: statement_count
2026-08-03 02:09:25.986 INFO [statement_count] Memory snapshot — cache: 0.00 MB (type <class 'numpy.int64'>, N/A entries)
2026-08-03 02:09:25.986 INFO Calculating metric: reference_existence_per_statement_count_df
2026-08-03 02:20:14.338 INFO [reference_existence_per_statement_count_df] Memory snapshot — total: 13138.20 MB
  cache: 0.00 MB (N/A entries)
  cache_df: 13138.20 MB (108491928 entries)
2026-08-03 02:20:14.352 INFO Calculating metric: reference_completeness_df
2026-08-03 02:20:14.359 INFO [reference_completeness_df] Memory snapshot — cache: 0.00 MB (type <class 'numpy.float64'>, N/A entries)
2026-08-03 02:20:14.360 INFO Memory usage (end of timestep, peak): 29.02 GiB
2026-08-03 02:20:14.360 INFO Memory usage (end of timestep, current): 19.48 GiB
2026-08-03 02:20:14.360 INFO (Iteration 122) statement_count: real 0.03s | cpu 0.28s
2026-08-03 02:20:14.360 INFO (Iteration 122) reference_existence_per_statement_count_df: real 648.37s | cpu 651.91s
2026-08-03 02:20:14.360 INFO (Iteration 122) reference_completeness_df: real 0.01s | cpu 0.00s
2026-08-03 02:20:14.360 INFO Iteration 122 finished in 713.69s (real) and 672.03s (process)
2026-08-03 02:20:14.375 INFO Start timestep 2022-12-06 00:00:00+00:00 -> 2023-01-05 00:00:00+00:00
2026-08-03 02:21:02.220 INFO DuckDB memory logs:
  database_name database_size  block_size  ...  wal_size  memory_usage  memory_limit
0   postgres_db       6.2 TiB           0  ...   0 bytes       1.1 GiB      76.2 GiB
1        memory       0 bytes           0  ...   0 bytes       1.1 GiB      76.2 GiB

[2 rows x 9 columns]
2026-08-03 02:21:02.221 INFO Loading data (2022-12-06 00:00:00+00:00 -> 2023-01-05 00:00:00+00:00) done in 47.85s (real) and 13.88s (process)
2026-08-03 02:21:02.221 INFO Memory usage (start of timestep, peak): 29.02 GiB
2026-08-03 02:21:02.221 INFO Memory usage (start of timestep, current): 19.07 GiB
2026-08-03 02:21:02.221 INFO Calculating metrics
2026-08-03 02:21:02.221 INFO Calculating metric: statement_count
2026-08-03 02:21:02.257 INFO [statement_count] Memory snapshot — cache: 0.00 MB (type <class 'numpy.int64'>, N/A entries)
2026-08-03 02:21:02.257 INFO Calculating metric: reference_existence_per_statement_count_df
2026-08-03 02:31:51.762 INFO [reference_existence_per_statement_count_df] Memory snapshot — total: 13180.46 MB
  cache: 0.00 MB (N/A entries)
  cache_df: 13180.46 MB (108840030 entries)
2026-08-03 02:31:51.776 INFO Calculating metric: reference_completeness_df
2026-08-03 02:31:51.782 INFO [reference_completeness_df] Memory snapshot — cache: 0.00 MB (type <class 'numpy.float64'>, N/A entries)
2026-08-03 02:31:51.782 INFO Memory usage (end of timestep, peak): 29.02 GiB
2026-08-03 02:31:51.782 INFO Memory usage (end of timestep, current): 19.08 GiB
2026-08-03 02:31:51.783 INFO (Iteration 123) statement_count: real 0.04s | cpu 0.26s
2026-08-03 02:31:51.783 INFO (Iteration 123) reference_existence_per_statement_count_df: real 649.52s | cpu 653.16s
2026-08-03 02:31:51.783 INFO (Iteration 123) reference_completeness_df: real 0.01s | cpu 0.00s
2026-08-03 02:31:51.783 INFO Iteration 123 finished in 697.41s (real) and 667.31s (process)
2026-08-03 02:31:51.784 INFO Start timestep 2023-01-05 00:00:00+00:00 -> 2023-02-04 00:00:00+00:00
2026-08-03 02:32:55.602 INFO DuckDB memory logs:
  database_name database_size  block_size  ...  wal_size  memory_usage  memory_limit
0   postgres_db       6.2 TiB           0  ...   0 bytes       1.5 GiB      76.2 GiB
1        memory       0 bytes           0  ...   0 bytes       1.5 GiB      76.2 GiB

[2 rows x 9 columns]
2026-08-03 02:32:55.602 INFO Loading data (2023-01-05 00:00:00+00:00 -> 2023-02-04 00:00:00+00:00) done in 63.82s (real) and 19.13s (process)
2026-08-03 02:32:55.602 INFO Memory usage (start of timestep, peak): 29.02 GiB
2026-08-03 02:32:55.602 INFO Memory usage (start of timestep, current): 19.44 GiB
2026-08-03 02:32:55.602 INFO Calculating metrics
2026-08-03 02:32:55.603 INFO Calculating metric: statement_count
2026-08-03 02:32:55.637 INFO [statement_count] Memory snapshot — cache: 0.00 MB (type <class 'numpy.int64'>, N/A entries)
2026-08-03 02:32:55.637 INFO Calculating metric: reference_existence_per_statement_count_df
2026-08-03 02:43:41.290 INFO [reference_existence_per_statement_count_df] Memory snapshot — total: 13221.57 MB
  cache: 0.00 MB (N/A entries)
  cache_df: 13221.57 MB (109178125 entries)
2026-08-03 02:43:41.291 INFO Calculating metric: reference_completeness_df
2026-08-03 02:43:41.297 INFO [reference_completeness_df] Memory snapshot — cache: 0.00 MB (type <class 'numpy.float64'>, N/A entries)
2026-08-03 02:43:41.297 INFO Memory usage (end of timestep, peak): 29.02 GiB
2026-08-03 02:43:41.298 INFO Memory usage (end of timestep, current): 19.54 GiB
2026-08-03 02:43:41.298 INFO (Iteration 124) statement_count: real 0.03s | cpu 0.34s
2026-08-03 02:43:41.298 INFO (Iteration 124) reference_existence_per_statement_count_df: real 645.65s | cpu 649.17s
2026-08-03 02:43:41.298 INFO (Iteration 124) reference_completeness_df: real 0.01s | cpu 0.00s
2026-08-03 02:43:41.298 INFO Iteration 124 finished in 709.51s (real) and 668.65s (process)
2026-08-03 02:43:41.300 INFO Start timestep 2023-02-04 00:00:00+00:00 -> 2023-03-06 00:00:00+00:00
2026-08-03 02:44:42.120 INFO DuckDB memory logs:
  database_name database_size  block_size  ...  wal_size  memory_usage  memory_limit
0   postgres_db       6.2 TiB           0  ...   0 bytes       1.4 GiB      76.2 GiB
1        memory       0 bytes           0  ...   0 bytes       1.4 GiB      76.2 GiB

[2 rows x 9 columns]
2026-08-03 02:44:42.120 INFO Loading data (2023-02-04 00:00:00+00:00 -> 2023-03-06 00:00:00+00:00) done in 60.82s (real) and 17.97s (process)
2026-08-03 02:44:42.120 INFO Memory usage (start of timestep, peak): 29.02 GiB
2026-08-03 02:44:42.120 INFO Memory usage (start of timestep, current): 19.40 GiB
2026-08-03 02:44:42.121 INFO Calculating metrics
2026-08-03 02:44:42.121 INFO Calculating metric: statement_count
2026-08-03 02:44:42.155 INFO [statement_count] Memory snapshot — cache: 0.00 MB (type <class 'numpy.int64'>, N/A entries)
2026-08-03 02:44:42.155 INFO Calculating metric: reference_existence_per_statement_count_df
2026-08-03 02:55:24.282 INFO [reference_existence_per_statement_count_df] Memory snapshot — total: 13269.88 MB
  cache: 0.00 MB (N/A entries)
  cache_df: 13269.88 MB (109576117 entries)
2026-08-03 02:55:24.292 INFO Calculating metric: reference_completeness_df
2026-08-03 02:55:24.299 INFO [reference_completeness_df] Memory snapshot — cache: 0.00 MB (type <class 'numpy.float64'>, N/A entries)
2026-08-03 02:55:24.299 INFO Memory usage (end of timestep, peak): 29.02 GiB
2026-08-03 02:55:24.299 INFO Memory usage (end of timestep, current): 19.46 GiB
2026-08-03 02:55:24.299 INFO (Iteration 125) statement_count: real 0.03s | cpu 0.29s
2026-08-03 02:55:24.299 INFO (Iteration 125) reference_existence_per_statement_count_df: real 642.14s | cpu 645.81s
2026-08-03 02:55:24.299 INFO (Iteration 125) reference_completeness_df: real 0.01s | cpu 0.00s
2026-08-03 02:55:24.299 INFO Iteration 125 finished in 703.00s (real) and 664.07s (process)
2026-08-03 02:55:24.300 INFO Start timestep 2023-03-06 00:00:00+00:00 -> 2023-04-05 00:00:00+00:00
2026-08-03 02:56:25.639 INFO DuckDB memory logs:
  database_name database_size  block_size  ...  wal_size  memory_usage  memory_limit
0   postgres_db       6.2 TiB           0  ...   0 bytes       1.3 GiB      76.2 GiB
1        memory       0 bytes           0  ...   0 bytes       1.3 GiB      76.2 GiB

[2 rows x 9 columns]
2026-08-03 02:56:25.639 INFO Loading data (2023-03-06 00:00:00+00:00 -> 2023-04-05 00:00:00+00:00) done in 61.34s (real) and 16.61s (process)
2026-08-03 02:56:25.639 INFO Memory usage (start of timestep, peak): 29.02 GiB
2026-08-03 02:56:25.639 INFO Memory usage (start of timestep, current): 19.40 GiB
2026-08-03 02:56:25.639 INFO Calculating metrics
2026-08-03 02:56:25.639 INFO Calculating metric: statement_count
2026-08-03 02:56:25.673 INFO [statement_count] Memory snapshot — cache: 0.00 MB (type <class 'numpy.int64'>, N/A entries)
2026-08-03 02:56:25.673 INFO Calculating metric: reference_existence_per_statement_count_df
2026-08-03 03:07:25.665 INFO [reference_existence_per_statement_count_df] Memory snapshot — total: 13315.77 MB
  cache: 0.00 MB (N/A entries)
  cache_df: 13315.77 MB (109954171 entries)
2026-08-03 03:07:25.682 INFO Calculating metric: reference_completeness_df
2026-08-03 03:07:25.690 INFO [reference_completeness_df] Memory snapshot — cache: 0.00 MB (type <class 'numpy.float64'>, N/A entries)
2026-08-03 03:07:25.690 INFO Memory usage (end of timestep, peak): 29.02 GiB
2026-08-03 03:07:25.690 INFO Memory usage (end of timestep, current): 19.50 GiB
2026-08-03 03:07:25.691 INFO (Iteration 126) statement_count: real 0.03s | cpu 0.31s
2026-08-03 03:07:25.691 INFO (Iteration 126) reference_existence_per_statement_count_df: real 660.01s | cpu 664.01s
2026-08-03 03:07:25.691 INFO (Iteration 126) reference_completeness_df: real 0.01s | cpu 0.00s
2026-08-03 03:07:25.691 INFO Iteration 126 finished in 721.39s (real) and 680.93s (process)
2026-08-03 03:07:25.693 INFO Start timestep 2023-04-05 00:00:00+00:00 -> 2023-05-05 00:00:00+00:00
2026-08-03 03:08:18.567 INFO DuckDB memory logs:
  database_name database_size  block_size  ...  wal_size  memory_usage  memory_limit
0   postgres_db       6.2 TiB           0  ...   0 bytes       1.2 GiB      76.2 GiB
1        memory       0 bytes           0  ...   0 bytes       1.2 GiB      76.2 GiB

[2 rows x 9 columns]
2026-08-03 03:08:18.567 INFO Loading data (2023-04-05 00:00:00+00:00 -> 2023-05-05 00:00:00+00:00) done in 52.87s (real) and 23.79s (process)
2026-08-03 03:08:18.567 INFO Memory usage (start of timestep, peak): 29.02 GiB
2026-08-03 03:08:18.567 INFO Memory usage (start of timestep, current): 19.34 GiB
2026-08-03 03:08:18.568 INFO Calculating metrics
2026-08-03 03:08:18.568 INFO Calculating metric: statement_count
2026-08-03 03:08:18.597 INFO [statement_count] Memory snapshot — cache: 0.00 MB (type <class 'numpy.int64'>, N/A entries)
2026-08-03 03:08:18.597 INFO Calculating metric: reference_existence_per_statement_count_df
2026-08-03 03:18:29.569 INFO [reference_existence_per_statement_count_df] Memory snapshot — total: 13363.52 MB
  cache: 0.00 MB (N/A entries)
  cache_df: 13363.52 MB (110347317 entries)
2026-08-03 03:18:29.583 INFO Calculating metric: reference_completeness_df
2026-08-03 03:18:29.590 INFO [reference_completeness_df] Memory snapshot — cache: 0.00 MB (type <class 'numpy.float64'>, N/A entries)
2026-08-03 03:18:29.590 INFO Memory usage (end of timestep, peak): 29.02 GiB
2026-08-03 03:18:29.590 INFO Memory usage (end of timestep, current): 19.42 GiB
2026-08-03 03:18:29.590 INFO (Iteration 127) statement_count: real 0.03s | cpu 0.27s
2026-08-03 03:18:29.590 INFO (Iteration 127) reference_existence_per_statement_count_df: real 610.99s | cpu 614.45s
2026-08-03 03:18:29.590 INFO (Iteration 127) reference_completeness_df: real 0.01s | cpu 0.00s
2026-08-03 03:18:29.591 INFO Iteration 127 finished in 663.90s (real) and 638.52s (process)
2026-08-03 03:18:29.603 INFO Start timestep 2023-05-05 00:00:00+00:00 -> 2023-06-04 00:00:00+00:00
2026-08-03 03:19:51.793 INFO DuckDB memory logs:
  database_name database_size  block_size  ...  wal_size  memory_usage  memory_limit
0   postgres_db       6.2 TiB           0  ...   0 bytes       1.9 GiB      76.2 GiB
1        memory       0 bytes           0  ...   0 bytes       1.9 GiB      76.2 GiB

[2 rows x 9 columns]
2026-08-03 03:19:51.793 INFO Loading data (2023-05-05 00:00:00+00:00 -> 2023-06-04 00:00:00+00:00) done in 82.19s (real) and 23.11s (process)
2026-08-03 03:19:51.793 INFO Memory usage (start of timestep, peak): 29.02 GiB
2026-08-03 03:19:51.794 INFO Memory usage (start of timestep, current): 20.04 GiB
2026-08-03 03:19:51.794 INFO Calculating metrics
2026-08-03 03:19:51.794 INFO Calculating metric: statement_count
2026-08-03 03:19:51.829 INFO [statement_count] Memory snapshot — cache: 0.00 MB (type <class 'numpy.int64'>, N/A entries)
2026-08-03 03:19:51.830 INFO Calculating metric: reference_existence_per_statement_count_df
2026-08-03 03:30:39.504 INFO [reference_existence_per_statement_count_df] Memory snapshot — total: 13447.43 MB
  cache: 0.00 MB (N/A entries)
  cache_df: 13447.43 MB (111036748 entries)
2026-08-03 03:30:39.517 INFO Calculating metric: reference_completeness_df
2026-08-03 03:30:39.524 INFO [reference_completeness_df] Memory snapshot — cache: 0.00 MB (type <class 'numpy.float64'>, N/A entries)
2026-08-03 03:30:39.524 INFO Memory usage (end of timestep, peak): 29.32 GiB
2026-08-03 03:30:39.525 INFO Memory usage (end of timestep, current): 19.99 GiB
2026-08-03 03:30:39.525 INFO (Iteration 128) statement_count: real 0.04s | cpu 0.34s
2026-08-03 03:30:39.525 INFO (Iteration 128) reference_existence_per_statement_count_df: real 647.69s | cpu 651.99s
2026-08-03 03:30:39.525 INFO (Iteration 128) reference_completeness_df: real 0.01s | cpu 0.00s
2026-08-03 03:30:39.525 INFO Iteration 128 finished in 729.92s (real) and 675.45s (process)
2026-08-03 03:30:39.529 INFO Start timestep 2023-06-04 00:00:00+00:00 -> 2023-07-04 00:00:00+00:00
2026-08-03 03:32:16.641 INFO DuckDB memory logs:
  database_name database_size  block_size  ...  wal_size  memory_usage  memory_limit
0   postgres_db       6.2 TiB           0  ...   0 bytes       2.2 GiB      76.2 GiB
1        memory       0 bytes           0  ...   0 bytes       2.2 GiB      76.2 GiB

[2 rows x 9 columns]
2026-08-03 03:32:16.653 INFO Loading data (2023-06-04 00:00:00+00:00 -> 2023-07-04 00:00:00+00:00) done in 97.12s (real) and 29.87s (process)
2026-08-03 03:32:16.653 INFO Memory usage (start of timestep, peak): 29.32 GiB
2026-08-03 03:32:16.653 INFO Memory usage (start of timestep, current): 20.36 GiB
2026-08-03 03:32:16.653 INFO Calculating metrics
2026-08-03 03:32:16.653 INFO Calculating metric: statement_count
2026-08-03 03:32:16.691 INFO [statement_count] Memory snapshot — cache: 0.00 MB (type <class 'numpy.int64'>, N/A entries)
2026-08-03 03:32:16.691 INFO Calculating metric: reference_existence_per_statement_count_df
2026-08-03 03:43:13.209 INFO [reference_existence_per_statement_count_df] Memory snapshot — total: 13560.96 MB
  cache: 0.00 MB (N/A entries)
  cache_df: 13560.96 MB (111968660 entries)
2026-08-03 03:43:13.224 INFO Calculating metric: reference_completeness_df
2026-08-03 03:43:13.230 INFO [reference_completeness_df] Memory snapshot — cache: 0.00 MB (type <class 'numpy.float64'>, N/A entries)
2026-08-03 03:43:13.230 INFO Memory usage (end of timestep, peak): 29.90 GiB
2026-08-03 03:43:13.231 INFO Memory usage (end of timestep, current): 20.77 GiB
2026-08-03 03:43:13.231 INFO (Iteration 129) statement_count: real 0.04s | cpu 0.44s
2026-08-03 03:43:13.231 INFO (Iteration 129) reference_existence_per_statement_count_df: real 656.53s | cpu 660.91s
2026-08-03 03:43:13.231 INFO (Iteration 129) reference_completeness_df: real 0.01s | cpu 0.00s
2026-08-03 03:43:13.231 INFO Iteration 129 finished in 753.70s (real) and 691.23s (process)
2026-08-03 03:43:13.248 INFO Start timestep 2023-07-04 00:00:00+00:00 -> 2023-08-03 00:00:00+00:00
2026-08-03 03:44:30.328 INFO DuckDB memory logs:
  database_name database_size  block_size  ...  wal_size  memory_usage  memory_limit
0   postgres_db       6.2 TiB           0  ...   0 bytes       1.7 GiB      76.2 GiB
1        memory       0 bytes           0  ...   0 bytes       1.7 GiB      76.2 GiB

[2 rows x 9 columns]
2026-08-03 03:44:30.329 INFO Loading data (2023-07-04 00:00:00+00:00 -> 2023-08-03 00:00:00+00:00) done in 77.08s (real) and 20.89s (process)
2026-08-03 03:44:30.329 INFO Memory usage (start of timestep, peak): 29.90 GiB
2026-08-03 03:44:30.329 INFO Memory usage (start of timestep, current): 20.20 GiB
2026-08-03 03:44:30.329 INFO Calculating metrics
2026-08-03 03:44:30.329 INFO Calculating metric: statement_count
2026-08-03 03:44:30.366 INFO [statement_count] Memory snapshot — cache: 0.00 MB (type <class 'numpy.int64'>, N/A entries)
2026-08-03 03:44:30.366 INFO Calculating metric: reference_existence_per_statement_count_df
2026-08-03 03:54:36.879 INFO [reference_existence_per_statement_count_df] Memory snapshot — total: 13641.97 MB
  cache: 0.00 MB (N/A entries)
  cache_df: 13641.97 MB (112633766 entries)
2026-08-03 03:54:36.893 INFO Calculating metric: reference_completeness_df
2026-08-03 03:54:36.899 INFO [reference_completeness_df] Memory snapshot — cache: 0.00 MB (type <class 'numpy.float64'>, N/A entries)
2026-08-03 03:54:36.899 INFO Memory usage (end of timestep, peak): 29.90 GiB
2026-08-03 03:54:36.900 INFO Memory usage (end of timestep, current): 19.94 GiB
2026-08-03 03:54:36.900 INFO (Iteration 130) statement_count: real 0.04s | cpu 0.33s
2026-08-03 03:54:36.900 INFO (Iteration 130) reference_existence_per_statement_count_df: real 606.53s | cpu 610.42s
2026-08-03 03:54:36.900 INFO (Iteration 130) reference_completeness_df: real 0.01s | cpu 0.00s
2026-08-03 03:54:36.900 INFO Iteration 130 finished in 683.65s (real) and 631.64s (process)
2026-08-03 03:54:36.903 INFO Start timestep 2023-08-03 00:00:00+00:00 -> 2023-09-02 00:00:00+00:00
2026-08-03 03:56:14.905 INFO DuckDB memory logs:
  database_name database_size  block_size  ...  wal_size  memory_usage  memory_limit
0   postgres_db       6.2 TiB           0  ...   0 bytes       2.2 GiB      76.2 GiB
1        memory       0 bytes           0  ...   0 bytes       2.2 GiB      76.2 GiB

[2 rows x 9 columns]
2026-08-03 03:56:14.918 INFO Loading data (2023-08-03 00:00:00+00:00 -> 2023-09-02 00:00:00+00:00) done in 98.01s (real) and 29.92s (process)
2026-08-03 03:56:14.918 INFO Memory usage (start of timestep, peak): 29.90 GiB
2026-08-03 03:56:14.918 INFO Memory usage (start of timestep, current): 20.43 GiB
2026-08-03 03:56:14.918 INFO Calculating metrics
2026-08-03 03:56:14.918 INFO Calculating metric: statement_count
2026-08-03 03:56:14.958 INFO [statement_count] Memory snapshot — cache: 0.00 MB (type <class 'numpy.int64'>, N/A entries)
2026-08-03 03:56:14.958 INFO Calculating metric: reference_existence_per_statement_count_df
2026-08-03 04:07:23.709 INFO [reference_existence_per_statement_count_df] Memory snapshot — total: 13752.31 MB
  cache: 0.00 MB (N/A entries)
  cache_df: 13752.31 MB (113539487 entries)
2026-08-03 04:07:23.722 INFO Calculating metric: reference_completeness_df
2026-08-03 04:07:23.729 INFO [reference_completeness_df] Memory snapshot — cache: 0.00 MB (type <class 'numpy.float64'>, N/A entries)
2026-08-03 04:07:23.729 INFO Memory usage (end of timestep, peak): 30.19 GiB
2026-08-03 04:07:23.729 INFO Memory usage (end of timestep, current): 20.69 GiB
2026-08-03 04:07:23.729 INFO (Iteration 131) statement_count: real 0.04s | cpu 0.45s
2026-08-03 04:07:23.729 INFO (Iteration 131) reference_existence_per_statement_count_df: real 668.76s | cpu 672.87s
2026-08-03 04:07:23.729 INFO (Iteration 131) reference_completeness_df: real 0.01s | cpu 0.00s
2026-08-03 04:07:23.729 INFO Iteration 131 finished in 766.83s (real) and 703.24s (process)
2026-08-03 04:07:23.730 INFO Start timestep 2023-09-02 00:00:00+00:00 -> 2023-10-02 00:00:00+00:00
2026-08-03 04:08:24.401 INFO DuckDB memory logs:
  database_name database_size  block_size  ...  wal_size  memory_usage  memory_limit
0   postgres_db       6.2 TiB           0  ...   0 bytes       1.4 GiB      76.2 GiB
1        memory       0 bytes           0  ...   0 bytes       1.4 GiB      76.2 GiB

[2 rows x 9 columns]
2026-08-03 04:08:24.401 INFO Loading data (2023-09-02 00:00:00+00:00 -> 2023-10-02 00:00:00+00:00) done in 60.67s (real) and 17.84s (process)
2026-08-03 04:08:24.402 INFO Memory usage (start of timestep, peak): 30.19 GiB
2026-08-03 04:08:24.402 INFO Memory usage (start of timestep, current): 19.86 GiB
2026-08-03 04:08:24.402 INFO Calculating metrics
2026-08-03 04:08:24.402 INFO Calculating metric: statement_count
2026-08-03 04:08:24.432 INFO [statement_count] Memory snapshot — cache: 0.00 MB (type <class 'numpy.int64'>, N/A entries)
2026-08-03 04:08:24.432 INFO Calculating metric: reference_existence_per_statement_count_df
2026-08-03 04:19:46.215 INFO [reference_existence_per_statement_count_df] Memory snapshot — total: 13807.01 MB
  cache: 0.00 MB (N/A entries)
  cache_df: 13807.01 MB (113989014 entries)
2026-08-03 04:19:46.228 INFO Calculating metric: reference_completeness_df
2026-08-03 04:19:46.235 INFO [reference_completeness_df] Memory snapshot — cache: 0.00 MB (type <class 'numpy.float64'>, N/A entries)
2026-08-03 04:19:46.235 INFO Memory usage (end of timestep, peak): 30.19 GiB
2026-08-03 04:19:46.235 INFO Memory usage (end of timestep, current): 19.78 GiB
2026-08-03 04:19:46.235 INFO (Iteration 132) statement_count: real 0.03s | cpu 0.28s
2026-08-03 04:19:46.235 INFO (Iteration 132) reference_existence_per_statement_count_df: real 681.80s | cpu 684.91s
2026-08-03 04:19:46.236 INFO (Iteration 132) reference_completeness_df: real 0.01s | cpu 0.00s
2026-08-03 04:19:46.236 INFO Iteration 132 finished in 742.51s (real) and 703.04s (process)
2026-08-03 04:19:46.244 INFO Start timestep 2023-10-02 00:00:00+00:00 -> 2023-11-01 00:00:00+00:00
2026-08-03 04:20:34.480 INFO DuckDB memory logs:
  database_name database_size  block_size  ...  wal_size  memory_usage  memory_limit
0   postgres_db       6.2 TiB           0  ...   0 bytes       1.0 GiB      76.2 GiB
1        memory       0 bytes           0  ...   0 bytes       1.0 GiB      76.2 GiB

[2 rows x 9 columns]
2026-08-03 04:20:34.480 INFO Loading data (2023-10-02 00:00:00+00:00 -> 2023-11-01 00:00:00+00:00) done in 48.24s (real) and 12.56s (process)
2026-08-03 04:20:34.480 INFO Memory usage (start of timestep, peak): 30.19 GiB
2026-08-03 04:20:34.481 INFO Memory usage (start of timestep, current): 19.38 GiB
2026-08-03 04:20:34.481 INFO Calculating metrics
2026-08-03 04:20:34.481 INFO Calculating metric: statement_count
2026-08-03 04:20:34.510 INFO [statement_count] Memory snapshot — cache: 0.00 MB (type <class 'numpy.int64'>, N/A entries)
2026-08-03 04:20:34.511 INFO Calculating metric: reference_existence_per_statement_count_df
2026-08-03 04:31:01.538 INFO [reference_existence_per_statement_count_df] Memory snapshot — total: 13851.21 MB
  cache: 0.00 MB (N/A entries)
  cache_df: 13851.21 MB (114353034 entries)
2026-08-03 04:31:01.552 INFO Calculating metric: reference_completeness_df
2026-08-03 04:31:01.563 INFO [reference_completeness_df] Memory snapshot — cache: 0.00 MB (type <class 'numpy.float64'>, N/A entries)
2026-08-03 04:31:01.563 INFO Memory usage (end of timestep, peak): 30.19 GiB
2026-08-03 04:31:01.564 INFO Memory usage (end of timestep, current): 19.96 GiB
2026-08-03 04:31:01.564 INFO (Iteration 133) statement_count: real 0.03s | cpu 0.23s
2026-08-03 04:31:01.564 INFO (Iteration 133) reference_existence_per_statement_count_df: real 627.04s | cpu 630.49s
2026-08-03 04:31:01.564 INFO (Iteration 133) reference_completeness_df: real 0.01s | cpu 0.01s
2026-08-03 04:31:01.564 INFO Iteration 133 finished in 675.32s (real) and 643.30s (process)
2026-08-03 04:31:01.581 INFO Start timestep 2023-11-01 00:00:00+00:00 -> 2023-12-01 00:00:00+00:00
2026-08-03 04:31:51.732 INFO DuckDB memory logs:
  database_name database_size  block_size  ...  wal_size  memory_usage  memory_limit
0   postgres_db       6.2 TiB           0  ...   0 bytes       1.0 GiB      76.2 GiB
1        memory       0 bytes           0  ...   0 bytes       1.0 GiB      76.2 GiB

[2 rows x 9 columns]
2026-08-03 04:31:51.732 INFO Loading data (2023-11-01 00:00:00+00:00 -> 2023-12-01 00:00:00+00:00) done in 50.15s (real) and 27.03s (process)
2026-08-03 04:31:51.732 INFO Memory usage (start of timestep, peak): 30.19 GiB
2026-08-03 04:31:51.733 INFO Memory usage (start of timestep, current): 20.24 GiB
2026-08-03 04:31:51.733 INFO Calculating metrics
2026-08-03 04:31:51.733 INFO Calculating metric: statement_count
2026-08-03 04:31:51.765 INFO [statement_count] Memory snapshot — cache: 0.00 MB (type <class 'numpy.int64'>, N/A entries)
2026-08-03 04:31:51.765 INFO Calculating metric: reference_existence_per_statement_count_df
2026-08-03 04:42:33.508 INFO [reference_existence_per_statement_count_df] Memory snapshot — total: 13898.14 MB
  cache: 0.00 MB (N/A entries)
  cache_df: 13898.14 MB (114739729 entries)
2026-08-03 04:42:33.522 INFO Calculating metric: reference_completeness_df
2026-08-03 04:42:33.529 INFO [reference_completeness_df] Memory snapshot — cache: 0.00 MB (type <class 'numpy.float64'>, N/A entries)
2026-08-03 04:42:33.529 INFO Memory usage (end of timestep, peak): 30.19 GiB
2026-08-03 04:42:33.529 INFO Memory usage (end of timestep, current): 19.95 GiB
2026-08-03 04:42:33.529 INFO (Iteration 134) statement_count: real 0.03s | cpu 0.25s
2026-08-03 04:42:33.529 INFO (Iteration 134) reference_existence_per_statement_count_df: real 641.76s | cpu 645.13s
2026-08-03 04:42:33.529 INFO (Iteration 134) reference_completeness_df: real 0.01s | cpu 0.00s
2026-08-03 04:42:33.529 INFO Iteration 134 finished in 691.95s (real) and 672.41s (process)
2026-08-03 04:42:33.536 INFO Start timestep 2023-12-01 00:00:00+00:00 -> 2023-12-31 00:00:00+00:00
2026-08-03 04:43:33.081 INFO DuckDB memory logs:
  database_name database_size  block_size  ...  wal_size  memory_usage  memory_limit
0   postgres_db       6.2 TiB           0  ...   0 bytes       1.0 GiB      76.2 GiB
1        memory       0 bytes           0  ...   0 bytes       1.0 GiB      76.2 GiB

[2 rows x 9 columns]
2026-08-03 04:43:33.081 INFO Loading data (2023-12-01 00:00:00+00:00 -> 2023-12-31 00:00:00+00:00) done in 59.54s (real) and 39.76s (process)
2026-08-03 04:43:33.081 INFO Memory usage (start of timestep, peak): 30.19 GiB
2026-08-03 04:43:33.081 INFO Memory usage (start of timestep, current): 19.67 GiB
2026-08-03 04:43:33.081 INFO Calculating metrics
2026-08-03 04:43:33.081 INFO Calculating metric: statement_count
2026-08-03 04:43:33.113 INFO [statement_count] Memory snapshot — cache: 0.00 MB (type <class 'numpy.int64'>, N/A entries)
2026-08-03 04:43:33.113 INFO Calculating metric: reference_existence_per_statement_count_df
2026-08-03 04:54:27.134 INFO [reference_existence_per_statement_count_df] Memory snapshot — total: 13938.12 MB
  cache: 0.00 MB (N/A entries)
  cache_df: 13938.12 MB (115068805 entries)
2026-08-03 04:54:27.148 INFO Calculating metric: reference_completeness_df
2026-08-03 04:54:27.154 INFO [reference_completeness_df] Memory snapshot — cache: 0.00 MB (type <class 'numpy.float64'>, N/A entries)
2026-08-03 04:54:27.154 INFO Memory usage (end of timestep, peak): 30.19 GiB
2026-08-03 04:54:27.155 INFO Memory usage (end of timestep, current): 19.93 GiB
2026-08-03 04:54:27.155 INFO (Iteration 135) statement_count: real 0.03s | cpu 0.24s
2026-08-03 04:54:27.155 INFO (Iteration 135) reference_existence_per_statement_count_df: real 654.03s | cpu 657.48s
2026-08-03 04:54:27.155 INFO (Iteration 135) reference_completeness_df: real 0.01s | cpu 0.00s
2026-08-03 04:54:27.155 INFO Iteration 135 finished in 713.62s (real) and 697.49s (process)
2026-08-03 04:54:27.170 INFO Start timestep 2023-12-31 00:00:00+00:00 -> 2024-01-30 00:00:00+00:00
2026-08-03 04:55:29.376 INFO DuckDB memory logs:
  database_name database_size  block_size  ...  wal_size  memory_usage  memory_limit
0   postgres_db       6.2 TiB           0  ...   0 bytes       1.2 GiB      76.2 GiB
1        memory       0 bytes           0  ...   0 bytes       1.2 GiB      76.2 GiB

[2 rows x 9 columns]
2026-08-03 04:55:29.376 INFO Loading data (2023-12-31 00:00:00+00:00 -> 2024-01-30 00:00:00+00:00) done in 62.21s (real) and 15.51s (process)
2026-08-03 04:55:29.377 INFO Memory usage (start of timestep, peak): 30.19 GiB
2026-08-03 04:55:29.377 INFO Memory usage (start of timestep, current): 20.15 GiB
2026-08-03 04:55:29.377 INFO Calculating metrics
2026-08-03 04:55:29.377 INFO Calculating metric: statement_count
2026-08-03 04:55:29.409 INFO [statement_count] Memory snapshot — cache: 0.00 MB (type <class 'numpy.int64'>, N/A entries)
2026-08-03 04:55:29.409 INFO Calculating metric: reference_existence_per_statement_count_df
2026-08-03 05:06:25.746 INFO [reference_existence_per_statement_count_df] Memory snapshot — total: 13972.95 MB
  cache: 0.00 MB (N/A entries)
  cache_df: 13972.95 MB (115355503 entries)
2026-08-03 05:06:25.760 INFO Calculating metric: reference_completeness_df
2026-08-03 05:06:25.767 INFO [reference_completeness_df] Memory snapshot — cache: 0.00 MB (type <class 'numpy.float64'>, N/A entries)
2026-08-03 05:06:25.767 INFO Memory usage (end of timestep, peak): 30.19 GiB
2026-08-03 05:06:25.767 INFO Memory usage (end of timestep, current): 20.24 GiB
2026-08-03 05:06:25.767 INFO (Iteration 136) statement_count: real 0.03s | cpu 0.28s
2026-08-03 05:06:25.767 INFO (Iteration 136) reference_existence_per_statement_count_df: real 656.35s | cpu 660.25s
2026-08-03 05:06:25.767 INFO (Iteration 136) reference_completeness_df: real 0.01s | cpu 0.00s
2026-08-03 05:06:25.767 INFO Iteration 136 finished in 718.60s (real) and 676.05s (process)
2026-08-03 05:06:25.770 INFO Start timestep 2024-01-30 00:00:00+00:00 -> 2024-02-29 00:00:00+00:00
2026-08-03 05:07:24.375 INFO DuckDB memory logs:
  database_name database_size  block_size  ...  wal_size  memory_usage  memory_limit
0   postgres_db       6.2 TiB           0  ...   0 bytes       1.1 GiB      76.2 GiB
1        memory       0 bytes           0  ...   0 bytes       1.1 GiB      76.2 GiB

[2 rows x 9 columns]
2026-08-03 05:07:24.376 INFO Loading data (2024-01-30 00:00:00+00:00 -> 2024-02-29 00:00:00+00:00) done in 58.60s (real) and 13.59s (process)
2026-08-03 05:07:24.376 INFO Memory usage (start of timestep, peak): 30.19 GiB
2026-08-03 05:07:24.376 INFO Memory usage (start of timestep, current): 20.09 GiB
2026-08-03 05:07:24.376 INFO Calculating metrics
2026-08-03 05:07:24.376 INFO Calculating metric: statement_count
2026-08-03 05:07:24.413 INFO [statement_count] Memory snapshot — cache: 0.00 MB (type <class 'numpy.int64'>, N/A entries)
2026-08-03 05:07:24.413 INFO Calculating metric: reference_existence_per_statement_count_df
2026-08-03 05:18:46.187 INFO [reference_existence_per_statement_count_df] Memory snapshot — total: 14003.82 MB
  cache: 0.00 MB (N/A entries)
  cache_df: 14003.82 MB (115609856 entries)
2026-08-03 05:18:46.201 INFO Calculating metric: reference_completeness_df
2026-08-03 05:18:46.210 INFO [reference_completeness_df] Memory snapshot — cache: 0.00 MB (type <class 'numpy.float64'>, N/A entries)
2026-08-03 05:18:46.210 INFO Memory usage (end of timestep, peak): 30.19 GiB
2026-08-03 05:18:46.210 INFO Memory usage (end of timestep, current): 20.07 GiB
2026-08-03 05:18:46.210 INFO (Iteration 137) statement_count: real 0.04s | cpu 0.29s
2026-08-03 05:18:46.210 INFO (Iteration 137) reference_existence_per_statement_count_df: real 681.79s | cpu 685.47s
2026-08-03 05:18:46.210 INFO (Iteration 137) reference_completeness_df: real 0.01s | cpu 0.00s
2026-08-03 05:18:46.210 INFO Iteration 137 finished in 740.44s (real) and 699.37s (process)
2026-08-03 05:18:46.230 INFO Start timestep 2024-02-29 00:00:00+00:00 -> 2024-03-30 00:00:00+00:00
2026-08-03 05:19:53.264 INFO DuckDB memory logs:
  database_name database_size  block_size  ...  wal_size  memory_usage  memory_limit
0   postgres_db       6.2 TiB           0  ...   0 bytes       1.4 GiB      76.2 GiB
1        memory       0 bytes           0  ...   0 bytes       1.4 GiB      76.2 GiB

[2 rows x 9 columns]
2026-08-03 05:19:53.264 INFO Loading data (2024-02-29 00:00:00+00:00 -> 2024-03-30 00:00:00+00:00) done in 67.03s (real) and 17.01s (process)
2026-08-03 05:19:53.265 INFO Memory usage (start of timestep, peak): 30.19 GiB
2026-08-03 05:19:53.265 INFO Memory usage (start of timestep, current): 20.37 GiB
2026-08-03 05:19:53.265 INFO Calculating metrics
2026-08-03 05:19:53.265 INFO Calculating metric: statement_count
2026-08-03 05:19:53.298 INFO [statement_count] Memory snapshot — cache: 0.00 MB (type <class 'numpy.int64'>, N/A entries)
2026-08-03 05:19:53.298 INFO Calculating metric: reference_existence_per_statement_count_df
2026-08-03 05:31:05.280 INFO [reference_existence_per_statement_count_df] Memory snapshot — total: 14061.22 MB
  cache: 0.00 MB (N/A entries)
  cache_df: 14061.22 MB (116083228 entries)
2026-08-03 05:31:05.293 INFO Calculating metric: reference_completeness_df
2026-08-03 05:31:05.302 INFO [reference_completeness_df] Memory snapshot — cache: 0.00 MB (type <class 'numpy.float64'>, N/A entries)
2026-08-03 05:31:05.302 INFO Memory usage (end of timestep, peak): 30.19 GiB
2026-08-03 05:31:05.302 INFO Memory usage (end of timestep, current): 20.42 GiB
2026-08-03 05:31:05.303 INFO (Iteration 138) statement_count: real 0.03s | cpu 0.32s
2026-08-03 05:31:05.303 INFO (Iteration 138) reference_existence_per_statement_count_df: real 671.99s | cpu 675.95s
2026-08-03 05:31:05.303 INFO (Iteration 138) reference_completeness_df: real 0.01s | cpu 0.00s
2026-08-03 05:31:05.303 INFO Iteration 138 finished in 739.07s (real) and 693.28s (process)
2026-08-03 05:31:05.305 INFO Start timestep 2024-03-30 00:00:00+00:00 -> 2024-04-29 00:00:00+00:00
2026-08-03 05:32:08.460 INFO DuckDB memory logs:
  database_name database_size  block_size  ...  wal_size  memory_usage  memory_limit
0   postgres_db       6.2 TiB           0  ...   0 bytes       1.5 GiB      76.2 GiB
1        memory       0 bytes           0  ...   0 bytes       1.5 GiB      76.2 GiB

[2 rows x 9 columns]
2026-08-03 05:32:08.460 INFO Loading data (2024-03-30 00:00:00+00:00 -> 2024-04-29 00:00:00+00:00) done in 63.16s (real) and 37.99s (process)
2026-08-03 05:32:08.460 INFO Memory usage (start of timestep, peak): 30.19 GiB
2026-08-03 05:32:08.460 INFO Memory usage (start of timestep, current): 20.89 GiB
2026-08-03 05:32:08.460 INFO Calculating metrics
2026-08-03 05:32:08.460 INFO Calculating metric: statement_count
2026-08-03 05:32:08.491 INFO [statement_count] Memory snapshot — cache: 0.00 MB (type <class 'numpy.int64'>, N/A entries)
2026-08-03 05:32:08.491 INFO Calculating metric: reference_existence_per_statement_count_df
2026-08-03 05:44:06.320 INFO [reference_existence_per_statement_count_df] Memory snapshot — total: 14118.75 MB
  cache: 0.00 MB (N/A entries)
  cache_df: 14118.75 MB (116557150 entries)
2026-08-03 05:44:06.333 INFO Calculating metric: reference_completeness_df
2026-08-03 05:44:06.339 INFO [reference_completeness_df] Memory snapshot — cache: 0.00 MB (type <class 'numpy.float64'>, N/A entries)
2026-08-03 05:44:06.339 INFO Memory usage (end of timestep, peak): 30.49 GiB
2026-08-03 05:44:06.339 INFO Memory usage (end of timestep, current): 20.96 GiB
2026-08-03 05:44:06.339 INFO (Iteration 139) statement_count: real 0.03s | cpu 0.31s
2026-08-03 05:44:06.339 INFO (Iteration 139) reference_existence_per_statement_count_df: real 717.84s | cpu 721.34s
2026-08-03 05:44:06.339 INFO (Iteration 139) reference_completeness_df: real 0.01s | cpu 0.00s
2026-08-03 05:44:06.339 INFO Iteration 139 finished in 781.03s (real) and 759.64s (process)
2026-08-03 05:44:06.341 INFO Start timestep 2024-04-29 00:00:00+00:00 -> 2024-05-29 00:00:00+00:00
2026-08-03 05:45:23.564 INFO DuckDB memory logs:
  database_name database_size  block_size  ...  wal_size  memory_usage  memory_limit
0   postgres_db       6.2 TiB           0  ...   0 bytes       1.8 GiB      76.2 GiB
1        memory       0 bytes           0  ...   0 bytes       1.8 GiB      76.2 GiB

[2 rows x 9 columns]
2026-08-03 05:45:23.565 INFO Loading data (2024-04-29 00:00:00+00:00 -> 2024-05-29 00:00:00+00:00) done in 77.22s (real) and 22.82s (process)
2026-08-03 05:45:23.565 INFO Memory usage (start of timestep, peak): 30.49 GiB
2026-08-03 05:45:23.565 INFO Memory usage (start of timestep, current): 20.85 GiB
2026-08-03 05:45:23.565 INFO Calculating metrics
2026-08-03 05:45:23.565 INFO Calculating metric: statement_count
2026-08-03 05:45:23.595 INFO [statement_count] Memory snapshot — cache: 0.00 MB (type <class 'numpy.int64'>, N/A entries)
2026-08-03 05:45:23.595 INFO Calculating metric: reference_existence_per_statement_count_df
2026-08-03 05:57:41.560 INFO [reference_existence_per_statement_count_df] Memory snapshot — total: 14193.25 MB
  cache: 0.00 MB (N/A entries)
  cache_df: 14193.25 MB (117170543 entries)
2026-08-03 05:57:41.573 INFO Calculating metric: reference_completeness_df
2026-08-03 05:57:41.579 INFO [reference_completeness_df] Memory snapshot — cache: 0.00 MB (type <class 'numpy.float64'>, N/A entries)
2026-08-03 05:57:41.579 INFO Memory usage (end of timestep, peak): 30.58 GiB
2026-08-03 05:57:41.580 INFO Memory usage (end of timestep, current): 21.21 GiB
2026-08-03 05:57:41.580 INFO (Iteration 140) statement_count: real 0.03s | cpu 0.31s
2026-08-03 05:57:41.580 INFO (Iteration 140) reference_existence_per_statement_count_df: real 737.98s | cpu 741.49s
2026-08-03 05:57:41.580 INFO (Iteration 140) reference_completeness_df: real 0.01s | cpu 0.00s
2026-08-03 05:57:41.580 INFO Iteration 140 finished in 815.24s (real) and 764.62s (process)
2026-08-03 05:57:41.587 INFO Start timestep 2024-05-29 00:00:00+00:00 -> 2024-06-28 00:00:00+00:00
2026-08-03 05:59:06.981 INFO DuckDB memory logs:
  database_name database_size  block_size  ...  wal_size  memory_usage  memory_limit
0   postgres_db       6.2 TiB           0  ...   0 bytes       1.9 GiB      76.2 GiB
1        memory       0 bytes           0  ...   0 bytes       1.9 GiB      76.2 GiB

[2 rows x 9 columns]
2026-08-03 05:59:06.981 INFO Loading data (2024-05-29 00:00:00+00:00 -> 2024-06-28 00:00:00+00:00) done in 85.39s (real) and 23.68s (process)
2026-08-03 05:59:06.982 INFO Memory usage (start of timestep, peak): 30.58 GiB
2026-08-03 05:59:06.982 INFO Memory usage (start of timestep, current): 21.26 GiB
2026-08-03 05:59:06.982 INFO Calculating metrics
2026-08-03 05:59:06.982 INFO Calculating metric: statement_count
2026-08-03 05:59:07.018 INFO [statement_count] Memory snapshot — cache: 0.00 MB (type <class 'numpy.int64'>, N/A entries)
2026-08-03 05:59:07.018 INFO Calculating metric: reference_existence_per_statement_count_df
2026-08-03 06:10:31.789 INFO [reference_existence_per_statement_count_df] Memory snapshot — total: 14294.81 MB
  cache: 0.00 MB (N/A entries)
  cache_df: 14294.81 MB (118004579 entries)
2026-08-03 06:10:31.804 INFO Calculating metric: reference_completeness_df
2026-08-03 06:10:31.811 INFO [reference_completeness_df] Memory snapshot — cache: 0.00 MB (type <class 'numpy.float64'>, N/A entries)
2026-08-03 06:10:31.812 INFO Memory usage (end of timestep, peak): 30.82 GiB
2026-08-03 06:10:31.812 INFO Memory usage (end of timestep, current): 21.04 GiB
2026-08-03 06:10:31.812 INFO (Iteration 141) statement_count: real 0.04s | cpu 0.40s
2026-08-03 06:10:31.812 INFO (Iteration 141) reference_existence_per_statement_count_df: real 684.79s | cpu 688.69s
2026-08-03 06:10:31.812 INFO (Iteration 141) reference_completeness_df: real 0.01s | cpu 0.00s
2026-08-03 06:10:31.812 INFO Iteration 141 finished in 770.22s (real) and 712.77s (process)
2026-08-03 06:10:31.830 INFO Start timestep 2024-06-28 00:00:00+00:00 -> 2024-07-28 00:00:00+00:00
2026-08-03 06:12:09.634 INFO DuckDB memory logs:
  database_name database_size  block_size  ...  wal_size  memory_usage  memory_limit
0   postgres_db       6.2 TiB           0  ...   0 bytes       2.1 GiB      76.2 GiB
1        memory       0 bytes           0  ...   0 bytes       2.1 GiB      76.2 GiB

[2 rows x 9 columns]
2026-08-03 06:12:09.635 INFO Loading data (2024-06-28 00:00:00+00:00 -> 2024-07-28 00:00:00+00:00) done in 97.81s (real) and 25.68s (process)
2026-08-03 06:12:09.635 INFO Memory usage (start of timestep, peak): 30.82 GiB
2026-08-03 06:12:09.635 INFO Memory usage (start of timestep, current): 21.22 GiB
2026-08-03 06:12:09.635 INFO Calculating metrics
2026-08-03 06:12:09.635 INFO Calculating metric: statement_count
2026-08-03 06:12:09.671 INFO [statement_count] Memory snapshot — cache: 0.00 MB (type <class 'numpy.int64'>, N/A entries)
2026-08-03 06:12:09.671 INFO Calculating metric: reference_existence_per_statement_count_df
2026-08-03 06:23:33.100 INFO [reference_existence_per_statement_count_df] Memory snapshot — total: 14445.53 MB
  cache: 0.00 MB (N/A entries)
  cache_df: 14445.53 MB (119241086 entries)
2026-08-03 06:23:33.101 INFO Calculating metric: reference_completeness_df
2026-08-03 06:23:33.108 INFO [reference_completeness_df] Memory snapshot — cache: 0.00 MB (type <class 'numpy.float64'>, N/A entries)
2026-08-03 06:23:33.108 INFO Memory usage (end of timestep, peak): 31.25 GiB
2026-08-03 06:23:33.108 INFO Memory usage (end of timestep, current): 21.74 GiB
2026-08-03 06:23:33.108 INFO (Iteration 142) statement_count: real 0.04s | cpu 0.40s
2026-08-03 06:23:33.108 INFO (Iteration 142) reference_existence_per_statement_count_df: real 683.43s | cpu 687.73s
2026-08-03 06:23:33.108 INFO (Iteration 142) reference_completeness_df: real 0.01s | cpu 0.00s
2026-08-03 06:23:33.108 INFO Iteration 142 finished in 781.28s (real) and 713.81s (process)
2026-08-03 06:23:33.127 INFO Start timestep 2024-07-28 00:00:00+00:00 -> 2024-08-27 00:00:00+00:00
2026-08-03 06:25:02.774 INFO DuckDB memory logs:
  database_name database_size  block_size  ...  wal_size  memory_usage  memory_limit
0   postgres_db       6.2 TiB           0  ...   0 bytes       2.2 GiB      76.2 GiB
1        memory       0 bytes           0  ...   0 bytes       2.2 GiB      76.2 GiB

[2 rows x 9 columns]
2026-08-03 06:25:02.790 INFO Loading data (2024-07-28 00:00:00+00:00 -> 2024-08-27 00:00:00+00:00) done in 89.66s (real) and 28.26s (process)
2026-08-03 06:25:02.790 INFO Memory usage (start of timestep, peak): 31.25 GiB
2026-08-03 06:25:02.790 INFO Memory usage (start of timestep, current): 21.84 GiB
2026-08-03 06:25:02.790 INFO Calculating metrics
2026-08-03 06:25:02.790 INFO Calculating metric: statement_count
2026-08-03 06:25:02.838 INFO [statement_count] Memory snapshot — cache: 0.00 MB (type <class 'numpy.int64'>, N/A entries)
2026-08-03 06:25:02.838 INFO Calculating metric: reference_existence_per_statement_count_df
2026-08-03 06:37:35.094 INFO [reference_existence_per_statement_count_df] Memory snapshot — total: 14724.96 MB
  cache: 0.00 MB (N/A entries)
  cache_df: 14724.96 MB (121531568 entries)
2026-08-03 06:37:35.095 INFO Calculating metric: reference_completeness_df
2026-08-03 06:37:35.101 INFO [reference_completeness_df] Memory snapshot — cache: 0.00 MB (type <class 'numpy.float64'>, N/A entries)
2026-08-03 06:37:35.101 INFO Memory usage (end of timestep, peak): 31.89 GiB
2026-08-03 06:37:35.102 INFO Memory usage (end of timestep, current): 21.75 GiB
2026-08-03 06:37:35.102 INFO (Iteration 143) statement_count: real 0.05s | cpu 0.53s
2026-08-03 06:37:35.102 INFO (Iteration 143) reference_existence_per_statement_count_df: real 752.26s | cpu 756.81s
2026-08-03 06:37:35.102 INFO (Iteration 143) reference_completeness_df: real 0.01s | cpu 0.00s
2026-08-03 06:37:35.102 INFO Iteration 143 finished in 841.97s (real) and 785.61s (process)
2026-08-03 06:37:35.109 INFO Start timestep 2024-08-27 00:00:00+00:00 -> 2024-09-26 00:00:00+00:00
2026-08-03 06:38:26.171 INFO DuckDB memory logs:
  database_name database_size  block_size  ...  wal_size  memory_usage  memory_limit
0   postgres_db       6.2 TiB           0  ...   0 bytes       1.1 GiB      76.2 GiB
1        memory       0 bytes           0  ...   0 bytes       1.1 GiB      76.2 GiB

[2 rows x 9 columns]
2026-08-03 06:38:26.171 INFO Loading data (2024-08-27 00:00:00+00:00 -> 2024-09-26 00:00:00+00:00) done in 51.06s (real) and 14.55s (process)
2026-08-03 06:38:26.171 INFO Memory usage (start of timestep, peak): 31.89 GiB
2026-08-03 06:38:26.171 INFO Memory usage (start of timestep, current): 20.63 GiB
2026-08-03 06:38:26.171 INFO Calculating metrics
2026-08-03 06:38:26.171 INFO Calculating metric: statement_count
2026-08-03 06:38:26.202 INFO [statement_count] Memory snapshot — cache: 0.00 MB (type <class 'numpy.int64'>, N/A entries)
2026-08-03 06:38:26.202 INFO Calculating metric: reference_existence_per_statement_count_df
2026-08-03 06:50:49.088 INFO [reference_existence_per_statement_count_df] Memory snapshot — total: 14782.30 MB
  cache: 0.00 MB (N/A entries)
  cache_df: 14782.30 MB (122001429 entries)
2026-08-03 06:50:49.089 INFO Calculating metric: reference_completeness_df
2026-08-03 06:50:49.095 INFO [reference_completeness_df] Memory snapshot — cache: 0.00 MB (type <class 'numpy.float64'>, N/A entries)
2026-08-03 06:50:49.095 INFO Memory usage (end of timestep, peak): 31.89 GiB
2026-08-03 06:50:49.095 INFO Memory usage (end of timestep, current): 21.16 GiB
2026-08-03 06:50:49.095 INFO (Iteration 144) statement_count: real 0.03s | cpu 0.30s
2026-08-03 06:50:49.096 INFO (Iteration 144) reference_existence_per_statement_count_df: real 742.89s | cpu 746.43s
2026-08-03 06:50:49.096 INFO (Iteration 144) reference_completeness_df: real 0.01s | cpu 0.00s
2026-08-03 06:50:49.096 INFO Iteration 144 finished in 793.99s (real) and 761.28s (process)
2026-08-03 06:50:49.101 INFO Start timestep 2024-09-26 00:00:00+00:00 -> 2024-10-26 00:00:00+00:00
2026-08-03 06:51:28.110 INFO DuckDB memory logs:
  database_name database_size  block_size  ...  wal_size  memory_usage  memory_limit
0   postgres_db       6.2 TiB           0  ...   0 bytes     915.2 MiB      76.2 GiB
1        memory       0 bytes           0  ...   0 bytes     915.2 MiB      76.2 GiB

[2 rows x 9 columns]
2026-08-03 06:51:28.110 INFO Loading data (2024-09-26 00:00:00+00:00 -> 2024-10-26 00:00:00+00:00) done in 39.01s (real) and 10.87s (process)
2026-08-03 06:51:28.110 INFO Memory usage (start of timestep, peak): 31.89 GiB
2026-08-03 06:51:28.111 INFO Memory usage (start of timestep, current): 20.90 GiB
2026-08-03 06:51:28.111 INFO Calculating metrics
2026-08-03 06:51:28.111 INFO Calculating metric: statement_count
2026-08-03 06:51:28.137 INFO [statement_count] Memory snapshot — cache: 0.00 MB (type <class 'numpy.int64'>, N/A entries)
2026-08-03 06:51:28.137 INFO Calculating metric: reference_existence_per_statement_count_df
2026-08-03 07:02:44.411 INFO [reference_existence_per_statement_count_df] Memory snapshot — total: 14798.99 MB
  cache: 0.00 MB (N/A entries)
  cache_df: 14798.99 MB (122138621 entries)
2026-08-03 07:02:44.425 INFO Calculating metric: reference_completeness_df
2026-08-03 07:02:44.433 INFO [reference_completeness_df] Memory snapshot — cache: 0.00 MB (type <class 'numpy.float64'>, N/A entries)
2026-08-03 07:02:44.433 INFO Memory usage (end of timestep, peak): 31.89 GiB
2026-08-03 07:02:44.433 INFO Memory usage (end of timestep, current): 20.78 GiB
2026-08-03 07:02:44.433 INFO (Iteration 145) statement_count: real 0.03s | cpu 0.23s
2026-08-03 07:02:44.434 INFO (Iteration 145) reference_existence_per_statement_count_df: real 676.29s | cpu 679.62s
2026-08-03 07:02:44.434 INFO (Iteration 145) reference_completeness_df: real 0.01s | cpu 0.00s
2026-08-03 07:02:44.434 INFO Iteration 145 finished in 715.33s (real) and 690.72s (process)
2026-08-03 07:02:44.449 INFO Start timestep 2024-10-26 00:00:00+00:00 -> 2024-11-25 00:00:00+00:00
2026-08-03 07:04:10.667 INFO DuckDB memory logs:
  database_name database_size  block_size  ...  wal_size  memory_usage  memory_limit
0   postgres_db       6.2 TiB           0  ...   0 bytes       1.8 GiB      76.2 GiB
1        memory       0 bytes           0  ...   0 bytes       1.8 GiB      76.2 GiB

[2 rows x 9 columns]
2026-08-03 07:04:10.668 INFO Loading data (2024-10-26 00:00:00+00:00 -> 2024-11-25 00:00:00+00:00) done in 86.22s (real) and 22.97s (process)
2026-08-03 07:04:10.668 INFO Memory usage (start of timestep, peak): 31.89 GiB
2026-08-03 07:04:10.668 INFO Memory usage (start of timestep, current): 21.73 GiB
2026-08-03 07:04:10.668 INFO Calculating metrics
2026-08-03 07:04:10.668 INFO Calculating metric: statement_count
2026-08-03 07:04:10.708 INFO [statement_count] Memory snapshot — cache: 0.00 MB (type <class 'numpy.int64'>, N/A entries)
2026-08-03 07:04:10.709 INFO Calculating metric: reference_existence_per_statement_count_df
2026-08-03 07:15:51.844 INFO [reference_existence_per_statement_count_df] Memory snapshot — total: 14863.75 MB
  cache: 0.00 MB (N/A entries)
  cache_df: 14863.75 MB (122671668 entries)
2026-08-03 07:15:51.845 INFO Calculating metric: reference_completeness_df
2026-08-03 07:15:51.851 INFO [reference_completeness_df] Memory snapshot — cache: 0.00 MB (type <class 'numpy.float64'>, N/A entries)
2026-08-03 07:15:51.851 INFO Memory usage (end of timestep, peak): 31.89 GiB
2026-08-03 07:15:51.852 INFO Memory usage (end of timestep, current): 21.98 GiB
2026-08-03 07:15:51.852 INFO (Iteration 146) statement_count: real 0.04s | cpu 0.37s
2026-08-03 07:15:51.852 INFO (Iteration 146) reference_existence_per_statement_count_df: real 701.14s | cpu 705.78s
2026-08-03 07:15:51.852 INFO (Iteration 146) reference_completeness_df: real 0.01s | cpu 0.00s
2026-08-03 07:15:51.852 INFO Iteration 146 finished in 787.40s (real) and 729.12s (process)
2026-08-03 07:15:51.862 INFO Start timestep 2024-11-25 00:00:00+00:00 -> 2024-12-25 00:00:00+00:00
2026-08-03 07:18:01.179 INFO DuckDB memory logs:
  database_name database_size  block_size  ...  wal_size  memory_usage  memory_limit
0   postgres_db       6.2 TiB           0  ...   0 bytes       2.9 GiB      76.2 GiB
1        memory       0 bytes           0  ...   0 bytes       2.9 GiB      76.2 GiB

[2 rows x 9 columns]
2026-08-03 07:18:01.179 INFO Loading data (2024-11-25 00:00:00+00:00 -> 2024-12-25 00:00:00+00:00) done in 129.32s (real) and 37.13s (process)
2026-08-03 07:18:01.179 INFO Memory usage (start of timestep, peak): 31.89 GiB
2026-08-03 07:18:01.180 INFO Memory usage (start of timestep, current): 23.02 GiB
2026-08-03 07:18:01.180 INFO Calculating metrics
2026-08-03 07:18:01.180 INFO Calculating metric: statement_count
2026-08-03 07:18:01.217 INFO [statement_count] Memory snapshot — cache: 0.00 MB (type <class 'numpy.int64'>, N/A entries)
2026-08-03 07:18:01.217 INFO Calculating metric: reference_existence_per_statement_count_df
2026-08-03 07:30:23.850 INFO [reference_existence_per_statement_count_df] Memory snapshot — total: 14967.82 MB
  cache: 0.00 MB (N/A entries)
  cache_df: 14967.82 MB (123530663 entries)
2026-08-03 07:30:23.863 INFO Calculating metric: reference_completeness_df
2026-08-03 07:30:23.871 INFO [reference_completeness_df] Memory snapshot — cache: 0.00 MB (type <class 'numpy.float64'>, N/A entries)
2026-08-03 07:30:23.871 INFO Memory usage (end of timestep, peak): 33.00 GiB
2026-08-03 07:30:23.871 INFO Memory usage (end of timestep, current): 22.94 GiB
2026-08-03 07:30:23.871 INFO (Iteration 147) statement_count: real 0.04s | cpu 0.42s
2026-08-03 07:30:23.871 INFO (Iteration 147) reference_existence_per_statement_count_df: real 742.65s | cpu 748.00s
2026-08-03 07:30:23.871 INFO (Iteration 147) reference_completeness_df: real 0.01s | cpu 0.00s
2026-08-03 07:30:23.871 INFO Iteration 147 finished in 872.01s (real) and 785.56s (process)
2026-08-03 07:30:23.876 INFO Start timestep 2024-12-25 00:00:00+00:00 -> 2025-01-24 00:00:00+00:00
2026-08-03 07:32:35.259 INFO DuckDB memory logs:
  database_name database_size  block_size  ...  wal_size  memory_usage  memory_limit
0   postgres_db       6.2 TiB           0  ...   0 bytes       2.9 GiB      76.2 GiB
1        memory       0 bytes           0  ...   0 bytes       2.9 GiB      76.2 GiB

[2 rows x 9 columns]
2026-08-03 07:32:35.260 INFO Loading data (2024-12-25 00:00:00+00:00 -> 2025-01-24 00:00:00+00:00) done in 131.38s (real) and 37.64s (process)
2026-08-03 07:32:35.260 INFO Memory usage (start of timestep, peak): 33.00 GiB
2026-08-03 07:32:35.260 INFO Memory usage (start of timestep, current): 22.94 GiB
2026-08-03 07:32:35.261 INFO Calculating metrics
2026-08-03 07:32:35.261 INFO Calculating metric: statement_count
2026-08-03 07:32:35.301 INFO [statement_count] Memory snapshot — cache: 0.00 MB (type <class 'numpy.int64'>, N/A entries)
2026-08-03 07:32:35.301 INFO Calculating metric: reference_existence_per_statement_count_df
2026-08-03 07:44:05.662 INFO [reference_existence_per_statement_count_df] Memory snapshot — total: 15081.32 MB
  cache: 0.00 MB (N/A entries)
  cache_df: 15081.32 MB (124466929 entries)
2026-08-03 07:44:05.673 INFO Calculating metric: reference_completeness_df
2026-08-03 07:44:05.681 INFO [reference_completeness_df] Memory snapshot — cache: 0.00 MB (type <class 'numpy.float64'>, N/A entries)
2026-08-03 07:44:05.681 INFO Memory usage (end of timestep, peak): 33.23 GiB
2026-08-03 07:44:05.682 INFO Memory usage (end of timestep, current): 23.17 GiB
2026-08-03 07:44:05.682 INFO (Iteration 148) statement_count: real 0.04s | cpu 0.43s
2026-08-03 07:44:05.682 INFO (Iteration 148) reference_existence_per_statement_count_df: real 690.37s | cpu 695.77s
2026-08-03 07:44:05.682 INFO (Iteration 148) reference_completeness_df: real 0.01s | cpu 0.00s
2026-08-03 07:44:05.682 INFO Iteration 148 finished in 821.81s (real) and 733.84s (process)
2026-08-03 07:44:05.693 INFO Start timestep 2025-01-24 00:00:00+00:00 -> 2025-02-23 00:00:00+00:00
2026-08-03 07:45:46.709 INFO DuckDB memory logs:
  database_name database_size  block_size  ...  wal_size  memory_usage  memory_limit
0   postgres_db       6.2 TiB           0  ...   0 bytes       2.4 GiB      76.2 GiB
1        memory       0 bytes           0  ...   0 bytes       2.4 GiB      76.2 GiB

[2 rows x 9 columns]
2026-08-03 07:45:46.721 INFO Loading data (2025-01-24 00:00:00+00:00 -> 2025-02-23 00:00:00+00:00) done in 101.03s (real) and 30.92s (process)
2026-08-03 07:45:46.721 INFO Memory usage (start of timestep, peak): 33.23 GiB
2026-08-03 07:45:46.722 INFO Memory usage (start of timestep, current): 22.63 GiB
2026-08-03 07:45:46.722 INFO Calculating metrics
2026-08-03 07:45:46.722 INFO Calculating metric: statement_count
2026-08-03 07:45:46.760 INFO [statement_count] Memory snapshot — cache: 0.00 MB (type <class 'numpy.int64'>, N/A entries)
2026-08-03 07:45:46.760 INFO Calculating metric: reference_existence_per_statement_count_df
2026-08-03 07:58:08.444 INFO [reference_existence_per_statement_count_df] Memory snapshot — total: 15172.74 MB
  cache: 0.00 MB (N/A entries)
  cache_df: 15172.74 MB (125219635 entries)
2026-08-03 07:58:08.459 INFO Calculating metric: reference_completeness_df
2026-08-03 07:58:08.467 INFO [reference_completeness_df] Memory snapshot — cache: 0.00 MB (type <class 'numpy.float64'>, N/A entries)
2026-08-03 07:58:08.467 INFO Memory usage (end of timestep, peak): 33.23 GiB
2026-08-03 07:58:08.467 INFO Memory usage (end of timestep, current): 22.89 GiB
2026-08-03 07:58:08.467 INFO (Iteration 149) statement_count: real 0.04s | cpu 0.42s
2026-08-03 07:58:08.467 INFO (Iteration 149) reference_existence_per_statement_count_df: real 741.70s | cpu 746.91s
2026-08-03 07:58:08.467 INFO (Iteration 149) reference_completeness_df: real 0.01s | cpu 0.00s
2026-08-03 07:58:08.468 INFO Iteration 149 finished in 842.77s (real) and 778.25s (process)
2026-08-03 07:58:08.473 INFO Start timestep 2025-02-23 00:00:00+00:00 -> 2025-03-25 00:00:00+00:00
2026-08-03 07:58:59.899 INFO DuckDB memory logs:
  database_name database_size  block_size  ...  wal_size  memory_usage  memory_limit
0   postgres_db       6.2 TiB           0  ...   0 bytes       1.1 GiB      76.2 GiB
1        memory       0 bytes           0  ...   0 bytes       1.1 GiB      76.2 GiB

[2 rows x 9 columns]
2026-08-03 07:58:59.899 INFO Loading data (2025-02-23 00:00:00+00:00 -> 2025-03-25 00:00:00+00:00) done in 51.43s (real) and 14.06s (process)
2026-08-03 07:58:59.899 INFO Memory usage (start of timestep, peak): 33.23 GiB
2026-08-03 07:58:59.900 INFO Memory usage (start of timestep, current): 21.59 GiB
2026-08-03 07:58:59.900 INFO Calculating metrics
2026-08-03 07:58:59.900 INFO Calculating metric: statement_count
2026-08-03 07:58:59.933 INFO [statement_count] Memory snapshot — cache: 0.00 MB (type <class 'numpy.int64'>, N/A entries)
2026-08-03 07:58:59.933 INFO Calculating metric: reference_existence_per_statement_count_df
2026-08-03 08:10:41.564 INFO [reference_existence_per_statement_count_df] Memory snapshot — total: 15200.38 MB
  cache: 0.00 MB (N/A entries)
  cache_df: 15200.38 MB (125446699 entries)
2026-08-03 08:10:41.565 INFO Calculating metric: reference_completeness_df
2026-08-03 08:10:41.574 INFO [reference_completeness_df] Memory snapshot — cache: 0.00 MB (type <class 'numpy.float64'>, N/A entries)
2026-08-03 08:10:41.574 INFO Memory usage (end of timestep, peak): 33.23 GiB
2026-08-03 08:10:41.575 INFO Memory usage (end of timestep, current): 21.56 GiB
2026-08-03 08:10:41.575 INFO (Iteration 150) statement_count: real 0.03s | cpu 0.32s
2026-08-03 08:10:41.575 INFO (Iteration 150) reference_existence_per_statement_count_df: real 701.63s | cpu 705.60s
2026-08-03 08:10:41.575 INFO (Iteration 150) reference_completeness_df: real 0.01s | cpu 0.01s
2026-08-03 08:10:41.575 INFO Iteration 150 finished in 753.10s (real) and 719.98s (process)
2026-08-03 08:10:41.576 INFO Start timestep 2025-03-25 00:00:00+00:00 -> 2025-04-24 00:00:00+00:00
2026-08-03 08:11:17.908 INFO DuckDB memory logs:
  database_name database_size  block_size  ...  wal_size  memory_usage  memory_limit
0   postgres_db       6.2 TiB           0  ...   0 bytes     753.0 MiB      76.2 GiB
1        memory       0 bytes           0  ...   0 bytes     753.0 MiB      76.2 GiB

[2 rows x 9 columns]
2026-08-03 08:11:17.908 INFO Loading data (2025-03-25 00:00:00+00:00 -> 2025-04-24 00:00:00+00:00) done in 36.33s (real) and 35.53s (process)
2026-08-03 08:11:17.908 INFO Memory usage (start of timestep, peak): 33.23 GiB
2026-08-03 08:11:17.908 INFO Memory usage (start of timestep, current): 21.30 GiB
2026-08-03 08:11:17.908 INFO Calculating metrics
2026-08-03 08:11:17.908 INFO Calculating metric: statement_count
2026-08-03 08:11:17.938 INFO [statement_count] Memory snapshot — cache: 0.00 MB (type <class 'numpy.int64'>, N/A entries)
2026-08-03 08:11:17.938 INFO Calculating metric: reference_existence_per_statement_count_df
2026-08-03 08:23:40.044 INFO [reference_existence_per_statement_count_df] Memory snapshot — total: 15220.63 MB
  cache: 0.00 MB (N/A entries)
  cache_df: 15220.63 MB (125613504 entries)
2026-08-03 08:23:40.045 INFO Calculating metric: reference_completeness_df
2026-08-03 08:23:40.051 INFO [reference_completeness_df] Memory snapshot — cache: 0.00 MB (type <class 'numpy.float64'>, N/A entries)
2026-08-03 08:23:40.051 INFO Memory usage (end of timestep, peak): 33.23 GiB
2026-08-03 08:23:40.051 INFO Memory usage (end of timestep, current): 21.42 GiB
2026-08-03 08:23:40.051 INFO (Iteration 151) statement_count: real 0.03s | cpu 0.23s
2026-08-03 08:23:40.052 INFO (Iteration 151) reference_existence_per_statement_count_df: real 742.11s | cpu 745.77s
2026-08-03 08:23:40.052 INFO (Iteration 151) reference_completeness_df: real 0.01s | cpu 0.00s
2026-08-03 08:23:40.052 INFO Iteration 151 finished in 778.47s (real) and 781.53s (process)
2026-08-03 08:23:40.055 INFO Start timestep 2025-04-24 00:00:00+00:00 -> 2025-05-24 00:00:00+00:00
2026-08-03 08:24:37.632 INFO DuckDB memory logs:
  database_name database_size  block_size  ...  wal_size  memory_usage  memory_limit
0   postgres_db       6.2 TiB           0  ...   0 bytes       1.3 GiB      76.2 GiB
1        memory       0 bytes           0  ...   0 bytes       1.3 GiB      76.2 GiB

[2 rows x 9 columns]
2026-08-03 08:24:37.632 INFO Loading data (2025-04-24 00:00:00+00:00 -> 2025-05-24 00:00:00+00:00) done in 57.58s (real) and 16.57s (process)
2026-08-03 08:24:37.632 INFO Memory usage (start of timestep, peak): 33.23 GiB
2026-08-03 08:24:37.633 INFO Memory usage (start of timestep, current): 21.83 GiB
2026-08-03 08:24:37.633 INFO Calculating metrics
2026-08-03 08:24:37.633 INFO Calculating metric: statement_count
2026-08-03 08:24:37.665 INFO [statement_count] Memory snapshot — cache: 0.00 MB (type <class 'numpy.int64'>, N/A entries)
2026-08-03 08:24:37.665 INFO Calculating metric: reference_existence_per_statement_count_df
2026-08-03 08:36:52.358 INFO [reference_existence_per_statement_count_df] Memory snapshot — total: 15277.23 MB
  cache: 0.00 MB (N/A entries)
  cache_df: 15277.23 MB (126080203 entries)
2026-08-03 08:36:52.373 INFO Calculating metric: reference_completeness_df
2026-08-03 08:36:52.380 INFO [reference_completeness_df] Memory snapshot — cache: 0.00 MB (type <class 'numpy.float64'>, N/A entries)
2026-08-03 08:36:52.380 INFO Memory usage (end of timestep, peak): 33.23 GiB
2026-08-03 08:36:52.380 INFO Memory usage (end of timestep, current): 21.97 GiB
2026-08-03 08:36:52.381 INFO (Iteration 152) statement_count: real 0.03s | cpu 0.26s
2026-08-03 08:36:52.381 INFO (Iteration 152) reference_existence_per_statement_count_df: real 734.71s | cpu 738.38s
2026-08-03 08:36:52.381 INFO (Iteration 152) reference_completeness_df: real 0.01s | cpu 0.00s
2026-08-03 08:36:52.381 INFO Iteration 152 finished in 792.33s (real) and 755.22s (process)
2026-08-03 08:36:52.391 INFO Start timestep 2025-05-24 00:00:00+00:00 -> 2025-06-23 00:00:00+00:00
2026-08-03 08:37:13.974 INFO DuckDB memory logs:
  database_name database_size  block_size  ...  wal_size  memory_usage  memory_limit
0   postgres_db       6.2 TiB           0  ...   0 bytes     441.5 MiB      76.2 GiB
1        memory       0 bytes           0  ...   0 bytes     441.5 MiB      76.2 GiB

[2 rows x 9 columns]
2026-08-03 08:37:13.975 INFO Loading data (2025-05-24 00:00:00+00:00 -> 2025-06-23 00:00:00+00:00) done in 21.58s (real) and 9.32s (process)
2026-08-03 08:37:13.975 INFO Memory usage (start of timestep, peak): 33.23 GiB
2026-08-03 08:37:13.975 INFO Memory usage (start of timestep, current): 21.09 GiB
2026-08-03 08:37:13.975 INFO Calculating metrics
2026-08-03 08:37:13.975 INFO Calculating metric: statement_count
2026-08-03 08:37:14.003 INFO [statement_count] Memory snapshot — cache: 0.00 MB (type <class 'numpy.int64'>, N/A entries)
2026-08-03 08:37:14.003 INFO Calculating metric: reference_existence_per_statement_count_df
2026-08-03 08:49:39.101 INFO [reference_existence_per_statement_count_df] Memory snapshot — total: 15293.39 MB
  cache: 0.00 MB (N/A entries)
  cache_df: 15293.39 MB (126213165 entries)
2026-08-03 08:49:39.114 INFO Calculating metric: reference_completeness_df
2026-08-03 08:49:39.120 INFO [reference_completeness_df] Memory snapshot — cache: 0.00 MB (type <class 'numpy.float64'>, N/A entries)
2026-08-03 08:49:39.120 INFO Memory usage (end of timestep, peak): 33.23 GiB
2026-08-03 08:49:39.121 INFO Memory usage (end of timestep, current): 21.12 GiB
2026-08-03 08:49:39.121 INFO (Iteration 153) statement_count: real 0.03s | cpu 0.13s
2026-08-03 08:49:39.121 INFO (Iteration 153) reference_existence_per_statement_count_df: real 745.11s | cpu 748.99s
2026-08-03 08:49:39.121 INFO (Iteration 153) reference_completeness_df: real 0.01s | cpu 0.00s
2026-08-03 08:49:39.121 INFO Iteration 153 finished in 766.73s (real) and 758.44s (process)
2026-08-03 08:49:39.126 INFO Start timestep 2025-06-23 00:00:00+00:00 -> 2025-07-23 00:00:00+00:00
2026-08-03 08:49:40.653 INFO DuckDB memory logs:
  database_name database_size  block_size  ...  wal_size  memory_usage  memory_limit
0   postgres_db       6.2 TiB           0  ...   0 bytes       0 bytes      76.2 GiB
1        memory       0 bytes           0  ...   0 bytes       0 bytes      76.2 GiB

[2 rows x 9 columns]
2026-08-03 08:49:40.653 INFO Loading data (2025-06-23 00:00:00+00:00 -> 2025-07-23 00:00:00+00:00) done in 1.53s (real) and 0.08s (process)
2026-08-03 08:49:40.653 INFO Memory usage (start of timestep, peak): 33.23 GiB
2026-08-03 08:49:40.653 INFO Memory usage (start of timestep, current): 21.02 GiB
2026-08-03 08:49:40.653 INFO Calculating metrics
2026-08-03 08:49:40.653 INFO Calculating metric: statement_count
2026-08-03 08:49:40.665 INFO [statement_count] Memory snapshot — cache: 0.00 MB (type <class 'numpy.int64'>, N/A entries)
2026-08-03 08:49:40.665 INFO Calculating metric: reference_existence_per_statement_count_df
2026-08-03 08:51:04.940 INFO [reference_existence_per_statement_count_df] Memory snapshot — total: 15293.39 MB
  cache: 0.00 MB (N/A entries)
  cache_df: 15293.39 MB (126213165 entries)
2026-08-03 08:51:04.952 INFO Calculating metric: reference_completeness_df
2026-08-03 08:51:04.959 INFO [reference_completeness_df] Memory snapshot — cache: 0.00 MB (type <class 'numpy.float64'>, N/A entries)
2026-08-03 08:51:04.960 INFO Memory usage (end of timestep, peak): 33.23 GiB
2026-08-03 08:51:04.960 INFO Memory usage (end of timestep, current): 21.02 GiB
2026-08-03 08:51:04.960 INFO (Iteration 154) statement_count: real 0.01s | cpu 0.01s
2026-08-03 08:51:04.960 INFO (Iteration 154) reference_existence_per_statement_count_df: real 84.29s | cpu 84.65s
2026-08-03 08:51:04.960 INFO (Iteration 154) reference_completeness_df: real 0.01s | cpu 0.00s
2026-08-03 08:51:04.960 INFO Iteration 154 finished in 85.83s (real) and 84.74s (process)
2026-08-03 08:51:04.962 INFO Start timestep 2025-07-23 00:00:00+00:00 -> 2025-08-22 00:00:00+00:00
2026-08-03 08:51:06.207 INFO DuckDB memory logs:
  database_name database_size  block_size  ...  wal_size  memory_usage  memory_limit
0   postgres_db       6.2 TiB           0  ...   0 bytes       0 bytes      76.2 GiB
1        memory       0 bytes           0  ...   0 bytes       0 bytes      76.2 GiB

[2 rows x 9 columns]
2026-08-03 08:51:06.208 INFO Loading data (2025-07-23 00:00:00+00:00 -> 2025-08-22 00:00:00+00:00) done in 1.25s (real) and 0.05s (process)
2026-08-03 08:51:06.208 INFO Memory usage (start of timestep, peak): 33.23 GiB
2026-08-03 08:51:06.208 INFO Memory usage (start of timestep, current): 21.02 GiB
2026-08-03 08:51:06.208 INFO Calculating metrics
2026-08-03 08:51:06.208 INFO Calculating metric: statement_count
2026-08-03 08:51:06.215 INFO [statement_count] Memory snapshot — cache: 0.00 MB (type <class 'numpy.int64'>, N/A entries)
2026-08-03 08:51:06.215 INFO Calculating metric: reference_existence_per_statement_count_df
2026-08-03 08:52:31.473 INFO [reference_existence_per_statement_count_df] Memory snapshot — total: 15293.39 MB
  cache: 0.00 MB (N/A entries)
  cache_df: 15293.39 MB (126213165 entries)
2026-08-03 08:52:31.474 INFO Calculating metric: reference_completeness_df
2026-08-03 08:52:31.484 INFO [reference_completeness_df] Memory snapshot — cache: 0.00 MB (type <class 'numpy.float64'>, N/A entries)
2026-08-03 08:52:31.484 INFO Memory usage (end of timestep, peak): 33.23 GiB
2026-08-03 08:52:31.485 INFO Memory usage (end of timestep, current): 21.02 GiB
2026-08-03 08:52:31.485 INFO (Iteration 155) statement_count: real 0.01s | cpu 0.01s
2026-08-03 08:52:31.485 INFO (Iteration 155) reference_existence_per_statement_count_df: real 85.26s | cpu 85.63s
2026-08-03 08:52:31.485 INFO (Iteration 155) reference_completeness_df: real 0.01s | cpu 0.00s
2026-08-03 08:52:31.485 INFO Iteration 155 finished in 86.52s (real) and 85.69s (process)
