Commit at submit time: 0dd234c0705b1f48a783599c197a7c3e05c845ac
Running from snapshot: /tmp/mp2025-wikiwatch-2399005
DuckDB memory_limit: 267.0 GiB
2026-08-04 02:50:16.507 INFO starting
2026-08-04 02:50:16.507 INFO Memory logging: True
2026-08-04 02:50:16.507 INFO Less entities: False
2026-08-04 02:50:16.507 INFO Use cache: False
2026-08-04 02:50:18.080 INFO [subject_constraint_violation_count] initialized (rules=8350, watched_props=8348, use_cache=False)
2026-08-04 02:50:21.777 INFO Start timestep 2012-10-29 00:00:00+00:00 -> 2012-11-28 00:00:00+00:00
2026-08-04 02:50:30.476 INFO DuckDB memory logs:
  database_name database_size  block_size  ...  wal_size  memory_usage  memory_limit
0   postgres_db       6.2 TiB           0  ...   0 bytes     558.0 MiB     267.0 GiB
1        memory       0 bytes           0  ...   0 bytes     558.0 MiB     267.0 GiB

[2 rows x 9 columns]
2026-08-04 02:50:30.476 INFO Loading data (2012-10-29 00:00:00+00:00 -> 2012-11-28 00:00:00+00:00) done in 8.70s (real) and 4.26s (process)
2026-08-04 02:50:30.476 INFO Memory usage (start of timestep, peak): 0.70 GiB
2026-08-04 02:50:30.477 INFO Memory usage (start of timestep, current): 0.70 GiB
2026-08-04 02:50:30.477 INFO Calculating metrics
2026-08-04 02:50:30.477 INFO Calculating metric: statement_count
2026-08-04 02:50:30.503 INFO [statement_count] Memory snapshot — cache: 0.00 MB (type <class 'numpy.int64'>, N/A entries)
2026-08-04 02:50:30.503 INFO Calculating metric: reference_existence_per_statement_count_df
2026-08-04 02:50:30.514 INFO [reference_existence_per_statement_count_df] Memory snapshot — total: 0.00 MB
  cache: 0.00 MB (N/A entries)
  cache_df: 0.00 MB (0 entries)
2026-08-04 02:50:30.514 INFO Calculating metric: reference_completeness_df
2026-08-04 02:50:30.518 INFO [reference_completeness_df] Memory snapshot — cache: 0.00 MB (type <class 'numpy.float64'>, N/A entries)
2026-08-04 02:50:30.518 INFO Memory usage (end of timestep, peak): 0.70 GiB
2026-08-04 02:50:30.518 INFO Memory usage (end of timestep, current): 0.70 GiB
2026-08-04 02:50:30.519 INFO (Iteration 0) statement_count: real 0.03s | cpu 0.03s
2026-08-04 02:50:30.519 INFO (Iteration 0) reference_existence_per_statement_count_df: real 0.01s | cpu 0.01s
2026-08-04 02:50:30.519 INFO (Iteration 0) reference_completeness_df: real 0.00s | cpu 0.00s
2026-08-04 02:50:30.519 INFO Iteration 0 finished in 8.74s (real) and 4.30s (process)
2026-08-04 02:50:30.519 INFO Start timestep 2012-11-28 00:00:00+00:00 -> 2012-12-28 00:00:00+00:00
2026-08-04 02:50:49.012 INFO DuckDB memory logs:
  database_name database_size  block_size  ...  wal_size  memory_usage  memory_limit
0   postgres_db       6.2 TiB           0  ...   0 bytes       1.8 GiB     267.0 GiB
1        memory       0 bytes           0  ...   0 bytes       1.8 GiB     267.0 GiB

[2 rows x 9 columns]
2026-08-04 02:50:49.012 INFO Loading data (2012-11-28 00:00:00+00:00 -> 2012-12-28 00:00:00+00:00) done in 18.49s (real) and 25.68s (process)
2026-08-04 02:50:49.012 INFO Memory usage (start of timestep, peak): 2.17 GiB
2026-08-04 02:50:49.012 INFO Memory usage (start of timestep, current): 2.02 GiB
2026-08-04 02:50:49.012 INFO Calculating metrics
2026-08-04 02:50:49.013 INFO Calculating metric: statement_count
2026-08-04 02:50:49.044 INFO [statement_count] Memory snapshot — cache: 0.00 MB (type <class 'numpy.int64'>, N/A entries)
2026-08-04 02:50:49.044 INFO Calculating metric: reference_existence_per_statement_count_df
2026-08-04 02:50:49.052 INFO [reference_existence_per_statement_count_df] Memory snapshot — total: 0.00 MB
  cache: 0.00 MB (N/A entries)
  cache_df: 0.00 MB (0 entries)
2026-08-04 02:50:49.052 INFO Calculating metric: reference_completeness_df
2026-08-04 02:50:49.057 INFO [reference_completeness_df] Memory snapshot — cache: 0.00 MB (type <class 'numpy.float64'>, N/A entries)
2026-08-04 02:50:49.057 INFO Memory usage (end of timestep, peak): 2.17 GiB
2026-08-04 02:50:49.057 INFO Memory usage (end of timestep, current): 2.03 GiB
2026-08-04 02:50:49.058 INFO (Iteration 1) statement_count: real 0.03s | cpu 0.17s
2026-08-04 02:50:49.058 INFO (Iteration 1) reference_existence_per_statement_count_df: real 0.01s | cpu 0.01s
2026-08-04 02:50:49.058 INFO (Iteration 1) reference_completeness_df: real 0.00s | cpu 0.00s
2026-08-04 02:50:49.058 INFO Iteration 1 finished in 18.54s (real) and 25.85s (process)
2026-08-04 02:50:49.059 INFO Start timestep 2012-12-28 00:00:00+00:00 -> 2013-01-27 00:00:00+00:00
2026-08-04 02:51:00.317 INFO DuckDB memory logs:
  database_name database_size  block_size  ...  wal_size  memory_usage  memory_limit
0   postgres_db       6.2 TiB           0  ...   0 bytes       1.1 GiB     267.0 GiB
1        memory       0 bytes           0  ...   0 bytes       1.1 GiB     267.0 GiB

[2 rows x 9 columns]
2026-08-04 02:51:00.318 INFO Loading data (2012-12-28 00:00:00+00:00 -> 2013-01-27 00:00:00+00:00) done in 11.26s (real) and 13.71s (process)
2026-08-04 02:51:00.318 INFO Memory usage (start of timestep, peak): 2.17 GiB
2026-08-04 02:51:00.318 INFO Memory usage (start of timestep, current): 1.33 GiB
2026-08-04 02:51:00.318 INFO Calculating metrics
2026-08-04 02:51:00.318 INFO Calculating metric: statement_count
2026-08-04 02:51:00.349 INFO [statement_count] Memory snapshot — cache: 0.00 MB (type <class 'numpy.int64'>, N/A entries)
2026-08-04 02:51:00.349 INFO Calculating metric: reference_existence_per_statement_count_df
2026-08-04 02:51:00.354 INFO [reference_existence_per_statement_count_df] Memory snapshot — total: 0.00 MB
  cache: 0.00 MB (N/A entries)
  cache_df: 0.00 MB (0 entries)
2026-08-04 02:51:00.355 INFO Calculating metric: reference_completeness_df
2026-08-04 02:51:00.357 INFO [reference_completeness_df] Memory snapshot — cache: 0.00 MB (type <class 'numpy.float64'>, N/A entries)
2026-08-04 02:51:00.357 INFO Memory usage (end of timestep, peak): 2.17 GiB
2026-08-04 02:51:00.357 INFO Memory usage (end of timestep, current): 1.33 GiB
2026-08-04 02:51:00.357 INFO (Iteration 2) statement_count: real 0.03s | cpu 0.16s
2026-08-04 02:51:00.357 INFO (Iteration 2) reference_existence_per_statement_count_df: real 0.01s | cpu 0.00s
2026-08-04 02:51:00.357 INFO (Iteration 2) reference_completeness_df: real 0.00s | cpu 0.00s
2026-08-04 02:51:00.358 INFO Iteration 2 finished in 11.30s (real) and 13.88s (process)
2026-08-04 02:51:00.358 INFO Start timestep 2013-01-27 00:00:00+00:00 -> 2013-02-26 00:00:00+00:00
2026-08-04 02:51:09.297 INFO DuckDB memory logs:
  database_name database_size  block_size  ...  wal_size  memory_usage  memory_limit
0   postgres_db       6.2 TiB           0  ...   0 bytes    1011.7 MiB     267.0 GiB
1        memory       0 bytes           0  ...   0 bytes    1011.7 MiB     267.0 GiB

[2 rows x 9 columns]
2026-08-04 02:51:09.297 INFO Loading data (2013-01-27 00:00:00+00:00 -> 2013-02-26 00:00:00+00:00) done in 8.94s (real) and 6.54s (process)
2026-08-04 02:51:09.298 INFO Memory usage (start of timestep, peak): 2.17 GiB
2026-08-04 02:51:09.298 INFO Memory usage (start of timestep, current): 1.15 GiB
2026-08-04 02:51:09.298 INFO Calculating metrics
2026-08-04 02:51:09.298 INFO Calculating metric: statement_count
2026-08-04 02:51:09.338 INFO [statement_count] Memory snapshot — cache: 0.00 MB (type <class 'numpy.int64'>, N/A entries)
2026-08-04 02:51:09.339 INFO Calculating metric: reference_existence_per_statement_count_df
2026-08-04 02:51:09.348 INFO [reference_existence_per_statement_count_df] Memory snapshot — total: 0.00 MB
  cache: 0.00 MB (N/A entries)
  cache_df: 0.00 MB (41 entries)
2026-08-04 02:51:09.348 INFO Calculating metric: reference_completeness_df
2026-08-04 02:51:09.351 INFO [reference_completeness_df] Memory snapshot — cache: 0.00 MB (type <class 'numpy.float64'>, N/A entries)
2026-08-04 02:51:09.352 INFO Memory usage (end of timestep, peak): 2.17 GiB
2026-08-04 02:51:09.352 INFO Memory usage (end of timestep, current): 1.16 GiB
2026-08-04 02:51:09.352 INFO (Iteration 3) statement_count: real 0.04s | cpu 0.28s
2026-08-04 02:51:09.352 INFO (Iteration 3) reference_existence_per_statement_count_df: real 0.01s | cpu 0.02s
2026-08-04 02:51:09.352 INFO (Iteration 3) reference_completeness_df: real 0.00s | cpu 0.00s
2026-08-04 02:51:09.352 INFO Iteration 3 finished in 8.99s (real) and 6.84s (process)
2026-08-04 02:51:09.353 INFO Start timestep 2013-02-26 00:00:00+00:00 -> 2013-03-28 00:00:00+00:00
2026-08-04 02:51:39.931 INFO DuckDB memory logs:
  database_name database_size  block_size  ...  wal_size  memory_usage  memory_limit
0   postgres_db       6.2 TiB           0  ...   0 bytes       3.2 GiB     267.0 GiB
1        memory       0 bytes           0  ...   0 bytes       3.2 GiB     267.0 GiB

[2 rows x 9 columns]
2026-08-04 02:51:39.931 INFO Loading data (2013-02-26 00:00:00+00:00 -> 2013-03-28 00:00:00+00:00) done in 30.58s (real) and 30.29s (process)
2026-08-04 02:51:39.931 INFO Memory usage (start of timestep, peak): 3.33 GiB
2026-08-04 02:51:39.932 INFO Memory usage (start of timestep, current): 3.34 GiB
2026-08-04 02:51:39.932 INFO Calculating metrics
2026-08-04 02:51:39.932 INFO Calculating metric: statement_count
2026-08-04 02:51:39.987 INFO [statement_count] Memory snapshot — cache: 0.00 MB (type <class 'numpy.int64'>, N/A entries)
2026-08-04 02:51:39.987 INFO Calculating metric: reference_existence_per_statement_count_df
2026-08-04 02:51:42.166 INFO [reference_existence_per_statement_count_df] Memory snapshot — total: 91.73 MB
  cache: 0.00 MB (N/A entries)
  cache_df: 91.73 MB (765678 entries)
2026-08-04 02:51:42.166 INFO Calculating metric: reference_completeness_df
2026-08-04 02:51:42.169 INFO [reference_completeness_df] Memory snapshot — cache: 0.00 MB (type <class 'numpy.float64'>, N/A entries)
2026-08-04 02:51:42.169 INFO Memory usage (end of timestep, peak): 3.59 GiB
2026-08-04 02:51:42.169 INFO Memory usage (end of timestep, current): 3.50 GiB
2026-08-04 02:51:42.169 INFO (Iteration 4) statement_count: real 0.06s | cpu 0.69s
2026-08-04 02:51:42.169 INFO (Iteration 4) reference_existence_per_statement_count_df: real 2.18s | cpu 2.90s
2026-08-04 02:51:42.169 INFO (Iteration 4) reference_completeness_df: real 0.00s | cpu 0.00s
2026-08-04 02:51:42.169 INFO Iteration 4 finished in 32.82s (real) and 33.88s (process)
2026-08-04 02:51:42.169 INFO Start timestep 2013-03-28 00:00:00+00:00 -> 2013-04-27 00:00:00+00:00
2026-08-04 02:52:15.735 INFO DuckDB memory logs:
  database_name database_size  block_size  ...  wal_size  memory_usage  memory_limit
0   postgres_db       6.2 TiB           0  ...   0 bytes       4.2 GiB     267.0 GiB
1        memory       0 bytes           0  ...   0 bytes       4.2 GiB     267.0 GiB

[2 rows x 9 columns]
2026-08-04 02:52:15.736 INFO Loading data (2013-03-28 00:00:00+00:00 -> 2013-04-27 00:00:00+00:00) done in 33.57s (real) and 23.92s (process)
2026-08-04 02:52:15.736 INFO Memory usage (start of timestep, peak): 4.48 GiB
2026-08-04 02:52:15.736 INFO Memory usage (start of timestep, current): 4.49 GiB
2026-08-04 02:52:15.736 INFO Calculating metrics
2026-08-04 02:52:15.736 INFO Calculating metric: statement_count
2026-08-04 02:52:15.789 INFO [statement_count] Memory snapshot — cache: 0.00 MB (type <class 'numpy.int64'>, N/A entries)
2026-08-04 02:52:15.790 INFO Calculating metric: reference_existence_per_statement_count_df
2026-08-04 02:52:28.512 INFO [reference_existence_per_statement_count_df] Memory snapshot — total: 400.54 MB
  cache: 0.00 MB (N/A entries)
  cache_df: 400.54 MB (3340868 entries)
2026-08-04 02:52:28.512 INFO Calculating metric: reference_completeness_df
2026-08-04 02:52:28.516 INFO [reference_completeness_df] Memory snapshot — cache: 0.00 MB (type <class 'numpy.float64'>, N/A entries)
2026-08-04 02:52:28.516 INFO Memory usage (end of timestep, peak): 5.16 GiB
2026-08-04 02:52:28.517 INFO Memory usage (end of timestep, current): 5.00 GiB
2026-08-04 02:52:28.517 INFO (Iteration 5) statement_count: real 0.05s | cpu 0.68s
2026-08-04 02:52:28.517 INFO (Iteration 5) reference_existence_per_statement_count_df: real 12.72s | cpu 14.91s
2026-08-04 02:52:28.517 INFO (Iteration 5) reference_completeness_df: real 0.00s | cpu 0.00s
2026-08-04 02:52:28.517 INFO Iteration 5 finished in 46.35s (real) and 39.51s (process)
2026-08-04 02:52:28.517 INFO Start timestep 2013-04-27 00:00:00+00:00 -> 2013-05-27 00:00:00+00:00
2026-08-04 02:53:15.381 INFO DuckDB memory logs:
  database_name database_size  block_size  ...  wal_size  memory_usage  memory_limit
0   postgres_db       6.2 TiB           0  ...   0 bytes       5.6 GiB     267.0 GiB
1        memory       0 bytes           0  ...   0 bytes       5.6 GiB     267.0 GiB

[2 rows x 9 columns]
2026-08-04 02:53:15.381 INFO Loading data (2013-04-27 00:00:00+00:00 -> 2013-05-27 00:00:00+00:00) done in 46.86s (real) and 43.84s (process)
2026-08-04 02:53:15.381 INFO Memory usage (start of timestep, peak): 6.35 GiB
2026-08-04 02:53:15.381 INFO Memory usage (start of timestep, current): 6.19 GiB
2026-08-04 02:53:15.381 INFO Calculating metrics
2026-08-04 02:53:15.382 INFO Calculating metric: statement_count
2026-08-04 02:53:15.444 INFO [statement_count] Memory snapshot — cache: 0.00 MB (type <class 'numpy.int64'>, N/A entries)
2026-08-04 02:53:15.444 INFO Calculating metric: reference_existence_per_statement_count_df
2026-08-04 02:53:47.268 INFO [reference_existence_per_statement_count_df] Memory snapshot — total: 943.94 MB
  cache: 0.00 MB (N/A entries)
  cache_df: 943.94 MB (7872604 entries)
2026-08-04 02:53:47.269 INFO Calculating metric: reference_completeness_df
2026-08-04 02:53:47.272 INFO [reference_completeness_df] Memory snapshot — cache: 0.00 MB (type <class 'numpy.float64'>, N/A entries)
2026-08-04 02:53:47.273 INFO Memory usage (end of timestep, peak): 7.64 GiB
2026-08-04 02:53:47.273 INFO Memory usage (end of timestep, current): 6.99 GiB
2026-08-04 02:53:47.273 INFO (Iteration 6) statement_count: real 0.06s | cpu 0.83s
2026-08-04 02:53:47.273 INFO (Iteration 6) reference_existence_per_statement_count_df: real 31.82s | cpu 35.98s
2026-08-04 02:53:47.273 INFO (Iteration 6) reference_completeness_df: real 0.00s | cpu 0.00s
2026-08-04 02:53:47.273 INFO Iteration 6 finished in 78.76s (real) and 80.65s (process)
2026-08-04 02:53:47.273 INFO Start timestep 2013-05-27 00:00:00+00:00 -> 2013-06-26 00:00:00+00:00
2026-08-04 02:54:02.374 INFO DuckDB memory logs:
  database_name database_size  block_size  ...  wal_size  memory_usage  memory_limit
0   postgres_db       6.2 TiB           0  ...   0 bytes       1.9 GiB     267.0 GiB
1        memory       0 bytes           0  ...   0 bytes       1.9 GiB     267.0 GiB

[2 rows x 9 columns]
2026-08-04 02:54:02.374 INFO Loading data (2013-05-27 00:00:00+00:00 -> 2013-06-26 00:00:00+00:00) done in 15.10s (real) and 10.54s (process)
2026-08-04 02:54:02.374 INFO Memory usage (start of timestep, peak): 7.64 GiB
2026-08-04 02:54:02.375 INFO Memory usage (start of timestep, current): 3.29 GiB
2026-08-04 02:54:02.375 INFO Calculating metrics
2026-08-04 02:54:02.375 INFO Calculating metric: statement_count
2026-08-04 02:54:02.418 INFO [statement_count] Memory snapshot — cache: 0.00 MB (type <class 'numpy.int64'>, N/A entries)
2026-08-04 02:54:02.418 INFO Calculating metric: reference_existence_per_statement_count_df
2026-08-04 02:54:37.155 INFO [reference_existence_per_statement_count_df] Memory snapshot — total: 1141.62 MB
  cache: 0.00 MB (N/A entries)
  cache_df: 1141.62 MB (9520606 entries)
2026-08-04 02:54:37.155 INFO Calculating metric: reference_completeness_df
2026-08-04 02:54:37.159 INFO [reference_completeness_df] Memory snapshot — cache: 0.00 MB (type <class 'numpy.float64'>, N/A entries)
2026-08-04 02:54:37.159 INFO Memory usage (end of timestep, peak): 7.64 GiB
2026-08-04 02:54:37.159 INFO Memory usage (end of timestep, current): 3.72 GiB
2026-08-04 02:54:37.159 INFO (Iteration 7) statement_count: real 0.04s | cpu 0.40s
2026-08-04 02:54:37.159 INFO (Iteration 7) reference_existence_per_statement_count_df: real 34.74s | cpu 36.31s
2026-08-04 02:54:37.159 INFO (Iteration 7) reference_completeness_df: real 0.00s | cpu 0.00s
2026-08-04 02:54:37.159 INFO Iteration 7 finished in 49.89s (real) and 47.25s (process)
2026-08-04 02:54:37.159 INFO Start timestep 2013-06-26 00:00:00+00:00 -> 2013-07-26 00:00:00+00:00
2026-08-04 02:55:04.910 INFO DuckDB memory logs:
  database_name database_size  block_size  ...  wal_size  memory_usage  memory_limit
0   postgres_db       6.2 TiB           0  ...   0 bytes       3.2 GiB     267.0 GiB
1        memory       0 bytes           0  ...   0 bytes       3.2 GiB     267.0 GiB

[2 rows x 9 columns]
2026-08-04 02:55:04.910 INFO Loading data (2013-06-26 00:00:00+00:00 -> 2013-07-26 00:00:00+00:00) done in 27.75s (real) and 20.88s (process)
2026-08-04 02:55:04.910 INFO Memory usage (start of timestep, peak): 7.64 GiB
2026-08-04 02:55:04.910 INFO Memory usage (start of timestep, current): 4.89 GiB
2026-08-04 02:55:04.910 INFO Calculating metrics
2026-08-04 02:55:04.910 INFO Calculating metric: statement_count
2026-08-04 02:55:04.959 INFO [statement_count] Memory snapshot — cache: 0.00 MB (type <class 'numpy.int64'>, N/A entries)
2026-08-04 02:55:04.959 INFO Calculating metric: reference_existence_per_statement_count_df
2026-08-04 02:55:50.956 INFO [reference_existence_per_statement_count_df] Memory snapshot — total: 1437.87 MB
  cache: 0.00 MB (N/A entries)
  cache_df: 1437.87 MB (11972497 entries)
2026-08-04 02:55:50.956 INFO Calculating metric: reference_completeness_df
2026-08-04 02:55:50.961 INFO [reference_completeness_df] Memory snapshot — cache: 0.00 MB (type <class 'numpy.float64'>, N/A entries)
2026-08-04 02:55:50.961 INFO Memory usage (end of timestep, peak): 7.64 GiB
2026-08-04 02:55:50.961 INFO Memory usage (end of timestep, current): 5.27 GiB
2026-08-04 02:55:50.961 INFO (Iteration 8) statement_count: real 0.05s | cpu 0.60s
2026-08-04 02:55:50.961 INFO (Iteration 8) reference_existence_per_statement_count_df: real 46.00s | cpu 48.14s
2026-08-04 02:55:50.961 INFO (Iteration 8) reference_completeness_df: real 0.00s | cpu 0.00s
2026-08-04 02:55:50.961 INFO Iteration 8 finished in 73.80s (real) and 69.62s (process)
2026-08-04 02:55:50.961 INFO Start timestep 2013-07-26 00:00:00+00:00 -> 2013-08-25 00:00:00+00:00
2026-08-04 02:56:08.198 INFO DuckDB memory logs:
  database_name database_size  block_size  ...  wal_size  memory_usage  memory_limit
0   postgres_db       6.2 TiB           0  ...   0 bytes       1.8 GiB     267.0 GiB
1        memory       0 bytes           0  ...   0 bytes       1.8 GiB     267.0 GiB

[2 rows x 9 columns]
2026-08-04 02:56:08.199 INFO Loading data (2013-07-26 00:00:00+00:00 -> 2013-08-25 00:00:00+00:00) done in 17.24s (real) and 10.67s (process)
2026-08-04 02:56:08.199 INFO Memory usage (start of timestep, peak): 7.64 GiB
2026-08-04 02:56:08.200 INFO Memory usage (start of timestep, current): 3.85 GiB
2026-08-04 02:56:08.200 INFO Calculating metrics
2026-08-04 02:56:08.200 INFO Calculating metric: statement_count
2026-08-04 02:56:08.240 INFO [statement_count] Memory snapshot — cache: 0.00 MB (type <class 'numpy.int64'>, N/A entries)
2026-08-04 02:56:08.241 INFO Calculating metric: reference_existence_per_statement_count_df
2026-08-04 02:56:56.194 INFO [reference_existence_per_statement_count_df] Memory snapshot — total: 1548.13 MB
  cache: 0.00 MB (N/A entries)
  cache_df: 1548.13 MB (12891163 entries)
2026-08-04 02:56:56.194 INFO Calculating metric: reference_completeness_df
2026-08-04 02:56:56.198 INFO [reference_completeness_df] Memory snapshot — cache: 0.00 MB (type <class 'numpy.float64'>, N/A entries)
2026-08-04 02:56:56.198 INFO Memory usage (end of timestep, peak): 7.64 GiB
2026-08-04 02:56:56.198 INFO Memory usage (end of timestep, current): 4.06 GiB
2026-08-04 02:56:56.198 INFO (Iteration 9) statement_count: real 0.04s | cpu 0.45s
2026-08-04 02:56:56.198 INFO (Iteration 9) reference_existence_per_statement_count_df: real 47.95s | cpu 48.88s
2026-08-04 02:56:56.198 INFO (Iteration 9) reference_completeness_df: real 0.00s | cpu 0.00s
2026-08-04 02:56:56.198 INFO Iteration 9 finished in 65.24s (real) and 60.00s (process)
2026-08-04 02:56:56.198 INFO Start timestep 2013-08-25 00:00:00+00:00 -> 2013-09-24 00:00:00+00:00
2026-08-04 02:57:12.739 INFO DuckDB memory logs:
  database_name database_size  block_size  ...  wal_size  memory_usage  memory_limit
0   postgres_db       6.2 TiB           0  ...   0 bytes       1.8 GiB     267.0 GiB
1        memory       0 bytes           0  ...   0 bytes       1.8 GiB     267.0 GiB

[2 rows x 9 columns]
2026-08-04 02:57:12.739 INFO Loading data (2013-08-25 00:00:00+00:00 -> 2013-09-24 00:00:00+00:00) done in 16.54s (real) and 10.42s (process)
2026-08-04 02:57:12.740 INFO Memory usage (start of timestep, peak): 7.64 GiB
2026-08-04 02:57:12.740 INFO Memory usage (start of timestep, current): 4.00 GiB
2026-08-04 02:57:12.740 INFO Calculating metrics
2026-08-04 02:57:12.740 INFO Calculating metric: statement_count
2026-08-04 02:57:12.777 INFO [statement_count] Memory snapshot — cache: 0.00 MB (type <class 'numpy.int64'>, N/A entries)
2026-08-04 02:57:12.777 INFO Calculating metric: reference_existence_per_statement_count_df
2026-08-04 02:58:07.547 INFO [reference_existence_per_statement_count_df] Memory snapshot — total: 1686.75 MB
  cache: 0.00 MB (N/A entries)
  cache_df: 1686.75 MB (14045978 entries)
2026-08-04 02:58:07.547 INFO Calculating metric: reference_completeness_df
2026-08-04 02:58:07.552 INFO [reference_completeness_df] Memory snapshot — cache: 0.00 MB (type <class 'numpy.float64'>, N/A entries)
2026-08-04 02:58:07.553 INFO Memory usage (end of timestep, peak): 7.64 GiB
2026-08-04 02:58:07.553 INFO Memory usage (end of timestep, current): 4.34 GiB
2026-08-04 02:58:07.553 INFO (Iteration 10) statement_count: real 0.04s | cpu 0.46s
2026-08-04 02:58:07.553 INFO (Iteration 10) reference_existence_per_statement_count_df: real 54.77s | cpu 55.91s
2026-08-04 02:58:07.553 INFO (Iteration 10) reference_completeness_df: real 0.00s | cpu 0.00s
2026-08-04 02:58:07.553 INFO Iteration 10 finished in 71.35s (real) and 66.79s (process)
2026-08-04 02:58:07.554 INFO Start timestep 2013-09-24 00:00:00+00:00 -> 2013-10-24 00:00:00+00:00
2026-08-04 02:58:31.207 INFO DuckDB memory logs:
  database_name database_size  block_size  ...  wal_size  memory_usage  memory_limit
0   postgres_db       6.2 TiB           0  ...   0 bytes       2.9 GiB     267.0 GiB
1        memory       0 bytes           0  ...   0 bytes       2.9 GiB     267.0 GiB

[2 rows x 9 columns]
2026-08-04 02:58:31.207 INFO Loading data (2013-09-24 00:00:00+00:00 -> 2013-10-24 00:00:00+00:00) done in 23.65s (real) and 14.98s (process)
2026-08-04 02:58:31.208 INFO Memory usage (start of timestep, peak): 7.64 GiB
2026-08-04 02:58:31.208 INFO Memory usage (start of timestep, current): 5.37 GiB
2026-08-04 02:58:31.208 INFO Calculating metrics
2026-08-04 02:58:31.208 INFO Calculating metric: statement_count
2026-08-04 02:58:31.254 INFO [statement_count] Memory snapshot — cache: 0.00 MB (type <class 'numpy.int64'>, N/A entries)
2026-08-04 02:58:31.255 INFO Calculating metric: reference_existence_per_statement_count_df
2026-08-04 02:59:34.137 INFO [reference_existence_per_statement_count_df] Memory snapshot — total: 1912.92 MB
  cache: 0.00 MB (N/A entries)
  cache_df: 1912.92 MB (15929294 entries)
2026-08-04 02:59:34.137 INFO Calculating metric: reference_completeness_df
2026-08-04 02:59:34.143 INFO [reference_completeness_df] Memory snapshot — cache: 0.00 MB (type <class 'numpy.float64'>, N/A entries)
2026-08-04 02:59:34.143 INFO Memory usage (end of timestep, peak): 7.64 GiB
2026-08-04 02:59:34.143 INFO Memory usage (end of timestep, current): 5.80 GiB
2026-08-04 02:59:34.143 INFO (Iteration 11) statement_count: real 0.05s | cpu 0.51s
2026-08-04 02:59:34.143 INFO (Iteration 11) reference_existence_per_statement_count_df: real 62.88s | cpu 65.57s
2026-08-04 02:59:34.143 INFO (Iteration 11) reference_completeness_df: real 0.01s | cpu 0.00s
2026-08-04 02:59:34.143 INFO Iteration 11 finished in 86.59s (real) and 81.06s (process)
2026-08-04 02:59:34.143 INFO Start timestep 2013-10-24 00:00:00+00:00 -> 2013-11-23 00:00:00+00:00
2026-08-04 02:59:56.161 INFO DuckDB memory logs:
  database_name database_size  block_size  ...  wal_size  memory_usage  memory_limit
0   postgres_db       6.2 TiB           0  ...   0 bytes       2.6 GiB     267.0 GiB
1        memory       0 bytes           0  ...   0 bytes       2.6 GiB     267.0 GiB

[2 rows x 9 columns]
2026-08-04 02:59:56.162 INFO Loading data (2013-10-24 00:00:00+00:00 -> 2013-11-23 00:00:00+00:00) done in 22.02s (real) and 19.13s (process)
2026-08-04 02:59:56.163 INFO Memory usage (start of timestep, peak): 7.64 GiB
2026-08-04 02:59:56.163 INFO Memory usage (start of timestep, current): 5.46 GiB
2026-08-04 02:59:56.163 INFO Calculating metrics
2026-08-04 02:59:56.163 INFO Calculating metric: statement_count
2026-08-04 02:59:56.210 INFO [statement_count] Memory snapshot — cache: 0.00 MB (type <class 'numpy.int64'>, N/A entries)
2026-08-04 02:59:56.211 INFO Calculating metric: reference_existence_per_statement_count_df
2026-08-04 03:01:02.530 INFO [reference_existence_per_statement_count_df] Memory snapshot — total: 1966.33 MB
  cache: 0.00 MB (N/A entries)
  cache_df: 1966.33 MB (16371742 entries)
2026-08-04 03:01:02.531 INFO Calculating metric: reference_completeness_df
2026-08-04 03:01:02.540 INFO [reference_completeness_df] Memory snapshot — cache: 0.00 MB (type <class 'numpy.float64'>, N/A entries)
2026-08-04 03:01:02.540 INFO Memory usage (end of timestep, peak): 7.64 GiB
2026-08-04 03:01:02.541 INFO Memory usage (end of timestep, current): 5.82 GiB
2026-08-04 03:01:02.541 INFO (Iteration 12) statement_count: real 0.05s | cpu 0.61s
2026-08-04 03:01:02.541 INFO (Iteration 12) reference_existence_per_statement_count_df: real 66.32s | cpu 68.34s
2026-08-04 03:01:02.541 INFO (Iteration 12) reference_completeness_df: real 0.01s | cpu 0.00s
2026-08-04 03:01:02.541 INFO Iteration 12 finished in 88.40s (real) and 88.09s (process)
2026-08-04 03:01:02.541 INFO Start timestep 2013-11-23 00:00:00+00:00 -> 2013-12-23 00:00:00+00:00
2026-08-04 03:01:28.133 INFO DuckDB memory logs:
  database_name database_size  block_size  ...  wal_size  memory_usage  memory_limit
0   postgres_db       6.2 TiB           0  ...   0 bytes       3.1 GiB     267.0 GiB
1        memory       0 bytes           0  ...   0 bytes       3.1 GiB     267.0 GiB

[2 rows x 9 columns]
2026-08-04 03:01:28.134 INFO Loading data (2013-11-23 00:00:00+00:00 -> 2013-12-23 00:00:00+00:00) done in 25.59s (real) and 16.47s (process)
2026-08-04 03:01:28.134 INFO Memory usage (start of timestep, peak): 7.64 GiB
2026-08-04 03:01:28.134 INFO Memory usage (start of timestep, current): 6.19 GiB
2026-08-04 03:01:28.134 INFO Calculating metrics
2026-08-04 03:01:28.134 INFO Calculating metric: statement_count
2026-08-04 03:01:28.179 INFO [statement_count] Memory snapshot — cache: 0.00 MB (type <class 'numpy.int64'>, N/A entries)
2026-08-04 03:01:28.179 INFO Calculating metric: reference_existence_per_statement_count_df
2026-08-04 03:02:38.727 INFO [reference_existence_per_statement_count_df] Memory snapshot — total: 2067.14 MB
  cache: 0.00 MB (N/A entries)
  cache_df: 2067.14 MB (17212725 entries)
2026-08-04 03:02:38.729 INFO Calculating metric: reference_completeness_df
2026-08-04 03:02:38.734 INFO [reference_completeness_df] Memory snapshot — cache: 0.00 MB (type <class 'numpy.float64'>, N/A entries)
2026-08-04 03:02:38.735 INFO Memory usage (end of timestep, peak): 7.64 GiB
2026-08-04 03:02:38.735 INFO Memory usage (end of timestep, current): 6.27 GiB
2026-08-04 03:02:38.735 INFO (Iteration 13) statement_count: real 0.05s | cpu 0.56s
2026-08-04 03:02:38.735 INFO (Iteration 13) reference_existence_per_statement_count_df: real 70.55s | cpu 72.60s
2026-08-04 03:02:38.735 INFO (Iteration 13) reference_completeness_df: real 0.00s | cpu 0.00s
2026-08-04 03:02:38.735 INFO Iteration 13 finished in 96.19s (real) and 89.63s (process)
2026-08-04 03:02:38.736 INFO Start timestep 2013-12-23 00:00:00+00:00 -> 2014-01-22 00:00:00+00:00
2026-08-04 03:03:04.906 INFO DuckDB memory logs:
  database_name database_size  block_size  ...  wal_size  memory_usage  memory_limit
0   postgres_db       6.2 TiB           0  ...   0 bytes       3.0 GiB     267.0 GiB
1        memory       0 bytes           0  ...   0 bytes       3.0 GiB     267.0 GiB

[2 rows x 9 columns]
2026-08-04 03:03:04.906 INFO Loading data (2013-12-23 00:00:00+00:00 -> 2014-01-22 00:00:00+00:00) done in 26.17s (real) and 16.79s (process)
2026-08-04 03:03:04.906 INFO Memory usage (start of timestep, peak): 7.64 GiB
2026-08-04 03:03:04.907 INFO Memory usage (start of timestep, current): 6.09 GiB
2026-08-04 03:03:04.907 INFO Calculating metrics
2026-08-04 03:03:04.907 INFO Calculating metric: statement_count
2026-08-04 03:03:04.949 INFO [statement_count] Memory snapshot — cache: 0.00 MB (type <class 'numpy.int64'>, N/A entries)
2026-08-04 03:03:04.950 INFO Calculating metric: reference_existence_per_statement_count_df
2026-08-04 03:04:16.216 INFO [reference_existence_per_statement_count_df] Memory snapshot — total: 2212.89 MB
  cache: 0.00 MB (N/A entries)
  cache_df: 2212.89 MB (18427415 entries)
2026-08-04 03:04:16.219 INFO Calculating metric: reference_completeness_df
2026-08-04 03:04:16.223 INFO [reference_completeness_df] Memory snapshot — cache: 0.00 MB (type <class 'numpy.float64'>, N/A entries)
2026-08-04 03:04:16.223 INFO Memory usage (end of timestep, peak): 7.72 GiB
2026-08-04 03:04:16.223 INFO Memory usage (end of timestep, current): 6.28 GiB
2026-08-04 03:04:16.223 INFO (Iteration 14) statement_count: real 0.04s | cpu 0.51s
2026-08-04 03:04:16.224 INFO (Iteration 14) reference_existence_per_statement_count_df: real 71.27s | cpu 73.05s
2026-08-04 03:04:16.224 INFO (Iteration 14) reference_completeness_df: real 0.00s | cpu 0.00s
2026-08-04 03:04:16.224 INFO Iteration 14 finished in 97.49s (real) and 90.36s (process)
2026-08-04 03:04:16.224 INFO Start timestep 2014-01-22 00:00:00+00:00 -> 2014-02-21 00:00:00+00:00
2026-08-04 03:04:39.936 INFO DuckDB memory logs:
  database_name database_size  block_size  ...  wal_size  memory_usage  memory_limit
0   postgres_db       6.2 TiB           0  ...   0 bytes       2.8 GiB     267.0 GiB
1        memory       0 bytes           0  ...   0 bytes       2.8 GiB     267.0 GiB

[2 rows x 9 columns]
2026-08-04 03:04:39.937 INFO Loading data (2014-01-22 00:00:00+00:00 -> 2014-02-21 00:00:00+00:00) done in 23.71s (real) and 15.61s (process)
2026-08-04 03:04:39.937 INFO Memory usage (start of timestep, peak): 7.72 GiB
2026-08-04 03:04:39.937 INFO Memory usage (start of timestep, current): 6.07 GiB
2026-08-04 03:04:39.937 INFO Calculating metrics
2026-08-04 03:04:39.937 INFO Calculating metric: statement_count
2026-08-04 03:04:39.986 INFO [statement_count] Memory snapshot — cache: 0.00 MB (type <class 'numpy.int64'>, N/A entries)
2026-08-04 03:04:39.986 INFO Calculating metric: reference_existence_per_statement_count_df
2026-08-04 03:05:58.160 INFO [reference_existence_per_statement_count_df] Memory snapshot — total: 2366.52 MB
  cache: 0.00 MB (N/A entries)
  cache_df: 2366.52 MB (19704442 entries)
2026-08-04 03:05:58.161 INFO Calculating metric: reference_completeness_df
2026-08-04 03:05:58.166 INFO [reference_completeness_df] Memory snapshot — cache: 0.00 MB (type <class 'numpy.float64'>, N/A entries)
2026-08-04 03:05:58.166 INFO Memory usage (end of timestep, peak): 7.83 GiB
2026-08-04 03:05:58.167 INFO Memory usage (end of timestep, current): 6.38 GiB
2026-08-04 03:05:58.167 INFO (Iteration 15) statement_count: real 0.05s | cpu 0.56s
2026-08-04 03:05:58.167 INFO (Iteration 15) reference_existence_per_statement_count_df: real 78.17s | cpu 80.38s
2026-08-04 03:05:58.167 INFO (Iteration 15) reference_completeness_df: real 0.01s | cpu 0.00s
2026-08-04 03:05:58.167 INFO Iteration 15 finished in 101.94s (real) and 96.56s (process)
2026-08-04 03:05:58.168 INFO Start timestep 2014-02-21 00:00:00+00:00 -> 2014-03-23 00:00:00+00:00
2026-08-04 03:06:24.456 INFO DuckDB memory logs:
  database_name database_size  block_size  ...  wal_size  memory_usage  memory_limit
0   postgres_db       6.2 TiB           0  ...   0 bytes       3.2 GiB     267.0 GiB
1        memory       0 bytes           0  ...   0 bytes       3.2 GiB     267.0 GiB

[2 rows x 9 columns]
2026-08-04 03:06:24.457 INFO Loading data (2014-02-21 00:00:00+00:00 -> 2014-03-23 00:00:00+00:00) done in 26.29s (real) and 24.86s (process)
2026-08-04 03:06:24.457 INFO Memory usage (start of timestep, peak): 7.83 GiB
2026-08-04 03:06:24.457 INFO Memory usage (start of timestep, current): 6.68 GiB
2026-08-04 03:06:24.457 INFO Calculating metrics
2026-08-04 03:06:24.457 INFO Calculating metric: statement_count
2026-08-04 03:06:24.506 INFO [statement_count] Memory snapshot — cache: 0.00 MB (type <class 'numpy.int64'>, N/A entries)
2026-08-04 03:06:24.507 INFO Calculating metric: reference_existence_per_statement_count_df
2026-08-04 03:07:49.879 INFO [reference_existence_per_statement_count_df] Memory snapshot — total: 2583.98 MB
  cache: 0.00 MB (N/A entries)
  cache_df: 2583.98 MB (21509624 entries)
2026-08-04 03:07:49.880 INFO Calculating metric: reference_completeness_df
2026-08-04 03:07:49.884 INFO [reference_completeness_df] Memory snapshot — cache: 0.00 MB (type <class 'numpy.float64'>, N/A entries)
2026-08-04 03:07:49.885 INFO Memory usage (end of timestep, peak): 8.59 GiB
2026-08-04 03:07:49.885 INFO Memory usage (end of timestep, current): 7.00 GiB
2026-08-04 03:07:49.885 INFO (Iteration 16) statement_count: real 0.05s | cpu 0.53s
2026-08-04 03:07:49.885 INFO (Iteration 16) reference_existence_per_statement_count_df: real 85.37s | cpu 87.95s
2026-08-04 03:07:49.885 INFO (Iteration 16) reference_completeness_df: real 0.00s | cpu 0.00s
2026-08-04 03:07:49.885 INFO Iteration 16 finished in 111.72s (real) and 113.35s (process)
2026-08-04 03:07:49.885 INFO Start timestep 2014-03-23 00:00:00+00:00 -> 2014-04-22 00:00:00+00:00
2026-08-04 03:08:08.295 INFO DuckDB memory logs:
  database_name database_size  block_size  ...  wal_size  memory_usage  memory_limit
0   postgres_db       6.2 TiB           0  ...   0 bytes       2.1 GiB     267.0 GiB
1        memory       0 bytes           0  ...   0 bytes       2.1 GiB     267.0 GiB

[2 rows x 9 columns]
2026-08-04 03:08:08.295 INFO Loading data (2014-03-23 00:00:00+00:00 -> 2014-04-22 00:00:00+00:00) done in 18.41s (real) and 18.24s (process)
2026-08-04 03:08:08.295 INFO Memory usage (start of timestep, peak): 8.59 GiB
2026-08-04 03:08:08.296 INFO Memory usage (start of timestep, current): 5.91 GiB
2026-08-04 03:08:08.296 INFO Calculating metrics
2026-08-04 03:08:08.296 INFO Calculating metric: statement_count
2026-08-04 03:08:08.334 INFO [statement_count] Memory snapshot — cache: 0.00 MB (type <class 'numpy.int64'>, N/A entries)
2026-08-04 03:08:08.334 INFO Calculating metric: reference_existence_per_statement_count_df
2026-08-04 03:09:35.029 INFO [reference_existence_per_statement_count_df] Memory snapshot — total: 2694.53 MB
  cache: 0.00 MB (N/A entries)
  cache_df: 2694.53 MB (22428009 entries)
2026-08-04 03:09:35.030 INFO Calculating metric: reference_completeness_df
2026-08-04 03:09:35.035 INFO [reference_completeness_df] Memory snapshot — cache: 0.00 MB (type <class 'numpy.float64'>, N/A entries)
2026-08-04 03:09:35.035 INFO Memory usage (end of timestep, peak): 8.59 GiB
2026-08-04 03:09:35.035 INFO Memory usage (end of timestep, current): 6.13 GiB
2026-08-04 03:09:35.035 INFO (Iteration 17) statement_count: real 0.04s | cpu 0.41s
2026-08-04 03:09:35.035 INFO (Iteration 17) reference_existence_per_statement_count_df: real 86.70s | cpu 88.17s
2026-08-04 03:09:35.035 INFO (Iteration 17) reference_completeness_df: real 0.00s | cpu 0.00s
2026-08-04 03:09:35.035 INFO Iteration 17 finished in 105.15s (real) and 106.83s (process)
2026-08-04 03:09:35.036 INFO Start timestep 2014-04-22 00:00:00+00:00 -> 2014-05-22 00:00:00+00:00
2026-08-04 03:10:11.296 INFO DuckDB memory logs:
  database_name database_size  block_size  ...  wal_size  memory_usage  memory_limit
0   postgres_db       6.2 TiB           0  ...   0 bytes       4.3 GiB     267.0 GiB
1        memory       0 bytes           0  ...   0 bytes       4.3 GiB     267.0 GiB

[2 rows x 9 columns]
2026-08-04 03:10:11.296 INFO Loading data (2014-04-22 00:00:00+00:00 -> 2014-05-22 00:00:00+00:00) done in 36.26s (real) and 24.04s (process)
2026-08-04 03:10:11.296 INFO Memory usage (start of timestep, peak): 8.59 GiB
2026-08-04 03:10:11.296 INFO Memory usage (start of timestep, current): 8.15 GiB
2026-08-04 03:10:11.296 INFO Calculating metrics
2026-08-04 03:10:11.297 INFO Calculating metric: statement_count
2026-08-04 03:10:11.353 INFO [statement_count] Memory snapshot — cache: 0.00 MB (type <class 'numpy.int64'>, N/A entries)
2026-08-04 03:10:11.354 INFO Calculating metric: reference_existence_per_statement_count_df
2026-08-04 03:11:49.511 INFO [reference_existence_per_statement_count_df] Memory snapshot — total: 2686.13 MB
  cache: 0.00 MB (N/A entries)
  cache_df: 2686.13 MB (22361446 entries)
2026-08-04 03:11:49.512 INFO Calculating metric: reference_completeness_df
2026-08-04 03:11:49.517 INFO [reference_completeness_df] Memory snapshot — cache: 0.00 MB (type <class 'numpy.float64'>, N/A entries)
2026-08-04 03:11:49.517 INFO Memory usage (end of timestep, peak): 10.16 GiB
2026-08-04 03:11:49.517 INFO Memory usage (end of timestep, current): 8.41 GiB
2026-08-04 03:11:49.517 INFO (Iteration 18) statement_count: real 0.06s | cpu 0.71s
2026-08-04 03:11:49.517 INFO (Iteration 18) reference_existence_per_statement_count_df: real 98.16s | cpu 101.23s
2026-08-04 03:11:49.517 INFO (Iteration 18) reference_completeness_df: real 0.00s | cpu 0.00s
2026-08-04 03:11:49.517 INFO Iteration 18 finished in 134.48s (real) and 125.98s (process)
2026-08-04 03:11:49.517 INFO Start timestep 2014-05-22 00:00:00+00:00 -> 2014-06-21 00:00:00+00:00
2026-08-04 03:12:13.596 INFO DuckDB memory logs:
  database_name database_size  block_size  ...  wal_size  memory_usage  memory_limit
0   postgres_db       6.2 TiB           0  ...   0 bytes       2.7 GiB     267.0 GiB
1        memory       0 bytes           0  ...   0 bytes       2.7 GiB     267.0 GiB

[2 rows x 9 columns]
2026-08-04 03:12:13.596 INFO Loading data (2014-05-22 00:00:00+00:00 -> 2014-06-21 00:00:00+00:00) done in 24.08s (real) and 25.33s (process)
2026-08-04 03:12:13.597 INFO Memory usage (start of timestep, peak): 10.16 GiB
2026-08-04 03:12:13.597 INFO Memory usage (start of timestep, current): 7.78 GiB
2026-08-04 03:12:13.597 INFO Calculating metrics
2026-08-04 03:12:13.597 INFO Calculating metric: statement_count
2026-08-04 03:12:13.649 INFO [statement_count] Memory snapshot — cache: 0.00 MB (type <class 'numpy.int64'>, N/A entries)
2026-08-04 03:12:13.649 INFO Calculating metric: reference_existence_per_statement_count_df
2026-08-04 03:13:43.591 INFO [reference_existence_per_statement_count_df] Memory snapshot — total: 2700.09 MB
  cache: 0.00 MB (N/A entries)
  cache_df: 2700.09 MB (22478233 entries)
2026-08-04 03:13:43.592 INFO Calculating metric: reference_completeness_df
2026-08-04 03:13:43.597 INFO [reference_completeness_df] Memory snapshot — cache: 0.00 MB (type <class 'numpy.float64'>, N/A entries)
2026-08-04 03:13:43.597 INFO Memory usage (end of timestep, peak): 10.16 GiB
2026-08-04 03:13:43.597 INFO Memory usage (end of timestep, current): 7.92 GiB
2026-08-04 03:13:43.597 INFO (Iteration 19) statement_count: real 0.05s | cpu 0.64s
2026-08-04 03:13:43.597 INFO (Iteration 19) reference_existence_per_statement_count_df: real 89.94s | cpu 90.85s
2026-08-04 03:13:43.597 INFO (Iteration 19) reference_completeness_df: real 0.01s | cpu 0.00s
2026-08-04 03:13:43.597 INFO Iteration 19 finished in 114.08s (real) and 116.82s (process)
2026-08-04 03:13:43.598 INFO Start timestep 2014-06-21 00:00:00+00:00 -> 2014-07-21 00:00:00+00:00
2026-08-04 03:14:04.028 INFO DuckDB memory logs:
  database_name database_size  block_size  ...  wal_size  memory_usage  memory_limit
0   postgres_db       6.2 TiB           0  ...   0 bytes       2.2 GiB     267.0 GiB
1        memory       0 bytes           0  ...   0 bytes       2.2 GiB     267.0 GiB

[2 rows x 9 columns]
2026-08-04 03:14:04.028 INFO Loading data (2014-06-21 00:00:00+00:00 -> 2014-07-21 00:00:00+00:00) done in 20.43s (real) and 14.20s (process)
2026-08-04 03:14:04.028 INFO Memory usage (start of timestep, peak): 10.16 GiB
2026-08-04 03:14:04.028 INFO Memory usage (start of timestep, current): 7.70 GiB
2026-08-04 03:14:04.028 INFO Calculating metrics
2026-08-04 03:14:04.028 INFO Calculating metric: statement_count
2026-08-04 03:14:04.074 INFO [statement_count] Memory snapshot — cache: 0.00 MB (type <class 'numpy.int64'>, N/A entries)
2026-08-04 03:14:04.074 INFO Calculating metric: reference_existence_per_statement_count_df
2026-08-04 03:15:38.173 INFO [reference_existence_per_statement_count_df] Memory snapshot — total: 2739.72 MB
  cache: 0.00 MB (N/A entries)
  cache_df: 2739.72 MB (22805978 entries)
2026-08-04 03:15:38.174 INFO Calculating metric: reference_completeness_df
2026-08-04 03:15:38.179 INFO [reference_completeness_df] Memory snapshot — cache: 0.00 MB (type <class 'numpy.float64'>, N/A entries)
2026-08-04 03:15:38.179 INFO Memory usage (end of timestep, peak): 10.16 GiB
2026-08-04 03:15:38.179 INFO Memory usage (end of timestep, current): 6.48 GiB
2026-08-04 03:15:38.179 INFO (Iteration 20) statement_count: real 0.05s | cpu 0.53s
2026-08-04 03:15:38.179 INFO (Iteration 20) reference_existence_per_statement_count_df: real 94.10s | cpu 95.22s
2026-08-04 03:15:38.179 INFO (Iteration 20) reference_completeness_df: real 0.00s | cpu 0.00s
2026-08-04 03:15:38.179 INFO Iteration 20 finished in 114.58s (real) and 109.96s (process)
2026-08-04 03:15:38.179 INFO Start timestep 2014-07-21 00:00:00+00:00 -> 2014-08-20 00:00:00+00:00
2026-08-04 03:15:56.386 INFO DuckDB memory logs:
  database_name database_size  block_size  ...  wal_size  memory_usage  memory_limit
0   postgres_db       6.2 TiB           0  ...   0 bytes       1.9 GiB     267.0 GiB
1        memory       0 bytes           0  ...   0 bytes       1.9 GiB     267.0 GiB

[2 rows x 9 columns]
2026-08-04 03:15:56.386 INFO Loading data (2014-07-21 00:00:00+00:00 -> 2014-08-20 00:00:00+00:00) done in 18.21s (real) and 11.32s (process)
2026-08-04 03:15:56.386 INFO Memory usage (start of timestep, peak): 10.16 GiB
2026-08-04 03:15:56.386 INFO Memory usage (start of timestep, current): 6.07 GiB
2026-08-04 03:15:56.387 INFO Calculating metrics
2026-08-04 03:15:56.387 INFO Calculating metric: statement_count
2026-08-04 03:15:56.429 INFO [statement_count] Memory snapshot — cache: 0.00 MB (type <class 'numpy.int64'>, N/A entries)
2026-08-04 03:15:56.429 INFO Calculating metric: reference_existence_per_statement_count_df
2026-08-04 03:17:26.015 INFO [reference_existence_per_statement_count_df] Memory snapshot — total: 2808.28 MB
  cache: 0.00 MB (N/A entries)
  cache_df: 2808.28 MB (23375564 entries)
2026-08-04 03:17:26.016 INFO Calculating metric: reference_completeness_df
2026-08-04 03:17:26.020 INFO [reference_completeness_df] Memory snapshot — cache: 0.00 MB (type <class 'numpy.float64'>, N/A entries)
2026-08-04 03:17:26.020 INFO Memory usage (end of timestep, peak): 10.16 GiB
2026-08-04 03:17:26.020 INFO Memory usage (end of timestep, current): 6.20 GiB
2026-08-04 03:17:26.020 INFO (Iteration 21) statement_count: real 0.04s | cpu 0.45s
2026-08-04 03:17:26.020 INFO (Iteration 21) reference_existence_per_statement_count_df: real 89.59s | cpu 90.31s
2026-08-04 03:17:26.020 INFO (Iteration 21) reference_completeness_df: real 0.00s | cpu 0.00s
2026-08-04 03:17:26.020 INFO Iteration 21 finished in 107.84s (real) and 102.09s (process)
2026-08-04 03:17:26.021 INFO Start timestep 2014-08-20 00:00:00+00:00 -> 2014-09-19 00:00:00+00:00
2026-08-04 03:17:43.528 INFO DuckDB memory logs:
  database_name database_size  block_size  ...  wal_size  memory_usage  memory_limit
0   postgres_db       6.2 TiB           0  ...   0 bytes       2.1 GiB     267.0 GiB
1        memory       0 bytes           0  ...   0 bytes       2.1 GiB     267.0 GiB

[2 rows x 9 columns]
2026-08-04 03:17:43.528 INFO Loading data (2014-08-20 00:00:00+00:00 -> 2014-09-19 00:00:00+00:00) done in 17.51s (real) and 13.00s (process)
2026-08-04 03:17:43.529 INFO Memory usage (start of timestep, peak): 10.16 GiB
2026-08-04 03:17:43.529 INFO Memory usage (start of timestep, current): 6.36 GiB
2026-08-04 03:17:43.529 INFO Calculating metrics
2026-08-04 03:17:43.529 INFO Calculating metric: statement_count
2026-08-04 03:17:43.573 INFO [statement_count] Memory snapshot — cache: 0.00 MB (type <class 'numpy.int64'>, N/A entries)
2026-08-04 03:17:43.573 INFO Calculating metric: reference_existence_per_statement_count_df
2026-08-04 03:19:17.478 INFO [reference_existence_per_statement_count_df] Memory snapshot — total: 2876.49 MB
  cache: 0.00 MB (N/A entries)
  cache_df: 2876.49 MB (23941549 entries)
2026-08-04 03:19:17.479 INFO Calculating metric: reference_completeness_df
2026-08-04 03:19:17.485 INFO [reference_completeness_df] Memory snapshot — cache: 0.00 MB (type <class 'numpy.float64'>, N/A entries)
2026-08-04 03:19:17.485 INFO Memory usage (end of timestep, peak): 10.16 GiB
2026-08-04 03:19:17.485 INFO Memory usage (end of timestep, current): 6.47 GiB
2026-08-04 03:19:17.485 INFO (Iteration 22) statement_count: real 0.04s | cpu 0.52s
2026-08-04 03:19:17.485 INFO (Iteration 22) reference_existence_per_statement_count_df: real 93.91s | cpu 95.02s
2026-08-04 03:19:17.485 INFO (Iteration 22) reference_completeness_df: real 0.01s | cpu 0.00s
2026-08-04 03:19:17.485 INFO Iteration 22 finished in 111.46s (real) and 108.54s (process)
2026-08-04 03:19:17.486 INFO Start timestep 2014-09-19 00:00:00+00:00 -> 2014-10-19 00:00:00+00:00
2026-08-04 03:19:37.344 INFO DuckDB memory logs:
  database_name database_size  block_size  ...  wal_size  memory_usage  memory_limit
0   postgres_db       6.2 TiB           0  ...   0 bytes       2.5 GiB     267.0 GiB
1        memory       0 bytes           0  ...   0 bytes       2.5 GiB     267.0 GiB

[2 rows x 9 columns]
2026-08-04 03:19:37.344 INFO Loading data (2014-09-19 00:00:00+00:00 -> 2014-10-19 00:00:00+00:00) done in 19.86s (real) and 13.19s (process)
2026-08-04 03:19:37.344 INFO Memory usage (start of timestep, peak): 10.16 GiB
2026-08-04 03:19:37.345 INFO Memory usage (start of timestep, current): 6.82 GiB
2026-08-04 03:19:37.345 INFO Calculating metrics
2026-08-04 03:19:37.345 INFO Calculating metric: statement_count
2026-08-04 03:19:37.393 INFO [statement_count] Memory snapshot — cache: 0.00 MB (type <class 'numpy.int64'>, N/A entries)
2026-08-04 03:19:37.393 INFO Calculating metric: reference_existence_per_statement_count_df
2026-08-04 03:21:17.937 INFO [reference_existence_per_statement_count_df] Memory snapshot — total: 2995.35 MB
  cache: 0.00 MB (N/A entries)
  cache_df: 2995.35 MB (24923988 entries)
2026-08-04 03:21:17.938 INFO Calculating metric: reference_completeness_df
2026-08-04 03:21:17.943 INFO [reference_completeness_df] Memory snapshot — cache: 0.00 MB (type <class 'numpy.float64'>, N/A entries)
2026-08-04 03:21:17.943 INFO Memory usage (end of timestep, peak): 10.16 GiB
2026-08-04 03:21:17.944 INFO Memory usage (end of timestep, current): 6.95 GiB
2026-08-04 03:21:17.944 INFO (Iteration 23) statement_count: real 0.05s | cpu 0.58s
2026-08-04 03:21:17.944 INFO (Iteration 23) reference_existence_per_statement_count_df: real 100.55s | cpu 102.04s
2026-08-04 03:21:17.944 INFO (Iteration 23) reference_completeness_df: real 0.00s | cpu 0.00s
2026-08-04 03:21:17.944 INFO Iteration 23 finished in 120.46s (real) and 115.82s (process)
2026-08-04 03:21:17.945 INFO Start timestep 2014-10-19 00:00:00+00:00 -> 2014-11-18 00:00:00+00:00
2026-08-04 03:21:46.347 INFO DuckDB memory logs:
  database_name database_size  block_size  ...  wal_size  memory_usage  memory_limit
0   postgres_db       6.2 TiB           0  ...   0 bytes       3.6 GiB     267.0 GiB
1        memory       0 bytes           0  ...   0 bytes       3.6 GiB     267.0 GiB

[2 rows x 9 columns]
2026-08-04 03:21:46.347 INFO Loading data (2014-10-19 00:00:00+00:00 -> 2014-11-18 00:00:00+00:00) done in 28.40s (real) and 18.32s (process)
2026-08-04 03:21:46.347 INFO Memory usage (start of timestep, peak): 10.16 GiB
2026-08-04 03:21:46.348 INFO Memory usage (start of timestep, current): 7.89 GiB
2026-08-04 03:21:46.348 INFO Calculating metrics
2026-08-04 03:21:46.348 INFO Calculating metric: statement_count
2026-08-04 03:21:46.390 INFO [statement_count] Memory snapshot — cache: 0.00 MB (type <class 'numpy.int64'>, N/A entries)
2026-08-04 03:21:46.390 INFO Calculating metric: reference_existence_per_statement_count_df
2026-08-04 03:23:34.667 INFO [reference_existence_per_statement_count_df] Memory snapshot — total: 3146.06 MB
  cache: 0.00 MB (N/A entries)
  cache_df: 3146.06 MB (26178723 entries)
2026-08-04 03:23:34.668 INFO Calculating metric: reference_completeness_df
2026-08-04 03:23:34.672 INFO [reference_completeness_df] Memory snapshot — cache: 0.00 MB (type <class 'numpy.float64'>, N/A entries)
2026-08-04 03:23:34.672 INFO Memory usage (end of timestep, peak): 10.16 GiB
2026-08-04 03:23:34.673 INFO Memory usage (end of timestep, current): 8.15 GiB
2026-08-04 03:23:34.673 INFO (Iteration 24) statement_count: real 0.04s | cpu 0.53s
2026-08-04 03:23:34.673 INFO (Iteration 24) reference_existence_per_statement_count_df: real 108.28s | cpu 110.91s
2026-08-04 03:23:34.673 INFO (Iteration 24) reference_completeness_df: real 0.00s | cpu 0.00s
2026-08-04 03:23:34.673 INFO Iteration 24 finished in 136.73s (real) and 129.77s (process)
2026-08-04 03:23:34.673 INFO Start timestep 2014-11-18 00:00:00+00:00 -> 2014-12-18 00:00:00+00:00
2026-08-04 03:23:51.284 INFO DuckDB memory logs:
  database_name database_size  block_size  ...  wal_size  memory_usage  memory_limit
0   postgres_db       6.2 TiB           0  ...   0 bytes       2.2 GiB     267.0 GiB
1        memory       0 bytes           0  ...   0 bytes       2.2 GiB     267.0 GiB

[2 rows x 9 columns]
2026-08-04 03:23:51.285 INFO Loading data (2014-11-18 00:00:00+00:00 -> 2014-12-18 00:00:00+00:00) done in 16.61s (real) and 15.51s (process)
2026-08-04 03:23:51.285 INFO Memory usage (start of timestep, peak): 10.16 GiB
2026-08-04 03:23:51.285 INFO Memory usage (start of timestep, current): 7.87 GiB
2026-08-04 03:23:51.285 INFO Calculating metrics
2026-08-04 03:23:51.285 INFO Calculating metric: statement_count
2026-08-04 03:23:51.330 INFO [statement_count] Memory snapshot — cache: 0.00 MB (type <class 'numpy.int64'>, N/A entries)
2026-08-04 03:23:51.330 INFO Calculating metric: reference_existence_per_statement_count_df
2026-08-04 03:25:40.373 INFO [reference_existence_per_statement_count_df] Memory snapshot — total: 3204.88 MB
  cache: 0.00 MB (N/A entries)
  cache_df: 3204.88 MB (26665327 entries)
2026-08-04 03:25:40.374 INFO Calculating metric: reference_completeness_df
2026-08-04 03:25:40.379 INFO [reference_completeness_df] Memory snapshot — cache: 0.00 MB (type <class 'numpy.float64'>, N/A entries)
2026-08-04 03:25:40.379 INFO Memory usage (end of timestep, peak): 10.20 GiB
2026-08-04 03:25:40.380 INFO Memory usage (end of timestep, current): 8.01 GiB
2026-08-04 03:25:40.380 INFO (Iteration 25) statement_count: real 0.05s | cpu 0.53s
2026-08-04 03:25:40.380 INFO (Iteration 25) reference_existence_per_statement_count_df: real 109.04s | cpu 110.48s
2026-08-04 03:25:40.380 INFO (Iteration 25) reference_completeness_df: real 0.01s | cpu 0.00s
2026-08-04 03:25:40.380 INFO Iteration 25 finished in 125.71s (real) and 126.52s (process)
2026-08-04 03:25:40.381 INFO Start timestep 2014-12-18 00:00:00+00:00 -> 2015-01-17 00:00:00+00:00
2026-08-04 03:25:56.099 INFO DuckDB memory logs:
  database_name database_size  block_size  ...  wal_size  memory_usage  memory_limit
0   postgres_db       6.2 TiB           0  ...   0 bytes       2.0 GiB     267.0 GiB
1        memory       0 bytes           0  ...   0 bytes       2.0 GiB     267.0 GiB

[2 rows x 9 columns]
2026-08-04 03:25:56.100 INFO Loading data (2014-12-18 00:00:00+00:00 -> 2015-01-17 00:00:00+00:00) done in 15.72s (real) and 13.51s (process)
2026-08-04 03:25:56.100 INFO Memory usage (start of timestep, peak): 10.20 GiB
2026-08-04 03:25:56.100 INFO Memory usage (start of timestep, current): 6.64 GiB
2026-08-04 03:25:56.100 INFO Calculating metrics
2026-08-04 03:25:56.100 INFO Calculating metric: statement_count
2026-08-04 03:25:56.136 INFO [statement_count] Memory snapshot — cache: 0.00 MB (type <class 'numpy.int64'>, N/A entries)
2026-08-04 03:25:56.136 INFO Calculating metric: reference_existence_per_statement_count_df
2026-08-04 03:27:45.831 INFO [reference_existence_per_statement_count_df] Memory snapshot — total: 3261.79 MB
  cache: 0.00 MB (N/A entries)
  cache_df: 3261.79 MB (27138188 entries)
2026-08-04 03:27:45.831 INFO Calculating metric: reference_completeness_df
2026-08-04 03:27:45.837 INFO [reference_completeness_df] Memory snapshot — cache: 0.00 MB (type <class 'numpy.float64'>, N/A entries)
2026-08-04 03:27:45.837 INFO Memory usage (end of timestep, peak): 10.20 GiB
2026-08-04 03:27:45.837 INFO Memory usage (end of timestep, current): 6.78 GiB
2026-08-04 03:27:45.837 INFO (Iteration 26) statement_count: real 0.04s | cpu 0.40s
2026-08-04 03:27:45.837 INFO (Iteration 26) reference_existence_per_statement_count_df: real 109.70s | cpu 111.14s
2026-08-04 03:27:45.837 INFO (Iteration 26) reference_completeness_df: real 0.01s | cpu 0.00s
2026-08-04 03:27:45.837 INFO Iteration 26 finished in 125.46s (real) and 125.05s (process)
2026-08-04 03:27:45.838 INFO Start timestep 2015-01-17 00:00:00+00:00 -> 2015-02-16 00:00:00+00:00
2026-08-04 03:28:09.618 INFO DuckDB memory logs:
  database_name database_size  block_size  ...  wal_size  memory_usage  memory_limit
0   postgres_db       6.2 TiB           0  ...   0 bytes       3.0 GiB     267.0 GiB
1        memory       0 bytes           0  ...   0 bytes       3.0 GiB     267.0 GiB

[2 rows x 9 columns]
2026-08-04 03:28:09.619 INFO Loading data (2015-01-17 00:00:00+00:00 -> 2015-02-16 00:00:00+00:00) done in 23.78s (real) and 22.95s (process)
2026-08-04 03:28:09.619 INFO Memory usage (start of timestep, peak): 10.20 GiB
2026-08-04 03:28:09.619 INFO Memory usage (start of timestep, current): 8.55 GiB
2026-08-04 03:28:09.619 INFO Calculating metrics
2026-08-04 03:28:09.619 INFO Calculating metric: statement_count
2026-08-04 03:28:09.665 INFO [statement_count] Memory snapshot — cache: 0.00 MB (type <class 'numpy.int64'>, N/A entries)
2026-08-04 03:28:09.665 INFO Calculating metric: reference_existence_per_statement_count_df
2026-08-04 03:30:06.065 INFO [reference_existence_per_statement_count_df] Memory snapshot — total: 3265.48 MB
  cache: 0.00 MB (N/A entries)
  cache_df: 3265.48 MB (27167150 entries)
2026-08-04 03:30:06.065 INFO Calculating metric: reference_completeness_df
2026-08-04 03:30:06.071 INFO [reference_completeness_df] Memory snapshot — cache: 0.00 MB (type <class 'numpy.float64'>, N/A entries)
2026-08-04 03:30:06.071 INFO Memory usage (end of timestep, peak): 10.95 GiB
2026-08-04 03:30:06.071 INFO Memory usage (end of timestep, current): 8.70 GiB
2026-08-04 03:30:06.071 INFO (Iteration 27) statement_count: real 0.05s | cpu 0.57s
2026-08-04 03:30:06.071 INFO (Iteration 27) reference_existence_per_statement_count_df: real 116.40s | cpu 118.27s
2026-08-04 03:30:06.071 INFO (Iteration 27) reference_completeness_df: real 0.01s | cpu 0.00s
2026-08-04 03:30:06.071 INFO Iteration 27 finished in 140.23s (real) and 141.80s (process)
2026-08-04 03:30:06.073 INFO Start timestep 2015-02-16 00:00:00+00:00 -> 2015-03-18 00:00:00+00:00
2026-08-04 03:30:28.335 INFO DuckDB memory logs:
  database_name database_size  block_size  ...  wal_size  memory_usage  memory_limit
0   postgres_db       6.2 TiB           0  ...   0 bytes       2.7 GiB     267.0 GiB
1        memory       0 bytes           0  ...   0 bytes       2.7 GiB     267.0 GiB

[2 rows x 9 columns]
2026-08-04 03:30:28.335 INFO Loading data (2015-02-16 00:00:00+00:00 -> 2015-03-18 00:00:00+00:00) done in 22.26s (real) and 16.08s (process)
2026-08-04 03:30:28.335 INFO Memory usage (start of timestep, peak): 10.95 GiB
2026-08-04 03:30:28.335 INFO Memory usage (start of timestep, current): 7.54 GiB
2026-08-04 03:30:28.335 INFO Calculating metrics
2026-08-04 03:30:28.335 INFO Calculating metric: statement_count
2026-08-04 03:30:28.383 INFO [statement_count] Memory snapshot — cache: 0.00 MB (type <class 'numpy.int64'>, N/A entries)
2026-08-04 03:30:28.383 INFO Calculating metric: reference_existence_per_statement_count_df
2026-08-04 03:32:21.438 INFO [reference_existence_per_statement_count_df] Memory snapshot — total: 3346.97 MB
  cache: 0.00 MB (N/A entries)
  cache_df: 3346.97 MB (27842255 entries)
2026-08-04 03:32:21.439 INFO Calculating metric: reference_completeness_df
2026-08-04 03:32:21.444 INFO [reference_completeness_df] Memory snapshot — cache: 0.00 MB (type <class 'numpy.float64'>, N/A entries)
2026-08-04 03:32:21.444 INFO Memory usage (end of timestep, peak): 10.95 GiB
2026-08-04 03:32:21.444 INFO Memory usage (end of timestep, current): 7.62 GiB
2026-08-04 03:32:21.444 INFO (Iteration 28) statement_count: real 0.05s | cpu 0.61s
2026-08-04 03:32:21.444 INFO (Iteration 28) reference_existence_per_statement_count_df: real 113.06s | cpu 114.31s
2026-08-04 03:32:21.444 INFO (Iteration 28) reference_completeness_df: real 0.01s | cpu 0.00s
2026-08-04 03:32:21.444 INFO Iteration 28 finished in 135.37s (real) and 131.00s (process)
2026-08-04 03:32:21.445 INFO Start timestep 2015-03-18 00:00:00+00:00 -> 2015-04-17 00:00:00+00:00
2026-08-04 03:32:40.606 INFO DuckDB memory logs:
  database_name database_size  block_size  ...  wal_size  memory_usage  memory_limit
0   postgres_db       6.2 TiB           0  ...   0 bytes       2.4 GiB     267.0 GiB
1        memory       0 bytes           0  ...   0 bytes       2.4 GiB     267.0 GiB

[2 rows x 9 columns]
2026-08-04 03:32:40.606 INFO Loading data (2015-03-18 00:00:00+00:00 -> 2015-04-17 00:00:00+00:00) done in 19.16s (real) and 18.23s (process)
2026-08-04 03:32:40.607 INFO Memory usage (start of timestep, peak): 10.95 GiB
2026-08-04 03:32:40.607 INFO Memory usage (start of timestep, current): 7.94 GiB
2026-08-04 03:32:40.607 INFO Calculating metrics
2026-08-04 03:32:40.607 INFO Calculating metric: statement_count
2026-08-04 03:32:40.649 INFO [statement_count] Memory snapshot — cache: 0.00 MB (type <class 'numpy.int64'>, N/A entries)
2026-08-04 03:32:40.649 INFO Calculating metric: reference_existence_per_statement_count_df
2026-08-04 03:34:39.486 INFO [reference_existence_per_statement_count_df] Memory snapshot — total: 3444.16 MB
  cache: 0.00 MB (N/A entries)
  cache_df: 3444.16 MB (28649405 entries)
2026-08-04 03:34:39.488 INFO Calculating metric: reference_completeness_df
2026-08-04 03:34:39.496 INFO [reference_completeness_df] Memory snapshot — cache: 0.00 MB (type <class 'numpy.float64'>, N/A entries)
2026-08-04 03:34:39.497 INFO Memory usage (end of timestep, peak): 10.95 GiB
2026-08-04 03:34:39.497 INFO Memory usage (end of timestep, current): 8.12 GiB
2026-08-04 03:34:39.497 INFO (Iteration 29) statement_count: real 0.04s | cpu 0.53s
2026-08-04 03:34:39.497 INFO (Iteration 29) reference_existence_per_statement_count_df: real 118.84s | cpu 120.52s
2026-08-04 03:34:39.497 INFO (Iteration 29) reference_completeness_df: real 0.01s | cpu 0.00s
2026-08-04 03:34:39.497 INFO Iteration 29 finished in 138.05s (real) and 139.28s (process)
2026-08-04 03:34:39.498 INFO Start timestep 2015-04-17 00:00:00+00:00 -> 2015-05-17 00:00:00+00:00
2026-08-04 03:34:57.024 INFO DuckDB memory logs:
  database_name database_size  block_size  ...  wal_size  memory_usage  memory_limit
0   postgres_db       6.2 TiB           0  ...   0 bytes       2.2 GiB     267.0 GiB
1        memory       0 bytes           0  ...   0 bytes       2.2 GiB     267.0 GiB

[2 rows x 9 columns]
2026-08-04 03:34:57.024 INFO Loading data (2015-04-17 00:00:00+00:00 -> 2015-05-17 00:00:00+00:00) done in 17.53s (real) and 15.29s (process)
2026-08-04 03:34:57.024 INFO Memory usage (start of timestep, peak): 10.95 GiB
2026-08-04 03:34:57.024 INFO Memory usage (start of timestep, current): 7.20 GiB
2026-08-04 03:34:57.024 INFO Calculating metrics
2026-08-04 03:34:57.025 INFO Calculating metric: statement_count
2026-08-04 03:34:57.067 INFO [statement_count] Memory snapshot — cache: 0.00 MB (type <class 'numpy.int64'>, N/A entries)
2026-08-04 03:34:57.067 INFO Calculating metric: reference_existence_per_statement_count_df
2026-08-04 03:36:56.866 INFO [reference_existence_per_statement_count_df] Memory snapshot — total: 3521.57 MB
  cache: 0.00 MB (N/A entries)
  cache_df: 3521.57 MB (29291559 entries)
2026-08-04 03:36:56.867 INFO Calculating metric: reference_completeness_df
2026-08-04 03:36:56.875 INFO [reference_completeness_df] Memory snapshot — cache: 0.00 MB (type <class 'numpy.float64'>, N/A entries)
2026-08-04 03:36:56.876 INFO Memory usage (end of timestep, peak): 10.95 GiB
2026-08-04 03:36:56.876 INFO Memory usage (end of timestep, current): 7.33 GiB
2026-08-04 03:36:56.876 INFO (Iteration 30) statement_count: real 0.04s | cpu 0.47s
2026-08-04 03:36:56.876 INFO (Iteration 30) reference_existence_per_statement_count_df: real 119.80s | cpu 121.44s
2026-08-04 03:36:56.876 INFO (Iteration 30) reference_completeness_df: real 0.01s | cpu 0.00s
2026-08-04 03:36:56.876 INFO Iteration 30 finished in 137.38s (real) and 137.20s (process)
2026-08-04 03:36:56.877 INFO Start timestep 2015-05-17 00:00:00+00:00 -> 2015-06-16 00:00:00+00:00
2026-08-04 03:37:27.751 INFO DuckDB memory logs:
  database_name database_size  block_size  ...  wal_size  memory_usage  memory_limit
0   postgres_db       6.2 TiB           0  ...   0 bytes       4.1 GiB     267.0 GiB
1        memory       0 bytes           0  ...   0 bytes       4.1 GiB     267.0 GiB

[2 rows x 9 columns]
2026-08-04 03:37:27.751 INFO Loading data (2015-05-17 00:00:00+00:00 -> 2015-06-16 00:00:00+00:00) done in 30.87s (real) and 20.73s (process)
2026-08-04 03:37:27.751 INFO Memory usage (start of timestep, peak): 10.95 GiB
2026-08-04 03:37:27.751 INFO Memory usage (start of timestep, current): 9.11 GiB
2026-08-04 03:37:27.751 INFO Calculating metrics
2026-08-04 03:37:27.752 INFO Calculating metric: statement_count
2026-08-04 03:37:27.796 INFO [statement_count] Memory snapshot — cache: 0.00 MB (type <class 'numpy.int64'>, N/A entries)
2026-08-04 03:37:27.797 INFO Calculating metric: reference_existence_per_statement_count_df
2026-08-04 03:39:36.446 INFO [reference_existence_per_statement_count_df] Memory snapshot — total: 3735.63 MB
  cache: 0.00 MB (N/A entries)
  cache_df: 3735.63 MB (31064307 entries)
2026-08-04 03:39:36.447 INFO Calculating metric: reference_completeness_df
2026-08-04 03:39:36.454 INFO [reference_completeness_df] Memory snapshot — cache: 0.00 MB (type <class 'numpy.float64'>, N/A entries)
2026-08-04 03:39:36.454 INFO Memory usage (end of timestep, peak): 11.84 GiB
2026-08-04 03:39:36.455 INFO Memory usage (end of timestep, current): 9.41 GiB
2026-08-04 03:39:36.455 INFO (Iteration 31) statement_count: real 0.04s | cpu 0.55s
2026-08-04 03:39:36.455 INFO (Iteration 31) reference_existence_per_statement_count_df: real 128.65s | cpu 131.27s
2026-08-04 03:39:36.455 INFO (Iteration 31) reference_completeness_df: real 0.01s | cpu 0.00s
2026-08-04 03:39:36.455 INFO Iteration 31 finished in 159.58s (real) and 152.55s (process)
2026-08-04 03:39:36.455 INFO Start timestep 2015-06-16 00:00:00+00:00 -> 2015-07-16 00:00:00+00:00
2026-08-04 03:40:05.912 INFO DuckDB memory logs:
  database_name database_size  block_size  ...  wal_size  memory_usage  memory_limit
0   postgres_db       6.2 TiB           0  ...   0 bytes       3.4 GiB     267.0 GiB
1        memory       0 bytes           0  ...   0 bytes       3.4 GiB     267.0 GiB

[2 rows x 9 columns]
2026-08-04 03:40:05.912 INFO Loading data (2015-06-16 00:00:00+00:00 -> 2015-07-16 00:00:00+00:00) done in 29.46s (real) and 27.28s (process)
2026-08-04 03:40:05.912 INFO Memory usage (start of timestep, peak): 11.84 GiB
2026-08-04 03:40:05.912 INFO Memory usage (start of timestep, current): 9.79 GiB
2026-08-04 03:40:05.912 INFO Calculating metrics
2026-08-04 03:40:05.913 INFO Calculating metric: statement_count
2026-08-04 03:40:05.956 INFO [statement_count] Memory snapshot — cache: 0.00 MB (type <class 'numpy.int64'>, N/A entries)
2026-08-04 03:40:05.956 INFO Calculating metric: reference_existence_per_statement_count_df
2026-08-04 03:42:29.201 INFO [reference_existence_per_statement_count_df] Memory snapshot — total: 3894.76 MB
  cache: 0.00 MB (N/A entries)
  cache_df: 3894.76 MB (32381358 entries)
2026-08-04 03:42:29.202 INFO Calculating metric: reference_completeness_df
2026-08-04 03:42:29.207 INFO [reference_completeness_df] Memory snapshot — cache: 0.00 MB (type <class 'numpy.float64'>, N/A entries)
2026-08-04 03:42:29.207 INFO Memory usage (end of timestep, peak): 12.55 GiB
2026-08-04 03:42:29.207 INFO Memory usage (end of timestep, current): 10.08 GiB
2026-08-04 03:42:29.208 INFO (Iteration 32) statement_count: real 0.04s | cpu 0.53s
2026-08-04 03:42:29.208 INFO (Iteration 32) reference_existence_per_statement_count_df: real 143.25s | cpu 145.53s
2026-08-04 03:42:29.208 INFO (Iteration 32) reference_completeness_df: real 0.00s | cpu 0.00s
2026-08-04 03:42:29.208 INFO Iteration 32 finished in 172.75s (real) and 173.34s (process)
2026-08-04 03:42:29.208 INFO Start timestep 2015-07-16 00:00:00+00:00 -> 2015-08-15 00:00:00+00:00
2026-08-04 03:43:03.652 INFO DuckDB memory logs:
  database_name database_size  block_size  ...  wal_size  memory_usage  memory_limit
0   postgres_db       6.2 TiB           0  ...   0 bytes       4.4 GiB     267.0 GiB
1        memory       0 bytes           0  ...   0 bytes       4.4 GiB     267.0 GiB

[2 rows x 9 columns]
2026-08-04 03:43:03.652 INFO Loading data (2015-07-16 00:00:00+00:00 -> 2015-08-15 00:00:00+00:00) done in 34.44s (real) and 23.28s (process)
2026-08-04 03:43:03.652 INFO Memory usage (start of timestep, peak): 12.55 GiB
2026-08-04 03:43:03.652 INFO Memory usage (start of timestep, current): 9.91 GiB
2026-08-04 03:43:03.652 INFO Calculating metrics
2026-08-04 03:43:03.652 INFO Calculating metric: statement_count
2026-08-04 03:43:03.701 INFO [statement_count] Memory snapshot — cache: 0.00 MB (type <class 'numpy.int64'>, N/A entries)
2026-08-04 03:43:03.701 INFO Calculating metric: reference_existence_per_statement_count_df
2026-08-04 03:45:22.543 INFO [reference_existence_per_statement_count_df] Memory snapshot — total: 4023.86 MB
  cache: 0.00 MB (N/A entries)
  cache_df: 4023.86 MB (33452522 entries)
2026-08-04 03:45:22.544 INFO Calculating metric: reference_completeness_df
2026-08-04 03:45:22.549 INFO [reference_completeness_df] Memory snapshot — cache: 0.00 MB (type <class 'numpy.float64'>, N/A entries)
2026-08-04 03:45:22.549 INFO Memory usage (end of timestep, peak): 12.81 GiB
2026-08-04 03:45:22.549 INFO Memory usage (end of timestep, current): 10.19 GiB
2026-08-04 03:45:22.550 INFO (Iteration 33) statement_count: real 0.05s | cpu 0.64s
2026-08-04 03:45:22.550 INFO (Iteration 33) reference_existence_per_statement_count_df: real 138.84s | cpu 141.48s
2026-08-04 03:45:22.550 INFO (Iteration 33) reference_completeness_df: real 0.00s | cpu 0.00s
2026-08-04 03:45:22.550 INFO Iteration 33 finished in 173.34s (real) and 165.41s (process)
2026-08-04 03:45:22.551 INFO Start timestep 2015-08-15 00:00:00+00:00 -> 2015-09-14 00:00:00+00:00
2026-08-04 03:46:03.027 INFO DuckDB memory logs:
  database_name database_size  block_size  ...  wal_size  memory_usage  memory_limit
0   postgres_db       6.2 TiB           0  ...   0 bytes       4.7 GiB     267.0 GiB
1        memory       0 bytes           0  ...   0 bytes       4.7 GiB     267.0 GiB

[2 rows x 9 columns]
2026-08-04 03:46:03.028 INFO Loading data (2015-08-15 00:00:00+00:00 -> 2015-09-14 00:00:00+00:00) done in 40.48s (real) and 26.32s (process)
2026-08-04 03:46:03.028 INFO Memory usage (start of timestep, peak): 12.81 GiB
2026-08-04 03:46:03.028 INFO Memory usage (start of timestep, current): 10.36 GiB
2026-08-04 03:46:03.028 INFO Calculating metrics
2026-08-04 03:46:03.028 INFO Calculating metric: statement_count
2026-08-04 03:46:03.078 INFO [statement_count] Memory snapshot — cache: 0.00 MB (type <class 'numpy.int64'>, N/A entries)
2026-08-04 03:46:03.078 INFO Calculating metric: reference_existence_per_statement_count_df
2026-08-04 03:48:32.453 INFO [reference_existence_per_statement_count_df] Memory snapshot — total: 4192.30 MB
  cache: 0.00 MB (N/A entries)
  cache_df: 4192.30 MB (34848575 entries)
2026-08-04 03:48:32.454 INFO Calculating metric: reference_completeness_df
2026-08-04 03:48:32.459 INFO [reference_completeness_df] Memory snapshot — cache: 0.00 MB (type <class 'numpy.float64'>, N/A entries)
2026-08-04 03:48:32.459 INFO Memory usage (end of timestep, peak): 13.35 GiB
2026-08-04 03:48:32.459 INFO Memory usage (end of timestep, current): 10.62 GiB
2026-08-04 03:48:32.460 INFO (Iteration 34) statement_count: real 0.05s | cpu 0.60s
2026-08-04 03:48:32.460 INFO (Iteration 34) reference_existence_per_statement_count_df: real 149.38s | cpu 152.54s
2026-08-04 03:48:32.460 INFO (Iteration 34) reference_completeness_df: real 0.01s | cpu 0.00s
2026-08-04 03:48:32.460 INFO Iteration 34 finished in 189.91s (real) and 179.46s (process)
2026-08-04 03:48:32.460 INFO Start timestep 2015-09-14 00:00:00+00:00 -> 2015-10-14 00:00:00+00:00
2026-08-04 03:49:48.737 INFO DuckDB memory logs:
  database_name database_size  block_size  ...  wal_size  memory_usage  memory_limit
0   postgres_db       6.2 TiB           0  ...   0 bytes      10.5 GiB     267.0 GiB
1        memory       0 bytes           0  ...   0 bytes      10.5 GiB     267.0 GiB

[2 rows x 9 columns]
2026-08-04 03:49:48.738 INFO Loading data (2015-09-14 00:00:00+00:00 -> 2015-10-14 00:00:00+00:00) done in 76.28s (real) and 109.42s (process)
2026-08-04 03:49:48.738 INFO Memory usage (start of timestep, peak): 18.04 GiB
2026-08-04 03:49:48.738 INFO Memory usage (start of timestep, current): 16.28 GiB
2026-08-04 03:49:48.738 INFO Calculating metrics
2026-08-04 03:49:48.738 INFO Calculating metric: statement_count
2026-08-04 03:49:48.789 INFO [statement_count] Memory snapshot — cache: 0.00 MB (type <class 'numpy.int64'>, N/A entries)
2026-08-04 03:49:48.789 INFO Calculating metric: reference_existence_per_statement_count_df
2026-08-04 03:52:24.067 INFO [reference_existence_per_statement_count_df] Memory snapshot — total: 4274.30 MB
  cache: 0.00 MB (N/A entries)
  cache_df: 4274.30 MB (35529451 entries)
2026-08-04 03:52:24.067 INFO Calculating metric: reference_completeness_df
2026-08-04 03:52:24.072 INFO [reference_completeness_df] Memory snapshot — cache: 0.00 MB (type <class 'numpy.float64'>, N/A entries)
2026-08-04 03:52:24.072 INFO Memory usage (end of timestep, peak): 19.40 GiB
2026-08-04 03:52:24.073 INFO Memory usage (end of timestep, current): 16.67 GiB
2026-08-04 03:52:24.073 INFO (Iteration 35) statement_count: real 0.05s | cpu 0.60s
2026-08-04 03:52:24.073 INFO (Iteration 35) reference_existence_per_statement_count_df: real 155.28s | cpu 161.38s
2026-08-04 03:52:24.073 INFO (Iteration 35) reference_completeness_df: real 0.00s | cpu 0.00s
2026-08-04 03:52:24.073 INFO Iteration 35 finished in 231.61s (real) and 271.41s (process)
2026-08-04 03:52:24.075 INFO Start timestep 2015-10-14 00:00:00+00:00 -> 2015-11-13 00:00:00+00:00
2026-08-04 03:53:55.349 INFO DuckDB memory logs:
  database_name database_size  block_size  ...  wal_size  memory_usage  memory_limit
0   postgres_db       6.2 TiB           0  ...   0 bytes      12.3 GiB     267.0 GiB
1        memory       0 bytes           0  ...   0 bytes      12.3 GiB     267.0 GiB

[2 rows x 9 columns]
2026-08-04 03:53:55.350 INFO Loading data (2015-10-14 00:00:00+00:00 -> 2015-11-13 00:00:00+00:00) done in 91.28s (real) and 62.54s (process)
2026-08-04 03:53:55.350 INFO Memory usage (start of timestep, peak): 21.53 GiB
2026-08-04 03:53:55.351 INFO Memory usage (start of timestep, current): 21.53 GiB
2026-08-04 03:53:55.351 INFO Calculating metrics
2026-08-04 03:53:55.351 INFO Calculating metric: statement_count
2026-08-04 03:53:55.425 INFO [statement_count] Memory snapshot — cache: 0.00 MB (type <class 'numpy.int64'>, N/A entries)
2026-08-04 03:53:55.425 INFO Calculating metric: reference_existence_per_statement_count_df
2026-08-04 03:56:46.861 INFO [reference_existence_per_statement_count_df] Memory snapshot — total: 4607.85 MB
  cache: 0.00 MB (N/A entries)
  cache_df: 4607.85 MB (38290626 entries)
2026-08-04 03:56:46.862 INFO Calculating metric: reference_completeness_df
2026-08-04 03:56:46.867 INFO [reference_completeness_df] Memory snapshot — cache: 0.00 MB (type <class 'numpy.float64'>, N/A entries)
2026-08-04 03:56:46.867 INFO Memory usage (end of timestep, peak): 22.15 GiB
2026-08-04 03:56:46.868 INFO Memory usage (end of timestep, current): 18.69 GiB
2026-08-04 03:56:46.868 INFO (Iteration 36) statement_count: real 0.07s | cpu 0.87s
2026-08-04 03:56:46.868 INFO (Iteration 36) reference_existence_per_statement_count_df: real 171.44s | cpu 178.67s
2026-08-04 03:56:46.868 INFO (Iteration 36) reference_completeness_df: real 0.01s | cpu 0.00s
2026-08-04 03:56:46.868 INFO Iteration 36 finished in 262.79s (real) and 242.08s (process)
2026-08-04 03:56:46.868 INFO Start timestep 2015-11-13 00:00:00+00:00 -> 2015-12-13 00:00:00+00:00
2026-08-04 03:58:08.837 INFO DuckDB memory logs:
  database_name database_size  block_size  ...  wal_size  memory_usage  memory_limit
0   postgres_db       6.2 TiB           0  ...   0 bytes      10.9 GiB     267.0 GiB
1        memory       0 bytes           0  ...   0 bytes      10.9 GiB     267.0 GiB

[2 rows x 9 columns]
2026-08-04 03:58:08.838 INFO Loading data (2015-11-13 00:00:00+00:00 -> 2015-12-13 00:00:00+00:00) done in 81.97s (real) and 56.00s (process)
2026-08-04 03:58:08.838 INFO Memory usage (start of timestep, peak): 22.15 GiB
2026-08-04 03:58:08.838 INFO Memory usage (start of timestep, current): 17.19 GiB
2026-08-04 03:58:08.838 INFO Calculating metrics
2026-08-04 03:58:08.838 INFO Calculating metric: statement_count
2026-08-04 03:58:08.898 INFO [statement_count] Memory snapshot — cache: 0.00 MB (type <class 'numpy.int64'>, N/A entries)
2026-08-04 03:58:08.899 INFO Calculating metric: reference_existence_per_statement_count_df
2026-08-04 04:01:02.969 INFO [reference_existence_per_statement_count_df] Memory snapshot — total: 4817.54 MB
  cache: 0.00 MB (N/A entries)
  cache_df: 4817.54 MB (40028716 entries)
2026-08-04 04:01:02.969 INFO Calculating metric: reference_completeness_df
2026-08-04 04:01:02.977 INFO [reference_completeness_df] Memory snapshot — cache: 0.00 MB (type <class 'numpy.float64'>, N/A entries)
2026-08-04 04:01:02.977 INFO Memory usage (end of timestep, peak): 22.15 GiB
2026-08-04 04:01:02.978 INFO Memory usage (end of timestep, current): 17.62 GiB
2026-08-04 04:01:02.978 INFO (Iteration 37) statement_count: real 0.06s | cpu 0.79s
2026-08-04 04:01:02.978 INFO (Iteration 37) reference_existence_per_statement_count_df: real 174.07s | cpu 180.43s
2026-08-04 04:01:02.978 INFO (Iteration 37) reference_completeness_df: real 0.01s | cpu 0.00s
2026-08-04 04:01:02.978 INFO Iteration 37 finished in 256.11s (real) and 237.22s (process)
2026-08-04 04:01:02.979 INFO Start timestep 2015-12-13 00:00:00+00:00 -> 2016-01-12 00:00:00+00:00
2026-08-04 04:02:47.466 INFO DuckDB memory logs:
  database_name database_size  block_size  ...  wal_size  memory_usage  memory_limit
0   postgres_db       6.2 TiB           0  ...   0 bytes      14.5 GiB     267.0 GiB
1        memory       0 bytes           0  ...   0 bytes      14.5 GiB     267.0 GiB

[2 rows x 9 columns]
2026-08-04 04:02:47.468 INFO Loading data (2015-12-13 00:00:00+00:00 -> 2016-01-12 00:00:00+00:00) done in 104.49s (real) and 71.85s (process)
2026-08-04 04:02:47.468 INFO Memory usage (start of timestep, peak): 22.15 GiB
2026-08-04 04:02:47.468 INFO Memory usage (start of timestep, current): 21.12 GiB
2026-08-04 04:02:47.468 INFO Calculating metrics
2026-08-04 04:02:47.469 INFO Calculating metric: statement_count
2026-08-04 04:02:47.516 INFO [statement_count] Memory snapshot — cache: 0.00 MB (type <class 'numpy.int64'>, N/A entries)
2026-08-04 04:02:47.517 INFO Calculating metric: reference_existence_per_statement_count_df
2026-08-04 04:05:47.947 INFO [reference_existence_per_statement_count_df] Memory snapshot — total: 4964.76 MB
  cache: 0.00 MB (N/A entries)
  cache_df: 4964.76 MB (41250328 entries)
2026-08-04 04:05:47.948 INFO Calculating metric: reference_completeness_df
2026-08-04 04:05:47.956 INFO [reference_completeness_df] Memory snapshot — cache: 0.00 MB (type <class 'numpy.float64'>, N/A entries)
2026-08-04 04:05:47.957 INFO Memory usage (end of timestep, peak): 24.57 GiB
2026-08-04 04:05:47.957 INFO Memory usage (end of timestep, current): 21.41 GiB
2026-08-04 04:05:47.957 INFO (Iteration 38) statement_count: real 0.05s | cpu 0.56s
2026-08-04 04:05:47.957 INFO (Iteration 38) reference_existence_per_statement_count_df: real 180.43s | cpu 188.62s
2026-08-04 04:05:47.957 INFO (Iteration 38) reference_completeness_df: real 0.01s | cpu 0.00s
2026-08-04 04:05:47.957 INFO Iteration 38 finished in 284.98s (real) and 261.03s (process)
2026-08-04 04:05:47.959 INFO Start timestep 2016-01-12 00:00:00+00:00 -> 2016-02-11 00:00:00+00:00
2026-08-04 04:06:57.167 INFO DuckDB memory logs:
  database_name database_size  block_size  ...  wal_size  memory_usage  memory_limit
0   postgres_db       6.2 TiB           0  ...   0 bytes       8.9 GiB     267.0 GiB
1        memory       0 bytes           0  ...   0 bytes       8.9 GiB     267.0 GiB

[2 rows x 9 columns]
2026-08-04 04:06:57.168 INFO Loading data (2016-01-12 00:00:00+00:00 -> 2016-02-11 00:00:00+00:00) done in 69.21s (real) and 62.74s (process)
2026-08-04 04:06:57.168 INFO Memory usage (start of timestep, peak): 24.57 GiB
2026-08-04 04:06:57.168 INFO Memory usage (start of timestep, current): 17.00 GiB
2026-08-04 04:06:57.168 INFO Calculating metrics
2026-08-04 04:06:57.168 INFO Calculating metric: statement_count
2026-08-04 04:06:57.220 INFO [statement_count] Memory snapshot — cache: 0.00 MB (type <class 'numpy.int64'>, N/A entries)
2026-08-04 04:06:57.220 INFO Calculating metric: reference_existence_per_statement_count_df
2026-08-04 04:10:04.713 INFO [reference_existence_per_statement_count_df] Memory snapshot — total: 5173.72 MB
  cache: 0.00 MB (N/A entries)
  cache_df: 5173.72 MB (42980710 entries)
2026-08-04 04:10:04.715 INFO Calculating metric: reference_completeness_df
2026-08-04 04:10:04.740 INFO [reference_completeness_df] Memory snapshot — cache: 0.00 MB (type <class 'numpy.float64'>, N/A entries)
2026-08-04 04:10:04.741 INFO Memory usage (end of timestep, peak): 24.57 GiB
2026-08-04 04:10:04.741 INFO Memory usage (end of timestep, current): 17.29 GiB
2026-08-04 04:10:04.741 INFO (Iteration 39) statement_count: real 0.05s | cpu 0.63s
2026-08-04 04:10:04.741 INFO (Iteration 39) reference_existence_per_statement_count_df: real 187.50s | cpu 193.22s
2026-08-04 04:10:04.741 INFO (Iteration 39) reference_completeness_df: real 0.03s | cpu 0.00s
2026-08-04 04:10:04.741 INFO Iteration 39 finished in 256.78s (real) and 256.60s (process)
2026-08-04 04:10:04.743 INFO Start timestep 2016-02-11 00:00:00+00:00 -> 2016-03-12 00:00:00+00:00
2026-08-04 04:11:35.449 INFO DuckDB memory logs:
  database_name database_size  block_size  ...  wal_size  memory_usage  memory_limit
0   postgres_db       6.2 TiB           0  ...   0 bytes      12.0 GiB     267.0 GiB
1        memory       0 bytes           0  ...   0 bytes      12.0 GiB     267.0 GiB

[2 rows x 9 columns]
2026-08-04 04:11:35.450 INFO Loading data (2016-02-11 00:00:00+00:00 -> 2016-03-12 00:00:00+00:00) done in 90.71s (real) and 61.61s (process)
2026-08-04 04:11:35.450 INFO Memory usage (start of timestep, peak): 24.57 GiB
2026-08-04 04:11:35.450 INFO Memory usage (start of timestep, current): 21.31 GiB
2026-08-04 04:11:35.450 INFO Calculating metrics
2026-08-04 04:11:35.450 INFO Calculating metric: statement_count
2026-08-04 04:11:35.541 INFO [statement_count] Memory snapshot — cache: 0.00 MB (type <class 'numpy.int64'>, N/A entries)
2026-08-04 04:11:35.541 INFO Calculating metric: reference_existence_per_statement_count_df
2026-08-04 04:14:57.945 INFO [reference_existence_per_statement_count_df] Memory snapshot — total: 5288.81 MB
  cache: 0.00 MB (N/A entries)
  cache_df: 5288.81 MB (43933887 entries)
2026-08-04 04:14:57.946 INFO Calculating metric: reference_completeness_df
2026-08-04 04:14:57.952 INFO [reference_completeness_df] Memory snapshot — cache: 0.00 MB (type <class 'numpy.float64'>, N/A entries)
2026-08-04 04:14:57.952 INFO Memory usage (end of timestep, peak): 24.57 GiB
2026-08-04 04:14:57.952 INFO Memory usage (end of timestep, current): 19.40 GiB
2026-08-04 04:14:57.952 INFO (Iteration 40) statement_count: real 0.09s | cpu 0.78s
2026-08-04 04:14:57.952 INFO (Iteration 40) reference_existence_per_statement_count_df: real 202.41s | cpu 209.48s
2026-08-04 04:14:57.952 INFO (Iteration 40) reference_completeness_df: real 0.01s | cpu 0.00s
2026-08-04 04:14:57.952 INFO Iteration 40 finished in 293.21s (real) and 271.87s (process)
2026-08-04 04:14:57.952 INFO Start timestep 2016-03-12 00:00:00+00:00 -> 2016-04-11 00:00:00+00:00
2026-08-04 04:16:55.828 INFO DuckDB memory logs:
  database_name database_size  block_size  ...  wal_size  memory_usage  memory_limit
0   postgres_db       6.2 TiB           0  ...   0 bytes      15.8 GiB     267.0 GiB
1        memory       0 bytes           0  ...   0 bytes      15.8 GiB     267.0 GiB

[2 rows x 9 columns]
2026-08-04 04:16:55.829 INFO Loading data (2016-03-12 00:00:00+00:00 -> 2016-04-11 00:00:00+00:00) done in 117.88s (real) and 81.60s (process)
2026-08-04 04:16:55.829 INFO Memory usage (start of timestep, peak): 24.57 GiB
2026-08-04 04:16:55.830 INFO Memory usage (start of timestep, current): 23.06 GiB
2026-08-04 04:16:55.830 INFO Calculating metrics
2026-08-04 04:16:55.830 INFO Calculating metric: statement_count
2026-08-04 04:16:55.909 INFO [statement_count] Memory snapshot — cache: 0.00 MB (type <class 'numpy.int64'>, N/A entries)
2026-08-04 04:16:55.909 INFO Calculating metric: reference_existence_per_statement_count_df
2026-08-04 04:20:33.645 INFO [reference_existence_per_statement_count_df] Memory snapshot — total: 5834.05 MB
  cache: 0.00 MB (N/A entries)
  cache_df: 5834.05 MB (48440078 entries)
2026-08-04 04:20:33.646 INFO Calculating metric: reference_completeness_df
2026-08-04 04:20:33.651 INFO [reference_completeness_df] Memory snapshot — cache: 0.00 MB (type <class 'numpy.float64'>, N/A entries)
2026-08-04 04:20:33.651 INFO Memory usage (end of timestep, peak): 27.43 GiB
2026-08-04 04:20:33.651 INFO Memory usage (end of timestep, current): 23.76 GiB
2026-08-04 04:20:33.652 INFO (Iteration 41) statement_count: real 0.08s | cpu 1.07s
2026-08-04 04:20:33.652 INFO (Iteration 41) reference_existence_per_statement_count_df: real 217.74s | cpu 227.83s
2026-08-04 04:20:33.652 INFO (Iteration 41) reference_completeness_df: real 0.01s | cpu 0.00s
2026-08-04 04:20:33.652 INFO Iteration 41 finished in 335.70s (real) and 310.51s (process)
2026-08-04 04:20:33.652 INFO Start timestep 2016-04-11 00:00:00+00:00 -> 2016-05-11 00:00:00+00:00
2026-08-04 04:21:26.872 INFO DuckDB memory logs:
  database_name database_size  block_size  ...  wal_size  memory_usage  memory_limit
0   postgres_db       6.2 TiB           0  ...   0 bytes       7.3 GiB     267.0 GiB
1        memory       0 bytes           0  ...   0 bytes       7.3 GiB     267.0 GiB

[2 rows x 9 columns]
2026-08-04 04:21:26.872 INFO Loading data (2016-04-11 00:00:00+00:00 -> 2016-05-11 00:00:00+00:00) done in 53.22s (real) and 51.68s (process)
2026-08-04 04:21:26.873 INFO Memory usage (start of timestep, peak): 27.43 GiB
2026-08-04 04:21:26.873 INFO Memory usage (start of timestep, current): 15.59 GiB
2026-08-04 04:21:26.873 INFO Calculating metrics
2026-08-04 04:21:26.873 INFO Calculating metric: statement_count
2026-08-04 04:21:26.924 INFO [statement_count] Memory snapshot — cache: 0.00 MB (type <class 'numpy.int64'>, N/A entries)
2026-08-04 04:21:26.925 INFO Calculating metric: reference_existence_per_statement_count_df
2026-08-04 04:25:10.515 INFO [reference_existence_per_statement_count_df] Memory snapshot — total: 5989.07 MB
  cache: 0.00 MB (N/A entries)
  cache_df: 5989.07 MB (49725281 entries)
2026-08-04 04:25:10.515 INFO Calculating metric: reference_completeness_df
2026-08-04 04:25:10.521 INFO [reference_completeness_df] Memory snapshot — cache: 0.00 MB (type <class 'numpy.float64'>, N/A entries)
2026-08-04 04:25:10.521 INFO Memory usage (end of timestep, peak): 27.43 GiB
2026-08-04 04:25:10.521 INFO Memory usage (end of timestep, current): 15.89 GiB
2026-08-04 04:25:10.521 INFO (Iteration 42) statement_count: real 0.05s | cpu 0.62s
2026-08-04 04:25:10.521 INFO (Iteration 42) reference_existence_per_statement_count_df: real 223.59s | cpu 228.75s
2026-08-04 04:25:10.521 INFO (Iteration 42) reference_completeness_df: real 0.01s | cpu 0.00s
2026-08-04 04:25:10.521 INFO Iteration 42 finished in 276.87s (real) and 281.05s (process)
2026-08-04 04:25:10.524 INFO Start timestep 2016-05-11 00:00:00+00:00 -> 2016-06-10 00:00:00+00:00
2026-08-04 04:27:56.522 INFO DuckDB memory logs:
  database_name database_size  block_size  ...  wal_size  memory_usage  memory_limit
0   postgres_db       6.2 TiB           0  ...   0 bytes      20.4 GiB     267.0 GiB
1        memory       0 bytes           0  ...   0 bytes      20.4 GiB     267.0 GiB

[2 rows x 9 columns]
2026-08-04 04:27:56.523 INFO Loading data (2016-05-11 00:00:00+00:00 -> 2016-06-10 00:00:00+00:00) done in 166.00s (real) and 113.58s (process)
2026-08-04 04:27:56.523 INFO Memory usage (start of timestep, peak): 28.52 GiB
2026-08-04 04:27:56.524 INFO Memory usage (start of timestep, current): 28.43 GiB
2026-08-04 04:27:56.524 INFO Calculating metrics
2026-08-04 04:27:56.524 INFO Calculating metric: statement_count
2026-08-04 04:27:56.587 INFO [statement_count] Memory snapshot — cache: 0.00 MB (type <class 'numpy.int64'>, N/A entries)
2026-08-04 04:27:56.587 INFO Calculating metric: reference_existence_per_statement_count_df
2026-08-04 04:31:59.936 INFO [reference_existence_per_statement_count_df] Memory snapshot — total: 6217.24 MB
  cache: 0.00 MB (N/A entries)
  cache_df: 6217.24 MB (51613107 entries)
2026-08-04 04:31:59.937 INFO Calculating metric: reference_completeness_df
2026-08-04 04:31:59.942 INFO [reference_completeness_df] Memory snapshot — cache: 0.00 MB (type <class 'numpy.float64'>, N/A entries)
2026-08-04 04:31:59.942 INFO Memory usage (end of timestep, peak): 32.97 GiB
2026-08-04 04:31:59.943 INFO Memory usage (end of timestep, current): 29.25 GiB
2026-08-04 04:31:59.943 INFO (Iteration 43) statement_count: real 0.06s | cpu 0.77s
2026-08-04 04:31:59.943 INFO (Iteration 43) reference_existence_per_statement_count_df: real 243.35s | cpu 255.46s
2026-08-04 04:31:59.943 INFO (Iteration 43) reference_completeness_df: real 0.01s | cpu 0.00s
2026-08-04 04:31:59.943 INFO Iteration 43 finished in 409.42s (real) and 369.82s (process)
2026-08-04 04:31:59.944 INFO Start timestep 2016-06-10 00:00:00+00:00 -> 2016-07-10 00:00:00+00:00
2026-08-04 04:32:42.231 INFO DuckDB memory logs:
  database_name database_size  block_size  ...  wal_size  memory_usage  memory_limit
0   postgres_db       6.2 TiB           0  ...   0 bytes       5.6 GiB     267.0 GiB
1        memory       0 bytes           0  ...   0 bytes       5.6 GiB     267.0 GiB

[2 rows x 9 columns]
2026-08-04 04:32:42.231 INFO Loading data (2016-06-10 00:00:00+00:00 -> 2016-07-10 00:00:00+00:00) done in 42.29s (real) and 40.42s (process)
2026-08-04 04:32:42.231 INFO Memory usage (start of timestep, peak): 32.97 GiB
2026-08-04 04:32:42.231 INFO Memory usage (start of timestep, current): 14.77 GiB
2026-08-04 04:32:42.232 INFO Calculating metrics
2026-08-04 04:32:42.232 INFO Calculating metric: statement_count
2026-08-04 04:32:42.291 INFO [statement_count] Memory snapshot — cache: 0.00 MB (type <class 'numpy.int64'>, N/A entries)
2026-08-04 04:32:42.292 INFO Calculating metric: reference_existence_per_statement_count_df
2026-08-04 04:36:31.094 INFO [reference_existence_per_statement_count_df] Memory snapshot — total: 6357.95 MB
  cache: 0.00 MB (N/A entries)
  cache_df: 6357.95 MB (52778268 entries)
2026-08-04 04:36:31.094 INFO Calculating metric: reference_completeness_df
2026-08-04 04:36:31.099 INFO [reference_completeness_df] Memory snapshot — cache: 0.00 MB (type <class 'numpy.float64'>, N/A entries)
2026-08-04 04:36:31.099 INFO Memory usage (end of timestep, peak): 32.97 GiB
2026-08-04 04:36:31.099 INFO Memory usage (end of timestep, current): 14.72 GiB
2026-08-04 04:36:31.100 INFO (Iteration 44) statement_count: real 0.06s | cpu 0.74s
2026-08-04 04:36:31.100 INFO (Iteration 44) reference_existence_per_statement_count_df: real 228.80s | cpu 231.85s
2026-08-04 04:36:31.100 INFO (Iteration 44) reference_completeness_df: real 0.00s | cpu 0.00s
2026-08-04 04:36:31.100 INFO Iteration 44 finished in 271.16s (real) and 273.02s (process)
2026-08-04 04:36:31.100 INFO Start timestep 2016-07-10 00:00:00+00:00 -> 2016-08-09 00:00:00+00:00
2026-08-04 04:37:03.513 INFO DuckDB memory logs:
  database_name database_size  block_size  ...  wal_size  memory_usage  memory_limit
0   postgres_db       6.2 TiB           0  ...   0 bytes       3.9 GiB     267.0 GiB
1        memory       0 bytes           0  ...   0 bytes       3.9 GiB     267.0 GiB

[2 rows x 9 columns]
2026-08-04 04:37:03.514 INFO Loading data (2016-07-10 00:00:00+00:00 -> 2016-08-09 00:00:00+00:00) done in 32.41s (real) and 34.76s (process)
2026-08-04 04:37:03.514 INFO Memory usage (start of timestep, peak): 32.97 GiB
2026-08-04 04:37:03.514 INFO Memory usage (start of timestep, current): 12.99 GiB
2026-08-04 04:37:03.514 INFO Calculating metrics
2026-08-04 04:37:03.514 INFO Calculating metric: statement_count
2026-08-04 04:37:03.561 INFO [statement_count] Memory snapshot — cache: 0.00 MB (type <class 'numpy.int64'>, N/A entries)
2026-08-04 04:37:03.561 INFO Calculating metric: reference_existence_per_statement_count_df
2026-08-04 04:41:21.240 INFO [reference_existence_per_statement_count_df] Memory snapshot — total: 6501.43 MB
  cache: 0.00 MB (N/A entries)
  cache_df: 6501.43 MB (53966520 entries)
2026-08-04 04:41:21.241 INFO Calculating metric: reference_completeness_df
2026-08-04 04:41:21.246 INFO [reference_completeness_df] Memory snapshot — cache: 0.00 MB (type <class 'numpy.float64'>, N/A entries)
2026-08-04 04:41:21.247 INFO Memory usage (end of timestep, peak): 32.97 GiB
2026-08-04 04:41:21.247 INFO Memory usage (end of timestep, current): 13.16 GiB
2026-08-04 04:41:21.247 INFO (Iteration 45) statement_count: real 0.05s | cpu 0.55s
2026-08-04 04:41:21.247 INFO (Iteration 45) reference_existence_per_statement_count_df: real 257.68s | cpu 260.71s
2026-08-04 04:41:21.247 INFO (Iteration 45) reference_completeness_df: real 0.01s | cpu 0.00s
2026-08-04 04:41:21.247 INFO Iteration 45 finished in 290.15s (real) and 296.02s (process)
2026-08-04 04:41:21.248 INFO Start timestep 2016-08-09 00:00:00+00:00 -> 2016-09-08 00:00:00+00:00
2026-08-04 04:42:31.294 INFO DuckDB memory logs:
  database_name database_size  block_size  ...  wal_size  memory_usage  memory_limit
0   postgres_db       6.2 TiB           0  ...   0 bytes       9.0 GiB     267.0 GiB
1        memory       0 bytes           0  ...   0 bytes       9.0 GiB     267.0 GiB

[2 rows x 9 columns]
2026-08-04 04:42:31.294 INFO Loading data (2016-08-09 00:00:00+00:00 -> 2016-09-08 00:00:00+00:00) done in 70.05s (real) and 47.22s (process)
2026-08-04 04:42:31.294 INFO Memory usage (start of timestep, peak): 32.97 GiB
2026-08-04 04:42:31.294 INFO Memory usage (start of timestep, current): 18.11 GiB
2026-08-04 04:42:31.294 INFO Calculating metrics
2026-08-04 04:42:31.294 INFO Calculating metric: statement_count
2026-08-04 04:42:31.363 INFO [statement_count] Memory snapshot — cache: 0.00 MB (type <class 'numpy.int64'>, N/A entries)
2026-08-04 04:42:31.363 INFO Calculating metric: reference_existence_per_statement_count_df
2026-08-04 04:46:48.029 INFO [reference_existence_per_statement_count_df] Memory snapshot — total: 6814.46 MB
  cache: 0.00 MB (N/A entries)
  cache_df: 6814.46 MB (56556440 entries)
2026-08-04 04:46:48.030 INFO Calculating metric: reference_completeness_df
2026-08-04 04:46:48.036 INFO [reference_completeness_df] Memory snapshot — cache: 0.00 MB (type <class 'numpy.float64'>, N/A entries)
2026-08-04 04:46:48.036 INFO Memory usage (end of timestep, peak): 32.97 GiB
2026-08-04 04:46:48.037 INFO Memory usage (end of timestep, current): 18.29 GiB
2026-08-04 04:46:48.037 INFO (Iteration 46) statement_count: real 0.07s | cpu 0.89s
2026-08-04 04:46:48.037 INFO (Iteration 46) reference_existence_per_statement_count_df: real 256.67s | cpu 262.61s
2026-08-04 04:46:48.037 INFO (Iteration 46) reference_completeness_df: real 0.01s | cpu 0.00s
2026-08-04 04:46:48.037 INFO Iteration 46 finished in 326.79s (real) and 310.72s (process)
2026-08-04 04:46:48.038 INFO Start timestep 2016-09-08 00:00:00+00:00 -> 2016-10-08 00:00:00+00:00
2026-08-04 04:48:20.125 INFO DuckDB memory logs:
  database_name database_size  block_size  ...  wal_size  memory_usage  memory_limit
0   postgres_db       6.2 TiB           0  ...   0 bytes      12.5 GiB     267.0 GiB
1        memory       0 bytes           0  ...   0 bytes      12.5 GiB     267.0 GiB

[2 rows x 9 columns]
2026-08-04 04:48:20.125 INFO Loading data (2016-09-08 00:00:00+00:00 -> 2016-10-08 00:00:00+00:00) done in 92.09s (real) and 72.97s (process)
2026-08-04 04:48:20.126 INFO Memory usage (start of timestep, peak): 32.97 GiB
2026-08-04 04:48:20.126 INFO Memory usage (start of timestep, current): 22.86 GiB
2026-08-04 04:48:20.126 INFO Calculating metrics
2026-08-04 04:48:20.126 INFO Calculating metric: statement_count
2026-08-04 04:48:20.185 INFO [statement_count] Memory snapshot — cache: 0.00 MB (type <class 'numpy.int64'>, N/A entries)
2026-08-04 04:48:20.185 INFO Calculating metric: reference_existence_per_statement_count_df
2026-08-04 04:52:58.601 INFO [reference_existence_per_statement_count_df] Memory snapshot — total: 7099.00 MB
  cache: 0.00 MB (N/A entries)
  cache_df: 7099.00 MB (58910356 entries)
2026-08-04 04:52:58.604 INFO Calculating metric: reference_completeness_df
2026-08-04 04:52:58.613 INFO [reference_completeness_df] Memory snapshot — cache: 0.00 MB (type <class 'numpy.float64'>, N/A entries)
2026-08-04 04:52:58.613 INFO Memory usage (end of timestep, peak): 32.97 GiB
2026-08-04 04:52:58.613 INFO Memory usage (end of timestep, current): 23.39 GiB
2026-08-04 04:52:58.613 INFO (Iteration 47) statement_count: real 0.06s | cpu 0.72s
2026-08-04 04:52:58.613 INFO (Iteration 47) reference_existence_per_statement_count_df: real 278.42s | cpu 286.69s
2026-08-04 04:52:58.613 INFO (Iteration 47) reference_completeness_df: real 0.01s | cpu 0.01s
2026-08-04 04:52:58.613 INFO Iteration 47 finished in 370.58s (real) and 360.39s (process)
2026-08-04 04:52:58.614 INFO Start timestep 2016-10-08 00:00:00+00:00 -> 2016-11-07 00:00:00+00:00
2026-08-04 04:56:19.699 INFO DuckDB memory logs:
  database_name database_size  block_size  ...  wal_size  memory_usage  memory_limit
0   postgres_db       6.2 TiB           0  ...   0 bytes      27.8 GiB     267.0 GiB
1        memory       0 bytes           0  ...   0 bytes      27.8 GiB     267.0 GiB

[2 rows x 9 columns]
2026-08-04 04:56:19.699 INFO Loading data (2016-10-08 00:00:00+00:00 -> 2016-11-07 00:00:00+00:00) done in 201.08s (real) and 156.98s (process)
2026-08-04 04:56:19.700 INFO Memory usage (start of timestep, peak): 37.34 GiB
2026-08-04 04:56:19.700 INFO Memory usage (start of timestep, current): 37.34 GiB
2026-08-04 04:56:19.700 INFO Calculating metrics
2026-08-04 04:56:19.700 INFO Calculating metric: statement_count
2026-08-04 04:56:19.794 INFO [statement_count] Memory snapshot — cache: 0.00 MB (type <class 'numpy.int64'>, N/A entries)
2026-08-04 04:56:19.794 INFO Calculating metric: reference_existence_per_statement_count_df
2026-08-04 05:01:27.573 INFO [reference_existence_per_statement_count_df] Memory snapshot — total: 7642.69 MB
  cache: 0.00 MB (N/A entries)
  cache_df: 7642.69 MB (63412530 entries)
2026-08-04 05:01:27.574 INFO Calculating metric: reference_completeness_df
2026-08-04 05:01:27.579 INFO [reference_completeness_df] Memory snapshot — cache: 0.00 MB (type <class 'numpy.float64'>, N/A entries)
2026-08-04 05:01:27.579 INFO Memory usage (end of timestep, peak): 43.75 GiB
2026-08-04 05:01:27.579 INFO Memory usage (end of timestep, current): 38.38 GiB
2026-08-04 05:01:27.580 INFO (Iteration 48) statement_count: real 0.09s | cpu 1.25s
2026-08-04 05:01:27.580 INFO (Iteration 48) reference_existence_per_statement_count_df: real 307.78s | cpu 323.12s
2026-08-04 05:01:27.580 INFO (Iteration 48) reference_completeness_df: real 0.00s | cpu 0.00s
2026-08-04 05:01:27.580 INFO Iteration 48 finished in 508.97s (real) and 481.35s (process)
2026-08-04 05:01:27.580 INFO Start timestep 2016-11-07 00:00:00+00:00 -> 2016-12-07 00:00:00+00:00
2026-08-04 05:04:54.112 INFO DuckDB memory logs:
  database_name database_size  block_size  ...  wal_size  memory_usage  memory_limit
0   postgres_db       6.2 TiB           0  ...   0 bytes      27.5 GiB     267.0 GiB
1        memory       0 bytes           0  ...   0 bytes      27.5 GiB     267.0 GiB

[2 rows x 9 columns]
2026-08-04 05:04:54.113 INFO Loading data (2016-11-07 00:00:00+00:00 -> 2016-12-07 00:00:00+00:00) done in 206.53s (real) and 144.10s (process)
2026-08-04 05:04:54.113 INFO Memory usage (start of timestep, peak): 43.75 GiB
2026-08-04 05:04:54.113 INFO Memory usage (start of timestep, current): 38.00 GiB
2026-08-04 05:04:54.113 INFO Calculating metrics
2026-08-04 05:04:54.113 INFO Calculating metric: statement_count
2026-08-04 05:04:54.180 INFO [statement_count] Memory snapshot — cache: 0.00 MB (type <class 'numpy.int64'>, N/A entries)
2026-08-04 05:04:54.180 INFO Calculating metric: reference_existence_per_statement_count_df
2026-08-04 05:10:21.548 INFO [reference_existence_per_statement_count_df] Memory snapshot — total: 7901.71 MB
  cache: 0.00 MB (N/A entries)
  cache_df: 7901.71 MB (65554908 entries)
2026-08-04 05:10:21.548 INFO Calculating metric: reference_completeness_df
2026-08-04 05:10:21.555 INFO [reference_completeness_df] Memory snapshot — cache: 0.00 MB (type <class 'numpy.float64'>, N/A entries)
2026-08-04 05:10:21.555 INFO Memory usage (end of timestep, peak): 44.15 GiB
2026-08-04 05:10:21.555 INFO Memory usage (end of timestep, current): 38.48 GiB
2026-08-04 05:10:21.555 INFO (Iteration 49) statement_count: real 0.07s | cpu 0.80s
2026-08-04 05:10:21.555 INFO (Iteration 49) reference_existence_per_statement_count_df: real 327.37s | cpu 343.08s
2026-08-04 05:10:21.555 INFO (Iteration 49) reference_completeness_df: real 0.01s | cpu 0.00s
2026-08-04 05:10:21.555 INFO Iteration 49 finished in 533.97s (real) and 487.98s (process)
2026-08-04 05:10:21.555 INFO Start timestep 2016-12-07 00:00:00+00:00 -> 2017-01-06 00:00:00+00:00
2026-08-04 05:12:57.770 INFO DuckDB memory logs:
  database_name database_size  block_size  ...  wal_size  memory_usage  memory_limit
0   postgres_db       6.2 TiB           0  ...   0 bytes      21.5 GiB     267.0 GiB
1        memory       0 bytes           0  ...   0 bytes      21.5 GiB     267.0 GiB

[2 rows x 9 columns]
2026-08-04 05:12:57.771 INFO Loading data (2016-12-07 00:00:00+00:00 -> 2017-01-06 00:00:00+00:00) done in 156.22s (real) and 108.89s (process)
2026-08-04 05:12:57.771 INFO Memory usage (start of timestep, peak): 44.15 GiB
2026-08-04 05:12:57.771 INFO Memory usage (start of timestep, current): 32.50 GiB
2026-08-04 05:12:57.771 INFO Calculating metrics
2026-08-04 05:12:57.772 INFO Calculating metric: statement_count
2026-08-04 05:12:57.827 INFO [statement_count] Memory snapshot — cache: 0.00 MB (type <class 'numpy.int64'>, N/A entries)
2026-08-04 05:12:57.828 INFO Calculating metric: reference_existence_per_statement_count_df
2026-08-04 05:18:19.156 INFO [reference_existence_per_statement_count_df] Memory snapshot — total: 8095.82 MB
  cache: 0.00 MB (N/A entries)
  cache_df: 8095.82 MB (67161671 entries)
2026-08-04 05:18:19.157 INFO Calculating metric: reference_completeness_df
2026-08-04 05:18:19.166 INFO [reference_completeness_df] Memory snapshot — cache: 0.00 MB (type <class 'numpy.float64'>, N/A entries)
2026-08-04 05:18:19.166 INFO Memory usage (end of timestep, peak): 44.15 GiB
2026-08-04 05:18:19.166 INFO Memory usage (end of timestep, current): 32.87 GiB
2026-08-04 05:18:19.167 INFO (Iteration 50) statement_count: real 0.06s | cpu 0.62s
2026-08-04 05:18:19.167 INFO (Iteration 50) reference_existence_per_statement_count_df: real 321.33s | cpu 334.12s
2026-08-04 05:18:19.167 INFO (Iteration 50) reference_completeness_df: real 0.01s | cpu 0.00s
2026-08-04 05:18:19.167 INFO Iteration 50 finished in 477.61s (real) and 443.64s (process)
2026-08-04 05:18:19.168 INFO Start timestep 2017-01-06 00:00:00+00:00 -> 2017-02-05 00:00:00+00:00
2026-08-04 05:21:57.919 INFO DuckDB memory logs:
  database_name database_size  block_size  ...  wal_size  memory_usage  memory_limit
0   postgres_db       6.2 TiB           0  ...   0 bytes      30.0 GiB     267.0 GiB
1        memory       0 bytes           0  ...   0 bytes      30.0 GiB     267.0 GiB

[2 rows x 9 columns]
2026-08-04 05:21:57.920 INFO Loading data (2017-01-06 00:00:00+00:00 -> 2017-02-05 00:00:00+00:00) done in 218.75s (real) and 152.82s (process)
2026-08-04 05:21:57.920 INFO Memory usage (start of timestep, peak): 44.15 GiB
2026-08-04 05:21:57.920 INFO Memory usage (start of timestep, current): 41.12 GiB
2026-08-04 05:21:57.920 INFO Calculating metrics
2026-08-04 05:21:57.921 INFO Calculating metric: statement_count
2026-08-04 05:21:58.027 INFO [statement_count] Memory snapshot — cache: 0.00 MB (type <class 'numpy.int64'>, N/A entries)
2026-08-04 05:21:58.027 INFO Calculating metric: reference_existence_per_statement_count_df
2026-08-04 05:27:59.244 INFO [reference_existence_per_statement_count_df] Memory snapshot — total: 8505.95 MB
  cache: 0.00 MB (N/A entries)
  cache_df: 8505.95 MB (70553082 entries)
2026-08-04 05:27:59.257 INFO Calculating metric: reference_completeness_df
2026-08-04 05:27:59.263 INFO [reference_completeness_df] Memory snapshot — cache: 0.00 MB (type <class 'numpy.float64'>, N/A entries)
2026-08-04 05:27:59.263 INFO Memory usage (end of timestep, peak): 47.66 GiB
2026-08-04 05:27:59.264 INFO Memory usage (end of timestep, current): 41.92 GiB
2026-08-04 05:27:59.264 INFO (Iteration 51) statement_count: real 0.11s | cpu 1.42s
2026-08-04 05:27:59.264 INFO (Iteration 51) reference_existence_per_statement_count_df: real 361.23s | cpu 377.84s
2026-08-04 05:27:59.264 INFO (Iteration 51) reference_completeness_df: real 0.01s | cpu 0.00s
2026-08-04 05:27:59.264 INFO Iteration 51 finished in 580.10s (real) and 532.08s (process)
2026-08-04 05:27:59.265 INFO Start timestep 2017-02-05 00:00:00+00:00 -> 2017-03-07 00:00:00+00:00
2026-08-04 05:29:53.354 INFO DuckDB memory logs:
  database_name database_size  block_size  ...  wal_size  memory_usage  memory_limit
0   postgres_db       6.2 TiB           0  ...   0 bytes      15.4 GiB     267.0 GiB
1        memory       0 bytes           0  ...   0 bytes      15.4 GiB     267.0 GiB

[2 rows x 9 columns]
2026-08-04 05:29:53.354 INFO Loading data (2017-02-05 00:00:00+00:00 -> 2017-03-07 00:00:00+00:00) done in 114.09s (real) and 91.66s (process)
2026-08-04 05:29:53.355 INFO Memory usage (start of timestep, peak): 47.66 GiB
2026-08-04 05:29:53.355 INFO Memory usage (start of timestep, current): 27.46 GiB
2026-08-04 05:29:53.355 INFO Calculating metrics
2026-08-04 05:29:53.355 INFO Calculating metric: statement_count
2026-08-04 05:29:53.422 INFO [statement_count] Memory snapshot — cache: 0.00 MB (type <class 'numpy.int64'>, N/A entries)
2026-08-04 05:29:53.422 INFO Calculating metric: reference_existence_per_statement_count_df
2026-08-04 05:35:54.340 INFO [reference_existence_per_statement_count_df] Memory snapshot — total: 8740.41 MB
  cache: 0.00 MB (N/A entries)
  cache_df: 8740.41 MB (72494257 entries)
2026-08-04 05:35:54.351 INFO Calculating metric: reference_completeness_df
2026-08-04 05:35:54.360 INFO [reference_completeness_df] Memory snapshot — cache: 0.00 MB (type <class 'numpy.float64'>, N/A entries)
2026-08-04 05:35:54.361 INFO Memory usage (end of timestep, peak): 47.66 GiB
2026-08-04 05:35:54.361 INFO Memory usage (end of timestep, current): 27.50 GiB
2026-08-04 05:35:54.362 INFO (Iteration 52) statement_count: real 0.07s | cpu 0.86s
2026-08-04 05:35:54.362 INFO (Iteration 52) reference_existence_per_statement_count_df: real 360.93s | cpu 370.14s
2026-08-04 05:35:54.362 INFO (Iteration 52) reference_completeness_df: real 0.01s | cpu 0.01s
2026-08-04 05:35:54.362 INFO Iteration 52 finished in 475.10s (real) and 462.67s (process)
2026-08-04 05:35:54.363 INFO Start timestep 2017-03-07 00:00:00+00:00 -> 2017-04-06 00:00:00+00:00
2026-08-04 05:37:02.379 INFO DuckDB memory logs:
  database_name database_size  block_size  ...  wal_size  memory_usage  memory_limit
0   postgres_db       6.2 TiB           0  ...   0 bytes       9.2 GiB     267.0 GiB
1        memory       0 bytes           0  ...   0 bytes       9.2 GiB     267.0 GiB

[2 rows x 9 columns]
2026-08-04 05:37:02.380 INFO Loading data (2017-03-07 00:00:00+00:00 -> 2017-04-06 00:00:00+00:00) done in 68.02s (real) and 53.12s (process)
2026-08-04 05:37:02.381 INFO Memory usage (start of timestep, peak): 47.66 GiB
2026-08-04 05:37:02.381 INFO Memory usage (start of timestep, current): 21.38 GiB
2026-08-04 05:37:02.381 INFO Calculating metrics
2026-08-04 05:37:02.381 INFO Calculating metric: statement_count
2026-08-04 05:37:02.435 INFO [statement_count] Memory snapshot — cache: 0.00 MB (type <class 'numpy.int64'>, N/A entries)
2026-08-04 05:37:02.435 INFO Calculating metric: reference_existence_per_statement_count_df
2026-08-04 05:42:48.755 INFO [reference_existence_per_statement_count_df] Memory snapshot — total: 8905.50 MB
  cache: 0.00 MB (N/A entries)
  cache_df: 8905.50 MB (73860894 entries)
2026-08-04 05:42:48.766 INFO Calculating metric: reference_completeness_df
2026-08-04 05:42:48.774 INFO [reference_completeness_df] Memory snapshot — cache: 0.00 MB (type <class 'numpy.float64'>, N/A entries)
2026-08-04 05:42:48.774 INFO Memory usage (end of timestep, peak): 47.66 GiB
2026-08-04 05:42:48.774 INFO Memory usage (end of timestep, current): 21.72 GiB
2026-08-04 05:42:48.775 INFO (Iteration 53) statement_count: real 0.05s | cpu 0.63s
2026-08-04 05:42:48.775 INFO (Iteration 53) reference_existence_per_statement_count_df: real 346.33s | cpu 353.47s
2026-08-04 05:42:48.775 INFO (Iteration 53) reference_completeness_df: real 0.01s | cpu 0.00s
2026-08-04 05:42:48.775 INFO Iteration 53 finished in 414.41s (real) and 407.23s (process)
2026-08-04 05:42:48.776 INFO Start timestep 2017-04-06 00:00:00+00:00 -> 2017-05-06 00:00:00+00:00
2026-08-04 05:44:26.334 INFO DuckDB memory logs:
  database_name database_size  block_size  ...  wal_size  memory_usage  memory_limit
0   postgres_db       6.2 TiB           0  ...   0 bytes      13.2 GiB     267.0 GiB
1        memory       0 bytes           0  ...   0 bytes      13.2 GiB     267.0 GiB

[2 rows x 9 columns]
2026-08-04 05:44:26.335 INFO Loading data (2017-04-06 00:00:00+00:00 -> 2017-05-06 00:00:00+00:00) done in 97.56s (real) and 67.39s (process)
2026-08-04 05:44:26.335 INFO Memory usage (start of timestep, peak): 47.66 GiB
2026-08-04 05:44:26.335 INFO Memory usage (start of timestep, current): 25.61 GiB
2026-08-04 05:44:26.335 INFO Calculating metrics
2026-08-04 05:44:26.335 INFO Calculating metric: statement_count
2026-08-04 05:44:26.408 INFO [statement_count] Memory snapshot — cache: 0.00 MB (type <class 'numpy.int64'>, N/A entries)
2026-08-04 05:44:26.408 INFO Calculating metric: reference_existence_per_statement_count_df
2026-08-04 05:50:40.948 INFO [reference_existence_per_statement_count_df] Memory snapshot — total: 9428.81 MB
  cache: 0.00 MB (N/A entries)
  cache_df: 9428.81 MB (78184212 entries)
2026-08-04 05:50:40.959 INFO Calculating metric: reference_completeness_df
2026-08-04 05:50:40.967 INFO [reference_completeness_df] Memory snapshot — cache: 0.00 MB (type <class 'numpy.float64'>, N/A entries)
2026-08-04 05:50:40.967 INFO Memory usage (end of timestep, peak): 47.66 GiB
2026-08-04 05:50:40.967 INFO Memory usage (end of timestep, current): 26.12 GiB
2026-08-04 05:50:40.968 INFO (Iteration 54) statement_count: real 0.07s | cpu 0.92s
2026-08-04 05:50:40.968 INFO (Iteration 54) reference_existence_per_statement_count_df: real 374.55s | cpu 385.10s
2026-08-04 05:50:40.968 INFO (Iteration 54) reference_completeness_df: real 0.01s | cpu 0.00s
2026-08-04 05:50:40.968 INFO Iteration 54 finished in 472.19s (real) and 453.41s (process)
2026-08-04 05:50:40.969 INFO Start timestep 2017-05-06 00:00:00+00:00 -> 2017-06-05 00:00:00+00:00
2026-08-04 05:52:47.703 INFO DuckDB memory logs:
  database_name database_size  block_size  ...  wal_size  memory_usage  memory_limit
0   postgres_db       6.2 TiB           0  ...   0 bytes      17.4 GiB     267.0 GiB
1        memory       0 bytes           0  ...   0 bytes      17.4 GiB     267.0 GiB

[2 rows x 9 columns]
2026-08-04 05:52:47.704 INFO Loading data (2017-05-06 00:00:00+00:00 -> 2017-06-05 00:00:00+00:00) done in 126.73s (real) and 88.41s (process)
2026-08-04 05:52:47.704 INFO Memory usage (start of timestep, peak): 47.66 GiB
2026-08-04 05:52:47.705 INFO Memory usage (start of timestep, current): 30.22 GiB
2026-08-04 05:52:47.705 INFO Calculating metrics
2026-08-04 05:52:47.705 INFO Calculating metric: statement_count
2026-08-04 05:52:47.774 INFO [statement_count] Memory snapshot — cache: 0.00 MB (type <class 'numpy.int64'>, N/A entries)
2026-08-04 05:52:47.774 INFO Calculating metric: reference_existence_per_statement_count_df
2026-08-04 05:59:23.412 INFO [reference_existence_per_statement_count_df] Memory snapshot — total: 9956.95 MB
  cache: 0.00 MB (N/A entries)
  cache_df: 9956.95 MB (82547528 entries)
2026-08-04 05:59:23.424 INFO Calculating metric: reference_completeness_df
2026-08-04 05:59:23.433 INFO [reference_completeness_df] Memory snapshot — cache: 0.00 MB (type <class 'numpy.float64'>, N/A entries)
2026-08-04 05:59:23.434 INFO Memory usage (end of timestep, peak): 47.66 GiB
2026-08-04 05:59:23.434 INFO Memory usage (end of timestep, current): 31.22 GiB
2026-08-04 05:59:23.434 INFO (Iteration 55) statement_count: real 0.07s | cpu 0.94s
2026-08-04 05:59:23.434 INFO (Iteration 55) reference_existence_per_statement_count_df: real 395.65s | cpu 407.73s
2026-08-04 05:59:23.434 INFO (Iteration 55) reference_completeness_df: real 0.01s | cpu 0.01s
2026-08-04 05:59:23.435 INFO Iteration 55 finished in 522.47s (real) and 497.09s (process)
2026-08-04 05:59:23.436 INFO Start timestep 2017-06-05 00:00:00+00:00 -> 2017-07-05 00:00:00+00:00
2026-08-04 06:03:21.639 INFO DuckDB memory logs:
  database_name database_size  block_size  ...  wal_size  memory_usage  memory_limit
0   postgres_db       6.2 TiB           0  ...   0 bytes      30.7 GiB     267.0 GiB
1        memory       0 bytes           0  ...   0 bytes      30.7 GiB     267.0 GiB

[2 rows x 9 columns]
2026-08-04 06:03:21.640 INFO Loading data (2017-06-05 00:00:00+00:00 -> 2017-07-05 00:00:00+00:00) done in 238.20s (real) and 168.06s (process)
2026-08-04 06:03:21.641 INFO Memory usage (start of timestep, peak): 47.66 GiB
2026-08-04 06:03:21.641 INFO Memory usage (start of timestep, current): 44.16 GiB
2026-08-04 06:03:21.641 INFO Calculating metrics
2026-08-04 06:03:21.641 INFO Calculating metric: statement_count
2026-08-04 06:03:21.768 INFO [statement_count] Memory snapshot — cache: 0.00 MB (type <class 'numpy.int64'>, N/A entries)
2026-08-04 06:03:21.768 INFO Calculating metric: reference_existence_per_statement_count_df
2026-08-04 06:10:48.512 INFO [reference_existence_per_statement_count_df] Memory snapshot — total: 10867.31 MB
  cache: 0.00 MB (N/A entries)
  cache_df: 10867.31 MB (90066877 entries)
2026-08-04 06:10:48.524 INFO Calculating metric: reference_completeness_df
2026-08-04 06:10:48.532 INFO [reference_completeness_df] Memory snapshot — cache: 0.00 MB (type <class 'numpy.float64'>, N/A entries)
2026-08-04 06:10:48.532 INFO Memory usage (end of timestep, peak): 53.45 GiB
2026-08-04 06:10:48.532 INFO Memory usage (end of timestep, current): 46.54 GiB
2026-08-04 06:10:48.533 INFO (Iteration 56) statement_count: real 0.13s | cpu 1.82s
2026-08-04 06:10:48.533 INFO (Iteration 56) reference_existence_per_statement_count_df: real 446.76s | cpu 466.56s
2026-08-04 06:10:48.533 INFO (Iteration 56) reference_completeness_df: real 0.01s | cpu 0.00s
2026-08-04 06:10:48.533 INFO Iteration 56 finished in 685.10s (real) and 636.45s (process)
2026-08-04 06:10:48.538 INFO Start timestep 2017-07-05 00:00:00+00:00 -> 2017-08-04 00:00:00+00:00
2026-08-04 06:16:37.765 INFO DuckDB memory logs:
  database_name database_size  block_size  ...  wal_size  memory_usage  memory_limit
0   postgres_db       6.2 TiB           0  ...   0 bytes      43.6 GiB     267.0 GiB
1        memory       0 bytes           0  ...   0 bytes      43.6 GiB     267.0 GiB

[2 rows x 9 columns]
2026-08-04 06:16:37.777 INFO Loading data (2017-07-05 00:00:00+00:00 -> 2017-08-04 00:00:00+00:00) done in 349.24s (real) and 249.12s (process)
2026-08-04 06:16:37.778 INFO Memory usage (start of timestep, peak): 58.10 GiB
2026-08-04 06:16:37.778 INFO Memory usage (start of timestep, current): 58.06 GiB
2026-08-04 06:16:37.778 INFO Calculating metrics
2026-08-04 06:16:37.778 INFO Calculating metric: statement_count
2026-08-04 06:16:37.995 INFO [statement_count] Memory snapshot — cache: 0.00 MB (type <class 'numpy.int64'>, N/A entries)
2026-08-04 06:16:37.996 INFO Calculating metric: reference_existence_per_statement_count_df
2026-08-04 06:26:15.375 INFO [reference_existence_per_statement_count_df] Memory snapshot — total: 13492.25 MB
  cache: 0.00 MB (N/A entries)
  cache_df: 13492.25 MB (111741937 entries)
2026-08-04 06:26:15.377 INFO Calculating metric: reference_completeness_df
2026-08-04 06:26:15.384 INFO [reference_completeness_df] Memory snapshot — cache: 0.00 MB (type <class 'numpy.float64'>, N/A entries)
2026-08-04 06:26:15.384 INFO Memory usage (end of timestep, peak): 69.44 GiB
2026-08-04 06:26:15.384 INFO Memory usage (end of timestep, current): 61.46 GiB
2026-08-04 06:26:15.384 INFO (Iteration 57) statement_count: real 0.22s | cpu 3.11s
2026-08-04 06:26:15.384 INFO (Iteration 57) reference_existence_per_statement_count_df: real 577.38s | cpu 607.06s
2026-08-04 06:26:15.384 INFO (Iteration 57) reference_completeness_df: real 0.01s | cpu 0.00s
2026-08-04 06:26:15.384 INFO Iteration 57 finished in 926.85s (real) and 859.30s (process)
2026-08-04 06:26:15.385 INFO Start timestep 2017-08-04 00:00:00+00:00 -> 2017-09-03 00:00:00+00:00
2026-08-04 06:35:54.004 INFO DuckDB memory logs:
  database_name database_size  block_size  ...  wal_size  memory_usage  memory_limit
0   postgres_db       6.2 TiB           0  ...   0 bytes      79.4 GiB     267.0 GiB
1        memory       0 bytes           0  ...   0 bytes      79.4 GiB     267.0 GiB

[2 rows x 9 columns]
2026-08-04 06:35:54.017 INFO Loading data (2017-08-04 00:00:00+00:00 -> 2017-09-03 00:00:00+00:00) done in 578.63s (real) and 432.91s (process)
2026-08-04 06:35:54.017 INFO Memory usage (start of timestep, peak): 95.84 GiB
2026-08-04 06:35:54.017 INFO Memory usage (start of timestep, current): 95.80 GiB
2026-08-04 06:35:54.017 INFO Calculating metrics
2026-08-04 06:35:54.018 INFO Calculating metric: statement_count
2026-08-04 06:35:54.381 INFO [statement_count] Memory snapshot — cache: 0.00 MB (type <class 'numpy.int64'>, N/A entries)
2026-08-04 06:35:54.381 INFO Calculating metric: reference_existence_per_statement_count_df
2026-08-04 06:52:06.309 INFO [reference_existence_per_statement_count_df] Memory snapshot — total: 19061.37 MB
  cache: 0.00 MB (N/A entries)
  cache_df: 19061.37 MB (157727612 entries)
2026-08-04 06:52:06.310 INFO Calculating metric: reference_completeness_df
2026-08-04 06:52:06.318 INFO [reference_completeness_df] Memory snapshot — cache: 0.00 MB (type <class 'numpy.float64'>, N/A entries)
2026-08-04 06:52:06.318 INFO Memory usage (end of timestep, peak): 116.25 GiB
2026-08-04 06:52:06.318 INFO Memory usage (end of timestep, current): 103.82 GiB
2026-08-04 06:52:06.318 INFO (Iteration 58) statement_count: real 0.36s | cpu 5.61s
2026-08-04 06:52:06.318 INFO (Iteration 58) reference_existence_per_statement_count_df: real 971.93s | cpu 1031.29s
2026-08-04 06:52:06.318 INFO (Iteration 58) reference_completeness_df: real 0.01s | cpu 0.00s
2026-08-04 06:52:06.318 INFO Iteration 58 finished in 1550.93s (real) and 1469.81s (process)
2026-08-04 06:52:06.319 INFO Start timestep 2017-09-03 00:00:00+00:00 -> 2017-10-03 00:00:00+00:00
2026-08-04 07:09:21.315 INFO DuckDB memory logs:
  database_name database_size  block_size  ...  wal_size  memory_usage  memory_limit
0   postgres_db       6.2 TiB           0  ...   0 bytes     132.1 GiB     267.0 GiB
1        memory       0 bytes           0  ...   0 bytes     132.1 GiB     267.0 GiB

[2 rows x 9 columns]
2026-08-04 07:09:21.316 INFO Loading data (2017-09-03 00:00:00+00:00 -> 2017-10-03 00:00:00+00:00) done in 1035.00s (real) and 804.10s (process)
2026-08-04 07:09:21.316 INFO Memory usage (start of timestep, peak): 154.58 GiB
2026-08-04 07:09:21.317 INFO Memory usage (start of timestep, current): 154.59 GiB
2026-08-04 07:09:21.317 INFO Calculating metrics
2026-08-04 07:09:21.317 INFO Calculating metric: statement_count
2026-08-04 07:09:21.921 INFO [statement_count] Memory snapshot — cache: 0.00 MB (type <class 'numpy.int64'>, N/A entries)
2026-08-04 07:09:21.921 INFO Calculating metric: reference_existence_per_statement_count_df
2026-08-04 07:32:37.317 INFO [reference_existence_per_statement_count_df] Memory snapshot — total: 27167.38 MB
  cache: 0.00 MB (N/A entries)
  cache_df: 27167.38 MB (224657164 entries)
2026-08-04 07:32:37.320 INFO Calculating metric: reference_completeness_df
2026-08-04 07:32:37.328 INFO [reference_completeness_df] Memory snapshot — cache: 0.00 MB (type <class 'numpy.float64'>, N/A entries)
2026-08-04 07:32:37.328 INFO Memory usage (end of timestep, peak): 183.00 GiB
2026-08-04 07:32:37.328 INFO Memory usage (end of timestep, current): 166.50 GiB
2026-08-04 07:32:37.329 INFO (Iteration 59) statement_count: real 0.60s | cpu 7.69s
2026-08-04 07:32:37.329 INFO (Iteration 59) reference_existence_per_statement_count_df: real 1395.40s | cpu 1493.88s
2026-08-04 07:32:37.329 INFO (Iteration 59) reference_completeness_df: real 0.01s | cpu 0.00s
2026-08-04 07:32:37.329 INFO Iteration 59 finished in 2431.01s (real) and 2305.68s (process)
2026-08-04 07:32:37.329 INFO Start timestep 2017-10-03 00:00:00+00:00 -> 2017-11-02 00:00:00+00:00
2026-08-04 07:38:33.195 INFO DuckDB memory logs:
  database_name database_size  block_size  ...  wal_size  memory_usage  memory_limit
0   postgres_db       6.2 TiB           0  ...   0 bytes      30.4 GiB     267.0 GiB
1        memory       0 bytes           0  ...   0 bytes      30.4 GiB     267.0 GiB

[2 rows x 9 columns]
2026-08-04 07:38:33.207 INFO Loading data (2017-10-03 00:00:00+00:00 -> 2017-11-02 00:00:00+00:00) done in 355.88s (real) and 208.66s (process)
2026-08-04 07:38:33.208 INFO Memory usage (start of timestep, peak): 183.00 GiB
2026-08-04 07:38:33.208 INFO Memory usage (start of timestep, current): 65.83 GiB
2026-08-04 07:38:33.208 INFO Calculating metrics
2026-08-04 07:38:33.208 INFO Calculating metric: statement_count
2026-08-04 07:38:33.339 INFO [statement_count] Memory snapshot — cache: 0.00 MB (type <class 'numpy.int64'>, N/A entries)
2026-08-04 07:38:33.339 INFO Calculating metric: reference_existence_per_statement_count_df
2026-08-04 07:58:13.329 INFO [reference_existence_per_statement_count_df] Memory snapshot — total: 28673.07 MB
  cache: 0.00 MB (N/A entries)
  cache_df: 28673.07 MB (237093598 entries)
2026-08-04 07:58:13.331 INFO Calculating metric: reference_completeness_df
2026-08-04 07:58:13.349 INFO [reference_completeness_df] Memory snapshot — cache: 0.00 MB (type <class 'numpy.float64'>, N/A entries)
2026-08-04 07:58:13.349 INFO Memory usage (end of timestep, peak): 183.00 GiB
2026-08-04 07:58:13.350 INFO Memory usage (end of timestep, current): 69.83 GiB
2026-08-04 07:58:13.350 INFO (Iteration 60) statement_count: real 0.13s | cpu 1.91s
2026-08-04 07:58:13.350 INFO (Iteration 60) reference_existence_per_statement_count_df: real 1179.99s | cpu 1204.35s
2026-08-04 07:58:13.350 INFO (Iteration 60) reference_completeness_df: real 0.02s | cpu 0.00s
2026-08-04 07:58:13.350 INFO Iteration 60 finished in 1536.02s (real) and 1414.92s (process)
2026-08-04 07:58:13.351 INFO Start timestep 2017-11-02 00:00:00+00:00 -> 2017-12-02 00:00:00+00:00
2026-08-04 08:09:40.656 INFO DuckDB memory logs:
  database_name database_size  block_size  ...  wal_size  memory_usage  memory_limit
0   postgres_db       6.2 TiB           0  ...   0 bytes      39.3 GiB     267.0 GiB
1        memory       0 bytes           0  ...   0 bytes      39.3 GiB     267.0 GiB

[2 rows x 9 columns]
2026-08-04 08:09:40.659 INFO Loading data (2017-11-02 00:00:00+00:00 -> 2017-12-02 00:00:00+00:00) done in 687.31s (real) and 318.42s (process)
2026-08-04 08:09:40.660 INFO Memory usage (start of timestep, peak): 183.00 GiB
2026-08-04 08:09:40.660 INFO Memory usage (start of timestep, current): 78.00 GiB
2026-08-04 08:09:40.660 INFO Calculating metrics
2026-08-04 08:09:40.661 INFO Calculating metric: statement_count
2026-08-04 08:09:40.875 INFO [statement_count] Memory snapshot — cache: 0.00 MB (type <class 'numpy.int64'>, N/A entries)
2026-08-04 08:09:40.875 INFO Calculating metric: reference_existence_per_statement_count_df
2026-08-04 08:31:43.867 INFO [reference_existence_per_statement_count_df] Memory snapshot — total: 31124.26 MB
  cache: 0.00 MB (N/A entries)
  cache_df: 31124.26 MB (257337203 entries)
2026-08-04 08:31:43.871 INFO Calculating metric: reference_completeness_df
2026-08-04 08:31:43.881 INFO [reference_completeness_df] Memory snapshot — cache: 0.00 MB (type <class 'numpy.float64'>, N/A entries)
2026-08-04 08:31:43.881 INFO Memory usage (end of timestep, peak): 183.00 GiB
2026-08-04 08:31:43.882 INFO Memory usage (end of timestep, current): 80.76 GiB
2026-08-04 08:31:43.882 INFO (Iteration 61) statement_count: real 0.21s | cpu 3.00s
2026-08-04 08:31:43.882 INFO (Iteration 61) reference_existence_per_statement_count_df: real 1323.00s | cpu 1353.39s
2026-08-04 08:31:43.882 INFO (Iteration 61) reference_completeness_df: real 0.01s | cpu 0.00s
2026-08-04 08:31:43.882 INFO Iteration 61 finished in 2010.53s (real) and 1674.81s (process)
2026-08-04 08:31:43.884 INFO Start timestep 2017-12-02 00:00:00+00:00 -> 2018-01-01 00:00:00+00:00
2026-08-04 08:41:52.990 INFO DuckDB memory logs:
  database_name database_size  block_size  ...  wal_size  memory_usage  memory_limit
0   postgres_db       6.2 TiB           0  ...   0 bytes      54.6 GiB     267.0 GiB
1        memory       0 bytes           0  ...   0 bytes      54.6 GiB     267.0 GiB

[2 rows x 9 columns]
2026-08-04 08:41:53.003 INFO Loading data (2017-12-02 00:00:00+00:00 -> 2018-01-01 00:00:00+00:00) done in 609.12s (real) and 377.21s (process)
2026-08-04 08:41:53.004 INFO Memory usage (start of timestep, peak): 183.00 GiB
2026-08-04 08:41:53.004 INFO Memory usage (start of timestep, current): 94.95 GiB
2026-08-04 08:41:53.004 INFO Calculating metrics
2026-08-04 08:41:53.004 INFO Calculating metric: statement_count
2026-08-04 08:41:53.266 INFO [statement_count] Memory snapshot — cache: 0.00 MB (type <class 'numpy.int64'>, N/A entries)
2026-08-04 08:41:53.266 INFO Calculating metric: reference_existence_per_statement_count_df
2026-08-04 09:05:23.745 INFO [reference_existence_per_statement_count_df] Memory snapshot — total: 34466.61 MB
  cache: 0.00 MB (N/A entries)
  cache_df: 34466.61 MB (284937316 entries)
2026-08-04 09:05:23.747 INFO Calculating metric: reference_completeness_df
2026-08-04 09:05:23.769 INFO [reference_completeness_df] Memory snapshot — cache: 0.00 MB (type <class 'numpy.float64'>, N/A entries)
2026-08-04 09:05:23.769 INFO Memory usage (end of timestep, peak): 183.00 GiB
2026-08-04 09:05:23.769 INFO Memory usage (end of timestep, current): 101.17 GiB
2026-08-04 09:05:23.770 INFO (Iteration 62) statement_count: real 0.26s | cpu 3.88s
2026-08-04 09:05:23.770 INFO (Iteration 62) reference_existence_per_statement_count_df: real 1410.48s | cpu 1450.48s
2026-08-04 09:05:23.770 INFO (Iteration 62) reference_completeness_df: real 0.02s | cpu 0.01s
2026-08-04 09:05:23.770 INFO Iteration 62 finished in 2019.89s (real) and 1831.57s (process)
2026-08-04 09:05:23.771 INFO Start timestep 2018-01-01 00:00:00+00:00 -> 2018-01-31 00:00:00+00:00
2026-08-04 09:08:57.119 INFO DuckDB memory logs:
  database_name database_size  block_size  ...  wal_size  memory_usage  memory_limit
0   postgres_db       6.2 TiB           0  ...   0 bytes      16.9 GiB     267.0 GiB
1        memory       0 bytes           0  ...   0 bytes      16.9 GiB     267.0 GiB

[2 rows x 9 columns]
2026-08-04 09:08:57.120 INFO Loading data (2018-01-01 00:00:00+00:00 -> 2018-01-31 00:00:00+00:00) done in 213.35s (real) and 118.26s (process)
2026-08-04 09:08:57.120 INFO Memory usage (start of timestep, peak): 183.00 GiB
2026-08-04 09:08:57.120 INFO Memory usage (start of timestep, current): 63.32 GiB
2026-08-04 09:08:57.121 INFO Calculating metrics
2026-08-04 09:08:57.121 INFO Calculating metric: statement_count
2026-08-04 09:08:57.203 INFO [statement_count] Memory snapshot — cache: 0.00 MB (type <class 'numpy.int64'>, N/A entries)
2026-08-04 09:08:57.203 INFO Calculating metric: reference_existence_per_statement_count_df
2026-08-04 09:33:23.032 INFO [reference_existence_per_statement_count_df] Memory snapshot — total: 35071.79 MB
  cache: 0.00 MB (N/A entries)
  cache_df: 35071.79 MB (289936557 entries)
2026-08-04 09:33:23.044 INFO Calculating metric: reference_completeness_df
2026-08-04 09:33:23.058 INFO [reference_completeness_df] Memory snapshot — cache: 0.00 MB (type <class 'numpy.float64'>, N/A entries)
2026-08-04 09:33:23.058 INFO Memory usage (end of timestep, peak): 183.00 GiB
2026-08-04 09:33:23.059 INFO Memory usage (end of timestep, current): 63.07 GiB
2026-08-04 09:33:23.059 INFO (Iteration 63) statement_count: real 0.08s | cpu 1.14s
2026-08-04 09:33:23.059 INFO (Iteration 63) reference_existence_per_statement_count_df: real 1465.84s | cpu 1483.34s
2026-08-04 09:33:23.059 INFO (Iteration 63) reference_completeness_df: real 0.01s | cpu 0.01s
2026-08-04 09:33:23.060 INFO Iteration 63 finished in 1679.29s (real) and 1602.75s (process)
2026-08-04 09:33:23.061 INFO Start timestep 2018-01-31 00:00:00+00:00 -> 2018-03-02 00:00:00+00:00
2026-08-04 09:43:49.657 INFO DuckDB memory logs:
  database_name database_size  block_size  ...  wal_size  memory_usage  memory_limit
0   postgres_db       6.2 TiB           0  ...   0 bytes      53.1 GiB     267.0 GiB
1        memory       0 bytes           0  ...   0 bytes      53.1 GiB     267.0 GiB

[2 rows x 9 columns]
2026-08-04 09:43:49.671 INFO Loading data (2018-01-31 00:00:00+00:00 -> 2018-03-02 00:00:00+00:00) done in 626.61s (real) and 373.75s (process)
2026-08-04 09:43:49.671 INFO Memory usage (start of timestep, peak): 183.00 GiB
2026-08-04 09:43:49.671 INFO Memory usage (start of timestep, current): 98.25 GiB
2026-08-04 09:43:49.671 INFO Calculating metrics
2026-08-04 09:43:49.672 INFO Calculating metric: statement_count
2026-08-04 09:43:49.914 INFO [statement_count] Memory snapshot — cache: 0.00 MB (type <class 'numpy.int64'>, N/A entries)
2026-08-04 09:43:49.914 INFO Calculating metric: reference_existence_per_statement_count_df
2026-08-04 10:09:47.984 INFO [reference_existence_per_statement_count_df] Memory snapshot — total: 37850.83 MB
  cache: 0.00 MB (N/A entries)
  cache_df: 37850.83 MB (312883486 entries)
2026-08-04 10:09:47.996 INFO Calculating metric: reference_completeness_df
2026-08-04 10:09:48.008 INFO [reference_completeness_df] Memory snapshot — cache: 0.00 MB (type <class 'numpy.float64'>, N/A entries)
2026-08-04 10:09:48.008 INFO Memory usage (end of timestep, peak): 183.00 GiB
2026-08-04 10:09:48.009 INFO Memory usage (end of timestep, current): 104.65 GiB
2026-08-04 10:09:48.009 INFO (Iteration 64) statement_count: real 0.24s | cpu 3.10s
2026-08-04 10:09:48.009 INFO (Iteration 64) reference_existence_per_statement_count_df: real 1558.08s | cpu 1597.83s
2026-08-04 10:09:48.009 INFO (Iteration 64) reference_completeness_df: real 0.01s | cpu 0.01s
2026-08-04 10:09:48.009 INFO Iteration 64 finished in 2184.95s (real) and 1974.69s (process)
2026-08-04 10:09:48.010 INFO Start timestep 2018-03-02 00:00:00+00:00 -> 2018-04-01 00:00:00+00:00
2026-08-04 10:16:22.462 INFO DuckDB memory logs:
  database_name database_size  block_size  ...  wal_size  memory_usage  memory_limit
0   postgres_db       6.2 TiB           0  ...   0 bytes      42.0 GiB     267.0 GiB
1        memory       0 bytes           0  ...   0 bytes      42.0 GiB     267.0 GiB

[2 rows x 9 columns]
2026-08-04 10:16:22.475 INFO Loading data (2018-03-02 00:00:00+00:00 -> 2018-04-01 00:00:00+00:00) done in 394.46s (real) and 300.58s (process)
2026-08-04 10:16:22.476 INFO Memory usage (start of timestep, peak): 183.00 GiB
2026-08-04 10:16:22.476 INFO Memory usage (start of timestep, current): 92.97 GiB
2026-08-04 10:16:22.476 INFO Calculating metrics
2026-08-04 10:16:22.476 INFO Calculating metric: statement_count
2026-08-04 10:16:22.603 INFO [statement_count] Memory snapshot — cache: 0.00 MB (type <class 'numpy.int64'>, N/A entries)
2026-08-04 10:16:22.604 INFO Calculating metric: reference_existence_per_statement_count_df
2026-08-04 10:44:15.855 INFO [reference_existence_per_statement_count_df] Memory snapshot — total: 38903.84 MB
  cache: 0.00 MB (N/A entries)
  cache_df: 38903.84 MB (321579287 entries)
2026-08-04 10:44:15.867 INFO Calculating metric: reference_completeness_df
2026-08-04 10:44:15.877 INFO [reference_completeness_df] Memory snapshot — cache: 0.00 MB (type <class 'numpy.float64'>, N/A entries)
2026-08-04 10:44:15.878 INFO Memory usage (end of timestep, peak): 183.00 GiB
2026-08-04 10:44:15.878 INFO Memory usage (end of timestep, current): 95.13 GiB
2026-08-04 10:44:15.878 INFO (Iteration 65) statement_count: real 0.13s | cpu 1.80s
2026-08-04 10:44:15.878 INFO (Iteration 65) reference_existence_per_statement_count_df: real 1673.26s | cpu 1704.01s
2026-08-04 10:44:15.878 INFO (Iteration 65) reference_completeness_df: real 0.01s | cpu 0.01s
2026-08-04 10:44:15.878 INFO Iteration 65 finished in 2067.87s (real) and 2006.41s (process)
2026-08-04 10:44:15.881 INFO Start timestep 2018-04-01 00:00:00+00:00 -> 2018-05-01 00:00:00+00:00
2026-08-04 10:48:10.342 INFO DuckDB memory logs:
  database_name database_size  block_size  ...  wal_size  memory_usage  memory_limit
0   postgres_db       6.2 TiB           0  ...   0 bytes      29.7 GiB     267.0 GiB
1        memory       0 bytes           0  ...   0 bytes      29.7 GiB     267.0 GiB

[2 rows x 9 columns]
2026-08-04 10:48:10.343 INFO Loading data (2018-04-01 00:00:00+00:00 -> 2018-05-01 00:00:00+00:00) done in 234.46s (real) and 162.53s (process)
2026-08-04 10:48:10.344 INFO Memory usage (start of timestep, peak): 183.00 GiB
2026-08-04 10:48:10.344 INFO Memory usage (start of timestep, current): 82.21 GiB
2026-08-04 10:48:10.344 INFO Calculating metrics
2026-08-04 10:48:10.344 INFO Calculating metric: statement_count
2026-08-04 10:48:10.483 INFO [statement_count] Memory snapshot — cache: 0.00 MB (type <class 'numpy.int64'>, N/A entries)
2026-08-04 10:48:10.484 INFO Calculating metric: reference_existence_per_statement_count_df
2026-08-04 11:14:57.081 INFO [reference_existence_per_statement_count_df] Memory snapshot — total: 40434.88 MB
  cache: 0.00 MB (N/A entries)
  cache_df: 40434.88 MB (334224076 entries)
2026-08-04 11:14:57.093 INFO Calculating metric: reference_completeness_df
2026-08-04 11:14:57.101 INFO [reference_completeness_df] Memory snapshot — cache: 0.00 MB (type <class 'numpy.float64'>, N/A entries)
2026-08-04 11:14:57.102 INFO Memory usage (end of timestep, peak): 183.00 GiB
2026-08-04 11:14:57.102 INFO Memory usage (end of timestep, current): 85.04 GiB
2026-08-04 11:14:57.102 INFO (Iteration 66) statement_count: real 0.14s | cpu 1.92s
2026-08-04 11:14:57.102 INFO (Iteration 66) reference_existence_per_statement_count_df: real 1606.61s | cpu 1631.36s
2026-08-04 11:14:57.102 INFO (Iteration 66) reference_completeness_df: real 0.01s | cpu 0.01s
2026-08-04 11:14:57.102 INFO Iteration 66 finished in 1841.22s (real) and 1795.81s (process)
2026-08-04 11:14:57.104 INFO Start timestep 2018-05-01 00:00:00+00:00 -> 2018-05-31 00:00:00+00:00
2026-08-04 11:21:12.242 INFO DuckDB memory logs:
  database_name database_size  block_size  ...  wal_size  memory_usage  memory_limit
0   postgres_db       6.2 TiB           0  ...   0 bytes      50.2 GiB     267.0 GiB
1        memory       0 bytes           0  ...   0 bytes      50.2 GiB     267.0 GiB

[2 rows x 9 columns]
2026-08-04 11:21:12.255 INFO Loading data (2018-05-01 00:00:00+00:00 -> 2018-05-31 00:00:00+00:00) done in 375.15s (real) and 266.87s (process)
2026-08-04 11:21:12.256 INFO Memory usage (start of timestep, peak): 183.00 GiB
2026-08-04 11:21:12.256 INFO Memory usage (start of timestep, current): 104.37 GiB
2026-08-04 11:21:12.256 INFO Calculating metrics
2026-08-04 11:21:12.256 INFO Calculating metric: statement_count
2026-08-04 11:21:12.559 INFO [statement_count] Memory snapshot — cache: 0.00 MB (type <class 'numpy.int64'>, N/A entries)
2026-08-04 11:21:12.559 INFO Calculating metric: reference_existence_per_statement_count_df
2026-08-04 11:53:49.993 INFO [reference_existence_per_statement_count_df] Memory snapshot — total: 43368.79 MB
  cache: 0.00 MB (N/A entries)
  cache_df: 43368.79 MB (358451769 entries)
2026-08-04 11:53:50.006 INFO Calculating metric: reference_completeness_df
2026-08-04 11:53:50.013 INFO [reference_completeness_df] Memory snapshot — cache: 0.00 MB (type <class 'numpy.float64'>, N/A entries)
2026-08-04 11:53:50.013 INFO Memory usage (end of timestep, peak): 183.00 GiB
2026-08-04 11:53:50.013 INFO Memory usage (end of timestep, current): 108.54 GiB
2026-08-04 11:53:50.013 INFO (Iteration 67) statement_count: real 0.30s | cpu 3.39s
2026-08-04 11:53:50.013 INFO (Iteration 67) reference_existence_per_statement_count_df: real 1957.45s | cpu 1997.42s
2026-08-04 11:53:50.013 INFO (Iteration 67) reference_completeness_df: real 0.01s | cpu 0.00s
2026-08-04 11:53:50.013 INFO Iteration 67 finished in 2332.91s (real) and 2267.69s (process)
2026-08-04 11:53:50.018 INFO Start timestep 2018-05-31 00:00:00+00:00 -> 2018-06-30 00:00:00+00:00
2026-08-04 11:59:30.404 INFO DuckDB memory logs:
  database_name database_size  block_size  ...  wal_size  memory_usage  memory_limit
0   postgres_db       6.2 TiB           0  ...   0 bytes      46.9 GiB     267.0 GiB
1        memory       0 bytes           0  ...   0 bytes      46.9 GiB     267.0 GiB

[2 rows x 9 columns]
2026-08-04 11:59:30.417 INFO Loading data (2018-05-31 00:00:00+00:00 -> 2018-06-30 00:00:00+00:00) done in 340.40s (real) and 245.25s (process)
2026-08-04 11:59:30.417 INFO Memory usage (start of timestep, peak): 183.00 GiB
2026-08-04 11:59:30.417 INFO Memory usage (start of timestep, current): 104.34 GiB
2026-08-04 11:59:30.417 INFO Calculating metrics
2026-08-04 11:59:30.418 INFO Calculating metric: statement_count
2026-08-04 11:59:30.611 INFO [statement_count] Memory snapshot — cache: 0.00 MB (type <class 'numpy.int64'>, N/A entries)
2026-08-04 11:59:30.612 INFO Calculating metric: reference_existence_per_statement_count_df
2026-08-04 12:32:54.519 INFO [reference_existence_per_statement_count_df] Memory snapshot — total: 45857.52 MB
  cache: 0.00 MB (N/A entries)
  cache_df: 45857.52 MB (379006152 entries)
2026-08-04 12:32:54.530 INFO Calculating metric: reference_completeness_df
2026-08-04 12:32:54.540 INFO [reference_completeness_df] Memory snapshot — cache: 0.00 MB (type <class 'numpy.float64'>, N/A entries)
2026-08-04 12:32:54.540 INFO Memory usage (end of timestep, peak): 183.00 GiB
2026-08-04 12:32:54.541 INFO Memory usage (end of timestep, current): 109.26 GiB
2026-08-04 12:32:54.541 INFO (Iteration 68) statement_count: real 0.19s | cpu 2.87s
2026-08-04 12:32:54.541 INFO (Iteration 68) reference_existence_per_statement_count_df: real 2003.92s | cpu 2042.79s
2026-08-04 12:32:54.541 INFO (Iteration 68) reference_completeness_df: real 0.01s | cpu 0.00s
2026-08-04 12:32:54.541 INFO Iteration 68 finished in 2344.52s (real) and 2290.92s (process)
2026-08-04 12:32:54.542 INFO Start timestep 2018-06-30 00:00:00+00:00 -> 2018-07-30 00:00:00+00:00
2026-08-04 12:39:55.791 INFO DuckDB memory logs:
  database_name database_size  block_size  ...  wal_size  memory_usage  memory_limit
0   postgres_db       6.2 TiB           0  ...   0 bytes      58.1 GiB     267.0 GiB
1        memory       0 bytes           0  ...   0 bytes      58.1 GiB     267.0 GiB

[2 rows x 9 columns]
2026-08-04 12:39:55.804 INFO Loading data (2018-06-30 00:00:00+00:00 -> 2018-07-30 00:00:00+00:00) done in 421.26s (real) and 304.60s (process)
2026-08-04 12:39:55.804 INFO Memory usage (start of timestep, peak): 183.00 GiB
2026-08-04 12:39:55.805 INFO Memory usage (start of timestep, current): 119.49 GiB
2026-08-04 12:39:55.805 INFO Calculating metrics
2026-08-04 12:39:55.805 INFO Calculating metric: statement_count
2026-08-04 12:39:56.039 INFO [statement_count] Memory snapshot — cache: 0.00 MB (type <class 'numpy.int64'>, N/A entries)
2026-08-04 12:39:56.039 INFO Calculating metric: reference_existence_per_statement_count_df
2026-08-04 13:16:23.302 INFO [reference_existence_per_statement_count_df] Memory snapshot — total: 49232.18 MB
  cache: 0.00 MB (N/A entries)
  cache_df: 49232.18 MB (406872684 entries)
2026-08-04 13:16:23.313 INFO Calculating metric: reference_completeness_df
2026-08-04 13:16:23.322 INFO [reference_completeness_df] Memory snapshot — cache: 0.00 MB (type <class 'numpy.float64'>, N/A entries)
2026-08-04 13:16:23.322 INFO Memory usage (end of timestep, peak): 183.00 GiB
2026-08-04 13:16:23.322 INFO Memory usage (end of timestep, current): 124.77 GiB
2026-08-04 13:16:23.322 INFO (Iteration 69) statement_count: real 0.23s | cpu 3.50s
2026-08-04 13:16:23.323 INFO (Iteration 69) reference_existence_per_statement_count_df: real 2187.27s | cpu 2234.03s
2026-08-04 13:16:23.323 INFO (Iteration 69) reference_completeness_df: real 0.01s | cpu 0.00s
2026-08-04 13:16:23.323 INFO Iteration 69 finished in 2608.78s (real) and 2542.13s (process)
2026-08-04 13:16:23.324 INFO Start timestep 2018-07-30 00:00:00+00:00 -> 2018-08-29 00:00:00+00:00
2026-08-04 13:21:29.785 INFO DuckDB memory logs:
  database_name database_size  block_size  ...  wal_size  memory_usage  memory_limit
0   postgres_db       6.2 TiB           0  ...   0 bytes      42.7 GiB     267.0 GiB
1        memory       0 bytes           0  ...   0 bytes      42.7 GiB     267.0 GiB

[2 rows x 9 columns]
2026-08-04 13:21:29.785 INFO Loading data (2018-07-30 00:00:00+00:00 -> 2018-08-29 00:00:00+00:00) done in 306.46s (real) and 223.08s (process)
2026-08-04 13:21:29.786 INFO Memory usage (start of timestep, peak): 183.00 GiB
2026-08-04 13:21:29.786 INFO Memory usage (start of timestep, current): 108.60 GiB
2026-08-04 13:21:29.786 INFO Calculating metrics
2026-08-04 13:21:29.786 INFO Calculating metric: statement_count
2026-08-04 13:21:29.966 INFO [statement_count] Memory snapshot — cache: 0.00 MB (type <class 'numpy.int64'>, N/A entries)
2026-08-04 13:21:29.967 INFO Calculating metric: reference_existence_per_statement_count_df
2026-08-04 14:00:00.529 INFO [reference_existence_per_statement_count_df] Memory snapshot — total: 51038.79 MB
  cache: 0.00 MB (N/A entries)
  cache_df: 51038.79 MB (421794955 entries)
2026-08-04 14:00:00.541 INFO Calculating metric: reference_completeness_df
2026-08-04 14:00:00.551 INFO [reference_completeness_df] Memory snapshot — cache: 0.00 MB (type <class 'numpy.float64'>, N/A entries)
2026-08-04 14:00:00.551 INFO Memory usage (end of timestep, peak): 183.00 GiB
2026-08-04 14:00:00.552 INFO Memory usage (end of timestep, current): 113.31 GiB
2026-08-04 14:00:00.552 INFO (Iteration 70) statement_count: real 0.18s | cpu 2.44s
2026-08-04 14:00:00.552 INFO (Iteration 70) reference_existence_per_statement_count_df: real 2310.57s | cpu 2347.53s
2026-08-04 14:00:00.552 INFO (Iteration 70) reference_completeness_df: real 0.01s | cpu 0.01s
2026-08-04 14:00:00.552 INFO Iteration 70 finished in 2617.23s (real) and 2573.06s (process)
2026-08-04 14:00:00.554 INFO Start timestep 2018-08-29 00:00:00+00:00 -> 2018-09-28 00:00:00+00:00
2026-08-04 14:06:14.640 INFO DuckDB memory logs:
  database_name database_size  block_size  ...  wal_size  memory_usage  memory_limit
0   postgres_db       6.2 TiB           0  ...   0 bytes      53.6 GiB     267.0 GiB
1        memory       0 bytes           0  ...   0 bytes      53.6 GiB     267.0 GiB

[2 rows x 9 columns]
2026-08-04 14:06:14.653 INFO Loading data (2018-08-29 00:00:00+00:00 -> 2018-09-28 00:00:00+00:00) done in 374.10s (real) and 272.98s (process)
2026-08-04 14:06:14.653 INFO Memory usage (start of timestep, peak): 183.00 GiB
2026-08-04 14:06:14.653 INFO Memory usage (start of timestep, current): 122.84 GiB
2026-08-04 14:06:14.653 INFO Calculating metrics
2026-08-04 14:06:14.653 INFO Calculating metric: statement_count
2026-08-04 14:06:14.933 INFO [statement_count] Memory snapshot — cache: 0.00 MB (type <class 'numpy.int64'>, N/A entries)
2026-08-04 14:06:14.933 INFO Calculating metric: reference_existence_per_statement_count_df
2026-08-04 14:49:22.467 INFO [reference_existence_per_statement_count_df] Memory snapshot — total: 54196.69 MB
  cache: 0.00 MB (N/A entries)
  cache_df: 54196.69 MB (447872009 entries)
2026-08-04 14:49:22.477 INFO Calculating metric: reference_completeness_df
2026-08-04 14:49:22.486 INFO [reference_completeness_df] Memory snapshot — cache: 0.00 MB (type <class 'numpy.float64'>, N/A entries)
2026-08-04 14:49:22.486 INFO Memory usage (end of timestep, peak): 183.00 GiB
2026-08-04 14:49:22.487 INFO Memory usage (end of timestep, current): 127.36 GiB
2026-08-04 14:49:22.487 INFO (Iteration 71) statement_count: real 0.28s | cpu 3.66s
2026-08-04 14:49:22.487 INFO (Iteration 71) reference_existence_per_statement_count_df: real 2587.54s | cpu 2633.67s
2026-08-04 14:49:22.487 INFO (Iteration 71) reference_completeness_df: real 0.01s | cpu 0.01s
2026-08-04 14:49:22.487 INFO Iteration 71 finished in 2961.93s (real) and 2910.32s (process)
2026-08-04 14:49:22.488 INFO Start timestep 2018-09-28 00:00:00+00:00 -> 2018-10-28 00:00:00+00:00
2026-08-04 14:59:44.202 INFO DuckDB memory logs:
  database_name database_size  block_size  ...  wal_size  memory_usage  memory_limit
0   postgres_db       6.2 TiB           0  ...   0 bytes      85.1 GiB     267.0 GiB
1        memory       0 bytes           0  ...   0 bytes      85.1 GiB     267.0 GiB

[2 rows x 9 columns]
2026-08-04 14:59:44.215 INFO Loading data (2018-09-28 00:00:00+00:00 -> 2018-10-28 00:00:00+00:00) done in 621.73s (real) and 468.06s (process)
2026-08-04 14:59:44.216 INFO Memory usage (start of timestep, peak): 183.00 GiB
2026-08-04 14:59:44.216 INFO Memory usage (start of timestep, current): 157.08 GiB
2026-08-04 14:59:44.216 INFO Calculating metrics
2026-08-04 14:59:44.216 INFO Calculating metric: statement_count
2026-08-04 14:59:44.672 INFO [statement_count] Memory snapshot — cache: 0.00 MB (type <class 'numpy.int64'>, N/A entries)
2026-08-04 14:59:44.672 INFO Calculating metric: reference_existence_per_statement_count_df
2026-08-04 15:54:25.669 INFO [reference_existence_per_statement_count_df] Memory snapshot — total: 59531.77 MB
  cache: 0.00 MB (N/A entries)
  cache_df: 59531.77 MB (491926226 entries)
2026-08-04 15:54:25.680 INFO Calculating metric: reference_completeness_df
2026-08-04 15:54:25.686 INFO [reference_completeness_df] Memory snapshot — cache: 0.00 MB (type <class 'numpy.float64'>, N/A entries)
2026-08-04 15:54:25.686 INFO Memory usage (end of timestep, peak): 204.36 GiB
2026-08-04 15:54:25.686 INFO Memory usage (end of timestep, current): 164.82 GiB
2026-08-04 15:54:25.686 INFO (Iteration 72) statement_count: real 0.46s | cpu 6.42s
2026-08-04 15:54:25.687 INFO (Iteration 72) reference_existence_per_statement_count_df: real 3281.01s | cpu 3357.88s
2026-08-04 15:54:25.687 INFO (Iteration 72) reference_completeness_df: real 0.01s | cpu 0.00s
2026-08-04 15:54:25.687 INFO Iteration 72 finished in 3903.20s (real) and 3832.37s (process)
2026-08-04 15:54:25.687 INFO Start timestep 2018-10-28 00:00:00+00:00 -> 2018-11-27 00:00:00+00:00
2026-08-04 15:58:38.464 INFO DuckDB memory logs:
  database_name database_size  block_size  ...  wal_size  memory_usage  memory_limit
0   postgres_db       6.2 TiB           0  ...   0 bytes      36.0 GiB     267.0 GiB
1        memory       0 bytes           0  ...   0 bytes      36.0 GiB     267.0 GiB

[2 rows x 9 columns]
2026-08-04 15:58:38.466 INFO Loading data (2018-10-28 00:00:00+00:00 -> 2018-11-27 00:00:00+00:00) done in 252.78s (real) and 185.30s (process)
2026-08-04 15:58:38.466 INFO Memory usage (start of timestep, peak): 204.36 GiB
2026-08-04 15:58:38.467 INFO Memory usage (start of timestep, current): 115.85 GiB
2026-08-04 15:58:38.467 INFO Calculating metrics
2026-08-04 15:58:38.467 INFO Calculating metric: statement_count
2026-08-04 15:58:38.750 INFO [statement_count] Memory snapshot — cache: 0.00 MB (type <class 'numpy.int64'>, N/A entries)
2026-08-04 15:58:38.751 INFO Calculating metric: reference_existence_per_statement_count_df
2026-08-04 16:46:54.447 INFO [reference_existence_per_statement_count_df] Memory snapshot — total: 60858.45 MB
  cache: 0.00 MB (N/A entries)
  cache_df: 60858.45 MB (502883790 entries)
2026-08-04 16:46:54.459 INFO Calculating metric: reference_completeness_df
2026-08-04 16:46:54.467 INFO [reference_completeness_df] Memory snapshot — cache: 0.00 MB (type <class 'numpy.float64'>, N/A entries)
2026-08-04 16:46:54.467 INFO Memory usage (end of timestep, peak): 204.36 GiB
2026-08-04 16:46:54.468 INFO Memory usage (end of timestep, current): 119.77 GiB
2026-08-04 16:46:54.468 INFO (Iteration 73) statement_count: real 0.28s | cpu 3.68s
2026-08-04 16:46:54.468 INFO (Iteration 73) reference_existence_per_statement_count_df: real 2895.71s | cpu 2928.94s
2026-08-04 16:46:54.468 INFO (Iteration 73) reference_completeness_df: real 0.01s | cpu 0.00s
2026-08-04 16:46:54.468 INFO Iteration 73 finished in 3148.78s (real) and 3117.92s (process)
2026-08-04 16:46:54.469 INFO Start timestep 2018-11-27 00:00:00+00:00 -> 2018-12-27 00:00:00+00:00
2026-08-04 16:51:12.457 INFO DuckDB memory logs:
  database_name database_size  block_size  ...  wal_size  memory_usage  memory_limit
0   postgres_db       6.2 TiB           0  ...   0 bytes      36.3 GiB     267.0 GiB
1        memory       0 bytes           0  ...   0 bytes      36.3 GiB     267.0 GiB

[2 rows x 9 columns]
2026-08-04 16:51:12.458 INFO Loading data (2018-11-27 00:00:00+00:00 -> 2018-12-27 00:00:00+00:00) done in 257.99s (real) and 186.19s (process)
2026-08-04 16:51:12.458 INFO Memory usage (start of timestep, peak): 204.36 GiB
2026-08-04 16:51:12.458 INFO Memory usage (start of timestep, current): 119.02 GiB
2026-08-04 16:51:12.458 INFO Calculating metrics
2026-08-04 16:51:12.458 INFO Calculating metric: statement_count
2026-08-04 16:51:12.621 INFO [statement_count] Memory snapshot — cache: 0.00 MB (type <class 'numpy.int64'>, N/A entries)
2026-08-04 16:51:12.621 INFO Calculating metric: reference_existence_per_statement_count_df
2026-08-04 17:38:48.277 INFO [reference_existence_per_statement_count_df] Memory snapshot — total: 61742.37 MB
  cache: 0.00 MB (N/A entries)
  cache_df: 61742.37 MB (510187088 entries)
2026-08-04 17:38:48.288 INFO Calculating metric: reference_completeness_df
2026-08-04 17:38:48.295 INFO [reference_completeness_df] Memory snapshot — cache: 0.00 MB (type <class 'numpy.float64'>, N/A entries)
2026-08-04 17:38:48.295 INFO Memory usage (end of timestep, peak): 204.36 GiB
2026-08-04 17:38:48.295 INFO Memory usage (end of timestep, current): 121.76 GiB
2026-08-04 17:38:48.295 INFO (Iteration 74) statement_count: real 0.16s | cpu 2.32s
2026-08-04 17:38:48.295 INFO (Iteration 74) reference_existence_per_statement_count_df: real 2855.67s | cpu 2889.77s
2026-08-04 17:38:48.295 INFO (Iteration 74) reference_completeness_df: real 0.01s | cpu 0.00s
2026-08-04 17:38:48.295 INFO Iteration 74 finished in 3113.83s (real) and 3078.29s (process)
2026-08-04 17:38:48.296 INFO Start timestep 2018-12-27 00:00:00+00:00 -> 2019-01-26 00:00:00+00:00
2026-08-04 17:41:41.675 INFO DuckDB memory logs:
  database_name database_size  block_size  ...  wal_size  memory_usage  memory_limit
0   postgres_db       6.2 TiB           0  ...   0 bytes      23.4 GiB     267.0 GiB
1        memory       0 bytes           0  ...   0 bytes      23.4 GiB     267.0 GiB

[2 rows x 9 columns]
2026-08-04 17:41:41.676 INFO Loading data (2018-12-27 00:00:00+00:00 -> 2019-01-26 00:00:00+00:00) done in 173.38s (real) and 142.18s (process)
2026-08-04 17:41:41.676 INFO Memory usage (start of timestep, peak): 204.36 GiB
2026-08-04 17:41:41.676 INFO Memory usage (start of timestep, current): 108.17 GiB
2026-08-04 17:41:41.676 INFO Calculating metrics
2026-08-04 17:41:41.676 INFO Calculating metric: statement_count
2026-08-04 17:41:41.782 INFO [statement_count] Memory snapshot — cache: 0.00 MB (type <class 'numpy.int64'>, N/A entries)
2026-08-04 17:41:41.783 INFO Calculating metric: reference_existence_per_statement_count_df
2026-08-04 18:29:38.166 INFO [reference_existence_per_statement_count_df] Memory snapshot — total: 61965.16 MB
  cache: 0.00 MB (N/A entries)
  cache_df: 61965.16 MB (512032248 entries)
2026-08-04 18:29:38.178 INFO Calculating metric: reference_completeness_df
2026-08-04 18:29:38.189 INFO [reference_completeness_df] Memory snapshot — cache: 0.00 MB (type <class 'numpy.float64'>, N/A entries)
2026-08-04 18:29:38.190 INFO Memory usage (end of timestep, peak): 204.36 GiB
2026-08-04 18:29:38.190 INFO Memory usage (end of timestep, current): 108.17 GiB
2026-08-04 18:29:38.191 INFO (Iteration 75) statement_count: real 0.11s | cpu 1.48s
2026-08-04 18:29:38.191 INFO (Iteration 75) reference_existence_per_statement_count_df: real 2876.39s | cpu 2903.65s
2026-08-04 18:29:38.191 INFO (Iteration 75) reference_completeness_df: real 0.01s | cpu 0.01s
2026-08-04 18:29:38.191 INFO Iteration 75 finished in 3049.89s (real) and 3047.32s (process)
2026-08-04 18:29:38.192 INFO Start timestep 2019-01-26 00:00:00+00:00 -> 2019-02-25 00:00:00+00:00
2026-08-04 18:31:30.595 INFO DuckDB memory logs:
  database_name database_size  block_size  ...  wal_size  memory_usage  memory_limit
0   postgres_db       6.2 TiB           0  ...   0 bytes      16.1 GiB     267.0 GiB
1        memory       0 bytes           0  ...   0 bytes      16.1 GiB     267.0 GiB

[2 rows x 9 columns]
2026-08-04 18:31:30.596 INFO Loading data (2019-01-26 00:00:00+00:00 -> 2019-02-25 00:00:00+00:00) done in 112.40s (real) and 78.65s (process)
2026-08-04 18:31:30.596 INFO Memory usage (start of timestep, peak): 204.36 GiB
2026-08-04 18:31:30.596 INFO Memory usage (start of timestep, current): 100.89 GiB
2026-08-04 18:31:30.596 INFO Calculating metrics
2026-08-04 18:31:30.596 INFO Calculating metric: statement_count
2026-08-04 18:31:30.701 INFO [statement_count] Memory snapshot — cache: 0.00 MB (type <class 'numpy.int64'>, N/A entries)
2026-08-04 18:31:30.701 INFO Calculating metric: reference_existence_per_statement_count_df
2026-08-04 19:22:03.676 INFO [reference_existence_per_statement_count_df] Memory snapshot — total: 62425.11 MB
  cache: 0.00 MB (N/A entries)
  cache_df: 62425.11 MB (515832206 entries)
2026-08-04 19:22:03.688 INFO Calculating metric: reference_completeness_df
2026-08-04 19:22:03.694 INFO [reference_completeness_df] Memory snapshot — cache: 0.00 MB (type <class 'numpy.float64'>, N/A entries)
2026-08-04 19:22:03.694 INFO Memory usage (end of timestep, peak): 204.36 GiB
2026-08-04 19:22:03.695 INFO Memory usage (end of timestep, current): 101.67 GiB
2026-08-04 19:22:03.695 INFO (Iteration 76) statement_count: real 0.10s | cpu 1.49s
2026-08-04 19:22:03.695 INFO (Iteration 76) reference_existence_per_statement_count_df: real 3032.99s | cpu 3057.58s
2026-08-04 19:22:03.695 INFO (Iteration 76) reference_completeness_df: real 0.01s | cpu 0.00s
2026-08-04 19:22:03.695 INFO Iteration 76 finished in 3145.50s (real) and 3137.73s (process)
2026-08-04 19:22:03.697 INFO Start timestep 2019-02-25 00:00:00+00:00 -> 2019-03-27 00:00:00+00:00
2026-08-04 19:25:58.222 INFO DuckDB memory logs:
  database_name database_size  block_size  ...  wal_size  memory_usage  memory_limit
0   postgres_db       6.2 TiB           0  ...   0 bytes      33.0 GiB     267.0 GiB
1        memory       0 bytes           0  ...   0 bytes      33.0 GiB     267.0 GiB

[2 rows x 9 columns]
2026-08-04 19:25:58.223 INFO Loading data (2019-02-25 00:00:00+00:00 -> 2019-03-27 00:00:00+00:00) done in 234.53s (real) and 167.59s (process)
2026-08-04 19:25:58.224 INFO Memory usage (start of timestep, peak): 204.36 GiB
2026-08-04 19:25:58.224 INFO Memory usage (start of timestep, current): 117.93 GiB
2026-08-04 19:25:58.224 INFO Calculating metrics
2026-08-04 19:25:58.224 INFO Calculating metric: statement_count
2026-08-04 19:25:58.381 INFO [statement_count] Memory snapshot — cache: 0.00 MB (type <class 'numpy.int64'>, N/A entries)
2026-08-04 19:25:58.381 INFO Calculating metric: reference_existence_per_statement_count_df
2026-08-04 20:18:28.060 INFO [reference_existence_per_statement_count_df] Memory snapshot — total: 63279.66 MB
  cache: 0.00 MB (N/A entries)
  cache_df: 63279.66 MB (522893071 entries)
2026-08-04 20:18:28.071 INFO Calculating metric: reference_completeness_df
2026-08-04 20:18:28.082 INFO [reference_completeness_df] Memory snapshot — cache: 0.00 MB (type <class 'numpy.float64'>, N/A entries)
2026-08-04 20:18:28.082 INFO Memory usage (end of timestep, peak): 204.36 GiB
2026-08-04 20:18:28.082 INFO Memory usage (end of timestep, current): 119.86 GiB
2026-08-04 20:18:28.083 INFO (Iteration 77) statement_count: real 0.16s | cpu 2.05s
2026-08-04 20:18:28.083 INFO (Iteration 77) reference_existence_per_statement_count_df: real 3149.69s | cpu 3184.01s
2026-08-04 20:18:28.083 INFO (Iteration 77) reference_completeness_df: real 0.01s | cpu 0.01s
2026-08-04 20:18:28.083 INFO Iteration 77 finished in 3384.39s (real) and 3353.66s (process)
2026-08-04 20:18:28.084 INFO Start timestep 2019-03-27 00:00:00+00:00 -> 2019-04-26 00:00:00+00:00
2026-08-04 20:22:14.061 INFO DuckDB memory logs:
  database_name database_size  block_size  ...  wal_size  memory_usage  memory_limit
0   postgres_db       6.2 TiB           0  ...   0 bytes      31.5 GiB     267.0 GiB
1        memory       0 bytes           0  ...   0 bytes      31.5 GiB     267.0 GiB

[2 rows x 9 columns]
2026-08-04 20:22:14.062 INFO Loading data (2019-03-27 00:00:00+00:00 -> 2019-04-26 00:00:00+00:00) done in 225.98s (real) and 162.03s (process)
2026-08-04 20:22:14.062 INFO Memory usage (start of timestep, peak): 204.36 GiB
2026-08-04 20:22:14.063 INFO Memory usage (start of timestep, current): 117.70 GiB
2026-08-04 20:22:14.063 INFO Calculating metrics
2026-08-04 20:22:14.063 INFO Calculating metric: statement_count
2026-08-04 20:22:14.219 INFO [statement_count] Memory snapshot — cache: 0.00 MB (type <class 'numpy.int64'>, N/A entries)
2026-08-04 20:22:14.219 INFO Calculating metric: reference_existence_per_statement_count_df
2026-08-04 21:11:57.004 INFO [reference_existence_per_statement_count_df] Memory snapshot — total: 64575.41 MB
  cache: 0.00 MB (N/A entries)
  cache_df: 64575.41 MB (533594352 entries)
2026-08-04 21:11:57.015 INFO Calculating metric: reference_completeness_df
2026-08-04 21:11:57.021 INFO [reference_completeness_df] Memory snapshot — cache: 0.00 MB (type <class 'numpy.float64'>, N/A entries)
2026-08-04 21:11:57.021 INFO Memory usage (end of timestep, peak): 204.36 GiB
2026-08-04 21:11:57.021 INFO Memory usage (end of timestep, current): 120.59 GiB
2026-08-04 21:11:57.022 INFO (Iteration 78) statement_count: real 0.16s | cpu 2.24s
2026-08-04 21:11:57.022 INFO (Iteration 78) reference_existence_per_statement_count_df: real 2982.80s | cpu 3018.11s
2026-08-04 21:11:57.022 INFO (Iteration 78) reference_completeness_df: real 0.01s | cpu 0.00s
2026-08-04 21:11:57.022 INFO Iteration 78 finished in 3208.94s (real) and 3182.38s (process)
2026-08-04 21:11:57.023 INFO Start timestep 2019-04-26 00:00:00+00:00 -> 2019-05-26 00:00:00+00:00
2026-08-04 21:14:48.010 INFO DuckDB memory logs:
  database_name database_size  block_size  ...  wal_size  memory_usage  memory_limit
0   postgres_db       6.2 TiB           0  ...   0 bytes      24.5 GiB     267.0 GiB
1        memory       0 bytes           0  ...   0 bytes      24.5 GiB     267.0 GiB

[2 rows x 9 columns]
2026-08-04 21:14:48.011 INFO Loading data (2019-04-26 00:00:00+00:00 -> 2019-05-26 00:00:00+00:00) done in 170.99s (real) and 120.90s (process)
2026-08-04 21:14:48.011 INFO Memory usage (start of timestep, peak): 204.36 GiB
2026-08-04 21:14:48.011 INFO Memory usage (start of timestep, current): 112.85 GiB
2026-08-04 21:14:48.011 INFO Calculating metrics
2026-08-04 21:14:48.012 INFO Calculating metric: statement_count
2026-08-04 21:14:48.116 INFO [statement_count] Memory snapshot — cache: 0.00 MB (type <class 'numpy.int64'>, N/A entries)
2026-08-04 21:14:48.116 INFO Calculating metric: reference_existence_per_statement_count_df
2026-08-04 22:07:32.144 INFO [reference_existence_per_statement_count_df] Memory snapshot — total: 64902.51 MB
  cache: 0.00 MB (N/A entries)
  cache_df: 64902.51 MB (536298163 entries)
2026-08-04 22:07:32.156 INFO Calculating metric: reference_completeness_df
2026-08-04 22:07:32.163 INFO [reference_completeness_df] Memory snapshot — cache: 0.00 MB (type <class 'numpy.float64'>, N/A entries)
2026-08-04 22:07:32.164 INFO Memory usage (end of timestep, peak): 204.36 GiB
2026-08-04 22:07:32.164 INFO Memory usage (end of timestep, current): 113.54 GiB
2026-08-04 22:07:32.164 INFO (Iteration 79) statement_count: real 0.10s | cpu 1.38s
2026-08-04 22:07:32.165 INFO (Iteration 79) reference_existence_per_statement_count_df: real 3164.04s | cpu 3195.27s
2026-08-04 22:07:32.165 INFO (Iteration 79) reference_completeness_df: real 0.01s | cpu 0.00s
2026-08-04 22:07:32.165 INFO Iteration 79 finished in 3335.14s (real) and 3317.56s (process)
2026-08-04 22:07:32.166 INFO Start timestep 2019-05-26 00:00:00+00:00 -> 2019-06-25 00:00:00+00:00
2026-08-04 22:09:14.111 INFO DuckDB memory logs:
  database_name database_size  block_size  ...  wal_size  memory_usage  memory_limit
0   postgres_db       6.2 TiB           0  ...   0 bytes      13.8 GiB     267.0 GiB
1        memory       0 bytes           0  ...   0 bytes      13.8 GiB     267.0 GiB

[2 rows x 9 columns]
2026-08-04 22:09:14.112 INFO Loading data (2019-05-26 00:00:00+00:00 -> 2019-06-25 00:00:00+00:00) done in 101.95s (real) and 91.93s (process)
2026-08-04 22:09:14.112 INFO Memory usage (start of timestep, peak): 204.36 GiB
2026-08-04 22:09:14.112 INFO Memory usage (start of timestep, current): 102.92 GiB
2026-08-04 22:09:14.112 INFO Calculating metrics
2026-08-04 22:09:14.113 INFO Calculating metric: statement_count
2026-08-04 22:09:14.246 INFO [statement_count] Memory snapshot — cache: 0.00 MB (type <class 'numpy.int64'>, N/A entries)
2026-08-04 22:09:14.246 INFO Calculating metric: reference_existence_per_statement_count_df
2026-08-04 23:05:45.583 INFO [reference_existence_per_statement_count_df] Memory snapshot — total: 65237.68 MB
  cache: 0.00 MB (N/A entries)
  cache_df: 65237.68 MB (539069715 entries)
2026-08-04 23:05:45.594 INFO Calculating metric: reference_completeness_df
2026-08-04 23:05:45.603 INFO [reference_completeness_df] Memory snapshot — cache: 0.00 MB (type <class 'numpy.float64'>, N/A entries)
2026-08-04 23:05:45.604 INFO Memory usage (end of timestep, peak): 204.36 GiB
2026-08-04 23:05:45.604 INFO Memory usage (end of timestep, current): 103.13 GiB
2026-08-04 23:05:45.605 INFO (Iteration 80) statement_count: real 0.13s | cpu 1.87s
2026-08-04 23:05:45.605 INFO (Iteration 80) reference_existence_per_statement_count_df: real 3391.35s | cpu 3412.24s
2026-08-04 23:05:45.605 INFO (Iteration 80) reference_completeness_df: real 0.01s | cpu 0.00s
2026-08-04 23:05:45.605 INFO Iteration 80 finished in 3493.44s (real) and 3506.04s (process)
2026-08-04 23:05:45.606 INFO Start timestep 2019-06-25 00:00:00+00:00 -> 2019-07-25 00:00:00+00:00
2026-08-04 23:08:58.459 INFO DuckDB memory logs:
  database_name database_size  block_size  ...  wal_size  memory_usage  memory_limit
0   postgres_db       6.2 TiB           0  ...   0 bytes      23.6 GiB     267.0 GiB
1        memory       0 bytes           0  ...   0 bytes      23.6 GiB     267.0 GiB

[2 rows x 9 columns]
2026-08-04 23:08:58.460 INFO Loading data (2019-06-25 00:00:00+00:00 -> 2019-07-25 00:00:00+00:00) done in 192.85s (real) and 135.21s (process)
2026-08-04 23:08:58.460 INFO Memory usage (start of timestep, peak): 204.36 GiB
2026-08-04 23:08:58.461 INFO Memory usage (start of timestep, current): 112.53 GiB
2026-08-04 23:08:58.461 INFO Calculating metrics
2026-08-04 23:08:58.461 INFO Calculating metric: statement_count
2026-08-04 23:08:58.626 INFO [statement_count] Memory snapshot — cache: 0.00 MB (type <class 'numpy.int64'>, N/A entries)
2026-08-04 23:08:58.626 INFO Calculating metric: reference_existence_per_statement_count_df
2026-08-05 00:00:44.777 INFO [reference_existence_per_statement_count_df] Memory snapshot — total: 65264.43 MB
  cache: 0.00 MB (N/A entries)
  cache_df: 65264.43 MB (539293394 entries)
2026-08-05 00:00:44.795 INFO Calculating metric: reference_completeness_df
2026-08-05 00:00:44.802 INFO [reference_completeness_df] Memory snapshot — cache: 0.00 MB (type <class 'numpy.float64'>, N/A entries)
2026-08-05 00:00:44.802 INFO Memory usage (end of timestep, peak): 204.36 GiB
2026-08-05 00:00:44.802 INFO Memory usage (end of timestep, current): 114.92 GiB
2026-08-05 00:00:44.803 INFO (Iteration 81) statement_count: real 0.16s | cpu 2.30s
2026-08-05 00:00:44.803 INFO (Iteration 81) reference_existence_per_statement_count_df: real 3106.17s | cpu 3138.44s
2026-08-05 00:00:44.803 INFO (Iteration 81) reference_completeness_df: real 0.01s | cpu 0.00s
2026-08-05 00:00:44.803 INFO Iteration 81 finished in 3299.20s (real) and 3275.95s (process)
2026-08-05 00:00:44.803 INFO Start timestep 2019-07-25 00:00:00+00:00 -> 2019-08-24 00:00:00+00:00
2026-08-05 00:02:29.214 INFO DuckDB memory logs:
  database_name database_size  block_size  ...  wal_size  memory_usage  memory_limit
0   postgres_db       6.2 TiB           0  ...   0 bytes      13.9 GiB     267.0 GiB
1        memory       0 bytes           0  ...   0 bytes      13.9 GiB     267.0 GiB

[2 rows x 9 columns]
2026-08-05 00:02:29.215 INFO Loading data (2019-07-25 00:00:00+00:00 -> 2019-08-24 00:00:00+00:00) done in 104.41s (real) and 73.43s (process)
2026-08-05 00:02:29.216 INFO Memory usage (start of timestep, peak): 204.36 GiB
2026-08-05 00:02:29.216 INFO Memory usage (start of timestep, current): 104.60 GiB
2026-08-05 00:02:29.216 INFO Calculating metrics
2026-08-05 00:02:29.216 INFO Calculating metric: statement_count
2026-08-05 00:02:29.360 INFO [statement_count] Memory snapshot — cache: 0.00 MB (type <class 'numpy.int64'>, N/A entries)
2026-08-05 00:02:29.360 INFO Calculating metric: reference_existence_per_statement_count_df
2026-08-05 00:55:02.010 INFO [reference_existence_per_statement_count_df] Memory snapshot — total: 65422.41 MB
  cache: 0.00 MB (N/A entries)
  cache_df: 65422.41 MB (540602443 entries)
2026-08-05 00:55:02.022 INFO Calculating metric: reference_completeness_df
2026-08-05 00:55:02.027 INFO [reference_completeness_df] Memory snapshot — cache: 0.00 MB (type <class 'numpy.float64'>, N/A entries)
2026-08-05 00:55:02.027 INFO Memory usage (end of timestep, peak): 204.36 GiB
2026-08-05 00:55:02.028 INFO Memory usage (end of timestep, current): 104.51 GiB
2026-08-05 00:55:02.028 INFO (Iteration 82) statement_count: real 0.14s | cpu 2.00s
2026-08-05 00:55:02.028 INFO (Iteration 82) reference_existence_per_statement_count_df: real 3152.66s | cpu 3176.10s
2026-08-05 00:55:02.028 INFO (Iteration 82) reference_completeness_df: real 0.01s | cpu 0.00s
2026-08-05 00:55:02.028 INFO Iteration 82 finished in 3257.22s (real) and 3251.53s (process)
2026-08-05 00:55:02.033 INFO Start timestep 2019-08-24 00:00:00+00:00 -> 2019-09-23 00:00:00+00:00
2026-08-05 00:59:10.741 INFO DuckDB memory logs:
  database_name database_size  block_size  ...  wal_size  memory_usage  memory_limit
0   postgres_db       6.2 TiB           0  ...   0 bytes      35.0 GiB     267.0 GiB
1        memory       0 bytes           0  ...   0 bytes      35.0 GiB     267.0 GiB

[2 rows x 9 columns]
2026-08-05 00:59:10.742 INFO Loading data (2019-08-24 00:00:00+00:00 -> 2019-09-23 00:00:00+00:00) done in 248.71s (real) and 190.06s (process)
2026-08-05 00:59:10.742 INFO Memory usage (start of timestep, peak): 204.36 GiB
2026-08-05 00:59:10.742 INFO Memory usage (start of timestep, current): 125.87 GiB
2026-08-05 00:59:10.742 INFO Calculating metrics
2026-08-05 00:59:10.742 INFO Calculating metric: statement_count
2026-08-05 00:59:10.930 INFO [statement_count] Memory snapshot — cache: 0.00 MB (type <class 'numpy.int64'>, N/A entries)
2026-08-05 00:59:10.930 INFO Calculating metric: reference_existence_per_statement_count_df
2026-08-05 01:52:58.728 INFO [reference_existence_per_statement_count_df] Memory snapshot — total: 67073.51 MB
  cache: 0.00 MB (N/A entries)
  cache_df: 67073.51 MB (554238462 entries)
2026-08-05 01:52:58.740 INFO Calculating metric: reference_completeness_df
2026-08-05 01:52:58.750 INFO [reference_completeness_df] Memory snapshot — cache: 0.00 MB (type <class 'numpy.float64'>, N/A entries)
2026-08-05 01:52:58.750 INFO Memory usage (end of timestep, peak): 204.36 GiB
2026-08-05 01:52:58.750 INFO Memory usage (end of timestep, current): 127.00 GiB
2026-08-05 01:52:58.751 INFO (Iteration 83) statement_count: real 0.19s | cpu 2.74s
2026-08-05 01:52:58.751 INFO (Iteration 83) reference_existence_per_statement_count_df: real 3227.81s | cpu 3265.91s
2026-08-05 01:52:58.751 INFO (Iteration 83) reference_completeness_df: real 0.01s | cpu 0.01s
2026-08-05 01:52:58.751 INFO Iteration 83 finished in 3476.72s (real) and 3458.72s (process)
2026-08-05 01:52:58.753 INFO Start timestep 2019-09-23 00:00:00+00:00 -> 2019-10-23 00:00:00+00:00
2026-08-05 02:03:53.480 INFO DuckDB memory logs:
  database_name database_size  block_size  ...  wal_size  memory_usage  memory_limit
0   postgres_db       6.2 TiB           0  ...   0 bytes      92.5 GiB     267.0 GiB
1        memory       0 bytes           0  ...   0 bytes      92.5 GiB     267.0 GiB

[2 rows x 9 columns]
2026-08-05 02:03:53.492 INFO Loading data (2019-09-23 00:00:00+00:00 -> 2019-10-23 00:00:00+00:00) done in 654.74s (real) and 495.21s (process)
2026-08-05 02:03:53.493 INFO Memory usage (start of timestep, peak): 204.36 GiB
2026-08-05 02:03:53.493 INFO Memory usage (start of timestep, current): 182.18 GiB
2026-08-05 02:03:53.493 INFO Calculating metrics
2026-08-05 02:03:53.493 INFO Calculating metric: statement_count
2026-08-05 02:03:53.857 INFO [statement_count] Memory snapshot — cache: 0.00 MB (type <class 'numpy.int64'>, N/A entries)
2026-08-05 02:03:53.857 INFO Calculating metric: reference_existence_per_statement_count_df
2026-08-05 03:08:05.323 INFO [reference_existence_per_statement_count_df] Memory snapshot — total: 71786.04 MB
  cache: 0.00 MB (N/A entries)
  cache_df: 71786.04 MB (593151801 entries)
2026-08-05 03:08:05.334 INFO Calculating metric: reference_completeness_df
2026-08-05 03:08:05.340 INFO [reference_completeness_df] Memory snapshot — cache: 0.00 MB (type <class 'numpy.float64'>, N/A entries)
2026-08-05 03:08:05.340 INFO Memory usage (end of timestep, peak): 233.20 GiB
2026-08-05 03:08:05.340 INFO Memory usage (end of timestep, current): 189.04 GiB
2026-08-05 03:08:05.340 INFO (Iteration 84) statement_count: real 0.36s | cpu 5.59s
2026-08-05 03:08:05.340 INFO (Iteration 84) reference_existence_per_statement_count_df: real 3851.48s | cpu 3935.01s
2026-08-05 03:08:05.340 INFO (Iteration 84) reference_completeness_df: real 0.01s | cpu 0.00s
2026-08-05 03:08:05.340 INFO Iteration 84 finished in 4506.59s (real) and 4435.82s (process)
2026-08-05 03:08:05.341 INFO Start timestep 2019-10-23 00:00:00+00:00 -> 2019-11-22 00:00:00+00:00
2026-08-05 03:18:46.206 INFO DuckDB memory logs:
  database_name database_size  block_size  ...  wal_size  memory_usage  memory_limit
0   postgres_db       6.2 TiB           0  ...   0 bytes      87.8 GiB     267.0 GiB
1        memory       0 bytes           0  ...   0 bytes      87.8 GiB     267.0 GiB

[2 rows x 9 columns]
2026-08-05 03:18:46.219 INFO Loading data (2019-10-23 00:00:00+00:00 -> 2019-11-22 00:00:00+00:00) done in 640.88s (real) and 488.48s (process)
2026-08-05 03:18:46.220 INFO Memory usage (start of timestep, peak): 233.20 GiB
2026-08-05 03:18:46.220 INFO Memory usage (start of timestep, current): 183.28 GiB
2026-08-05 03:18:46.220 INFO Calculating metrics
2026-08-05 03:18:46.221 INFO Calculating metric: statement_count
2026-08-05 03:18:46.652 INFO [statement_count] Memory snapshot — cache: 0.00 MB (type <class 'numpy.int64'>, N/A entries)
2026-08-05 03:18:46.652 INFO Calculating metric: reference_existence_per_statement_count_df
2026-08-05 04:29:43.133 INFO [reference_existence_per_statement_count_df] Memory snapshot — total: 76587.09 MB
  cache: 0.00 MB (N/A entries)
  cache_df: 76587.09 MB (632796007 entries)
2026-08-05 04:29:43.146 INFO Calculating metric: reference_completeness_df
2026-08-05 04:29:43.155 INFO [reference_completeness_df] Memory snapshot — cache: 0.00 MB (type <class 'numpy.float64'>, N/A entries)
2026-08-05 04:29:43.156 INFO Memory usage (end of timestep, peak): 237.19 GiB
2026-08-05 04:29:43.156 INFO Memory usage (end of timestep, current): 190.77 GiB
2026-08-05 04:29:43.156 INFO (Iteration 85) statement_count: real 0.43s | cpu 5.93s
2026-08-05 04:29:43.156 INFO (Iteration 85) reference_existence_per_statement_count_df: real 4256.49s | cpu 4341.68s
2026-08-05 04:29:43.156 INFO (Iteration 85) reference_completeness_df: real 0.01s | cpu 0.01s
2026-08-05 04:29:43.157 INFO Iteration 85 finished in 4897.81s (real) and 4836.09s (process)
2026-08-05 04:29:43.162 INFO Start timestep 2019-11-22 00:00:00+00:00 -> 2019-12-22 00:00:00+00:00
2026-08-05 04:36:42.955 INFO DuckDB memory logs:
  database_name database_size  block_size  ...  wal_size  memory_usage  memory_limit
0   postgres_db       6.2 TiB           0  ...   0 bytes      59.3 GiB     267.0 GiB
1        memory       0 bytes           0  ...   0 bytes      59.3 GiB     267.0 GiB

[2 rows x 9 columns]
2026-08-05 04:36:42.968 INFO Loading data (2019-11-22 00:00:00+00:00 -> 2019-12-22 00:00:00+00:00) done in 419.81s (real) and 316.20s (process)
2026-08-05 04:36:42.968 INFO Memory usage (start of timestep, peak): 237.19 GiB
2026-08-05 04:36:42.969 INFO Memory usage (start of timestep, current): 161.63 GiB
2026-08-05 04:36:42.969 INFO Calculating metrics
2026-08-05 04:36:42.969 INFO Calculating metric: statement_count
2026-08-05 04:36:43.332 INFO [statement_count] Memory snapshot — cache: 0.00 MB (type <class 'numpy.int64'>, N/A entries)
2026-08-05 04:36:43.332 INFO Calculating metric: reference_existence_per_statement_count_df
2026-08-05 05:46:07.144 INFO [reference_existence_per_statement_count_df] Memory snapshot — total: 81220.39 MB
  cache: 0.00 MB (N/A entries)
  cache_df: 81220.39 MB (671053902 entries)
2026-08-05 05:46:07.156 INFO Calculating metric: reference_completeness_df
2026-08-05 05:46:07.161 INFO [reference_completeness_df] Memory snapshot — cache: 0.00 MB (type <class 'numpy.float64'>, N/A entries)
2026-08-05 05:46:07.161 INFO Memory usage (end of timestep, peak): 237.19 GiB
2026-08-05 05:46:07.161 INFO Memory usage (end of timestep, current): 169.16 GiB
2026-08-05 05:46:07.161 INFO (Iteration 86) statement_count: real 0.36s | cpu 5.49s
2026-08-05 05:46:07.161 INFO (Iteration 86) reference_existence_per_statement_count_df: real 4163.82s | cpu 4228.76s
2026-08-05 05:46:07.162 INFO (Iteration 86) reference_completeness_df: real 0.01s | cpu 0.00s
2026-08-05 05:46:07.162 INFO Iteration 86 finished in 4584.00s (real) and 4550.45s (process)
2026-08-05 05:46:07.162 INFO Start timestep 2019-12-22 00:00:00+00:00 -> 2020-01-21 00:00:00+00:00
2026-08-05 05:56:23.115 INFO DuckDB memory logs:
  database_name database_size  block_size  ...  wal_size  memory_usage  memory_limit
0   postgres_db       6.2 TiB           0  ...   0 bytes      86.6 GiB     267.0 GiB
1        memory       0 bytes           0  ...   0 bytes      86.6 GiB     267.0 GiB

[2 rows x 9 columns]
2026-08-05 05:56:23.116 INFO Loading data (2019-12-22 00:00:00+00:00 -> 2020-01-21 00:00:00+00:00) done in 615.95s (real) and 471.46s (process)
2026-08-05 05:56:23.116 INFO Memory usage (start of timestep, peak): 237.19 GiB
2026-08-05 05:56:23.117 INFO Memory usage (start of timestep, current): 194.65 GiB
2026-08-05 05:56:23.117 INFO Calculating metrics
2026-08-05 05:56:23.117 INFO Calculating metric: statement_count
2026-08-05 05:56:23.541 INFO [statement_count] Memory snapshot — cache: 0.00 MB (type <class 'numpy.int64'>, N/A entries)
2026-08-05 05:56:23.541 INFO Calculating metric: reference_existence_per_statement_count_df
2026-08-05 07:11:35.629 INFO [reference_existence_per_statement_count_df] Memory snapshot — total: 86048.41 MB
  cache: 0.00 MB (N/A entries)
  cache_df: 86048.41 MB (710919211 entries)
2026-08-05 07:11:35.631 INFO Calculating metric: reference_completeness_df
2026-08-05 07:11:35.638 INFO [reference_completeness_df] Memory snapshot — cache: 0.00 MB (type <class 'numpy.float64'>, N/A entries)
2026-08-05 07:11:35.638 INFO Memory usage (end of timestep, peak): 253.71 GiB
2026-08-05 07:11:35.639 INFO Memory usage (end of timestep, current): 203.21 GiB
2026-08-05 07:11:35.639 INFO (Iteration 87) statement_count: real 0.42s | cpu 6.04s
2026-08-05 07:11:35.639 INFO (Iteration 87) reference_existence_per_statement_count_df: real 4512.09s | cpu 4599.41s
2026-08-05 07:11:35.639 INFO (Iteration 87) reference_completeness_df: real 0.01s | cpu 0.00s
2026-08-05 07:11:35.639 INFO Iteration 87 finished in 5128.48s (real) and 5076.92s (process)
2026-08-05 07:11:35.640 INFO Start timestep 2020-01-21 00:00:00+00:00 -> 2020-02-20 00:00:00+00:00
2026-08-05 07:18:46.756 INFO DuckDB memory logs:
  database_name database_size  block_size  ...  wal_size  memory_usage  memory_limit
0   postgres_db       6.2 TiB           0  ...   0 bytes      60.1 GiB     267.0 GiB
1        memory       0 bytes           0  ...   0 bytes      60.1 GiB     267.0 GiB

[2 rows x 9 columns]
2026-08-05 07:18:46.757 INFO Loading data (2020-01-21 00:00:00+00:00 -> 2020-02-20 00:00:00+00:00) done in 431.12s (real) and 323.28s (process)
2026-08-05 07:18:46.757 INFO Memory usage (start of timestep, peak): 253.71 GiB
2026-08-05 07:18:46.757 INFO Memory usage (start of timestep, current): 176.29 GiB
2026-08-05 07:18:46.758 INFO Calculating metrics
2026-08-05 07:18:46.758 INFO Calculating metric: statement_count
2026-08-05 07:18:47.054 INFO [statement_count] Memory snapshot — cache: 0.00 MB (type <class 'numpy.int64'>, N/A entries)
2026-08-05 07:18:47.054 INFO Calculating metric: reference_existence_per_statement_count_df
2026-08-05 08:37:33.826 INFO [reference_existence_per_statement_count_df] Memory snapshot — total: 89460.18 MB
  cache: 0.00 MB (N/A entries)
  cache_df: 89460.18 MB (739090108 entries)
2026-08-05 08:37:33.829 INFO Calculating metric: reference_completeness_df
2026-08-05 08:37:33.835 INFO [reference_completeness_df] Memory snapshot — cache: 0.00 MB (type <class 'numpy.float64'>, N/A entries)
2026-08-05 08:37:33.835 INFO Memory usage (end of timestep, peak): 253.71 GiB
2026-08-05 08:37:33.835 INFO Memory usage (end of timestep, current): 181.34 GiB
2026-08-05 08:37:33.835 INFO (Iteration 88) statement_count: real 0.30s | cpu 4.34s
2026-08-05 08:37:33.835 INFO (Iteration 88) reference_existence_per_statement_count_df: real 4726.77s | cpu 4795.82s
2026-08-05 08:37:33.835 INFO (Iteration 88) reference_completeness_df: real 0.01s | cpu 0.00s
2026-08-05 08:37:33.835 INFO Iteration 88 finished in 5158.20s (real) and 5123.43s (process)
2026-08-05 08:37:33.836 INFO Start timestep 2020-02-20 00:00:00+00:00 -> 2020-03-21 00:00:00+00:00
2026-08-05 08:46:10.624 INFO DuckDB memory logs:
  database_name database_size  block_size  ...  wal_size  memory_usage  memory_limit
0   postgres_db       6.2 TiB           0  ...   0 bytes      73.5 GiB     267.0 GiB
1        memory       0 bytes           0  ...   0 bytes      73.5 GiB     267.0 GiB

[2 rows x 9 columns]
2026-08-05 08:46:10.625 INFO Loading data (2020-02-20 00:00:00+00:00 -> 2020-03-21 00:00:00+00:00) done in 516.79s (real) and 390.47s (process)
2026-08-05 08:46:10.625 INFO Memory usage (start of timestep, peak): 253.71 GiB
2026-08-05 08:46:10.625 INFO Memory usage (start of timestep, current): 193.42 GiB
2026-08-05 08:46:10.625 INFO Calculating metrics
2026-08-05 08:46:10.625 INFO Calculating metric: statement_count
2026-08-05 08:46:10.962 INFO [statement_count] Memory snapshot — cache: 0.00 MB (type <class 'numpy.int64'>, N/A entries)
2026-08-05 08:46:10.962 INFO Calculating metric: reference_existence_per_statement_count_df
2026-08-05 10:14:08.358 INFO [reference_existence_per_statement_count_df] Memory snapshot — total: 93138.31 MB
  cache: 0.00 MB (N/A entries)
  cache_df: 93138.31 MB (769465148 entries)
2026-08-05 10:14:08.362 INFO Calculating metric: reference_completeness_df
2026-08-05 10:14:08.368 INFO [reference_completeness_df] Memory snapshot — cache: 0.00 MB (type <class 'numpy.float64'>, N/A entries)
2026-08-05 10:14:08.368 INFO Memory usage (end of timestep, peak): 253.71 GiB
2026-08-05 10:14:08.368 INFO Memory usage (end of timestep, current): 199.56 GiB
2026-08-05 10:14:08.368 INFO (Iteration 89) statement_count: real 0.34s | cpu 4.78s
2026-08-05 10:14:08.368 INFO (Iteration 89) reference_existence_per_statement_count_df: real 5277.40s | cpu 5363.83s
2026-08-05 10:14:08.368 INFO (Iteration 89) reference_completeness_df: real 0.01s | cpu 0.00s
2026-08-05 10:14:08.368 INFO Iteration 89 finished in 5794.53s (real) and 5759.09s (process)
2026-08-05 10:14:08.369 INFO Start timestep 2020-03-21 00:00:00+00:00 -> 2020-04-20 00:00:00+00:00
2026-08-05 10:22:38.541 INFO DuckDB memory logs:
  database_name database_size  block_size  ...  wal_size  memory_usage  memory_limit
0   postgres_db       6.2 TiB           0  ...   0 bytes      71.8 GiB     267.0 GiB
1        memory       0 bytes           0  ...   0 bytes      71.8 GiB     267.0 GiB

[2 rows x 9 columns]
2026-08-05 10:22:38.550 INFO Loading data (2020-03-21 00:00:00+00:00 -> 2020-04-20 00:00:00+00:00) done in 510.18s (real) and 385.60s (process)
2026-08-05 10:22:38.551 INFO Memory usage (start of timestep, peak): 253.71 GiB
2026-08-05 10:22:38.551 INFO Memory usage (start of timestep, current): 197.11 GiB
2026-08-05 10:22:38.551 INFO Calculating metrics
2026-08-05 10:22:38.551 INFO Calculating metric: statement_count
2026-08-05 10:22:38.946 INFO [statement_count] Memory snapshot — cache: 0.00 MB (type <class 'numpy.int64'>, N/A entries)
2026-08-05 10:22:38.946 INFO Calculating metric: reference_existence_per_statement_count_df
2026-08-05 11:59:40.430 INFO [reference_existence_per_statement_count_df] Memory snapshot — total: 97840.46 MB
  cache: 0.00 MB (N/A entries)
  cache_df: 97840.46 MB (808295868 entries)
2026-08-05 11:59:40.441 INFO Calculating metric: reference_completeness_df
2026-08-05 11:59:40.449 INFO [reference_completeness_df] Memory snapshot — cache: 0.00 MB (type <class 'numpy.float64'>, N/A entries)
2026-08-05 11:59:40.449 INFO Memory usage (end of timestep, peak): 258.57 GiB
2026-08-05 11:59:40.449 INFO Memory usage (end of timestep, current): 204.48 GiB
2026-08-05 11:59:40.449 INFO (Iteration 90) statement_count: real 0.39s | cpu 5.78s
2026-08-05 11:59:40.449 INFO (Iteration 90) reference_existence_per_statement_count_df: real 5821.49s | cpu 5904.34s
2026-08-05 11:59:40.449 INFO (Iteration 90) reference_completeness_df: real 0.01s | cpu 0.00s
2026-08-05 11:59:40.449 INFO Iteration 90 finished in 6332.08s (real) and 6295.73s (process)
2026-08-05 11:59:40.450 INFO Start timestep 2020-04-20 00:00:00+00:00 -> 2020-05-20 00:00:00+00:00
2026-08-05 12:09:13.343 INFO DuckDB memory logs:
  database_name database_size  block_size  ...  wal_size  memory_usage  memory_limit
0   postgres_db       6.2 TiB           0  ...   0 bytes      80.9 GiB     267.0 GiB
1        memory       0 bytes           0  ...   0 bytes      80.9 GiB     267.0 GiB

[2 rows x 9 columns]
2026-08-05 12:09:13.355 INFO Loading data (2020-04-20 00:00:00+00:00 -> 2020-05-20 00:00:00+00:00) done in 572.90s (real) and 454.68s (process)
2026-08-05 12:09:13.355 INFO Memory usage (start of timestep, peak): 258.57 GiB
2026-08-05 12:09:13.356 INFO Memory usage (start of timestep, current): 212.69 GiB
2026-08-05 12:09:13.356 INFO Calculating metrics
2026-08-05 12:09:13.356 INFO Calculating metric: statement_count
2026-08-05 12:09:13.780 INFO [statement_count] Memory snapshot — cache: 0.00 MB (type <class 'numpy.int64'>, N/A entries)
2026-08-05 12:09:13.780 INFO Calculating metric: reference_existence_per_statement_count_df
2026-08-05 13:53:12.756 INFO [reference_existence_per_statement_count_df] Memory snapshot — total: 103237.23 MB
  cache: 0.00 MB (N/A entries)
  cache_df: 103237.23 MB (852858410 entries)
2026-08-05 13:53:12.758 INFO Calculating metric: reference_completeness_df
2026-08-05 13:53:12.788 INFO [reference_completeness_df] Memory snapshot — cache: 0.00 MB (type <class 'numpy.float64'>, N/A entries)
2026-08-05 13:53:12.788 INFO Memory usage (end of timestep, peak): 275.08 GiB
2026-08-05 13:53:12.788 INFO Memory usage (end of timestep, current): 218.74 GiB
2026-08-05 13:53:12.789 INFO (Iteration 91) statement_count: real 0.42s | cpu 6.05s
2026-08-05 13:53:12.789 INFO (Iteration 91) reference_existence_per_statement_count_df: real 6238.98s | cpu 6328.82s
2026-08-05 13:53:12.789 INFO (Iteration 91) reference_completeness_df: real 0.03s | cpu 0.01s
2026-08-05 13:53:12.789 INFO Iteration 91 finished in 6812.34s (real) and 6789.56s (process)
2026-08-05 13:53:12.791 INFO Start timestep 2020-05-20 00:00:00+00:00 -> 2020-06-19 00:00:00+00:00
2026-08-05 13:58:41.723 INFO DuckDB memory logs:
  database_name database_size  block_size  ...  wal_size  memory_usage  memory_limit
0   postgres_db       6.2 TiB           0  ...   0 bytes      46.1 GiB     267.0 GiB
1        memory       0 bytes           0  ...   0 bytes      46.1 GiB     267.0 GiB

[2 rows x 9 columns]
2026-08-05 13:58:41.724 INFO Loading data (2020-05-20 00:00:00+00:00 -> 2020-06-19 00:00:00+00:00) done in 328.93s (real) and 242.97s (process)
2026-08-05 13:58:41.725 INFO Memory usage (start of timestep, peak): 275.08 GiB
2026-08-05 13:58:41.725 INFO Memory usage (start of timestep, current): 184.45 GiB
2026-08-05 13:58:41.725 INFO Calculating metrics
2026-08-05 13:58:41.726 INFO Calculating metric: statement_count
2026-08-05 13:58:41.955 INFO [statement_count] Memory snapshot — cache: 0.00 MB (type <class 'numpy.int64'>, N/A entries)
2026-08-05 13:58:41.956 INFO Calculating metric: reference_existence_per_statement_count_df
2026-08-05 15:35:05.550 INFO [reference_existence_per_statement_count_df] Memory snapshot — total: 104538.05 MB
  cache: 0.00 MB (N/A entries)
  cache_df: 104538.05 MB (863601381 entries)
2026-08-05 15:35:05.551 INFO Calculating metric: reference_completeness_df
2026-08-05 15:35:05.557 INFO [reference_completeness_df] Memory snapshot — cache: 0.00 MB (type <class 'numpy.float64'>, N/A entries)
2026-08-05 15:35:05.558 INFO Memory usage (end of timestep, peak): 275.08 GiB
2026-08-05 15:35:05.558 INFO Memory usage (end of timestep, current): 188.66 GiB
2026-08-05 15:35:05.558 INFO (Iteration 92) statement_count: real 0.23s | cpu 2.63s
2026-08-05 15:35:05.558 INFO (Iteration 92) reference_existence_per_statement_count_df: real 5783.60s | cpu 5842.46s
2026-08-05 15:35:05.558 INFO (Iteration 92) reference_completeness_df: real 0.01s | cpu 0.00s
2026-08-05 15:35:05.558 INFO Iteration 92 finished in 6112.77s (real) and 6088.06s (process)
2026-08-05 15:35:05.560 INFO Start timestep 2020-06-19 00:00:00+00:00 -> 2020-07-19 00:00:00+00:00
2026-08-05 15:37:17.640 INFO DuckDB memory logs:
  database_name database_size  block_size  ...  wal_size  memory_usage  memory_limit
0   postgres_db       6.2 TiB           0  ...   0 bytes      15.3 GiB     267.0 GiB
1        memory       0 bytes           0  ...   0 bytes      15.3 GiB     267.0 GiB

[2 rows x 9 columns]
2026-08-05 15:37:17.641 INFO Loading data (2020-06-19 00:00:00+00:00 -> 2020-07-19 00:00:00+00:00) done in 132.08s (real) and 89.52s (process)
2026-08-05 15:37:17.641 INFO Memory usage (start of timestep, peak): 275.08 GiB
2026-08-05 15:37:17.641 INFO Memory usage (start of timestep, current): 157.62 GiB
2026-08-05 15:37:17.641 INFO Calculating metrics
2026-08-05 15:37:17.642 INFO Calculating metric: statement_count
2026-08-05 15:37:17.771 INFO [statement_count] Memory snapshot — cache: 0.00 MB (type <class 'numpy.int64'>, N/A entries)
2026-08-05 15:37:17.771 INFO Calculating metric: reference_existence_per_statement_count_df
2026-08-05 17:11:02.762 INFO [reference_existence_per_statement_count_df] Memory snapshot — total: 105345.83 MB
  cache: 0.00 MB (N/A entries)
  cache_df: 105345.83 MB (870273320 entries)
2026-08-05 17:11:02.774 INFO Calculating metric: reference_completeness_df
2026-08-05 17:11:02.780 INFO [reference_completeness_df] Memory snapshot — cache: 0.00 MB (type <class 'numpy.float64'>, N/A entries)
2026-08-05 17:11:02.780 INFO Memory usage (end of timestep, peak): 275.08 GiB
2026-08-05 17:11:02.781 INFO Memory usage (end of timestep, current): 158.91 GiB
2026-08-05 17:11:02.781 INFO (Iteration 93) statement_count: real 0.13s | cpu 1.80s
2026-08-05 17:11:02.781 INFO (Iteration 93) reference_existence_per_statement_count_df: real 5625.00s | cpu 5667.80s
2026-08-05 17:11:02.781 INFO (Iteration 93) reference_completeness_df: real 0.01s | cpu 0.00s
2026-08-05 17:11:02.781 INFO Iteration 93 finished in 5757.22s (real) and 5759.12s (process)
2026-08-05 17:11:02.782 INFO Start timestep 2020-07-19 00:00:00+00:00 -> 2020-08-18 00:00:00+00:00
2026-08-05 17:13:42.101 INFO DuckDB memory logs:
  database_name database_size  block_size  ...  wal_size  memory_usage  memory_limit
0   postgres_db       6.2 TiB           0  ...   0 bytes      20.9 GiB     267.0 GiB
1        memory       0 bytes           0  ...   0 bytes      20.9 GiB     267.0 GiB

[2 rows x 9 columns]
2026-08-05 17:13:42.102 INFO Loading data (2020-07-19 00:00:00+00:00 -> 2020-08-18 00:00:00+00:00) done in 159.32s (real) and 112.46s (process)
2026-08-05 17:13:42.102 INFO Memory usage (start of timestep, peak): 275.08 GiB
2026-08-05 17:13:42.103 INFO Memory usage (start of timestep, current): 164.23 GiB
2026-08-05 17:13:42.103 INFO Calculating metrics
2026-08-05 17:13:42.103 INFO Calculating metric: statement_count
2026-08-05 17:13:42.258 INFO [statement_count] Memory snapshot — cache: 0.00 MB (type <class 'numpy.int64'>, N/A entries)
2026-08-05 17:13:42.258 INFO Calculating metric: reference_existence_per_statement_count_df
2026-08-05 18:54:14.295 INFO [reference_existence_per_statement_count_df] Memory snapshot — total: 106088.35 MB
  cache: 0.00 MB (N/A entries)
  cache_df: 106088.35 MB (876408319 entries)
2026-08-05 18:54:14.307 INFO Calculating metric: reference_completeness_df
2026-08-05 18:54:14.317 INFO [reference_completeness_df] Memory snapshot — cache: 0.00 MB (type <class 'numpy.float64'>, N/A entries)
2026-08-05 18:54:14.317 INFO Memory usage (end of timestep, peak): 275.08 GiB
2026-08-05 18:54:14.317 INFO Memory usage (end of timestep, current): 166.73 GiB
2026-08-05 18:54:14.318 INFO (Iteration 94) statement_count: real 0.16s | cpu 2.15s
2026-08-05 18:54:14.318 INFO (Iteration 94) reference_existence_per_statement_count_df: real 6032.05s | cpu 6079.95s
2026-08-05 18:54:14.318 INFO (Iteration 94) reference_completeness_df: real 0.01s | cpu 0.01s
2026-08-05 18:54:14.318 INFO Iteration 94 finished in 6191.54s (real) and 6194.56s (process)
2026-08-05 18:54:14.320 INFO Start timestep 2020-08-18 00:00:00+00:00 -> 2020-09-17 00:00:00+00:00
2026-08-05 18:55:52.266 INFO DuckDB memory logs:
  database_name database_size  block_size  ...  wal_size  memory_usage  memory_limit
0   postgres_db       6.2 TiB           0  ...   0 bytes      13.4 GiB     267.0 GiB
1        memory       0 bytes           0  ...   0 bytes      13.4 GiB     267.0 GiB

[2 rows x 9 columns]
2026-08-05 18:55:52.268 INFO Loading data (2020-08-18 00:00:00+00:00 -> 2020-09-17 00:00:00+00:00) done in 97.95s (real) and 88.47s (process)
2026-08-05 18:55:52.269 INFO Memory usage (start of timestep, peak): 275.08 GiB
2026-08-05 18:55:52.269 INFO Memory usage (start of timestep, current): 158.58 GiB
2026-08-05 18:55:52.269 INFO Calculating metrics
2026-08-05 18:55:52.269 INFO Calculating metric: statement_count
2026-08-05 18:55:52.371 INFO [statement_count] Memory snapshot — cache: 0.00 MB (type <class 'numpy.int64'>, N/A entries)
2026-08-05 18:55:52.371 INFO Calculating metric: reference_existence_per_statement_count_df
2026-08-05 20:30:12.847 INFO [reference_existence_per_statement_count_df] Memory snapshot — total: 106723.90 MB
  cache: 0.00 MB (N/A entries)
  cache_df: 106723.90 MB (881658616 entries)
2026-08-05 20:30:12.861 INFO Calculating metric: reference_completeness_df
2026-08-05 20:30:12.875 INFO [reference_completeness_df] Memory snapshot — cache: 0.00 MB (type <class 'numpy.float64'>, N/A entries)
2026-08-05 20:30:12.876 INFO Memory usage (end of timestep, peak): 275.08 GiB
2026-08-05 20:30:12.876 INFO Memory usage (end of timestep, current): 159.16 GiB
2026-08-05 20:30:12.876 INFO (Iteration 95) statement_count: real 0.10s | cpu 1.40s
2026-08-05 20:30:12.877 INFO (Iteration 95) reference_existence_per_statement_count_df: real 5660.49s | cpu 5701.02s
2026-08-05 20:30:12.877 INFO (Iteration 95) reference_completeness_df: real 0.01s | cpu 0.00s
2026-08-05 20:30:12.877 INFO Iteration 95 finished in 5758.56s (real) and 5790.89s (process)
2026-08-05 20:30:12.878 INFO Start timestep 2020-09-17 00:00:00+00:00 -> 2020-10-17 00:00:00+00:00
2026-08-05 20:31:58.029 INFO DuckDB memory logs:
  database_name database_size  block_size  ...  wal_size  memory_usage  memory_limit
0   postgres_db       6.2 TiB           0  ...   0 bytes      13.0 GiB     267.0 GiB
1        memory       0 bytes           0  ...   0 bytes      13.0 GiB     267.0 GiB

[2 rows x 9 columns]
2026-08-05 20:31:58.029 INFO Loading data (2020-09-17 00:00:00+00:00 -> 2020-10-17 00:00:00+00:00) done in 105.15s (real) and 93.97s (process)
2026-08-05 20:31:58.030 INFO Memory usage (start of timestep, peak): 275.08 GiB
2026-08-05 20:31:58.030 INFO Memory usage (start of timestep, current): 158.58 GiB
2026-08-05 20:31:58.030 INFO Calculating metrics
2026-08-05 20:31:58.030 INFO Calculating metric: statement_count
2026-08-05 20:31:58.134 INFO [statement_count] Memory snapshot — cache: 0.00 MB (type <class 'numpy.int64'>, N/A entries)
2026-08-05 20:31:58.134 INFO Calculating metric: reference_existence_per_statement_count_df
2026-08-05 22:16:25.391 INFO [reference_existence_per_statement_count_df] Memory snapshot — total: 107312.73 MB
  cache: 0.00 MB (N/A entries)
  cache_df: 107312.73 MB (886511779 entries)
2026-08-05 22:16:25.402 INFO Calculating metric: reference_completeness_df
2026-08-05 22:16:25.415 INFO [reference_completeness_df] Memory snapshot — cache: 0.00 MB (type <class 'numpy.float64'>, N/A entries)
2026-08-05 22:16:25.415 INFO Memory usage (end of timestep, peak): 275.08 GiB
2026-08-05 22:16:25.415 INFO Memory usage (end of timestep, current): 159.35 GiB
2026-08-05 22:16:25.416 INFO (Iteration 96) statement_count: real 0.10s | cpu 1.43s
2026-08-05 22:16:25.416 INFO (Iteration 96) reference_existence_per_statement_count_df: real 6267.27s | cpu 6310.10s
2026-08-05 22:16:25.416 INFO (Iteration 96) reference_completeness_df: real 0.01s | cpu 0.01s
2026-08-05 22:16:25.416 INFO Iteration 96 finished in 6372.54s (real) and 6405.51s (process)
2026-08-05 22:16:25.417 INFO Start timestep 2020-10-17 00:00:00+00:00 -> 2020-11-16 00:00:00+00:00
2026-08-05 22:18:38.026 INFO DuckDB memory logs:
  database_name database_size  block_size  ...  wal_size  memory_usage  memory_limit
0   postgres_db       6.2 TiB           0  ...   0 bytes      13.9 GiB     267.0 GiB
1        memory       0 bytes           0  ...   0 bytes      13.9 GiB     267.0 GiB

[2 rows x 9 columns]
2026-08-05 22:18:38.026 INFO Loading data (2020-10-17 00:00:00+00:00 -> 2020-11-16 00:00:00+00:00) done in 132.61s (real) and 90.90s (process)
2026-08-05 22:18:38.027 INFO Memory usage (start of timestep, peak): 275.08 GiB
2026-08-05 22:18:38.027 INFO Memory usage (start of timestep, current): 161.95 GiB
2026-08-05 22:18:38.027 INFO Calculating metrics
2026-08-05 22:18:38.027 INFO Calculating metric: statement_count
2026-08-05 22:18:38.238 INFO [statement_count] Memory snapshot — cache: 0.00 MB (type <class 'numpy.int64'>, N/A entries)
2026-08-05 22:18:38.238 INFO Calculating metric: reference_existence_per_statement_count_df
2026-08-06 00:04:41.899 INFO [reference_existence_per_statement_count_df] Memory snapshot — total: 107908.98 MB
  cache: 0.00 MB (N/A entries)
  cache_df: 107908.98 MB (891404784 entries)
2026-08-06 00:04:41.910 INFO Calculating metric: reference_completeness_df
2026-08-06 00:04:41.922 INFO [reference_completeness_df] Memory snapshot — cache: 0.00 MB (type <class 'numpy.float64'>, N/A entries)
2026-08-06 00:04:41.922 INFO Memory usage (end of timestep, peak): 275.08 GiB
2026-08-06 00:04:41.922 INFO Memory usage (end of timestep, current): 161.05 GiB
2026-08-06 00:04:41.923 INFO (Iteration 97) statement_count: real 0.21s | cpu 1.85s
2026-08-06 00:04:41.923 INFO (Iteration 97) reference_existence_per_statement_count_df: real 6363.67s | cpu 6406.54s
2026-08-06 00:04:41.923 INFO (Iteration 97) reference_completeness_df: real 0.01s | cpu 0.01s
2026-08-06 00:04:41.923 INFO Iteration 97 finished in 6496.51s (real) and 6499.30s (process)
2026-08-06 00:04:41.924 INFO Start timestep 2020-11-16 00:00:00+00:00 -> 2020-12-16 00:00:00+00:00
2026-08-06 00:06:22.777 INFO DuckDB memory logs:
  database_name database_size  block_size  ...  wal_size  memory_usage  memory_limit
0   postgres_db       6.2 TiB           0  ...   0 bytes      13.9 GiB     267.0 GiB
1        memory       0 bytes           0  ...   0 bytes      13.9 GiB     267.0 GiB

[2 rows x 9 columns]
2026-08-06 00:06:22.778 INFO Loading data (2020-11-16 00:00:00+00:00 -> 2020-12-16 00:00:00+00:00) done in 100.85s (real) and 70.84s (process)
2026-08-06 00:06:22.778 INFO Memory usage (start of timestep, peak): 275.08 GiB
2026-08-06 00:06:22.778 INFO Memory usage (start of timestep, current): 160.92 GiB
2026-08-06 00:06:22.778 INFO Calculating metrics
2026-08-06 00:06:22.778 INFO Calculating metric: statement_count
2026-08-06 00:06:22.881 INFO [statement_count] Memory snapshot — cache: 0.00 MB (type <class 'numpy.int64'>, N/A entries)
2026-08-06 00:06:22.881 INFO Calculating metric: reference_existence_per_statement_count_df
2026-08-06 01:51:19.675 INFO [reference_existence_per_statement_count_df] Memory snapshot — total: 108444.16 MB
  cache: 0.00 MB (N/A entries)
  cache_df: 108444.16 MB (895799363 entries)
2026-08-06 01:51:19.686 INFO Calculating metric: reference_completeness_df
2026-08-06 01:51:19.693 INFO [reference_completeness_df] Memory snapshot — cache: 0.00 MB (type <class 'numpy.float64'>, N/A entries)
2026-08-06 01:51:19.693 INFO Memory usage (end of timestep, peak): 275.08 GiB
2026-08-06 01:51:19.693 INFO Memory usage (end of timestep, current): 161.82 GiB
2026-08-06 01:51:19.694 INFO (Iteration 98) statement_count: real 0.10s | cpu 1.46s
2026-08-06 01:51:19.694 INFO (Iteration 98) reference_existence_per_statement_count_df: real 6296.80s | cpu 6341.17s
2026-08-06 01:51:19.694 INFO (Iteration 98) reference_completeness_df: real 0.01s | cpu 0.00s
2026-08-06 01:51:19.694 INFO Iteration 98 finished in 6397.77s (real) and 6413.48s (process)
2026-08-06 01:51:19.695 INFO Start timestep 2020-12-16 00:00:00+00:00 -> 2021-01-15 00:00:00+00:00
2026-08-06 01:52:59.166 INFO DuckDB memory logs:
  database_name database_size  block_size  ...  wal_size  memory_usage  memory_limit
0   postgres_db       6.2 TiB           0  ...   0 bytes      14.4 GiB     267.0 GiB
1        memory       0 bytes           0  ...   0 bytes      14.4 GiB     267.0 GiB

[2 rows x 9 columns]
2026-08-06 01:52:59.167 INFO Loading data (2020-12-16 00:00:00+00:00 -> 2021-01-15 00:00:00+00:00) done in 99.47s (real) and 68.88s (process)
2026-08-06 01:52:59.167 INFO Memory usage (start of timestep, peak): 275.08 GiB
2026-08-06 01:52:59.167 INFO Memory usage (start of timestep, current): 162.09 GiB
2026-08-06 01:52:59.167 INFO Calculating metrics
2026-08-06 01:52:59.167 INFO Calculating metric: statement_count
2026-08-06 01:52:59.263 INFO [statement_count] Memory snapshot — cache: 0.00 MB (type <class 'numpy.int64'>, N/A entries)
2026-08-06 01:52:59.263 INFO Calculating metric: reference_existence_per_statement_count_df
2026-08-06 03:32:34.151 INFO [reference_existence_per_statement_count_df] Memory snapshot — total: 108925.87 MB
  cache: 0.00 MB (N/A entries)
  cache_df: 108925.87 MB (899759649 entries)
2026-08-06 03:32:34.164 INFO Calculating metric: reference_completeness_df
2026-08-06 03:32:34.173 INFO [reference_completeness_df] Memory snapshot — cache: 0.00 MB (type <class 'numpy.float64'>, N/A entries)
2026-08-06 03:32:34.173 INFO Memory usage (end of timestep, peak): 275.08 GiB
2026-08-06 03:32:34.174 INFO Memory usage (end of timestep, current): 162.88 GiB
2026-08-06 03:32:34.174 INFO (Iteration 99) statement_count: real 0.10s | cpu 1.35s
2026-08-06 03:32:34.174 INFO (Iteration 99) reference_existence_per_statement_count_df: real 5974.90s | cpu 6017.80s
2026-08-06 03:32:34.174 INFO (Iteration 99) reference_completeness_df: real 0.01s | cpu 0.01s
2026-08-06 03:32:34.174 INFO Iteration 99 finished in 6074.48s (real) and 6088.04s (process)
2026-08-06 03:32:34.175 INFO Start timestep 2021-01-15 00:00:00+00:00 -> 2021-02-14 00:00:00+00:00
2026-08-06 03:34:54.061 INFO DuckDB memory logs:
  database_name database_size  block_size  ...  wal_size  memory_usage  memory_limit
0   postgres_db       6.2 TiB           0  ...   0 bytes      18.2 GiB     267.0 GiB
1        memory       0 bytes           0  ...   0 bytes      18.2 GiB     267.0 GiB

[2 rows x 9 columns]
2026-08-06 03:34:54.062 INFO Loading data (2021-01-15 00:00:00+00:00 -> 2021-02-14 00:00:00+00:00) done in 139.89s (real) and 112.38s (process)
2026-08-06 03:34:54.062 INFO Memory usage (start of timestep, peak): 275.08 GiB
2026-08-06 03:34:54.062 INFO Memory usage (start of timestep, current): 167.02 GiB
2026-08-06 03:34:54.062 INFO Calculating metrics
2026-08-06 03:34:54.063 INFO Calculating metric: statement_count
2026-08-06 03:34:54.216 INFO [statement_count] Memory snapshot — cache: 0.00 MB (type <class 'numpy.int64'>, N/A entries)
2026-08-06 03:34:54.216 INFO Calculating metric: reference_existence_per_statement_count_df
2026-08-06 05:13:39.924 INFO [reference_existence_per_statement_count_df] Memory snapshot — total: 109969.10 MB
  cache: 0.00 MB (N/A entries)
  cache_df: 109969.10 MB (908363529 entries)
2026-08-06 05:13:39.935 INFO Calculating metric: reference_completeness_df
2026-08-06 05:13:39.946 INFO [reference_completeness_df] Memory snapshot — cache: 0.00 MB (type <class 'numpy.float64'>, N/A entries)
2026-08-06 05:13:39.946 INFO Memory usage (end of timestep, peak): 275.08 GiB
2026-08-06 05:13:39.947 INFO Memory usage (end of timestep, current): 168.16 GiB
2026-08-06 05:13:39.947 INFO (Iteration 100) statement_count: real 0.15s | cpu 1.89s
2026-08-06 05:13:39.947 INFO (Iteration 100) reference_existence_per_statement_count_df: real 5925.72s | cpu 5970.69s
2026-08-06 05:13:39.947 INFO (Iteration 100) reference_completeness_df: real 0.01s | cpu 0.00s
2026-08-06 05:13:39.947 INFO Iteration 100 finished in 6065.77s (real) and 6084.96s (process)
2026-08-06 05:13:39.948 INFO Start timestep 2021-02-14 00:00:00+00:00 -> 2021-03-16 00:00:00+00:00
2026-08-06 05:21:30.502 INFO DuckDB memory logs:
  database_name database_size  block_size  ...  wal_size  memory_usage  memory_limit
0   postgres_db       6.2 TiB           0  ...   0 bytes      57.3 GiB     267.0 GiB
1        memory       0 bytes           0  ...   0 bytes      57.3 GiB     267.0 GiB

[2 rows x 9 columns]
2026-08-06 05:21:30.513 INFO Loading data (2021-02-14 00:00:00+00:00 -> 2021-03-16 00:00:00+00:00) done in 470.57s (real) and 339.97s (process)
2026-08-06 05:21:30.514 INFO Memory usage (start of timestep, peak): 275.08 GiB
2026-08-06 05:21:30.514 INFO Memory usage (start of timestep, current): 205.94 GiB
2026-08-06 05:21:30.514 INFO Calculating metrics
2026-08-06 05:21:30.514 INFO Calculating metric: statement_count
2026-08-06 05:21:30.775 INFO [statement_count] Memory snapshot — cache: 0.00 MB (type <class 'numpy.int64'>, N/A entries)
2026-08-06 05:21:30.775 INFO Calculating metric: reference_existence_per_statement_count_df
2026-08-06 07:08:54.547 INFO [reference_existence_per_statement_count_df] Memory snapshot — total: 113564.11 MB
  cache: 0.00 MB (N/A entries)
  cache_df: 113564.11 MB (938034686 entries)
2026-08-06 07:08:54.549 INFO Calculating metric: reference_completeness_df
2026-08-06 07:08:54.558 INFO [reference_completeness_df] Memory snapshot — cache: 0.00 MB (type <class 'numpy.float64'>, N/A entries)
2026-08-06 07:08:54.558 INFO Memory usage (end of timestep, peak): 286.62 GiB
2026-08-06 07:08:54.558 INFO Memory usage (end of timestep, current): 210.93 GiB
2026-08-06 07:08:54.559 INFO (Iteration 101) statement_count: real 0.26s | cpu 3.93s
2026-08-06 07:08:54.559 INFO (Iteration 101) reference_existence_per_statement_count_df: real 6443.77s | cpu 6516.37s
2026-08-06 07:08:54.559 INFO (Iteration 101) reference_completeness_df: real 0.01s | cpu 0.01s
2026-08-06 07:08:54.559 INFO Iteration 101 finished in 6914.61s (real) and 6860.27s (process)
2026-08-06 07:08:54.561 INFO Start timestep 2021-03-16 00:00:00+00:00 -> 2021-04-15 00:00:00+00:00
2026-08-06 07:15:55.767 INFO DuckDB memory logs:
  database_name database_size  block_size  ...  wal_size  memory_usage  memory_limit
0   postgres_db       6.2 TiB           0  ...   0 bytes      50.8 GiB     267.0 GiB
1        memory       0 bytes           0  ...   0 bytes      50.8 GiB     267.0 GiB

[2 rows x 9 columns]
2026-08-06 07:15:55.768 INFO Loading data (2021-03-16 00:00:00+00:00 -> 2021-04-15 00:00:00+00:00) done in 421.21s (real) and 310.19s (process)
2026-08-06 07:15:55.768 INFO Memory usage (start of timestep, peak): 286.62 GiB
2026-08-06 07:15:55.769 INFO Memory usage (start of timestep, current): 203.88 GiB
2026-08-06 07:15:55.769 INFO Calculating metrics
2026-08-06 07:15:55.769 INFO Calculating metric: statement_count
2026-08-06 07:15:56.024 INFO [statement_count] Memory snapshot — cache: 0.00 MB (type <class 'numpy.int64'>, N/A entries)
2026-08-06 07:15:56.024 INFO Calculating metric: reference_existence_per_statement_count_df
2026-08-06 09:15:34.247 INFO [reference_existence_per_statement_count_df] Memory snapshot — total: 116288.87 MB
  cache: 0.00 MB (N/A entries)
  cache_df: 116288.87 MB (960523927 entries)
2026-08-06 09:15:34.259 INFO Calculating metric: reference_completeness_df
2026-08-06 09:15:34.264 INFO [reference_completeness_df] Memory snapshot — cache: 0.00 MB (type <class 'numpy.float64'>, N/A entries)
2026-08-06 09:15:34.264 INFO Memory usage (end of timestep, peak): 286.62 GiB
2026-08-06 09:15:34.265 INFO Memory usage (end of timestep, current): 208.53 GiB
2026-08-06 09:15:34.265 INFO (Iteration 102) statement_count: real 0.25s | cpu 3.46s
2026-08-06 09:15:34.265 INFO (Iteration 102) reference_existence_per_statement_count_df: real 7178.23s | cpu 7246.78s
2026-08-06 09:15:34.265 INFO (Iteration 102) reference_completeness_df: real 0.01s | cpu 0.00s
2026-08-06 09:15:34.265 INFO Iteration 102 finished in 7599.70s (real) and 7560.44s (process)
2026-08-06 09:15:34.266 INFO Start timestep 2021-04-15 00:00:00+00:00 -> 2021-05-15 00:00:00+00:00
2026-08-06 09:20:59.625 INFO DuckDB memory logs:
  database_name database_size  block_size  ...  wal_size  memory_usage  memory_limit
0   postgres_db       6.2 TiB           0  ...   0 bytes      47.5 GiB     267.0 GiB
1        memory       0 bytes           0  ...   0 bytes      47.5 GiB     267.0 GiB

[2 rows x 9 columns]
2026-08-06 09:20:59.626 INFO Loading data (2021-04-15 00:00:00+00:00 -> 2021-05-15 00:00:00+00:00) done in 325.36s (real) and 239.15s (process)
2026-08-06 09:20:59.626 INFO Memory usage (start of timestep, peak): 286.62 GiB
2026-08-06 09:20:59.627 INFO Memory usage (start of timestep, current): 204.47 GiB
2026-08-06 09:20:59.627 INFO Calculating metrics
2026-08-06 09:20:59.627 INFO Calculating metric: statement_count
2026-08-06 09:20:59.887 INFO [statement_count] Memory snapshot — cache: 0.00 MB (type <class 'numpy.int64'>, N/A entries)
2026-08-06 09:20:59.887 INFO Calculating metric: reference_existence_per_statement_count_df
2026-08-06 11:21:59.288 INFO [reference_existence_per_statement_count_df] Memory snapshot — total: 118871.88 MB
  cache: 0.00 MB (N/A entries)
  cache_df: 118871.88 MB (981843779 entries)
2026-08-06 11:21:59.290 INFO Calculating metric: reference_completeness_df
2026-08-06 11:21:59.298 INFO [reference_completeness_df] Memory snapshot — cache: 0.00 MB (type <class 'numpy.float64'>, N/A entries)
2026-08-06 11:21:59.298 INFO Memory usage (end of timestep, peak): 286.62 GiB
2026-08-06 11:21:59.298 INFO Memory usage (end of timestep, current): 208.65 GiB
2026-08-06 11:21:59.298 INFO (Iteration 103) statement_count: real 0.26s | cpu 3.31s
2026-08-06 11:21:59.298 INFO (Iteration 103) reference_existence_per_statement_count_df: real 7259.40s | cpu 7327.80s
2026-08-06 11:21:59.298 INFO (Iteration 103) reference_completeness_df: real 0.01s | cpu 0.00s
2026-08-06 11:21:59.298 INFO Iteration 103 finished in 7585.03s (real) and 7570.27s (process)
2026-08-06 11:21:59.300 INFO Start timestep 2021-05-15 00:00:00+00:00 -> 2021-06-14 00:00:00+00:00
2026-08-06 11:23:56.899 INFO DuckDB memory logs:
  database_name database_size  block_size  ...  wal_size  memory_usage  memory_limit
0   postgres_db       6.2 TiB           0  ...   0 bytes      16.4 GiB     267.0 GiB
1        memory       0 bytes           0  ...   0 bytes      16.4 GiB     267.0 GiB

[2 rows x 9 columns]
2026-08-06 11:23:56.900 INFO Loading data (2021-05-15 00:00:00+00:00 -> 2021-06-14 00:00:00+00:00) done in 117.60s (real) and 83.30s (process)
2026-08-06 11:23:56.900 INFO Memory usage (start of timestep, peak): 286.62 GiB
2026-08-06 11:23:56.900 INFO Memory usage (start of timestep, current): 177.38 GiB
2026-08-06 11:23:56.900 INFO Calculating metrics
2026-08-06 11:23:56.900 INFO Calculating metric: statement_count
2026-08-06 11:23:57.021 INFO [statement_count] Memory snapshot — cache: 0.00 MB (type <class 'numpy.int64'>, N/A entries)
2026-08-06 11:23:57.021 INFO Calculating metric: reference_existence_per_statement_count_df
upsert metric row: database connection error ((psycopg2.OperationalError) server closed the connection unexpectedly
	This probably means the server terminated abnormally
	before or while processing the request.

[SQL: INSERT INTO metric_value_float (run_id, metric_id, timestamp, value) VALUES (%(run_id)s, %(metric_id)s, %(timestamp)s, %(value)s) ON CONFLICT (run_id, metric_id, timestamp) DO UPDATE SET value = %(param_1)s]
[parameters: {'run_id': 2399005, 'metric_id': 74, 'timestamp': datetime.datetime(2021, 6, 14, 0, 0, tzinfo=datetime.timezone.utc), 'value': 986556331.0, 'param_1': 986556331.0}]
(Background on this error at: https://sqlalche.me/e/20/e3q8)); retrying in 10 minutes...
2026-08-06 13:05:27.012 WARNING upsert metric row: database connection error ((psycopg2.OperationalError) server closed the connection unexpectedly
	This probably means the server terminated abnormally
	before or while processing the request.

[SQL: INSERT INTO metric_value_float (run_id, metric_id, timestamp, value) VALUES (%(run_id)s, %(metric_id)s, %(timestamp)s, %(value)s) ON CONFLICT (run_id, metric_id, timestamp) DO UPDATE SET value = %(param_1)s]
[parameters: {'run_id': 2399005, 'metric_id': 74, 'timestamp': datetime.datetime(2021, 6, 14, 0, 0, tzinfo=datetime.timezone.utc), 'value': 986556331.0, 'param_1': 986556331.0}]
(Background on this error at: https://sqlalche.me/e/20/e3q8)); retrying in 10 minutes...
2026-08-06 13:25:30.553 INFO [reference_existence_per_statement_count_df] Memory snapshot — total: 119443.24 MB
  cache: 0.00 MB (N/A entries)
  cache_df: 119443.24 MB (986556331 entries)
2026-08-06 13:25:30.564 INFO Calculating metric: reference_completeness_df
2026-08-06 13:25:30.596 INFO [reference_completeness_df] Memory snapshot — cache: 0.00 MB (type <class 'numpy.float64'>, N/A entries)
2026-08-06 13:25:30.596 INFO Memory usage (end of timestep, peak): 286.62 GiB
2026-08-06 13:25:30.596 INFO Memory usage (end of timestep, current): 178.78 GiB
2026-08-06 13:25:30.597 INFO (Iteration 104) statement_count: real 0.12s | cpu 1.25s
2026-08-06 13:25:30.597 INFO (Iteration 104) reference_existence_per_statement_count_df: real 7293.54s | cpu 6740.88s
2026-08-06 13:25:30.597 INFO (Iteration 104) reference_completeness_df: real 0.03s | cpu 0.00s
2026-08-06 13:25:30.597 INFO Iteration 104 finished in 7411.30s (real) and 6825.43s (process)
2026-08-06 13:25:30.598 INFO Start timestep 2021-06-14 00:00:00+00:00 -> 2021-07-14 00:00:00+00:00
2026-08-06 13:28:55.435 INFO DuckDB memory logs:
  database_name database_size  block_size  ...  wal_size  memory_usage  memory_limit
0   postgres_db       6.2 TiB           0  ...   0 bytes      29.7 GiB     267.0 GiB
1        memory       0 bytes           0  ...   0 bytes      29.7 GiB     267.0 GiB

[2 rows x 9 columns]
2026-08-06 13:28:55.435 INFO Loading data (2021-06-14 00:00:00+00:00 -> 2021-07-14 00:00:00+00:00) done in 204.84s (real) and 152.23s (process)
2026-08-06 13:28:55.436 INFO Memory usage (start of timestep, peak): 286.62 GiB
2026-08-06 13:28:55.436 INFO Memory usage (start of timestep, current): 191.90 GiB
2026-08-06 13:28:55.436 INFO Calculating metrics
2026-08-06 13:28:55.436 INFO Calculating metric: statement_count
2026-08-06 13:28:55.598 INFO [statement_count] Memory snapshot — cache: 0.00 MB (type <class 'numpy.int64'>, N/A entries)
2026-08-06 13:28:55.598 INFO Calculating metric: reference_existence_per_statement_count_df
2026-08-06 15:22:00.847 INFO [reference_existence_per_statement_count_df] Memory snapshot — total: 121005.22 MB
  cache: 0.00 MB (N/A entries)
  cache_df: 121005.22 MB (999450765 entries)
2026-08-06 15:22:00.859 INFO Calculating metric: reference_completeness_df
2026-08-06 15:22:00.893 INFO [reference_completeness_df] Memory snapshot — cache: 0.00 MB (type <class 'numpy.float64'>, N/A entries)
2026-08-06 15:22:00.893 INFO Memory usage (end of timestep, peak): 286.62 GiB
2026-08-06 15:22:00.894 INFO Memory usage (end of timestep, current): 194.51 GiB
2026-08-06 15:22:00.894 INFO (Iteration 105) statement_count: real 0.16s | cpu 2.27s
2026-08-06 15:22:00.894 INFO (Iteration 105) reference_existence_per_statement_count_df: real 6785.26s | cpu 6841.86s
2026-08-06 15:22:00.894 INFO (Iteration 105) reference_completeness_df: real 0.03s | cpu 0.01s
2026-08-06 15:22:00.894 INFO Iteration 105 finished in 6990.30s (real) and 6996.37s (process)
2026-08-06 15:22:00.895 INFO Start timestep 2021-07-14 00:00:00+00:00 -> 2021-08-13 00:00:00+00:00
2026-08-06 15:24:33.215 INFO DuckDB memory logs:
  database_name database_size  block_size  ...  wal_size  memory_usage  memory_limit
0   postgres_db       6.2 TiB           0  ...   0 bytes      24.1 GiB     267.0 GiB
1        memory       0 bytes           0  ...   0 bytes      24.1 GiB     267.0 GiB

[2 rows x 9 columns]
2026-08-06 15:24:33.217 INFO Loading data (2021-07-14 00:00:00+00:00 -> 2021-08-13 00:00:00+00:00) done in 152.32s (real) and 124.74s (process)
2026-08-06 15:24:33.217 INFO Memory usage (start of timestep, peak): 286.62 GiB
2026-08-06 15:24:33.217 INFO Memory usage (start of timestep, current): 188.97 GiB
2026-08-06 15:24:33.217 INFO Calculating metrics
2026-08-06 15:24:33.217 INFO Calculating metric: statement_count
2026-08-06 15:24:33.368 INFO [statement_count] Memory snapshot — cache: 0.00 MB (type <class 'numpy.int64'>, N/A entries)
2026-08-06 15:24:33.369 INFO Calculating metric: reference_existence_per_statement_count_df
2026-08-06 17:16:44.387 INFO [reference_existence_per_statement_count_df] Memory snapshot — total: 122542.46 MB
  cache: 0.00 MB (N/A entries)
  cache_df: 122542.46 MB (1012117996 entries)
2026-08-06 17:16:44.399 INFO Calculating metric: reference_completeness_df
2026-08-06 17:16:44.406 INFO [reference_completeness_df] Memory snapshot — cache: 0.00 MB (type <class 'numpy.float64'>, N/A entries)
2026-08-06 17:16:44.406 INFO Memory usage (end of timestep, peak): 286.62 GiB
2026-08-06 17:16:44.406 INFO Memory usage (end of timestep, current): 191.41 GiB
2026-08-06 17:16:44.406 INFO (Iteration 106) statement_count: real 0.15s | cpu 2.01s
2026-08-06 17:16:44.406 INFO (Iteration 106) reference_existence_per_statement_count_df: real 6731.03s | cpu 6785.92s
2026-08-06 17:16:44.406 INFO (Iteration 106) reference_completeness_df: real 0.01s | cpu 0.00s
2026-08-06 17:16:44.406 INFO Iteration 106 finished in 6883.51s (real) and 6912.67s (process)
2026-08-06 17:16:44.407 INFO Start timestep 2021-08-13 00:00:00+00:00 -> 2021-09-12 00:00:00+00:00
2026-08-06 17:21:08.771 INFO DuckDB memory logs:
  database_name database_size  block_size  ...  wal_size  memory_usage  memory_limit
0   postgres_db       6.2 TiB           0  ...   0 bytes      37.4 GiB     267.0 GiB
1        memory       0 bytes           0  ...   0 bytes      37.4 GiB     267.0 GiB

[2 rows x 9 columns]
2026-08-06 17:21:08.772 INFO Loading data (2021-08-13 00:00:00+00:00 -> 2021-09-12 00:00:00+00:00) done in 264.36s (real) and 199.97s (process)
2026-08-06 17:21:08.772 INFO Memory usage (start of timestep, peak): 286.62 GiB
2026-08-06 17:21:08.772 INFO Memory usage (start of timestep, current): 203.49 GiB
2026-08-06 17:21:08.772 INFO Calculating metrics
2026-08-06 17:21:08.773 INFO Calculating metric: statement_count
2026-08-06 17:21:08.955 INFO [statement_count] Memory snapshot — cache: 0.00 MB (type <class 'numpy.int64'>, N/A entries)
2026-08-06 17:21:08.955 INFO Calculating metric: reference_existence_per_statement_count_df
2026-08-06 19:25:23.368 INFO [reference_existence_per_statement_count_df] Memory snapshot — total: 124791.02 MB
  cache: 0.00 MB (N/A entries)
  cache_df: 124791.02 MB (1030675837 entries)
2026-08-06 19:25:23.380 INFO Calculating metric: reference_completeness_df
2026-08-06 19:25:23.412 INFO [reference_completeness_df] Memory snapshot — cache: 0.00 MB (type <class 'numpy.float64'>, N/A entries)
2026-08-06 19:25:23.413 INFO Memory usage (end of timestep, peak): 286.62 GiB
2026-08-06 19:25:23.413 INFO Memory usage (end of timestep, current): 207.22 GiB
2026-08-06 19:25:23.413 INFO (Iteration 107) statement_count: real 0.18s | cpu 2.42s
2026-08-06 19:25:23.413 INFO (Iteration 107) reference_existence_per_statement_count_df: real 7454.42s | cpu 7520.61s
2026-08-06 19:25:23.413 INFO (Iteration 107) reference_completeness_df: real 0.03s | cpu 0.01s
2026-08-06 19:25:23.414 INFO Iteration 107 finished in 7719.01s (real) and 7723.00s (process)
2026-08-06 19:25:23.415 INFO Start timestep 2021-09-12 00:00:00+00:00 -> 2021-10-12 00:00:00+00:00
2026-08-06 19:27:01.641 INFO DuckDB memory logs:
  database_name database_size  block_size  ...  wal_size  memory_usage  memory_limit
0   postgres_db       6.2 TiB           0  ...   0 bytes       9.2 GiB     267.0 GiB
1        memory       0 bytes           0  ...   0 bytes       9.2 GiB     267.0 GiB

[2 rows x 9 columns]
2026-08-06 19:27:01.642 INFO Loading data (2021-09-12 00:00:00+00:00 -> 2021-10-12 00:00:00+00:00) done in 98.23s (real) and 58.37s (process)
2026-08-06 19:27:01.642 INFO Memory usage (start of timestep, peak): 286.62 GiB
2026-08-06 19:27:01.642 INFO Memory usage (start of timestep, current): 178.75 GiB
2026-08-06 19:27:01.642 INFO Calculating metrics
2026-08-06 19:27:01.643 INFO Calculating metric: statement_count
2026-08-06 19:27:01.709 INFO [statement_count] Memory snapshot — cache: 0.00 MB (type <class 'numpy.int64'>, N/A entries)
2026-08-06 19:27:01.709 INFO Calculating metric: reference_existence_per_statement_count_df
2026-08-06 21:24:17.878 INFO [reference_existence_per_statement_count_df] Memory snapshot — total: 125089.56 MB
  cache: 0.00 MB (N/A entries)
  cache_df: 125089.56 MB (1033135539 entries)
2026-08-06 21:24:17.889 INFO Calculating metric: reference_completeness_df
2026-08-06 21:24:17.912 INFO [reference_completeness_df] Memory snapshot — cache: 0.00 MB (type <class 'numpy.float64'>, N/A entries)
2026-08-06 21:24:17.912 INFO Memory usage (end of timestep, peak): 286.62 GiB
2026-08-06 21:24:17.913 INFO Memory usage (end of timestep, current): 179.41 GiB
2026-08-06 21:24:17.914 INFO (Iteration 108) statement_count: real 0.07s | cpu 0.91s
2026-08-06 21:24:17.914 INFO (Iteration 108) reference_existence_per_statement_count_df: real 7036.18s | cpu 7082.56s
2026-08-06 21:24:17.914 INFO (Iteration 108) reference_completeness_df: real 0.02s | cpu 0.01s
2026-08-06 21:24:17.914 INFO Iteration 108 finished in 7134.50s (real) and 7141.85s (process)
2026-08-06 21:24:17.915 INFO Start timestep 2021-10-12 00:00:00+00:00 -> 2021-11-11 00:00:00+00:00
2026-08-06 21:25:39.503 INFO DuckDB memory logs:
  database_name database_size  block_size  ...  wal_size  memory_usage  memory_limit
0   postgres_db       6.2 TiB           0  ...   0 bytes      13.4 GiB     267.0 GiB
1        memory       0 bytes           0  ...   0 bytes      13.4 GiB     267.0 GiB

[2 rows x 9 columns]
2026-08-06 21:25:39.504 INFO Loading data (2021-10-12 00:00:00+00:00 -> 2021-11-11 00:00:00+00:00) done in 81.59s (real) and 61.52s (process)
2026-08-06 21:25:39.504 INFO Memory usage (start of timestep, peak): 286.62 GiB
2026-08-06 21:25:39.505 INFO Memory usage (start of timestep, current): 183.37 GiB
2026-08-06 21:25:39.505 INFO Calculating metrics
2026-08-06 21:25:39.505 INFO Calculating metric: statement_count
2026-08-06 21:25:39.613 INFO [statement_count] Memory snapshot — cache: 0.00 MB (type <class 'numpy.int64'>, N/A entries)
2026-08-06 21:25:39.613 INFO Calculating metric: reference_existence_per_statement_count_df
2026-08-06 23:24:54.035 INFO [reference_existence_per_statement_count_df] Memory snapshot — total: 125441.71 MB
  cache: 0.00 MB (N/A entries)
  cache_df: 125441.71 MB (1036039019 entries)
2026-08-06 23:24:54.047 INFO Calculating metric: reference_completeness_df
2026-08-06 23:24:54.078 INFO [reference_completeness_df] Memory snapshot — cache: 0.00 MB (type <class 'numpy.float64'>, N/A entries)
2026-08-06 23:24:54.078 INFO Memory usage (end of timestep, peak): 286.62 GiB
2026-08-06 23:24:54.079 INFO Memory usage (end of timestep, current): 184.55 GiB
2026-08-06 23:24:54.079 INFO (Iteration 109) statement_count: real 0.11s | cpu 1.54s
2026-08-06 23:24:54.079 INFO (Iteration 109) reference_existence_per_statement_count_df: real 7154.43s | cpu 7206.18s
2026-08-06 23:24:54.079 INFO (Iteration 109) reference_completeness_df: real 0.03s | cpu 0.00s
2026-08-06 23:24:54.079 INFO Iteration 109 finished in 7236.16s (real) and 7269.25s (process)
2026-08-06 23:24:54.080 INFO Start timestep 2021-11-11 00:00:00+00:00 -> 2021-12-11 00:00:00+00:00
2026-08-06 23:25:58.962 INFO DuckDB memory logs:
  database_name database_size  block_size  ...  wal_size  memory_usage  memory_limit
0   postgres_db       6.2 TiB           0  ...   0 bytes       9.5 GiB     267.0 GiB
1        memory       0 bytes           0  ...   0 bytes       9.5 GiB     267.0 GiB

[2 rows x 9 columns]
2026-08-06 23:25:58.962 INFO Loading data (2021-11-11 00:00:00+00:00 -> 2021-12-11 00:00:00+00:00) done in 64.88s (real) and 64.34s (process)
2026-08-06 23:25:58.962 INFO Memory usage (start of timestep, peak): 286.62 GiB
2026-08-06 23:25:58.962 INFO Memory usage (start of timestep, current): 180.57 GiB
2026-08-06 23:25:58.962 INFO Calculating metrics
2026-08-06 23:25:58.963 INFO Calculating metric: statement_count
2026-08-06 23:25:59.047 INFO [statement_count] Memory snapshot — cache: 0.00 MB (type <class 'numpy.int64'>, N/A entries)
2026-08-06 23:25:59.047 INFO Calculating metric: reference_existence_per_statement_count_df
2026-08-07 01:30:09.580 INFO [reference_existence_per_statement_count_df] Memory snapshot — total: 125833.90 MB
  cache: 0.00 MB (N/A entries)
  cache_df: 125833.90 MB (1039265658 entries)
2026-08-07 01:30:09.592 INFO Calculating metric: reference_completeness_df
2026-08-07 01:30:09.597 INFO [reference_completeness_df] Memory snapshot — cache: 0.00 MB (type <class 'numpy.float64'>, N/A entries)
2026-08-07 01:30:09.597 INFO Memory usage (end of timestep, peak): 286.62 GiB
2026-08-07 01:30:09.598 INFO Memory usage (end of timestep, current): 181.00 GiB
2026-08-07 01:30:09.598 INFO (Iteration 110) statement_count: real 0.08s | cpu 1.16s
2026-08-07 01:30:09.598 INFO (Iteration 110) reference_existence_per_statement_count_df: real 7450.54s | cpu 7500.03s
2026-08-07 01:30:09.598 INFO (Iteration 110) reference_completeness_df: real 0.01s | cpu 0.00s
2026-08-07 01:30:09.598 INFO Iteration 110 finished in 7515.52s (real) and 7565.54s (process)
2026-08-07 01:30:09.599 INFO Start timestep 2021-12-11 00:00:00+00:00 -> 2022-01-10 00:00:00+00:00
2026-08-07 01:31:11.836 INFO DuckDB memory logs:
  database_name database_size  block_size  ...  wal_size  memory_usage  memory_limit
0   postgres_db       6.2 TiB           0  ...   0 bytes      10.2 GiB     267.0 GiB
1        memory       0 bytes           0  ...   0 bytes      10.2 GiB     267.0 GiB

[2 rows x 9 columns]
2026-08-07 01:31:11.837 INFO Loading data (2021-12-11 00:00:00+00:00 -> 2022-01-10 00:00:00+00:00) done in 62.24s (real) and 45.56s (process)
2026-08-07 01:31:11.837 INFO Memory usage (start of timestep, peak): 286.62 GiB
2026-08-07 01:31:11.837 INFO Memory usage (start of timestep, current): 183.40 GiB
2026-08-07 01:31:11.837 INFO Calculating metrics
2026-08-07 01:31:11.837 INFO Calculating metric: statement_count
2026-08-07 01:31:11.911 INFO [statement_count] Memory snapshot — cache: 0.00 MB (type <class 'numpy.int64'>, N/A entries)
2026-08-07 01:31:11.911 INFO Calculating metric: reference_existence_per_statement_count_df
2026-08-07 03:29:22.853 INFO [reference_existence_per_statement_count_df] Memory snapshot — total: 126040.28 MB
  cache: 0.00 MB (N/A entries)
  cache_df: 126040.28 MB (1040963673 entries)
2026-08-07 03:29:22.854 INFO Calculating metric: reference_completeness_df
2026-08-07 03:29:22.883 INFO [reference_completeness_df] Memory snapshot — cache: 0.00 MB (type <class 'numpy.float64'>, N/A entries)
2026-08-07 03:29:22.883 INFO Memory usage (end of timestep, peak): 286.62 GiB
2026-08-07 03:29:22.884 INFO Memory usage (end of timestep, current): 182.17 GiB
2026-08-07 03:29:22.884 INFO (Iteration 111) statement_count: real 0.07s | cpu 0.99s
2026-08-07 03:29:22.884 INFO (Iteration 111) reference_existence_per_statement_count_df: real 7090.94s | cpu 7137.71s
2026-08-07 03:29:22.884 INFO (Iteration 111) reference_completeness_df: real 0.03s | cpu 0.00s
2026-08-07 03:29:22.884 INFO Iteration 111 finished in 7153.29s (real) and 7184.27s (process)
2026-08-07 03:29:22.886 INFO Start timestep 2022-01-10 00:00:00+00:00 -> 2022-02-09 00:00:00+00:00
2026-08-07 03:30:15.527 INFO DuckDB memory logs:
  database_name database_size  block_size  ...  wal_size  memory_usage  memory_limit
0   postgres_db       6.2 TiB           0  ...   0 bytes       8.5 GiB     267.0 GiB
1        memory       0 bytes           0  ...   0 bytes       8.5 GiB     267.0 GiB

[2 rows x 9 columns]
2026-08-07 03:30:15.527 INFO Loading data (2022-01-10 00:00:00+00:00 -> 2022-02-09 00:00:00+00:00) done in 52.64s (real) and 38.74s (process)
2026-08-07 03:30:15.527 INFO Memory usage (start of timestep, peak): 286.62 GiB
2026-08-07 03:30:15.528 INFO Memory usage (start of timestep, current): 180.30 GiB
2026-08-07 03:30:15.528 INFO Calculating metrics
2026-08-07 03:30:15.528 INFO Calculating metric: statement_count
2026-08-07 03:30:15.619 INFO [statement_count] Memory snapshot — cache: 0.00 MB (type <class 'numpy.int64'>, N/A entries)
2026-08-07 03:30:15.619 INFO Calculating metric: reference_existence_per_statement_count_df
2026-08-07 05:31:49.237 INFO [reference_existence_per_statement_count_df] Memory snapshot — total: 126268.42 MB
  cache: 0.00 MB (N/A entries)
  cache_df: 126268.42 MB (1042844999 entries)
2026-08-07 05:31:49.248 INFO Calculating metric: reference_completeness_df
2026-08-07 05:31:49.257 INFO [reference_completeness_df] Memory snapshot — cache: 0.00 MB (type <class 'numpy.float64'>, N/A entries)
2026-08-07 05:31:49.258 INFO Memory usage (end of timestep, peak): 286.62 GiB
2026-08-07 05:31:49.258 INFO Memory usage (end of timestep, current): 180.48 GiB
2026-08-07 05:31:49.258 INFO (Iteration 112) statement_count: real 0.09s | cpu 1.28s
2026-08-07 05:31:49.258 INFO (Iteration 112) reference_existence_per_statement_count_df: real 7293.63s | cpu 7338.51s
2026-08-07 05:31:49.259 INFO (Iteration 112) reference_completeness_df: real 0.01s | cpu 0.01s
2026-08-07 05:31:49.259 INFO Iteration 112 finished in 7346.37s (real) and 7378.54s (process)
2026-08-07 05:31:49.260 INFO Start timestep 2022-02-09 00:00:00+00:00 -> 2022-03-11 00:00:00+00:00
2026-08-07 05:32:59.284 INFO DuckDB memory logs:
  database_name database_size  block_size  ...  wal_size  memory_usage  memory_limit
0   postgres_db       6.2 TiB           0  ...   0 bytes      10.8 GiB     267.0 GiB
1        memory       0 bytes           0  ...   0 bytes      10.8 GiB     267.0 GiB

[2 rows x 9 columns]
2026-08-07 05:32:59.285 INFO Loading data (2022-02-09 00:00:00+00:00 -> 2022-03-11 00:00:00+00:00) done in 70.02s (real) and 90.19s (process)
2026-08-07 05:32:59.285 INFO Memory usage (start of timestep, peak): 286.62 GiB
2026-08-07 05:32:59.286 INFO Memory usage (start of timestep, current): 182.64 GiB
2026-08-07 05:32:59.286 INFO Calculating metrics
2026-08-07 05:32:59.286 INFO Calculating metric: statement_count
2026-08-07 05:32:59.376 INFO [statement_count] Memory snapshot — cache: 0.00 MB (type <class 'numpy.int64'>, N/A entries)
2026-08-07 05:32:59.376 INFO Calculating metric: reference_existence_per_statement_count_df
2026-08-07 07:33:38.009 INFO [reference_existence_per_statement_count_df] Memory snapshot — total: 126514.97 MB
  cache: 0.00 MB (N/A entries)
  cache_df: 126514.97 MB (1044875774 entries)
2026-08-07 07:33:38.022 INFO Calculating metric: reference_completeness_df
2026-08-07 07:33:38.044 INFO [reference_completeness_df] Memory snapshot — cache: 0.00 MB (type <class 'numpy.float64'>, N/A entries)
2026-08-07 07:33:38.044 INFO Memory usage (end of timestep, peak): 286.62 GiB
2026-08-07 07:33:38.045 INFO Memory usage (end of timestep, current): 183.22 GiB
2026-08-07 07:33:38.045 INFO (Iteration 113) statement_count: real 0.09s | cpu 1.24s
2026-08-07 07:33:38.046 INFO (Iteration 113) reference_existence_per_statement_count_df: real 7238.65s | cpu 7285.46s
2026-08-07 07:33:38.046 INFO (Iteration 113) reference_completeness_df: real 0.02s | cpu 0.01s
2026-08-07 07:33:38.046 INFO Iteration 113 finished in 7308.79s (real) and 7376.91s (process)
2026-08-07 07:33:38.047 INFO Start timestep 2022-03-11 00:00:00+00:00 -> 2022-04-10 00:00:00+00:00
2026-08-07 07:34:36.533 INFO DuckDB memory logs:
  database_name database_size  block_size  ...  wal_size  memory_usage  memory_limit
0   postgres_db       6.2 TiB           0  ...   0 bytes       9.6 GiB     267.0 GiB
1        memory       0 bytes           0  ...   0 bytes       9.6 GiB     267.0 GiB

[2 rows x 9 columns]
2026-08-07 07:34:36.533 INFO Loading data (2022-03-11 00:00:00+00:00 -> 2022-04-10 00:00:00+00:00) done in 58.49s (real) and 43.17s (process)
2026-08-07 07:34:36.533 INFO Memory usage (start of timestep, peak): 286.62 GiB
2026-08-07 07:34:36.533 INFO Memory usage (start of timestep, current): 184.57 GiB
2026-08-07 07:34:36.533 INFO Calculating metrics
2026-08-07 07:34:36.533 INFO Calculating metric: statement_count
2026-08-07 07:34:36.607 INFO [statement_count] Memory snapshot — cache: 0.00 MB (type <class 'numpy.int64'>, N/A entries)
2026-08-07 07:34:36.607 INFO Calculating metric: reference_existence_per_statement_count_df
2026-08-07 09:34:02.050 INFO [reference_existence_per_statement_count_df] Memory snapshot — total: 126841.67 MB
  cache: 0.00 MB (N/A entries)
  cache_df: 126841.67 MB (1047565196 entries)
2026-08-07 09:34:02.062 INFO Calculating metric: reference_completeness_df
2026-08-07 09:34:02.074 INFO [reference_completeness_df] Memory snapshot — cache: 0.00 MB (type <class 'numpy.float64'>, N/A entries)
2026-08-07 09:34:02.074 INFO Memory usage (end of timestep, peak): 286.62 GiB
2026-08-07 09:34:02.074 INFO Memory usage (end of timestep, current): 182.24 GiB
2026-08-07 09:34:02.075 INFO (Iteration 114) statement_count: real 0.07s | cpu 0.93s
2026-08-07 09:34:02.075 INFO (Iteration 114) reference_existence_per_statement_count_df: real 7165.45s | cpu 7212.80s
2026-08-07 09:34:02.075 INFO (Iteration 114) reference_completeness_df: real 0.01s | cpu 0.01s
2026-08-07 09:34:02.075 INFO Iteration 114 finished in 7224.03s (real) and 7256.91s (process)
2026-08-07 09:34:02.076 INFO Start timestep 2022-04-10 00:00:00+00:00 -> 2022-05-10 00:00:00+00:00
2026-08-07 09:35:27.513 INFO DuckDB memory logs:
  database_name database_size  block_size  ...  wal_size  memory_usage  memory_limit
0   postgres_db       6.2 TiB           0  ...   0 bytes      13.8 GiB     267.0 GiB
1        memory       0 bytes           0  ...   0 bytes      13.8 GiB     267.0 GiB

[2 rows x 9 columns]
2026-08-07 09:35:27.514 INFO Loading data (2022-04-10 00:00:00+00:00 -> 2022-05-10 00:00:00+00:00) done in 85.44s (real) and 62.08s (process)
2026-08-07 09:35:27.514 INFO Memory usage (start of timestep, peak): 286.62 GiB
2026-08-07 09:35:27.514 INFO Memory usage (start of timestep, current): 186.23 GiB
2026-08-07 09:35:27.514 INFO Calculating metrics
2026-08-07 09:35:27.514 INFO Calculating metric: statement_count
2026-08-07 09:35:27.597 INFO [statement_count] Memory snapshot — cache: 0.00 MB (type <class 'numpy.int64'>, N/A entries)
2026-08-07 09:35:27.597 INFO Calculating metric: reference_existence_per_statement_count_df
2026-08-07 11:41:09.662 INFO [reference_existence_per_statement_count_df] Memory snapshot — total: 127329.02 MB
  cache: 0.00 MB (N/A entries)
  cache_df: 127329.02 MB (1051582465 entries)
2026-08-07 11:41:09.672 INFO Calculating metric: reference_completeness_df
2026-08-07 11:41:09.702 INFO [reference_completeness_df] Memory snapshot — cache: 0.00 MB (type <class 'numpy.float64'>, N/A entries)
2026-08-07 11:41:09.702 INFO Memory usage (end of timestep, peak): 286.62 GiB
2026-08-07 11:41:09.703 INFO Memory usage (end of timestep, current): 187.08 GiB
2026-08-07 11:41:09.703 INFO (Iteration 115) statement_count: real 0.08s | cpu 1.16s
2026-08-07 11:41:09.703 INFO (Iteration 115) reference_existence_per_statement_count_df: real 7542.08s | cpu 7594.34s
2026-08-07 11:41:09.704 INFO (Iteration 115) reference_completeness_df: real 0.03s | cpu 0.00s
2026-08-07 11:41:09.704 INFO Iteration 115 finished in 7627.63s (real) and 7657.59s (process)
2026-08-07 11:41:09.705 INFO Start timestep 2022-05-10 00:00:00+00:00 -> 2022-06-09 00:00:00+00:00
2026-08-07 11:42:25.209 INFO DuckDB memory logs:
  database_name database_size  block_size  ...  wal_size  memory_usage  memory_limit
0   postgres_db       6.2 TiB           0  ...   0 bytes      12.3 GiB     267.0 GiB
1        memory       0 bytes           0  ...   0 bytes      12.3 GiB     267.0 GiB

[2 rows x 9 columns]
2026-08-07 11:42:25.209 INFO Loading data (2022-05-10 00:00:00+00:00 -> 2022-06-09 00:00:00+00:00) done in 75.50s (real) and 66.43s (process)
2026-08-07 11:42:25.210 INFO Memory usage (start of timestep, peak): 286.62 GiB
2026-08-07 11:42:25.210 INFO Memory usage (start of timestep, current): 185.44 GiB
2026-08-07 11:42:25.210 INFO Calculating metrics
2026-08-07 11:42:25.210 INFO Calculating metric: statement_count
2026-08-07 11:42:25.286 INFO [statement_count] Memory snapshot — cache: 0.00 MB (type <class 'numpy.int64'>, N/A entries)
2026-08-07 11:42:25.286 INFO Calculating metric: reference_existence_per_statement_count_df
2026-08-07 13:47:18.687 INFO [reference_existence_per_statement_count_df] Memory snapshot — total: 127743.46 MB
  cache: 0.00 MB (N/A entries)
  cache_df: 127743.46 MB (1054996275 entries)
2026-08-07 13:47:18.698 INFO Calculating metric: reference_completeness_df
2026-08-07 13:47:18.716 INFO [reference_completeness_df] Memory snapshot — cache: 0.00 MB (type <class 'numpy.float64'>, N/A entries)
2026-08-07 13:47:18.716 INFO Memory usage (end of timestep, peak): 286.62 GiB
2026-08-07 13:47:18.717 INFO Memory usage (end of timestep, current): 186.42 GiB
2026-08-07 13:47:18.717 INFO (Iteration 116) statement_count: real 0.08s | cpu 1.00s
2026-08-07 13:47:18.717 INFO (Iteration 116) reference_existence_per_statement_count_df: real 7493.41s | cpu 7544.51s
2026-08-07 13:47:18.717 INFO (Iteration 116) reference_completeness_df: real 0.02s | cpu 0.00s
2026-08-07 13:47:18.717 INFO Iteration 116 finished in 7569.01s (real) and 7611.94s (process)
2026-08-07 13:47:18.718 INFO Start timestep 2022-06-09 00:00:00+00:00 -> 2022-07-09 00:00:00+00:00
2026-08-07 13:49:27.185 INFO DuckDB memory logs:
  database_name database_size  block_size  ...  wal_size  memory_usage  memory_limit
0   postgres_db       6.2 TiB           0  ...   0 bytes      20.0 GiB     267.0 GiB
1        memory       0 bytes           0  ...   0 bytes      20.0 GiB     267.0 GiB

[2 rows x 9 columns]
2026-08-07 13:49:27.186 INFO Loading data (2022-06-09 00:00:00+00:00 -> 2022-07-09 00:00:00+00:00) done in 128.47s (real) and 109.25s (process)
2026-08-07 13:49:27.187 INFO Memory usage (start of timestep, peak): 286.62 GiB
2026-08-07 13:49:27.187 INFO Memory usage (start of timestep, current): 196.16 GiB
2026-08-07 13:49:27.187 INFO Calculating metrics
2026-08-07 13:49:27.187 INFO Calculating metric: statement_count
2026-08-07 13:49:27.289 INFO [statement_count] Memory snapshot — cache: 0.00 MB (type <class 'numpy.int64'>, N/A entries)
2026-08-07 13:49:27.289 INFO Calculating metric: reference_existence_per_statement_count_df
2026-08-07 15:50:25.464 INFO [reference_existence_per_statement_count_df] Memory snapshot — total: 128348.85 MB
  cache: 0.00 MB (N/A entries)
  cache_df: 128348.85 MB (1059968262 entries)
2026-08-07 15:50:25.476 INFO Calculating metric: reference_completeness_df
2026-08-07 15:50:25.489 INFO [reference_completeness_df] Memory snapshot — cache: 0.00 MB (type <class 'numpy.float64'>, N/A entries)
2026-08-07 15:50:25.489 INFO Memory usage (end of timestep, peak): 286.62 GiB
2026-08-07 15:50:25.489 INFO Memory usage (end of timestep, current): 196.65 GiB
2026-08-07 15:50:25.489 INFO (Iteration 117) statement_count: real 0.10s | cpu 1.40s
2026-08-07 15:50:25.489 INFO (Iteration 117) reference_existence_per_statement_count_df: real 7258.19s | cpu 7311.36s
2026-08-07 15:50:25.490 INFO (Iteration 117) reference_completeness_df: real 0.01s | cpu 0.01s
2026-08-07 15:50:25.490 INFO Iteration 117 finished in 7386.77s (real) and 7422.03s (process)
2026-08-07 15:50:25.491 INFO Start timestep 2022-07-09 00:00:00+00:00 -> 2022-08-08 00:00:00+00:00
2026-08-07 15:52:49.483 INFO DuckDB memory logs:
  database_name database_size  block_size  ...  wal_size  memory_usage  memory_limit
0   postgres_db       6.2 TiB           0  ...   0 bytes      23.3 GiB     267.0 GiB
1        memory       0 bytes           0  ...   0 bytes      23.3 GiB     267.0 GiB

[2 rows x 9 columns]
2026-08-07 15:52:49.484 INFO Loading data (2022-07-09 00:00:00+00:00 -> 2022-08-08 00:00:00+00:00) done in 143.99s (real) and 109.16s (process)
2026-08-07 15:52:49.484 INFO Memory usage (start of timestep, peak): 286.62 GiB
2026-08-07 15:52:49.485 INFO Memory usage (start of timestep, current): 197.59 GiB
2026-08-07 15:52:49.485 INFO Calculating metrics
2026-08-07 15:52:49.485 INFO Calculating metric: statement_count
2026-08-07 15:52:49.661 INFO [statement_count] Memory snapshot — cache: 0.00 MB (type <class 'numpy.int64'>, N/A entries)
2026-08-07 15:52:49.661 INFO Calculating metric: reference_existence_per_statement_count_df
2026-08-07 17:57:51.426 INFO [reference_existence_per_statement_count_df] Memory snapshot — total: 129077.50 MB
  cache: 0.00 MB (N/A entries)
  cache_df: 129077.50 MB (1065971086 entries)
2026-08-07 17:57:51.437 INFO Calculating metric: reference_completeness_df
2026-08-07 17:57:51.448 INFO [reference_completeness_df] Memory snapshot — cache: 0.00 MB (type <class 'numpy.float64'>, N/A entries)
2026-08-07 17:57:51.448 INFO Memory usage (end of timestep, peak): 286.62 GiB
2026-08-07 17:57:51.448 INFO Memory usage (end of timestep, current): 200.37 GiB
2026-08-07 17:57:51.448 INFO (Iteration 118) statement_count: real 0.18s | cpu 2.50s
2026-08-07 17:57:51.449 INFO (Iteration 118) reference_existence_per_statement_count_df: real 7501.78s | cpu 7563.27s
2026-08-07 17:57:51.449 INFO (Iteration 118) reference_completeness_df: real 0.01s | cpu 0.01s
2026-08-07 17:57:51.449 INFO Iteration 118 finished in 7645.96s (real) and 7674.95s (process)
2026-08-07 17:57:51.450 INFO Start timestep 2022-08-08 00:00:00+00:00 -> 2022-09-07 00:00:00+00:00
2026-08-07 17:59:41.780 INFO DuckDB memory logs:
  database_name database_size  block_size  ...  wal_size  memory_usage  memory_limit
0   postgres_db       6.2 TiB           0  ...   0 bytes      17.1 GiB     267.0 GiB
1        memory       0 bytes           0  ...   0 bytes      17.1 GiB     267.0 GiB

[2 rows x 9 columns]
2026-08-07 17:59:41.781 INFO Loading data (2022-08-08 00:00:00+00:00 -> 2022-09-07 00:00:00+00:00) done in 110.33s (real) and 82.48s (process)
2026-08-07 17:59:41.781 INFO Memory usage (start of timestep, peak): 286.62 GiB
2026-08-07 17:59:41.781 INFO Memory usage (start of timestep, current): 193.56 GiB
2026-08-07 17:59:41.781 INFO Calculating metrics
2026-08-07 17:59:41.782 INFO Calculating metric: statement_count
2026-08-07 17:59:41.953 INFO [statement_count] Memory snapshot — cache: 0.00 MB (type <class 'numpy.int64'>, N/A entries)
2026-08-07 17:59:41.953 INFO Calculating metric: reference_existence_per_statement_count_df
2026-08-07 20:07:44.471 INFO [reference_existence_per_statement_count_df] Memory snapshot — total: 129441.57 MB
  cache: 0.00 MB (N/A entries)
  cache_df: 129441.57 MB (1068971187 entries)
2026-08-07 20:07:44.472 INFO Calculating metric: reference_completeness_df
2026-08-07 20:07:44.479 INFO [reference_completeness_df] Memory snapshot — cache: 0.00 MB (type <class 'numpy.float64'>, N/A entries)
2026-08-07 20:07:44.479 INFO Memory usage (end of timestep, peak): 286.62 GiB
2026-08-07 20:07:44.479 INFO Memory usage (end of timestep, current): 195.01 GiB
2026-08-07 20:07:44.479 INFO (Iteration 119) statement_count: real 0.17s | cpu 2.42s
2026-08-07 20:07:44.479 INFO (Iteration 119) reference_existence_per_statement_count_df: real 7682.52s | cpu 7741.29s
2026-08-07 20:07:44.479 INFO (Iteration 119) reference_completeness_df: real 0.01s | cpu 0.00s
2026-08-07 20:07:44.479 INFO Iteration 119 finished in 7793.03s (real) and 7826.19s (process)
2026-08-07 20:07:44.480 INFO Start timestep 2022-09-07 00:00:00+00:00 -> 2022-10-07 00:00:00+00:00
2026-08-07 20:09:54.618 INFO DuckDB memory logs:
  database_name database_size  block_size  ...  wal_size  memory_usage  memory_limit
0   postgres_db       6.2 TiB           0  ...   0 bytes      20.7 GiB     267.0 GiB
1        memory       0 bytes           0  ...   0 bytes      20.7 GiB     267.0 GiB

[2 rows x 9 columns]
2026-08-07 20:09:54.619 INFO Loading data (2022-09-07 00:00:00+00:00 -> 2022-10-07 00:00:00+00:00) done in 130.14s (real) and 96.08s (process)
2026-08-07 20:09:54.619 INFO Memory usage (start of timestep, peak): 286.62 GiB
2026-08-07 20:09:54.620 INFO Memory usage (start of timestep, current): 197.55 GiB
2026-08-07 20:09:54.620 INFO Calculating metrics
2026-08-07 20:09:54.620 INFO Calculating metric: statement_count
2026-08-07 20:09:54.762 INFO [statement_count] Memory snapshot — cache: 0.00 MB (type <class 'numpy.int64'>, N/A entries)
2026-08-07 20:09:54.763 INFO Calculating metric: reference_existence_per_statement_count_df
2026-08-07 22:15:11.603 INFO [reference_existence_per_statement_count_df] Memory snapshot — total: 130092.48 MB
  cache: 0.00 MB (N/A entries)
  cache_df: 130092.48 MB (1074315049 entries)
2026-08-07 22:15:11.614 INFO Calculating metric: reference_completeness_df
2026-08-07 22:15:11.623 INFO [reference_completeness_df] Memory snapshot — cache: 0.00 MB (type <class 'numpy.float64'>, N/A entries)
2026-08-07 22:15:11.623 INFO Memory usage (end of timestep, peak): 286.62 GiB
2026-08-07 22:15:11.624 INFO Memory usage (end of timestep, current): 198.03 GiB
2026-08-07 22:15:11.624 INFO (Iteration 120) statement_count: real 0.14s | cpu 1.96s
2026-08-07 22:15:11.624 INFO (Iteration 120) reference_existence_per_statement_count_df: real 7516.85s | cpu 7571.94s
2026-08-07 22:15:11.624 INFO (Iteration 120) reference_completeness_df: real 0.01s | cpu 0.00s
2026-08-07 22:15:11.624 INFO Iteration 120 finished in 7647.14s (real) and 7669.98s (process)
2026-08-07 22:15:11.625 INFO Start timestep 2022-10-07 00:00:00+00:00 -> 2022-11-06 00:00:00+00:00
2026-08-07 22:17:08.059 INFO DuckDB memory logs:
  database_name database_size  block_size  ...  wal_size  memory_usage  memory_limit
0   postgres_db       6.2 TiB           0  ...   0 bytes      19.0 GiB     267.0 GiB
1        memory       0 bytes           0  ...   0 bytes      19.0 GiB     267.0 GiB

[2 rows x 9 columns]
2026-08-07 22:17:08.060 INFO Loading data (2022-10-07 00:00:00+00:00 -> 2022-11-06 00:00:00+00:00) done in 116.43s (real) and 86.98s (process)
2026-08-07 22:17:08.060 INFO Memory usage (start of timestep, peak): 286.62 GiB
2026-08-07 22:17:08.061 INFO Memory usage (start of timestep, current): 196.22 GiB
2026-08-07 22:17:08.061 INFO Calculating metrics
2026-08-07 22:17:08.061 INFO Calculating metric: statement_count
2026-08-07 22:17:08.180 INFO [statement_count] Memory snapshot — cache: 0.00 MB (type <class 'numpy.int64'>, N/A entries)
2026-08-07 22:17:08.180 INFO Calculating metric: reference_existence_per_statement_count_df
2026-08-08 00:25:14.607 INFO [reference_existence_per_statement_count_df] Memory snapshot — total: 130696.03 MB
  cache: 0.00 MB (N/A entries)
  cache_df: 130696.03 MB (1079275553 entries)
2026-08-08 00:25:14.620 INFO Calculating metric: reference_completeness_df
2026-08-08 00:25:14.665 INFO [reference_completeness_df] Memory snapshot — cache: 0.00 MB (type <class 'numpy.float64'>, N/A entries)
2026-08-08 00:25:14.666 INFO Memory usage (end of timestep, peak): 286.62 GiB
2026-08-08 00:25:14.666 INFO Memory usage (end of timestep, current): 197.01 GiB
2026-08-08 00:25:14.666 INFO (Iteration 121) statement_count: real 0.12s | cpu 1.68s
2026-08-08 00:25:14.666 INFO (Iteration 121) reference_existence_per_statement_count_df: real 7686.44s | cpu 7742.20s
2026-08-08 00:25:14.666 INFO (Iteration 121) reference_completeness_df: real 0.05s | cpu 0.01s
2026-08-08 00:25:14.666 INFO Iteration 121 finished in 7803.04s (real) and 7830.86s (process)
2026-08-08 00:25:14.668 INFO Start timestep 2022-11-06 00:00:00+00:00 -> 2022-12-06 00:00:00+00:00
2026-08-08 00:26:49.044 INFO DuckDB memory logs:
  database_name database_size  block_size  ...  wal_size  memory_usage  memory_limit
0   postgres_db       6.2 TiB           0  ...   0 bytes      15.6 GiB     267.0 GiB
1        memory       0 bytes           0  ...   0 bytes      15.6 GiB     267.0 GiB

[2 rows x 9 columns]
2026-08-08 00:26:49.045 INFO Loading data (2022-11-06 00:00:00+00:00 -> 2022-12-06 00:00:00+00:00) done in 94.38s (real) and 70.14s (process)
2026-08-08 00:26:49.045 INFO Memory usage (start of timestep, peak): 286.62 GiB
2026-08-08 00:26:49.045 INFO Memory usage (start of timestep, current): 193.48 GiB
2026-08-08 00:26:49.045 INFO Calculating metrics
2026-08-08 00:26:49.045 INFO Calculating metric: statement_count
2026-08-08 00:26:49.143 INFO [statement_count] Memory snapshot — cache: 0.00 MB (type <class 'numpy.int64'>, N/A entries)
2026-08-08 00:26:49.144 INFO Calculating metric: reference_existence_per_statement_count_df
2026-08-08 02:30:52.202 INFO [reference_existence_per_statement_count_df] Memory snapshot — total: 131408.14 MB
  cache: 0.00 MB (N/A entries)
  cache_df: 131408.14 MB (1085135411 entries)
2026-08-08 02:30:52.213 INFO Calculating metric: reference_completeness_df
2026-08-08 02:30:52.238 INFO [reference_completeness_df] Memory snapshot — cache: 0.00 MB (type <class 'numpy.float64'>, N/A entries)
2026-08-08 02:30:52.238 INFO Memory usage (end of timestep, peak): 286.62 GiB
2026-08-08 02:30:52.239 INFO Memory usage (end of timestep, current): 194.45 GiB
2026-08-08 02:30:52.239 INFO (Iteration 122) statement_count: real 0.10s | cpu 1.42s
2026-08-08 02:30:52.239 INFO (Iteration 122) reference_existence_per_statement_count_df: real 7443.07s | cpu 7496.01s
2026-08-08 02:30:52.240 INFO (Iteration 122) reference_completeness_df: real 0.02s | cpu 0.00s
2026-08-08 02:30:52.240 INFO Iteration 122 finished in 7537.57s (real) and 7567.58s (process)
2026-08-08 02:30:52.241 INFO Start timestep 2022-12-06 00:00:00+00:00 -> 2023-01-05 00:00:00+00:00
2026-08-08 02:32:05.511 INFO DuckDB memory logs:
  database_name database_size  block_size  ...  wal_size  memory_usage  memory_limit
0   postgres_db       6.2 TiB           0  ...   0 bytes      11.6 GiB     267.0 GiB
1        memory       0 bytes           0  ...   0 bytes      11.6 GiB     267.0 GiB

[2 rows x 9 columns]
2026-08-08 02:32:05.512 INFO Loading data (2022-12-06 00:00:00+00:00 -> 2023-01-05 00:00:00+00:00) done in 73.27s (real) and 53.69s (process)
2026-08-08 02:32:05.512 INFO Memory usage (start of timestep, peak): 286.62 GiB
2026-08-08 02:32:05.512 INFO Memory usage (start of timestep, current): 190.39 GiB
2026-08-08 02:32:05.512 INFO Calculating metrics
2026-08-08 02:32:05.512 INFO Calculating metric: statement_count
2026-08-08 02:32:05.596 INFO [statement_count] Memory snapshot — cache: 0.00 MB (type <class 'numpy.int64'>, N/A entries)
2026-08-08 02:32:05.596 INFO Calculating metric: reference_existence_per_statement_count_df
2026-08-08 04:44:55.576 INFO [reference_existence_per_statement_count_df] Memory snapshot — total: 131828.98 MB
  cache: 0.00 MB (N/A entries)
  cache_df: 131828.98 MB (1088601644 entries)
2026-08-08 04:44:55.587 INFO Calculating metric: reference_completeness_df
2026-08-08 04:44:55.618 INFO [reference_completeness_df] Memory snapshot — cache: 0.00 MB (type <class 'numpy.float64'>, N/A entries)
2026-08-08 04:44:55.618 INFO Memory usage (end of timestep, peak): 286.62 GiB
2026-08-08 04:44:55.619 INFO Memory usage (end of timestep, current): 190.74 GiB
2026-08-08 04:44:55.619 INFO (Iteration 123) statement_count: real 0.08s | cpu 1.20s
2026-08-08 04:44:55.619 INFO (Iteration 123) reference_existence_per_statement_count_df: real 7969.99s | cpu 8023.15s
2026-08-08 04:44:55.619 INFO (Iteration 123) reference_completeness_df: real 0.03s | cpu 0.00s
2026-08-08 04:44:55.619 INFO Iteration 123 finished in 8043.38s (real) and 8078.04s (process)
2026-08-08 04:44:55.620 INFO Start timestep 2023-01-05 00:00:00+00:00 -> 2023-02-04 00:00:00+00:00
2026-08-08 04:46:28.997 INFO DuckDB memory logs:
  database_name database_size  block_size  ...  wal_size  memory_usage  memory_limit
0   postgres_db       6.2 TiB           0  ...   0 bytes      15.5 GiB     267.0 GiB
1        memory       0 bytes           0  ...   0 bytes      15.5 GiB     267.0 GiB

[2 rows x 9 columns]
2026-08-08 04:46:28.998 INFO Loading data (2023-01-05 00:00:00+00:00 -> 2023-02-04 00:00:00+00:00) done in 93.38s (real) and 69.35s (process)
2026-08-08 04:46:28.998 INFO Memory usage (start of timestep, peak): 286.62 GiB
2026-08-08 04:46:28.998 INFO Memory usage (start of timestep, current): 194.35 GiB
2026-08-08 04:46:28.998 INFO Calculating metrics
2026-08-08 04:46:28.998 INFO Calculating metric: statement_count
2026-08-08 04:46:29.119 INFO [statement_count] Memory snapshot — cache: 0.00 MB (type <class 'numpy.int64'>, N/A entries)
2026-08-08 04:46:29.119 INFO Calculating metric: reference_existence_per_statement_count_df
2026-08-08 07:01:48.673 INFO [reference_existence_per_statement_count_df] Memory snapshot — total: 132239.41 MB
  cache: 0.00 MB (N/A entries)
  cache_df: 132239.41 MB (1091977431 entries)
2026-08-08 07:01:48.685 INFO Calculating metric: reference_completeness_df
2026-08-08 07:01:48.718 INFO [reference_completeness_df] Memory snapshot — cache: 0.00 MB (type <class 'numpy.float64'>, N/A entries)
2026-08-08 07:01:48.719 INFO Memory usage (end of timestep, peak): 286.62 GiB
2026-08-08 07:01:48.719 INFO Memory usage (end of timestep, current): 195.37 GiB
2026-08-08 07:01:48.720 INFO (Iteration 124) statement_count: real 0.12s | cpu 1.72s
2026-08-08 07:01:48.720 INFO (Iteration 124) reference_existence_per_statement_count_df: real 8119.57s | cpu 8174.84s
2026-08-08 07:01:48.720 INFO (Iteration 124) reference_completeness_df: real 0.03s | cpu 0.01s
2026-08-08 07:01:48.720 INFO Iteration 124 finished in 8213.10s (real) and 8245.92s (process)
2026-08-08 07:01:48.721 INFO Start timestep 2023-02-04 00:00:00+00:00 -> 2023-03-06 00:00:00+00:00
2026-08-08 07:03:15.020 INFO DuckDB memory logs:
  database_name database_size  block_size  ...  wal_size  memory_usage  memory_limit
0   postgres_db       6.2 TiB           0  ...   0 bytes      14.4 GiB     267.0 GiB
1        memory       0 bytes           0  ...   0 bytes      14.4 GiB     267.0 GiB

[2 rows x 9 columns]
2026-08-08 07:03:15.021 INFO Loading data (2023-02-04 00:00:00+00:00 -> 2023-03-06 00:00:00+00:00) done in 86.30s (real) and 107.47s (process)
2026-08-08 07:03:15.021 INFO Memory usage (start of timestep, peak): 286.62 GiB
2026-08-08 07:03:15.021 INFO Memory usage (start of timestep, current): 194.16 GiB
2026-08-08 07:03:15.021 INFO Calculating metrics
2026-08-08 07:03:15.022 INFO Calculating metric: statement_count
2026-08-08 07:03:15.120 INFO [statement_count] Memory snapshot — cache: 0.00 MB (type <class 'numpy.int64'>, N/A entries)
2026-08-08 07:03:15.121 INFO Calculating metric: reference_existence_per_statement_count_df
2026-08-08 09:13:49.254 INFO [reference_existence_per_statement_count_df] Memory snapshot — total: 132721.47 MB
  cache: 0.00 MB (N/A entries)
  cache_df: 132721.47 MB (1095948399 entries)
2026-08-08 09:13:49.265 INFO Calculating metric: reference_completeness_df
2026-08-08 09:13:49.276 INFO [reference_completeness_df] Memory snapshot — cache: 0.00 MB (type <class 'numpy.float64'>, N/A entries)
2026-08-08 09:13:49.276 INFO Memory usage (end of timestep, peak): 286.62 GiB
2026-08-08 09:13:49.277 INFO Memory usage (end of timestep, current): 194.82 GiB
2026-08-08 09:13:49.277 INFO (Iteration 125) statement_count: real 0.10s | cpu 1.33s
2026-08-08 09:13:49.277 INFO (Iteration 125) reference_existence_per_statement_count_df: real 7834.14s | cpu 7887.26s
2026-08-08 09:13:49.277 INFO (Iteration 125) reference_completeness_df: real 0.01s | cpu 0.00s
2026-08-08 09:13:49.278 INFO Iteration 125 finished in 7920.56s (real) and 7996.07s (process)
2026-08-08 09:13:49.279 INFO Start timestep 2023-03-06 00:00:00+00:00 -> 2023-04-05 00:00:00+00:00
2026-08-08 09:15:12.246 INFO DuckDB memory logs:
  database_name database_size  block_size  ...  wal_size  memory_usage  memory_limit
0   postgres_db       6.2 TiB           0  ...   0 bytes      13.7 GiB     267.0 GiB
1        memory       0 bytes           0  ...   0 bytes      13.7 GiB     267.0 GiB

[2 rows x 9 columns]
2026-08-08 09:15:12.247 INFO Loading data (2023-03-06 00:00:00+00:00 -> 2023-04-05 00:00:00+00:00) done in 82.97s (real) and 60.37s (process)
2026-08-08 09:15:12.247 INFO Memory usage (start of timestep, peak): 286.62 GiB
2026-08-08 09:15:12.248 INFO Memory usage (start of timestep, current): 193.95 GiB
2026-08-08 09:15:12.248 INFO Calculating metrics
2026-08-08 09:15:12.248 INFO Calculating metric: statement_count
2026-08-08 09:15:12.346 INFO [statement_count] Memory snapshot — cache: 0.00 MB (type <class 'numpy.int64'>, N/A entries)
2026-08-08 09:15:12.346 INFO Calculating metric: reference_existence_per_statement_count_df
2026-08-08 11:30:11.453 INFO [reference_existence_per_statement_count_df] Memory snapshot — total: 133177.49 MB
  cache: 0.00 MB (N/A entries)
  cache_df: 133177.49 MB (1099705871 entries)
2026-08-08 11:30:11.463 INFO Calculating metric: reference_completeness_df
2026-08-08 11:30:11.469 INFO [reference_completeness_df] Memory snapshot — cache: 0.00 MB (type <class 'numpy.float64'>, N/A entries)
2026-08-08 11:30:11.470 INFO Memory usage (end of timestep, peak): 286.62 GiB
2026-08-08 11:30:11.470 INFO Memory usage (end of timestep, current): 194.73 GiB
2026-08-08 11:30:11.471 INFO (Iteration 126) statement_count: real 0.10s | cpu 1.31s
2026-08-08 11:30:11.471 INFO (Iteration 126) reference_existence_per_statement_count_df: real 8099.12s | cpu 8153.71s
2026-08-08 11:30:11.471 INFO (Iteration 126) reference_completeness_df: real 0.01s | cpu 0.00s
2026-08-08 11:30:11.471 INFO Iteration 126 finished in 8182.19s (real) and 8215.40s (process)
2026-08-08 11:30:11.472 INFO Start timestep 2023-04-05 00:00:00+00:00 -> 2023-05-05 00:00:00+00:00
2026-08-08 11:31:26.361 INFO DuckDB memory logs:
  database_name database_size  block_size  ...  wal_size  memory_usage  memory_limit
0   postgres_db       6.2 TiB           0  ...   0 bytes      12.3 GiB     267.0 GiB
1        memory       0 bytes           0  ...   0 bytes      12.3 GiB     267.0 GiB

[2 rows x 9 columns]
2026-08-08 11:31:26.362 INFO Loading data (2023-04-05 00:00:00+00:00 -> 2023-05-05 00:00:00+00:00) done in 74.89s (real) and 86.53s (process)
2026-08-08 11:31:26.363 INFO Memory usage (start of timestep, peak): 286.62 GiB
2026-08-08 11:31:26.363 INFO Memory usage (start of timestep, current): 193.19 GiB
2026-08-08 11:31:26.363 INFO Calculating metrics
2026-08-08 11:31:26.363 INFO Calculating metric: statement_count
2026-08-08 11:31:26.464 INFO [statement_count] Memory snapshot — cache: 0.00 MB (type <class 'numpy.int64'>, N/A entries)
2026-08-08 11:31:26.464 INFO Calculating metric: reference_existence_per_statement_count_df
2026-08-08 13:45:08.655 INFO [reference_existence_per_statement_count_df] Memory snapshot — total: 133653.58 MB
  cache: 0.00 MB (N/A entries)
  cache_df: 133653.58 MB (1103625167 entries)
2026-08-08 13:45:08.666 INFO Calculating metric: reference_completeness_df
2026-08-08 13:45:08.700 INFO [reference_completeness_df] Memory snapshot — cache: 0.00 MB (type <class 'numpy.float64'>, N/A entries)
2026-08-08 13:45:08.700 INFO Memory usage (end of timestep, peak): 286.62 GiB
2026-08-08 13:45:08.701 INFO Memory usage (end of timestep, current): 194.25 GiB
2026-08-08 13:45:08.701 INFO (Iteration 127) statement_count: real 0.10s | cpu 1.33s
2026-08-08 13:45:08.701 INFO (Iteration 127) reference_existence_per_statement_count_df: real 8022.20s | cpu 8075.71s
2026-08-08 13:45:08.701 INFO (Iteration 127) reference_completeness_df: real 0.03s | cpu 0.01s
2026-08-08 13:45:08.701 INFO Iteration 127 finished in 8097.23s (real) and 8163.58s (process)
2026-08-08 13:45:08.702 INFO Start timestep 2023-05-05 00:00:00+00:00 -> 2023-06-04 00:00:00+00:00
2026-08-08 13:47:06.112 INFO DuckDB memory logs:
  database_name database_size  block_size  ...  wal_size  memory_usage  memory_limit
0   postgres_db       6.2 TiB           0  ...   0 bytes      18.8 GiB     267.0 GiB
1        memory       0 bytes           0  ...   0 bytes      18.8 GiB     267.0 GiB

[2 rows x 9 columns]
2026-08-08 13:47:06.113 INFO Loading data (2023-05-05 00:00:00+00:00 -> 2023-06-04 00:00:00+00:00) done in 117.41s (real) and 86.73s (process)
2026-08-08 13:47:06.114 INFO Memory usage (start of timestep, peak): 286.62 GiB
2026-08-08 13:47:06.114 INFO Memory usage (start of timestep, current): 200.45 GiB
2026-08-08 13:47:06.114 INFO Calculating metrics
2026-08-08 13:47:06.114 INFO Calculating metric: statement_count
2026-08-08 13:47:06.247 INFO [statement_count] Memory snapshot — cache: 0.00 MB (type <class 'numpy.int64'>, N/A entries)
2026-08-08 13:47:06.247 INFO Calculating metric: reference_existence_per_statement_count_df
2026-08-08 16:03:00.102 INFO [reference_existence_per_statement_count_df] Memory snapshot — total: 134491.01 MB
  cache: 0.00 MB (N/A entries)
  cache_df: 134491.01 MB (1110505966 entries)
2026-08-08 16:03:00.103 INFO Calculating metric: reference_completeness_df
2026-08-08 16:03:00.109 INFO [reference_completeness_df] Memory snapshot — cache: 0.00 MB (type <class 'numpy.float64'>, N/A entries)
2026-08-08 16:03:00.109 INFO Memory usage (end of timestep, peak): 286.62 GiB
2026-08-08 16:03:00.109 INFO Memory usage (end of timestep, current): 201.36 GiB
2026-08-08 16:03:00.110 INFO (Iteration 128) statement_count: real 0.13s | cpu 1.85s
2026-08-08 16:03:00.110 INFO (Iteration 128) reference_existence_per_statement_count_df: real 8153.86s | cpu 8212.77s
2026-08-08 16:03:00.110 INFO (Iteration 128) reference_completeness_df: real 0.01s | cpu 0.00s
2026-08-08 16:03:00.110 INFO Iteration 128 finished in 8271.41s (real) and 8301.34s (process)
2026-08-08 16:03:00.110 INFO Start timestep 2023-06-04 00:00:00+00:00 -> 2023-07-04 00:00:00+00:00
2026-08-08 16:05:22.844 INFO DuckDB memory logs:
  database_name database_size  block_size  ...  wal_size  memory_usage  memory_limit
0   postgres_db       6.2 TiB           0  ...   0 bytes      22.9 GiB     267.0 GiB
1        memory       0 bytes           0  ...   0 bytes      22.9 GiB     267.0 GiB

[2 rows x 9 columns]
2026-08-08 16:05:22.845 INFO Loading data (2023-06-04 00:00:00+00:00 -> 2023-07-04 00:00:00+00:00) done in 142.73s (real) and 105.70s (process)
2026-08-08 16:05:22.845 INFO Memory usage (start of timestep, peak): 286.62 GiB
2026-08-08 16:05:22.846 INFO Memory usage (start of timestep, current): 205.31 GiB
2026-08-08 16:05:22.846 INFO Calculating metrics
2026-08-08 16:05:22.846 INFO Calculating metric: statement_count
2026-08-08 16:05:22.992 INFO [statement_count] Memory snapshot — cache: 0.00 MB (type <class 'numpy.int64'>, N/A entries)
2026-08-08 16:05:22.992 INFO Calculating metric: reference_existence_per_statement_count_df
2026-08-08 18:25:34.373 INFO [reference_existence_per_statement_count_df] Memory snapshot — total: 135628.08 MB
  cache: 0.00 MB (N/A entries)
  cache_df: 135628.08 MB (1119839726 entries)
2026-08-08 18:25:34.374 INFO Calculating metric: reference_completeness_df
2026-08-08 18:25:34.404 INFO [reference_completeness_df] Memory snapshot — cache: 0.00 MB (type <class 'numpy.float64'>, N/A entries)
2026-08-08 18:25:34.405 INFO Memory usage (end of timestep, peak): 290.99 GiB
2026-08-08 18:25:34.405 INFO Memory usage (end of timestep, current): 207.94 GiB
2026-08-08 18:25:34.405 INFO (Iteration 129) statement_count: real 0.15s | cpu 1.94s
2026-08-08 18:25:34.405 INFO (Iteration 129) reference_existence_per_statement_count_df: real 8411.38s | cpu 8473.43s
2026-08-08 18:25:34.405 INFO (Iteration 129) reference_completeness_df: real 0.03s | cpu 0.01s
2026-08-08 18:25:34.406 INFO Iteration 129 finished in 8554.30s (real) and 8581.08s (process)
2026-08-08 18:25:34.407 INFO Start timestep 2023-07-04 00:00:00+00:00 -> 2023-08-03 00:00:00+00:00
2026-08-08 18:27:22.797 INFO DuckDB memory logs:
  database_name database_size  block_size  ...  wal_size  memory_usage  memory_limit
0   postgres_db       6.2 TiB           0  ...   0 bytes      17.1 GiB     267.0 GiB
1        memory       0 bytes           0  ...   0 bytes      17.1 GiB     267.0 GiB

[2 rows x 9 columns]
2026-08-08 18:27:22.797 INFO Loading data (2023-07-04 00:00:00+00:00 -> 2023-08-03 00:00:00+00:00) done in 108.39s (real) and 80.61s (process)
2026-08-08 18:27:22.798 INFO Memory usage (start of timestep, peak): 290.99 GiB
2026-08-08 18:27:22.798 INFO Memory usage (start of timestep, current): 201.53 GiB
2026-08-08 18:27:22.798 INFO Calculating metrics
2026-08-08 18:27:22.798 INFO Calculating metric: statement_count
2026-08-08 18:27:22.914 INFO [statement_count] Memory snapshot — cache: 0.00 MB (type <class 'numpy.int64'>, N/A entries)
2026-08-08 18:27:22.914 INFO Calculating metric: reference_existence_per_statement_count_df
2026-08-08 20:44:26.648 INFO [reference_existence_per_statement_count_df] Memory snapshot — total: 136437.05 MB
  cache: 0.00 MB (N/A entries)
  cache_df: 136437.05 MB (1126481747 entries)
2026-08-08 20:44:26.650 INFO Calculating metric: reference_completeness_df
2026-08-08 20:44:26.674 INFO [reference_completeness_df] Memory snapshot — cache: 0.00 MB (type <class 'numpy.float64'>, N/A entries)
2026-08-08 20:44:26.674 INFO Memory usage (end of timestep, peak): 290.99 GiB
2026-08-08 20:44:26.675 INFO Memory usage (end of timestep, current): 202.55 GiB
2026-08-08 20:44:26.675 INFO (Iteration 130) statement_count: real 0.12s | cpu 1.66s
2026-08-08 20:44:26.675 INFO (Iteration 130) reference_existence_per_statement_count_df: real 8223.74s | cpu 8280.60s
2026-08-08 20:44:26.675 INFO (Iteration 130) reference_completeness_df: real 0.02s | cpu 0.00s
2026-08-08 20:44:26.675 INFO Iteration 130 finished in 8332.27s (real) and 8362.87s (process)
2026-08-08 20:44:26.677 INFO Start timestep 2023-08-03 00:00:00+00:00 -> 2023-09-02 00:00:00+00:00
2026-08-08 20:46:44.416 INFO DuckDB memory logs:
  database_name database_size  block_size  ...  wal_size  memory_usage  memory_limit
0   postgres_db       6.2 TiB           0  ...   0 bytes      22.3 GiB     267.0 GiB
1        memory       0 bytes           0  ...   0 bytes      22.3 GiB     267.0 GiB

[2 rows x 9 columns]
2026-08-08 20:46:44.417 INFO Loading data (2023-08-03 00:00:00+00:00 -> 2023-09-02 00:00:00+00:00) done in 137.74s (real) and 102.82s (process)
2026-08-08 20:46:44.417 INFO Memory usage (start of timestep, peak): 290.99 GiB
2026-08-08 20:46:44.418 INFO Memory usage (start of timestep, current): 207.50 GiB
2026-08-08 20:46:44.418 INFO Calculating metrics
2026-08-08 20:46:44.418 INFO Calculating metric: statement_count
2026-08-08 20:46:44.575 INFO [statement_count] Memory snapshot — cache: 0.00 MB (type <class 'numpy.int64'>, N/A entries)
2026-08-08 20:46:44.575 INFO Calculating metric: reference_existence_per_statement_count_df
2026-08-08 23:09:26.904 INFO [reference_existence_per_statement_count_df] Memory snapshot — total: 137539.31 MB
  cache: 0.00 MB (N/A entries)
  cache_df: 137539.31 MB (1135529007 entries)
2026-08-08 23:09:26.905 INFO Calculating metric: reference_completeness_df
2026-08-08 23:09:26.925 INFO [reference_completeness_df] Memory snapshot — cache: 0.00 MB (type <class 'numpy.float64'>, N/A entries)
2026-08-08 23:09:26.926 INFO Memory usage (end of timestep, peak): 293.32 GiB
2026-08-08 23:09:26.926 INFO Memory usage (end of timestep, current): 209.50 GiB
2026-08-08 23:09:26.926 INFO (Iteration 131) statement_count: real 0.16s | cpu 1.95s
2026-08-08 23:09:26.926 INFO (Iteration 131) reference_existence_per_statement_count_df: real 8562.33s | cpu 8625.75s
2026-08-08 23:09:26.926 INFO (Iteration 131) reference_completeness_df: real 0.02s | cpu 0.00s
2026-08-08 23:09:26.926 INFO Iteration 131 finished in 8700.25s (real) and 8730.53s (process)
2026-08-08 23:09:26.929 INFO Start timestep 2023-09-02 00:00:00+00:00 -> 2023-10-02 00:00:00+00:00
2026-08-08 23:10:54.050 INFO DuckDB memory logs:
  database_name database_size  block_size  ...  wal_size  memory_usage  memory_limit
0   postgres_db       6.2 TiB           0  ...   0 bytes      14.0 GiB     267.0 GiB
1        memory       0 bytes           0  ...   0 bytes      14.0 GiB     267.0 GiB

[2 rows x 9 columns]
2026-08-08 23:10:54.050 INFO Loading data (2023-09-02 00:00:00+00:00 -> 2023-10-02 00:00:00+00:00) done in 87.12s (real) and 64.81s (process)
2026-08-08 23:10:54.050 INFO Memory usage (start of timestep, peak): 293.32 GiB
2026-08-08 23:10:54.050 INFO Memory usage (start of timestep, current): 201.01 GiB
2026-08-08 23:10:54.050 INFO Calculating metrics
2026-08-08 23:10:54.051 INFO Calculating metric: statement_count
2026-08-08 23:10:54.169 INFO [statement_count] Memory snapshot — cache: 0.00 MB (type <class 'numpy.int64'>, N/A entries)
2026-08-08 23:10:54.169 INFO Calculating metric: reference_existence_per_statement_count_df
2026-08-09 01:28:19.168 INFO [reference_existence_per_statement_count_df] Memory snapshot — total: 138084.10 MB
  cache: 0.00 MB (N/A entries)
  cache_df: 138084.10 MB (1140006073 entries)
2026-08-09 01:28:19.179 INFO Calculating metric: reference_completeness_df
2026-08-09 01:28:19.184 INFO [reference_completeness_df] Memory snapshot — cache: 0.00 MB (type <class 'numpy.float64'>, N/A entries)
2026-08-09 01:28:19.184 INFO Memory usage (end of timestep, peak): 293.32 GiB
2026-08-09 01:28:19.184 INFO Memory usage (end of timestep, current): 201.77 GiB
2026-08-09 01:28:19.184 INFO (Iteration 132) statement_count: real 0.12s | cpu 1.37s
2026-08-09 01:28:19.184 INFO (Iteration 132) reference_existence_per_statement_count_df: real 8245.01s | cpu 8300.68s
2026-08-09 01:28:19.185 INFO (Iteration 132) reference_completeness_df: real 0.01s | cpu 0.00s
2026-08-09 01:28:19.185 INFO Iteration 132 finished in 8332.26s (real) and 8366.87s (process)
2026-08-09 01:28:19.185 INFO Start timestep 2023-10-02 00:00:00+00:00 -> 2023-11-01 00:00:00+00:00
2026-08-09 01:29:27.068 INFO DuckDB memory logs:
  database_name database_size  block_size  ...  wal_size  memory_usage  memory_limit
0   postgres_db       6.2 TiB           0  ...   0 bytes      10.2 GiB     267.0 GiB
1        memory       0 bytes           0  ...   0 bytes      10.2 GiB     267.0 GiB

[2 rows x 9 columns]
2026-08-09 01:29:27.068 INFO Loading data (2023-10-02 00:00:00+00:00 -> 2023-11-01 00:00:00+00:00) done in 67.88s (real) and 63.02s (process)
2026-08-09 01:29:27.069 INFO Memory usage (start of timestep, peak): 293.32 GiB
2026-08-09 01:29:27.069 INFO Memory usage (start of timestep, current): 199.03 GiB
2026-08-09 01:29:27.069 INFO Calculating metrics
2026-08-09 01:29:27.069 INFO Calculating metric: statement_count
2026-08-09 01:29:27.220 INFO [statement_count] Memory snapshot — cache: 0.00 MB (type <class 'numpy.int64'>, N/A entries)
2026-08-09 01:29:27.220 INFO Calculating metric: reference_existence_per_statement_count_df
2026-08-09 03:47:19.337 INFO [reference_existence_per_statement_count_df] Memory snapshot — total: 138528.76 MB
  cache: 0.00 MB (N/A entries)
  cache_df: 138528.76 MB (1143668193 entries)
2026-08-09 03:47:19.352 INFO Calculating metric: reference_completeness_df
2026-08-09 03:47:19.362 INFO [reference_completeness_df] Memory snapshot — cache: 0.00 MB (type <class 'numpy.float64'>, N/A entries)
2026-08-09 03:47:19.362 INFO Memory usage (end of timestep, peak): 293.32 GiB
2026-08-09 03:47:19.362 INFO Memory usage (end of timestep, current): 198.48 GiB
2026-08-09 03:47:19.362 INFO (Iteration 133) statement_count: real 0.15s | cpu 1.19s
2026-08-09 03:47:19.362 INFO (Iteration 133) reference_existence_per_statement_count_df: real 8272.13s | cpu 8321.40s
2026-08-09 03:47:19.363 INFO (Iteration 133) reference_completeness_df: real 0.01s | cpu 0.01s
2026-08-09 03:47:19.363 INFO Iteration 133 finished in 8340.18s (real) and 8385.61s (process)
2026-08-09 03:47:19.364 INFO Start timestep 2023-11-01 00:00:00+00:00 -> 2023-12-01 00:00:00+00:00
2026-08-09 03:48:29.736 INFO DuckDB memory logs:
  database_name database_size  block_size  ...  wal_size  memory_usage  memory_limit
0   postgres_db       6.2 TiB           0  ...   0 bytes       9.9 GiB     267.0 GiB
1        memory       0 bytes           0  ...   0 bytes       9.9 GiB     267.0 GiB

[2 rows x 9 columns]
2026-08-09 03:48:29.737 INFO Loading data (2023-11-01 00:00:00+00:00 -> 2023-12-01 00:00:00+00:00) done in 70.37s (real) and 49.37s (process)
2026-08-09 03:48:29.738 INFO Memory usage (start of timestep, peak): 293.32 GiB
2026-08-09 03:48:29.738 INFO Memory usage (start of timestep, current): 198.00 GiB
2026-08-09 03:48:29.738 INFO Calculating metrics
2026-08-09 03:48:29.738 INFO Calculating metric: statement_count
2026-08-09 03:48:29.819 INFO [statement_count] Memory snapshot — cache: 0.00 MB (type <class 'numpy.int64'>, N/A entries)
2026-08-09 03:48:29.819 INFO Calculating metric: reference_existence_per_statement_count_df
2026-08-09 06:04:07.850 INFO [reference_existence_per_statement_count_df] Memory snapshot — total: 138997.87 MB
  cache: 0.00 MB (N/A entries)
  cache_df: 138997.87 MB (1147533558 entries)
2026-08-09 06:04:07.861 INFO Calculating metric: reference_completeness_df
2026-08-09 06:04:07.882 INFO [reference_completeness_df] Memory snapshot — cache: 0.00 MB (type <class 'numpy.float64'>, N/A entries)
2026-08-09 06:04:07.882 INFO Memory usage (end of timestep, peak): 293.32 GiB
2026-08-09 06:04:07.883 INFO Memory usage (end of timestep, current): 198.87 GiB
2026-08-09 06:04:07.883 INFO (Iteration 134) statement_count: real 0.08s | cpu 1.01s
2026-08-09 06:04:07.883 INFO (Iteration 134) reference_existence_per_statement_count_df: real 8138.04s | cpu 8190.19s
2026-08-09 06:04:07.883 INFO (Iteration 134) reference_completeness_df: real 0.02s | cpu 0.01s
2026-08-09 06:04:07.883 INFO Iteration 134 finished in 8208.52s (real) and 8240.58s (process)
2026-08-09 06:04:07.884 INFO Start timestep 2023-12-01 00:00:00+00:00 -> 2023-12-31 00:00:00+00:00
2026-08-09 06:05:14.813 INFO DuckDB memory logs:
  database_name database_size  block_size  ...  wal_size  memory_usage  memory_limit
0   postgres_db       6.2 TiB           0  ...   0 bytes      10.4 GiB     267.0 GiB
1        memory       0 bytes           0  ...   0 bytes      10.4 GiB     267.0 GiB

[2 rows x 9 columns]
2026-08-09 06:05:14.814 INFO Loading data (2023-12-01 00:00:00+00:00 -> 2023-12-31 00:00:00+00:00) done in 66.93s (real) and 49.59s (process)
2026-08-09 06:05:14.814 INFO Memory usage (start of timestep, peak): 293.32 GiB
2026-08-09 06:05:14.814 INFO Memory usage (start of timestep, current): 199.26 GiB
2026-08-09 06:05:14.814 INFO Calculating metrics
2026-08-09 06:05:14.814 INFO Calculating metric: statement_count
2026-08-09 06:05:14.902 INFO [statement_count] Memory snapshot — cache: 0.00 MB (type <class 'numpy.int64'>, N/A entries)
2026-08-09 06:05:14.902 INFO Calculating metric: reference_existence_per_statement_count_df
2026-08-09 08:22:29.917 INFO [reference_existence_per_statement_count_df] Memory snapshot — total: 139398.04 MB
  cache: 0.00 MB (N/A entries)
  cache_df: 139398.04 MB (1150827203 entries)
2026-08-09 08:22:29.930 INFO Calculating metric: reference_completeness_df
2026-08-09 08:22:29.952 INFO [reference_completeness_df] Memory snapshot — cache: 0.00 MB (type <class 'numpy.float64'>, N/A entries)
2026-08-09 08:22:29.952 INFO Memory usage (end of timestep, peak): 293.32 GiB
2026-08-09 08:22:29.953 INFO Memory usage (end of timestep, current): 199.62 GiB
2026-08-09 08:22:29.953 INFO (Iteration 135) statement_count: real 0.09s | cpu 1.14s
2026-08-09 08:22:29.953 INFO (Iteration 135) reference_existence_per_statement_count_df: real 8235.03s | cpu 8289.52s
2026-08-09 08:22:29.953 INFO (Iteration 135) reference_completeness_df: real 0.02s | cpu 0.01s
2026-08-09 08:22:29.953 INFO Iteration 135 finished in 8302.07s (real) and 8340.26s (process)
2026-08-09 08:22:29.954 INFO Start timestep 2023-12-31 00:00:00+00:00 -> 2024-01-30 00:00:00+00:00
2026-08-09 08:23:50.531 INFO DuckDB memory logs:
  database_name database_size  block_size  ...  wal_size  memory_usage  memory_limit
0   postgres_db       6.2 TiB           0  ...   0 bytes      12.7 GiB     267.0 GiB
1        memory       0 bytes           0  ...   0 bytes      12.7 GiB     267.0 GiB

[2 rows x 9 columns]
2026-08-09 08:23:50.532 INFO Loading data (2023-12-31 00:00:00+00:00 -> 2024-01-30 00:00:00+00:00) done in 80.58s (real) and 97.20s (process)
2026-08-09 08:23:50.533 INFO Memory usage (start of timestep, peak): 293.32 GiB
2026-08-09 08:23:50.533 INFO Memory usage (start of timestep, current): 201.81 GiB
2026-08-09 08:23:50.533 INFO Calculating metrics
2026-08-09 08:23:50.533 INFO Calculating metric: statement_count
2026-08-09 08:23:50.626 INFO [statement_count] Memory snapshot — cache: 0.00 MB (type <class 'numpy.int64'>, N/A entries)
2026-08-09 08:23:50.626 INFO Calculating metric: reference_existence_per_statement_count_df
2026-08-09 10:47:55.759 INFO [reference_existence_per_statement_count_df] Memory snapshot — total: 139745.53 MB
  cache: 0.00 MB (N/A entries)
  cache_df: 139745.53 MB (1153687347 entries)
2026-08-09 10:47:55.771 INFO Calculating metric: reference_completeness_df
2026-08-09 10:47:55.780 INFO [reference_completeness_df] Memory snapshot — cache: 0.00 MB (type <class 'numpy.float64'>, N/A entries)
2026-08-09 10:47:55.781 INFO Memory usage (end of timestep, peak): 293.32 GiB
2026-08-09 10:47:55.781 INFO Memory usage (end of timestep, current): 202.83 GiB
2026-08-09 10:47:55.782 INFO (Iteration 136) statement_count: real 0.09s | cpu 1.21s
2026-08-09 10:47:55.782 INFO (Iteration 136) reference_existence_per_statement_count_df: real 8645.14s | cpu 8701.91s
2026-08-09 10:47:55.782 INFO (Iteration 136) reference_completeness_df: real 0.01s | cpu 0.01s
2026-08-09 10:47:55.782 INFO Iteration 136 finished in 8725.83s (real) and 8800.33s (process)
2026-08-09 10:47:55.783 INFO Start timestep 2024-01-30 00:00:00+00:00 -> 2024-02-29 00:00:00+00:00
2026-08-09 10:49:03.591 INFO DuckDB memory logs:
  database_name database_size  block_size  ...  wal_size  memory_usage  memory_limit
0   postgres_db       6.2 TiB           0  ...   0 bytes      11.3 GiB     267.0 GiB
1        memory       0 bytes           0  ...   0 bytes      11.3 GiB     267.0 GiB

[2 rows x 9 columns]
2026-08-09 10:49:03.592 INFO Loading data (2024-01-30 00:00:00+00:00 -> 2024-02-29 00:00:00+00:00) done in 67.81s (real) and 64.51s (process)
2026-08-09 10:49:03.592 INFO Memory usage (start of timestep, peak): 293.32 GiB
2026-08-09 10:49:03.592 INFO Memory usage (start of timestep, current): 201.29 GiB
2026-08-09 10:49:03.592 INFO Calculating metrics
2026-08-09 10:49:03.592 INFO Calculating metric: statement_count
2026-08-09 10:49:03.688 INFO [statement_count] Memory snapshot — cache: 0.00 MB (type <class 'numpy.int64'>, N/A entries)
2026-08-09 10:49:03.688 INFO Calculating metric: reference_existence_per_statement_count_df
2026-08-09 13:08:17.117 INFO [reference_existence_per_statement_count_df] Memory snapshot — total: 140051.81 MB
  cache: 0.00 MB (N/A entries)
  cache_df: 140051.81 MB (1156211556 entries)
2026-08-09 13:08:17.129 INFO Calculating metric: reference_completeness_df
2026-08-09 13:08:17.139 INFO [reference_completeness_df] Memory snapshot — cache: 0.00 MB (type <class 'numpy.float64'>, N/A entries)
2026-08-09 13:08:17.139 INFO Memory usage (end of timestep, peak): 293.32 GiB
2026-08-09 13:08:17.140 INFO Memory usage (end of timestep, current): 201.90 GiB
2026-08-09 13:08:17.140 INFO (Iteration 137) statement_count: real 0.10s | cpu 1.19s
2026-08-09 13:08:17.140 INFO (Iteration 137) reference_existence_per_statement_count_df: real 8353.44s | cpu 8408.57s
2026-08-09 13:08:17.140 INFO (Iteration 137) reference_completeness_df: real 0.01s | cpu 0.01s
2026-08-09 13:08:17.140 INFO Iteration 137 finished in 8421.36s (real) and 8474.28s (process)
2026-08-09 13:08:17.141 INFO Start timestep 2024-02-29 00:00:00+00:00 -> 2024-03-30 00:00:00+00:00
2026-08-09 13:09:45.054 INFO DuckDB memory logs:
  database_name database_size  block_size  ...  wal_size  memory_usage  memory_limit
0   postgres_db       6.2 TiB           0  ...   0 bytes      14.6 GiB     267.0 GiB
1        memory       0 bytes           0  ...   0 bytes      14.6 GiB     267.0 GiB

[2 rows x 9 columns]
2026-08-09 13:09:45.055 INFO Loading data (2024-02-29 00:00:00+00:00 -> 2024-03-30 00:00:00+00:00) done in 87.91s (real) and 64.04s (process)
2026-08-09 13:09:45.055 INFO Memory usage (start of timestep, peak): 293.32 GiB
2026-08-09 13:09:45.055 INFO Memory usage (start of timestep, current): 205.01 GiB
2026-08-09 13:09:45.055 INFO Calculating metrics
2026-08-09 13:09:45.055 INFO Calculating metric: statement_count
2026-08-09 13:09:45.148 INFO [statement_count] Memory snapshot — cache: 0.00 MB (type <class 'numpy.int64'>, N/A entries)
2026-08-09 13:09:45.148 INFO Calculating metric: reference_existence_per_statement_count_df
2026-08-09 15:26:45.875 INFO [reference_existence_per_statement_count_df] Memory snapshot — total: 140628.90 MB
  cache: 0.00 MB (N/A entries)
  cache_df: 140628.90 MB (1160970074 entries)
2026-08-09 15:26:45.887 INFO Calculating metric: reference_completeness_df
2026-08-09 15:26:45.893 INFO [reference_completeness_df] Memory snapshot — cache: 0.00 MB (type <class 'numpy.float64'>, N/A entries)
2026-08-09 15:26:45.893 INFO Memory usage (end of timestep, peak): 293.32 GiB
2026-08-09 15:26:45.893 INFO Memory usage (end of timestep, current): 205.66 GiB
2026-08-09 15:26:45.893 INFO (Iteration 138) statement_count: real 0.09s | cpu 1.22s
2026-08-09 15:26:45.893 INFO (Iteration 138) reference_existence_per_statement_count_df: real 8220.74s | cpu 8274.24s
2026-08-09 15:26:45.893 INFO (Iteration 138) reference_completeness_df: real 0.01s | cpu 0.00s
2026-08-09 15:26:45.893 INFO Iteration 138 finished in 8308.75s (real) and 8339.50s (process)
2026-08-09 15:26:45.894 INFO Start timestep 2024-03-30 00:00:00+00:00 -> 2024-04-29 00:00:00+00:00
2026-08-09 15:28:19.283 INFO DuckDB memory logs:
  database_name database_size  block_size  ...  wal_size  memory_usage  memory_limit
0   postgres_db       6.2 TiB           0  ...   0 bytes      15.1 GiB     267.0 GiB
1        memory       0 bytes           0  ...   0 bytes      15.1 GiB     267.0 GiB

[2 rows x 9 columns]
2026-08-09 15:28:19.284 INFO Loading data (2024-03-30 00:00:00+00:00 -> 2024-04-29 00:00:00+00:00) done in 93.39s (real) and 68.83s (process)
2026-08-09 15:28:19.284 INFO Memory usage (start of timestep, peak): 293.32 GiB
2026-08-09 15:28:19.284 INFO Memory usage (start of timestep, current): 206.03 GiB
2026-08-09 15:28:19.284 INFO Calculating metrics
2026-08-09 15:28:19.285 INFO Calculating metric: statement_count
2026-08-09 15:28:19.390 INFO [statement_count] Memory snapshot — cache: 0.00 MB (type <class 'numpy.int64'>, N/A entries)
2026-08-09 15:28:19.390 INFO Calculating metric: reference_existence_per_statement_count_df
2026-08-09 17:48:45.751 INFO [reference_existence_per_statement_count_df] Memory snapshot — total: 141205.43 MB
  cache: 0.00 MB (N/A entries)
  cache_df: 141205.43 MB (1165719373 entries)
2026-08-09 17:48:45.753 INFO Calculating metric: reference_completeness_df
2026-08-09 17:48:45.760 INFO [reference_completeness_df] Memory snapshot — cache: 0.00 MB (type <class 'numpy.float64'>, N/A entries)
2026-08-09 17:48:45.760 INFO Memory usage (end of timestep, peak): 293.32 GiB
2026-08-09 17:48:45.760 INFO Memory usage (end of timestep, current): 207.55 GiB
2026-08-09 17:48:45.760 INFO (Iteration 139) statement_count: real 0.11s | cpu 1.43s
2026-08-09 17:48:45.760 INFO (Iteration 139) reference_existence_per_statement_count_df: real 8426.36s | cpu 8484.20s
2026-08-09 17:48:45.761 INFO (Iteration 139) reference_completeness_df: real 0.01s | cpu 0.00s
2026-08-09 17:48:45.761 INFO Iteration 139 finished in 8519.87s (real) and 8554.46s (process)
2026-08-09 17:48:45.763 INFO Start timestep 2024-04-29 00:00:00+00:00 -> 2024-05-29 00:00:00+00:00
2026-08-09 17:50:34.765 INFO DuckDB memory logs:
  database_name database_size  block_size  ...  wal_size  memory_usage  memory_limit
0   postgres_db       6.2 TiB           0  ...   0 bytes      18.3 GiB     267.0 GiB
1        memory       0 bytes           0  ...   0 bytes      18.3 GiB     267.0 GiB

[2 rows x 9 columns]
2026-08-09 17:50:34.766 INFO Loading data (2024-04-29 00:00:00+00:00 -> 2024-05-29 00:00:00+00:00) done in 109.00s (real) and 99.27s (process)
2026-08-09 17:50:34.766 INFO Memory usage (start of timestep, peak): 293.32 GiB
2026-08-09 17:50:34.767 INFO Memory usage (start of timestep, current): 211.98 GiB
2026-08-09 17:50:34.767 INFO Calculating metrics
2026-08-09 17:50:34.767 INFO Calculating metric: statement_count
2026-08-09 17:50:34.910 INFO [statement_count] Memory snapshot — cache: 0.00 MB (type <class 'numpy.int64'>, N/A entries)
2026-08-09 17:50:34.910 INFO Calculating metric: reference_existence_per_statement_count_df
2026-08-09 20:16:17.906 INFO [reference_existence_per_statement_count_df] Memory snapshot — total: 141949.91 MB
  cache: 0.00 MB (N/A entries)
  cache_df: 141949.91 MB (1171849650 entries)
2026-08-09 20:16:17.907 INFO Calculating metric: reference_completeness_df
2026-08-09 20:16:17.915 INFO [reference_completeness_df] Memory snapshot — cache: 0.00 MB (type <class 'numpy.float64'>, N/A entries)
2026-08-09 20:16:17.915 INFO Memory usage (end of timestep, peak): 297.04 GiB
2026-08-09 20:16:17.915 INFO Memory usage (end of timestep, current): 211.66 GiB
2026-08-09 20:16:17.915 INFO (Iteration 140) statement_count: real 0.14s | cpu 1.64s
2026-08-09 20:16:17.915 INFO (Iteration 140) reference_existence_per_statement_count_df: real 8743.00s | cpu 8806.50s
2026-08-09 20:16:17.915 INFO (Iteration 140) reference_completeness_df: real 0.01s | cpu 0.00s
2026-08-09 20:16:17.915 INFO Iteration 140 finished in 8852.15s (real) and 8907.41s (process)
2026-08-09 20:16:17.917 INFO Start timestep 2024-05-29 00:00:00+00:00 -> 2024-06-28 00:00:00+00:00
2026-08-09 20:18:26.396 INFO DuckDB memory logs:
  database_name database_size  block_size  ...  wal_size  memory_usage  memory_limit
0   postgres_db       6.2 TiB           0  ...   0 bytes      19.0 GiB     267.0 GiB
1        memory       0 bytes           0  ...   0 bytes      19.0 GiB     267.0 GiB

[2 rows x 9 columns]
2026-08-09 20:18:26.397 INFO Loading data (2024-05-29 00:00:00+00:00 -> 2024-06-28 00:00:00+00:00) done in 128.48s (real) and 94.33s (process)
2026-08-09 20:18:26.397 INFO Memory usage (start of timestep, peak): 297.04 GiB
2026-08-09 20:18:26.397 INFO Memory usage (start of timestep, current): 212.21 GiB
2026-08-09 20:18:26.397 INFO Calculating metrics
2026-08-09 20:18:26.397 INFO Calculating metric: statement_count
2026-08-09 20:18:26.539 INFO [statement_count] Memory snapshot — cache: 0.00 MB (type <class 'numpy.int64'>, N/A entries)
2026-08-09 20:18:26.540 INFO Calculating metric: reference_existence_per_statement_count_df
2026-08-09 22:50:45.299 INFO [reference_existence_per_statement_count_df] Memory snapshot — total: 142966.56 MB
  cache: 0.00 MB (N/A entries)
  cache_df: 142966.56 MB (1180198665 entries)
2026-08-09 22:50:45.300 INFO Calculating metric: reference_completeness_df
2026-08-09 22:50:45.306 INFO [reference_completeness_df] Memory snapshot — cache: 0.00 MB (type <class 'numpy.float64'>, N/A entries)
2026-08-09 22:50:45.306 INFO Memory usage (end of timestep, peak): 299.84 GiB
2026-08-09 22:50:45.306 INFO Memory usage (end of timestep, current): 214.33 GiB
2026-08-09 22:50:45.307 INFO (Iteration 141) statement_count: real 0.14s | cpu 1.73s
2026-08-09 22:50:45.307 INFO (Iteration 141) reference_existence_per_statement_count_df: real 9138.76s | cpu 9204.00s
2026-08-09 22:50:45.307 INFO (Iteration 141) reference_completeness_df: real 0.01s | cpu 0.00s
2026-08-09 22:50:45.307 INFO Iteration 141 finished in 9267.39s (real) and 9300.07s (process)
2026-08-09 22:50:45.308 INFO Start timestep 2024-06-28 00:00:00+00:00 -> 2024-07-28 00:00:00+00:00
2026-08-09 22:52:56.151 INFO DuckDB memory logs:
  database_name database_size  block_size  ...  wal_size  memory_usage  memory_limit
0   postgres_db       6.2 TiB           0  ...   0 bytes      21.0 GiB     267.0 GiB
1        memory       0 bytes           0  ...   0 bytes      21.0 GiB     267.0 GiB

[2 rows x 9 columns]
2026-08-09 22:52:56.152 INFO Loading data (2024-06-28 00:00:00+00:00 -> 2024-07-28 00:00:00+00:00) done in 130.84s (real) and 96.24s (process)
2026-08-09 22:52:56.152 INFO Memory usage (start of timestep, peak): 299.84 GiB
2026-08-09 22:52:56.152 INFO Memory usage (start of timestep, current): 215.69 GiB
2026-08-09 22:52:56.152 INFO Calculating metrics
2026-08-09 22:52:56.153 INFO Calculating metric: statement_count
2026-08-09 22:52:56.333 INFO [statement_count] Memory snapshot — cache: 0.00 MB (type <class 'numpy.int64'>, N/A entries)
2026-08-09 22:52:56.333 INFO Calculating metric: reference_existence_per_statement_count_df
2026-08-10 01:17:25.065 INFO [reference_existence_per_statement_count_df] Memory snapshot — total: 144474.41 MB
  cache: 0.00 MB (N/A entries)
  cache_df: 144474.41 MB (1192568409 entries)
2026-08-10 01:17:25.067 INFO Calculating metric: reference_completeness_df
2026-08-10 01:17:25.074 INFO [reference_completeness_df] Memory snapshot — cache: 0.00 MB (type <class 'numpy.float64'>, N/A entries)
2026-08-10 01:17:25.074 INFO Memory usage (end of timestep, peak): 304.46 GiB
2026-08-10 01:17:25.075 INFO Memory usage (end of timestep, current): 218.33 GiB
2026-08-10 01:17:25.075 INFO (Iteration 142) statement_count: real 0.18s | cpu 2.25s
2026-08-10 01:17:25.075 INFO (Iteration 142) reference_existence_per_statement_count_df: real 8668.73s | cpu 8732.87s
2026-08-10 01:17:25.075 INFO (Iteration 142) reference_completeness_df: real 0.01s | cpu 0.00s
2026-08-10 01:17:25.075 INFO Iteration 142 finished in 8799.77s (real) and 8831.37s (process)
2026-08-10 01:17:25.076 INFO Start timestep 2024-07-28 00:00:00+00:00 -> 2024-08-27 00:00:00+00:00
2026-08-10 01:19:42.467 INFO DuckDB memory logs:
  database_name database_size  block_size  ...  wal_size  memory_usage  memory_limit
0   postgres_db       6.2 TiB           0  ...   0 bytes      22.1 GiB     267.0 GiB
1        memory       0 bytes           0  ...   0 bytes      22.1 GiB     267.0 GiB

[2 rows x 9 columns]
2026-08-10 01:19:42.468 INFO Loading data (2024-07-28 00:00:00+00:00 -> 2024-08-27 00:00:00+00:00) done in 137.39s (real) and 102.45s (process)
2026-08-10 01:19:42.468 INFO Memory usage (start of timestep, peak): 304.46 GiB
2026-08-10 01:19:42.469 INFO Memory usage (start of timestep, current): 218.60 GiB
2026-08-10 01:19:42.469 INFO Calculating metrics
2026-08-10 01:19:42.469 INFO Calculating metric: statement_count
2026-08-10 01:19:42.717 INFO [statement_count] Memory snapshot — cache: 0.00 MB (type <class 'numpy.int64'>, N/A entries)
2026-08-10 01:19:42.717 INFO Calculating metric: reference_existence_per_statement_count_df
2026-08-10 03:55:42.717 INFO [reference_existence_per_statement_count_df] Memory snapshot — total: 147265.64 MB
  cache: 0.00 MB (N/A entries)
  cache_df: 147265.64 MB (1215448583 entries)
2026-08-10 03:55:42.719 INFO Calculating metric: reference_completeness_df
2026-08-10 03:55:42.726 INFO [reference_completeness_df] Memory snapshot — cache: 0.00 MB (type <class 'numpy.float64'>, N/A entries)
2026-08-10 03:55:42.726 INFO Memory usage (end of timestep, peak): 309.90 GiB
2026-08-10 03:55:42.727 INFO Memory usage (end of timestep, current): 221.73 GiB
2026-08-10 03:55:42.727 INFO (Iteration 143) statement_count: real 0.25s | cpu 3.32s
2026-08-10 03:55:42.727 INFO (Iteration 143) reference_existence_per_statement_count_df: real 9360.00s | cpu 9433.95s
2026-08-10 03:55:42.727 INFO (Iteration 143) reference_completeness_df: real 0.01s | cpu 0.00s
2026-08-10 03:55:42.727 INFO Iteration 143 finished in 9497.65s (real) and 9539.72s (process)
2026-08-10 03:55:42.728 INFO Start timestep 2024-08-27 00:00:00+00:00 -> 2024-09-26 00:00:00+00:00
2026-08-10 03:57:13.809 INFO DuckDB memory logs:
  database_name database_size  block_size  ...  wal_size  memory_usage  memory_limit
0   postgres_db       6.2 TiB           0  ...   0 bytes      11.4 GiB     267.0 GiB
1        memory       0 bytes           0  ...   0 bytes      11.4 GiB     267.0 GiB

[2 rows x 9 columns]
2026-08-10 03:57:13.810 INFO Loading data (2024-08-27 00:00:00+00:00 -> 2024-09-26 00:00:00+00:00) done in 91.08s (real) and 65.32s (process)
2026-08-10 03:57:13.810 INFO Memory usage (start of timestep, peak): 309.90 GiB
2026-08-10 03:57:13.811 INFO Memory usage (start of timestep, current): 210.52 GiB
2026-08-10 03:57:13.811 INFO Calculating metrics
2026-08-10 03:57:13.811 INFO Calculating metric: statement_count
2026-08-10 03:57:13.944 INFO [statement_count] Memory snapshot — cache: 0.00 MB (type <class 'numpy.int64'>, N/A entries)
2026-08-10 03:57:13.944 INFO Calculating metric: reference_existence_per_statement_count_df
2026-08-10 06:28:57.812 INFO [reference_existence_per_statement_count_df] Memory snapshot — total: 147838.65 MB
  cache: 0.00 MB (N/A entries)
  cache_df: 147838.65 MB (1220144127 entries)
2026-08-10 06:28:57.823 INFO Calculating metric: reference_completeness_df
2026-08-10 06:28:57.832 INFO [reference_completeness_df] Memory snapshot — cache: 0.00 MB (type <class 'numpy.float64'>, N/A entries)
2026-08-10 06:28:57.833 INFO Memory usage (end of timestep, peak): 309.90 GiB
2026-08-10 06:28:57.833 INFO Memory usage (end of timestep, current): 211.95 GiB
2026-08-10 06:28:57.833 INFO (Iteration 144) statement_count: real 0.13s | cpu 1.42s
2026-08-10 06:28:57.833 INFO (Iteration 144) reference_existence_per_statement_count_df: real 9103.88s | cpu 9164.59s
2026-08-10 06:28:57.833 INFO (Iteration 144) reference_completeness_df: real 0.01s | cpu 0.01s
2026-08-10 06:28:57.834 INFO Iteration 144 finished in 9195.10s (real) and 9231.34s (process)
2026-08-10 06:28:57.835 INFO Start timestep 2024-09-26 00:00:00+00:00 -> 2024-10-26 00:00:00+00:00
2026-08-10 06:29:52.619 INFO DuckDB memory logs:
  database_name database_size  block_size  ...  wal_size  memory_usage  memory_limit
0   postgres_db       6.2 TiB           0  ...   0 bytes       8.8 GiB     267.0 GiB
1        memory       0 bytes           0  ...   0 bytes       8.8 GiB     267.0 GiB

[2 rows x 9 columns]
2026-08-10 06:29:52.620 INFO Loading data (2024-09-26 00:00:00+00:00 -> 2024-10-26 00:00:00+00:00) done in 54.78s (real) and 40.43s (process)
2026-08-10 06:29:52.620 INFO Memory usage (start of timestep, peak): 309.90 GiB
2026-08-10 06:29:52.620 INFO Memory usage (start of timestep, current): 209.33 GiB
2026-08-10 06:29:52.620 INFO Calculating metrics
2026-08-10 06:29:52.620 INFO Calculating metric: statement_count
2026-08-10 06:29:52.697 INFO [statement_count] Memory snapshot — cache: 0.00 MB (type <class 'numpy.int64'>, N/A entries)
2026-08-10 06:29:52.697 INFO Calculating metric: reference_existence_per_statement_count_df
2026-08-10 09:03:36.186 INFO [reference_existence_per_statement_count_df] Memory snapshot — total: 148005.37 MB
  cache: 0.00 MB (N/A entries)
  cache_df: 148005.37 MB (1221514418 entries)
2026-08-10 09:03:36.197 INFO Calculating metric: reference_completeness_df
2026-08-10 09:03:36.209 INFO [reference_completeness_df] Memory snapshot — cache: 0.00 MB (type <class 'numpy.float64'>, N/A entries)
2026-08-10 09:03:36.209 INFO Memory usage (end of timestep, peak): 309.90 GiB
2026-08-10 09:03:36.210 INFO Memory usage (end of timestep, current): 210.69 GiB
2026-08-10 09:03:36.210 INFO (Iteration 145) statement_count: real 0.08s | cpu 1.06s
2026-08-10 09:03:36.210 INFO (Iteration 145) reference_existence_per_statement_count_df: real 9223.50s | cpu 9279.53s
2026-08-10 09:03:36.210 INFO (Iteration 145) reference_completeness_df: real 0.01s | cpu 0.01s
2026-08-10 09:03:36.210 INFO Iteration 145 finished in 9278.38s (real) and 9321.02s (process)
2026-08-10 09:03:36.211 INFO Start timestep 2024-10-26 00:00:00+00:00 -> 2024-11-25 00:00:00+00:00
2026-08-10 09:05:32.326 INFO DuckDB memory logs:
  database_name database_size  block_size  ...  wal_size  memory_usage  memory_limit
0   postgres_db       6.2 TiB           0  ...   0 bytes      18.7 GiB     267.0 GiB
1        memory       0 bytes           0  ...   0 bytes      18.7 GiB     267.0 GiB

[2 rows x 9 columns]
2026-08-10 09:05:32.327 INFO Loading data (2024-10-26 00:00:00+00:00 -> 2024-11-25 00:00:00+00:00) done in 116.12s (real) and 156.49s (process)
2026-08-10 09:05:32.327 INFO Memory usage (start of timestep, peak): 309.90 GiB
2026-08-10 09:05:32.327 INFO Memory usage (start of timestep, current): 220.25 GiB
2026-08-10 09:05:32.327 INFO Calculating metrics
2026-08-10 09:05:32.327 INFO Calculating metric: statement_count
2026-08-10 09:05:32.454 INFO [statement_count] Memory snapshot — cache: 0.00 MB (type <class 'numpy.int64'>, N/A entries)
2026-08-10 09:05:32.455 INFO Calculating metric: reference_existence_per_statement_count_df
2026-08-10 11:32:49.354 INFO [reference_existence_per_statement_count_df] Memory snapshot — total: 148654.08 MB
  cache: 0.00 MB (N/A entries)
  cache_df: 148654.08 MB (1226854245 entries)
2026-08-10 11:32:49.366 INFO Calculating metric: reference_completeness_df
2026-08-10 11:32:49.376 INFO [reference_completeness_df] Memory snapshot — cache: 0.00 MB (type <class 'numpy.float64'>, N/A entries)
2026-08-10 11:32:49.376 INFO Memory usage (end of timestep, peak): 309.90 GiB
2026-08-10 11:32:49.376 INFO Memory usage (end of timestep, current): 220.76 GiB
2026-08-10 11:32:49.377 INFO (Iteration 146) statement_count: real 0.13s | cpu 1.72s
2026-08-10 11:32:49.377 INFO (Iteration 146) reference_existence_per_statement_count_df: real 8836.91s | cpu 8899.34s
2026-08-10 11:32:49.377 INFO (Iteration 146) reference_completeness_df: real 0.01s | cpu 0.01s
2026-08-10 11:32:49.377 INFO Iteration 146 finished in 8953.17s (real) and 9057.56s (process)
2026-08-10 11:32:49.378 INFO Start timestep 2024-11-25 00:00:00+00:00 -> 2024-12-25 00:00:00+00:00
2026-08-10 11:35:52.179 INFO DuckDB memory logs:
  database_name database_size  block_size  ...  wal_size  memory_usage  memory_limit
0   postgres_db       6.2 TiB           0  ...   0 bytes      29.7 GiB     267.0 GiB
1        memory       0 bytes           0  ...   0 bytes      29.7 GiB     267.0 GiB

[2 rows x 9 columns]
2026-08-10 11:35:52.180 INFO Loading data (2024-11-25 00:00:00+00:00 -> 2024-12-25 00:00:00+00:00) done in 182.80s (real) and 176.27s (process)
2026-08-10 11:35:52.180 INFO Memory usage (start of timestep, peak): 309.90 GiB
2026-08-10 11:35:52.180 INFO Memory usage (start of timestep, current): 233.51 GiB
2026-08-10 11:35:52.180 INFO Calculating metrics
2026-08-10 11:35:52.181 INFO Calculating metric: statement_count
2026-08-10 11:35:52.336 INFO [statement_count] Memory snapshot — cache: 0.00 MB (type <class 'numpy.int64'>, N/A entries)
2026-08-10 11:35:52.336 INFO Calculating metric: reference_existence_per_statement_count_df
2026-08-10 14:04:16.573 INFO [reference_existence_per_statement_count_df] Memory snapshot — total: 149701.95 MB
  cache: 0.00 MB (N/A entries)
  cache_df: 149701.95 MB (1235503087 entries)
2026-08-10 14:04:16.575 INFO Calculating metric: reference_completeness_df
2026-08-10 14:04:16.613 INFO [reference_completeness_df] Memory snapshot — cache: 0.00 MB (type <class 'numpy.float64'>, N/A entries)
2026-08-10 14:04:16.613 INFO Memory usage (end of timestep, peak): 322.11 GiB
2026-08-10 14:04:16.613 INFO Memory usage (end of timestep, current): 233.15 GiB
2026-08-10 14:04:16.614 INFO (Iteration 147) statement_count: real 0.16s | cpu 2.04s
2026-08-10 14:04:16.614 INFO (Iteration 147) reference_existence_per_statement_count_df: real 8904.24s | cpu 8972.16s
2026-08-10 14:04:16.614 INFO (Iteration 147) reference_completeness_df: real 0.04s | cpu 0.01s
2026-08-10 14:04:16.614 INFO Iteration 147 finished in 9087.24s (real) and 9150.47s (process)
2026-08-10 14:04:16.616 INFO Start timestep 2024-12-25 00:00:00+00:00 -> 2025-01-24 00:00:00+00:00
2026-08-10 14:07:36.713 INFO DuckDB memory logs:
  database_name database_size  block_size  ...  wal_size  memory_usage  memory_limit
0   postgres_db       6.2 TiB           0  ...   0 bytes      29.7 GiB     267.0 GiB
1        memory       0 bytes           0  ...   0 bytes      29.7 GiB     267.0 GiB

[2 rows x 9 columns]
2026-08-10 14:07:36.714 INFO Loading data (2024-12-25 00:00:00+00:00 -> 2025-01-24 00:00:00+00:00) done in 200.10s (real) and 158.55s (process)
2026-08-10 14:07:36.714 INFO Memory usage (start of timestep, peak): 322.11 GiB
2026-08-10 14:07:36.715 INFO Memory usage (start of timestep, current): 232.64 GiB
2026-08-10 14:07:36.715 INFO Calculating metrics
2026-08-10 14:07:36.715 INFO Calculating metric: statement_count
2026-08-10 14:07:36.899 INFO [statement_count] Memory snapshot — cache: 0.00 MB (type <class 'numpy.int64'>, N/A entries)
2026-08-10 14:07:36.900 INFO Calculating metric: reference_existence_per_statement_count_df
2026-08-10 16:36:29.571 INFO [reference_existence_per_statement_count_df] Memory snapshot — total: 150837.18 MB
  cache: 0.00 MB (N/A entries)
  cache_df: 150837.18 MB (1244867592 entries)
2026-08-10 16:36:29.572 INFO Calculating metric: reference_completeness_df
2026-08-10 16:36:29.584 INFO [reference_completeness_df] Memory snapshot — cache: 0.00 MB (type <class 'numpy.float64'>, N/A entries)
2026-08-10 16:36:29.585 INFO Memory usage (end of timestep, peak): 324.30 GiB
2026-08-10 16:36:29.585 INFO Memory usage (end of timestep, current): 234.32 GiB
2026-08-10 16:36:29.585 INFO (Iteration 148) statement_count: real 0.18s | cpu 2.13s
2026-08-10 16:36:29.586 INFO (Iteration 148) reference_existence_per_statement_count_df: real 8932.67s | cpu 9003.04s
2026-08-10 16:36:29.586 INFO (Iteration 148) reference_completeness_df: real 0.01s | cpu 0.01s
2026-08-10 16:36:29.586 INFO Iteration 148 finished in 9132.97s (real) and 9163.73s (process)
2026-08-10 16:36:29.587 INFO Start timestep 2025-01-24 00:00:00+00:00 -> 2025-02-23 00:00:00+00:00
2026-08-10 16:39:59.775 INFO DuckDB memory logs:
  database_name database_size  block_size  ...  wal_size  memory_usage  memory_limit
0   postgres_db       6.2 TiB           0  ...   0 bytes      24.3 GiB     267.0 GiB
1        memory       0 bytes           0  ...   0 bytes      24.3 GiB     267.0 GiB

[2 rows x 9 columns]
2026-08-10 16:39:59.775 INFO Loading data (2025-01-24 00:00:00+00:00 -> 2025-02-23 00:00:00+00:00) done in 210.19s (real) and 150.36s (process)
2026-08-10 16:39:59.776 INFO Memory usage (start of timestep, peak): 324.30 GiB
2026-08-10 16:39:59.776 INFO Memory usage (start of timestep, current): 228.38 GiB
2026-08-10 16:39:59.776 INFO Calculating metrics
2026-08-10 16:39:59.776 INFO Calculating metric: statement_count
2026-08-10 16:39:59.928 INFO [statement_count] Memory snapshot — cache: 0.00 MB (type <class 'numpy.int64'>, N/A entries)
2026-08-10 16:39:59.928 INFO Calculating metric: reference_existence_per_statement_count_df
2026-08-10 19:19:37.940 INFO [reference_existence_per_statement_count_df] Memory snapshot — total: 151749.47 MB
  cache: 0.00 MB (N/A entries)
  cache_df: 151749.47 MB (1252378911 entries)
2026-08-10 19:19:37.941 INFO Calculating metric: reference_completeness_df
2026-08-10 19:19:37.983 INFO [reference_completeness_df] Memory snapshot — cache: 0.00 MB (type <class 'numpy.float64'>, N/A entries)
2026-08-10 19:19:37.984 INFO Memory usage (end of timestep, peak): 324.30 GiB
2026-08-10 19:19:37.984 INFO Memory usage (end of timestep, current): 230.04 GiB
2026-08-10 19:19:37.984 INFO (Iteration 149) statement_count: real 0.15s | cpu 1.99s
2026-08-10 19:19:37.984 INFO (Iteration 149) reference_existence_per_statement_count_df: real 9578.01s | cpu 9648.34s
2026-08-10 19:19:37.984 INFO (Iteration 149) reference_completeness_df: real 0.04s | cpu 0.00s
2026-08-10 19:19:37.984 INFO Iteration 149 finished in 9788.40s (real) and 9800.70s (process)
2026-08-10 19:19:37.986 INFO Start timestep 2025-02-23 00:00:00+00:00 -> 2025-03-25 00:00:00+00:00
2026-08-10 19:21:05.493 INFO DuckDB memory logs:
  database_name database_size  block_size  ...  wal_size  memory_usage  memory_limit
0   postgres_db       6.2 TiB           0  ...   0 bytes      11.3 GiB     267.0 GiB
1        memory       0 bytes           0  ...   0 bytes      11.3 GiB     267.0 GiB

[2 rows x 9 columns]
2026-08-10 19:21:05.494 INFO Loading data (2025-02-23 00:00:00+00:00 -> 2025-03-25 00:00:00+00:00) done in 87.51s (real) and 64.97s (process)
2026-08-10 19:21:05.494 INFO Memory usage (start of timestep, peak): 324.30 GiB
2026-08-10 19:21:05.494 INFO Memory usage (start of timestep, current): 216.90 GiB
2026-08-10 19:21:05.494 INFO Calculating metrics
2026-08-10 19:21:05.494 INFO Calculating metric: statement_count
2026-08-10 19:21:05.609 INFO [statement_count] Memory snapshot — cache: 0.00 MB (type <class 'numpy.int64'>, N/A entries)
2026-08-10 19:21:05.609 INFO Calculating metric: reference_existence_per_statement_count_df
2026-08-10 21:56:48.399 INFO [reference_existence_per_statement_count_df] Memory snapshot — total: 152024.79 MB
  cache: 0.00 MB (N/A entries)
  cache_df: 152024.79 MB (1254641075 entries)
2026-08-10 21:56:48.400 INFO Calculating metric: reference_completeness_df
2026-08-10 21:56:48.430 INFO [reference_completeness_df] Memory snapshot — cache: 0.00 MB (type <class 'numpy.float64'>, N/A entries)
2026-08-10 21:56:48.430 INFO Memory usage (end of timestep, peak): 324.30 GiB
2026-08-10 21:56:48.431 INFO Memory usage (end of timestep, current): 217.51 GiB
2026-08-10 21:56:48.431 INFO (Iteration 150) statement_count: real 0.11s | cpu 1.59s
2026-08-10 21:56:48.431 INFO (Iteration 150) reference_existence_per_statement_count_df: real 9342.79s | cpu 9403.76s
2026-08-10 21:56:48.431 INFO (Iteration 150) reference_completeness_df: real 0.03s | cpu 0.00s
2026-08-10 21:56:48.431 INFO Iteration 150 finished in 9430.45s (real) and 9470.34s (process)
2026-08-10 21:56:48.433 INFO Start timestep 2025-03-25 00:00:00+00:00 -> 2025-04-24 00:00:00+00:00
2026-08-10 21:57:37.631 INFO DuckDB memory logs:
  database_name database_size  block_size  ...  wal_size  memory_usage  memory_limit
0   postgres_db       6.2 TiB           0  ...   0 bytes       7.2 GiB     267.0 GiB
1        memory       0 bytes           0  ...   0 bytes       7.2 GiB     267.0 GiB

[2 rows x 9 columns]
2026-08-10 21:57:37.632 INFO Loading data (2025-03-25 00:00:00+00:00 -> 2025-04-24 00:00:00+00:00) done in 49.20s (real) and 35.96s (process)
2026-08-10 21:57:37.632 INFO Memory usage (start of timestep, peak): 324.30 GiB
2026-08-10 21:57:37.633 INFO Memory usage (start of timestep, current): 213.44 GiB
2026-08-10 21:57:37.633 INFO Calculating metrics
2026-08-10 21:57:37.633 INFO Calculating metric: statement_count
2026-08-10 21:57:37.746 INFO [statement_count] Memory snapshot — cache: 0.00 MB (type <class 'numpy.int64'>, N/A entries)
2026-08-10 21:57:37.747 INFO Calculating metric: reference_existence_per_statement_count_df
2026-08-11 00:38:44.969 INFO [reference_existence_per_statement_count_df] Memory snapshot — total: 152227.23 MB
  cache: 0.00 MB (N/A entries)
  cache_df: 152227.23 MB (1256307936 entries)
2026-08-11 00:38:44.981 INFO Calculating metric: reference_completeness_df
2026-08-11 00:38:45.002 INFO [reference_completeness_df] Memory snapshot — cache: 0.00 MB (type <class 'numpy.float64'>, N/A entries)
2026-08-11 00:38:45.003 INFO Memory usage (end of timestep, peak): 324.30 GiB
2026-08-11 00:38:45.003 INFO Memory usage (end of timestep, current): 213.72 GiB
2026-08-11 00:38:45.003 INFO (Iteration 151) statement_count: real 0.11s | cpu 1.16s
2026-08-11 00:38:45.003 INFO (Iteration 151) reference_existence_per_statement_count_df: real 9667.23s | cpu 9728.61s
2026-08-11 00:38:45.004 INFO (Iteration 151) reference_completeness_df: real 0.02s | cpu 0.01s
2026-08-11 00:38:45.004 INFO Iteration 151 finished in 9716.57s (real) and 9765.74s (process)
2026-08-11 00:38:45.005 INFO Start timestep 2025-04-24 00:00:00+00:00 -> 2025-05-24 00:00:00+00:00
2026-08-11 00:40:07.216 INFO DuckDB memory logs:
  database_name database_size  block_size  ...  wal_size  memory_usage  memory_limit
0   postgres_db       6.2 TiB           0  ...   0 bytes      13.1 GiB     267.0 GiB
1        memory       0 bytes           0  ...   0 bytes      13.1 GiB     267.0 GiB

[2 rows x 9 columns]
2026-08-11 00:40:07.217 INFO Loading data (2025-04-24 00:00:00+00:00 -> 2025-05-24 00:00:00+00:00) done in 82.21s (real) and 77.86s (process)
2026-08-11 00:40:07.217 INFO Memory usage (start of timestep, peak): 324.30 GiB
2026-08-11 00:40:07.218 INFO Memory usage (start of timestep, current): 219.32 GiB
2026-08-11 00:40:07.218 INFO Calculating metrics
2026-08-11 00:40:07.218 INFO Calculating metric: statement_count
2026-08-11 00:40:07.311 INFO [statement_count] Memory snapshot — cache: 0.00 MB (type <class 'numpy.int64'>, N/A entries)
2026-08-11 00:40:07.311 INFO Calculating metric: reference_existence_per_statement_count_df
