Commit at submit time: 8bbba465304b7e5f12d022749ca1304596f05288
Running from snapshot: /tmp/mp2025-wikiwatch-1812093
DuckDB memory_limit: 343.3 GiB
2026-04-02 11:59:56.419 INFO starting
2026-04-02 11:59:56.419 INFO Memory logging: False
2026-04-02 11:59:56.419 INFO Less entities: False
2026-04-02 11:59:56.419 INFO Use cache: False
2026-04-02 11:59:58.118 INFO [subject_constraint_violation_count] initialized (rules=8350, watched_props=8348, use_cache=False)
2026-04-02 12:00:01.526 INFO Start timestep 2012-10-29 00:00:00+00:00 -> 2012-11-28 00:00:00+00:00
2026-04-02 12:00:08.421 INFO Loading data (2012-10-29 00:00:00+00:00 -> 2012-11-28 00:00:00+00:00) done in 6.89s (real) and 7.01s (process)
2026-04-02 12:00:08.421 INFO Memory usage (start of timestep): 0.71 GB
2026-04-02 12:00:08.421 INFO Calculating metrics
2026-04-02 12:00:08.422 INFO Calculating metric: subject_constraint_violation_count
2026-04-02 12:00:08.463 INFO [subject_constraint_violation_count] no rows returned
2026-04-02 12:00:08.464 INFO Calculating metric: statement_count_property_subject
2026-04-02 12:00:08.499 INFO Calculating metric: range_constraint_violation_count
2026-04-02 12:00:08.505 INFO Calculating metric: range_constraint_violation_count_mandatory
2026-04-02 12:00:08.509 INFO Calculating metric: range_constraint_violation_count_regular
2026-04-02 12:00:08.514 INFO Calculating metric: range_constraint_violation_count_suggestion
2026-04-02 12:00:08.516 INFO Calculating metric: statement_count_property_range_all
2026-04-02 12:00:08.527 INFO Calculating metric: statement_count_property_range_mandatory
2026-04-02 12:00:08.532 INFO Calculating metric: statement_count_property_range_regular
2026-04-02 12:00:08.538 INFO Calculating metric: statement_count_property_range_suggestion
2026-04-02 12:00:08.544 INFO Calculating metric: subject_constraint_violation_total
2026-04-02 12:00:08.547 INFO Calculating metric: range_constraint_violation_total_all
2026-04-02 12:00:08.549 INFO Calculating metric: range_constraint_violation_total_mandatory
2026-04-02 12:00:08.551 INFO Calculating metric: range_constraint_violation_total_regular
2026-04-02 12:00:08.553 INFO Calculating metric: range_constraint_violation_total_suggestion
2026-04-02 12:00:08.556 INFO Calculating metric: subject_constraint_violation_ratio
2026-04-02 12:00:08.556 INFO Calculating metric: range_constraint_violation_ratio
2026-04-02 12:00:08.556 INFO Calculating metric: range_constraint_violation_ratio_mandatory
2026-04-02 12:00:08.556 INFO Calculating metric: range_constraint_violation_ratio_regular
2026-04-02 12:00:08.556 INFO Calculating metric: range_constraint_violation_ratio_suggestion
2026-04-02 12:00:08.556 INFO Calculating metric: subject_constraint_completeness
2026-04-02 12:00:08.558 INFO Calculating metric: range_constraint_completeness
2026-04-02 12:00:08.561 INFO Calculating metric: range_constraint_completeness_mandatory
2026-04-02 12:00:08.564 INFO Calculating metric: range_constraint_completeness_regular
2026-04-02 12:00:08.566 INFO Calculating metric: range_constraint_completeness_suggestion
2026-04-02 12:00:08.568 INFO Memory usage (end of timestep): 0.71 GB
2026-04-02 12:00:08.569 INFO (Iteration 0) subject_constraint_violation_count: real 0.04s | cpu 0.02s
2026-04-02 12:00:08.569 INFO (Iteration 0) statement_count_property_subject: real 0.03s | cpu 0.02s
2026-04-02 12:00:08.569 INFO (Iteration 0) subject_constraint_violation_total: real 0.00s | cpu 0.00s
2026-04-02 12:00:08.569 INFO (Iteration 0) subject_constraint_violation_ratio: real 0.00s | cpu 0.00s
2026-04-02 12:00:08.569 INFO (Iteration 0) subject_constraint_completeness: real 0.00s | cpu 0.00s
2026-04-02 12:00:08.569 INFO (Iteration 0) range_constraint_violation_count: real 0.01s | cpu 0.01s
2026-04-02 12:00:08.569 INFO (Iteration 0) range_constraint_violation_count_mandatory: real 0.00s | cpu 0.01s
2026-04-02 12:00:08.569 INFO (Iteration 0) range_constraint_violation_count_regular: real 0.00s | cpu 0.01s
2026-04-02 12:00:08.569 INFO (Iteration 0) range_constraint_violation_count_suggestion: real 0.00s | cpu 0.00s
2026-04-02 12:00:08.569 INFO (Iteration 0) statement_count_property_range_all: real 0.01s | cpu 0.01s
2026-04-02 12:00:08.569 INFO (Iteration 0) statement_count_property_range_mandatory: real 0.01s | cpu 0.01s
2026-04-02 12:00:08.569 INFO (Iteration 0) statement_count_property_range_regular: real 0.01s | cpu 0.01s
2026-04-02 12:00:08.569 INFO (Iteration 0) statement_count_property_range_suggestion: real 0.01s | cpu 0.01s
2026-04-02 12:00:08.569 INFO (Iteration 0) range_constraint_violation_total_all: real 0.00s | cpu 0.00s
2026-04-02 12:00:08.569 INFO (Iteration 0) range_constraint_violation_ratio: real 0.00s | cpu 0.00s
2026-04-02 12:00:08.569 INFO (Iteration 0) range_constraint_completeness: real 0.00s | cpu 0.00s
2026-04-02 12:00:08.569 INFO (Iteration 0) range_constraint_violation_total_mandatory: real 0.00s | cpu 0.00s
2026-04-02 12:00:08.569 INFO (Iteration 0) range_constraint_violation_ratio_mandatory: real 0.00s | cpu 0.00s
2026-04-02 12:00:08.569 INFO (Iteration 0) range_constraint_completeness_mandatory: real 0.00s | cpu 0.00s
2026-04-02 12:00:08.569 INFO (Iteration 0) range_constraint_violation_total_regular: real 0.00s | cpu 0.00s
2026-04-02 12:00:08.569 INFO (Iteration 0) range_constraint_violation_ratio_regular: real 0.00s | cpu 0.00s
2026-04-02 12:00:08.569 INFO (Iteration 0) range_constraint_completeness_regular: real 0.00s | cpu 0.00s
2026-04-02 12:00:08.569 INFO (Iteration 0) range_constraint_violation_total_suggestion: real 0.00s | cpu 0.00s
2026-04-02 12:00:08.569 INFO (Iteration 0) range_constraint_violation_ratio_suggestion: real 0.00s | cpu 0.00s
2026-04-02 12:00:08.569 INFO (Iteration 0) range_constraint_completeness_suggestion: real 0.00s | cpu 0.00s
2026-04-02 12:00:08.569 INFO Iteration 0 finished in 7.04s (real) and 7.11s (process)
2026-04-02 12:00:08.569 INFO Start timestep 2012-11-28 00:00:00+00:00 -> 2012-12-28 00:00:00+00:00
2026-04-02 12:00:28.832 INFO Loading data (2012-11-28 00:00:00+00:00 -> 2012-12-28 00:00:00+00:00) done in 20.26s (real) and 10.92s (process)
2026-04-02 12:00:28.833 INFO Memory usage (start of timestep): 2.03 GB
2026-04-02 12:00:28.833 INFO Calculating metrics
2026-04-02 12:00:28.833 INFO Calculating metric: subject_constraint_violation_count
2026-04-02 12:00:28.852 INFO [subject_constraint_violation_count] no rows returned
2026-04-02 12:00:28.853 INFO Calculating metric: statement_count_property_subject
2026-04-02 12:00:28.872 INFO Calculating metric: range_constraint_violation_count
2026-04-02 12:00:28.875 INFO Calculating metric: range_constraint_violation_count_mandatory
2026-04-02 12:00:28.877 INFO Calculating metric: range_constraint_violation_count_regular
2026-04-02 12:00:28.879 INFO Calculating metric: range_constraint_violation_count_suggestion
2026-04-02 12:00:28.881 INFO Calculating metric: statement_count_property_range_all
2026-04-02 12:00:28.888 INFO Calculating metric: statement_count_property_range_mandatory
2026-04-02 12:00:28.894 INFO Calculating metric: statement_count_property_range_regular
2026-04-02 12:00:28.900 INFO Calculating metric: statement_count_property_range_suggestion
2026-04-02 12:00:28.905 INFO Calculating metric: subject_constraint_violation_total
2026-04-02 12:00:28.907 INFO Calculating metric: range_constraint_violation_total_all
2026-04-02 12:00:28.910 INFO Calculating metric: range_constraint_violation_total_mandatory
2026-04-02 12:00:28.913 INFO Calculating metric: range_constraint_violation_total_regular
2026-04-02 12:00:28.915 INFO Calculating metric: range_constraint_violation_total_suggestion
2026-04-02 12:00:28.917 INFO Calculating metric: subject_constraint_violation_ratio
2026-04-02 12:00:28.917 INFO Calculating metric: range_constraint_violation_ratio
2026-04-02 12:00:28.917 INFO Calculating metric: range_constraint_violation_ratio_mandatory
2026-04-02 12:00:28.917 INFO Calculating metric: range_constraint_violation_ratio_regular
2026-04-02 12:00:28.917 INFO Calculating metric: range_constraint_violation_ratio_suggestion
2026-04-02 12:00:28.917 INFO Calculating metric: subject_constraint_completeness
2026-04-02 12:00:28.920 INFO Calculating metric: range_constraint_completeness
2026-04-02 12:00:28.922 INFO Calculating metric: range_constraint_completeness_mandatory
2026-04-02 12:00:28.925 INFO Calculating metric: range_constraint_completeness_regular
2026-04-02 12:00:28.927 INFO Calculating metric: range_constraint_completeness_suggestion
2026-04-02 12:00:28.929 INFO Memory usage (end of timestep): 2.03 GB
2026-04-02 12:00:28.929 INFO (Iteration 1) subject_constraint_violation_count: real 0.02s | cpu 0.02s
2026-04-02 12:00:28.930 INFO (Iteration 1) statement_count_property_subject: real 0.02s | cpu 0.02s
2026-04-02 12:00:28.930 INFO (Iteration 1) subject_constraint_violation_total: real 0.00s | cpu 0.00s
2026-04-02 12:00:28.930 INFO (Iteration 1) subject_constraint_violation_ratio: real 0.00s | cpu 0.00s
2026-04-02 12:00:28.930 INFO (Iteration 1) subject_constraint_completeness: real 0.00s | cpu 0.00s
2026-04-02 12:00:28.930 INFO (Iteration 1) range_constraint_violation_count: real 0.00s | cpu 0.00s
2026-04-02 12:00:28.930 INFO (Iteration 1) range_constraint_violation_count_mandatory: real 0.00s | cpu 0.00s
2026-04-02 12:00:28.930 INFO (Iteration 1) range_constraint_violation_count_regular: real 0.00s | cpu 0.00s
2026-04-02 12:00:28.930 INFO (Iteration 1) range_constraint_violation_count_suggestion: real 0.00s | cpu 0.00s
2026-04-02 12:00:28.930 INFO (Iteration 1) statement_count_property_range_all: real 0.01s | cpu 0.01s
2026-04-02 12:00:28.930 INFO (Iteration 1) statement_count_property_range_mandatory: real 0.01s | cpu 0.01s
2026-04-02 12:00:28.930 INFO (Iteration 1) statement_count_property_range_regular: real 0.01s | cpu 0.01s
2026-04-02 12:00:28.930 INFO (Iteration 1) statement_count_property_range_suggestion: real 0.00s | cpu 0.01s
2026-04-02 12:00:28.930 INFO (Iteration 1) range_constraint_violation_total_all: real 0.00s | cpu 0.00s
2026-04-02 12:00:28.930 INFO (Iteration 1) range_constraint_violation_ratio: real 0.00s | cpu 0.00s
2026-04-02 12:00:28.930 INFO (Iteration 1) range_constraint_completeness: real 0.00s | cpu 0.00s
2026-04-02 12:00:28.930 INFO (Iteration 1) range_constraint_violation_total_mandatory: real 0.00s | cpu 0.00s
2026-04-02 12:00:28.930 INFO (Iteration 1) range_constraint_violation_ratio_mandatory: real 0.00s | cpu 0.00s
2026-04-02 12:00:28.930 INFO (Iteration 1) range_constraint_completeness_mandatory: real 0.00s | cpu 0.00s
2026-04-02 12:00:28.930 INFO (Iteration 1) range_constraint_violation_total_regular: real 0.00s | cpu 0.00s
2026-04-02 12:00:28.930 INFO (Iteration 1) range_constraint_violation_ratio_regular: real 0.00s | cpu 0.00s
2026-04-02 12:00:28.930 INFO (Iteration 1) range_constraint_completeness_regular: real 0.00s | cpu 0.00s
2026-04-02 12:00:28.930 INFO (Iteration 1) range_constraint_violation_total_suggestion: real 0.00s | cpu 0.00s
2026-04-02 12:00:28.930 INFO (Iteration 1) range_constraint_violation_ratio_suggestion: real 0.00s | cpu 0.00s
2026-04-02 12:00:28.930 INFO (Iteration 1) range_constraint_completeness_suggestion: real 0.00s | cpu 0.00s
2026-04-02 12:00:28.930 INFO Iteration 1 finished in 20.36s (real) and 11.02s (process)
2026-04-02 12:00:28.939 INFO Start timestep 2012-12-28 00:00:00+00:00 -> 2013-01-27 00:00:00+00:00
2026-04-02 12:00:38.802 INFO Loading data (2012-12-28 00:00:00+00:00 -> 2013-01-27 00:00:00+00:00) done in 9.86s (real) and 7.15s (process)
2026-04-02 12:00:38.802 INFO Memory usage (start of timestep): 2.32 GB
2026-04-02 12:00:38.802 INFO Calculating metrics
2026-04-02 12:00:38.802 INFO Calculating metric: subject_constraint_violation_count
2026-04-02 12:00:38.820 INFO [subject_constraint_violation_count] no rows returned
2026-04-02 12:00:38.821 INFO Calculating metric: statement_count_property_subject
2026-04-02 12:00:38.839 INFO Calculating metric: range_constraint_violation_count
2026-04-02 12:00:38.843 INFO Calculating metric: range_constraint_violation_count_mandatory
2026-04-02 12:00:38.845 INFO Calculating metric: range_constraint_violation_count_regular
2026-04-02 12:00:38.847 INFO Calculating metric: range_constraint_violation_count_suggestion
2026-04-02 12:00:38.849 INFO Calculating metric: statement_count_property_range_all
2026-04-02 12:00:38.856 INFO Calculating metric: statement_count_property_range_mandatory
2026-04-02 12:00:38.862 INFO Calculating metric: statement_count_property_range_regular
2026-04-02 12:00:38.867 INFO Calculating metric: statement_count_property_range_suggestion
2026-04-02 12:00:38.873 INFO Calculating metric: subject_constraint_violation_total
2026-04-02 12:00:38.875 INFO Calculating metric: range_constraint_violation_total_all
2026-04-02 12:00:38.878 INFO Calculating metric: range_constraint_violation_total_mandatory
2026-04-02 12:00:38.880 INFO Calculating metric: range_constraint_violation_total_regular
2026-04-02 12:00:38.882 INFO Calculating metric: range_constraint_violation_total_suggestion
2026-04-02 12:00:38.883 INFO Calculating metric: subject_constraint_violation_ratio
2026-04-02 12:00:38.883 INFO Calculating metric: range_constraint_violation_ratio
2026-04-02 12:00:38.883 INFO Calculating metric: range_constraint_violation_ratio_mandatory
2026-04-02 12:00:38.883 INFO Calculating metric: range_constraint_violation_ratio_regular
2026-04-02 12:00:38.884 INFO Calculating metric: range_constraint_violation_ratio_suggestion
2026-04-02 12:00:38.884 INFO Calculating metric: subject_constraint_completeness
2026-04-02 12:00:38.885 INFO Calculating metric: range_constraint_completeness
2026-04-02 12:00:38.887 INFO Calculating metric: range_constraint_completeness_mandatory
2026-04-02 12:00:38.889 INFO Calculating metric: range_constraint_completeness_regular
2026-04-02 12:00:38.891 INFO Calculating metric: range_constraint_completeness_suggestion
2026-04-02 12:00:38.893 INFO Memory usage (end of timestep): 2.32 GB
2026-04-02 12:00:38.893 INFO (Iteration 2) subject_constraint_violation_count: real 0.02s | cpu 0.02s
2026-04-02 12:00:38.893 INFO (Iteration 2) statement_count_property_subject: real 0.02s | cpu 0.02s
2026-04-02 12:00:38.893 INFO (Iteration 2) subject_constraint_violation_total: real 0.00s | cpu 0.00s
2026-04-02 12:00:38.893 INFO (Iteration 2) subject_constraint_violation_ratio: real 0.00s | cpu 0.00s
2026-04-02 12:00:38.893 INFO (Iteration 2) subject_constraint_completeness: real 0.00s | cpu 0.00s
2026-04-02 12:00:38.893 INFO (Iteration 2) range_constraint_violation_count: real 0.00s | cpu 0.00s
2026-04-02 12:00:38.893 INFO (Iteration 2) range_constraint_violation_count_mandatory: real 0.00s | cpu 0.00s
2026-04-02 12:00:38.893 INFO (Iteration 2) range_constraint_violation_count_regular: real 0.00s | cpu 0.00s
2026-04-02 12:00:38.893 INFO (Iteration 2) range_constraint_violation_count_suggestion: real 0.00s | cpu 0.00s
2026-04-02 12:00:38.893 INFO (Iteration 2) statement_count_property_range_all: real 0.01s | cpu 0.01s
2026-04-02 12:00:38.893 INFO (Iteration 2) statement_count_property_range_mandatory: real 0.01s | cpu 0.01s
2026-04-02 12:00:38.893 INFO (Iteration 2) statement_count_property_range_regular: real 0.01s | cpu 0.01s
2026-04-02 12:00:38.893 INFO (Iteration 2) statement_count_property_range_suggestion: real 0.01s | cpu 0.01s
2026-04-02 12:00:38.893 INFO (Iteration 2) range_constraint_violation_total_all: real 0.00s | cpu 0.00s
2026-04-02 12:00:38.893 INFO (Iteration 2) range_constraint_violation_ratio: real 0.00s | cpu 0.00s
2026-04-02 12:00:38.893 INFO (Iteration 2) range_constraint_completeness: real 0.00s | cpu 0.00s
2026-04-02 12:00:38.893 INFO (Iteration 2) range_constraint_violation_total_mandatory: real 0.00s | cpu 0.00s
2026-04-02 12:00:38.893 INFO (Iteration 2) range_constraint_violation_ratio_mandatory: real 0.00s | cpu 0.00s
2026-04-02 12:00:38.893 INFO (Iteration 2) range_constraint_completeness_mandatory: real 0.00s | cpu 0.00s
2026-04-02 12:00:38.893 INFO (Iteration 2) range_constraint_violation_total_regular: real 0.00s | cpu 0.00s
2026-04-02 12:00:38.893 INFO (Iteration 2) range_constraint_violation_ratio_regular: real 0.00s | cpu 0.00s
2026-04-02 12:00:38.893 INFO (Iteration 2) range_constraint_completeness_regular: real 0.00s | cpu 0.00s
2026-04-02 12:00:38.893 INFO (Iteration 2) range_constraint_violation_total_suggestion: real 0.00s | cpu 0.00s
2026-04-02 12:00:38.893 INFO (Iteration 2) range_constraint_violation_ratio_suggestion: real 0.00s | cpu 0.00s
2026-04-02 12:00:38.893 INFO (Iteration 2) range_constraint_completeness_suggestion: real 0.00s | cpu 0.00s
2026-04-02 12:00:38.893 INFO Iteration 2 finished in 9.95s (real) and 7.24s (process)
2026-04-02 12:00:38.893 INFO Start timestep 2013-01-27 00:00:00+00:00 -> 2013-02-26 00:00:00+00:00
2026-04-02 12:00:47.050 INFO Loading data (2013-01-27 00:00:00+00:00 -> 2013-02-26 00:00:00+00:00) done in 8.16s (real) and 4.88s (process)
2026-04-02 12:00:47.050 INFO Memory usage (start of timestep): 2.32 GB
2026-04-02 12:00:47.050 INFO Calculating metrics
2026-04-02 12:00:47.050 INFO Calculating metric: subject_constraint_violation_count
2026-04-02 12:00:47.239 INFO [subject_constraint_violation_count] processed rows=112090, result_rows=67
2026-04-02 12:00:47.343 INFO Calculating metric: statement_count_property_subject
2026-04-02 12:00:47.467 INFO Calculating metric: range_constraint_violation_count
2026-04-02 12:00:47.470 INFO Calculating metric: range_constraint_violation_count_mandatory
2026-04-02 12:00:47.472 INFO Calculating metric: range_constraint_violation_count_regular
2026-04-02 12:00:47.475 INFO Calculating metric: range_constraint_violation_count_suggestion
2026-04-02 12:00:47.478 INFO Calculating metric: statement_count_property_range_all
2026-04-02 12:00:47.486 INFO Calculating metric: statement_count_property_range_mandatory
2026-04-02 12:00:47.492 INFO Calculating metric: statement_count_property_range_regular
2026-04-02 12:00:47.497 INFO Calculating metric: statement_count_property_range_suggestion
2026-04-02 12:00:47.502 INFO Calculating metric: subject_constraint_violation_total
2026-04-02 12:00:47.505 INFO Calculating metric: range_constraint_violation_total_all
2026-04-02 12:00:47.507 INFO Calculating metric: range_constraint_violation_total_mandatory
2026-04-02 12:00:47.509 INFO Calculating metric: range_constraint_violation_total_regular
2026-04-02 12:00:47.511 INFO Calculating metric: range_constraint_violation_total_suggestion
2026-04-02 12:00:47.513 INFO Calculating metric: subject_constraint_violation_ratio
2026-04-02 12:00:47.515 INFO Calculating metric: range_constraint_violation_ratio
2026-04-02 12:00:47.515 INFO Calculating metric: range_constraint_violation_ratio_mandatory
2026-04-02 12:00:47.516 INFO Calculating metric: range_constraint_violation_ratio_regular
2026-04-02 12:00:47.516 INFO Calculating metric: range_constraint_violation_ratio_suggestion
2026-04-02 12:00:47.516 INFO Calculating metric: subject_constraint_completeness
2026-04-02 12:00:47.518 INFO Calculating metric: range_constraint_completeness
2026-04-02 12:00:47.520 INFO Calculating metric: range_constraint_completeness_mandatory
2026-04-02 12:00:47.521 INFO Calculating metric: range_constraint_completeness_regular
2026-04-02 12:00:47.523 INFO Calculating metric: range_constraint_completeness_suggestion
2026-04-02 12:00:47.525 INFO Memory usage (end of timestep): 2.32 GB
2026-04-02 12:00:47.525 INFO (Iteration 3) subject_constraint_violation_count: real 0.29s | cpu 0.32s
2026-04-02 12:00:47.525 INFO (Iteration 3) statement_count_property_subject: real 0.12s | cpu 0.21s
2026-04-02 12:00:47.525 INFO (Iteration 3) subject_constraint_violation_total: real 0.00s | cpu 0.00s
2026-04-02 12:00:47.525 INFO (Iteration 3) subject_constraint_violation_ratio: real 0.00s | cpu 0.00s
2026-04-02 12:00:47.525 INFO (Iteration 3) subject_constraint_completeness: real 0.00s | cpu 0.00s
2026-04-02 12:00:47.525 INFO (Iteration 3) range_constraint_violation_count: real 0.00s | cpu 0.01s
2026-04-02 12:00:47.525 INFO (Iteration 3) range_constraint_violation_count_mandatory: real 0.00s | cpu 0.00s
2026-04-02 12:00:47.525 INFO (Iteration 3) range_constraint_violation_count_regular: real 0.00s | cpu 0.00s
2026-04-02 12:00:47.525 INFO (Iteration 3) range_constraint_violation_count_suggestion: real 0.00s | cpu 0.01s
2026-04-02 12:00:47.525 INFO (Iteration 3) statement_count_property_range_all: real 0.01s | cpu 0.01s
2026-04-02 12:00:47.525 INFO (Iteration 3) statement_count_property_range_mandatory: real 0.01s | cpu 0.01s
2026-04-02 12:00:47.525 INFO (Iteration 3) statement_count_property_range_regular: real 0.01s | cpu 0.01s
2026-04-02 12:00:47.525 INFO (Iteration 3) statement_count_property_range_suggestion: real 0.01s | cpu 0.01s
2026-04-02 12:00:47.525 INFO (Iteration 3) range_constraint_violation_total_all: real 0.00s | cpu 0.00s
2026-04-02 12:00:47.525 INFO (Iteration 3) range_constraint_violation_ratio: real 0.00s | cpu 0.00s
2026-04-02 12:00:47.525 INFO (Iteration 3) range_constraint_completeness: real 0.00s | cpu 0.00s
2026-04-02 12:00:47.525 INFO (Iteration 3) range_constraint_violation_total_mandatory: real 0.00s | cpu 0.00s
2026-04-02 12:00:47.525 INFO (Iteration 3) range_constraint_violation_ratio_mandatory: real 0.00s | cpu 0.00s
2026-04-02 12:00:47.525 INFO (Iteration 3) range_constraint_completeness_mandatory: real 0.00s | cpu 0.00s
2026-04-02 12:00:47.525 INFO (Iteration 3) range_constraint_violation_total_regular: real 0.00s | cpu 0.00s
2026-04-02 12:00:47.525 INFO (Iteration 3) range_constraint_violation_ratio_regular: real 0.00s | cpu 0.00s
2026-04-02 12:00:47.525 INFO (Iteration 3) range_constraint_completeness_regular: real 0.00s | cpu 0.00s
2026-04-02 12:00:47.525 INFO (Iteration 3) range_constraint_violation_total_suggestion: real 0.00s | cpu 0.00s
2026-04-02 12:00:47.525 INFO (Iteration 3) range_constraint_violation_ratio_suggestion: real 0.00s | cpu 0.00s
2026-04-02 12:00:47.525 INFO (Iteration 3) range_constraint_completeness_suggestion: real 0.00s | cpu 0.00s
2026-04-02 12:00:47.526 INFO Iteration 3 finished in 8.63s (real) and 5.47s (process)
2026-04-02 12:00:47.526 INFO Start timestep 2013-02-26 00:00:00+00:00 -> 2013-03-28 00:00:00+00:00
2026-04-02 12:01:14.416 INFO Loading data (2013-02-26 00:00:00+00:00 -> 2013-03-28 00:00:00+00:00) done in 26.89s (real) and 15.93s (process)
2026-04-02 12:01:14.417 INFO Memory usage (start of timestep): 3.36 GB
2026-04-02 12:01:14.417 INFO Calculating metrics
2026-04-02 12:01:14.417 INFO Calculating metric: subject_constraint_violation_count
2026-04-02 12:01:16.312 INFO [subject_constraint_violation_count] processed rows=1156096, result_rows=148
2026-04-02 12:01:16.459 INFO Calculating metric: statement_count_property_subject
2026-04-02 12:01:17.473 INFO Calculating metric: range_constraint_violation_count
2026-04-02 12:01:17.477 INFO Calculating metric: range_constraint_violation_count_mandatory
2026-04-02 12:01:17.479 INFO Calculating metric: range_constraint_violation_count_regular
2026-04-02 12:01:17.481 INFO Calculating metric: range_constraint_violation_count_suggestion
2026-04-02 12:01:17.483 INFO Calculating metric: statement_count_property_range_all
2026-04-02 12:01:17.490 INFO Calculating metric: statement_count_property_range_mandatory
2026-04-02 12:01:17.496 INFO Calculating metric: statement_count_property_range_regular
2026-04-02 12:01:17.506 INFO Calculating metric: statement_count_property_range_suggestion
2026-04-02 12:01:17.511 INFO Calculating metric: subject_constraint_violation_total
2026-04-02 12:01:17.514 INFO Calculating metric: range_constraint_violation_total_all
2026-04-02 12:01:17.516 INFO Calculating metric: range_constraint_violation_total_mandatory
2026-04-02 12:01:17.518 INFO Calculating metric: range_constraint_violation_total_regular
2026-04-02 12:01:17.521 INFO Calculating metric: range_constraint_violation_total_suggestion
2026-04-02 12:01:17.523 INFO Calculating metric: subject_constraint_violation_ratio
2026-04-02 12:01:17.525 INFO Calculating metric: range_constraint_violation_ratio
2026-04-02 12:01:17.525 INFO Calculating metric: range_constraint_violation_ratio_mandatory
2026-04-02 12:01:17.525 INFO Calculating metric: range_constraint_violation_ratio_regular
2026-04-02 12:01:17.525 INFO Calculating metric: range_constraint_violation_ratio_suggestion
2026-04-02 12:01:17.525 INFO Calculating metric: subject_constraint_completeness
2026-04-02 12:01:17.527 INFO Calculating metric: range_constraint_completeness
2026-04-02 12:01:17.529 INFO Calculating metric: range_constraint_completeness_mandatory
2026-04-02 12:01:17.532 INFO Calculating metric: range_constraint_completeness_regular
2026-04-02 12:01:17.534 INFO Calculating metric: range_constraint_completeness_suggestion
2026-04-02 12:01:17.537 INFO Memory usage (end of timestep): 4.15 GB
2026-04-02 12:01:17.537 INFO (Iteration 4) subject_constraint_violation_count: real 2.04s | cpu 2.94s
2026-04-02 12:01:17.537 INFO (Iteration 4) statement_count_property_subject: real 1.00s | cpu 1.76s
2026-04-02 12:01:17.537 INFO (Iteration 4) subject_constraint_violation_total: real 0.00s | cpu 0.00s
2026-04-02 12:01:17.537 INFO (Iteration 4) subject_constraint_violation_ratio: real 0.00s | cpu 0.00s
2026-04-02 12:01:17.537 INFO (Iteration 4) subject_constraint_completeness: real 0.00s | cpu 0.00s
2026-04-02 12:01:17.537 INFO (Iteration 4) range_constraint_violation_count: real 0.00s | cpu 0.01s
2026-04-02 12:01:17.537 INFO (Iteration 4) range_constraint_violation_count_mandatory: real 0.00s | cpu 0.00s
2026-04-02 12:01:17.537 INFO (Iteration 4) range_constraint_violation_count_regular: real 0.00s | cpu 0.00s
2026-04-02 12:01:17.537 INFO (Iteration 4) range_constraint_violation_count_suggestion: real 0.00s | cpu 0.00s
2026-04-02 12:01:17.537 INFO (Iteration 4) statement_count_property_range_all: real 0.01s | cpu 0.01s
2026-04-02 12:01:17.537 INFO (Iteration 4) statement_count_property_range_mandatory: real 0.01s | cpu 0.01s
2026-04-02 12:01:17.537 INFO (Iteration 4) statement_count_property_range_regular: real 0.01s | cpu 0.01s
2026-04-02 12:01:17.537 INFO (Iteration 4) statement_count_property_range_suggestion: real 0.01s | cpu 0.01s
2026-04-02 12:01:17.537 INFO (Iteration 4) range_constraint_violation_total_all: real 0.00s | cpu 0.00s
2026-04-02 12:01:17.537 INFO (Iteration 4) range_constraint_violation_ratio: real 0.00s | cpu 0.00s
2026-04-02 12:01:17.537 INFO (Iteration 4) range_constraint_completeness: real 0.00s | cpu 0.00s
2026-04-02 12:01:17.537 INFO (Iteration 4) range_constraint_violation_total_mandatory: real 0.00s | cpu 0.00s
2026-04-02 12:01:17.537 INFO (Iteration 4) range_constraint_violation_ratio_mandatory: real 0.00s | cpu 0.00s
2026-04-02 12:01:17.537 INFO (Iteration 4) range_constraint_completeness_mandatory: real 0.00s | cpu 0.00s
2026-04-02 12:01:17.537 INFO (Iteration 4) range_constraint_violation_total_regular: real 0.00s | cpu 0.00s
2026-04-02 12:01:17.537 INFO (Iteration 4) range_constraint_violation_ratio_regular: real 0.00s | cpu 0.00s
2026-04-02 12:01:17.537 INFO (Iteration 4) range_constraint_completeness_regular: real 0.00s | cpu 0.00s
2026-04-02 12:01:17.537 INFO (Iteration 4) range_constraint_violation_total_suggestion: real 0.00s | cpu 0.00s
2026-04-02 12:01:17.537 INFO (Iteration 4) range_constraint_violation_ratio_suggestion: real 0.00s | cpu 0.00s
2026-04-02 12:01:17.537 INFO (Iteration 4) range_constraint_completeness_suggestion: real 0.00s | cpu 0.00s
2026-04-02 12:01:17.537 INFO Iteration 4 finished in 30.01s (real) and 20.71s (process)
2026-04-02 12:01:17.537 INFO Start timestep 2013-03-28 00:00:00+00:00 -> 2013-04-27 00:00:00+00:00
2026-04-02 12:01:48.978 INFO Loading data (2013-03-28 00:00:00+00:00 -> 2013-04-27 00:00:00+00:00) done in 31.44s (real) and 19.12s (process)
2026-04-02 12:01:48.979 INFO Memory usage (start of timestep): 4.57 GB
2026-04-02 12:01:48.979 INFO Calculating metrics
2026-04-02 12:01:48.979 INFO Calculating metric: subject_constraint_violation_count
2026-04-02 12:01:52.192 INFO [subject_constraint_violation_count] processed rows=1901701, result_rows=202
2026-04-02 12:01:52.357 INFO Calculating metric: statement_count_property_subject
2026-04-02 12:01:53.613 INFO Calculating metric: range_constraint_violation_count
2026-04-02 12:01:53.617 INFO Calculating metric: range_constraint_violation_count_mandatory
2026-04-02 12:01:53.619 INFO Calculating metric: range_constraint_violation_count_regular
2026-04-02 12:01:53.621 INFO Calculating metric: range_constraint_violation_count_suggestion
2026-04-02 12:01:53.623 INFO Calculating metric: statement_count_property_range_all
2026-04-02 12:01:53.630 INFO Calculating metric: statement_count_property_range_mandatory
2026-04-02 12:01:53.635 INFO Calculating metric: statement_count_property_range_regular
2026-04-02 12:01:53.641 INFO Calculating metric: statement_count_property_range_suggestion
2026-04-02 12:01:53.647 INFO Calculating metric: subject_constraint_violation_total
2026-04-02 12:01:53.649 INFO Calculating metric: range_constraint_violation_total_all
2026-04-02 12:01:53.651 INFO Calculating metric: range_constraint_violation_total_mandatory
2026-04-02 12:01:53.653 INFO Calculating metric: range_constraint_violation_total_regular
2026-04-02 12:01:53.655 INFO Calculating metric: range_constraint_violation_total_suggestion
2026-04-02 12:01:53.656 INFO Calculating metric: subject_constraint_violation_ratio
2026-04-02 12:01:53.658 INFO Calculating metric: range_constraint_violation_ratio
2026-04-02 12:01:53.658 INFO Calculating metric: range_constraint_violation_ratio_mandatory
2026-04-02 12:01:53.658 INFO Calculating metric: range_constraint_violation_ratio_regular
2026-04-02 12:01:53.658 INFO Calculating metric: range_constraint_violation_ratio_suggestion
2026-04-02 12:01:53.658 INFO Calculating metric: subject_constraint_completeness
2026-04-02 12:01:53.660 INFO Calculating metric: range_constraint_completeness
2026-04-02 12:01:53.661 INFO Calculating metric: range_constraint_completeness_mandatory
2026-04-02 12:01:53.663 INFO Calculating metric: range_constraint_completeness_regular
2026-04-02 12:01:53.664 INFO Calculating metric: range_constraint_completeness_suggestion
2026-04-02 12:01:53.666 INFO Memory usage (end of timestep): 5.74 GB
2026-04-02 12:01:53.666 INFO (Iteration 5) subject_constraint_violation_count: real 3.38s | cpu 4.68s
2026-04-02 12:01:53.666 INFO (Iteration 5) statement_count_property_subject: real 1.26s | cpu 2.20s
2026-04-02 12:01:53.666 INFO (Iteration 5) subject_constraint_violation_total: real 0.00s | cpu 0.00s
2026-04-02 12:01:53.666 INFO (Iteration 5) subject_constraint_violation_ratio: real 0.00s | cpu 0.00s
2026-04-02 12:01:53.666 INFO (Iteration 5) subject_constraint_completeness: real 0.00s | cpu 0.00s
2026-04-02 12:01:53.666 INFO (Iteration 5) range_constraint_violation_count: real 0.00s | cpu 0.01s
2026-04-02 12:01:53.666 INFO (Iteration 5) range_constraint_violation_count_mandatory: real 0.00s | cpu 0.00s
2026-04-02 12:01:53.666 INFO (Iteration 5) range_constraint_violation_count_regular: real 0.00s | cpu 0.01s
2026-04-02 12:01:53.666 INFO (Iteration 5) range_constraint_violation_count_suggestion: real 0.00s | cpu 0.00s
2026-04-02 12:01:53.666 INFO (Iteration 5) statement_count_property_range_all: real 0.01s | cpu 0.01s
2026-04-02 12:01:53.666 INFO (Iteration 5) statement_count_property_range_mandatory: real 0.01s | cpu 0.01s
2026-04-02 12:01:53.666 INFO (Iteration 5) statement_count_property_range_regular: real 0.01s | cpu 0.01s
2026-04-02 12:01:53.666 INFO (Iteration 5) statement_count_property_range_suggestion: real 0.01s | cpu 0.01s
2026-04-02 12:01:53.666 INFO (Iteration 5) range_constraint_violation_total_all: real 0.00s | cpu 0.00s
2026-04-02 12:01:53.666 INFO (Iteration 5) range_constraint_violation_ratio: real 0.00s | cpu 0.00s
2026-04-02 12:01:53.666 INFO (Iteration 5) range_constraint_completeness: real 0.00s | cpu 0.00s
2026-04-02 12:01:53.666 INFO (Iteration 5) range_constraint_violation_total_mandatory: real 0.00s | cpu 0.00s
2026-04-02 12:01:53.666 INFO (Iteration 5) range_constraint_violation_ratio_mandatory: real 0.00s | cpu 0.00s
2026-04-02 12:01:53.666 INFO (Iteration 5) range_constraint_completeness_mandatory: real 0.00s | cpu 0.00s
2026-04-02 12:01:53.666 INFO (Iteration 5) range_constraint_violation_total_regular: real 0.00s | cpu 0.00s
2026-04-02 12:01:53.666 INFO (Iteration 5) range_constraint_violation_ratio_regular: real 0.00s | cpu 0.00s
2026-04-02 12:01:53.666 INFO (Iteration 5) range_constraint_completeness_regular: real 0.00s | cpu 0.00s
2026-04-02 12:01:53.667 INFO (Iteration 5) range_constraint_violation_total_suggestion: real 0.00s | cpu 0.00s
2026-04-02 12:01:53.667 INFO (Iteration 5) range_constraint_violation_ratio_suggestion: real 0.00s | cpu 0.00s
2026-04-02 12:01:53.667 INFO (Iteration 5) range_constraint_completeness_suggestion: real 0.00s | cpu 0.00s
2026-04-02 12:01:53.667 INFO Iteration 5 finished in 36.13s (real) and 26.07s (process)
2026-04-02 12:01:53.667 INFO Start timestep 2013-04-27 00:00:00+00:00 -> 2013-05-27 00:00:00+00:00
2026-04-02 12:02:32.391 INFO Loading data (2013-04-27 00:00:00+00:00 -> 2013-05-27 00:00:00+00:00) done in 38.72s (real) and 23.75s (process)
2026-04-02 12:02:32.391 INFO Memory usage (start of timestep): 6.09 GB
2026-04-02 12:02:32.391 INFO Calculating metrics
2026-04-02 12:02:32.392 INFO Calculating metric: subject_constraint_violation_count
2026-04-02 12:02:37.858 INFO [subject_constraint_violation_count] processed rows=2475591, result_rows=250
2026-04-02 12:02:38.066 INFO Calculating metric: statement_count_property_subject
2026-04-02 12:02:39.972 INFO Calculating metric: range_constraint_violation_count
2026-04-02 12:02:39.976 INFO Calculating metric: range_constraint_violation_count_mandatory
2026-04-02 12:02:39.978 INFO Calculating metric: range_constraint_violation_count_regular
2026-04-02 12:02:39.980 INFO Calculating metric: range_constraint_violation_count_suggestion
2026-04-02 12:02:39.982 INFO Calculating metric: statement_count_property_range_all
2026-04-02 12:02:39.989 INFO Calculating metric: statement_count_property_range_mandatory
2026-04-02 12:02:39.994 INFO Calculating metric: statement_count_property_range_regular
2026-04-02 12:02:40.000 INFO Calculating metric: statement_count_property_range_suggestion
2026-04-02 12:02:40.005 INFO Calculating metric: subject_constraint_violation_total
2026-04-02 12:02:40.007 INFO Calculating metric: range_constraint_violation_total_all
2026-04-02 12:02:40.009 INFO Calculating metric: range_constraint_violation_total_mandatory
2026-04-02 12:02:40.011 INFO Calculating metric: range_constraint_violation_total_regular
2026-04-02 12:02:40.012 INFO Calculating metric: range_constraint_violation_total_suggestion
2026-04-02 12:02:40.014 INFO Calculating metric: subject_constraint_violation_ratio
2026-04-02 12:02:40.015 INFO Calculating metric: range_constraint_violation_ratio
2026-04-02 12:02:40.015 INFO Calculating metric: range_constraint_violation_ratio_mandatory
2026-04-02 12:02:40.015 INFO Calculating metric: range_constraint_violation_ratio_regular
2026-04-02 12:02:40.016 INFO Calculating metric: range_constraint_violation_ratio_suggestion
2026-04-02 12:02:40.016 INFO Calculating metric: subject_constraint_completeness
2026-04-02 12:02:40.017 INFO Calculating metric: range_constraint_completeness
2026-04-02 12:02:40.019 INFO Calculating metric: range_constraint_completeness_mandatory
2026-04-02 12:02:40.020 INFO Calculating metric: range_constraint_completeness_regular
2026-04-02 12:02:40.022 INFO Calculating metric: range_constraint_completeness_suggestion
2026-04-02 12:02:40.023 INFO Memory usage (end of timestep): 7.83 GB
2026-04-02 12:02:40.023 INFO (Iteration 6) subject_constraint_violation_count: real 5.67s | cpu 7.60s
2026-04-02 12:02:40.023 INFO (Iteration 6) statement_count_property_subject: real 1.91s | cpu 3.40s
2026-04-02 12:02:40.023 INFO (Iteration 6) subject_constraint_violation_total: real 0.00s | cpu 0.00s
2026-04-02 12:02:40.023 INFO (Iteration 6) subject_constraint_violation_ratio: real 0.00s | cpu 0.00s
2026-04-02 12:02:40.023 INFO (Iteration 6) subject_constraint_completeness: real 0.00s | cpu 0.00s
2026-04-02 12:02:40.023 INFO (Iteration 6) range_constraint_violation_count: real 0.00s | cpu 0.01s
2026-04-02 12:02:40.023 INFO (Iteration 6) range_constraint_violation_count_mandatory: real 0.00s | cpu 0.01s
2026-04-02 12:02:40.023 INFO (Iteration 6) range_constraint_violation_count_regular: real 0.00s | cpu 0.01s
2026-04-02 12:02:40.023 INFO (Iteration 6) range_constraint_violation_count_suggestion: real 0.00s | cpu 0.01s
2026-04-02 12:02:40.023 INFO (Iteration 6) statement_count_property_range_all: real 0.01s | cpu 0.01s
2026-04-02 12:02:40.023 INFO (Iteration 6) statement_count_property_range_mandatory: real 0.01s | cpu 0.01s
2026-04-02 12:02:40.023 INFO (Iteration 6) statement_count_property_range_regular: real 0.01s | cpu 0.01s
2026-04-02 12:02:40.023 INFO (Iteration 6) statement_count_property_range_suggestion: real 0.00s | cpu 0.01s
2026-04-02 12:02:40.023 INFO (Iteration 6) range_constraint_violation_total_all: real 0.00s | cpu 0.00s
2026-04-02 12:02:40.023 INFO (Iteration 6) range_constraint_violation_ratio: real 0.00s | cpu 0.00s
2026-04-02 12:02:40.023 INFO (Iteration 6) range_constraint_completeness: real 0.00s | cpu 0.00s
2026-04-02 12:02:40.023 INFO (Iteration 6) range_constraint_violation_total_mandatory: real 0.00s | cpu 0.00s
2026-04-02 12:02:40.023 INFO (Iteration 6) range_constraint_violation_ratio_mandatory: real 0.00s | cpu 0.00s
2026-04-02 12:02:40.023 INFO (Iteration 6) range_constraint_completeness_mandatory: real 0.00s | cpu 0.00s
2026-04-02 12:02:40.023 INFO (Iteration 6) range_constraint_violation_total_regular: real 0.00s | cpu 0.00s
2026-04-02 12:02:40.023 INFO (Iteration 6) range_constraint_violation_ratio_regular: real 0.00s | cpu 0.00s
2026-04-02 12:02:40.023 INFO (Iteration 6) range_constraint_completeness_regular: real 0.00s | cpu 0.00s
2026-04-02 12:02:40.023 INFO (Iteration 6) range_constraint_violation_total_suggestion: real 0.00s | cpu 0.00s
2026-04-02 12:02:40.023 INFO (Iteration 6) range_constraint_violation_ratio_suggestion: real 0.00s | cpu 0.00s
2026-04-02 12:02:40.023 INFO (Iteration 6) range_constraint_completeness_suggestion: real 0.00s | cpu 0.00s
2026-04-02 12:02:40.023 INFO Iteration 6 finished in 46.36s (real) and 34.84s (process)
2026-04-02 12:02:40.024 INFO Start timestep 2013-05-27 00:00:00+00:00 -> 2013-06-26 00:00:00+00:00
2026-04-02 12:02:55.294 INFO Loading data (2013-05-27 00:00:00+00:00 -> 2013-06-26 00:00:00+00:00) done in 15.27s (real) and 9.32s (process)
2026-04-02 12:02:55.295 INFO Memory usage (start of timestep): 7.83 GB
2026-04-02 12:02:55.295 INFO Calculating metrics
2026-04-02 12:02:55.295 INFO Calculating metric: subject_constraint_violation_count
2026-04-02 12:02:57.845 INFO [subject_constraint_violation_count] processed rows=925992, result_rows=274
2026-04-02 12:02:57.957 INFO Calculating metric: statement_count_property_subject
2026-04-02 12:02:58.702 INFO Calculating metric: range_constraint_violation_count
2026-04-02 12:03:04.820 INFO Calculating metric: range_constraint_violation_count_mandatory
2026-04-02 12:03:04.824 INFO Calculating metric: range_constraint_violation_count_regular
2026-04-02 12:03:10.782 INFO Calculating metric: range_constraint_violation_count_suggestion
2026-04-02 12:03:10.785 INFO Calculating metric: statement_count_property_range_all
2026-04-02 12:03:10.804 INFO Calculating metric: statement_count_property_range_mandatory
2026-04-02 12:03:10.811 INFO Calculating metric: statement_count_property_range_regular
2026-04-02 12:03:10.830 INFO Calculating metric: statement_count_property_range_suggestion
2026-04-02 12:03:10.836 INFO Calculating metric: subject_constraint_violation_total
2026-04-02 12:03:10.839 INFO Calculating metric: range_constraint_violation_total_all
2026-04-02 12:03:10.841 INFO Calculating metric: range_constraint_violation_total_mandatory
2026-04-02 12:03:10.842 INFO Calculating metric: range_constraint_violation_total_regular
2026-04-02 12:03:10.844 INFO Calculating metric: range_constraint_violation_total_suggestion
2026-04-02 12:03:10.846 INFO Calculating metric: subject_constraint_violation_ratio
2026-04-02 12:03:10.848 INFO Calculating metric: range_constraint_violation_ratio
2026-04-02 12:03:10.849 INFO Calculating metric: range_constraint_violation_ratio_mandatory
2026-04-02 12:03:10.849 INFO Calculating metric: range_constraint_violation_ratio_regular
2026-04-02 12:03:10.851 INFO Calculating metric: range_constraint_violation_ratio_suggestion
2026-04-02 12:03:10.851 INFO Calculating metric: subject_constraint_completeness
2026-04-02 12:03:10.853 INFO Calculating metric: range_constraint_completeness
2026-04-02 12:03:10.854 INFO Calculating metric: range_constraint_completeness_mandatory
2026-04-02 12:03:10.856 INFO Calculating metric: range_constraint_completeness_regular
2026-04-02 12:03:10.858 INFO Calculating metric: range_constraint_completeness_suggestion
2026-04-02 12:03:10.859 INFO Memory usage (end of timestep): 7.83 GB
2026-04-02 12:03:10.859 INFO (Iteration 7) subject_constraint_violation_count: real 2.66s | cpu 3.23s
2026-04-02 12:03:10.859 INFO (Iteration 7) statement_count_property_subject: real 0.74s | cpu 1.19s
2026-04-02 12:03:10.859 INFO (Iteration 7) subject_constraint_violation_total: real 0.00s | cpu 0.00s
2026-04-02 12:03:10.859 INFO (Iteration 7) subject_constraint_violation_ratio: real 0.00s | cpu 0.00s
2026-04-02 12:03:10.859 INFO (Iteration 7) subject_constraint_completeness: real 0.00s | cpu 0.00s
2026-04-02 12:03:10.859 INFO (Iteration 7) range_constraint_violation_count: real 6.12s | cpu 6.23s
2026-04-02 12:03:10.859 INFO (Iteration 7) range_constraint_violation_count_mandatory: real 0.00s | cpu 0.01s
2026-04-02 12:03:10.859 INFO (Iteration 7) range_constraint_violation_count_regular: real 5.96s | cpu 6.09s
2026-04-02 12:03:10.859 INFO (Iteration 7) range_constraint_violation_count_suggestion: real 0.00s | cpu 0.01s
2026-04-02 12:03:10.859 INFO (Iteration 7) statement_count_property_range_all: real 0.02s | cpu 0.18s
2026-04-02 12:03:10.859 INFO (Iteration 7) statement_count_property_range_mandatory: real 0.01s | cpu 0.01s
2026-04-02 12:03:10.859 INFO (Iteration 7) statement_count_property_range_regular: real 0.02s | cpu 0.17s
2026-04-02 12:03:10.859 INFO (Iteration 7) statement_count_property_range_suggestion: real 0.01s | cpu 0.01s
2026-04-02 12:03:10.859 INFO (Iteration 7) range_constraint_violation_total_all: real 0.00s | cpu 0.00s
2026-04-02 12:03:10.859 INFO (Iteration 7) range_constraint_violation_ratio: real 0.00s | cpu 0.00s
2026-04-02 12:03:10.860 INFO (Iteration 7) range_constraint_completeness: real 0.00s | cpu 0.00s
2026-04-02 12:03:10.860 INFO (Iteration 7) range_constraint_violation_total_mandatory: real 0.00s | cpu 0.00s
2026-04-02 12:03:10.860 INFO (Iteration 7) range_constraint_violation_ratio_mandatory: real 0.00s | cpu 0.00s
2026-04-02 12:03:10.860 INFO (Iteration 7) range_constraint_completeness_mandatory: real 0.00s | cpu 0.00s
2026-04-02 12:03:10.860 INFO (Iteration 7) range_constraint_violation_total_regular: real 0.00s | cpu 0.00s
2026-04-02 12:03:10.860 INFO (Iteration 7) range_constraint_violation_ratio_regular: real 0.00s | cpu 0.00s
2026-04-02 12:03:10.860 INFO (Iteration 7) range_constraint_completeness_regular: real 0.00s | cpu 0.00s
2026-04-02 12:03:10.860 INFO (Iteration 7) range_constraint_violation_total_suggestion: real 0.00s | cpu 0.00s
2026-04-02 12:03:10.860 INFO (Iteration 7) range_constraint_violation_ratio_suggestion: real 0.00s | cpu 0.00s
2026-04-02 12:03:10.860 INFO (Iteration 7) range_constraint_completeness_suggestion: real 0.00s | cpu 0.00s
2026-04-02 12:03:10.860 INFO Iteration 7 finished in 30.84s (real) and 26.47s (process)
2026-04-02 12:03:10.860 INFO Start timestep 2013-06-26 00:00:00+00:00 -> 2013-07-26 00:00:00+00:00
2026-04-02 12:03:32.827 INFO Loading data (2013-06-26 00:00:00+00:00 -> 2013-07-26 00:00:00+00:00) done in 21.97s (real) and 13.49s (process)
2026-04-02 12:03:32.827 INFO Memory usage (start of timestep): 7.83 GB
2026-04-02 12:03:32.827 INFO Calculating metrics
2026-04-02 12:03:32.827 INFO Calculating metric: subject_constraint_violation_count
2026-04-02 12:03:35.665 INFO [subject_constraint_violation_count] processed rows=1416220, result_rows=266
2026-04-02 12:03:35.813 INFO Calculating metric: statement_count_property_subject
2026-04-02 12:03:36.950 INFO Calculating metric: range_constraint_violation_count
2026-04-02 12:03:37.967 INFO Calculating metric: range_constraint_violation_count_mandatory
2026-04-02 12:03:37.971 INFO Calculating metric: range_constraint_violation_count_regular
2026-04-02 12:03:38.975 INFO Calculating metric: range_constraint_violation_count_suggestion
2026-04-02 12:03:38.977 INFO Calculating metric: statement_count_property_range_all
2026-04-02 12:03:39.004 INFO Calculating metric: statement_count_property_range_mandatory
2026-04-02 12:03:39.010 INFO Calculating metric: statement_count_property_range_regular
2026-04-02 12:03:39.034 INFO Calculating metric: statement_count_property_range_suggestion
2026-04-02 12:03:39.040 INFO Calculating metric: subject_constraint_violation_total
2026-04-02 12:03:39.042 INFO Calculating metric: range_constraint_violation_total_all
2026-04-02 12:03:39.044 INFO Calculating metric: range_constraint_violation_total_mandatory
2026-04-02 12:03:39.046 INFO Calculating metric: range_constraint_violation_total_regular
2026-04-02 12:03:39.048 INFO Calculating metric: range_constraint_violation_total_suggestion
2026-04-02 12:03:39.050 INFO Calculating metric: subject_constraint_violation_ratio
2026-04-02 12:03:39.052 INFO Calculating metric: range_constraint_violation_ratio
2026-04-02 12:03:39.054 INFO Calculating metric: range_constraint_violation_ratio_mandatory
2026-04-02 12:03:39.054 INFO Calculating metric: range_constraint_violation_ratio_regular
2026-04-02 12:03:39.056 INFO Calculating metric: range_constraint_violation_ratio_suggestion
2026-04-02 12:03:39.056 INFO Calculating metric: subject_constraint_completeness
2026-04-02 12:03:39.057 INFO Calculating metric: range_constraint_completeness
2026-04-02 12:03:39.059 INFO Calculating metric: range_constraint_completeness_mandatory
2026-04-02 12:03:39.060 INFO Calculating metric: range_constraint_completeness_regular
2026-04-02 12:03:39.062 INFO Calculating metric: range_constraint_completeness_suggestion
2026-04-02 12:03:39.064 INFO Memory usage (end of timestep): 7.83 GB
2026-04-02 12:03:39.064 INFO (Iteration 8) subject_constraint_violation_count: real 2.99s | cpu 4.10s
2026-04-02 12:03:39.064 INFO (Iteration 8) statement_count_property_subject: real 1.14s | cpu 2.00s
2026-04-02 12:03:39.064 INFO (Iteration 8) subject_constraint_violation_total: real 0.00s | cpu 0.00s
2026-04-02 12:03:39.064 INFO (Iteration 8) subject_constraint_violation_ratio: real 0.00s | cpu 0.00s
2026-04-02 12:03:39.064 INFO (Iteration 8) subject_constraint_completeness: real 0.00s | cpu 0.00s
2026-04-02 12:03:39.064 INFO (Iteration 8) range_constraint_violation_count: real 1.02s | cpu 1.23s
2026-04-02 12:03:39.064 INFO (Iteration 8) range_constraint_violation_count_mandatory: real 0.00s | cpu 0.01s
2026-04-02 12:03:39.064 INFO (Iteration 8) range_constraint_violation_count_regular: real 1.00s | cpu 1.22s
2026-04-02 12:03:39.064 INFO (Iteration 8) range_constraint_violation_count_suggestion: real 0.00s | cpu 0.01s
2026-04-02 12:03:39.064 INFO (Iteration 8) statement_count_property_range_all: real 0.03s | cpu 0.29s
2026-04-02 12:03:39.064 INFO (Iteration 8) statement_count_property_range_mandatory: real 0.01s | cpu 0.01s
2026-04-02 12:03:39.064 INFO (Iteration 8) statement_count_property_range_regular: real 0.02s | cpu 0.28s
2026-04-02 12:03:39.064 INFO (Iteration 8) statement_count_property_range_suggestion: real 0.01s | cpu 0.01s
2026-04-02 12:03:39.064 INFO (Iteration 8) range_constraint_violation_total_all: real 0.00s | cpu 0.00s
2026-04-02 12:03:39.064 INFO (Iteration 8) range_constraint_violation_ratio: real 0.00s | cpu 0.00s
2026-04-02 12:03:39.064 INFO (Iteration 8) range_constraint_completeness: real 0.00s | cpu 0.00s
2026-04-02 12:03:39.064 INFO (Iteration 8) range_constraint_violation_total_mandatory: real 0.00s | cpu 0.00s
2026-04-02 12:03:39.064 INFO (Iteration 8) range_constraint_violation_ratio_mandatory: real 0.00s | cpu 0.00s
2026-04-02 12:03:39.064 INFO (Iteration 8) range_constraint_completeness_mandatory: real 0.00s | cpu 0.00s
2026-04-02 12:03:39.064 INFO (Iteration 8) range_constraint_violation_total_regular: real 0.00s | cpu 0.00s
2026-04-02 12:03:39.064 INFO (Iteration 8) range_constraint_violation_ratio_regular: real 0.00s | cpu 0.00s
2026-04-02 12:03:39.064 INFO (Iteration 8) range_constraint_completeness_regular: real 0.00s | cpu 0.00s
2026-04-02 12:03:39.064 INFO (Iteration 8) range_constraint_violation_total_suggestion: real 0.00s | cpu 0.00s
2026-04-02 12:03:39.064 INFO (Iteration 8) range_constraint_violation_ratio_suggestion: real 0.00s | cpu 0.00s
2026-04-02 12:03:39.064 INFO (Iteration 8) range_constraint_completeness_suggestion: real 0.00s | cpu 0.00s
2026-04-02 12:03:39.064 INFO Iteration 8 finished in 28.20s (real) and 22.66s (process)
2026-04-02 12:03:39.064 INFO Start timestep 2013-07-26 00:00:00+00:00 -> 2013-08-25 00:00:00+00:00
2026-04-02 12:03:52.312 INFO Loading data (2013-07-26 00:00:00+00:00 -> 2013-08-25 00:00:00+00:00) done in 13.25s (real) and 8.08s (process)
2026-04-02 12:03:52.312 INFO Memory usage (start of timestep): 7.83 GB
2026-04-02 12:03:52.312 INFO Calculating metrics
2026-04-02 12:03:52.312 INFO Calculating metric: subject_constraint_violation_count
2026-04-02 12:03:55.004 INFO [subject_constraint_violation_count] processed rows=781744, result_rows=327
2026-04-02 12:03:55.110 INFO Calculating metric: statement_count_property_subject
2026-04-02 12:03:55.682 INFO Calculating metric: range_constraint_violation_count
2026-04-02 12:03:56.155 INFO Calculating metric: range_constraint_violation_count_mandatory
2026-04-02 12:03:56.161 INFO Calculating metric: range_constraint_violation_count_regular
2026-04-02 12:03:56.637 INFO Calculating metric: range_constraint_violation_count_suggestion
2026-04-02 12:03:56.639 INFO Calculating metric: statement_count_property_range_all
2026-04-02 12:03:56.660 INFO Calculating metric: statement_count_property_range_mandatory
2026-04-02 12:03:56.671 INFO Calculating metric: statement_count_property_range_regular
2026-04-02 12:03:56.691 INFO Calculating metric: statement_count_property_range_suggestion
2026-04-02 12:03:56.696 INFO Calculating metric: subject_constraint_violation_total
2026-04-02 12:03:56.699 INFO Calculating metric: range_constraint_violation_total_all
2026-04-02 12:03:56.701 INFO Calculating metric: range_constraint_violation_total_mandatory
2026-04-02 12:03:56.703 INFO Calculating metric: range_constraint_violation_total_regular
2026-04-02 12:03:56.706 INFO Calculating metric: range_constraint_violation_total_suggestion
2026-04-02 12:03:56.708 INFO Calculating metric: subject_constraint_violation_ratio
2026-04-02 12:03:56.710 INFO Calculating metric: range_constraint_violation_ratio
2026-04-02 12:03:56.712 INFO Calculating metric: range_constraint_violation_ratio_mandatory
2026-04-02 12:03:56.712 INFO Calculating metric: range_constraint_violation_ratio_regular
2026-04-02 12:03:56.714 INFO Calculating metric: range_constraint_violation_ratio_suggestion
2026-04-02 12:03:56.714 INFO Calculating metric: subject_constraint_completeness
2026-04-02 12:03:56.716 INFO Calculating metric: range_constraint_completeness
2026-04-02 12:03:56.719 INFO Calculating metric: range_constraint_completeness_mandatory
2026-04-02 12:03:56.721 INFO Calculating metric: range_constraint_completeness_regular
2026-04-02 12:03:56.723 INFO Calculating metric: range_constraint_completeness_suggestion
2026-04-02 12:03:56.725 INFO Memory usage (end of timestep): 7.83 GB
2026-04-02 12:03:56.725 INFO (Iteration 9) subject_constraint_violation_count: real 2.80s | cpu 3.40s
2026-04-02 12:03:56.725 INFO (Iteration 9) statement_count_property_subject: real 0.57s | cpu 1.03s
2026-04-02 12:03:56.725 INFO (Iteration 9) subject_constraint_violation_total: real 0.00s | cpu 0.00s
2026-04-02 12:03:56.725 INFO (Iteration 9) subject_constraint_violation_ratio: real 0.00s | cpu 0.00s
2026-04-02 12:03:56.725 INFO (Iteration 9) subject_constraint_completeness: real 0.00s | cpu 0.00s
2026-04-02 12:03:56.725 INFO (Iteration 9) range_constraint_violation_count: real 0.47s | cpu 0.58s
2026-04-02 12:03:56.725 INFO (Iteration 9) range_constraint_violation_count_mandatory: real 0.01s | cpu 0.01s
2026-04-02 12:03:56.725 INFO (Iteration 9) range_constraint_violation_count_regular: real 0.48s | cpu 0.59s
2026-04-02 12:03:56.725 INFO (Iteration 9) range_constraint_violation_count_suggestion: real 0.00s | cpu 0.01s
2026-04-02 12:03:56.725 INFO (Iteration 9) statement_count_property_range_all: real 0.02s | cpu 0.20s
2026-04-02 12:03:56.725 INFO (Iteration 9) statement_count_property_range_mandatory: real 0.01s | cpu 0.03s
2026-04-02 12:03:56.725 INFO (Iteration 9) statement_count_property_range_regular: real 0.02s | cpu 0.19s
2026-04-02 12:03:56.725 INFO (Iteration 9) statement_count_property_range_suggestion: real 0.01s | cpu 0.01s
2026-04-02 12:03:56.725 INFO (Iteration 9) range_constraint_violation_total_all: real 0.00s | cpu 0.00s
2026-04-02 12:03:56.725 INFO (Iteration 9) range_constraint_violation_ratio: real 0.00s | cpu 0.00s
2026-04-02 12:03:56.725 INFO (Iteration 9) range_constraint_completeness: real 0.00s | cpu 0.00s
2026-04-02 12:03:56.725 INFO (Iteration 9) range_constraint_violation_total_mandatory: real 0.00s | cpu 0.00s
2026-04-02 12:03:56.725 INFO (Iteration 9) range_constraint_violation_ratio_mandatory: real 0.00s | cpu 0.00s
2026-04-02 12:03:56.725 INFO (Iteration 9) range_constraint_completeness_mandatory: real 0.00s | cpu 0.00s
2026-04-02 12:03:56.725 INFO (Iteration 9) range_constraint_violation_total_regular: real 0.00s | cpu 0.00s
2026-04-02 12:03:56.725 INFO (Iteration 9) range_constraint_violation_ratio_regular: real 0.00s | cpu 0.00s
2026-04-02 12:03:56.725 INFO (Iteration 9) range_constraint_completeness_regular: real 0.00s | cpu 0.00s
2026-04-02 12:03:56.725 INFO (Iteration 9) range_constraint_violation_total_suggestion: real 0.00s | cpu 0.00s
2026-04-02 12:03:56.725 INFO (Iteration 9) range_constraint_violation_ratio_suggestion: real 0.00s | cpu 0.00s
2026-04-02 12:03:56.725 INFO (Iteration 9) range_constraint_completeness_suggestion: real 0.00s | cpu 0.00s
2026-04-02 12:03:56.725 INFO Iteration 9 finished in 17.66s (real) and 14.14s (process)
2026-04-02 12:03:56.726 INFO Start timestep 2013-08-25 00:00:00+00:00 -> 2013-09-24 00:00:00+00:00
2026-04-02 12:04:09.534 INFO Loading data (2013-08-25 00:00:00+00:00 -> 2013-09-24 00:00:00+00:00) done in 12.81s (real) and 7.79s (process)
2026-04-02 12:04:09.534 INFO Memory usage (start of timestep): 7.83 GB
2026-04-02 12:04:09.534 INFO Calculating metrics
2026-04-02 12:04:09.534 INFO Calculating metric: subject_constraint_violation_count
2026-04-02 12:04:13.464 INFO [subject_constraint_violation_count] processed rows=1240005, result_rows=340
2026-04-02 12:04:13.606 INFO Calculating metric: statement_count_property_subject
2026-04-02 12:04:14.364 INFO Calculating metric: range_constraint_violation_count
2026-04-02 12:04:20.227 INFO Calculating metric: range_constraint_violation_count_mandatory
2026-04-02 12:04:20.240 INFO Calculating metric: range_constraint_violation_count_regular
2026-04-02 12:04:25.972 INFO Calculating metric: range_constraint_violation_count_suggestion
2026-04-02 12:04:25.975 INFO Calculating metric: statement_count_property_range_all
2026-04-02 12:04:25.998 INFO Calculating metric: statement_count_property_range_mandatory
2026-04-02 12:04:26.018 INFO Calculating metric: statement_count_property_range_regular
2026-04-02 12:04:26.039 INFO Calculating metric: statement_count_property_range_suggestion
2026-04-02 12:04:26.044 INFO Calculating metric: subject_constraint_violation_total
2026-04-02 12:04:26.046 INFO Calculating metric: range_constraint_violation_total_all
2026-04-02 12:04:26.049 INFO Calculating metric: range_constraint_violation_total_mandatory
2026-04-02 12:04:26.051 INFO Calculating metric: range_constraint_violation_total_regular
2026-04-02 12:04:26.053 INFO Calculating metric: range_constraint_violation_total_suggestion
2026-04-02 12:04:26.056 INFO Calculating metric: subject_constraint_violation_ratio
2026-04-02 12:04:26.058 INFO Calculating metric: range_constraint_violation_ratio
2026-04-02 12:04:26.060 INFO Calculating metric: range_constraint_violation_ratio_mandatory
2026-04-02 12:04:26.060 INFO Calculating metric: range_constraint_violation_ratio_regular
2026-04-02 12:04:26.062 INFO Calculating metric: range_constraint_violation_ratio_suggestion
2026-04-02 12:04:26.062 INFO Calculating metric: subject_constraint_completeness
2026-04-02 12:04:26.065 INFO Calculating metric: range_constraint_completeness
2026-04-02 12:04:26.067 INFO Calculating metric: range_constraint_completeness_mandatory
2026-04-02 12:04:26.069 INFO Calculating metric: range_constraint_completeness_regular
2026-04-02 12:04:26.071 INFO Calculating metric: range_constraint_completeness_suggestion
2026-04-02 12:04:26.073 INFO Memory usage (end of timestep): 7.83 GB
2026-04-02 12:04:26.073 INFO (Iteration 10) subject_constraint_violation_count: real 4.07s | cpu 4.68s
2026-04-02 12:04:26.073 INFO (Iteration 10) statement_count_property_subject: real 0.76s | cpu 1.26s
2026-04-02 12:04:26.073 INFO (Iteration 10) subject_constraint_violation_total: real 0.00s | cpu 0.00s
2026-04-02 12:04:26.073 INFO (Iteration 10) subject_constraint_violation_ratio: real 0.00s | cpu 0.00s
2026-04-02 12:04:26.073 INFO (Iteration 10) subject_constraint_completeness: real 0.00s | cpu 0.00s
2026-04-02 12:04:26.073 INFO (Iteration 10) range_constraint_violation_count: real 5.86s | cpu 6.04s
2026-04-02 12:04:26.073 INFO (Iteration 10) range_constraint_violation_count_mandatory: real 0.01s | cpu 0.11s
2026-04-02 12:04:26.073 INFO (Iteration 10) range_constraint_violation_count_regular: real 5.73s | cpu 5.90s
2026-04-02 12:04:26.073 INFO (Iteration 10) range_constraint_violation_count_suggestion: real 0.00s | cpu 0.01s
2026-04-02 12:04:26.073 INFO (Iteration 10) statement_count_property_range_all: real 0.02s | cpu 0.24s
2026-04-02 12:04:26.073 INFO (Iteration 10) statement_count_property_range_mandatory: real 0.02s | cpu 0.16s
2026-04-02 12:04:26.073 INFO (Iteration 10) statement_count_property_range_regular: real 0.02s | cpu 0.21s
2026-04-02 12:04:26.073 INFO (Iteration 10) statement_count_property_range_suggestion: real 0.01s | cpu 0.01s
2026-04-02 12:04:26.073 INFO (Iteration 10) range_constraint_violation_total_all: real 0.00s | cpu 0.00s
2026-04-02 12:04:26.073 INFO (Iteration 10) range_constraint_violation_ratio: real 0.00s | cpu 0.00s
2026-04-02 12:04:26.073 INFO (Iteration 10) range_constraint_completeness: real 0.00s | cpu 0.00s
2026-04-02 12:04:26.073 INFO (Iteration 10) range_constraint_violation_total_mandatory: real 0.00s | cpu 0.00s
2026-04-02 12:04:26.073 INFO (Iteration 10) range_constraint_violation_ratio_mandatory: real 0.00s | cpu 0.00s
2026-04-02 12:04:26.073 INFO (Iteration 10) range_constraint_completeness_mandatory: real 0.00s | cpu 0.00s
2026-04-02 12:04:26.073 INFO (Iteration 10) range_constraint_violation_total_regular: real 0.00s | cpu 0.00s
2026-04-02 12:04:26.073 INFO (Iteration 10) range_constraint_violation_ratio_regular: real 0.00s | cpu 0.00s
2026-04-02 12:04:26.073 INFO (Iteration 10) range_constraint_completeness_regular: real 0.00s | cpu 0.00s
2026-04-02 12:04:26.073 INFO (Iteration 10) range_constraint_violation_total_suggestion: real 0.00s | cpu 0.00s
2026-04-02 12:04:26.073 INFO (Iteration 10) range_constraint_violation_ratio_suggestion: real 0.00s | cpu 0.00s
2026-04-02 12:04:26.073 INFO (Iteration 10) range_constraint_completeness_suggestion: real 0.00s | cpu 0.00s
2026-04-02 12:04:26.073 INFO Iteration 10 finished in 29.35s (real) and 26.40s (process)
2026-04-02 12:04:26.074 INFO Start timestep 2013-09-24 00:00:00+00:00 -> 2013-10-24 00:00:00+00:00
2026-04-02 12:04:47.090 INFO Loading data (2013-09-24 00:00:00+00:00 -> 2013-10-24 00:00:00+00:00) done in 21.02s (real) and 12.61s (process)
2026-04-02 12:04:47.091 INFO Memory usage (start of timestep): 7.83 GB
2026-04-02 12:04:47.091 INFO Calculating metrics
2026-04-02 12:04:47.091 INFO Calculating metric: subject_constraint_violation_count
2026-04-02 12:04:53.162 INFO [subject_constraint_violation_count] processed rows=2081664, result_rows=350
2026-04-02 12:04:53.336 INFO Calculating metric: statement_count_property_subject
2026-04-02 12:04:53.964 INFO Calculating metric: range_constraint_violation_count
2026-04-02 12:05:05.845 INFO Calculating metric: range_constraint_violation_count_mandatory
2026-04-02 12:05:05.866 INFO Calculating metric: range_constraint_violation_count_regular
2026-04-02 12:05:17.952 INFO Calculating metric: range_constraint_violation_count_suggestion
2026-04-02 12:05:17.958 INFO Calculating metric: statement_count_property_range_all
2026-04-02 12:05:17.996 INFO Calculating metric: statement_count_property_range_mandatory
2026-04-02 12:05:18.020 INFO Calculating metric: statement_count_property_range_regular
2026-04-02 12:05:18.046 INFO Calculating metric: statement_count_property_range_suggestion
2026-04-02 12:05:18.052 INFO Calculating metric: subject_constraint_violation_total
2026-04-02 12:05:18.054 INFO Calculating metric: range_constraint_violation_total_all
2026-04-02 12:05:18.056 INFO Calculating metric: range_constraint_violation_total_mandatory
2026-04-02 12:05:18.059 INFO Calculating metric: range_constraint_violation_total_regular
2026-04-02 12:05:18.061 INFO Calculating metric: range_constraint_violation_total_suggestion
2026-04-02 12:05:18.063 INFO Calculating metric: subject_constraint_violation_ratio
2026-04-02 12:05:18.066 INFO Calculating metric: range_constraint_violation_ratio
2026-04-02 12:05:18.068 INFO Calculating metric: range_constraint_violation_ratio_mandatory
2026-04-02 12:05:18.068 INFO Calculating metric: range_constraint_violation_ratio_regular
2026-04-02 12:05:18.070 INFO Calculating metric: range_constraint_violation_ratio_suggestion
2026-04-02 12:05:18.070 INFO Calculating metric: subject_constraint_completeness
2026-04-02 12:05:18.072 INFO Calculating metric: range_constraint_completeness
2026-04-02 12:05:18.073 INFO Calculating metric: range_constraint_completeness_mandatory
2026-04-02 12:05:18.075 INFO Calculating metric: range_constraint_completeness_regular
2026-04-02 12:05:18.077 INFO Calculating metric: range_constraint_completeness_suggestion
2026-04-02 12:05:18.079 INFO Memory usage (end of timestep): 7.83 GB
2026-04-02 12:05:18.079 INFO (Iteration 11) subject_constraint_violation_count: real 6.25s | cpu 7.20s
2026-04-02 12:05:18.079 INFO (Iteration 11) statement_count_property_subject: real 0.63s | cpu 1.20s
2026-04-02 12:05:18.079 INFO (Iteration 11) subject_constraint_violation_total: real 0.00s | cpu 0.00s
2026-04-02 12:05:18.079 INFO (Iteration 11) subject_constraint_violation_ratio: real 0.00s | cpu 0.00s
2026-04-02 12:05:18.079 INFO (Iteration 11) subject_constraint_completeness: real 0.00s | cpu 0.00s
2026-04-02 12:05:18.079 INFO (Iteration 11) range_constraint_violation_count: real 11.88s | cpu 12.21s
2026-04-02 12:05:18.079 INFO (Iteration 11) range_constraint_violation_count_mandatory: real 0.02s | cpu 0.20s
2026-04-02 12:05:18.079 INFO (Iteration 11) range_constraint_violation_count_regular: real 12.09s | cpu 12.40s
2026-04-02 12:05:18.079 INFO (Iteration 11) range_constraint_violation_count_suggestion: real 0.01s | cpu 0.01s
2026-04-02 12:05:18.079 INFO (Iteration 11) statement_count_property_range_all: real 0.04s | cpu 0.32s
2026-04-02 12:05:18.079 INFO (Iteration 11) statement_count_property_range_mandatory: real 0.02s | cpu 0.23s
2026-04-02 12:05:18.079 INFO (Iteration 11) statement_count_property_range_regular: real 0.03s | cpu 0.28s
2026-04-02 12:05:18.079 INFO (Iteration 11) statement_count_property_range_suggestion: real 0.01s | cpu 0.01s
2026-04-02 12:05:18.079 INFO (Iteration 11) range_constraint_violation_total_all: real 0.00s | cpu 0.00s
2026-04-02 12:05:18.079 INFO (Iteration 11) range_constraint_violation_ratio: real 0.00s | cpu 0.00s
2026-04-02 12:05:18.079 INFO (Iteration 11) range_constraint_completeness: real 0.00s | cpu 0.00s
2026-04-02 12:05:18.079 INFO (Iteration 11) range_constraint_violation_total_mandatory: real 0.00s | cpu 0.00s
2026-04-02 12:05:18.079 INFO (Iteration 11) range_constraint_violation_ratio_mandatory: real 0.00s | cpu 0.00s
2026-04-02 12:05:18.079 INFO (Iteration 11) range_constraint_completeness_mandatory: real 0.00s | cpu 0.00s
2026-04-02 12:05:18.079 INFO (Iteration 11) range_constraint_violation_total_regular: real 0.00s | cpu 0.00s
2026-04-02 12:05:18.079 INFO (Iteration 11) range_constraint_violation_ratio_regular: real 0.00s | cpu 0.00s
2026-04-02 12:05:18.080 INFO (Iteration 11) range_constraint_completeness_regular: real 0.00s | cpu 0.00s
2026-04-02 12:05:18.080 INFO (Iteration 11) range_constraint_violation_total_suggestion: real 0.00s | cpu 0.00s
2026-04-02 12:05:18.080 INFO (Iteration 11) range_constraint_violation_ratio_suggestion: real 0.00s | cpu 0.00s
2026-04-02 12:05:18.080 INFO (Iteration 11) range_constraint_completeness_suggestion: real 0.00s | cpu 0.00s
2026-04-02 12:05:18.080 INFO Iteration 11 finished in 52.01s (real) and 46.69s (process)
2026-04-02 12:05:18.080 INFO Start timestep 2013-10-24 00:00:00+00:00 -> 2013-11-23 00:00:00+00:00
2026-04-02 12:05:37.113 INFO Loading data (2013-10-24 00:00:00+00:00 -> 2013-11-23 00:00:00+00:00) done in 19.03s (real) and 11.56s (process)
2026-04-02 12:05:37.113 INFO Memory usage (start of timestep): 7.83 GB
2026-04-02 12:05:37.113 INFO Calculating metrics
2026-04-02 12:05:37.114 INFO Calculating metric: subject_constraint_violation_count
2026-04-02 12:05:44.493 INFO [subject_constraint_violation_count] processed rows=2100745, result_rows=358
2026-04-02 12:05:44.697 INFO Calculating metric: statement_count_property_subject
2026-04-02 12:05:45.337 INFO Calculating metric: range_constraint_violation_count
2026-04-02 12:05:51.430 INFO Calculating metric: range_constraint_violation_count_mandatory
2026-04-02 12:05:51.451 INFO Calculating metric: range_constraint_violation_count_regular
2026-04-02 12:05:57.482 INFO Calculating metric: range_constraint_violation_count_suggestion
2026-04-02 12:05:57.486 INFO Calculating metric: statement_count_property_range_all
2026-04-02 12:05:57.523 INFO Calculating metric: statement_count_property_range_mandatory
2026-04-02 12:05:57.550 INFO Calculating metric: statement_count_property_range_regular
2026-04-02 12:05:57.581 INFO Calculating metric: statement_count_property_range_suggestion
2026-04-02 12:05:57.586 INFO Calculating metric: subject_constraint_violation_total
2026-04-02 12:05:57.589 INFO Calculating metric: range_constraint_violation_total_all
2026-04-02 12:05:57.591 INFO Calculating metric: range_constraint_violation_total_mandatory
2026-04-02 12:05:57.593 INFO Calculating metric: range_constraint_violation_total_regular
2026-04-02 12:05:57.595 INFO Calculating metric: range_constraint_violation_total_suggestion
2026-04-02 12:05:57.597 INFO Calculating metric: subject_constraint_violation_ratio
2026-04-02 12:05:57.599 INFO Calculating metric: range_constraint_violation_ratio
2026-04-02 12:05:57.601 INFO Calculating metric: range_constraint_violation_ratio_mandatory
2026-04-02 12:05:57.602 INFO Calculating metric: range_constraint_violation_ratio_regular
2026-04-02 12:05:57.604 INFO Calculating metric: range_constraint_violation_ratio_suggestion
2026-04-02 12:05:57.604 INFO Calculating metric: subject_constraint_completeness
2026-04-02 12:05:57.606 INFO Calculating metric: range_constraint_completeness
2026-04-02 12:05:57.608 INFO Calculating metric: range_constraint_completeness_mandatory
2026-04-02 12:05:57.610 INFO Calculating metric: range_constraint_completeness_regular
2026-04-02 12:05:57.612 INFO Calculating metric: range_constraint_completeness_suggestion
2026-04-02 12:05:57.614 INFO Memory usage (end of timestep): 7.83 GB
2026-04-02 12:05:57.614 INFO (Iteration 12) subject_constraint_violation_count: real 7.58s | cpu 8.76s
2026-04-02 12:05:57.614 INFO (Iteration 12) statement_count_property_subject: real 0.64s | cpu 1.43s
2026-04-02 12:05:57.614 INFO (Iteration 12) subject_constraint_violation_total: real 0.00s | cpu 0.00s
2026-04-02 12:05:57.614 INFO (Iteration 12) subject_constraint_violation_ratio: real 0.00s | cpu 0.00s
2026-04-02 12:05:57.614 INFO (Iteration 12) subject_constraint_completeness: real 0.00s | cpu 0.00s
2026-04-02 12:05:57.614 INFO (Iteration 12) range_constraint_violation_count: real 6.09s | cpu 6.40s
2026-04-02 12:05:57.614 INFO (Iteration 12) range_constraint_violation_count_mandatory: real 0.02s | cpu 0.25s
2026-04-02 12:05:57.614 INFO (Iteration 12) range_constraint_violation_count_regular: real 6.03s | cpu 6.35s
2026-04-02 12:05:57.614 INFO (Iteration 12) range_constraint_violation_count_suggestion: real 0.00s | cpu 0.01s
2026-04-02 12:05:57.614 INFO (Iteration 12) statement_count_property_range_all: real 0.04s | cpu 0.40s
2026-04-02 12:05:57.614 INFO (Iteration 12) statement_count_property_range_mandatory: real 0.03s | cpu 0.30s
2026-04-02 12:05:57.614 INFO (Iteration 12) statement_count_property_range_regular: real 0.03s | cpu 0.35s
2026-04-02 12:05:57.614 INFO (Iteration 12) statement_count_property_range_suggestion: real 0.01s | cpu 0.01s
2026-04-02 12:05:57.614 INFO (Iteration 12) range_constraint_violation_total_all: real 0.00s | cpu 0.00s
2026-04-02 12:05:57.614 INFO (Iteration 12) range_constraint_violation_ratio: real 0.00s | cpu 0.00s
2026-04-02 12:05:57.614 INFO (Iteration 12) range_constraint_completeness: real 0.00s | cpu 0.00s
2026-04-02 12:05:57.614 INFO (Iteration 12) range_constraint_violation_total_mandatory: real 0.00s | cpu 0.00s
2026-04-02 12:05:57.614 INFO (Iteration 12) range_constraint_violation_ratio_mandatory: real 0.00s | cpu 0.00s
2026-04-02 12:05:57.614 INFO (Iteration 12) range_constraint_completeness_mandatory: real 0.00s | cpu 0.00s
2026-04-02 12:05:57.614 INFO (Iteration 12) range_constraint_violation_total_regular: real 0.00s | cpu 0.00s
2026-04-02 12:05:57.614 INFO (Iteration 12) range_constraint_violation_ratio_regular: real 0.00s | cpu 0.00s
2026-04-02 12:05:57.614 INFO (Iteration 12) range_constraint_completeness_regular: real 0.00s | cpu 0.00s
2026-04-02 12:05:57.614 INFO (Iteration 12) range_constraint_violation_total_suggestion: real 0.00s | cpu 0.00s
2026-04-02 12:05:57.614 INFO (Iteration 12) range_constraint_violation_ratio_suggestion: real 0.00s | cpu 0.00s
2026-04-02 12:05:57.614 INFO (Iteration 12) range_constraint_completeness_suggestion: real 0.00s | cpu 0.00s
2026-04-02 12:05:57.614 INFO Iteration 12 finished in 39.53s (real) and 35.83s (process)
2026-04-02 12:05:57.615 INFO Start timestep 2013-11-23 00:00:00+00:00 -> 2013-12-23 00:00:00+00:00
2026-04-02 12:06:19.361 INFO Loading data (2013-11-23 00:00:00+00:00 -> 2013-12-23 00:00:00+00:00) done in 21.75s (real) and 18.81s (process)
2026-04-02 12:06:19.361 INFO Memory usage (start of timestep): 7.83 GB
2026-04-02 12:06:19.361 INFO Calculating metrics
2026-04-02 12:06:19.361 INFO Calculating metric: subject_constraint_violation_count
2026-04-02 12:06:28.220 INFO [subject_constraint_violation_count] processed rows=2402038, result_rows=375
2026-04-02 12:06:28.454 INFO Calculating metric: statement_count_property_subject
2026-04-02 12:06:29.778 INFO Calculating metric: range_constraint_violation_count
2026-04-02 12:06:30.199 INFO Calculating metric: range_constraint_violation_count_mandatory
2026-04-02 12:06:30.217 INFO Calculating metric: range_constraint_violation_count_regular
2026-04-02 12:06:30.624 INFO Calculating metric: range_constraint_violation_count_suggestion
2026-04-02 12:06:30.627 INFO Calculating metric: statement_count_property_range_all
2026-04-02 12:06:30.656 INFO Calculating metric: statement_count_property_range_mandatory
2026-04-02 12:06:30.681 INFO Calculating metric: statement_count_property_range_regular
2026-04-02 12:06:30.712 INFO Calculating metric: statement_count_property_range_suggestion
2026-04-02 12:06:30.717 INFO Calculating metric: subject_constraint_violation_total
2026-04-02 12:06:30.719 INFO Calculating metric: range_constraint_violation_total_all
2026-04-02 12:06:30.722 INFO Calculating metric: range_constraint_violation_total_mandatory
2026-04-02 12:06:30.724 INFO Calculating metric: range_constraint_violation_total_regular
2026-04-02 12:06:30.726 INFO Calculating metric: range_constraint_violation_total_suggestion
2026-04-02 12:06:30.728 INFO Calculating metric: subject_constraint_violation_ratio
2026-04-02 12:06:30.730 INFO Calculating metric: range_constraint_violation_ratio
2026-04-02 12:06:30.732 INFO Calculating metric: range_constraint_violation_ratio_mandatory
2026-04-02 12:06:30.732 INFO Calculating metric: range_constraint_violation_ratio_regular
2026-04-02 12:06:30.734 INFO Calculating metric: range_constraint_violation_ratio_suggestion
2026-04-02 12:06:30.734 INFO Calculating metric: subject_constraint_completeness
2026-04-02 12:06:30.736 INFO Calculating metric: range_constraint_completeness
2026-04-02 12:06:30.738 INFO Calculating metric: range_constraint_completeness_mandatory
2026-04-02 12:06:30.740 INFO Calculating metric: range_constraint_completeness_regular
2026-04-02 12:06:30.742 INFO Calculating metric: range_constraint_completeness_suggestion
2026-04-02 12:06:30.744 INFO Memory usage (end of timestep): 7.83 GB
2026-04-02 12:06:30.744 INFO (Iteration 13) subject_constraint_violation_count: real 9.09s | cpu 10.16s
2026-04-02 12:06:30.744 INFO (Iteration 13) statement_count_property_subject: real 1.32s | cpu 2.07s
2026-04-02 12:06:30.744 INFO (Iteration 13) subject_constraint_violation_total: real 0.00s | cpu 0.00s
2026-04-02 12:06:30.744 INFO (Iteration 13) subject_constraint_violation_ratio: real 0.00s | cpu 0.00s
2026-04-02 12:06:30.744 INFO (Iteration 13) subject_constraint_completeness: real 0.00s | cpu 0.00s
2026-04-02 12:06:30.744 INFO (Iteration 13) range_constraint_violation_count: real 0.42s | cpu 0.63s
2026-04-02 12:06:30.744 INFO (Iteration 13) range_constraint_violation_count_mandatory: real 0.02s | cpu 0.19s
2026-04-02 12:06:30.744 INFO (Iteration 13) range_constraint_violation_count_regular: real 0.41s | cpu 0.63s
2026-04-02 12:06:30.744 INFO (Iteration 13) range_constraint_violation_count_suggestion: real 0.00s | cpu 0.01s
2026-04-02 12:06:30.744 INFO (Iteration 13) statement_count_property_range_all: real 0.03s | cpu 0.34s
2026-04-02 12:06:30.744 INFO (Iteration 13) statement_count_property_range_mandatory: real 0.02s | cpu 0.26s
2026-04-02 12:06:30.744 INFO (Iteration 13) statement_count_property_range_regular: real 0.03s | cpu 0.34s
2026-04-02 12:06:30.744 INFO (Iteration 13) statement_count_property_range_suggestion: real 0.00s | cpu 0.01s
2026-04-02 12:06:30.744 INFO (Iteration 13) range_constraint_violation_total_all: real 0.00s | cpu 0.00s
2026-04-02 12:06:30.744 INFO (Iteration 13) range_constraint_violation_ratio: real 0.00s | cpu 0.00s
2026-04-02 12:06:30.744 INFO (Iteration 13) range_constraint_completeness: real 0.00s | cpu 0.00s
2026-04-02 12:06:30.744 INFO (Iteration 13) range_constraint_violation_total_mandatory: real 0.00s | cpu 0.00s
2026-04-02 12:06:30.744 INFO (Iteration 13) range_constraint_violation_ratio_mandatory: real 0.00s | cpu 0.00s
2026-04-02 12:06:30.744 INFO (Iteration 13) range_constraint_completeness_mandatory: real 0.00s | cpu 0.00s
2026-04-02 12:06:30.744 INFO (Iteration 13) range_constraint_violation_total_regular: real 0.00s | cpu 0.00s
2026-04-02 12:06:30.744 INFO (Iteration 13) range_constraint_violation_ratio_regular: real 0.00s | cpu 0.00s
2026-04-02 12:06:30.744 INFO (Iteration 13) range_constraint_completeness_regular: real 0.00s | cpu 0.00s
2026-04-02 12:06:30.744 INFO (Iteration 13) range_constraint_violation_total_suggestion: real 0.00s | cpu 0.00s
2026-04-02 12:06:30.744 INFO (Iteration 13) range_constraint_violation_ratio_suggestion: real 0.00s | cpu 0.00s
2026-04-02 12:06:30.745 INFO (Iteration 13) range_constraint_completeness_suggestion: real 0.00s | cpu 0.00s
2026-04-02 12:06:30.745 INFO Iteration 13 finished in 33.13s (real) and 33.44s (process)
2026-04-02 12:06:30.745 INFO Start timestep 2013-12-23 00:00:00+00:00 -> 2014-01-22 00:00:00+00:00
2026-04-02 12:06:50.405 INFO Loading data (2013-12-23 00:00:00+00:00 -> 2014-01-22 00:00:00+00:00) done in 19.66s (real) and 12.15s (process)
2026-04-02 12:06:50.405 INFO Memory usage (start of timestep): 7.83 GB
2026-04-02 12:06:50.405 INFO Calculating metrics
2026-04-02 12:06:50.406 INFO Calculating metric: subject_constraint_violation_count
2026-04-02 12:07:00.386 INFO [subject_constraint_violation_count] processed rows=2035917, result_rows=348
2026-04-02 12:07:00.611 INFO Calculating metric: statement_count_property_subject
2026-04-02 12:07:01.859 INFO Calculating metric: range_constraint_violation_count
2026-04-02 12:07:03.838 INFO Calculating metric: range_constraint_violation_count_mandatory
2026-04-02 12:07:03.855 INFO Calculating metric: range_constraint_violation_count_regular
2026-04-02 12:07:05.760 INFO Calculating metric: range_constraint_violation_count_suggestion
2026-04-02 12:07:05.763 INFO Calculating metric: statement_count_property_range_all
2026-04-02 12:07:05.789 INFO Calculating metric: statement_count_property_range_mandatory
2026-04-02 12:07:05.812 INFO Calculating metric: statement_count_property_range_regular
2026-04-02 12:07:05.841 INFO Calculating metric: statement_count_property_range_suggestion
2026-04-02 12:07:05.846 INFO Calculating metric: subject_constraint_violation_total
2026-04-02 12:07:05.849 INFO Calculating metric: range_constraint_violation_total_all
2026-04-02 12:07:05.851 INFO Calculating metric: range_constraint_violation_total_mandatory
2026-04-02 12:07:05.853 INFO Calculating metric: range_constraint_violation_total_regular
2026-04-02 12:07:05.855 INFO Calculating metric: range_constraint_violation_total_suggestion
2026-04-02 12:07:05.857 INFO Calculating metric: subject_constraint_violation_ratio
2026-04-02 12:07:05.858 INFO Calculating metric: range_constraint_violation_ratio
2026-04-02 12:07:05.860 INFO Calculating metric: range_constraint_violation_ratio_mandatory
2026-04-02 12:07:05.860 INFO Calculating metric: range_constraint_violation_ratio_regular
2026-04-02 12:07:05.862 INFO Calculating metric: range_constraint_violation_ratio_suggestion
2026-04-02 12:07:05.862 INFO Calculating metric: subject_constraint_completeness
2026-04-02 12:07:05.863 INFO Calculating metric: range_constraint_completeness
2026-04-02 12:07:05.865 INFO Calculating metric: range_constraint_completeness_mandatory
2026-04-02 12:07:05.867 INFO Calculating metric: range_constraint_completeness_regular
2026-04-02 12:07:05.869 INFO Calculating metric: range_constraint_completeness_suggestion
2026-04-02 12:07:05.870 INFO Memory usage (end of timestep): 7.83 GB
2026-04-02 12:07:05.870 INFO (Iteration 14) subject_constraint_violation_count: real 10.21s | cpu 11.04s
2026-04-02 12:07:05.870 INFO (Iteration 14) statement_count_property_subject: real 1.25s | cpu 1.93s
2026-04-02 12:07:05.871 INFO (Iteration 14) subject_constraint_violation_total: real 0.00s | cpu 0.00s
2026-04-02 12:07:05.871 INFO (Iteration 14) subject_constraint_violation_ratio: real 0.00s | cpu 0.00s
2026-04-02 12:07:05.871 INFO (Iteration 14) subject_constraint_completeness: real 0.00s | cpu 0.00s
2026-04-02 12:07:05.871 INFO (Iteration 14) range_constraint_violation_count: real 1.98s | cpu 2.18s
2026-04-02 12:07:05.871 INFO (Iteration 14) range_constraint_violation_count_mandatory: real 0.02s | cpu 0.19s
2026-04-02 12:07:05.871 INFO (Iteration 14) range_constraint_violation_count_regular: real 1.90s | cpu 2.10s
2026-04-02 12:07:05.871 INFO (Iteration 14) range_constraint_violation_count_suggestion: real 0.00s | cpu 0.01s
2026-04-02 12:07:05.871 INFO (Iteration 14) statement_count_property_range_all: real 0.03s | cpu 0.29s
2026-04-02 12:07:05.871 INFO (Iteration 14) statement_count_property_range_mandatory: real 0.02s | cpu 0.23s
2026-04-02 12:07:05.871 INFO (Iteration 14) statement_count_property_range_regular: real 0.03s | cpu 0.29s
2026-04-02 12:07:05.871 INFO (Iteration 14) statement_count_property_range_suggestion: real 0.01s | cpu 0.01s
2026-04-02 12:07:05.871 INFO (Iteration 14) range_constraint_violation_total_all: real 0.00s | cpu 0.00s
2026-04-02 12:07:05.871 INFO (Iteration 14) range_constraint_violation_ratio: real 0.00s | cpu 0.00s
2026-04-02 12:07:05.871 INFO (Iteration 14) range_constraint_completeness: real 0.00s | cpu 0.00s
2026-04-02 12:07:05.871 INFO (Iteration 14) range_constraint_violation_total_mandatory: real 0.00s | cpu 0.00s
2026-04-02 12:07:05.871 INFO (Iteration 14) range_constraint_violation_ratio_mandatory: real 0.00s | cpu 0.00s
2026-04-02 12:07:05.871 INFO (Iteration 14) range_constraint_completeness_mandatory: real 0.00s | cpu 0.00s
2026-04-02 12:07:05.871 INFO (Iteration 14) range_constraint_violation_total_regular: real 0.00s | cpu 0.00s
2026-04-02 12:07:05.871 INFO (Iteration 14) range_constraint_violation_ratio_regular: real 0.00s | cpu 0.00s
2026-04-02 12:07:05.871 INFO (Iteration 14) range_constraint_completeness_regular: real 0.00s | cpu 0.00s
2026-04-02 12:07:05.871 INFO (Iteration 14) range_constraint_violation_total_suggestion: real 0.00s | cpu 0.00s
2026-04-02 12:07:05.871 INFO (Iteration 14) range_constraint_violation_ratio_suggestion: real 0.00s | cpu 0.00s
2026-04-02 12:07:05.871 INFO (Iteration 14) range_constraint_completeness_suggestion: real 0.00s | cpu 0.00s
2026-04-02 12:07:05.871 INFO Iteration 14 finished in 35.13s (real) and 30.43s (process)
2026-04-02 12:07:05.871 INFO Start timestep 2014-01-22 00:00:00+00:00 -> 2014-02-21 00:00:00+00:00
2026-04-02 12:07:23.861 INFO Loading data (2014-01-22 00:00:00+00:00 -> 2014-02-21 00:00:00+00:00) done in 17.99s (real) and 11.10s (process)
2026-04-02 12:07:23.861 INFO Memory usage (start of timestep): 7.83 GB
2026-04-02 12:07:23.861 INFO Calculating metrics
2026-04-02 12:07:23.861 INFO Calculating metric: subject_constraint_violation_count
2026-04-02 12:07:32.609 INFO [subject_constraint_violation_count] processed rows=1560217, result_rows=373
2026-04-02 12:07:32.798 INFO Calculating metric: statement_count_property_subject
2026-04-02 12:07:33.797 INFO Calculating metric: range_constraint_violation_count
2026-04-02 12:07:46.675 INFO Calculating metric: range_constraint_violation_count_mandatory
2026-04-02 12:07:46.747 INFO Calculating metric: range_constraint_violation_count_regular
2026-04-02 12:07:59.075 INFO Calculating metric: range_constraint_violation_count_suggestion
2026-04-02 12:07:59.129 INFO Calculating metric: statement_count_property_range_all
2026-04-02 12:07:59.166 INFO Calculating metric: statement_count_property_range_mandatory
2026-04-02 12:07:59.192 INFO Calculating metric: statement_count_property_range_regular
2026-04-02 12:07:59.224 INFO Calculating metric: statement_count_property_range_suggestion
2026-04-02 12:07:59.238 INFO Calculating metric: subject_constraint_violation_total
2026-04-02 12:07:59.241 INFO Calculating metric: range_constraint_violation_total_all
2026-04-02 12:07:59.243 INFO Calculating metric: range_constraint_violation_total_mandatory
2026-04-02 12:07:59.245 INFO Calculating metric: range_constraint_violation_total_regular
2026-04-02 12:07:59.248 INFO Calculating metric: range_constraint_violation_total_suggestion
2026-04-02 12:07:59.250 INFO Calculating metric: subject_constraint_violation_ratio
2026-04-02 12:07:59.252 INFO Calculating metric: range_constraint_violation_ratio
2026-04-02 12:07:59.254 INFO Calculating metric: range_constraint_violation_ratio_mandatory
2026-04-02 12:07:59.277 INFO Registered new metric: 'range_constraint_violation_ratio_mandatory' with ID: 128
2026-04-02 12:07:59.279 INFO Calculating metric: range_constraint_violation_ratio_regular
2026-04-02 12:07:59.281 INFO Calculating metric: range_constraint_violation_ratio_suggestion
2026-04-02 12:07:59.284 INFO Registered new metric: 'range_constraint_violation_ratio_suggestion' with ID: 129
2026-04-02 12:07:59.286 INFO Calculating metric: subject_constraint_completeness
2026-04-02 12:07:59.288 INFO Calculating metric: range_constraint_completeness
2026-04-02 12:07:59.290 INFO Calculating metric: range_constraint_completeness_mandatory
2026-04-02 12:07:59.293 INFO Calculating metric: range_constraint_completeness_regular
2026-04-02 12:07:59.295 INFO Calculating metric: range_constraint_completeness_suggestion
2026-04-02 12:07:59.298 INFO Memory usage (end of timestep): 7.83 GB
2026-04-02 12:07:59.298 INFO (Iteration 15) subject_constraint_violation_count: real 8.94s | cpu 9.87s
2026-04-02 12:07:59.298 INFO (Iteration 15) statement_count_property_subject: real 1.00s | cpu 1.71s
2026-04-02 12:07:59.298 INFO (Iteration 15) subject_constraint_violation_total: real 0.00s | cpu 0.00s
2026-04-02 12:07:59.298 INFO (Iteration 15) subject_constraint_violation_ratio: real 0.00s | cpu 0.00s
2026-04-02 12:07:59.298 INFO (Iteration 15) subject_constraint_completeness: real 0.00s | cpu 0.00s
2026-04-02 12:07:59.298 INFO (Iteration 15) range_constraint_violation_count: real 12.88s | cpu 13.14s
2026-04-02 12:07:59.298 INFO (Iteration 15) range_constraint_violation_count_mandatory: real 0.07s | cpu 0.22s
2026-04-02 12:07:59.298 INFO (Iteration 15) range_constraint_violation_count_regular: real 12.33s | cpu 12.59s
2026-04-02 12:07:59.298 INFO (Iteration 15) range_constraint_violation_count_suggestion: real 0.05s | cpu 0.07s
2026-04-02 12:07:59.298 INFO (Iteration 15) statement_count_property_range_all: real 0.04s | cpu 0.33s
2026-04-02 12:07:59.298 INFO (Iteration 15) statement_count_property_range_mandatory: real 0.03s | cpu 0.26s
2026-04-02 12:07:59.298 INFO (Iteration 15) statement_count_property_range_regular: real 0.03s | cpu 0.31s
2026-04-02 12:07:59.298 INFO (Iteration 15) statement_count_property_range_suggestion: real 0.01s | cpu 0.12s
2026-04-02 12:07:59.298 INFO (Iteration 15) range_constraint_violation_total_all: real 0.00s | cpu 0.00s
2026-04-02 12:07:59.298 INFO (Iteration 15) range_constraint_violation_ratio: real 0.00s | cpu 0.00s
2026-04-02 12:07:59.298 INFO (Iteration 15) range_constraint_completeness: real 0.00s | cpu 0.00s
2026-04-02 12:07:59.298 INFO (Iteration 15) range_constraint_violation_total_mandatory: real 0.00s | cpu 0.00s
2026-04-02 12:07:59.298 INFO (Iteration 15) range_constraint_violation_ratio_mandatory: real 0.02s | cpu 0.00s
2026-04-02 12:07:59.298 INFO (Iteration 15) range_constraint_completeness_mandatory: real 0.00s | cpu 0.00s
2026-04-02 12:07:59.298 INFO (Iteration 15) range_constraint_violation_total_regular: real 0.00s | cpu 0.00s
2026-04-02 12:07:59.298 INFO (Iteration 15) range_constraint_violation_ratio_regular: real 0.00s | cpu 0.00s
2026-04-02 12:07:59.298 INFO (Iteration 15) range_constraint_completeness_regular: real 0.00s | cpu 0.00s
2026-04-02 12:07:59.298 INFO (Iteration 15) range_constraint_violation_total_suggestion: real 0.00s | cpu 0.00s
2026-04-02 12:07:59.298 INFO (Iteration 15) range_constraint_violation_ratio_suggestion: real 0.01s | cpu 0.00s
2026-04-02 12:07:59.298 INFO (Iteration 15) range_constraint_completeness_suggestion: real 0.00s | cpu 0.00s
2026-04-02 12:07:59.298 INFO Iteration 15 finished in 53.43s (real) and 49.74s (process)
2026-04-02 12:07:59.299 INFO Start timestep 2014-02-21 00:00:00+00:00 -> 2014-03-23 00:00:00+00:00
2026-04-02 12:08:20.599 INFO Loading data (2014-02-21 00:00:00+00:00 -> 2014-03-23 00:00:00+00:00) done in 21.30s (real) and 13.09s (process)
2026-04-02 12:08:20.599 INFO Memory usage (start of timestep): 7.83 GB
2026-04-02 12:08:20.599 INFO Calculating metrics
2026-04-02 12:08:20.599 INFO Calculating metric: subject_constraint_violation_count
2026-04-02 12:08:27.751 INFO [subject_constraint_violation_count] processed rows=1513780, result_rows=405
2026-04-02 12:08:27.916 INFO Calculating metric: statement_count_property_subject
2026-04-02 12:08:28.923 INFO Calculating metric: range_constraint_violation_count
2026-04-02 12:08:45.870 INFO Calculating metric: range_constraint_violation_count_mandatory
2026-04-02 12:08:45.941 INFO Calculating metric: range_constraint_violation_count_regular
2026-04-02 12:09:02.417 INFO Calculating metric: range_constraint_violation_count_suggestion
2026-04-02 12:09:02.463 INFO Calculating metric: statement_count_property_range_all
2026-04-02 12:09:02.501 INFO Calculating metric: statement_count_property_range_mandatory
2026-04-02 12:09:02.528 INFO Calculating metric: statement_count_property_range_regular
2026-04-02 12:09:02.557 INFO Calculating metric: statement_count_property_range_suggestion
2026-04-02 12:09:02.578 INFO Calculating metric: subject_constraint_violation_total
2026-04-02 12:09:02.580 INFO Calculating metric: range_constraint_violation_total_all
2026-04-02 12:09:02.583 INFO Calculating metric: range_constraint_violation_total_mandatory
2026-04-02 12:09:02.585 INFO Calculating metric: range_constraint_violation_total_regular
2026-04-02 12:09:02.587 INFO Calculating metric: range_constraint_violation_total_suggestion
2026-04-02 12:09:02.590 INFO Calculating metric: subject_constraint_violation_ratio
2026-04-02 12:09:02.592 INFO Calculating metric: range_constraint_violation_ratio
2026-04-02 12:09:02.594 INFO Calculating metric: range_constraint_violation_ratio_mandatory
2026-04-02 12:09:02.596 INFO Calculating metric: range_constraint_violation_ratio_regular
2026-04-02 12:09:02.599 INFO Calculating metric: range_constraint_violation_ratio_suggestion
2026-04-02 12:09:02.601 INFO Calculating metric: subject_constraint_completeness
2026-04-02 12:09:02.603 INFO Calculating metric: range_constraint_completeness
2026-04-02 12:09:02.605 INFO Calculating metric: range_constraint_completeness_mandatory
2026-04-02 12:09:02.607 INFO Calculating metric: range_constraint_completeness_regular
2026-04-02 12:09:02.610 INFO Calculating metric: range_constraint_completeness_suggestion
2026-04-02 12:09:02.612 INFO Memory usage (end of timestep): 7.83 GB
2026-04-02 12:09:02.612 INFO (Iteration 16) subject_constraint_violation_count: real 7.32s | cpu 8.21s
2026-04-02 12:09:02.612 INFO (Iteration 16) statement_count_property_subject: real 1.01s | cpu 1.69s
2026-04-02 12:09:02.612 INFO (Iteration 16) subject_constraint_violation_total: real 0.00s | cpu 0.00s
2026-04-02 12:09:02.612 INFO (Iteration 16) subject_constraint_violation_ratio: real 0.00s | cpu 0.00s
2026-04-02 12:09:02.612 INFO (Iteration 16) subject_constraint_completeness: real 0.00s | cpu 0.00s
2026-04-02 12:09:02.612 INFO (Iteration 16) range_constraint_violation_count: real 16.95s | cpu 17.29s
2026-04-02 12:09:02.612 INFO (Iteration 16) range_constraint_violation_count_mandatory: real 0.07s | cpu 0.25s
2026-04-02 12:09:02.612 INFO (Iteration 16) range_constraint_violation_count_regular: real 16.48s | cpu 16.79s
2026-04-02 12:09:02.612 INFO (Iteration 16) range_constraint_violation_count_suggestion: real 0.05s | cpu 0.12s
2026-04-02 12:09:02.612 INFO (Iteration 16) statement_count_property_range_all: real 0.04s | cpu 0.35s
2026-04-02 12:09:02.612 INFO (Iteration 16) statement_count_property_range_mandatory: real 0.03s | cpu 0.27s
2026-04-02 12:09:02.612 INFO (Iteration 16) statement_count_property_range_regular: real 0.03s | cpu 0.31s
2026-04-02 12:09:02.612 INFO (Iteration 16) statement_count_property_range_suggestion: real 0.02s | cpu 0.19s
2026-04-02 12:09:02.612 INFO (Iteration 16) range_constraint_violation_total_all: real 0.00s | cpu 0.00s
2026-04-02 12:09:02.612 INFO (Iteration 16) range_constraint_violation_ratio: real 0.00s | cpu 0.00s
2026-04-02 12:09:02.612 INFO (Iteration 16) range_constraint_completeness: real 0.00s | cpu 0.00s
2026-04-02 12:09:02.612 INFO (Iteration 16) range_constraint_violation_total_mandatory: real 0.00s | cpu 0.00s
2026-04-02 12:09:02.612 INFO (Iteration 16) range_constraint_violation_ratio_mandatory: real 0.00s | cpu 0.00s
2026-04-02 12:09:02.612 INFO (Iteration 16) range_constraint_completeness_mandatory: real 0.00s | cpu 0.00s
2026-04-02 12:09:02.612 INFO (Iteration 16) range_constraint_violation_total_regular: real 0.00s | cpu 0.00s
2026-04-02 12:09:02.613 INFO (Iteration 16) range_constraint_violation_ratio_regular: real 0.00s | cpu 0.00s
2026-04-02 12:09:02.613 INFO (Iteration 16) range_constraint_completeness_regular: real 0.00s | cpu 0.00s
2026-04-02 12:09:02.613 INFO (Iteration 16) range_constraint_violation_total_suggestion: real 0.00s | cpu 0.00s
2026-04-02 12:09:02.613 INFO (Iteration 16) range_constraint_violation_ratio_suggestion: real 0.00s | cpu 0.00s
2026-04-02 12:09:02.613 INFO (Iteration 16) range_constraint_completeness_suggestion: real 0.00s | cpu 0.00s
2026-04-02 12:09:02.613 INFO Iteration 16 finished in 63.31s (real) and 58.60s (process)
2026-04-02 12:09:02.613 INFO Start timestep 2014-03-23 00:00:00+00:00 -> 2014-04-22 00:00:00+00:00
2026-04-02 12:09:18.730 INFO Loading data (2014-03-23 00:00:00+00:00 -> 2014-04-22 00:00:00+00:00) done in 16.12s (real) and 9.60s (process)
2026-04-02 12:09:18.730 INFO Memory usage (start of timestep): 7.83 GB
2026-04-02 12:09:18.730 INFO Calculating metrics
2026-04-02 12:09:18.730 INFO Calculating metric: subject_constraint_violation_count
2026-04-02 12:09:32.618 INFO [subject_constraint_violation_count] processed rows=868617, result_rows=387
2026-04-02 12:09:32.736 INFO Calculating metric: statement_count_property_subject
2026-04-02 12:09:33.201 INFO Calculating metric: range_constraint_violation_count
2026-04-02 12:09:35.429 INFO Calculating metric: range_constraint_violation_count_mandatory
2026-04-02 12:09:35.567 INFO Calculating metric: range_constraint_violation_count_regular
2026-04-02 12:09:37.652 INFO Calculating metric: range_constraint_violation_count_suggestion
2026-04-02 12:09:37.700 INFO Calculating metric: statement_count_property_range_all
2026-04-02 12:09:37.733 INFO Calculating metric: statement_count_property_range_mandatory
2026-04-02 12:09:37.760 INFO Calculating metric: statement_count_property_range_regular
2026-04-02 12:09:37.785 INFO Calculating metric: statement_count_property_range_suggestion
2026-04-02 12:09:37.801 INFO Calculating metric: subject_constraint_violation_total
2026-04-02 12:09:37.804 INFO Calculating metric: range_constraint_violation_total_all
2026-04-02 12:09:37.806 INFO Calculating metric: range_constraint_violation_total_mandatory
2026-04-02 12:09:37.809 INFO Calculating metric: range_constraint_violation_total_regular
2026-04-02 12:09:37.811 INFO Calculating metric: range_constraint_violation_total_suggestion
2026-04-02 12:09:37.814 INFO Calculating metric: subject_constraint_violation_ratio
2026-04-02 12:09:37.816 INFO Calculating metric: range_constraint_violation_ratio
2026-04-02 12:09:37.818 INFO Calculating metric: range_constraint_violation_ratio_mandatory
2026-04-02 12:09:37.821 INFO Calculating metric: range_constraint_violation_ratio_regular
2026-04-02 12:09:37.824 INFO Calculating metric: range_constraint_violation_ratio_suggestion
2026-04-02 12:09:37.826 INFO Calculating metric: subject_constraint_completeness
2026-04-02 12:09:37.829 INFO Calculating metric: range_constraint_completeness
2026-04-02 12:09:37.831 INFO Calculating metric: range_constraint_completeness_mandatory
2026-04-02 12:09:37.833 INFO Calculating metric: range_constraint_completeness_regular
2026-04-02 12:09:37.836 INFO Calculating metric: range_constraint_completeness_suggestion
2026-04-02 12:09:37.838 INFO Memory usage (end of timestep): 7.83 GB
2026-04-02 12:09:37.838 INFO (Iteration 17) subject_constraint_violation_count: real 14.01s | cpu 14.52s
2026-04-02 12:09:37.838 INFO (Iteration 17) statement_count_property_subject: real 0.47s | cpu 0.84s
2026-04-02 12:09:37.838 INFO (Iteration 17) subject_constraint_violation_total: real 0.00s | cpu 0.00s
2026-04-02 12:09:37.838 INFO (Iteration 17) subject_constraint_violation_ratio: real 0.00s | cpu 0.00s
2026-04-02 12:09:37.838 INFO (Iteration 17) subject_constraint_completeness: real 0.00s | cpu 0.00s
2026-04-02 12:09:37.838 INFO (Iteration 17) range_constraint_violation_count: real 2.23s | cpu 2.37s
2026-04-02 12:09:37.838 INFO (Iteration 17) range_constraint_violation_count_mandatory: real 0.14s | cpu 0.23s
2026-04-02 12:09:37.838 INFO (Iteration 17) range_constraint_violation_count_regular: real 2.09s | cpu 2.22s
2026-04-02 12:09:37.838 INFO (Iteration 17) range_constraint_violation_count_suggestion: real 0.05s | cpu 0.09s
2026-04-02 12:09:37.838 INFO (Iteration 17) statement_count_property_range_all: real 0.03s | cpu 0.21s
2026-04-02 12:09:37.838 INFO (Iteration 17) statement_count_property_range_mandatory: real 0.03s | cpu 0.17s
2026-04-02 12:09:37.838 INFO (Iteration 17) statement_count_property_range_regular: real 0.02s | cpu 0.20s
2026-04-02 12:09:37.838 INFO (Iteration 17) statement_count_property_range_suggestion: real 0.02s | cpu 0.13s
2026-04-02 12:09:37.838 INFO (Iteration 17) range_constraint_violation_total_all: real 0.00s | cpu 0.00s
2026-04-02 12:09:37.839 INFO (Iteration 17) range_constraint_violation_ratio: real 0.00s | cpu 0.00s
2026-04-02 12:09:37.839 INFO (Iteration 17) range_constraint_completeness: real 0.00s | cpu 0.00s
2026-04-02 12:09:37.839 INFO (Iteration 17) range_constraint_violation_total_mandatory: real 0.00s | cpu 0.00s
2026-04-02 12:09:37.839 INFO (Iteration 17) range_constraint_violation_ratio_mandatory: real 0.00s | cpu 0.00s
2026-04-02 12:09:37.839 INFO (Iteration 17) range_constraint_completeness_mandatory: real 0.00s | cpu 0.00s
2026-04-02 12:09:37.839 INFO (Iteration 17) range_constraint_violation_total_regular: real 0.00s | cpu 0.00s
2026-04-02 12:09:37.839 INFO (Iteration 17) range_constraint_violation_ratio_regular: real 0.00s | cpu 0.00s
2026-04-02 12:09:37.839 INFO (Iteration 17) range_constraint_completeness_regular: real 0.00s | cpu 0.00s
2026-04-02 12:09:37.839 INFO (Iteration 17) range_constraint_violation_total_suggestion: real 0.00s | cpu 0.00s
2026-04-02 12:09:37.839 INFO (Iteration 17) range_constraint_violation_ratio_suggestion: real 0.00s | cpu 0.00s
2026-04-02 12:09:37.839 INFO (Iteration 17) range_constraint_completeness_suggestion: real 0.00s | cpu 0.00s
2026-04-02 12:09:37.839 INFO Iteration 17 finished in 35.23s (real) and 30.60s (process)
2026-04-02 12:09:37.839 INFO Start timestep 2014-04-22 00:00:00+00:00 -> 2014-05-22 00:00:00+00:00
2026-04-02 12:10:06.417 INFO Loading data (2014-04-22 00:00:00+00:00 -> 2014-05-22 00:00:00+00:00) done in 28.58s (real) and 17.36s (process)
2026-04-02 12:10:06.418 INFO Memory usage (start of timestep): 7.83 GB
2026-04-02 12:10:06.418 INFO Calculating metrics
2026-04-02 12:10:06.418 INFO Calculating metric: subject_constraint_violation_count
2026-04-02 12:10:23.585 INFO [subject_constraint_violation_count] processed rows=3107118, result_rows=427
2026-04-02 12:10:23.854 INFO Calculating metric: statement_count_property_subject
2026-04-02 12:10:25.337 INFO Calculating metric: range_constraint_violation_count
2026-04-02 12:10:31.970 INFO Calculating metric: range_constraint_violation_count_mandatory
2026-04-02 12:10:32.422 INFO Calculating metric: range_constraint_violation_count_regular
2026-04-02 12:10:38.603 INFO Calculating metric: range_constraint_violation_count_suggestion
2026-04-02 12:10:38.656 INFO Calculating metric: statement_count_property_range_all
2026-04-02 12:10:38.703 INFO Calculating metric: statement_count_property_range_mandatory
2026-04-02 12:10:38.734 INFO Calculating metric: statement_count_property_range_regular
2026-04-02 12:10:38.756 INFO Calculating metric: statement_count_property_range_suggestion
2026-04-02 12:10:38.774 INFO Calculating metric: subject_constraint_violation_total
2026-04-02 12:10:38.777 INFO Calculating metric: range_constraint_violation_total_all
2026-04-02 12:10:38.779 INFO Calculating metric: range_constraint_violation_total_mandatory
2026-04-02 12:10:38.782 INFO Calculating metric: range_constraint_violation_total_regular
2026-04-02 12:10:38.785 INFO Calculating metric: range_constraint_violation_total_suggestion
2026-04-02 12:10:38.787 INFO Calculating metric: subject_constraint_violation_ratio
2026-04-02 12:10:38.789 INFO Calculating metric: range_constraint_violation_ratio
2026-04-02 12:10:38.791 INFO Calculating metric: range_constraint_violation_ratio_mandatory
2026-04-02 12:10:38.794 INFO Calculating metric: range_constraint_violation_ratio_regular
2026-04-02 12:10:38.796 INFO Calculating metric: range_constraint_violation_ratio_suggestion
2026-04-02 12:10:38.798 INFO Calculating metric: subject_constraint_completeness
2026-04-02 12:10:38.801 INFO Calculating metric: range_constraint_completeness
2026-04-02 12:10:38.803 INFO Calculating metric: range_constraint_completeness_mandatory
2026-04-02 12:10:38.805 INFO Calculating metric: range_constraint_completeness_regular
2026-04-02 12:10:38.808 INFO Calculating metric: range_constraint_completeness_suggestion
2026-04-02 12:10:38.810 INFO Memory usage (end of timestep): 9.61 GB
2026-04-02 12:10:38.810 INFO (Iteration 18) subject_constraint_violation_count: real 17.44s | cpu 19.09s
2026-04-02 12:10:38.810 INFO (Iteration 18) statement_count_property_subject: real 1.48s | cpu 2.72s
2026-04-02 12:10:38.810 INFO (Iteration 18) subject_constraint_violation_total: real 0.00s | cpu 0.00s
2026-04-02 12:10:38.810 INFO (Iteration 18) subject_constraint_violation_ratio: real 0.00s | cpu 0.00s
2026-04-02 12:10:38.810 INFO (Iteration 18) subject_constraint_completeness: real 0.00s | cpu 0.00s
2026-04-02 12:10:38.810 INFO (Iteration 18) range_constraint_violation_count: real 6.63s | cpu 7.13s
2026-04-02 12:10:38.810 INFO (Iteration 18) range_constraint_violation_count_mandatory: real 0.45s | cpu 0.76s
2026-04-02 12:10:38.810 INFO (Iteration 18) range_constraint_violation_count_regular: real 6.18s | cpu 6.65s
2026-04-02 12:10:38.810 INFO (Iteration 18) range_constraint_violation_count_suggestion: real 0.05s | cpu 0.24s
2026-04-02 12:10:38.810 INFO (Iteration 18) statement_count_property_range_all: real 0.05s | cpu 0.56s
2026-04-02 12:10:38.811 INFO (Iteration 18) statement_count_property_range_mandatory: real 0.03s | cpu 0.39s
2026-04-02 12:10:38.811 INFO (Iteration 18) statement_count_property_range_regular: real 0.02s | cpu 0.24s
2026-04-02 12:10:38.811 INFO (Iteration 18) statement_count_property_range_suggestion: real 0.02s | cpu 0.18s
2026-04-02 12:10:38.811 INFO (Iteration 18) range_constraint_violation_total_all: real 0.00s | cpu 0.00s
2026-04-02 12:10:38.811 INFO (Iteration 18) range_constraint_violation_ratio: real 0.00s | cpu 0.00s
2026-04-02 12:10:38.811 INFO (Iteration 18) range_constraint_completeness: real 0.00s | cpu 0.00s
2026-04-02 12:10:38.811 INFO (Iteration 18) range_constraint_violation_total_mandatory: real 0.00s | cpu 0.00s
2026-04-02 12:10:38.811 INFO (Iteration 18) range_constraint_violation_ratio_mandatory: real 0.00s | cpu 0.00s
2026-04-02 12:10:38.811 INFO (Iteration 18) range_constraint_completeness_mandatory: real 0.00s | cpu 0.00s
2026-04-02 12:10:38.811 INFO (Iteration 18) range_constraint_violation_total_regular: real 0.00s | cpu 0.00s
2026-04-02 12:10:38.811 INFO (Iteration 18) range_constraint_violation_ratio_regular: real 0.00s | cpu 0.00s
2026-04-02 12:10:38.811 INFO (Iteration 18) range_constraint_completeness_regular: real 0.00s | cpu 0.00s
2026-04-02 12:10:38.811 INFO (Iteration 18) range_constraint_violation_total_suggestion: real 0.00s | cpu 0.00s
2026-04-02 12:10:38.811 INFO (Iteration 18) range_constraint_violation_ratio_suggestion: real 0.00s | cpu 0.00s
2026-04-02 12:10:38.811 INFO (Iteration 18) range_constraint_completeness_suggestion: real 0.00s | cpu 0.00s
2026-04-02 12:10:38.811 INFO Iteration 18 finished in 60.97s (real) and 55.33s (process)
2026-04-02 12:10:38.811 INFO Start timestep 2014-05-22 00:00:00+00:00 -> 2014-06-21 00:00:00+00:00
2026-04-02 12:10:57.199 INFO Loading data (2014-05-22 00:00:00+00:00 -> 2014-06-21 00:00:00+00:00) done in 18.39s (real) and 18.23s (process)
2026-04-02 12:10:57.199 INFO Memory usage (start of timestep): 9.61 GB
2026-04-02 12:10:57.199 INFO Calculating metrics
2026-04-02 12:10:57.199 INFO Calculating metric: subject_constraint_violation_count
2026-04-02 12:11:14.461 INFO [subject_constraint_violation_count] processed rows=3621088, result_rows=407
2026-04-02 12:11:14.805 INFO Calculating metric: statement_count_property_subject
2026-04-02 12:11:16.021 INFO Calculating metric: range_constraint_violation_count
2026-04-02 12:11:29.839 INFO Calculating metric: range_constraint_violation_count_mandatory
2026-04-02 12:11:29.911 INFO Calculating metric: range_constraint_violation_count_regular
2026-04-02 12:11:43.688 INFO Calculating metric: range_constraint_violation_count_suggestion
2026-04-02 12:11:43.750 INFO Calculating metric: statement_count_property_range_all
2026-04-02 12:11:43.794 INFO Calculating metric: statement_count_property_range_mandatory
2026-04-02 12:11:43.826 INFO Calculating metric: statement_count_property_range_regular
2026-04-02 12:11:43.856 INFO Calculating metric: statement_count_property_range_suggestion
2026-04-02 12:11:43.874 INFO Calculating metric: subject_constraint_violation_total
2026-04-02 12:11:43.877 INFO Calculating metric: range_constraint_violation_total_all
2026-04-02 12:11:43.879 INFO Calculating metric: range_constraint_violation_total_mandatory
2026-04-02 12:11:43.882 INFO Calculating metric: range_constraint_violation_total_regular
2026-04-02 12:11:43.884 INFO Calculating metric: range_constraint_violation_total_suggestion
2026-04-02 12:11:43.887 INFO Calculating metric: subject_constraint_violation_ratio
2026-04-02 12:11:43.889 INFO Calculating metric: range_constraint_violation_ratio
2026-04-02 12:11:43.891 INFO Calculating metric: range_constraint_violation_ratio_mandatory
2026-04-02 12:11:43.894 INFO Calculating metric: range_constraint_violation_ratio_regular
2026-04-02 12:11:43.896 INFO Calculating metric: range_constraint_violation_ratio_suggestion
2026-04-02 12:11:43.898 INFO Calculating metric: subject_constraint_completeness
2026-04-02 12:11:43.900 INFO Calculating metric: range_constraint_completeness
2026-04-02 12:11:43.903 INFO Calculating metric: range_constraint_completeness_mandatory
2026-04-02 12:11:43.905 INFO Calculating metric: range_constraint_completeness_regular
2026-04-02 12:11:43.907 INFO Calculating metric: range_constraint_completeness_suggestion
2026-04-02 12:11:43.910 INFO Memory usage (end of timestep): 9.61 GB
2026-04-02 12:11:43.910 INFO (Iteration 19) subject_constraint_violation_count: real 17.61s | cpu 19.03s
2026-04-02 12:11:43.910 INFO (Iteration 19) statement_count_property_subject: real 1.22s | cpu 2.28s
2026-04-02 12:11:43.910 INFO (Iteration 19) subject_constraint_violation_total: real 0.00s | cpu 0.00s
2026-04-02 12:11:43.910 INFO (Iteration 19) subject_constraint_violation_ratio: real 0.00s | cpu 0.00s
2026-04-02 12:11:43.910 INFO (Iteration 19) subject_constraint_completeness: real 0.00s | cpu 0.00s
2026-04-02 12:11:43.910 INFO (Iteration 19) range_constraint_violation_count: real 13.82s | cpu 14.23s
2026-04-02 12:11:43.910 INFO (Iteration 19) range_constraint_violation_count_mandatory: real 0.07s | cpu 0.30s
2026-04-02 12:11:43.910 INFO (Iteration 19) range_constraint_violation_count_regular: real 13.78s | cpu 14.19s
2026-04-02 12:11:43.910 INFO (Iteration 19) range_constraint_violation_count_suggestion: real 0.06s | cpu 0.27s
2026-04-02 12:11:43.910 INFO (Iteration 19) statement_count_property_range_all: real 0.04s | cpu 0.48s
2026-04-02 12:11:43.910 INFO (Iteration 19) statement_count_property_range_mandatory: real 0.03s | cpu 0.37s
2026-04-02 12:11:43.910 INFO (Iteration 19) statement_count_property_range_regular: real 0.03s | cpu 0.32s
2026-04-02 12:11:43.910 INFO (Iteration 19) statement_count_property_range_suggestion: real 0.02s | cpu 0.17s
2026-04-02 12:11:43.910 INFO (Iteration 19) range_constraint_violation_total_all: real 0.00s | cpu 0.00s
2026-04-02 12:11:43.910 INFO (Iteration 19) range_constraint_violation_ratio: real 0.00s | cpu 0.00s
2026-04-02 12:11:43.910 INFO (Iteration 19) range_constraint_completeness: real 0.00s | cpu 0.00s
2026-04-02 12:11:43.910 INFO (Iteration 19) range_constraint_violation_total_mandatory: real 0.00s | cpu 0.00s
2026-04-02 12:11:43.910 INFO (Iteration 19) range_constraint_violation_ratio_mandatory: real 0.00s | cpu 0.00s
2026-04-02 12:11:43.910 INFO (Iteration 19) range_constraint_completeness_mandatory: real 0.00s | cpu 0.00s
2026-04-02 12:11:43.910 INFO (Iteration 19) range_constraint_violation_total_regular: real 0.00s | cpu 0.00s
2026-04-02 12:11:43.910 INFO (Iteration 19) range_constraint_violation_ratio_regular: real 0.00s | cpu 0.00s
2026-04-02 12:11:43.910 INFO (Iteration 19) range_constraint_completeness_regular: real 0.00s | cpu 0.00s
2026-04-02 12:11:43.910 INFO (Iteration 19) range_constraint_violation_total_suggestion: real 0.00s | cpu 0.00s
2026-04-02 12:11:43.910 INFO (Iteration 19) range_constraint_violation_ratio_suggestion: real 0.00s | cpu 0.00s
2026-04-02 12:11:43.910 INFO (Iteration 19) range_constraint_completeness_suggestion: real 0.00s | cpu 0.00s
2026-04-02 12:11:43.910 INFO Iteration 19 finished in 65.10s (real) and 69.88s (process)
2026-04-02 12:11:43.910 INFO Start timestep 2014-06-21 00:00:00+00:00 -> 2014-07-21 00:00:00+00:00
2026-04-02 12:12:01.424 INFO Loading data (2014-06-21 00:00:00+00:00 -> 2014-07-21 00:00:00+00:00) done in 17.51s (real) and 17.47s (process)
2026-04-02 12:12:01.425 INFO Memory usage (start of timestep): 9.61 GB
2026-04-02 12:12:01.425 INFO Calculating metrics
2026-04-02 12:12:01.425 INFO Calculating metric: subject_constraint_violation_count
2026-04-02 12:12:35.018 INFO [subject_constraint_violation_count] processed rows=2351214, result_rows=469
2026-04-02 12:12:35.281 INFO Calculating metric: statement_count_property_subject
2026-04-02 12:12:36.499 INFO Calculating metric: range_constraint_violation_count
2026-04-02 12:12:56.237 INFO Calculating metric: range_constraint_violation_count_mandatory
2026-04-02 12:12:56.315 INFO Calculating metric: range_constraint_violation_count_regular
2026-04-02 12:13:15.282 INFO Calculating metric: range_constraint_violation_count_suggestion
2026-04-02 12:13:15.337 INFO Calculating metric: statement_count_property_range_all
2026-04-02 12:13:15.375 INFO Calculating metric: statement_count_property_range_mandatory
2026-04-02 12:13:15.402 INFO Calculating metric: statement_count_property_range_regular
2026-04-02 12:13:15.436 INFO Calculating metric: statement_count_property_range_suggestion
2026-04-02 12:13:15.452 INFO Calculating metric: subject_constraint_violation_total
2026-04-02 12:13:15.455 INFO Calculating metric: range_constraint_violation_total_all
2026-04-02 12:13:15.458 INFO Calculating metric: range_constraint_violation_total_mandatory
2026-04-02 12:13:15.460 INFO Calculating metric: range_constraint_violation_total_regular
2026-04-02 12:13:15.463 INFO Calculating metric: range_constraint_violation_total_suggestion
2026-04-02 12:13:15.465 INFO Calculating metric: subject_constraint_violation_ratio
2026-04-02 12:13:15.467 INFO Calculating metric: range_constraint_violation_ratio
2026-04-02 12:13:15.468 INFO Calculating metric: range_constraint_violation_ratio_mandatory
2026-04-02 12:13:15.470 INFO Calculating metric: range_constraint_violation_ratio_regular
2026-04-02 12:13:15.472 INFO Calculating metric: range_constraint_violation_ratio_suggestion
2026-04-02 12:13:15.473 INFO Calculating metric: subject_constraint_completeness
2026-04-02 12:13:15.475 INFO Calculating metric: range_constraint_completeness
2026-04-02 12:13:15.477 INFO Calculating metric: range_constraint_completeness_mandatory
2026-04-02 12:13:15.478 INFO Calculating metric: range_constraint_completeness_regular
2026-04-02 12:13:15.480 INFO Calculating metric: range_constraint_completeness_suggestion
2026-04-02 12:13:15.482 INFO Memory usage (end of timestep): 9.61 GB
2026-04-02 12:13:15.482 INFO (Iteration 20) subject_constraint_violation_count: real 33.86s | cpu 34.88s
2026-04-02 12:13:15.482 INFO (Iteration 20) statement_count_property_subject: real 1.22s | cpu 2.04s
2026-04-02 12:13:15.482 INFO (Iteration 20) subject_constraint_violation_total: real 0.00s | cpu 0.00s
2026-04-02 12:13:15.482 INFO (Iteration 20) subject_constraint_violation_ratio: real 0.00s | cpu 0.00s
2026-04-02 12:13:15.482 INFO (Iteration 20) subject_constraint_completeness: real 0.00s | cpu 0.00s
2026-04-02 12:13:15.482 INFO (Iteration 20) range_constraint_violation_count: real 19.74s | cpu 20.07s
2026-04-02 12:13:15.482 INFO (Iteration 20) range_constraint_violation_count_mandatory: real 0.08s | cpu 0.23s
2026-04-02 12:13:15.482 INFO (Iteration 20) range_constraint_violation_count_regular: real 18.97s | cpu 19.26s
2026-04-02 12:13:15.482 INFO (Iteration 20) range_constraint_violation_count_suggestion: real 0.06s | cpu 0.17s
2026-04-02 12:13:15.482 INFO (Iteration 20) statement_count_property_range_all: real 0.04s | cpu 0.37s
2026-04-02 12:13:15.482 INFO (Iteration 20) statement_count_property_range_mandatory: real 0.03s | cpu 0.27s
2026-04-02 12:13:15.482 INFO (Iteration 20) statement_count_property_range_regular: real 0.03s | cpu 0.34s
2026-04-02 12:13:15.482 INFO (Iteration 20) statement_count_property_range_suggestion: real 0.02s | cpu 0.16s
2026-04-02 12:13:15.482 INFO (Iteration 20) range_constraint_violation_total_all: real 0.00s | cpu 0.00s
2026-04-02 12:13:15.482 INFO (Iteration 20) range_constraint_violation_ratio: real 0.00s | cpu 0.00s
2026-04-02 12:13:15.482 INFO (Iteration 20) range_constraint_completeness: real 0.00s | cpu 0.00s
2026-04-02 12:13:15.482 INFO (Iteration 20) range_constraint_violation_total_mandatory: real 0.00s | cpu 0.00s
2026-04-02 12:13:15.482 INFO (Iteration 20) range_constraint_violation_ratio_mandatory: real 0.00s | cpu 0.00s
2026-04-02 12:13:15.482 INFO (Iteration 20) range_constraint_completeness_mandatory: real 0.00s | cpu 0.00s
2026-04-02 12:13:15.482 INFO (Iteration 20) range_constraint_violation_total_regular: real 0.00s | cpu 0.00s
2026-04-02 12:13:15.482 INFO (Iteration 20) range_constraint_violation_ratio_regular: real 0.00s | cpu 0.00s
2026-04-02 12:13:15.482 INFO (Iteration 20) range_constraint_completeness_regular: real 0.00s | cpu 0.00s
2026-04-02 12:13:15.482 INFO (Iteration 20) range_constraint_violation_total_suggestion: real 0.00s | cpu 0.00s
2026-04-02 12:13:15.482 INFO (Iteration 20) range_constraint_violation_ratio_suggestion: real 0.00s | cpu 0.00s
2026-04-02 12:13:15.482 INFO (Iteration 20) range_constraint_completeness_suggestion: real 0.00s | cpu 0.00s
2026-04-02 12:13:15.482 INFO Iteration 20 finished in 91.57s (real) and 95.28s (process)
2026-04-02 12:13:15.482 INFO Start timestep 2014-07-21 00:00:00+00:00 -> 2014-08-20 00:00:00+00:00
2026-04-02 12:13:27.429 INFO Loading data (2014-07-21 00:00:00+00:00 -> 2014-08-20 00:00:00+00:00) done in 11.95s (real) and 7.49s (process)
2026-04-02 12:13:27.429 INFO Memory usage (start of timestep): 9.61 GB
2026-04-02 12:13:27.429 INFO Calculating metrics
2026-04-02 12:13:27.429 INFO Calculating metric: subject_constraint_violation_count
2026-04-02 12:13:59.404 INFO [subject_constraint_violation_count] processed rows=2098193, result_rows=447
2026-04-02 12:13:59.596 INFO Calculating metric: statement_count_property_subject
2026-04-02 12:14:00.814 INFO Calculating metric: range_constraint_violation_count
2026-04-02 12:14:19.524 INFO Calculating metric: range_constraint_violation_count_mandatory
2026-04-02 12:14:19.626 INFO Calculating metric: range_constraint_violation_count_regular
2026-04-02 12:14:38.011 INFO Calculating metric: range_constraint_violation_count_suggestion
2026-04-02 12:14:38.062 INFO Calculating metric: statement_count_property_range_all
2026-04-02 12:14:38.094 INFO Calculating metric: statement_count_property_range_mandatory
2026-04-02 12:14:38.117 INFO Calculating metric: statement_count_property_range_regular
2026-04-02 12:14:38.147 INFO Calculating metric: statement_count_property_range_suggestion
2026-04-02 12:14:38.166 INFO Calculating metric: subject_constraint_violation_total
2026-04-02 12:14:38.168 INFO Calculating metric: range_constraint_violation_total_all
2026-04-02 12:14:38.171 INFO Calculating metric: range_constraint_violation_total_mandatory
2026-04-02 12:14:38.173 INFO Calculating metric: range_constraint_violation_total_regular
2026-04-02 12:14:38.176 INFO Calculating metric: range_constraint_violation_total_suggestion
2026-04-02 12:14:38.178 INFO Calculating metric: subject_constraint_violation_ratio
2026-04-02 12:14:38.180 INFO Calculating metric: range_constraint_violation_ratio
2026-04-02 12:14:38.183 INFO Calculating metric: range_constraint_violation_ratio_mandatory
2026-04-02 12:14:38.185 INFO Calculating metric: range_constraint_violation_ratio_regular
2026-04-02 12:14:38.187 INFO Calculating metric: range_constraint_violation_ratio_suggestion
2026-04-02 12:14:38.190 INFO Calculating metric: subject_constraint_completeness
2026-04-02 12:14:38.192 INFO Calculating metric: range_constraint_completeness
2026-04-02 12:14:38.194 INFO Calculating metric: range_constraint_completeness_mandatory
2026-04-02 12:14:38.196 INFO Calculating metric: range_constraint_completeness_regular
2026-04-02 12:14:38.199 INFO Calculating metric: range_constraint_completeness_suggestion
2026-04-02 12:14:38.201 INFO Memory usage (end of timestep): 9.61 GB
2026-04-02 12:14:38.201 INFO (Iteration 21) subject_constraint_violation_count: real 32.17s | cpu 33.06s
2026-04-02 12:14:38.201 INFO (Iteration 21) statement_count_property_subject: real 1.22s | cpu 2.00s
2026-04-02 12:14:38.201 INFO (Iteration 21) subject_constraint_violation_total: real 0.00s | cpu 0.00s
2026-04-02 12:14:38.201 INFO (Iteration 21) subject_constraint_violation_ratio: real 0.00s | cpu 0.00s
2026-04-02 12:14:38.201 INFO (Iteration 21) subject_constraint_completeness: real 0.00s | cpu 0.00s
2026-04-02 12:14:38.201 INFO (Iteration 21) range_constraint_violation_count: real 18.71s | cpu 19.01s
2026-04-02 12:14:38.201 INFO (Iteration 21) range_constraint_violation_count_mandatory: real 0.10s | cpu 0.25s
2026-04-02 12:14:38.201 INFO (Iteration 21) range_constraint_violation_count_regular: real 18.38s | cpu 18.72s
2026-04-02 12:14:38.201 INFO (Iteration 21) range_constraint_violation_count_suggestion: real 0.05s | cpu 0.17s
2026-04-02 12:14:38.201 INFO (Iteration 21) statement_count_property_range_all: real 0.03s | cpu 0.33s
2026-04-02 12:14:38.201 INFO (Iteration 21) statement_count_property_range_mandatory: real 0.02s | cpu 0.25s
2026-04-02 12:14:38.201 INFO (Iteration 21) statement_count_property_range_regular: real 0.03s | cpu 0.31s
2026-04-02 12:14:38.201 INFO (Iteration 21) statement_count_property_range_suggestion: real 0.02s | cpu 0.18s
2026-04-02 12:14:38.202 INFO (Iteration 21) range_constraint_violation_total_all: real 0.00s | cpu 0.00s
2026-04-02 12:14:38.202 INFO (Iteration 21) range_constraint_violation_ratio: real 0.00s | cpu 0.00s
2026-04-02 12:14:38.202 INFO (Iteration 21) range_constraint_completeness: real 0.00s | cpu 0.00s
2026-04-02 12:14:38.202 INFO (Iteration 21) range_constraint_violation_total_mandatory: real 0.00s | cpu 0.00s
2026-04-02 12:14:38.202 INFO (Iteration 21) range_constraint_violation_ratio_mandatory: real 0.00s | cpu 0.00s
2026-04-02 12:14:38.202 INFO (Iteration 21) range_constraint_completeness_mandatory: real 0.00s | cpu 0.00s
2026-04-02 12:14:38.202 INFO (Iteration 21) range_constraint_violation_total_regular: real 0.00s | cpu 0.00s
2026-04-02 12:14:38.202 INFO (Iteration 21) range_constraint_violation_ratio_regular: real 0.00s | cpu 0.00s
2026-04-02 12:14:38.202 INFO (Iteration 21) range_constraint_completeness_regular: real 0.00s | cpu 0.00s
2026-04-02 12:14:38.202 INFO (Iteration 21) range_constraint_violation_total_suggestion: real 0.00s | cpu 0.00s
2026-04-02 12:14:38.202 INFO (Iteration 21) range_constraint_violation_ratio_suggestion: real 0.00s | cpu 0.00s
2026-04-02 12:14:38.202 INFO (Iteration 21) range_constraint_completeness_suggestion: real 0.00s | cpu 0.00s
2026-04-02 12:14:38.202 INFO Iteration 21 finished in 82.72s (real) and 81.78s (process)
2026-04-02 12:14:38.202 INFO Start timestep 2014-08-20 00:00:00+00:00 -> 2014-09-19 00:00:00+00:00
2026-04-02 12:14:51.624 INFO Loading data (2014-08-20 00:00:00+00:00 -> 2014-09-19 00:00:00+00:00) done in 13.42s (real) and 8.34s (process)
2026-04-02 12:14:51.624 INFO Memory usage (start of timestep): 9.61 GB
2026-04-02 12:14:51.625 INFO Calculating metrics
2026-04-02 12:14:51.625 INFO Calculating metric: subject_constraint_violation_count
2026-04-02 12:15:24.636 INFO [subject_constraint_violation_count] processed rows=2282341, result_rows=410
2026-04-02 12:15:24.860 INFO Calculating metric: statement_count_property_subject
2026-04-02 12:15:26.372 INFO Calculating metric: range_constraint_violation_count
2026-04-02 12:15:41.076 INFO Calculating metric: range_constraint_violation_count_mandatory
2026-04-02 12:15:41.149 INFO Calculating metric: range_constraint_violation_count_regular
2026-04-02 12:15:55.714 INFO Calculating metric: range_constraint_violation_count_suggestion
2026-04-02 12:15:55.765 INFO Calculating metric: statement_count_property_range_all
2026-04-02 12:15:55.807 INFO Calculating metric: statement_count_property_range_mandatory
2026-04-02 12:15:55.834 INFO Calculating metric: statement_count_property_range_regular
2026-04-02 12:15:55.870 INFO Calculating metric: statement_count_property_range_suggestion
2026-04-02 12:15:55.888 INFO Calculating metric: subject_constraint_violation_total
2026-04-02 12:15:55.890 INFO Calculating metric: range_constraint_violation_total_all
2026-04-02 12:15:55.893 INFO Calculating metric: range_constraint_violation_total_mandatory
2026-04-02 12:15:55.895 INFO Calculating metric: range_constraint_violation_total_regular
2026-04-02 12:15:55.898 INFO Calculating metric: range_constraint_violation_total_suggestion
2026-04-02 12:15:55.900 INFO Calculating metric: subject_constraint_violation_ratio
2026-04-02 12:15:55.903 INFO Calculating metric: range_constraint_violation_ratio
2026-04-02 12:15:55.905 INFO Calculating metric: range_constraint_violation_ratio_mandatory
2026-04-02 12:15:55.907 INFO Calculating metric: range_constraint_violation_ratio_regular
2026-04-02 12:15:55.909 INFO Calculating metric: range_constraint_violation_ratio_suggestion
2026-04-02 12:15:55.912 INFO Calculating metric: subject_constraint_completeness
2026-04-02 12:15:55.914 INFO Calculating metric: range_constraint_completeness
2026-04-02 12:15:55.917 INFO Calculating metric: range_constraint_completeness_mandatory
2026-04-02 12:15:55.919 INFO Calculating metric: range_constraint_completeness_regular
2026-04-02 12:15:55.921 INFO Calculating metric: range_constraint_completeness_suggestion
2026-04-02 12:15:55.924 INFO Memory usage (end of timestep): 9.61 GB
2026-04-02 12:15:55.924 INFO (Iteration 22) subject_constraint_violation_count: real 33.23s | cpu 34.25s
2026-04-02 12:15:55.924 INFO (Iteration 22) statement_count_property_subject: real 1.51s | cpu 2.32s
2026-04-02 12:15:55.924 INFO (Iteration 22) subject_constraint_violation_total: real 0.00s | cpu 0.00s
2026-04-02 12:15:55.924 INFO (Iteration 22) subject_constraint_violation_ratio: real 0.00s | cpu 0.00s
2026-04-02 12:15:55.924 INFO (Iteration 22) subject_constraint_completeness: real 0.00s | cpu 0.00s
2026-04-02 12:15:55.924 INFO (Iteration 22) range_constraint_violation_count: real 14.70s | cpu 15.07s
2026-04-02 12:15:55.924 INFO (Iteration 22) range_constraint_violation_count_mandatory: real 0.07s | cpu 0.25s
2026-04-02 12:15:55.924 INFO (Iteration 22) range_constraint_violation_count_regular: real 14.56s | cpu 14.97s
2026-04-02 12:15:55.924 INFO (Iteration 22) range_constraint_violation_count_suggestion: real 0.05s | cpu 0.19s
2026-04-02 12:15:55.924 INFO (Iteration 22) statement_count_property_range_all: real 0.04s | cpu 0.39s
2026-04-02 12:15:55.924 INFO (Iteration 22) statement_count_property_range_mandatory: real 0.03s | cpu 0.28s
2026-04-02 12:15:55.924 INFO (Iteration 22) statement_count_property_range_regular: real 0.04s | cpu 0.36s
2026-04-02 12:15:55.924 INFO (Iteration 22) statement_count_property_range_suggestion: real 0.02s | cpu 0.16s
2026-04-02 12:15:55.924 INFO (Iteration 22) range_constraint_violation_total_all: real 0.00s | cpu 0.00s
2026-04-02 12:15:55.924 INFO (Iteration 22) range_constraint_violation_ratio: real 0.00s | cpu 0.00s
2026-04-02 12:15:55.924 INFO (Iteration 22) range_constraint_completeness: real 0.00s | cpu 0.00s
2026-04-02 12:15:55.924 INFO (Iteration 22) range_constraint_violation_total_mandatory: real 0.00s | cpu 0.00s
2026-04-02 12:15:55.924 INFO (Iteration 22) range_constraint_violation_ratio_mandatory: real 0.00s | cpu 0.00s
2026-04-02 12:15:55.924 INFO (Iteration 22) range_constraint_completeness_mandatory: real 0.00s | cpu 0.00s
2026-04-02 12:15:55.924 INFO (Iteration 22) range_constraint_violation_total_regular: real 0.00s | cpu 0.00s
2026-04-02 12:15:55.924 INFO (Iteration 22) range_constraint_violation_ratio_regular: real 0.00s | cpu 0.00s
2026-04-02 12:15:55.924 INFO (Iteration 22) range_constraint_completeness_regular: real 0.00s | cpu 0.00s
2026-04-02 12:15:55.924 INFO (Iteration 22) range_constraint_violation_total_suggestion: real 0.00s | cpu 0.00s
2026-04-02 12:15:55.924 INFO (Iteration 22) range_constraint_violation_ratio_suggestion: real 0.00s | cpu 0.00s
2026-04-02 12:15:55.924 INFO (Iteration 22) range_constraint_completeness_suggestion: real 0.00s | cpu 0.00s
2026-04-02 12:15:55.924 INFO Iteration 22 finished in 77.72s (real) and 76.59s (process)
2026-04-02 12:15:55.924 INFO Start timestep 2014-09-19 00:00:00+00:00 -> 2014-10-19 00:00:00+00:00
2026-04-02 12:16:14.239 INFO Loading data (2014-09-19 00:00:00+00:00 -> 2014-10-19 00:00:00+00:00) done in 18.31s (real) and 17.40s (process)
2026-04-02 12:16:14.240 INFO Memory usage (start of timestep): 9.61 GB
2026-04-02 12:16:14.240 INFO Calculating metrics
2026-04-02 12:16:14.240 INFO Calculating metric: subject_constraint_violation_count
2026-04-02 12:16:32.285 INFO [subject_constraint_violation_count] processed rows=2501652, result_rows=443
2026-04-02 12:16:32.562 INFO Calculating metric: statement_count_property_subject
2026-04-02 12:16:34.242 INFO Calculating metric: range_constraint_violation_count
2026-04-02 12:16:41.611 INFO Calculating metric: range_constraint_violation_count_mandatory
2026-04-02 12:16:41.683 INFO Calculating metric: range_constraint_violation_count_regular
2026-04-02 12:16:49.128 INFO Calculating metric: range_constraint_violation_count_suggestion
2026-04-02 12:16:49.178 INFO Calculating metric: statement_count_property_range_all
2026-04-02 12:16:49.217 INFO Calculating metric: statement_count_property_range_mandatory
2026-04-02 12:16:49.245 INFO Calculating metric: statement_count_property_range_regular
2026-04-02 12:16:49.275 INFO Calculating metric: statement_count_property_range_suggestion
2026-04-02 12:16:49.290 INFO Calculating metric: subject_constraint_violation_total
2026-04-02 12:16:49.293 INFO Calculating metric: range_constraint_violation_total_all
2026-04-02 12:16:49.295 INFO Calculating metric: range_constraint_violation_total_mandatory
2026-04-02 12:16:49.298 INFO Calculating metric: range_constraint_violation_total_regular
2026-04-02 12:16:49.300 INFO Calculating metric: range_constraint_violation_total_suggestion
2026-04-02 12:16:49.303 INFO Calculating metric: subject_constraint_violation_ratio
2026-04-02 12:16:49.305 INFO Calculating metric: range_constraint_violation_ratio
2026-04-02 12:16:49.307 INFO Calculating metric: range_constraint_violation_ratio_mandatory
2026-04-02 12:16:49.310 INFO Calculating metric: range_constraint_violation_ratio_regular
2026-04-02 12:16:49.312 INFO Calculating metric: range_constraint_violation_ratio_suggestion
2026-04-02 12:16:49.314 INFO Calculating metric: subject_constraint_completeness
2026-04-02 12:16:49.316 INFO Calculating metric: range_constraint_completeness
2026-04-02 12:16:49.319 INFO Calculating metric: range_constraint_completeness_mandatory
2026-04-02 12:16:49.321 INFO Calculating metric: range_constraint_completeness_regular
2026-04-02 12:16:49.324 INFO Calculating metric: range_constraint_completeness_suggestion
2026-04-02 12:16:49.327 INFO Memory usage (end of timestep): 9.61 GB
2026-04-02 12:16:49.327 INFO (Iteration 23) subject_constraint_violation_count: real 18.32s | cpu 19.43s
2026-04-02 12:16:49.327 INFO (Iteration 23) statement_count_property_subject: real 1.68s | cpu 2.55s
2026-04-02 12:16:49.327 INFO (Iteration 23) subject_constraint_violation_total: real 0.00s | cpu 0.00s
2026-04-02 12:16:49.327 INFO (Iteration 23) subject_constraint_violation_ratio: real 0.00s | cpu 0.00s
2026-04-02 12:16:49.327 INFO (Iteration 23) subject_constraint_completeness: real 0.00s | cpu 0.00s
2026-04-02 12:16:49.327 INFO (Iteration 23) range_constraint_violation_count: real 7.37s | cpu 7.80s
2026-04-02 12:16:49.327 INFO (Iteration 23) range_constraint_violation_count_mandatory: real 0.07s | cpu 0.26s
2026-04-02 12:16:49.327 INFO (Iteration 23) range_constraint_violation_count_regular: real 7.44s | cpu 7.86s
2026-04-02 12:16:49.327 INFO (Iteration 23) range_constraint_violation_count_suggestion: real 0.05s | cpu 0.20s
2026-04-02 12:16:49.327 INFO (Iteration 23) statement_count_property_range_all: real 0.04s | cpu 0.46s
2026-04-02 12:16:49.328 INFO (Iteration 23) statement_count_property_range_mandatory: real 0.03s | cpu 0.33s
2026-04-02 12:16:49.328 INFO (Iteration 23) statement_count_property_range_regular: real 0.03s | cpu 0.35s
2026-04-02 12:16:49.328 INFO (Iteration 23) statement_count_property_range_suggestion: real 0.01s | cpu 0.13s
2026-04-02 12:16:49.328 INFO (Iteration 23) range_constraint_violation_total_all: real 0.00s | cpu 0.00s
2026-04-02 12:16:49.328 INFO (Iteration 23) range_constraint_violation_ratio: real 0.00s | cpu 0.00s
2026-04-02 12:16:49.328 INFO (Iteration 23) range_constraint_completeness: real 0.00s | cpu 0.00s
2026-04-02 12:16:49.328 INFO (Iteration 23) range_constraint_violation_total_mandatory: real 0.00s | cpu 0.00s
2026-04-02 12:16:49.328 INFO (Iteration 23) range_constraint_violation_ratio_mandatory: real 0.00s | cpu 0.00s
2026-04-02 12:16:49.328 INFO (Iteration 23) range_constraint_completeness_mandatory: real 0.00s | cpu 0.00s
2026-04-02 12:16:49.328 INFO (Iteration 23) range_constraint_violation_total_regular: real 0.00s | cpu 0.00s
2026-04-02 12:16:49.328 INFO (Iteration 23) range_constraint_violation_ratio_regular: real 0.00s | cpu 0.00s
2026-04-02 12:16:49.328 INFO (Iteration 23) range_constraint_completeness_regular: real 0.00s | cpu 0.00s
2026-04-02 12:16:49.328 INFO (Iteration 23) range_constraint_violation_total_suggestion: real 0.00s | cpu 0.00s
2026-04-02 12:16:49.328 INFO (Iteration 23) range_constraint_violation_ratio_suggestion: real 0.00s | cpu 0.00s
2026-04-02 12:16:49.328 INFO (Iteration 23) range_constraint_completeness_suggestion: real 0.00s | cpu 0.00s
2026-04-02 12:16:49.328 INFO Iteration 23 finished in 53.40s (real) and 56.77s (process)
2026-04-02 12:16:49.328 INFO Start timestep 2014-10-19 00:00:00+00:00 -> 2014-11-18 00:00:00+00:00
2026-04-02 12:17:12.637 INFO Loading data (2014-10-19 00:00:00+00:00 -> 2014-11-18 00:00:00+00:00) done in 23.31s (real) and 15.41s (process)
2026-04-02 12:17:12.638 INFO Memory usage (start of timestep): 9.61 GB
2026-04-02 12:17:12.638 INFO Calculating metrics
2026-04-02 12:17:12.638 INFO Calculating metric: subject_constraint_violation_count
2026-04-02 12:17:33.834 INFO [subject_constraint_violation_count] processed rows=2080434, result_rows=441
2026-04-02 12:17:34.032 INFO Calculating metric: statement_count_property_subject
2026-04-02 12:17:35.416 INFO Calculating metric: range_constraint_violation_count
2026-04-02 12:17:40.809 INFO Calculating metric: range_constraint_violation_count_mandatory
2026-04-02 12:17:40.884 INFO Calculating metric: range_constraint_violation_count_regular
2026-04-02 12:17:46.207 INFO Calculating metric: range_constraint_violation_count_suggestion
2026-04-02 12:17:46.263 INFO Calculating metric: statement_count_property_range_all
2026-04-02 12:17:46.301 INFO Calculating metric: statement_count_property_range_mandatory
2026-04-02 12:17:46.328 INFO Calculating metric: statement_count_property_range_regular
2026-04-02 12:17:46.358 INFO Calculating metric: statement_count_property_range_suggestion
2026-04-02 12:17:46.375 INFO Calculating metric: subject_constraint_violation_total
2026-04-02 12:17:46.378 INFO Calculating metric: range_constraint_violation_total_all
2026-04-02 12:17:46.380 INFO Calculating metric: range_constraint_violation_total_mandatory
2026-04-02 12:17:46.383 INFO Calculating metric: range_constraint_violation_total_regular
2026-04-02 12:17:46.385 INFO Calculating metric: range_constraint_violation_total_suggestion
2026-04-02 12:17:46.387 INFO Calculating metric: subject_constraint_violation_ratio
2026-04-02 12:17:46.390 INFO Calculating metric: range_constraint_violation_ratio
2026-04-02 12:17:46.392 INFO Calculating metric: range_constraint_violation_ratio_mandatory
2026-04-02 12:17:46.393 INFO Calculating metric: range_constraint_violation_ratio_regular
2026-04-02 12:17:46.396 INFO Calculating metric: range_constraint_violation_ratio_suggestion
2026-04-02 12:17:46.398 INFO Calculating metric: subject_constraint_completeness
2026-04-02 12:17:46.399 INFO Calculating metric: range_constraint_completeness
2026-04-02 12:17:46.402 INFO Calculating metric: range_constraint_completeness_mandatory
2026-04-02 12:17:46.404 INFO Calculating metric: range_constraint_completeness_regular
2026-04-02 12:17:46.406 INFO Calculating metric: range_constraint_completeness_suggestion
2026-04-02 12:17:46.408 INFO Memory usage (end of timestep): 10.98 GB
2026-04-02 12:17:46.408 INFO (Iteration 24) subject_constraint_violation_count: real 21.39s | cpu 22.37s
2026-04-02 12:17:46.408 INFO (Iteration 24) statement_count_property_subject: real 1.38s | cpu 2.17s
2026-04-02 12:17:46.408 INFO (Iteration 24) subject_constraint_violation_total: real 0.00s | cpu 0.00s
2026-04-02 12:17:46.408 INFO (Iteration 24) subject_constraint_violation_ratio: real 0.00s | cpu 0.00s
2026-04-02 12:17:46.408 INFO (Iteration 24) subject_constraint_completeness: real 0.00s | cpu 0.00s
2026-04-02 12:17:46.408 INFO (Iteration 24) range_constraint_violation_count: real 5.39s | cpu 5.71s
2026-04-02 12:17:46.408 INFO (Iteration 24) range_constraint_violation_count_mandatory: real 0.07s | cpu 0.26s
2026-04-02 12:17:46.408 INFO (Iteration 24) range_constraint_violation_count_regular: real 5.32s | cpu 5.64s
2026-04-02 12:17:46.408 INFO (Iteration 24) range_constraint_violation_count_suggestion: real 0.06s | cpu 0.24s
2026-04-02 12:17:46.408 INFO (Iteration 24) statement_count_property_range_all: real 0.04s | cpu 0.42s
2026-04-02 12:17:46.408 INFO (Iteration 24) statement_count_property_range_mandatory: real 0.03s | cpu 0.30s
2026-04-02 12:17:46.408 INFO (Iteration 24) statement_count_property_range_regular: real 0.03s | cpu 0.34s
2026-04-02 12:17:46.408 INFO (Iteration 24) statement_count_property_range_suggestion: real 0.02s | cpu 0.15s
2026-04-02 12:17:46.408 INFO (Iteration 24) range_constraint_violation_total_all: real 0.00s | cpu 0.00s
2026-04-02 12:17:46.408 INFO (Iteration 24) range_constraint_violation_ratio: real 0.00s | cpu 0.00s
2026-04-02 12:17:46.408 INFO (Iteration 24) range_constraint_completeness: real 0.00s | cpu 0.00s
2026-04-02 12:17:46.408 INFO (Iteration 24) range_constraint_violation_total_mandatory: real 0.00s | cpu 0.00s
2026-04-02 12:17:46.408 INFO (Iteration 24) range_constraint_violation_ratio_mandatory: real 0.00s | cpu 0.00s
2026-04-02 12:17:46.408 INFO (Iteration 24) range_constraint_completeness_mandatory: real 0.00s | cpu 0.00s
2026-04-02 12:17:46.408 INFO (Iteration 24) range_constraint_violation_total_regular: real 0.00s | cpu 0.00s
2026-04-02 12:17:46.408 INFO (Iteration 24) range_constraint_violation_ratio_regular: real 0.00s | cpu 0.00s
2026-04-02 12:17:46.408 INFO (Iteration 24) range_constraint_completeness_regular: real 0.00s | cpu 0.00s
2026-04-02 12:17:46.408 INFO (Iteration 24) range_constraint_violation_total_suggestion: real 0.00s | cpu 0.00s
2026-04-02 12:17:46.408 INFO (Iteration 24) range_constraint_violation_ratio_suggestion: real 0.00s | cpu 0.00s
2026-04-02 12:17:46.409 INFO (Iteration 24) range_constraint_completeness_suggestion: real 0.00s | cpu 0.00s
2026-04-02 12:17:46.409 INFO Iteration 24 finished in 57.08s (real) and 53.01s (process)
2026-04-02 12:17:46.409 INFO Start timestep 2014-11-18 00:00:00+00:00 -> 2014-12-18 00:00:00+00:00
2026-04-02 12:18:00.153 INFO Loading data (2014-11-18 00:00:00+00:00 -> 2014-12-18 00:00:00+00:00) done in 13.74s (real) and 8.79s (process)
2026-04-02 12:18:00.153 INFO Memory usage (start of timestep): 10.98 GB
2026-04-02 12:18:00.153 INFO Calculating metrics
2026-04-02 12:18:00.153 INFO Calculating metric: subject_constraint_violation_count
2026-04-02 12:18:33.261 INFO [subject_constraint_violation_count] processed rows=1621434, result_rows=446
2026-04-02 12:18:33.486 INFO Calculating metric: statement_count_property_subject
2026-04-02 12:18:34.559 INFO Calculating metric: range_constraint_violation_count
2026-04-02 12:18:38.137 INFO Calculating metric: range_constraint_violation_count_mandatory
2026-04-02 12:18:38.212 INFO Calculating metric: range_constraint_violation_count_regular
2026-04-02 12:18:41.700 INFO Calculating metric: range_constraint_violation_count_suggestion
2026-04-02 12:18:41.752 INFO Calculating metric: statement_count_property_range_all
2026-04-02 12:18:41.782 INFO Calculating metric: statement_count_property_range_mandatory
2026-04-02 12:18:41.807 INFO Calculating metric: statement_count_property_range_regular
2026-04-02 12:18:41.837 INFO Calculating metric: statement_count_property_range_suggestion
2026-04-02 12:18:41.858 INFO Calculating metric: subject_constraint_violation_total
2026-04-02 12:18:41.861 INFO Calculating metric: range_constraint_violation_total_all
2026-04-02 12:18:41.863 INFO Calculating metric: range_constraint_violation_total_mandatory
2026-04-02 12:18:41.866 INFO Calculating metric: range_constraint_violation_total_regular
2026-04-02 12:18:41.868 INFO Calculating metric: range_constraint_violation_total_suggestion
2026-04-02 12:18:41.871 INFO Calculating metric: subject_constraint_violation_ratio
2026-04-02 12:18:41.873 INFO Calculating metric: range_constraint_violation_ratio
2026-04-02 12:18:41.876 INFO Calculating metric: range_constraint_violation_ratio_mandatory
2026-04-02 12:18:41.879 INFO Calculating metric: range_constraint_violation_ratio_regular
2026-04-02 12:18:41.882 INFO Calculating metric: range_constraint_violation_ratio_suggestion
2026-04-02 12:18:41.884 INFO Calculating metric: subject_constraint_completeness
2026-04-02 12:18:41.886 INFO Calculating metric: range_constraint_completeness
2026-04-02 12:18:41.889 INFO Calculating metric: range_constraint_completeness_mandatory
2026-04-02 12:18:41.891 INFO Calculating metric: range_constraint_completeness_regular
2026-04-02 12:18:41.893 INFO Calculating metric: range_constraint_completeness_suggestion
2026-04-02 12:18:41.896 INFO Memory usage (end of timestep): 10.98 GB
2026-04-02 12:18:41.896 INFO (Iteration 25) subject_constraint_violation_count: real 33.33s | cpu 34.13s
2026-04-02 12:18:41.896 INFO (Iteration 25) statement_count_property_subject: real 1.07s | cpu 1.79s
2026-04-02 12:18:41.896 INFO (Iteration 25) subject_constraint_violation_total: real 0.00s | cpu 0.00s
2026-04-02 12:18:41.896 INFO (Iteration 25) subject_constraint_violation_ratio: real 0.00s | cpu 0.00s
2026-04-02 12:18:41.896 INFO (Iteration 25) subject_constraint_completeness: real 0.00s | cpu 0.00s
2026-04-02 12:18:41.896 INFO (Iteration 25) range_constraint_violation_count: real 3.58s | cpu 3.81s
2026-04-02 12:18:41.896 INFO (Iteration 25) range_constraint_violation_count_mandatory: real 0.07s | cpu 0.22s
2026-04-02 12:18:41.896 INFO (Iteration 25) range_constraint_violation_count_regular: real 3.49s | cpu 3.72s
2026-04-02 12:18:41.896 INFO (Iteration 25) range_constraint_violation_count_suggestion: real 0.05s | cpu 0.21s
2026-04-02 12:18:41.896 INFO (Iteration 25) statement_count_property_range_all: real 0.03s | cpu 0.31s
2026-04-02 12:18:41.896 INFO (Iteration 25) statement_count_property_range_mandatory: real 0.02s | cpu 0.27s
2026-04-02 12:18:41.896 INFO (Iteration 25) statement_count_property_range_regular: real 0.03s | cpu 0.31s
2026-04-02 12:18:41.896 INFO (Iteration 25) statement_count_property_range_suggestion: real 0.02s | cpu 0.19s
2026-04-02 12:18:41.896 INFO (Iteration 25) range_constraint_violation_total_all: real 0.00s | cpu 0.00s
2026-04-02 12:18:41.896 INFO (Iteration 25) range_constraint_violation_ratio: real 0.00s | cpu 0.00s
2026-04-02 12:18:41.896 INFO (Iteration 25) range_constraint_completeness: real 0.00s | cpu 0.00s
2026-04-02 12:18:41.896 INFO (Iteration 25) range_constraint_violation_total_mandatory: real 0.00s | cpu 0.00s
2026-04-02 12:18:41.896 INFO (Iteration 25) range_constraint_violation_ratio_mandatory: real 0.00s | cpu 0.00s
2026-04-02 12:18:41.896 INFO (Iteration 25) range_constraint_completeness_mandatory: real 0.00s | cpu 0.00s
2026-04-02 12:18:41.896 INFO (Iteration 25) range_constraint_violation_total_regular: real 0.00s | cpu 0.00s
2026-04-02 12:18:41.896 INFO (Iteration 25) range_constraint_violation_ratio_regular: real 0.00s | cpu 0.00s
2026-04-02 12:18:41.896 INFO (Iteration 25) range_constraint_completeness_regular: real 0.00s | cpu 0.00s
2026-04-02 12:18:41.897 INFO (Iteration 25) range_constraint_violation_total_suggestion: real 0.00s | cpu 0.00s
2026-04-02 12:18:41.897 INFO (Iteration 25) range_constraint_violation_ratio_suggestion: real 0.00s | cpu 0.00s
2026-04-02 12:18:41.897 INFO (Iteration 25) range_constraint_completeness_suggestion: real 0.00s | cpu 0.00s
2026-04-02 12:18:41.897 INFO Iteration 25 finished in 55.49s (real) and 53.77s (process)
2026-04-02 12:18:41.897 INFO Start timestep 2014-12-18 00:00:00+00:00 -> 2015-01-17 00:00:00+00:00
2026-04-02 12:18:55.599 INFO Loading data (2014-12-18 00:00:00+00:00 -> 2015-01-17 00:00:00+00:00) done in 13.70s (real) and 11.56s (process)
2026-04-02 12:18:55.599 INFO Memory usage (start of timestep): 10.98 GB
2026-04-02 12:18:55.599 INFO Calculating metrics
2026-04-02 12:18:55.599 INFO Calculating metric: subject_constraint_violation_count
2026-04-02 12:19:01.889 INFO [subject_constraint_violation_count] processed rows=1436341, result_rows=427
2026-04-02 12:19:02.052 INFO Calculating metric: statement_count_property_subject
2026-04-02 12:19:02.924 INFO Calculating metric: range_constraint_violation_count
2026-04-02 12:19:05.819 INFO Calculating metric: range_constraint_violation_count_mandatory
2026-04-02 12:19:05.887 INFO Calculating metric: range_constraint_violation_count_regular
2026-04-02 12:19:08.731 INFO Calculating metric: range_constraint_violation_count_suggestion
2026-04-02 12:19:08.780 INFO Calculating metric: statement_count_property_range_all
2026-04-02 12:19:08.805 INFO Calculating metric: statement_count_property_range_mandatory
2026-04-02 12:19:08.826 INFO Calculating metric: statement_count_property_range_regular
2026-04-02 12:19:08.850 INFO Calculating metric: statement_count_property_range_suggestion
2026-04-02 12:19:08.869 INFO Calculating metric: subject_constraint_violation_total
2026-04-02 12:19:08.872 INFO Calculating metric: range_constraint_violation_total_all
2026-04-02 12:19:08.875 INFO Calculating metric: range_constraint_violation_total_mandatory
2026-04-02 12:19:08.877 INFO Calculating metric: range_constraint_violation_total_regular
2026-04-02 12:19:08.879 INFO Calculating metric: range_constraint_violation_total_suggestion
2026-04-02 12:19:08.881 INFO Calculating metric: subject_constraint_violation_ratio
2026-04-02 12:19:08.884 INFO Calculating metric: range_constraint_violation_ratio
2026-04-02 12:19:08.886 INFO Calculating metric: range_constraint_violation_ratio_mandatory
2026-04-02 12:19:08.888 INFO Calculating metric: range_constraint_violation_ratio_regular
2026-04-02 12:19:08.891 INFO Calculating metric: range_constraint_violation_ratio_suggestion
2026-04-02 12:19:08.893 INFO Calculating metric: subject_constraint_completeness
2026-04-02 12:19:08.895 INFO Calculating metric: range_constraint_completeness
2026-04-02 12:19:08.897 INFO Calculating metric: range_constraint_completeness_mandatory
2026-04-02 12:19:08.899 INFO Calculating metric: range_constraint_completeness_regular
2026-04-02 12:19:08.901 INFO Calculating metric: range_constraint_completeness_suggestion
2026-04-02 12:19:08.903 INFO Memory usage (end of timestep): 10.98 GB
2026-04-02 12:19:08.903 INFO (Iteration 26) subject_constraint_violation_count: real 6.45s | cpu 7.09s
2026-04-02 12:19:08.903 INFO (Iteration 26) statement_count_property_subject: real 0.87s | cpu 1.38s
2026-04-02 12:19:08.903 INFO (Iteration 26) subject_constraint_violation_total: real 0.00s | cpu 0.00s
2026-04-02 12:19:08.903 INFO (Iteration 26) subject_constraint_violation_ratio: real 0.00s | cpu 0.00s
2026-04-02 12:19:08.903 INFO (Iteration 26) subject_constraint_completeness: real 0.00s | cpu 0.00s
2026-04-02 12:19:08.903 INFO (Iteration 26) range_constraint_violation_count: real 2.90s | cpu 3.08s
2026-04-02 12:19:08.903 INFO (Iteration 26) range_constraint_violation_count_mandatory: real 0.07s | cpu 0.17s
2026-04-02 12:19:08.903 INFO (Iteration 26) range_constraint_violation_count_regular: real 2.84s | cpu 3.02s
2026-04-02 12:19:08.903 INFO (Iteration 26) range_constraint_violation_count_suggestion: real 0.05s | cpu 0.14s
2026-04-02 12:19:08.903 INFO (Iteration 26) statement_count_property_range_all: real 0.03s | cpu 0.24s
2026-04-02 12:19:08.903 INFO (Iteration 26) statement_count_property_range_mandatory: real 0.02s | cpu 0.20s
2026-04-02 12:19:08.904 INFO (Iteration 26) statement_count_property_range_regular: real 0.02s | cpu 0.24s
2026-04-02 12:19:08.904 INFO (Iteration 26) statement_count_property_range_suggestion: real 0.02s | cpu 0.18s
2026-04-02 12:19:08.904 INFO (Iteration 26) range_constraint_violation_total_all: real 0.00s | cpu 0.00s
2026-04-02 12:19:08.904 INFO (Iteration 26) range_constraint_violation_ratio: real 0.00s | cpu 0.00s
2026-04-02 12:19:08.904 INFO (Iteration 26) range_constraint_completeness: real 0.00s | cpu 0.00s
2026-04-02 12:19:08.904 INFO (Iteration 26) range_constraint_violation_total_mandatory: real 0.00s | cpu 0.00s
2026-04-02 12:19:08.904 INFO (Iteration 26) range_constraint_violation_ratio_mandatory: real 0.00s | cpu 0.00s
2026-04-02 12:19:08.904 INFO (Iteration 26) range_constraint_completeness_mandatory: real 0.00s | cpu 0.00s
2026-04-02 12:19:08.904 INFO (Iteration 26) range_constraint_violation_total_regular: real 0.00s | cpu 0.00s
2026-04-02 12:19:08.904 INFO (Iteration 26) range_constraint_violation_ratio_regular: real 0.00s | cpu 0.00s
2026-04-02 12:19:08.904 INFO (Iteration 26) range_constraint_completeness_regular: real 0.00s | cpu 0.00s
2026-04-02 12:19:08.904 INFO (Iteration 26) range_constraint_violation_total_suggestion: real 0.00s | cpu 0.00s
2026-04-02 12:19:08.904 INFO (Iteration 26) range_constraint_violation_ratio_suggestion: real 0.00s | cpu 0.00s
2026-04-02 12:19:08.904 INFO (Iteration 26) range_constraint_completeness_suggestion: real 0.00s | cpu 0.00s
2026-04-02 12:19:08.904 INFO Iteration 26 finished in 27.01s (real) and 27.31s (process)
2026-04-02 12:19:08.904 INFO Start timestep 2015-01-17 00:00:00+00:00 -> 2015-02-16 00:00:00+00:00
2026-04-02 12:19:31.106 INFO Loading data (2015-01-17 00:00:00+00:00 -> 2015-02-16 00:00:00+00:00) done in 22.20s (real) and 13.35s (process)
2026-04-02 12:19:31.106 INFO Memory usage (start of timestep): 10.98 GB
2026-04-02 12:19:31.106 INFO Calculating metrics
2026-04-02 12:19:31.106 INFO Calculating metric: subject_constraint_violation_count
2026-04-02 12:19:41.824 INFO [subject_constraint_violation_count] processed rows=1387221, result_rows=393
2026-04-02 12:19:41.978 INFO Calculating metric: statement_count_property_subject
2026-04-02 12:19:42.954 INFO Calculating metric: range_constraint_violation_count
2026-04-02 12:19:50.832 INFO Calculating metric: range_constraint_violation_count_mandatory
2026-04-02 12:19:51.099 INFO Calculating metric: range_constraint_violation_count_regular
2026-04-02 12:19:58.584 INFO Calculating metric: range_constraint_violation_count_suggestion
2026-04-02 12:19:58.636 INFO Calculating metric: statement_count_property_range_all
2026-04-02 12:19:58.672 INFO Calculating metric: statement_count_property_range_mandatory
2026-04-02 12:19:58.701 INFO Calculating metric: statement_count_property_range_regular
2026-04-02 12:19:58.732 INFO Calculating metric: statement_count_property_range_suggestion
2026-04-02 12:19:58.747 INFO Calculating metric: subject_constraint_violation_total
2026-04-02 12:19:58.750 INFO Calculating metric: range_constraint_violation_total_all
2026-04-02 12:19:58.752 INFO Calculating metric: range_constraint_violation_total_mandatory
2026-04-02 12:19:58.755 INFO Calculating metric: range_constraint_violation_total_regular
2026-04-02 12:19:58.757 INFO Calculating metric: range_constraint_violation_total_suggestion
2026-04-02 12:19:58.759 INFO Calculating metric: subject_constraint_violation_ratio
2026-04-02 12:19:58.761 INFO Calculating metric: range_constraint_violation_ratio
2026-04-02 12:19:58.764 INFO Calculating metric: range_constraint_violation_ratio_mandatory
2026-04-02 12:19:58.766 INFO Calculating metric: range_constraint_violation_ratio_regular
2026-04-02 12:19:58.768 INFO Calculating metric: range_constraint_violation_ratio_suggestion
2026-04-02 12:19:58.770 INFO Calculating metric: subject_constraint_completeness
2026-04-02 12:19:58.772 INFO Calculating metric: range_constraint_completeness
2026-04-02 12:19:58.775 INFO Calculating metric: range_constraint_completeness_mandatory
2026-04-02 12:19:58.777 INFO Calculating metric: range_constraint_completeness_regular
2026-04-02 12:19:58.779 INFO Calculating metric: range_constraint_completeness_suggestion
2026-04-02 12:19:58.781 INFO Memory usage (end of timestep): 10.98 GB
2026-04-02 12:19:58.781 INFO (Iteration 27) subject_constraint_violation_count: real 10.87s | cpu 11.94s
2026-04-02 12:19:58.781 INFO (Iteration 27) statement_count_property_subject: real 0.98s | cpu 1.92s
2026-04-02 12:19:58.781 INFO (Iteration 27) subject_constraint_violation_total: real 0.00s | cpu 0.00s
2026-04-02 12:19:58.781 INFO (Iteration 27) subject_constraint_violation_ratio: real 0.00s | cpu 0.00s
2026-04-02 12:19:58.781 INFO (Iteration 27) subject_constraint_completeness: real 0.00s | cpu 0.00s
2026-04-02 12:19:58.781 INFO (Iteration 27) range_constraint_violation_count: real 7.88s | cpu 8.26s
2026-04-02 12:19:58.781 INFO (Iteration 27) range_constraint_violation_count_mandatory: real 0.27s | cpu 0.49s
2026-04-02 12:19:58.781 INFO (Iteration 27) range_constraint_violation_count_regular: real 7.49s | cpu 7.86s
2026-04-02 12:19:58.781 INFO (Iteration 27) range_constraint_violation_count_suggestion: real 0.05s | cpu 0.23s
2026-04-02 12:19:58.781 INFO (Iteration 27) statement_count_property_range_all: real 0.04s | cpu 0.41s
2026-04-02 12:19:58.781 INFO (Iteration 27) statement_count_property_range_mandatory: real 0.03s | cpu 0.34s
2026-04-02 12:19:58.781 INFO (Iteration 27) statement_count_property_range_regular: real 0.03s | cpu 0.34s
2026-04-02 12:19:58.781 INFO (Iteration 27) statement_count_property_range_suggestion: real 0.01s | cpu 0.14s
2026-04-02 12:19:58.781 INFO (Iteration 27) range_constraint_violation_total_all: real 0.00s | cpu 0.00s
2026-04-02 12:19:58.781 INFO (Iteration 27) range_constraint_violation_ratio: real 0.00s | cpu 0.00s
2026-04-02 12:19:58.781 INFO (Iteration 27) range_constraint_completeness: real 0.00s | cpu 0.00s
2026-04-02 12:19:58.781 INFO (Iteration 27) range_constraint_violation_total_mandatory: real 0.00s | cpu 0.00s
2026-04-02 12:19:58.781 INFO (Iteration 27) range_constraint_violation_ratio_mandatory: real 0.00s | cpu 0.00s
2026-04-02 12:19:58.781 INFO (Iteration 27) range_constraint_completeness_mandatory: real 0.00s | cpu 0.00s
2026-04-02 12:19:58.781 INFO (Iteration 27) range_constraint_violation_total_regular: real 0.00s | cpu 0.00s
2026-04-02 12:19:58.781 INFO (Iteration 27) range_constraint_violation_ratio_regular: real 0.00s | cpu 0.00s
2026-04-02 12:19:58.781 INFO (Iteration 27) range_constraint_completeness_regular: real 0.00s | cpu 0.00s
2026-04-02 12:19:58.781 INFO (Iteration 27) range_constraint_violation_total_suggestion: real 0.00s | cpu 0.00s
2026-04-02 12:19:58.781 INFO (Iteration 27) range_constraint_violation_ratio_suggestion: real 0.00s | cpu 0.00s
2026-04-02 12:19:58.781 INFO (Iteration 27) range_constraint_completeness_suggestion: real 0.00s | cpu 0.00s
2026-04-02 12:19:58.781 INFO Iteration 27 finished in 49.88s (real) and 45.29s (process)
2026-04-02 12:19:58.782 INFO Start timestep 2015-02-16 00:00:00+00:00 -> 2015-03-18 00:00:00+00:00
2026-04-02 12:20:16.095 INFO Loading data (2015-02-16 00:00:00+00:00 -> 2015-03-18 00:00:00+00:00) done in 17.31s (real) and 10.88s (process)
2026-04-02 12:20:16.095 INFO Memory usage (start of timestep): 10.98 GB
2026-04-02 12:20:16.095 INFO Calculating metrics
2026-04-02 12:20:16.096 INFO Calculating metric: subject_constraint_violation_count
2026-04-02 12:20:34.232 INFO [subject_constraint_violation_count] processed rows=1362358, result_rows=440
2026-04-02 12:20:34.420 INFO Calculating metric: statement_count_property_subject
2026-04-02 12:20:35.342 INFO Calculating metric: range_constraint_violation_count
2026-04-02 12:20:42.171 INFO Calculating metric: range_constraint_violation_count_mandatory
2026-04-02 12:20:42.366 INFO Calculating metric: range_constraint_violation_count_regular
2026-04-02 12:20:48.920 INFO Calculating metric: range_constraint_violation_count_suggestion
2026-04-02 12:20:48.974 INFO Calculating metric: statement_count_property_range_all
2026-04-02 12:20:49.014 INFO Calculating metric: statement_count_property_range_mandatory
2026-04-02 12:20:49.046 INFO Calculating metric: statement_count_property_range_regular
2026-04-02 12:20:49.074 INFO Calculating metric: statement_count_property_range_suggestion
2026-04-02 12:20:49.092 INFO Calculating metric: subject_constraint_violation_total
2026-04-02 12:20:49.094 INFO Calculating metric: range_constraint_violation_total_all
2026-04-02 12:20:49.097 INFO Calculating metric: range_constraint_violation_total_mandatory
2026-04-02 12:20:49.099 INFO Calculating metric: range_constraint_violation_total_regular
2026-04-02 12:20:49.101 INFO Calculating metric: range_constraint_violation_total_suggestion
2026-04-02 12:20:49.104 INFO Calculating metric: subject_constraint_violation_ratio
2026-04-02 12:20:49.106 INFO Calculating metric: range_constraint_violation_ratio
2026-04-02 12:20:49.108 INFO Calculating metric: range_constraint_violation_ratio_mandatory
2026-04-02 12:20:49.110 INFO Calculating metric: range_constraint_violation_ratio_regular
2026-04-02 12:20:49.112 INFO Calculating metric: range_constraint_violation_ratio_suggestion
2026-04-02 12:20:49.114 INFO Calculating metric: subject_constraint_completeness
2026-04-02 12:20:49.116 INFO Calculating metric: range_constraint_completeness
2026-04-02 12:20:49.118 INFO Calculating metric: range_constraint_completeness_mandatory
2026-04-02 12:20:49.120 INFO Calculating metric: range_constraint_completeness_regular
2026-04-02 12:20:49.122 INFO Calculating metric: range_constraint_completeness_suggestion
2026-04-02 12:20:49.124 INFO Memory usage (end of timestep): 10.98 GB
2026-04-02 12:20:49.124 INFO (Iteration 28) subject_constraint_violation_count: real 18.32s | cpu 19.32s
2026-04-02 12:20:49.124 INFO (Iteration 28) statement_count_property_subject: real 0.92s | cpu 1.84s
2026-04-02 12:20:49.124 INFO (Iteration 28) subject_constraint_violation_total: real 0.00s | cpu 0.00s
2026-04-02 12:20:49.124 INFO (Iteration 28) subject_constraint_violation_ratio: real 0.00s | cpu 0.00s
2026-04-02 12:20:49.124 INFO (Iteration 28) subject_constraint_completeness: real 0.00s | cpu 0.00s
2026-04-02 12:20:49.124 INFO (Iteration 28) range_constraint_violation_count: real 6.83s | cpu 7.17s
2026-04-02 12:20:49.124 INFO (Iteration 28) range_constraint_violation_count_mandatory: real 0.19s | cpu 0.41s
2026-04-02 12:20:49.124 INFO (Iteration 28) range_constraint_violation_count_regular: real 6.55s | cpu 6.90s
2026-04-02 12:20:49.124 INFO (Iteration 28) range_constraint_violation_count_suggestion: real 0.05s | cpu 0.27s
2026-04-02 12:20:49.124 INFO (Iteration 28) statement_count_property_range_all: real 0.04s | cpu 0.46s
2026-04-02 12:20:49.124 INFO (Iteration 28) statement_count_property_range_mandatory: real 0.03s | cpu 0.35s
2026-04-02 12:20:49.124 INFO (Iteration 28) statement_count_property_range_regular: real 0.03s | cpu 0.29s
2026-04-02 12:20:49.124 INFO (Iteration 28) statement_count_property_range_suggestion: real 0.02s | cpu 0.17s
2026-04-02 12:20:49.125 INFO (Iteration 28) range_constraint_violation_total_all: real 0.00s | cpu 0.00s
2026-04-02 12:20:49.125 INFO (Iteration 28) range_constraint_violation_ratio: real 0.00s | cpu 0.00s
2026-04-02 12:20:49.125 INFO (Iteration 28) range_constraint_completeness: real 0.00s | cpu 0.00s
2026-04-02 12:20:49.125 INFO (Iteration 28) range_constraint_violation_total_mandatory: real 0.00s | cpu 0.00s
2026-04-02 12:20:49.125 INFO (Iteration 28) range_constraint_violation_ratio_mandatory: real 0.00s | cpu 0.00s
2026-04-02 12:20:49.125 INFO (Iteration 28) range_constraint_completeness_mandatory: real 0.00s | cpu 0.00s
2026-04-02 12:20:49.125 INFO (Iteration 28) range_constraint_violation_total_regular: real 0.00s | cpu 0.00s
2026-04-02 12:20:49.125 INFO (Iteration 28) range_constraint_violation_ratio_regular: real 0.00s | cpu 0.00s
2026-04-02 12:20:49.125 INFO (Iteration 28) range_constraint_completeness_regular: real 0.00s | cpu 0.00s
2026-04-02 12:20:49.125 INFO (Iteration 28) range_constraint_violation_total_suggestion: real 0.00s | cpu 0.00s
2026-04-02 12:20:49.125 INFO (Iteration 28) range_constraint_violation_ratio_suggestion: real 0.00s | cpu 0.00s
2026-04-02 12:20:49.125 INFO (Iteration 28) range_constraint_completeness_suggestion: real 0.00s | cpu 0.00s
2026-04-02 12:20:49.125 INFO Iteration 28 finished in 50.34s (real) and 48.07s (process)
2026-04-02 12:20:49.125 INFO Start timestep 2015-03-18 00:00:00+00:00 -> 2015-04-17 00:00:00+00:00
2026-04-02 12:21:07.643 INFO Loading data (2015-03-18 00:00:00+00:00 -> 2015-04-17 00:00:00+00:00) done in 18.52s (real) and 17.99s (process)
2026-04-02 12:21:07.644 INFO Memory usage (start of timestep): 10.98 GB
2026-04-02 12:21:07.644 INFO Calculating metrics
2026-04-02 12:21:07.644 INFO Calculating metric: subject_constraint_violation_count
2026-04-02 12:21:41.692 INFO [subject_constraint_violation_count] processed rows=1843285, result_rows=442
2026-04-02 12:21:41.893 INFO Calculating metric: statement_count_property_subject
2026-04-02 12:21:43.032 INFO Calculating metric: range_constraint_violation_count
2026-04-02 12:21:46.060 INFO Calculating metric: range_constraint_violation_count_mandatory
2026-04-02 12:21:46.141 INFO Calculating metric: range_constraint_violation_count_regular
2026-04-02 12:21:49.103 INFO Calculating metric: range_constraint_violation_count_suggestion
2026-04-02 12:21:49.158 INFO Calculating metric: statement_count_property_range_all
2026-04-02 12:21:49.189 INFO Calculating metric: statement_count_property_range_mandatory
2026-04-02 12:21:49.216 INFO Calculating metric: statement_count_property_range_regular
2026-04-02 12:21:49.246 INFO Calculating metric: statement_count_property_range_suggestion
2026-04-02 12:21:49.266 INFO Calculating metric: subject_constraint_violation_total
2026-04-02 12:21:49.269 INFO Calculating metric: range_constraint_violation_total_all
2026-04-02 12:21:49.272 INFO Calculating metric: range_constraint_violation_total_mandatory
2026-04-02 12:21:49.275 INFO Calculating metric: range_constraint_violation_total_regular
2026-04-02 12:21:49.278 INFO Calculating metric: range_constraint_violation_total_suggestion
2026-04-02 12:21:49.281 INFO Calculating metric: subject_constraint_violation_ratio
2026-04-02 12:21:49.283 INFO Calculating metric: range_constraint_violation_ratio
2026-04-02 12:21:49.286 INFO Calculating metric: range_constraint_violation_ratio_mandatory
2026-04-02 12:21:49.288 INFO Calculating metric: range_constraint_violation_ratio_regular
2026-04-02 12:21:49.291 INFO Calculating metric: range_constraint_violation_ratio_suggestion
2026-04-02 12:21:49.293 INFO Calculating metric: subject_constraint_completeness
2026-04-02 12:21:49.296 INFO Calculating metric: range_constraint_completeness
2026-04-02 12:21:49.298 INFO Calculating metric: range_constraint_completeness_mandatory
2026-04-02 12:21:49.301 INFO Calculating metric: range_constraint_completeness_regular
2026-04-02 12:21:49.304 INFO Calculating metric: range_constraint_completeness_suggestion
2026-04-02 12:21:49.306 INFO Memory usage (end of timestep): 10.98 GB
2026-04-02 12:21:49.306 INFO (Iteration 29) subject_constraint_violation_count: real 34.25s | cpu 35.16s
2026-04-02 12:21:49.306 INFO (Iteration 29) statement_count_property_subject: real 1.14s | cpu 1.91s
2026-04-02 12:21:49.306 INFO (Iteration 29) subject_constraint_violation_total: real 0.00s | cpu 0.00s
2026-04-02 12:21:49.306 INFO (Iteration 29) subject_constraint_violation_ratio: real 0.00s | cpu 0.00s
2026-04-02 12:21:49.306 INFO (Iteration 29) subject_constraint_completeness: real 0.00s | cpu 0.00s
2026-04-02 12:21:49.306 INFO (Iteration 29) range_constraint_violation_count: real 3.03s | cpu 3.24s
2026-04-02 12:21:49.306 INFO (Iteration 29) range_constraint_violation_count_mandatory: real 0.08s | cpu 0.25s
2026-04-02 12:21:49.306 INFO (Iteration 29) range_constraint_violation_count_regular: real 2.96s | cpu 3.18s
2026-04-02 12:21:49.307 INFO (Iteration 29) range_constraint_violation_count_suggestion: real 0.06s | cpu 0.19s
2026-04-02 12:21:49.307 INFO (Iteration 29) statement_count_property_range_all: real 0.03s | cpu 0.33s
2026-04-02 12:21:49.307 INFO (Iteration 29) statement_count_property_range_mandatory: real 0.03s | cpu 0.29s
2026-04-02 12:21:49.307 INFO (Iteration 29) statement_count_property_range_regular: real 0.03s | cpu 0.33s
2026-04-02 12:21:49.307 INFO (Iteration 29) statement_count_property_range_suggestion: real 0.02s | cpu 0.18s
2026-04-02 12:21:49.307 INFO (Iteration 29) range_constraint_violation_total_all: real 0.00s | cpu 0.00s
2026-04-02 12:21:49.307 INFO (Iteration 29) range_constraint_violation_ratio: real 0.00s | cpu 0.00s
2026-04-02 12:21:49.307 INFO (Iteration 29) range_constraint_completeness: real 0.00s | cpu 0.00s
2026-04-02 12:21:49.307 INFO (Iteration 29) range_constraint_violation_total_mandatory: real 0.00s | cpu 0.00s
2026-04-02 12:21:49.307 INFO (Iteration 29) range_constraint_violation_ratio_mandatory: real 0.00s | cpu 0.00s
2026-04-02 12:21:49.307 INFO (Iteration 29) range_constraint_completeness_mandatory: real 0.00s | cpu 0.00s
2026-04-02 12:21:49.307 INFO (Iteration 29) range_constraint_violation_total_regular: real 0.00s | cpu 0.00s
2026-04-02 12:21:49.307 INFO (Iteration 29) range_constraint_violation_ratio_regular: real 0.00s | cpu 0.00s
2026-04-02 12:21:49.307 INFO (Iteration 29) range_constraint_completeness_regular: real 0.00s | cpu 0.00s
2026-04-02 12:21:49.307 INFO (Iteration 29) range_constraint_violation_total_suggestion: real 0.00s | cpu 0.00s
2026-04-02 12:21:49.307 INFO (Iteration 29) range_constraint_violation_ratio_suggestion: real 0.00s | cpu 0.00s
2026-04-02 12:21:49.307 INFO (Iteration 29) range_constraint_completeness_suggestion: real 0.00s | cpu 0.00s
2026-04-02 12:21:49.307 INFO Iteration 29 finished in 60.18s (real) and 63.05s (process)
2026-04-02 12:21:49.307 INFO Start timestep 2015-04-17 00:00:00+00:00 -> 2015-05-17 00:00:00+00:00
2026-04-02 12:22:06.351 INFO Loading data (2015-04-17 00:00:00+00:00 -> 2015-05-17 00:00:00+00:00) done in 17.04s (real) and 10.27s (process)
2026-04-02 12:22:06.351 INFO Memory usage (start of timestep): 10.98 GB
2026-04-02 12:22:06.351 INFO Calculating metrics
2026-04-02 12:22:06.351 INFO Calculating metric: subject_constraint_violation_count
2026-04-02 12:22:41.030 INFO [subject_constraint_violation_count] processed rows=1207356, result_rows=475
2026-04-02 12:22:41.251 INFO Calculating metric: statement_count_property_subject
2026-04-02 12:22:42.058 INFO Calculating metric: range_constraint_violation_count
2026-04-02 12:22:44.028 INFO Calculating metric: range_constraint_violation_count_mandatory
2026-04-02 12:22:44.135 INFO Calculating metric: range_constraint_violation_count_regular
2026-04-02 12:22:46.083 INFO Calculating metric: range_constraint_violation_count_suggestion
2026-04-02 12:22:46.138 INFO Calculating metric: statement_count_property_range_all
2026-04-02 12:22:46.173 INFO Calculating metric: statement_count_property_range_mandatory
2026-04-02 12:22:46.197 INFO Calculating metric: statement_count_property_range_regular
2026-04-02 12:22:46.229 INFO Calculating metric: statement_count_property_range_suggestion
2026-04-02 12:22:46.247 INFO Calculating metric: subject_constraint_violation_total
2026-04-02 12:22:46.250 INFO Calculating metric: range_constraint_violation_total_all
2026-04-02 12:22:46.253 INFO Calculating metric: range_constraint_violation_total_mandatory
2026-04-02 12:22:46.255 INFO Calculating metric: range_constraint_violation_total_regular
2026-04-02 12:22:46.257 INFO Calculating metric: range_constraint_violation_total_suggestion
2026-04-02 12:22:46.259 INFO Calculating metric: subject_constraint_violation_ratio
2026-04-02 12:22:46.261 INFO Calculating metric: range_constraint_violation_ratio
2026-04-02 12:22:46.264 INFO Calculating metric: range_constraint_violation_ratio_mandatory
2026-04-02 12:22:46.266 INFO Calculating metric: range_constraint_violation_ratio_regular
2026-04-02 12:22:46.268 INFO Calculating metric: range_constraint_violation_ratio_suggestion
2026-04-02 12:22:46.270 INFO Calculating metric: subject_constraint_completeness
2026-04-02 12:22:46.272 INFO Calculating metric: range_constraint_completeness
2026-04-02 12:22:46.273 INFO Calculating metric: range_constraint_completeness_mandatory
2026-04-02 12:22:46.275 INFO Calculating metric: range_constraint_completeness_regular
2026-04-02 12:22:46.277 INFO Calculating metric: range_constraint_completeness_suggestion
2026-04-02 12:22:46.279 INFO Memory usage (end of timestep): 10.98 GB
2026-04-02 12:22:46.279 INFO (Iteration 30) subject_constraint_violation_count: real 34.90s | cpu 35.54s
2026-04-02 12:22:46.279 INFO (Iteration 30) statement_count_property_subject: real 0.81s | cpu 1.39s
2026-04-02 12:22:46.279 INFO (Iteration 30) subject_constraint_violation_total: real 0.00s | cpu 0.00s
2026-04-02 12:22:46.279 INFO (Iteration 30) subject_constraint_violation_ratio: real 0.00s | cpu 0.00s
2026-04-02 12:22:46.279 INFO (Iteration 30) subject_constraint_completeness: real 0.00s | cpu 0.00s
2026-04-02 12:22:46.279 INFO (Iteration 30) range_constraint_violation_count: real 1.97s | cpu 2.15s
2026-04-02 12:22:46.279 INFO (Iteration 30) range_constraint_violation_count_mandatory: real 0.11s | cpu 0.23s
2026-04-02 12:22:46.279 INFO (Iteration 30) range_constraint_violation_count_regular: real 1.95s | cpu 2.12s
2026-04-02 12:22:46.279 INFO (Iteration 30) range_constraint_violation_count_suggestion: real 0.05s | cpu 0.20s
2026-04-02 12:22:46.279 INFO (Iteration 30) statement_count_property_range_all: real 0.04s | cpu 0.32s
2026-04-02 12:22:46.279 INFO (Iteration 30) statement_count_property_range_mandatory: real 0.02s | cpu 0.25s
2026-04-02 12:22:46.279 INFO (Iteration 30) statement_count_property_range_regular: real 0.03s | cpu 0.30s
2026-04-02 12:22:46.279 INFO (Iteration 30) statement_count_property_range_suggestion: real 0.02s | cpu 0.19s
2026-04-02 12:22:46.279 INFO (Iteration 30) range_constraint_violation_total_all: real 0.00s | cpu 0.00s
2026-04-02 12:22:46.279 INFO (Iteration 30) range_constraint_violation_ratio: real 0.00s | cpu 0.00s
2026-04-02 12:22:46.279 INFO (Iteration 30) range_constraint_completeness: real 0.00s | cpu 0.00s
2026-04-02 12:22:46.279 INFO (Iteration 30) range_constraint_violation_total_mandatory: real 0.00s | cpu 0.00s
2026-04-02 12:22:46.279 INFO (Iteration 30) range_constraint_violation_ratio_mandatory: real 0.00s | cpu 0.00s
2026-04-02 12:22:46.279 INFO (Iteration 30) range_constraint_completeness_mandatory: real 0.00s | cpu 0.00s
2026-04-02 12:22:46.279 INFO (Iteration 30) range_constraint_violation_total_regular: real 0.00s | cpu 0.00s
2026-04-02 12:22:46.279 INFO (Iteration 30) range_constraint_violation_ratio_regular: real 0.00s | cpu 0.00s
2026-04-02 12:22:46.279 INFO (Iteration 30) range_constraint_completeness_regular: real 0.00s | cpu 0.00s
2026-04-02 12:22:46.279 INFO (Iteration 30) range_constraint_violation_total_suggestion: real 0.00s | cpu 0.00s
2026-04-02 12:22:46.279 INFO (Iteration 30) range_constraint_violation_ratio_suggestion: real 0.00s | cpu 0.00s
2026-04-02 12:22:46.279 INFO (Iteration 30) range_constraint_completeness_suggestion: real 0.00s | cpu 0.00s
2026-04-02 12:22:46.279 INFO Iteration 30 finished in 56.97s (real) and 52.96s (process)
2026-04-02 12:22:46.279 INFO Start timestep 2015-05-17 00:00:00+00:00 -> 2015-06-16 00:00:00+00:00
2026-04-02 12:23:15.750 INFO Loading data (2015-05-17 00:00:00+00:00 -> 2015-06-16 00:00:00+00:00) done in 29.47s (real) and 17.92s (process)
2026-04-02 12:23:15.750 INFO Memory usage (start of timestep): 10.98 GB
2026-04-02 12:23:15.750 INFO Calculating metrics
2026-04-02 12:23:15.750 INFO Calculating metric: subject_constraint_violation_count
2026-04-02 12:23:51.707 INFO [subject_constraint_violation_count] processed rows=1035751, result_rows=469
2026-04-02 12:23:51.929 INFO Calculating metric: statement_count_property_subject
2026-04-02 12:23:52.579 INFO Calculating metric: range_constraint_violation_count
2026-04-02 12:23:55.906 INFO Calculating metric: range_constraint_violation_count_mandatory
2026-04-02 12:23:56.118 INFO Calculating metric: range_constraint_violation_count_regular
2026-04-02 12:23:59.149 INFO Calculating metric: range_constraint_violation_count_suggestion
2026-04-02 12:23:59.238 INFO Calculating metric: statement_count_property_range_all
2026-04-02 12:23:59.281 INFO Calculating metric: statement_count_property_range_mandatory
2026-04-02 12:23:59.318 INFO Calculating metric: statement_count_property_range_regular
2026-04-02 12:23:59.352 INFO Calculating metric: statement_count_property_range_suggestion
2026-04-02 12:23:59.370 INFO Calculating metric: subject_constraint_violation_total
2026-04-02 12:23:59.374 INFO Calculating metric: range_constraint_violation_total_all
2026-04-02 12:23:59.376 INFO Calculating metric: range_constraint_violation_total_mandatory
2026-04-02 12:23:59.379 INFO Calculating metric: range_constraint_violation_total_regular
2026-04-02 12:23:59.381 INFO Calculating metric: range_constraint_violation_total_suggestion
2026-04-02 12:23:59.384 INFO Calculating metric: subject_constraint_violation_ratio
2026-04-02 12:23:59.387 INFO Calculating metric: range_constraint_violation_ratio
2026-04-02 12:23:59.389 INFO Calculating metric: range_constraint_violation_ratio_mandatory
2026-04-02 12:23:59.392 INFO Calculating metric: range_constraint_violation_ratio_regular
2026-04-02 12:23:59.394 INFO Calculating metric: range_constraint_violation_ratio_suggestion
2026-04-02 12:23:59.397 INFO Calculating metric: subject_constraint_completeness
2026-04-02 12:23:59.399 INFO Calculating metric: range_constraint_completeness
2026-04-02 12:23:59.401 INFO Calculating metric: range_constraint_completeness_mandatory
2026-04-02 12:23:59.404 INFO Calculating metric: range_constraint_completeness_regular
2026-04-02 12:23:59.406 INFO Calculating metric: range_constraint_completeness_suggestion
2026-04-02 12:23:59.409 INFO Memory usage (end of timestep): 12.07 GB
2026-04-02 12:23:59.409 INFO (Iteration 31) subject_constraint_violation_count: real 36.18s | cpu 36.99s
2026-04-02 12:23:59.409 INFO (Iteration 31) statement_count_property_subject: real 0.65s | cpu 1.28s
2026-04-02 12:23:59.409 INFO (Iteration 31) subject_constraint_violation_total: real 0.00s | cpu 0.00s
2026-04-02 12:23:59.409 INFO (Iteration 31) subject_constraint_violation_ratio: real 0.00s | cpu 0.00s
2026-04-02 12:23:59.409 INFO (Iteration 31) subject_constraint_completeness: real 0.00s | cpu 0.00s
2026-04-02 12:23:59.409 INFO (Iteration 31) range_constraint_violation_count: real 3.33s | cpu 3.64s
2026-04-02 12:23:59.409 INFO (Iteration 31) range_constraint_violation_count_mandatory: real 0.21s | cpu 0.45s
2026-04-02 12:23:59.409 INFO (Iteration 31) range_constraint_violation_count_regular: real 3.03s | cpu 3.31s
2026-04-02 12:23:59.409 INFO (Iteration 31) range_constraint_violation_count_suggestion: real 0.09s | cpu 0.23s
2026-04-02 12:23:59.409 INFO (Iteration 31) statement_count_property_range_all: real 0.04s | cpu 0.45s
2026-04-02 12:23:59.409 INFO (Iteration 31) statement_count_property_range_mandatory: real 0.04s | cpu 0.38s
2026-04-02 12:23:59.409 INFO (Iteration 31) statement_count_property_range_regular: real 0.03s | cpu 0.38s
2026-04-02 12:23:59.409 INFO (Iteration 31) statement_count_property_range_suggestion: real 0.02s | cpu 0.15s
2026-04-02 12:23:59.409 INFO (Iteration 31) range_constraint_violation_total_all: real 0.00s | cpu 0.00s
2026-04-02 12:23:59.409 INFO (Iteration 31) range_constraint_violation_ratio: real 0.00s | cpu 0.00s
2026-04-02 12:23:59.409 INFO (Iteration 31) range_constraint_completeness: real 0.00s | cpu 0.00s
2026-04-02 12:23:59.409 INFO (Iteration 31) range_constraint_violation_total_mandatory: real 0.00s | cpu 0.00s
2026-04-02 12:23:59.409 INFO (Iteration 31) range_constraint_violation_ratio_mandatory: real 0.00s | cpu 0.00s
2026-04-02 12:23:59.409 INFO (Iteration 31) range_constraint_completeness_mandatory: real 0.00s | cpu 0.00s
2026-04-02 12:23:59.410 INFO (Iteration 31) range_constraint_violation_total_regular: real 0.00s | cpu 0.00s
2026-04-02 12:23:59.410 INFO (Iteration 31) range_constraint_violation_ratio_regular: real 0.00s | cpu 0.00s
2026-04-02 12:23:59.410 INFO (Iteration 31) range_constraint_completeness_regular: real 0.00s | cpu 0.00s
2026-04-02 12:23:59.410 INFO (Iteration 31) range_constraint_violation_total_suggestion: real 0.00s | cpu 0.00s
2026-04-02 12:23:59.410 INFO (Iteration 31) range_constraint_violation_ratio_suggestion: real 0.00s | cpu 0.00s
2026-04-02 12:23:59.410 INFO (Iteration 31) range_constraint_completeness_suggestion: real 0.00s | cpu 0.00s
2026-04-02 12:23:59.410 INFO Iteration 31 finished in 73.13s (real) and 65.21s (process)
2026-04-02 12:23:59.410 INFO Start timestep 2015-06-16 00:00:00+00:00 -> 2015-07-16 00:00:00+00:00
2026-04-02 12:24:23.088 INFO Loading data (2015-06-16 00:00:00+00:00 -> 2015-07-16 00:00:00+00:00) done in 23.68s (real) and 14.60s (process)
2026-04-02 12:24:23.088 INFO Memory usage (start of timestep): 12.07 GB
2026-04-02 12:24:23.088 INFO Calculating metrics
2026-04-02 12:24:23.088 INFO Calculating metric: subject_constraint_violation_count
2026-04-02 12:24:40.865 INFO [subject_constraint_violation_count] processed rows=1793530, result_rows=450
2026-04-02 12:24:41.143 INFO Calculating metric: statement_count_property_subject
2026-04-02 12:24:42.392 INFO Calculating metric: range_constraint_violation_count
2026-04-02 12:24:47.660 INFO Calculating metric: range_constraint_violation_count_mandatory
2026-04-02 12:24:48.028 INFO Calculating metric: range_constraint_violation_count_regular
2026-04-02 12:24:53.002 INFO Calculating metric: range_constraint_violation_count_suggestion
2026-04-02 12:24:53.070 INFO Calculating metric: statement_count_property_range_all
2026-04-02 12:24:53.109 INFO Calculating metric: statement_count_property_range_mandatory
2026-04-02 12:24:53.140 INFO Calculating metric: statement_count_property_range_regular
2026-04-02 12:24:53.177 INFO Calculating metric: statement_count_property_range_suggestion
2026-04-02 12:24:53.199 INFO Calculating metric: subject_constraint_violation_total
2026-04-02 12:24:53.202 INFO Calculating metric: range_constraint_violation_total_all
2026-04-02 12:24:53.205 INFO Calculating metric: range_constraint_violation_total_mandatory
2026-04-02 12:24:53.274 INFO Calculating metric: range_constraint_violation_total_regular
2026-04-02 12:24:53.278 INFO Calculating metric: range_constraint_violation_total_suggestion
2026-04-02 12:24:53.280 INFO Calculating metric: subject_constraint_violation_ratio
2026-04-02 12:24:53.283 INFO Calculating metric: range_constraint_violation_ratio
2026-04-02 12:24:53.286 INFO Calculating metric: range_constraint_violation_ratio_mandatory
2026-04-02 12:24:53.288 INFO Calculating metric: range_constraint_violation_ratio_regular
2026-04-02 12:24:53.291 INFO Calculating metric: range_constraint_violation_ratio_suggestion
2026-04-02 12:24:53.295 INFO Calculating metric: subject_constraint_completeness
2026-04-02 12:24:53.302 INFO Calculating metric: range_constraint_completeness
2026-04-02 12:24:53.305 INFO Calculating metric: range_constraint_completeness_mandatory
2026-04-02 12:24:53.313 INFO Calculating metric: range_constraint_completeness_regular
2026-04-02 12:24:53.320 INFO Calculating metric: range_constraint_completeness_suggestion
2026-04-02 12:24:53.328 INFO Memory usage (end of timestep): 12.07 GB
2026-04-02 12:24:53.328 INFO (Iteration 32) subject_constraint_violation_count: real 18.05s | cpu 18.85s
2026-04-02 12:24:53.328 INFO (Iteration 32) statement_count_property_subject: real 1.25s | cpu 1.96s
2026-04-02 12:24:53.328 INFO (Iteration 32) subject_constraint_violation_total: real 0.00s | cpu 0.00s
2026-04-02 12:24:53.328 INFO (Iteration 32) subject_constraint_violation_ratio: real 0.00s | cpu 0.00s
2026-04-02 12:24:53.328 INFO (Iteration 32) subject_constraint_completeness: real 0.01s | cpu 0.00s
2026-04-02 12:24:53.328 INFO (Iteration 32) range_constraint_violation_count: real 5.27s | cpu 5.55s
2026-04-02 12:24:53.328 INFO (Iteration 32) range_constraint_violation_count_mandatory: real 0.37s | cpu 0.59s
2026-04-02 12:24:53.328 INFO (Iteration 32) range_constraint_violation_count_regular: real 4.97s | cpu 5.25s
2026-04-02 12:24:53.328 INFO (Iteration 32) range_constraint_violation_count_suggestion: real 0.07s | cpu 0.25s
2026-04-02 12:24:53.328 INFO (Iteration 32) statement_count_property_range_all: real 0.04s | cpu 0.40s
2026-04-02 12:24:53.328 INFO (Iteration 32) statement_count_property_range_mandatory: real 0.03s | cpu 0.32s
2026-04-02 12:24:53.328 INFO (Iteration 32) statement_count_property_range_regular: real 0.03s | cpu 0.35s
2026-04-02 12:24:53.328 INFO (Iteration 32) statement_count_property_range_suggestion: real 0.02s | cpu 0.20s
2026-04-02 12:24:53.328 INFO (Iteration 32) range_constraint_violation_total_all: real 0.00s | cpu 0.00s
2026-04-02 12:24:53.328 INFO (Iteration 32) range_constraint_violation_ratio: real 0.00s | cpu 0.00s
2026-04-02 12:24:53.328 INFO (Iteration 32) range_constraint_completeness: real 0.00s | cpu 0.00s
2026-04-02 12:24:53.328 INFO (Iteration 32) range_constraint_violation_total_mandatory: real 0.07s | cpu 0.07s
2026-04-02 12:24:53.328 INFO (Iteration 32) range_constraint_violation_ratio_mandatory: real 0.00s | cpu 0.00s
2026-04-02 12:24:53.328 INFO (Iteration 32) range_constraint_completeness_mandatory: real 0.01s | cpu 0.00s
2026-04-02 12:24:53.328 INFO (Iteration 32) range_constraint_violation_total_regular: real 0.00s | cpu 0.00s
2026-04-02 12:24:53.328 INFO (Iteration 32) range_constraint_violation_ratio_regular: real 0.00s | cpu 0.00s
2026-04-02 12:24:53.328 INFO (Iteration 32) range_constraint_completeness_regular: real 0.01s | cpu 0.00s
2026-04-02 12:24:53.328 INFO (Iteration 32) range_constraint_violation_total_suggestion: real 0.00s | cpu 0.00s
2026-04-02 12:24:53.329 INFO (Iteration 32) range_constraint_violation_ratio_suggestion: real 0.00s | cpu 0.00s
2026-04-02 12:24:53.329 INFO (Iteration 32) range_constraint_completeness_suggestion: real 0.01s | cpu 0.00s
2026-04-02 12:24:53.329 INFO Iteration 32 finished in 53.92s (real) and 48.38s (process)
2026-04-02 12:24:53.329 INFO Start timestep 2015-07-16 00:00:00+00:00 -> 2015-08-15 00:00:00+00:00
2026-04-02 12:25:23.831 INFO Loading data (2015-07-16 00:00:00+00:00 -> 2015-08-15 00:00:00+00:00) done in 30.50s (real) and 25.59s (process)
2026-04-02 12:25:23.831 INFO Memory usage (start of timestep): 12.07 GB
2026-04-02 12:25:23.831 INFO Calculating metrics
2026-04-02 12:25:23.832 INFO Calculating metric: subject_constraint_violation_count
2026-04-02 12:25:57.679 INFO [subject_constraint_violation_count] processed rows=1491490, result_rows=457
2026-04-02 12:25:57.939 INFO Calculating metric: statement_count_property_subject
2026-04-02 12:25:58.909 INFO Calculating metric: range_constraint_violation_count
2026-04-02 12:26:02.720 INFO Calculating metric: range_constraint_violation_count_mandatory
2026-04-02 12:26:02.911 INFO Calculating metric: range_constraint_violation_count_regular
2026-04-02 12:26:06.545 INFO Calculating metric: range_constraint_violation_count_suggestion
2026-04-02 12:26:06.598 INFO Calculating metric: statement_count_property_range_all
2026-04-02 12:26:06.636 INFO Calculating metric: statement_count_property_range_mandatory
2026-04-02 12:26:06.665 INFO Calculating metric: statement_count_property_range_regular
2026-04-02 12:26:06.690 INFO Calculating metric: statement_count_property_range_suggestion
2026-04-02 12:26:06.707 INFO Calculating metric: subject_constraint_violation_total
2026-04-02 12:26:06.710 INFO Calculating metric: range_constraint_violation_total_all
2026-04-02 12:26:06.712 INFO Calculating metric: range_constraint_violation_total_mandatory
2026-04-02 12:26:06.715 INFO Calculating metric: range_constraint_violation_total_regular
2026-04-02 12:26:06.717 INFO Calculating metric: range_constraint_violation_total_suggestion
2026-04-02 12:26:06.720 INFO Calculating metric: subject_constraint_violation_ratio
2026-04-02 12:26:06.722 INFO Calculating metric: range_constraint_violation_ratio
2026-04-02 12:26:06.724 INFO Calculating metric: range_constraint_violation_ratio_mandatory
2026-04-02 12:26:06.726 INFO Calculating metric: range_constraint_violation_ratio_regular
2026-04-02 12:26:06.729 INFO Calculating metric: range_constraint_violation_ratio_suggestion
2026-04-02 12:26:06.731 INFO Calculating metric: subject_constraint_completeness
2026-04-02 12:26:06.733 INFO Calculating metric: range_constraint_completeness
2026-04-02 12:26:06.735 INFO Calculating metric: range_constraint_completeness_mandatory
2026-04-02 12:26:06.737 INFO Calculating metric: range_constraint_completeness_regular
2026-04-02 12:26:06.740 INFO Calculating metric: range_constraint_completeness_suggestion
2026-04-02 12:26:06.742 INFO Memory usage (end of timestep): 12.93 GB
2026-04-02 12:26:06.742 INFO (Iteration 33) subject_constraint_violation_count: real 34.11s | cpu 35.02s
2026-04-02 12:26:06.742 INFO (Iteration 33) statement_count_property_subject: real 0.97s | cpu 1.75s
2026-04-02 12:26:06.742 INFO (Iteration 33) subject_constraint_violation_total: real 0.00s | cpu 0.00s
2026-04-02 12:26:06.742 INFO (Iteration 33) subject_constraint_violation_ratio: real 0.00s | cpu 0.00s
2026-04-02 12:26:06.742 INFO (Iteration 33) subject_constraint_completeness: real 0.00s | cpu 0.00s
2026-04-02 12:26:06.742 INFO (Iteration 33) range_constraint_violation_count: real 3.81s | cpu 4.07s
2026-04-02 12:26:06.742 INFO (Iteration 33) range_constraint_violation_count_mandatory: real 0.19s | cpu 0.38s
2026-04-02 12:26:06.742 INFO (Iteration 33) range_constraint_violation_count_regular: real 3.63s | cpu 3.90s
2026-04-02 12:26:06.742 INFO (Iteration 33) range_constraint_violation_count_suggestion: real 0.05s | cpu 0.25s
2026-04-02 12:26:06.742 INFO (Iteration 33) statement_count_property_range_all: real 0.04s | cpu 0.44s
2026-04-02 12:26:06.742 INFO (Iteration 33) statement_count_property_range_mandatory: real 0.03s | cpu 0.35s
2026-04-02 12:26:06.742 INFO (Iteration 33) statement_count_property_range_regular: real 0.03s | cpu 0.29s
2026-04-02 12:26:06.742 INFO (Iteration 33) statement_count_property_range_suggestion: real 0.02s | cpu 0.16s
2026-04-02 12:26:06.742 INFO (Iteration 33) range_constraint_violation_total_all: real 0.00s | cpu 0.00s
2026-04-02 12:26:06.742 INFO (Iteration 33) range_constraint_violation_ratio: real 0.00s | cpu 0.00s
2026-04-02 12:26:06.742 INFO (Iteration 33) range_constraint_completeness: real 0.00s | cpu 0.00s
2026-04-02 12:26:06.742 INFO (Iteration 33) range_constraint_violation_total_mandatory: real 0.00s | cpu 0.00s
2026-04-02 12:26:06.742 INFO (Iteration 33) range_constraint_violation_ratio_mandatory: real 0.00s | cpu 0.00s
2026-04-02 12:26:06.742 INFO (Iteration 33) range_constraint_completeness_mandatory: real 0.00s | cpu 0.00s
2026-04-02 12:26:06.742 INFO (Iteration 33) range_constraint_violation_total_regular: real 0.00s | cpu 0.00s
2026-04-02 12:26:06.742 INFO (Iteration 33) range_constraint_violation_ratio_regular: real 0.00s | cpu 0.00s
2026-04-02 12:26:06.742 INFO (Iteration 33) range_constraint_completeness_regular: real 0.00s | cpu 0.00s
2026-04-02 12:26:06.742 INFO (Iteration 33) range_constraint_violation_total_suggestion: real 0.00s | cpu 0.00s
2026-04-02 12:26:06.742 INFO (Iteration 33) range_constraint_violation_ratio_suggestion: real 0.00s | cpu 0.00s
2026-04-02 12:26:06.742 INFO (Iteration 33) range_constraint_completeness_suggestion: real 0.00s | cpu 0.00s
2026-04-02 12:26:06.742 INFO Iteration 33 finished in 73.41s (real) and 72.21s (process)
2026-04-02 12:26:06.743 INFO Start timestep 2015-08-15 00:00:00+00:00 -> 2015-09-14 00:00:00+00:00
2026-04-02 12:26:36.924 INFO Loading data (2015-08-15 00:00:00+00:00 -> 2015-09-14 00:00:00+00:00) done in 30.18s (real) and 19.15s (process)
2026-04-02 12:26:36.924 INFO Memory usage (start of timestep): 12.93 GB
2026-04-02 12:26:36.924 INFO Calculating metrics
2026-04-02 12:26:36.925 INFO Calculating metric: subject_constraint_violation_count
2026-04-02 12:27:10.980 INFO [subject_constraint_violation_count] processed rows=1555318, result_rows=535
2026-04-02 12:27:11.220 INFO Calculating metric: statement_count_property_subject
2026-04-02 12:27:12.203 INFO Calculating metric: range_constraint_violation_count
2026-04-02 12:27:16.646 INFO Calculating metric: range_constraint_violation_count_mandatory
2026-04-02 12:27:17.311 INFO Calculating metric: range_constraint_violation_count_regular
2026-04-02 12:27:21.059 INFO Calculating metric: range_constraint_violation_count_suggestion
2026-04-02 12:27:21.124 INFO Calculating metric: statement_count_property_range_all
2026-04-02 12:27:21.168 INFO Calculating metric: statement_count_property_range_mandatory
2026-04-02 12:27:21.202 INFO Calculating metric: statement_count_property_range_regular
2026-04-02 12:27:21.232 INFO Calculating metric: statement_count_property_range_suggestion
2026-04-02 12:27:21.253 INFO Calculating metric: subject_constraint_violation_total
2026-04-02 12:27:21.256 INFO Calculating metric: range_constraint_violation_total_all
2026-04-02 12:27:21.258 INFO Calculating metric: range_constraint_violation_total_mandatory
2026-04-02 12:27:21.261 INFO Calculating metric: range_constraint_violation_total_regular
2026-04-02 12:27:21.264 INFO Calculating metric: range_constraint_violation_total_suggestion
2026-04-02 12:27:21.266 INFO Calculating metric: subject_constraint_violation_ratio
2026-04-02 12:27:21.269 INFO Calculating metric: range_constraint_violation_ratio
2026-04-02 12:27:21.271 INFO Calculating metric: range_constraint_violation_ratio_mandatory
2026-04-02 12:27:21.274 INFO Calculating metric: range_constraint_violation_ratio_regular
2026-04-02 12:27:21.277 INFO Calculating metric: range_constraint_violation_ratio_suggestion
2026-04-02 12:27:21.279 INFO Calculating metric: subject_constraint_completeness
2026-04-02 12:27:21.281 INFO Calculating metric: range_constraint_completeness
2026-04-02 12:27:21.283 INFO Calculating metric: range_constraint_completeness_mandatory
2026-04-02 12:27:21.286 INFO Calculating metric: range_constraint_completeness_regular
2026-04-02 12:27:21.288 INFO Calculating metric: range_constraint_completeness_suggestion
2026-04-02 12:27:21.290 INFO Memory usage (end of timestep): 13.05 GB
2026-04-02 12:27:21.290 INFO (Iteration 34) subject_constraint_violation_count: real 34.30s | cpu 35.35s
2026-04-02 12:27:21.290 INFO (Iteration 34) statement_count_property_subject: real 0.98s | cpu 1.85s
2026-04-02 12:27:21.290 INFO (Iteration 34) subject_constraint_violation_total: real 0.00s | cpu 0.00s
2026-04-02 12:27:21.290 INFO (Iteration 34) subject_constraint_violation_ratio: real 0.00s | cpu 0.00s
2026-04-02 12:27:21.290 INFO (Iteration 34) subject_constraint_completeness: real 0.00s | cpu 0.00s
2026-04-02 12:27:21.290 INFO (Iteration 34) range_constraint_violation_count: real 4.44s | cpu 4.75s
2026-04-02 12:27:21.290 INFO (Iteration 34) range_constraint_violation_count_mandatory: real 0.66s | cpu 0.90s
2026-04-02 12:27:21.290 INFO (Iteration 34) range_constraint_violation_count_regular: real 3.75s | cpu 4.05s
2026-04-02 12:27:21.290 INFO (Iteration 34) range_constraint_violation_count_suggestion: real 0.06s | cpu 0.26s
2026-04-02 12:27:21.291 INFO (Iteration 34) statement_count_property_range_all: real 0.04s | cpu 0.47s
2026-04-02 12:27:21.291 INFO (Iteration 34) statement_count_property_range_mandatory: real 0.03s | cpu 0.37s
2026-04-02 12:27:21.291 INFO (Iteration 34) statement_count_property_range_regular: real 0.03s | cpu 0.33s
2026-04-02 12:27:21.291 INFO (Iteration 34) statement_count_property_range_suggestion: real 0.02s | cpu 0.19s
2026-04-02 12:27:21.291 INFO (Iteration 34) range_constraint_violation_total_all: real 0.00s | cpu 0.00s
2026-04-02 12:27:21.291 INFO (Iteration 34) range_constraint_violation_ratio: real 0.00s | cpu 0.00s
2026-04-02 12:27:21.291 INFO (Iteration 34) range_constraint_completeness: real 0.00s | cpu 0.00s
2026-04-02 12:27:21.291 INFO (Iteration 34) range_constraint_violation_total_mandatory: real 0.00s | cpu 0.00s
2026-04-02 12:27:21.291 INFO (Iteration 34) range_constraint_violation_ratio_mandatory: real 0.00s | cpu 0.00s
2026-04-02 12:27:21.291 INFO (Iteration 34) range_constraint_completeness_mandatory: real 0.00s | cpu 0.00s
2026-04-02 12:27:21.291 INFO (Iteration 34) range_constraint_violation_total_regular: real 0.00s | cpu 0.00s
2026-04-02 12:27:21.291 INFO (Iteration 34) range_constraint_violation_ratio_regular: real 0.00s | cpu 0.00s
2026-04-02 12:27:21.291 INFO (Iteration 34) range_constraint_completeness_regular: real 0.00s | cpu 0.00s
2026-04-02 12:27:21.291 INFO (Iteration 34) range_constraint_violation_total_suggestion: real 0.00s | cpu 0.00s
2026-04-02 12:27:21.291 INFO (Iteration 34) range_constraint_violation_ratio_suggestion: real 0.00s | cpu 0.00s
2026-04-02 12:27:21.291 INFO (Iteration 34) range_constraint_completeness_suggestion: real 0.00s | cpu 0.00s
2026-04-02 12:27:21.291 INFO Iteration 34 finished in 74.55s (real) and 67.68s (process)
2026-04-02 12:27:21.291 INFO Start timestep 2015-09-14 00:00:00+00:00 -> 2015-10-14 00:00:00+00:00
2026-04-02 12:28:31.575 INFO Loading data (2015-09-14 00:00:00+00:00 -> 2015-10-14 00:00:00+00:00) done in 70.28s (real) and 49.80s (process)
2026-04-02 12:28:31.587 INFO Memory usage (start of timestep): 15.20 GB
2026-04-02 12:28:31.587 INFO Calculating metrics
2026-04-02 12:28:31.587 INFO Calculating metric: subject_constraint_violation_count
2026-04-02 12:29:10.535 INFO [subject_constraint_violation_count] processed rows=1878046, result_rows=535
2026-04-02 12:29:10.807 INFO Calculating metric: statement_count_property_subject
2026-04-02 12:29:12.003 INFO Calculating metric: range_constraint_violation_count
2026-04-02 12:29:20.144 INFO Calculating metric: range_constraint_violation_count_mandatory
2026-04-02 12:29:20.688 INFO Calculating metric: range_constraint_violation_count_regular
2026-04-02 12:29:25.248 INFO Calculating metric: range_constraint_violation_count_suggestion
2026-04-02 12:29:28.457 INFO Calculating metric: statement_count_property_range_all
2026-04-02 12:29:28.497 INFO Calculating metric: statement_count_property_range_mandatory
2026-04-02 12:29:28.529 INFO Calculating metric: statement_count_property_range_regular
2026-04-02 12:29:28.565 INFO Calculating metric: statement_count_property_range_suggestion
2026-04-02 12:29:28.589 INFO Calculating metric: subject_constraint_violation_total
2026-04-02 12:29:28.592 INFO Calculating metric: range_constraint_violation_total_all
2026-04-02 12:29:28.595 INFO Calculating metric: range_constraint_violation_total_mandatory
2026-04-02 12:29:28.597 INFO Calculating metric: range_constraint_violation_total_regular
2026-04-02 12:29:28.600 INFO Calculating metric: range_constraint_violation_total_suggestion
2026-04-02 12:29:28.603 INFO Calculating metric: subject_constraint_violation_ratio
2026-04-02 12:29:28.605 INFO Calculating metric: range_constraint_violation_ratio
2026-04-02 12:29:28.607 INFO Calculating metric: range_constraint_violation_ratio_mandatory
2026-04-02 12:29:28.610 INFO Calculating metric: range_constraint_violation_ratio_regular
2026-04-02 12:29:28.612 INFO Calculating metric: range_constraint_violation_ratio_suggestion
2026-04-02 12:29:28.614 INFO Calculating metric: subject_constraint_completeness
2026-04-02 12:29:28.617 INFO Calculating metric: range_constraint_completeness
2026-04-02 12:29:28.619 INFO Calculating metric: range_constraint_completeness_mandatory
2026-04-02 12:29:28.621 INFO Calculating metric: range_constraint_completeness_regular
2026-04-02 12:29:28.624 INFO Calculating metric: range_constraint_completeness_suggestion
2026-04-02 12:29:28.627 INFO Memory usage (end of timestep): 19.06 GB
2026-04-02 12:29:28.627 INFO (Iteration 35) subject_constraint_violation_count: real 39.22s | cpu 40.16s
2026-04-02 12:29:28.627 INFO (Iteration 35) statement_count_property_subject: real 1.20s | cpu 1.96s
2026-04-02 12:29:28.627 INFO (Iteration 35) subject_constraint_violation_total: real 0.00s | cpu 0.00s
2026-04-02 12:29:28.627 INFO (Iteration 35) subject_constraint_violation_ratio: real 0.00s | cpu 0.00s
2026-04-02 12:29:28.627 INFO (Iteration 35) subject_constraint_completeness: real 0.00s | cpu 0.00s
2026-04-02 12:29:28.627 INFO (Iteration 35) range_constraint_violation_count: real 8.14s | cpu 8.49s
2026-04-02 12:29:28.627 INFO (Iteration 35) range_constraint_violation_count_mandatory: real 0.54s | cpu 0.72s
2026-04-02 12:29:28.627 INFO (Iteration 35) range_constraint_violation_count_regular: real 4.56s | cpu 4.87s
2026-04-02 12:29:28.627 INFO (Iteration 35) range_constraint_violation_count_suggestion: real 3.21s | cpu 3.38s
2026-04-02 12:29:28.627 INFO (Iteration 35) statement_count_property_range_all: real 0.04s | cpu 0.43s
2026-04-02 12:29:28.627 INFO (Iteration 35) statement_count_property_range_mandatory: real 0.03s | cpu 0.31s
2026-04-02 12:29:28.627 INFO (Iteration 35) statement_count_property_range_regular: real 0.04s | cpu 0.38s
2026-04-02 12:29:28.627 INFO (Iteration 35) statement_count_property_range_suggestion: real 0.02s | cpu 0.21s
2026-04-02 12:29:28.627 INFO (Iteration 35) range_constraint_violation_total_all: real 0.00s | cpu 0.00s
2026-04-02 12:29:28.627 INFO (Iteration 35) range_constraint_violation_ratio: real 0.00s | cpu 0.00s
2026-04-02 12:29:28.627 INFO (Iteration 35) range_constraint_completeness: real 0.00s | cpu 0.00s
2026-04-02 12:29:28.627 INFO (Iteration 35) range_constraint_violation_total_mandatory: real 0.00s | cpu 0.00s
2026-04-02 12:29:28.627 INFO (Iteration 35) range_constraint_violation_ratio_mandatory: real 0.00s | cpu 0.00s
2026-04-02 12:29:28.627 INFO (Iteration 35) range_constraint_completeness_mandatory: real 0.00s | cpu 0.00s
2026-04-02 12:29:28.627 INFO (Iteration 35) range_constraint_violation_total_regular: real 0.00s | cpu 0.00s
2026-04-02 12:29:28.627 INFO (Iteration 35) range_constraint_violation_ratio_regular: real 0.00s | cpu 0.00s
2026-04-02 12:29:28.627 INFO (Iteration 35) range_constraint_completeness_regular: real 0.00s | cpu 0.00s
2026-04-02 12:29:28.627 INFO (Iteration 35) range_constraint_violation_total_suggestion: real 0.00s | cpu 0.00s
2026-04-02 12:29:28.627 INFO (Iteration 35) range_constraint_violation_ratio_suggestion: real 0.00s | cpu 0.00s
2026-04-02 12:29:28.627 INFO (Iteration 35) range_constraint_completeness_suggestion: real 0.00s | cpu 0.00s
2026-04-02 12:29:28.627 INFO Iteration 35 finished in 127.34s (real) and 110.71s (process)
2026-04-02 12:29:28.628 INFO Start timestep 2015-10-14 00:00:00+00:00 -> 2015-11-13 00:00:00+00:00
2026-04-02 12:30:57.758 INFO Loading data (2015-10-14 00:00:00+00:00 -> 2015-11-13 00:00:00+00:00) done in 89.13s (real) and 54.34s (process)
2026-04-02 12:30:57.759 INFO Memory usage (start of timestep): 19.06 GB
2026-04-02 12:30:57.759 INFO Calculating metrics
2026-04-02 12:30:57.759 INFO Calculating metric: subject_constraint_violation_count
2026-04-02 12:31:10.650 INFO [subject_constraint_violation_count] processed rows=3371961, result_rows=568
2026-04-02 12:31:10.974 INFO Calculating metric: statement_count_property_subject
2026-04-02 12:31:13.334 INFO Calculating metric: range_constraint_violation_count
2026-04-02 12:31:31.374 INFO Calculating metric: range_constraint_violation_count_mandatory
2026-04-02 12:31:31.621 INFO Calculating metric: range_constraint_violation_count_regular
2026-04-02 12:31:43.783 INFO Calculating metric: range_constraint_violation_count_suggestion
2026-04-02 12:31:49.290 INFO Calculating metric: statement_count_property_range_all
2026-04-02 12:31:49.355 INFO Calculating metric: statement_count_property_range_mandatory
2026-04-02 12:31:49.384 INFO Calculating metric: statement_count_property_range_regular
2026-04-02 12:31:49.417 INFO Calculating metric: statement_count_property_range_suggestion
2026-04-02 12:31:49.443 INFO Calculating metric: subject_constraint_violation_total
2026-04-02 12:31:49.445 INFO Calculating metric: range_constraint_violation_total_all
2026-04-02 12:31:49.447 INFO Calculating metric: range_constraint_violation_total_mandatory
2026-04-02 12:31:49.449 INFO Calculating metric: range_constraint_violation_total_regular
2026-04-02 12:31:49.451 INFO Calculating metric: range_constraint_violation_total_suggestion
2026-04-02 12:31:49.453 INFO Calculating metric: subject_constraint_violation_ratio
2026-04-02 12:31:49.454 INFO Calculating metric: range_constraint_violation_ratio
2026-04-02 12:31:49.456 INFO Calculating metric: range_constraint_violation_ratio_mandatory
2026-04-02 12:31:49.457 INFO Calculating metric: range_constraint_violation_ratio_regular
2026-04-02 12:31:49.459 INFO Calculating metric: range_constraint_violation_ratio_suggestion
2026-04-02 12:31:49.461 INFO Calculating metric: subject_constraint_completeness
2026-04-02 12:31:49.462 INFO Calculating metric: range_constraint_completeness
2026-04-02 12:31:49.464 INFO Calculating metric: range_constraint_completeness_mandatory
2026-04-02 12:31:49.465 INFO Calculating metric: range_constraint_completeness_regular
2026-04-02 12:31:49.467 INFO Calculating metric: range_constraint_completeness_suggestion
2026-04-02 12:31:49.468 INFO Memory usage (end of timestep): 19.34 GB
2026-04-02 12:31:49.468 INFO (Iteration 36) subject_constraint_violation_count: real 13.22s | cpu 15.16s
2026-04-02 12:31:49.468 INFO (Iteration 36) statement_count_property_subject: real 2.36s | cpu 3.84s
2026-04-02 12:31:49.468 INFO (Iteration 36) subject_constraint_violation_total: real 0.00s | cpu 0.00s
2026-04-02 12:31:49.468 INFO (Iteration 36) subject_constraint_violation_ratio: real 0.00s | cpu 0.00s
2026-04-02 12:31:49.468 INFO (Iteration 36) subject_constraint_completeness: real 0.00s | cpu 0.00s
2026-04-02 12:31:49.468 INFO (Iteration 36) range_constraint_violation_count: real 18.04s | cpu 18.89s
2026-04-02 12:31:49.468 INFO (Iteration 36) range_constraint_violation_count_mandatory: real 0.25s | cpu 0.75s
2026-04-02 12:31:49.468 INFO (Iteration 36) range_constraint_violation_count_regular: real 12.16s | cpu 12.99s
2026-04-02 12:31:49.468 INFO (Iteration 36) range_constraint_violation_count_suggestion: real 5.51s | cpu 6.01s
2026-04-02 12:31:49.468 INFO (Iteration 36) statement_count_property_range_all: real 0.06s | cpu 0.83s
2026-04-02 12:31:49.469 INFO (Iteration 36) statement_count_property_range_mandatory: real 0.03s | cpu 0.35s
2026-04-02 12:31:49.469 INFO (Iteration 36) statement_count_property_range_regular: real 0.03s | cpu 0.39s
2026-04-02 12:31:49.469 INFO (Iteration 36) statement_count_property_range_suggestion: real 0.03s | cpu 0.30s
2026-04-02 12:31:49.469 INFO (Iteration 36) range_constraint_violation_total_all: real 0.00s | cpu 0.00s
2026-04-02 12:31:49.469 INFO (Iteration 36) range_constraint_violation_ratio: real 0.00s | cpu 0.00s
2026-04-02 12:31:49.469 INFO (Iteration 36) range_constraint_completeness: real 0.00s | cpu 0.00s
2026-04-02 12:31:49.469 INFO (Iteration 36) range_constraint_violation_total_mandatory: real 0.00s | cpu 0.00s
2026-04-02 12:31:49.469 INFO (Iteration 36) range_constraint_violation_ratio_mandatory: real 0.00s | cpu 0.00s
2026-04-02 12:31:49.469 INFO (Iteration 36) range_constraint_completeness_mandatory: real 0.00s | cpu 0.00s
2026-04-02 12:31:49.469 INFO (Iteration 36) range_constraint_violation_total_regular: real 0.00s | cpu 0.00s
2026-04-02 12:31:49.469 INFO (Iteration 36) range_constraint_violation_ratio_regular: real 0.00s | cpu 0.00s
2026-04-02 12:31:49.469 INFO (Iteration 36) range_constraint_completeness_regular: real 0.00s | cpu 0.00s
2026-04-02 12:31:49.469 INFO (Iteration 36) range_constraint_violation_total_suggestion: real 0.00s | cpu 0.00s
2026-04-02 12:31:49.469 INFO (Iteration 36) range_constraint_violation_ratio_suggestion: real 0.00s | cpu 0.00s
2026-04-02 12:31:49.469 INFO (Iteration 36) range_constraint_completeness_suggestion: real 0.00s | cpu 0.00s
2026-04-02 12:31:49.469 INFO Iteration 36 finished in 140.84s (real) and 113.86s (process)
2026-04-02 12:31:49.469 INFO Start timestep 2015-11-13 00:00:00+00:00 -> 2015-12-13 00:00:00+00:00
2026-04-02 12:33:00.672 INFO Loading data (2015-11-13 00:00:00+00:00 -> 2015-12-13 00:00:00+00:00) done in 71.20s (real) and 44.76s (process)
2026-04-02 12:33:00.682 INFO Memory usage (start of timestep): 19.34 GB
2026-04-02 12:33:00.682 INFO Calculating metrics
2026-04-02 12:33:00.682 INFO Calculating metric: subject_constraint_violation_count
2026-04-02 12:33:42.562 INFO [subject_constraint_violation_count] processed rows=2630613, result_rows=580
2026-04-02 12:33:42.868 INFO Calculating metric: statement_count_property_subject
2026-04-02 12:33:44.639 INFO Calculating metric: range_constraint_violation_count
2026-04-02 12:33:52.795 INFO Calculating metric: range_constraint_violation_count_mandatory
2026-04-02 12:33:53.008 INFO Calculating metric: range_constraint_violation_count_regular
2026-04-02 12:34:00.892 INFO Calculating metric: range_constraint_violation_count_suggestion
2026-04-02 12:34:00.993 INFO Calculating metric: statement_count_property_range_all
2026-04-02 12:34:01.044 INFO Calculating metric: statement_count_property_range_mandatory
2026-04-02 12:34:01.080 INFO Calculating metric: statement_count_property_range_regular
2026-04-02 12:34:01.108 INFO Calculating metric: statement_count_property_range_suggestion
2026-04-02 12:34:01.130 INFO Calculating metric: subject_constraint_violation_total
2026-04-02 12:34:01.133 INFO Calculating metric: range_constraint_violation_total_all
2026-04-02 12:34:01.135 INFO Calculating metric: range_constraint_violation_total_mandatory
2026-04-02 12:34:01.137 INFO Calculating metric: range_constraint_violation_total_regular
2026-04-02 12:34:01.140 INFO Calculating metric: range_constraint_violation_total_suggestion
2026-04-02 12:34:01.142 INFO Calculating metric: subject_constraint_violation_ratio
2026-04-02 12:34:01.144 INFO Calculating metric: range_constraint_violation_ratio
2026-04-02 12:34:01.146 INFO Calculating metric: range_constraint_violation_ratio_mandatory
2026-04-02 12:34:01.148 INFO Calculating metric: range_constraint_violation_ratio_regular
2026-04-02 12:34:01.150 INFO Calculating metric: range_constraint_violation_ratio_suggestion
2026-04-02 12:34:01.153 INFO Calculating metric: subject_constraint_completeness
2026-04-02 12:34:01.155 INFO Calculating metric: range_constraint_completeness
2026-04-02 12:34:01.158 INFO Calculating metric: range_constraint_completeness_mandatory
2026-04-02 12:34:01.160 INFO Calculating metric: range_constraint_completeness_regular
2026-04-02 12:34:01.163 INFO Calculating metric: range_constraint_completeness_suggestion
2026-04-02 12:34:01.165 INFO Memory usage (end of timestep): 20.01 GB
2026-04-02 12:34:01.165 INFO (Iteration 37) subject_constraint_violation_count: real 42.19s | cpu 43.76s
2026-04-02 12:34:01.165 INFO (Iteration 37) statement_count_property_subject: real 1.77s | cpu 3.09s
2026-04-02 12:34:01.165 INFO (Iteration 37) subject_constraint_violation_total: real 0.00s | cpu 0.00s
2026-04-02 12:34:01.165 INFO (Iteration 37) subject_constraint_violation_ratio: real 0.00s | cpu 0.00s
2026-04-02 12:34:01.165 INFO (Iteration 37) subject_constraint_completeness: real 0.00s | cpu 0.00s
2026-04-02 12:34:01.165 INFO (Iteration 37) range_constraint_violation_count: real 8.16s | cpu 8.63s
2026-04-02 12:34:01.165 INFO (Iteration 37) range_constraint_violation_count_mandatory: real 0.21s | cpu 0.58s
2026-04-02 12:34:01.165 INFO (Iteration 37) range_constraint_violation_count_regular: real 7.88s | cpu 8.38s
2026-04-02 12:34:01.165 INFO (Iteration 37) range_constraint_violation_count_suggestion: real 0.10s | cpu 0.40s
2026-04-02 12:34:01.165 INFO (Iteration 37) statement_count_property_range_all: real 0.05s | cpu 0.63s
2026-04-02 12:34:01.165 INFO (Iteration 37) statement_count_property_range_mandatory: real 0.04s | cpu 0.44s
2026-04-02 12:34:01.165 INFO (Iteration 37) statement_count_property_range_regular: real 0.03s | cpu 0.30s
2026-04-02 12:34:01.165 INFO (Iteration 37) statement_count_property_range_suggestion: real 0.02s | cpu 0.23s
2026-04-02 12:34:01.165 INFO (Iteration 37) range_constraint_violation_total_all: real 0.00s | cpu 0.00s
2026-04-02 12:34:01.165 INFO (Iteration 37) range_constraint_violation_ratio: real 0.00s | cpu 0.00s
2026-04-02 12:34:01.165 INFO (Iteration 37) range_constraint_completeness: real 0.00s | cpu 0.00s
2026-04-02 12:34:01.165 INFO (Iteration 37) range_constraint_violation_total_mandatory: real 0.00s | cpu 0.00s
2026-04-02 12:34:01.165 INFO (Iteration 37) range_constraint_violation_ratio_mandatory: real 0.00s | cpu 0.00s
2026-04-02 12:34:01.165 INFO (Iteration 37) range_constraint_completeness_mandatory: real 0.00s | cpu 0.00s
2026-04-02 12:34:01.165 INFO (Iteration 37) range_constraint_violation_total_regular: real 0.00s | cpu 0.00s
2026-04-02 12:34:01.166 INFO (Iteration 37) range_constraint_violation_ratio_regular: real 0.00s | cpu 0.00s
2026-04-02 12:34:01.166 INFO (Iteration 37) range_constraint_completeness_regular: real 0.00s | cpu 0.00s
2026-04-02 12:34:01.166 INFO (Iteration 37) range_constraint_violation_total_suggestion: real 0.00s | cpu 0.00s
2026-04-02 12:34:01.166 INFO (Iteration 37) range_constraint_violation_ratio_suggestion: real 0.00s | cpu 0.00s
2026-04-02 12:34:01.166 INFO (Iteration 37) range_constraint_completeness_suggestion: real 0.00s | cpu 0.00s
2026-04-02 12:34:01.166 INFO Iteration 37 finished in 131.70s (real) and 111.21s (process)
2026-04-02 12:34:01.166 INFO Start timestep 2015-12-13 00:00:00+00:00 -> 2016-01-12 00:00:00+00:00
2026-04-02 12:35:41.303 INFO Loading data (2015-12-13 00:00:00+00:00 -> 2016-01-12 00:00:00+00:00) done in 100.14s (real) and 61.93s (process)
2026-04-02 12:35:41.304 INFO Memory usage (start of timestep): 20.01 GB
2026-04-02 12:35:41.304 INFO Calculating metrics
2026-04-02 12:35:41.304 INFO Calculating metric: subject_constraint_violation_count
2026-04-02 12:36:09.141 INFO [subject_constraint_violation_count] processed rows=2013980, result_rows=567
2026-04-02 12:36:09.446 INFO Calculating metric: statement_count_property_subject
2026-04-02 12:36:10.796 INFO Calculating metric: range_constraint_violation_count
2026-04-02 12:36:17.419 INFO Calculating metric: range_constraint_violation_count_mandatory
2026-04-02 12:36:17.546 INFO Calculating metric: range_constraint_violation_count_regular
2026-04-02 12:36:23.720 INFO Calculating metric: range_constraint_violation_count_suggestion
2026-04-02 12:36:23.841 INFO Calculating metric: statement_count_property_range_all
2026-04-02 12:36:23.881 INFO Calculating metric: statement_count_property_range_mandatory
2026-04-02 12:36:23.912 INFO Calculating metric: statement_count_property_range_regular
2026-04-02 12:36:23.947 INFO Calculating metric: statement_count_property_range_suggestion
2026-04-02 12:36:23.965 INFO Calculating metric: subject_constraint_violation_total
2026-04-02 12:36:23.968 INFO Calculating metric: range_constraint_violation_total_all
2026-04-02 12:36:23.970 INFO Calculating metric: range_constraint_violation_total_mandatory
2026-04-02 12:36:23.973 INFO Calculating metric: range_constraint_violation_total_regular
2026-04-02 12:36:23.975 INFO Calculating metric: range_constraint_violation_total_suggestion
2026-04-02 12:36:23.977 INFO Calculating metric: subject_constraint_violation_ratio
2026-04-02 12:36:23.978 INFO Calculating metric: range_constraint_violation_ratio
2026-04-02 12:36:23.980 INFO Calculating metric: range_constraint_violation_ratio_mandatory
2026-04-02 12:36:23.981 INFO Calculating metric: range_constraint_violation_ratio_regular
2026-04-02 12:36:23.983 INFO Calculating metric: range_constraint_violation_ratio_suggestion
2026-04-02 12:36:23.985 INFO Calculating metric: subject_constraint_completeness
2026-04-02 12:36:23.987 INFO Calculating metric: range_constraint_completeness
2026-04-02 12:36:23.988 INFO Calculating metric: range_constraint_completeness_mandatory
2026-04-02 12:36:23.989 INFO Calculating metric: range_constraint_completeness_regular
2026-04-02 12:36:23.991 INFO Calculating metric: range_constraint_completeness_suggestion
2026-04-02 12:36:23.992 INFO Memory usage (end of timestep): 23.78 GB
2026-04-02 12:36:23.992 INFO (Iteration 38) subject_constraint_violation_count: real 28.14s | cpu 29.10s
2026-04-02 12:36:23.992 INFO (Iteration 38) statement_count_property_subject: real 1.35s | cpu 2.13s
2026-04-02 12:36:23.992 INFO (Iteration 38) subject_constraint_violation_total: real 0.00s | cpu 0.00s
2026-04-02 12:36:23.992 INFO (Iteration 38) subject_constraint_violation_ratio: real 0.00s | cpu 0.00s
2026-04-02 12:36:23.992 INFO (Iteration 38) subject_constraint_completeness: real 0.00s | cpu 0.00s
2026-04-02 12:36:23.993 INFO (Iteration 38) range_constraint_violation_count: real 6.62s | cpu 6.93s
2026-04-02 12:36:23.993 INFO (Iteration 38) range_constraint_violation_count_mandatory: real 0.13s | cpu 0.34s
2026-04-02 12:36:23.993 INFO (Iteration 38) range_constraint_violation_count_regular: real 6.17s | cpu 6.44s
2026-04-02 12:36:23.993 INFO (Iteration 38) range_constraint_violation_count_suggestion: real 0.12s | cpu 0.32s
2026-04-02 12:36:23.993 INFO (Iteration 38) statement_count_property_range_all: real 0.04s | cpu 0.41s
2026-04-02 12:36:23.993 INFO (Iteration 38) statement_count_property_range_mandatory: real 0.03s | cpu 0.32s
2026-04-02 12:36:23.993 INFO (Iteration 38) statement_count_property_range_regular: real 0.04s | cpu 0.38s
2026-04-02 12:36:23.993 INFO (Iteration 38) statement_count_property_range_suggestion: real 0.02s | cpu 0.18s
2026-04-02 12:36:23.993 INFO (Iteration 38) range_constraint_violation_total_all: real 0.00s | cpu 0.00s
2026-04-02 12:36:23.993 INFO (Iteration 38) range_constraint_violation_ratio: real 0.00s | cpu 0.00s
2026-04-02 12:36:23.993 INFO (Iteration 38) range_constraint_completeness: real 0.00s | cpu 0.00s
2026-04-02 12:36:23.993 INFO (Iteration 38) range_constraint_violation_total_mandatory: real 0.00s | cpu 0.00s
2026-04-02 12:36:23.993 INFO (Iteration 38) range_constraint_violation_ratio_mandatory: real 0.00s | cpu 0.00s
2026-04-02 12:36:23.993 INFO (Iteration 38) range_constraint_completeness_mandatory: real 0.00s | cpu 0.00s
2026-04-02 12:36:23.993 INFO (Iteration 38) range_constraint_violation_total_regular: real 0.00s | cpu 0.00s
2026-04-02 12:36:23.993 INFO (Iteration 38) range_constraint_violation_ratio_regular: real 0.00s | cpu 0.00s
2026-04-02 12:36:23.993 INFO (Iteration 38) range_constraint_completeness_regular: real 0.00s | cpu 0.00s
2026-04-02 12:36:23.993 INFO (Iteration 38) range_constraint_violation_total_suggestion: real 0.00s | cpu 0.00s
2026-04-02 12:36:23.993 INFO (Iteration 38) range_constraint_violation_ratio_suggestion: real 0.00s | cpu 0.00s
2026-04-02 12:36:23.993 INFO (Iteration 38) range_constraint_completeness_suggestion: real 0.00s | cpu 0.00s
2026-04-02 12:36:23.993 INFO Iteration 38 finished in 142.83s (real) and 108.49s (process)
2026-04-02 12:36:23.993 INFO Start timestep 2016-01-12 00:00:00+00:00 -> 2016-02-11 00:00:00+00:00
2026-04-02 12:37:25.805 INFO Loading data (2016-01-12 00:00:00+00:00 -> 2016-02-11 00:00:00+00:00) done in 61.81s (real) and 38.36s (process)
2026-04-02 12:37:25.805 INFO Memory usage (start of timestep): 23.78 GB
2026-04-02 12:37:25.805 INFO Calculating metrics
2026-04-02 12:37:25.806 INFO Calculating metric: subject_constraint_violation_count
2026-04-02 12:37:47.494 INFO [subject_constraint_violation_count] processed rows=2500232, result_rows=605
2026-04-02 12:37:47.809 INFO Calculating metric: statement_count_property_subject
2026-04-02 12:37:49.526 INFO Calculating metric: range_constraint_violation_count
2026-04-02 12:37:57.535 INFO Calculating metric: range_constraint_violation_count_mandatory
2026-04-02 12:37:57.702 INFO Calculating metric: range_constraint_violation_count_regular
2026-04-02 12:38:05.024 INFO Calculating metric: range_constraint_violation_count_suggestion
2026-04-02 12:38:05.452 INFO Calculating metric: statement_count_property_range_all
2026-04-02 12:38:05.495 INFO Calculating metric: statement_count_property_range_mandatory
2026-04-02 12:38:05.530 INFO Calculating metric: statement_count_property_range_regular
2026-04-02 12:38:05.562 INFO Calculating metric: statement_count_property_range_suggestion
2026-04-02 12:38:05.582 INFO Calculating metric: subject_constraint_violation_total
2026-04-02 12:38:05.585 INFO Calculating metric: range_constraint_violation_total_all
2026-04-02 12:38:05.587 INFO Calculating metric: range_constraint_violation_total_mandatory
2026-04-02 12:38:05.589 INFO Calculating metric: range_constraint_violation_total_regular
2026-04-02 12:38:05.592 INFO Calculating metric: range_constraint_violation_total_suggestion
2026-04-02 12:38:05.594 INFO Calculating metric: subject_constraint_violation_ratio
2026-04-02 12:38:05.596 INFO Calculating metric: range_constraint_violation_ratio
2026-04-02 12:38:05.598 INFO Calculating metric: range_constraint_violation_ratio_mandatory
2026-04-02 12:38:05.600 INFO Calculating metric: range_constraint_violation_ratio_regular
2026-04-02 12:38:05.603 INFO Calculating metric: range_constraint_violation_ratio_suggestion
2026-04-02 12:38:05.605 INFO Calculating metric: subject_constraint_completeness
2026-04-02 12:38:05.607 INFO Calculating metric: range_constraint_completeness
2026-04-02 12:38:05.609 INFO Calculating metric: range_constraint_completeness_mandatory
2026-04-02 12:38:05.611 INFO Calculating metric: range_constraint_completeness_regular
2026-04-02 12:38:05.613 INFO Calculating metric: range_constraint_completeness_suggestion
2026-04-02 12:38:05.615 INFO Memory usage (end of timestep): 23.78 GB
2026-04-02 12:38:05.615 INFO (Iteration 39) subject_constraint_violation_count: real 22.00s | cpu 23.25s
2026-04-02 12:38:05.615 INFO (Iteration 39) statement_count_property_subject: real 1.72s | cpu 2.81s
2026-04-02 12:38:05.615 INFO (Iteration 39) subject_constraint_violation_total: real 0.00s | cpu 0.00s
2026-04-02 12:38:05.615 INFO (Iteration 39) subject_constraint_violation_ratio: real 0.00s | cpu 0.00s
2026-04-02 12:38:05.616 INFO (Iteration 39) subject_constraint_completeness: real 0.00s | cpu 0.00s
2026-04-02 12:38:05.616 INFO (Iteration 39) range_constraint_violation_count: real 8.01s | cpu 8.46s
2026-04-02 12:38:05.616 INFO (Iteration 39) range_constraint_violation_count_mandatory: real 0.17s | cpu 0.43s
2026-04-02 12:38:05.616 INFO (Iteration 39) range_constraint_violation_count_regular: real 7.32s | cpu 7.77s
2026-04-02 12:38:05.616 INFO (Iteration 39) range_constraint_violation_count_suggestion: real 0.43s | cpu 0.69s
2026-04-02 12:38:05.616 INFO (Iteration 39) statement_count_property_range_all: real 0.04s | cpu 0.50s
2026-04-02 12:38:05.616 INFO (Iteration 39) statement_count_property_range_mandatory: real 0.03s | cpu 0.41s
2026-04-02 12:38:05.616 INFO (Iteration 39) statement_count_property_range_regular: real 0.03s | cpu 0.38s
2026-04-02 12:38:05.616 INFO (Iteration 39) statement_count_property_range_suggestion: real 0.02s | cpu 0.19s
2026-04-02 12:38:05.616 INFO (Iteration 39) range_constraint_violation_total_all: real 0.00s | cpu 0.00s
2026-04-02 12:38:05.616 INFO (Iteration 39) range_constraint_violation_ratio: real 0.00s | cpu 0.00s
2026-04-02 12:38:05.616 INFO (Iteration 39) range_constraint_completeness: real 0.00s | cpu 0.00s
2026-04-02 12:38:05.616 INFO (Iteration 39) range_constraint_violation_total_mandatory: real 0.00s | cpu 0.00s
2026-04-02 12:38:05.616 INFO (Iteration 39) range_constraint_violation_ratio_mandatory: real 0.00s | cpu 0.00s
2026-04-02 12:38:05.616 INFO (Iteration 39) range_constraint_completeness_mandatory: real 0.00s | cpu 0.00s
2026-04-02 12:38:05.616 INFO (Iteration 39) range_constraint_violation_total_regular: real 0.00s | cpu 0.00s
2026-04-02 12:38:05.616 INFO (Iteration 39) range_constraint_violation_ratio_regular: real 0.00s | cpu 0.00s
2026-04-02 12:38:05.616 INFO (Iteration 39) range_constraint_completeness_regular: real 0.00s | cpu 0.00s
2026-04-02 12:38:05.616 INFO (Iteration 39) range_constraint_violation_total_suggestion: real 0.00s | cpu 0.00s
2026-04-02 12:38:05.616 INFO (Iteration 39) range_constraint_violation_ratio_suggestion: real 0.00s | cpu 0.00s
2026-04-02 12:38:05.616 INFO (Iteration 39) range_constraint_completeness_suggestion: real 0.00s | cpu 0.00s
2026-04-02 12:38:05.616 INFO Iteration 39 finished in 101.62s (real) and 83.25s (process)
2026-04-02 12:38:05.616 INFO Start timestep 2016-02-11 00:00:00+00:00 -> 2016-03-12 00:00:00+00:00
2026-04-02 12:39:28.520 INFO Loading data (2016-02-11 00:00:00+00:00 -> 2016-03-12 00:00:00+00:00) done in 82.90s (real) and 114.13s (process)
2026-04-02 12:39:28.522 INFO Memory usage (start of timestep): 23.78 GB
2026-04-02 12:39:28.522 INFO Calculating metrics
2026-04-02 12:39:28.523 INFO Calculating metric: subject_constraint_violation_count
2026-04-02 12:40:00.575 INFO [subject_constraint_violation_count] processed rows=2295812, result_rows=638
2026-04-02 12:40:00.955 INFO Calculating metric: statement_count_property_subject
2026-04-02 12:40:02.139 INFO Calculating metric: range_constraint_violation_count
2026-04-02 12:40:07.403 INFO Calculating metric: range_constraint_violation_count_mandatory
2026-04-02 12:40:07.652 INFO Calculating metric: range_constraint_violation_count_regular
2026-04-02 12:40:12.565 INFO Calculating metric: range_constraint_violation_count_suggestion
2026-04-02 12:40:12.650 INFO Calculating metric: statement_count_property_range_all
2026-04-02 12:40:12.697 INFO Calculating metric: statement_count_property_range_mandatory
2026-04-02 12:40:12.730 INFO Calculating metric: statement_count_property_range_regular
2026-04-02 12:40:12.757 INFO Calculating metric: statement_count_property_range_suggestion
2026-04-02 12:40:12.777 INFO Calculating metric: subject_constraint_violation_total
2026-04-02 12:40:12.780 INFO Calculating metric: range_constraint_violation_total_all
2026-04-02 12:40:12.782 INFO Calculating metric: range_constraint_violation_total_mandatory
2026-04-02 12:40:12.784 INFO Calculating metric: range_constraint_violation_total_regular
2026-04-02 12:40:12.787 INFO Calculating metric: range_constraint_violation_total_suggestion
2026-04-02 12:40:12.789 INFO Calculating metric: subject_constraint_violation_ratio
2026-04-02 12:40:12.791 INFO Calculating metric: range_constraint_violation_ratio
2026-04-02 12:40:12.793 INFO Calculating metric: range_constraint_violation_ratio_mandatory
2026-04-02 12:40:12.795 INFO Calculating metric: range_constraint_violation_ratio_regular
2026-04-02 12:40:12.797 INFO Calculating metric: range_constraint_violation_ratio_suggestion
2026-04-02 12:40:12.799 INFO Calculating metric: subject_constraint_completeness
2026-04-02 12:40:12.801 INFO Calculating metric: range_constraint_completeness
2026-04-02 12:40:12.803 INFO Calculating metric: range_constraint_completeness_mandatory
2026-04-02 12:40:12.805 INFO Calculating metric: range_constraint_completeness_regular
2026-04-02 12:40:12.807 INFO Calculating metric: range_constraint_completeness_suggestion
2026-04-02 12:40:12.809 INFO Memory usage (end of timestep): 23.78 GB
2026-04-02 12:40:12.809 INFO (Iteration 40) subject_constraint_violation_count: real 32.43s | cpu 33.67s
2026-04-02 12:40:12.809 INFO (Iteration 40) statement_count_property_subject: real 1.18s | cpu 2.21s
2026-04-02 12:40:12.809 INFO (Iteration 40) subject_constraint_violation_total: real 0.00s | cpu 0.00s
2026-04-02 12:40:12.809 INFO (Iteration 40) subject_constraint_violation_ratio: real 0.00s | cpu 0.00s
2026-04-02 12:40:12.809 INFO (Iteration 40) subject_constraint_completeness: real 0.00s | cpu 0.00s
2026-04-02 12:40:12.809 INFO (Iteration 40) range_constraint_violation_count: real 5.26s | cpu 5.60s
2026-04-02 12:40:12.809 INFO (Iteration 40) range_constraint_violation_count_mandatory: real 0.25s | cpu 0.54s
2026-04-02 12:40:12.809 INFO (Iteration 40) range_constraint_violation_count_regular: real 4.91s | cpu 5.27s
2026-04-02 12:40:12.809 INFO (Iteration 40) range_constraint_violation_count_suggestion: real 0.08s | cpu 0.34s
2026-04-02 12:40:12.809 INFO (Iteration 40) statement_count_property_range_all: real 0.05s | cpu 0.51s
2026-04-02 12:40:12.809 INFO (Iteration 40) statement_count_property_range_mandatory: real 0.03s | cpu 0.40s
2026-04-02 12:40:12.809 INFO (Iteration 40) statement_count_property_range_regular: real 0.03s | cpu 0.31s
2026-04-02 12:40:12.809 INFO (Iteration 40) statement_count_property_range_suggestion: real 0.02s | cpu 0.20s
2026-04-02 12:40:12.809 INFO (Iteration 40) range_constraint_violation_total_all: real 0.00s | cpu 0.00s
2026-04-02 12:40:12.809 INFO (Iteration 40) range_constraint_violation_ratio: real 0.00s | cpu 0.00s
2026-04-02 12:40:12.809 INFO (Iteration 40) range_constraint_completeness: real 0.00s | cpu 0.00s
2026-04-02 12:40:12.809 INFO (Iteration 40) range_constraint_violation_total_mandatory: real 0.00s | cpu 0.00s
2026-04-02 12:40:12.809 INFO (Iteration 40) range_constraint_violation_ratio_mandatory: real 0.00s | cpu 0.00s
2026-04-02 12:40:12.809 INFO (Iteration 40) range_constraint_completeness_mandatory: real 0.00s | cpu 0.00s
2026-04-02 12:40:12.809 INFO (Iteration 40) range_constraint_violation_total_regular: real 0.00s | cpu 0.00s
2026-04-02 12:40:12.809 INFO (Iteration 40) range_constraint_violation_ratio_regular: real 0.00s | cpu 0.00s
2026-04-02 12:40:12.809 INFO (Iteration 40) range_constraint_completeness_regular: real 0.00s | cpu 0.00s
2026-04-02 12:40:12.809 INFO (Iteration 40) range_constraint_violation_total_suggestion: real 0.00s | cpu 0.00s
2026-04-02 12:40:12.809 INFO (Iteration 40) range_constraint_violation_ratio_suggestion: real 0.00s | cpu 0.00s
2026-04-02 12:40:12.809 INFO (Iteration 40) range_constraint_completeness_suggestion: real 0.00s | cpu 0.00s
2026-04-02 12:40:12.809 INFO Iteration 40 finished in 127.19s (real) and 163.20s (process)
2026-04-02 12:40:12.809 INFO Start timestep 2016-03-12 00:00:00+00:00 -> 2016-04-11 00:00:00+00:00
2026-04-02 12:42:01.838 INFO Loading data (2016-03-12 00:00:00+00:00 -> 2016-04-11 00:00:00+00:00) done in 109.03s (real) and 65.85s (process)
2026-04-02 12:42:01.847 INFO Memory usage (start of timestep): 23.78 GB
2026-04-02 12:42:01.848 INFO Calculating metrics
2026-04-02 12:42:01.848 INFO Calculating metric: subject_constraint_violation_count
2026-04-02 12:42:46.245 INFO [subject_constraint_violation_count] processed rows=5159079, result_rows=607
2026-04-02 12:42:46.912 INFO Calculating metric: statement_count_property_subject
2026-04-02 12:42:50.485 INFO Calculating metric: range_constraint_violation_count
2026-04-02 12:42:56.426 INFO Calculating metric: range_constraint_violation_count_mandatory
2026-04-02 12:42:56.646 INFO Calculating metric: range_constraint_violation_count_regular
2026-04-02 12:43:02.357 INFO Calculating metric: range_constraint_violation_count_suggestion
2026-04-02 12:43:02.474 INFO Calculating metric: statement_count_property_range_all
2026-04-02 12:43:02.538 INFO Calculating metric: statement_count_property_range_mandatory
2026-04-02 12:43:02.565 INFO Calculating metric: statement_count_property_range_regular
2026-04-02 12:43:02.602 INFO Calculating metric: statement_count_property_range_suggestion
2026-04-02 12:43:02.628 INFO Calculating metric: subject_constraint_violation_total
2026-04-02 12:43:02.630 INFO Calculating metric: range_constraint_violation_total_all
2026-04-02 12:43:02.633 INFO Calculating metric: range_constraint_violation_total_mandatory
2026-04-02 12:43:02.636 INFO Calculating metric: range_constraint_violation_total_regular
2026-04-02 12:43:02.638 INFO Calculating metric: range_constraint_violation_total_suggestion
2026-04-02 12:43:02.640 INFO Calculating metric: subject_constraint_violation_ratio
2026-04-02 12:43:02.642 INFO Calculating metric: range_constraint_violation_ratio
2026-04-02 12:43:02.645 INFO Calculating metric: range_constraint_violation_ratio_mandatory
2026-04-02 12:43:02.647 INFO Calculating metric: range_constraint_violation_ratio_regular
2026-04-02 12:43:02.650 INFO Calculating metric: range_constraint_violation_ratio_suggestion
2026-04-02 12:43:02.652 INFO Calculating metric: subject_constraint_completeness
2026-04-02 12:43:02.654 INFO Calculating metric: range_constraint_completeness
2026-04-02 12:43:02.656 INFO Calculating metric: range_constraint_completeness_mandatory
2026-04-02 12:43:02.658 INFO Calculating metric: range_constraint_completeness_regular
2026-04-02 12:43:02.661 INFO Calculating metric: range_constraint_completeness_suggestion
2026-04-02 12:43:02.664 INFO Memory usage (end of timestep): 29.13 GB
2026-04-02 12:43:02.664 INFO (Iteration 41) subject_constraint_violation_count: real 45.06s | cpu 47.65s
2026-04-02 12:43:02.664 INFO (Iteration 41) statement_count_property_subject: real 3.57s | cpu 5.57s
2026-04-02 12:43:02.664 INFO (Iteration 41) subject_constraint_violation_total: real 0.00s | cpu 0.00s
2026-04-02 12:43:02.664 INFO (Iteration 41) subject_constraint_violation_ratio: real 0.00s | cpu 0.00s
2026-04-02 12:43:02.664 INFO (Iteration 41) subject_constraint_completeness: real 0.00s | cpu 0.00s
2026-04-02 12:43:02.664 INFO (Iteration 41) range_constraint_violation_count: real 5.94s | cpu 6.71s
2026-04-02 12:43:02.664 INFO (Iteration 41) range_constraint_violation_count_mandatory: real 0.22s | cpu 0.71s
2026-04-02 12:43:02.664 INFO (Iteration 41) range_constraint_violation_count_regular: real 5.71s | cpu 6.42s
2026-04-02 12:43:02.664 INFO (Iteration 41) range_constraint_violation_count_suggestion: real 0.12s | cpu 0.60s
2026-04-02 12:43:02.664 INFO (Iteration 41) statement_count_property_range_all: real 0.06s | cpu 0.87s
2026-04-02 12:43:02.664 INFO (Iteration 41) statement_count_property_range_mandatory: real 0.03s | cpu 0.32s
2026-04-02 12:43:02.664 INFO (Iteration 41) statement_count_property_range_regular: real 0.04s | cpu 0.45s
2026-04-02 12:43:02.664 INFO (Iteration 41) statement_count_property_range_suggestion: real 0.03s | cpu 0.31s
2026-04-02 12:43:02.664 INFO (Iteration 41) range_constraint_violation_total_all: real 0.00s | cpu 0.00s
2026-04-02 12:43:02.664 INFO (Iteration 41) range_constraint_violation_ratio: real 0.00s | cpu 0.00s
2026-04-02 12:43:02.664 INFO (Iteration 41) range_constraint_completeness: real 0.00s | cpu 0.00s
2026-04-02 12:43:02.664 INFO (Iteration 41) range_constraint_violation_total_mandatory: real 0.00s | cpu 0.00s
2026-04-02 12:43:02.664 INFO (Iteration 41) range_constraint_violation_ratio_mandatory: real 0.00s | cpu 0.00s
2026-04-02 12:43:02.664 INFO (Iteration 41) range_constraint_completeness_mandatory: real 0.00s | cpu 0.00s
2026-04-02 12:43:02.664 INFO (Iteration 41) range_constraint_violation_total_regular: real 0.00s | cpu 0.00s
2026-04-02 12:43:02.664 INFO (Iteration 41) range_constraint_violation_ratio_regular: real 0.00s | cpu 0.00s
2026-04-02 12:43:02.664 INFO (Iteration 41) range_constraint_completeness_regular: real 0.00s | cpu 0.00s
2026-04-02 12:43:02.664 INFO (Iteration 41) range_constraint_violation_total_suggestion: real 0.00s | cpu 0.00s
2026-04-02 12:43:02.664 INFO (Iteration 41) range_constraint_violation_ratio_suggestion: real 0.00s | cpu 0.00s
2026-04-02 12:43:02.664 INFO (Iteration 41) range_constraint_completeness_suggestion: real 0.00s | cpu 0.00s
2026-04-02 12:43:02.664 INFO Iteration 41 finished in 169.85s (real) and 135.47s (process)
2026-04-02 12:43:02.664 INFO Start timestep 2016-04-11 00:00:00+00:00 -> 2016-05-11 00:00:00+00:00
2026-04-02 12:43:55.038 INFO Loading data (2016-04-11 00:00:00+00:00 -> 2016-05-11 00:00:00+00:00) done in 52.37s (real) and 32.33s (process)
2026-04-02 12:43:55.039 INFO Memory usage (start of timestep): 29.13 GB
2026-04-02 12:43:55.039 INFO Calculating metrics
2026-04-02 12:43:55.039 INFO Calculating metric: subject_constraint_violation_count
2026-04-02 12:44:30.464 INFO [subject_constraint_violation_count] processed rows=2339499, result_rows=611
2026-04-02 12:44:30.797 INFO Calculating metric: statement_count_property_subject
2026-04-02 12:44:32.434 INFO Calculating metric: range_constraint_violation_count
2026-04-02 12:44:47.508 INFO Calculating metric: range_constraint_violation_count_mandatory
2026-04-02 12:44:51.022 INFO Calculating metric: range_constraint_violation_count_regular
2026-04-02 12:44:58.641 INFO Calculating metric: range_constraint_violation_count_suggestion
2026-04-02 12:45:02.314 INFO Calculating metric: statement_count_property_range_all
2026-04-02 12:45:02.353 INFO Calculating metric: statement_count_property_range_mandatory
2026-04-02 12:45:02.385 INFO Calculating metric: statement_count_property_range_regular
2026-04-02 12:45:02.421 INFO Calculating metric: statement_count_property_range_suggestion
2026-04-02 12:45:02.438 INFO Calculating metric: subject_constraint_violation_total
2026-04-02 12:45:02.441 INFO Calculating metric: range_constraint_violation_total_all
2026-04-02 12:45:02.444 INFO Calculating metric: range_constraint_violation_total_mandatory
2026-04-02 12:45:02.446 INFO Calculating metric: range_constraint_violation_total_regular
2026-04-02 12:45:02.449 INFO Calculating metric: range_constraint_violation_total_suggestion
2026-04-02 12:45:02.451 INFO Calculating metric: subject_constraint_violation_ratio
2026-04-02 12:45:02.453 INFO Calculating metric: range_constraint_violation_ratio
2026-04-02 12:45:02.456 INFO Calculating metric: range_constraint_violation_ratio_mandatory
2026-04-02 12:45:02.458 INFO Calculating metric: range_constraint_violation_ratio_regular
2026-04-02 12:45:02.461 INFO Calculating metric: range_constraint_violation_ratio_suggestion
2026-04-02 12:45:02.463 INFO Calculating metric: subject_constraint_completeness
2026-04-02 12:45:02.465 INFO Calculating metric: range_constraint_completeness
2026-04-02 12:45:02.467 INFO Calculating metric: range_constraint_completeness_mandatory
2026-04-02 12:45:02.469 INFO Calculating metric: range_constraint_completeness_regular
2026-04-02 12:45:02.472 INFO Calculating metric: range_constraint_completeness_suggestion
2026-04-02 12:45:02.474 INFO Memory usage (end of timestep): 29.13 GB
2026-04-02 12:45:02.474 INFO (Iteration 42) subject_constraint_violation_count: real 35.76s | cpu 36.97s
2026-04-02 12:45:02.474 INFO (Iteration 42) statement_count_property_subject: real 1.64s | cpu 2.68s
2026-04-02 12:45:02.474 INFO (Iteration 42) subject_constraint_violation_total: real 0.00s | cpu 0.00s
2026-04-02 12:45:02.474 INFO (Iteration 42) subject_constraint_violation_ratio: real 0.00s | cpu 0.00s
2026-04-02 12:45:02.474 INFO (Iteration 42) subject_constraint_completeness: real 0.00s | cpu 0.00s
2026-04-02 12:45:02.474 INFO (Iteration 42) range_constraint_violation_count: real 15.07s | cpu 15.49s
2026-04-02 12:45:02.474 INFO (Iteration 42) range_constraint_violation_count_mandatory: real 3.51s | cpu 3.77s
2026-04-02 12:45:02.474 INFO (Iteration 42) range_constraint_violation_count_regular: real 7.62s | cpu 8.04s
2026-04-02 12:45:02.474 INFO (Iteration 42) range_constraint_violation_count_suggestion: real 3.67s | cpu 3.92s
2026-04-02 12:45:02.474 INFO (Iteration 42) statement_count_property_range_all: real 0.04s | cpu 0.43s
2026-04-02 12:45:02.474 INFO (Iteration 42) statement_count_property_range_mandatory: real 0.03s | cpu 0.37s
2026-04-02 12:45:02.474 INFO (Iteration 42) statement_count_property_range_regular: real 0.04s | cpu 0.37s
2026-04-02 12:45:02.474 INFO (Iteration 42) statement_count_property_range_suggestion: real 0.02s | cpu 0.17s
2026-04-02 12:45:02.474 INFO (Iteration 42) range_constraint_violation_total_all: real 0.00s | cpu 0.00s
2026-04-02 12:45:02.474 INFO (Iteration 42) range_constraint_violation_ratio: real 0.00s | cpu 0.00s
2026-04-02 12:45:02.474 INFO (Iteration 42) range_constraint_completeness: real 0.00s | cpu 0.00s
2026-04-02 12:45:02.474 INFO (Iteration 42) range_constraint_violation_total_mandatory: real 0.00s | cpu 0.00s
2026-04-02 12:45:02.474 INFO (Iteration 42) range_constraint_violation_ratio_mandatory: real 0.00s | cpu 0.00s
2026-04-02 12:45:02.474 INFO (Iteration 42) range_constraint_completeness_mandatory: real 0.00s | cpu 0.00s
2026-04-02 12:45:02.474 INFO (Iteration 42) range_constraint_violation_total_regular: real 0.00s | cpu 0.00s
2026-04-02 12:45:02.474 INFO (Iteration 42) range_constraint_violation_ratio_regular: real 0.00s | cpu 0.00s
2026-04-02 12:45:02.474 INFO (Iteration 42) range_constraint_completeness_regular: real 0.00s | cpu 0.00s
2026-04-02 12:45:02.474 INFO (Iteration 42) range_constraint_violation_total_suggestion: real 0.00s | cpu 0.00s
2026-04-02 12:45:02.474 INFO (Iteration 42) range_constraint_violation_ratio_suggestion: real 0.00s | cpu 0.00s
2026-04-02 12:45:02.474 INFO (Iteration 42) range_constraint_completeness_suggestion: real 0.00s | cpu 0.00s
2026-04-02 12:45:02.474 INFO Iteration 42 finished in 119.81s (real) and 104.55s (process)
2026-04-02 12:45:02.474 INFO Start timestep 2016-05-11 00:00:00+00:00 -> 2016-06-10 00:00:00+00:00
2026-04-02 12:47:22.519 INFO Loading data (2016-05-11 00:00:00+00:00 -> 2016-06-10 00:00:00+00:00) done in 140.04s (real) and 94.95s (process)
2026-04-02 12:47:22.520 INFO Memory usage (start of timestep): 29.13 GB
2026-04-02 12:47:22.520 INFO Calculating metrics
2026-04-02 12:47:22.520 INFO Calculating metric: subject_constraint_violation_count
2026-04-02 12:48:01.534 INFO [subject_constraint_violation_count] processed rows=3894726, result_rows=637
2026-04-02 12:48:01.962 INFO Calculating metric: statement_count_property_subject
2026-04-02 12:48:04.663 INFO Calculating metric: range_constraint_violation_count
2026-04-02 12:48:13.308 INFO Calculating metric: range_constraint_violation_count_mandatory
2026-04-02 12:48:13.467 INFO Calculating metric: range_constraint_violation_count_regular
2026-04-02 12:48:21.962 INFO Calculating metric: range_constraint_violation_count_suggestion
2026-04-02 12:48:22.074 INFO Calculating metric: statement_count_property_range_all
2026-04-02 12:48:22.131 INFO Calculating metric: statement_count_property_range_mandatory
2026-04-02 12:48:22.161 INFO Calculating metric: statement_count_property_range_regular
2026-04-02 12:48:22.189 INFO Calculating metric: statement_count_property_range_suggestion
2026-04-02 12:48:22.211 INFO Calculating metric: subject_constraint_violation_total
2026-04-02 12:48:22.214 INFO Calculating metric: range_constraint_violation_total_all
2026-04-02 12:48:22.216 INFO Calculating metric: range_constraint_violation_total_mandatory
2026-04-02 12:48:22.219 INFO Calculating metric: range_constraint_violation_total_regular
2026-04-02 12:48:22.221 INFO Calculating metric: range_constraint_violation_total_suggestion
2026-04-02 12:48:22.223 INFO Calculating metric: subject_constraint_violation_ratio
2026-04-02 12:48:22.225 INFO Calculating metric: range_constraint_violation_ratio
2026-04-02 12:48:22.227 INFO Calculating metric: range_constraint_violation_ratio_mandatory
2026-04-02 12:48:22.229 INFO Calculating metric: range_constraint_violation_ratio_regular
2026-04-02 12:48:22.231 INFO Calculating metric: range_constraint_violation_ratio_suggestion
2026-04-02 12:48:22.233 INFO Calculating metric: subject_constraint_completeness
2026-04-02 12:48:22.235 INFO Calculating metric: range_constraint_completeness
2026-04-02 12:48:22.237 INFO Calculating metric: range_constraint_completeness_mandatory
2026-04-02 12:48:22.239 INFO Calculating metric: range_constraint_completeness_regular
2026-04-02 12:48:22.240 INFO Calculating metric: range_constraint_completeness_suggestion
2026-04-02 12:48:22.242 INFO Memory usage (end of timestep): 31.82 GB
2026-04-02 12:48:22.242 INFO (Iteration 43) subject_constraint_violation_count: real 39.44s | cpu 41.35s
2026-04-02 12:48:22.242 INFO (Iteration 43) statement_count_property_subject: real 2.70s | cpu 4.18s
2026-04-02 12:48:22.242 INFO (Iteration 43) subject_constraint_violation_total: real 0.00s | cpu 0.00s
2026-04-02 12:48:22.242 INFO (Iteration 43) subject_constraint_violation_ratio: real 0.00s | cpu 0.00s
2026-04-02 12:48:22.242 INFO (Iteration 43) subject_constraint_completeness: real 0.00s | cpu 0.00s
2026-04-02 12:48:22.242 INFO (Iteration 43) range_constraint_violation_count: real 8.64s | cpu 9.30s
2026-04-02 12:48:22.242 INFO (Iteration 43) range_constraint_violation_count_mandatory: real 0.16s | cpu 0.50s
2026-04-02 12:48:22.242 INFO (Iteration 43) range_constraint_violation_count_regular: real 8.50s | cpu 9.10s
2026-04-02 12:48:22.242 INFO (Iteration 43) range_constraint_violation_count_suggestion: real 0.11s | cpu 0.46s
2026-04-02 12:48:22.242 INFO (Iteration 43) statement_count_property_range_all: real 0.06s | cpu 0.69s
2026-04-02 12:48:22.242 INFO (Iteration 43) statement_count_property_range_mandatory: real 0.03s | cpu 0.34s
2026-04-02 12:48:22.242 INFO (Iteration 43) statement_count_property_range_regular: real 0.03s | cpu 0.33s
2026-04-02 12:48:22.242 INFO (Iteration 43) statement_count_property_range_suggestion: real 0.02s | cpu 0.25s
2026-04-02 12:48:22.242 INFO (Iteration 43) range_constraint_violation_total_all: real 0.00s | cpu 0.00s
2026-04-02 12:48:22.242 INFO (Iteration 43) range_constraint_violation_ratio: real 0.00s | cpu 0.00s
2026-04-02 12:48:22.242 INFO (Iteration 43) range_constraint_completeness: real 0.00s | cpu 0.00s
2026-04-02 12:48:22.242 INFO (Iteration 43) range_constraint_violation_total_mandatory: real 0.00s | cpu 0.00s
2026-04-02 12:48:22.243 INFO (Iteration 43) range_constraint_violation_ratio_mandatory: real 0.00s | cpu 0.00s
2026-04-02 12:48:22.243 INFO (Iteration 43) range_constraint_completeness_mandatory: real 0.00s | cpu 0.00s
2026-04-02 12:48:22.243 INFO (Iteration 43) range_constraint_violation_total_regular: real 0.00s | cpu 0.00s
2026-04-02 12:48:22.243 INFO (Iteration 43) range_constraint_violation_ratio_regular: real 0.00s | cpu 0.00s
2026-04-02 12:48:22.243 INFO (Iteration 43) range_constraint_completeness_regular: real 0.00s | cpu 0.00s
2026-04-02 12:48:22.243 INFO (Iteration 43) range_constraint_violation_total_suggestion: real 0.00s | cpu 0.00s
2026-04-02 12:48:22.243 INFO (Iteration 43) range_constraint_violation_ratio_suggestion: real 0.00s | cpu 0.00s
2026-04-02 12:48:22.243 INFO (Iteration 43) range_constraint_completeness_suggestion: real 0.00s | cpu 0.00s
2026-04-02 12:48:22.243 INFO Iteration 43 finished in 199.77s (real) and 161.48s (process)
2026-04-02 12:48:22.243 INFO Start timestep 2016-06-10 00:00:00+00:00 -> 2016-07-10 00:00:00+00:00
2026-04-02 12:48:59.764 INFO Loading data (2016-06-10 00:00:00+00:00 -> 2016-07-10 00:00:00+00:00) done in 37.52s (real) and 38.33s (process)
2026-04-02 12:48:59.765 INFO Memory usage (start of timestep): 31.82 GB
2026-04-02 12:48:59.765 INFO Calculating metrics
2026-04-02 12:48:59.765 INFO Calculating metric: subject_constraint_violation_count
2026-04-02 12:49:26.897 INFO [subject_constraint_violation_count] processed rows=3372947, result_rows=646
2026-04-02 12:49:27.343 INFO Calculating metric: statement_count_property_subject
2026-04-02 12:49:29.588 INFO Calculating metric: range_constraint_violation_count
2026-04-02 12:49:38.451 INFO Calculating metric: range_constraint_violation_count_mandatory
2026-04-02 12:49:39.676 INFO Calculating metric: range_constraint_violation_count_regular
2026-04-02 12:49:47.227 INFO Calculating metric: range_constraint_violation_count_suggestion
2026-04-02 12:49:47.340 INFO Calculating metric: statement_count_property_range_all
2026-04-02 12:49:47.396 INFO Calculating metric: statement_count_property_range_mandatory
2026-04-02 12:49:47.432 INFO Calculating metric: statement_count_property_range_regular
2026-04-02 12:49:47.462 INFO Calculating metric: statement_count_property_range_suggestion
2026-04-02 12:49:47.487 INFO Calculating metric: subject_constraint_violation_total
2026-04-02 12:49:47.490 INFO Calculating metric: range_constraint_violation_total_all
2026-04-02 12:49:47.493 INFO Calculating metric: range_constraint_violation_total_mandatory
2026-04-02 12:49:47.495 INFO Calculating metric: range_constraint_violation_total_regular
2026-04-02 12:49:47.498 INFO Calculating metric: range_constraint_violation_total_suggestion
2026-04-02 12:49:47.500 INFO Calculating metric: subject_constraint_violation_ratio
2026-04-02 12:49:47.503 INFO Calculating metric: range_constraint_violation_ratio
2026-04-02 12:49:47.505 INFO Calculating metric: range_constraint_violation_ratio_mandatory
2026-04-02 12:49:47.507 INFO Calculating metric: range_constraint_violation_ratio_regular
2026-04-02 12:49:47.510 INFO Calculating metric: range_constraint_violation_ratio_suggestion
2026-04-02 12:49:47.512 INFO Calculating metric: subject_constraint_completeness
2026-04-02 12:49:47.515 INFO Calculating metric: range_constraint_completeness
2026-04-02 12:49:47.517 INFO Calculating metric: range_constraint_completeness_mandatory
2026-04-02 12:49:47.520 INFO Calculating metric: range_constraint_completeness_regular
2026-04-02 12:49:47.522 INFO Calculating metric: range_constraint_completeness_suggestion
2026-04-02 12:49:47.525 INFO Memory usage (end of timestep): 31.82 GB
2026-04-02 12:49:47.525 INFO (Iteration 44) subject_constraint_violation_count: real 27.58s | cpu 29.29s
2026-04-02 12:49:47.525 INFO (Iteration 44) statement_count_property_subject: real 2.25s | cpu 3.68s
2026-04-02 12:49:47.525 INFO (Iteration 44) subject_constraint_violation_total: real 0.00s | cpu 0.00s
2026-04-02 12:49:47.525 INFO (Iteration 44) subject_constraint_violation_ratio: real 0.00s | cpu 0.00s
2026-04-02 12:49:47.525 INFO (Iteration 44) subject_constraint_completeness: real 0.00s | cpu 0.00s
2026-04-02 12:49:47.525 INFO (Iteration 44) range_constraint_violation_count: real 8.86s | cpu 9.53s
2026-04-02 12:49:47.525 INFO (Iteration 44) range_constraint_violation_count_mandatory: real 1.22s | cpu 1.66s
2026-04-02 12:49:47.525 INFO (Iteration 44) range_constraint_violation_count_regular: real 7.55s | cpu 8.19s
2026-04-02 12:49:47.525 INFO (Iteration 44) range_constraint_violation_count_suggestion: real 0.11s | cpu 0.50s
2026-04-02 12:49:47.525 INFO (Iteration 44) statement_count_property_range_all: real 0.06s | cpu 0.67s
2026-04-02 12:49:47.525 INFO (Iteration 44) statement_count_property_range_mandatory: real 0.04s | cpu 0.45s
2026-04-02 12:49:47.526 INFO (Iteration 44) statement_count_property_range_regular: real 0.03s | cpu 0.31s
2026-04-02 12:49:47.526 INFO (Iteration 44) statement_count_property_range_suggestion: real 0.02s | cpu 0.27s
2026-04-02 12:49:47.526 INFO (Iteration 44) range_constraint_violation_total_all: real 0.00s | cpu 0.00s
2026-04-02 12:49:47.526 INFO (Iteration 44) range_constraint_violation_ratio: real 0.00s | cpu 0.00s
2026-04-02 12:49:47.526 INFO (Iteration 44) range_constraint_completeness: real 0.00s | cpu 0.00s
2026-04-02 12:49:47.526 INFO (Iteration 44) range_constraint_violation_total_mandatory: real 0.00s | cpu 0.00s
2026-04-02 12:49:47.526 INFO (Iteration 44) range_constraint_violation_ratio_mandatory: real 0.00s | cpu 0.00s
2026-04-02 12:49:47.526 INFO (Iteration 44) range_constraint_completeness_mandatory: real 0.00s | cpu 0.00s
2026-04-02 12:49:47.526 INFO (Iteration 44) range_constraint_violation_total_regular: real 0.00s | cpu 0.00s
2026-04-02 12:49:47.526 INFO (Iteration 44) range_constraint_violation_ratio_regular: real 0.00s | cpu 0.00s
2026-04-02 12:49:47.526 INFO (Iteration 44) range_constraint_completeness_regular: real 0.00s | cpu 0.00s
2026-04-02 12:49:47.526 INFO (Iteration 44) range_constraint_violation_total_suggestion: real 0.00s | cpu 0.00s
2026-04-02 12:49:47.526 INFO (Iteration 44) range_constraint_violation_ratio_suggestion: real 0.00s | cpu 0.00s
2026-04-02 12:49:47.526 INFO (Iteration 44) range_constraint_completeness_suggestion: real 0.00s | cpu 0.00s
2026-04-02 12:49:47.526 INFO Iteration 44 finished in 85.28s (real) and 92.88s (process)
2026-04-02 12:49:47.526 INFO Start timestep 2016-07-10 00:00:00+00:00 -> 2016-08-09 00:00:00+00:00
2026-04-02 12:50:13.297 INFO Loading data (2016-07-10 00:00:00+00:00 -> 2016-08-09 00:00:00+00:00) done in 25.77s (real) and 16.03s (process)
2026-04-02 12:50:13.297 INFO Memory usage (start of timestep): 31.82 GB
2026-04-02 12:50:13.297 INFO Calculating metrics
2026-04-02 12:50:13.297 INFO Calculating metric: subject_constraint_violation_count
2026-04-02 12:50:53.292 INFO [subject_constraint_violation_count] processed rows=1915079, result_rows=627
2026-04-02 12:50:53.600 INFO Calculating metric: statement_count_property_subject
2026-04-02 12:50:54.541 INFO Calculating metric: range_constraint_violation_count
2026-04-02 12:51:01.963 INFO Calculating metric: range_constraint_violation_count_mandatory
2026-04-02 12:51:03.063 INFO Calculating metric: range_constraint_violation_count_regular
2026-04-02 12:51:09.111 INFO Calculating metric: range_constraint_violation_count_suggestion
2026-04-02 12:51:09.407 INFO Calculating metric: statement_count_property_range_all
2026-04-02 12:51:09.444 INFO Calculating metric: statement_count_property_range_mandatory
2026-04-02 12:51:09.476 INFO Calculating metric: statement_count_property_range_regular
2026-04-02 12:51:09.509 INFO Calculating metric: statement_count_property_range_suggestion
2026-04-02 12:51:09.528 INFO Calculating metric: subject_constraint_violation_total
2026-04-02 12:51:09.532 INFO Calculating metric: range_constraint_violation_total_all
2026-04-02 12:51:09.534 INFO Calculating metric: range_constraint_violation_total_mandatory
2026-04-02 12:51:09.537 INFO Calculating metric: range_constraint_violation_total_regular
2026-04-02 12:51:09.539 INFO Calculating metric: range_constraint_violation_total_suggestion
2026-04-02 12:51:09.541 INFO Calculating metric: subject_constraint_violation_ratio
2026-04-02 12:51:09.544 INFO Calculating metric: range_constraint_violation_ratio
2026-04-02 12:51:09.546 INFO Calculating metric: range_constraint_violation_ratio_mandatory
2026-04-02 12:51:09.548 INFO Calculating metric: range_constraint_violation_ratio_regular
2026-04-02 12:51:09.551 INFO Calculating metric: range_constraint_violation_ratio_suggestion
2026-04-02 12:51:09.553 INFO Calculating metric: subject_constraint_completeness
2026-04-02 12:51:09.555 INFO Calculating metric: range_constraint_completeness
2026-04-02 12:51:09.557 INFO Calculating metric: range_constraint_completeness_mandatory
2026-04-02 12:51:09.560 INFO Calculating metric: range_constraint_completeness_regular
2026-04-02 12:51:09.562 INFO Calculating metric: range_constraint_completeness_suggestion
2026-04-02 12:51:09.565 INFO Memory usage (end of timestep): 31.82 GB
2026-04-02 12:51:09.565 INFO (Iteration 45) subject_constraint_violation_count: real 40.30s | cpu 41.41s
2026-04-02 12:51:09.565 INFO (Iteration 45) statement_count_property_subject: real 0.94s | cpu 1.88s
2026-04-02 12:51:09.565 INFO (Iteration 45) subject_constraint_violation_total: real 0.00s | cpu 0.00s
2026-04-02 12:51:09.565 INFO (Iteration 45) subject_constraint_violation_ratio: real 0.00s | cpu 0.00s
2026-04-02 12:51:09.565 INFO (Iteration 45) subject_constraint_completeness: real 0.00s | cpu 0.00s
2026-04-02 12:51:09.565 INFO (Iteration 45) range_constraint_violation_count: real 7.42s | cpu 7.76s
2026-04-02 12:51:09.565 INFO (Iteration 45) range_constraint_violation_count_mandatory: real 1.10s | cpu 1.38s
2026-04-02 12:51:09.565 INFO (Iteration 45) range_constraint_violation_count_regular: real 6.05s | cpu 6.36s
2026-04-02 12:51:09.565 INFO (Iteration 45) range_constraint_violation_count_suggestion: real 0.30s | cpu 0.48s
2026-04-02 12:51:09.565 INFO (Iteration 45) statement_count_property_range_all: real 0.04s | cpu 0.42s
2026-04-02 12:51:09.565 INFO (Iteration 45) statement_count_property_range_mandatory: real 0.03s | cpu 0.35s
2026-04-02 12:51:09.565 INFO (Iteration 45) statement_count_property_range_regular: real 0.03s | cpu 0.37s
2026-04-02 12:51:09.565 INFO (Iteration 45) statement_count_property_range_suggestion: real 0.02s | cpu 0.18s
2026-04-02 12:51:09.565 INFO (Iteration 45) range_constraint_violation_total_all: real 0.00s | cpu 0.00s
2026-04-02 12:51:09.565 INFO (Iteration 45) range_constraint_violation_ratio: real 0.00s | cpu 0.00s
2026-04-02 12:51:09.565 INFO (Iteration 45) range_constraint_completeness: real 0.00s | cpu 0.00s
2026-04-02 12:51:09.565 INFO (Iteration 45) range_constraint_violation_total_mandatory: real 0.00s | cpu 0.00s
2026-04-02 12:51:09.565 INFO (Iteration 45) range_constraint_violation_ratio_mandatory: real 0.00s | cpu 0.00s
2026-04-02 12:51:09.565 INFO (Iteration 45) range_constraint_completeness_mandatory: real 0.00s | cpu 0.00s
2026-04-02 12:51:09.565 INFO (Iteration 45) range_constraint_violation_total_regular: real 0.00s | cpu 0.00s
2026-04-02 12:51:09.565 INFO (Iteration 45) range_constraint_violation_ratio_regular: real 0.00s | cpu 0.00s
2026-04-02 12:51:09.565 INFO (Iteration 45) range_constraint_completeness_regular: real 0.00s | cpu 0.00s
2026-04-02 12:51:09.565 INFO (Iteration 45) range_constraint_violation_total_suggestion: real 0.00s | cpu 0.00s
2026-04-02 12:51:09.565 INFO (Iteration 45) range_constraint_violation_ratio_suggestion: real 0.00s | cpu 0.00s
2026-04-02 12:51:09.565 INFO (Iteration 45) range_constraint_completeness_suggestion: real 0.00s | cpu 0.00s
2026-04-02 12:51:09.565 INFO Iteration 45 finished in 82.04s (real) and 76.62s (process)
2026-04-02 12:51:09.565 INFO Start timestep 2016-08-09 00:00:00+00:00 -> 2016-09-08 00:00:00+00:00
2026-04-02 12:52:09.602 INFO Loading data (2016-08-09 00:00:00+00:00 -> 2016-09-08 00:00:00+00:00) done in 60.04s (real) and 36.19s (process)
2026-04-02 12:52:09.602 INFO Memory usage (start of timestep): 31.82 GB
2026-04-02 12:52:09.602 INFO Calculating metrics
2026-04-02 12:52:09.602 INFO Calculating metric: subject_constraint_violation_count
2026-04-02 12:52:50.630 INFO [subject_constraint_violation_count] processed rows=3220790, result_rows=724
2026-04-02 12:52:51.025 INFO Calculating metric: statement_count_property_subject
2026-04-02 12:52:53.267 INFO Calculating metric: range_constraint_violation_count
2026-04-02 12:53:04.007 INFO Calculating metric: range_constraint_violation_count_mandatory
2026-04-02 12:53:04.353 INFO Calculating metric: range_constraint_violation_count_regular
2026-04-02 12:53:13.006 INFO Calculating metric: range_constraint_violation_count_suggestion
2026-04-02 12:53:14.729 INFO Calculating metric: statement_count_property_range_all
2026-04-02 12:53:14.794 INFO Calculating metric: statement_count_property_range_mandatory
2026-04-02 12:53:14.826 INFO Calculating metric: statement_count_property_range_regular
2026-04-02 12:53:14.858 INFO Calculating metric: statement_count_property_range_suggestion
2026-04-02 12:53:14.886 INFO Calculating metric: subject_constraint_violation_total
2026-04-02 12:53:14.889 INFO Calculating metric: range_constraint_violation_total_all
2026-04-02 12:53:14.891 INFO Calculating metric: range_constraint_violation_total_mandatory
2026-04-02 12:53:14.894 INFO Calculating metric: range_constraint_violation_total_regular
2026-04-02 12:53:14.896 INFO Calculating metric: range_constraint_violation_total_suggestion
2026-04-02 12:53:14.899 INFO Calculating metric: subject_constraint_violation_ratio
2026-04-02 12:53:14.901 INFO Calculating metric: range_constraint_violation_ratio
2026-04-02 12:53:14.904 INFO Calculating metric: range_constraint_violation_ratio_mandatory
2026-04-02 12:53:14.906 INFO Calculating metric: range_constraint_violation_ratio_regular
2026-04-02 12:53:14.908 INFO Calculating metric: range_constraint_violation_ratio_suggestion
2026-04-02 12:53:14.910 INFO Calculating metric: subject_constraint_completeness
2026-04-02 12:53:14.913 INFO Calculating metric: range_constraint_completeness
2026-04-02 12:53:14.915 INFO Calculating metric: range_constraint_completeness_mandatory
2026-04-02 12:53:14.917 INFO Calculating metric: range_constraint_completeness_regular
2026-04-02 12:53:14.920 INFO Calculating metric: range_constraint_completeness_suggestion
2026-04-02 12:53:14.922 INFO Memory usage (end of timestep): 31.82 GB
2026-04-02 12:53:14.922 INFO (Iteration 46) subject_constraint_violation_count: real 41.42s | cpu 43.38s
2026-04-02 12:53:14.922 INFO (Iteration 46) statement_count_property_subject: real 2.24s | cpu 4.03s
2026-04-02 12:53:14.922 INFO (Iteration 46) subject_constraint_violation_total: real 0.00s | cpu 0.00s
2026-04-02 12:53:14.922 INFO (Iteration 46) subject_constraint_violation_ratio: real 0.00s | cpu 0.00s
2026-04-02 12:53:14.922 INFO (Iteration 46) subject_constraint_completeness: real 0.00s | cpu 0.00s
2026-04-02 12:53:14.922 INFO (Iteration 46) range_constraint_violation_count: real 10.74s | cpu 11.53s
2026-04-02 12:53:14.922 INFO (Iteration 46) range_constraint_violation_count_mandatory: real 0.35s | cpu 0.87s
2026-04-02 12:53:14.922 INFO (Iteration 46) range_constraint_violation_count_regular: real 8.65s | cpu 9.36s
2026-04-02 12:53:14.922 INFO (Iteration 46) range_constraint_violation_count_suggestion: real 1.72s | cpu 2.19s
2026-04-02 12:53:14.922 INFO (Iteration 46) statement_count_property_range_all: real 0.07s | cpu 0.80s
2026-04-02 12:53:14.922 INFO (Iteration 46) statement_count_property_range_mandatory: real 0.03s | cpu 0.38s
2026-04-02 12:53:14.922 INFO (Iteration 46) statement_count_property_range_regular: real 0.03s | cpu 0.39s
2026-04-02 12:53:14.922 INFO (Iteration 46) statement_count_property_range_suggestion: real 0.03s | cpu 0.33s
2026-04-02 12:53:14.922 INFO (Iteration 46) range_constraint_violation_total_all: real 0.00s | cpu 0.00s
2026-04-02 12:53:14.923 INFO (Iteration 46) range_constraint_violation_ratio: real 0.00s | cpu 0.00s
2026-04-02 12:53:14.923 INFO (Iteration 46) range_constraint_completeness: real 0.00s | cpu 0.00s
2026-04-02 12:53:14.923 INFO (Iteration 46) range_constraint_violation_total_mandatory: real 0.00s | cpu 0.00s
2026-04-02 12:53:14.923 INFO (Iteration 46) range_constraint_violation_ratio_mandatory: real 0.00s | cpu 0.00s
2026-04-02 12:53:14.923 INFO (Iteration 46) range_constraint_completeness_mandatory: real 0.00s | cpu 0.00s
2026-04-02 12:53:14.923 INFO (Iteration 46) range_constraint_violation_total_regular: real 0.00s | cpu 0.00s
2026-04-02 12:53:14.923 INFO (Iteration 46) range_constraint_violation_ratio_regular: real 0.00s | cpu 0.00s
2026-04-02 12:53:14.923 INFO (Iteration 46) range_constraint_completeness_regular: real 0.00s | cpu 0.00s
2026-04-02 12:53:14.923 INFO (Iteration 46) range_constraint_violation_total_suggestion: real 0.00s | cpu 0.00s
2026-04-02 12:53:14.923 INFO (Iteration 46) range_constraint_violation_ratio_suggestion: real 0.00s | cpu 0.00s
2026-04-02 12:53:14.923 INFO (Iteration 46) range_constraint_completeness_suggestion: real 0.00s | cpu 0.00s
2026-04-02 12:53:14.923 INFO Iteration 46 finished in 125.36s (real) and 109.46s (process)
2026-04-02 12:53:14.923 INFO Start timestep 2016-09-08 00:00:00+00:00 -> 2016-10-08 00:00:00+00:00
2026-04-02 12:54:49.774 INFO Loading data (2016-09-08 00:00:00+00:00 -> 2016-10-08 00:00:00+00:00) done in 94.85s (real) and 68.28s (process)
2026-04-02 12:54:49.786 INFO Memory usage (start of timestep): 31.82 GB
2026-04-02 12:54:49.786 INFO Calculating metrics
2026-04-02 12:54:49.787 INFO Calculating metric: subject_constraint_violation_count
2026-04-02 12:55:50.019 INFO [subject_constraint_violation_count] processed rows=2809178, result_rows=694
2026-04-02 12:55:50.382 INFO Calculating metric: statement_count_property_subject
2026-04-02 12:55:52.468 INFO Calculating metric: range_constraint_violation_count
2026-04-02 12:56:03.617 INFO Calculating metric: range_constraint_violation_count_mandatory
2026-04-02 12:56:05.614 INFO Calculating metric: range_constraint_violation_count_regular
2026-04-02 12:56:14.260 INFO Calculating metric: range_constraint_violation_count_suggestion
2026-04-02 12:56:14.706 INFO Calculating metric: statement_count_property_range_all
2026-04-02 12:56:14.758 INFO Calculating metric: statement_count_property_range_mandatory
2026-04-02 12:56:14.795 INFO Calculating metric: statement_count_property_range_regular
2026-04-02 12:56:14.821 INFO Calculating metric: statement_count_property_range_suggestion
2026-04-02 12:56:14.844 INFO Calculating metric: subject_constraint_violation_total
2026-04-02 12:56:14.846 INFO Calculating metric: range_constraint_violation_total_all
2026-04-02 12:56:14.849 INFO Calculating metric: range_constraint_violation_total_mandatory
2026-04-02 12:56:14.851 INFO Calculating metric: range_constraint_violation_total_regular
2026-04-02 12:56:14.854 INFO Calculating metric: range_constraint_violation_total_suggestion
2026-04-02 12:56:14.856 INFO Calculating metric: subject_constraint_violation_ratio
2026-04-02 12:56:14.859 INFO Calculating metric: range_constraint_violation_ratio
2026-04-02 12:56:14.861 INFO Calculating metric: range_constraint_violation_ratio_mandatory
2026-04-02 12:56:14.863 INFO Calculating metric: range_constraint_violation_ratio_regular
2026-04-02 12:56:14.865 INFO Calculating metric: range_constraint_violation_ratio_suggestion
2026-04-02 12:56:14.868 INFO Calculating metric: subject_constraint_completeness
2026-04-02 12:56:14.870 INFO Calculating metric: range_constraint_completeness
2026-04-02 12:56:14.872 INFO Calculating metric: range_constraint_completeness_mandatory
2026-04-02 12:56:14.875 INFO Calculating metric: range_constraint_completeness_regular
2026-04-02 12:56:14.877 INFO Calculating metric: range_constraint_completeness_suggestion
2026-04-02 12:56:14.879 INFO Memory usage (end of timestep): 31.82 GB
2026-04-02 12:56:14.879 INFO (Iteration 47) subject_constraint_violation_count: real 60.59s | cpu 62.18s
2026-04-02 12:56:14.879 INFO (Iteration 47) statement_count_property_subject: real 2.09s | cpu 3.41s
2026-04-02 12:56:14.879 INFO (Iteration 47) subject_constraint_violation_total: real 0.00s | cpu 0.00s
2026-04-02 12:56:14.879 INFO (Iteration 47) subject_constraint_violation_ratio: real 0.00s | cpu 0.00s
2026-04-02 12:56:14.879 INFO (Iteration 47) subject_constraint_completeness: real 0.00s | cpu 0.00s
2026-04-02 12:56:14.879 INFO (Iteration 47) range_constraint_violation_count: real 11.15s | cpu 11.77s
2026-04-02 12:56:14.879 INFO (Iteration 47) range_constraint_violation_count_mandatory: real 2.00s | cpu 2.37s
2026-04-02 12:56:14.879 INFO (Iteration 47) range_constraint_violation_count_regular: real 8.65s | cpu 9.26s
2026-04-02 12:56:14.879 INFO (Iteration 47) range_constraint_violation_count_suggestion: real 0.45s | cpu 0.75s
2026-04-02 12:56:14.879 INFO (Iteration 47) statement_count_property_range_all: real 0.05s | cpu 0.63s
2026-04-02 12:56:14.879 INFO (Iteration 47) statement_count_property_range_mandatory: real 0.04s | cpu 0.46s
2026-04-02 12:56:14.879 INFO (Iteration 47) statement_count_property_range_regular: real 0.03s | cpu 0.31s
2026-04-02 12:56:14.879 INFO (Iteration 47) statement_count_property_range_suggestion: real 0.02s | cpu 0.25s
2026-04-02 12:56:14.879 INFO (Iteration 47) range_constraint_violation_total_all: real 0.00s | cpu 0.00s
2026-04-02 12:56:14.879 INFO (Iteration 47) range_constraint_violation_ratio: real 0.00s | cpu 0.00s
2026-04-02 12:56:14.879 INFO (Iteration 47) range_constraint_completeness: real 0.00s | cpu 0.00s
2026-04-02 12:56:14.879 INFO (Iteration 47) range_constraint_violation_total_mandatory: real 0.00s | cpu 0.00s
2026-04-02 12:56:14.880 INFO (Iteration 47) range_constraint_violation_ratio_mandatory: real 0.00s | cpu 0.00s
2026-04-02 12:56:14.880 INFO (Iteration 47) range_constraint_completeness_mandatory: real 0.00s | cpu 0.00s
2026-04-02 12:56:14.880 INFO (Iteration 47) range_constraint_violation_total_regular: real 0.00s | cpu 0.00s
2026-04-02 12:56:14.880 INFO (Iteration 47) range_constraint_violation_ratio_regular: real 0.00s | cpu 0.00s
2026-04-02 12:56:14.880 INFO (Iteration 47) range_constraint_completeness_regular: real 0.00s | cpu 0.00s
2026-04-02 12:56:14.880 INFO (Iteration 47) range_constraint_violation_total_suggestion: real 0.00s | cpu 0.00s
2026-04-02 12:56:14.880 INFO (Iteration 47) range_constraint_violation_ratio_suggestion: real 0.00s | cpu 0.00s
2026-04-02 12:56:14.880 INFO (Iteration 47) range_constraint_completeness_suggestion: real 0.00s | cpu 0.00s
2026-04-02 12:56:14.880 INFO Iteration 47 finished in 179.96s (real) and 159.67s (process)
2026-04-02 12:56:14.880 INFO Start timestep 2016-10-08 00:00:00+00:00 -> 2016-11-07 00:00:00+00:00
2026-04-02 12:59:35.175 INFO Loading data (2016-10-08 00:00:00+00:00 -> 2016-11-07 00:00:00+00:00) done in 200.29s (real) and 121.51s (process)
2026-04-02 12:59:35.188 INFO Memory usage (start of timestep): 33.55 GB
2026-04-02 12:59:35.188 INFO Calculating metrics
2026-04-02 12:59:35.188 INFO Calculating metric: subject_constraint_violation_count
2026-04-02 13:01:03.374 INFO [subject_constraint_violation_count] processed rows=5607071, result_rows=741
2026-04-02 13:01:03.972 INFO Calculating metric: statement_count_property_subject
2026-04-02 13:01:07.864 INFO Calculating metric: range_constraint_violation_count
2026-04-02 13:01:42.461 INFO Calculating metric: range_constraint_violation_count_mandatory
2026-04-02 13:02:06.757 INFO Calculating metric: range_constraint_violation_count_regular
2026-04-02 13:02:15.671 INFO Calculating metric: range_constraint_violation_count_suggestion
2026-04-02 13:02:16.693 INFO Calculating metric: statement_count_property_range_all
2026-04-02 13:02:16.767 INFO Calculating metric: statement_count_property_range_mandatory
2026-04-02 13:02:16.804 INFO Calculating metric: statement_count_property_range_regular
2026-04-02 13:02:16.847 INFO Calculating metric: statement_count_property_range_suggestion
2026-04-02 13:02:16.880 INFO Calculating metric: subject_constraint_violation_total
2026-04-02 13:02:16.882 INFO Calculating metric: range_constraint_violation_total_all
2026-04-02 13:02:16.884 INFO Calculating metric: range_constraint_violation_total_mandatory
2026-04-02 13:02:16.886 INFO Calculating metric: range_constraint_violation_total_regular
2026-04-02 13:02:16.888 INFO Calculating metric: range_constraint_violation_total_suggestion
2026-04-02 13:02:16.891 INFO Calculating metric: subject_constraint_violation_ratio
2026-04-02 13:02:16.892 INFO Calculating metric: range_constraint_violation_ratio
2026-04-02 13:02:16.896 INFO Calculating metric: range_constraint_violation_ratio_mandatory
2026-04-02 13:02:16.898 INFO Calculating metric: range_constraint_violation_ratio_regular
2026-04-02 13:02:16.900 INFO Calculating metric: range_constraint_violation_ratio_suggestion
2026-04-02 13:02:16.901 INFO Calculating metric: subject_constraint_completeness
2026-04-02 13:02:16.903 INFO Calculating metric: range_constraint_completeness
2026-04-02 13:02:16.905 INFO Calculating metric: range_constraint_completeness_mandatory
2026-04-02 13:02:16.908 INFO Calculating metric: range_constraint_completeness_regular
2026-04-02 13:02:16.910 INFO Calculating metric: range_constraint_completeness_suggestion
2026-04-02 13:02:16.912 INFO Memory usage (end of timestep): 43.25 GB
2026-04-02 13:02:16.912 INFO (Iteration 48) subject_constraint_violation_count: real 88.78s | cpu 91.82s
2026-04-02 13:02:16.913 INFO (Iteration 48) statement_count_property_subject: real 3.89s | cpu 6.28s
2026-04-02 13:02:16.913 INFO (Iteration 48) subject_constraint_violation_total: real 0.00s | cpu 0.00s
2026-04-02 13:02:16.913 INFO (Iteration 48) subject_constraint_violation_ratio: real 0.00s | cpu 0.00s
2026-04-02 13:02:16.913 INFO (Iteration 48) subject_constraint_completeness: real 0.00s | cpu 0.00s
2026-04-02 13:02:16.913 INFO (Iteration 48) range_constraint_violation_count: real 34.60s | cpu 36.23s
2026-04-02 13:02:16.913 INFO (Iteration 48) range_constraint_violation_count_mandatory: real 24.30s | cpu 25.55s
2026-04-02 13:02:16.913 INFO (Iteration 48) range_constraint_violation_count_regular: real 8.91s | cpu 9.89s
2026-04-02 13:02:16.913 INFO (Iteration 48) range_constraint_violation_count_suggestion: real 1.02s | cpu 1.71s
2026-04-02 13:02:16.913 INFO (Iteration 48) statement_count_property_range_all: real 0.07s | cpu 1.02s
2026-04-02 13:02:16.913 INFO (Iteration 48) statement_count_property_range_mandatory: real 0.04s | cpu 0.48s
2026-04-02 13:02:16.913 INFO (Iteration 48) statement_count_property_range_regular: real 0.04s | cpu 0.56s
2026-04-02 13:02:16.913 INFO (Iteration 48) statement_count_property_range_suggestion: real 0.03s | cpu 0.42s
2026-04-02 13:02:16.913 INFO (Iteration 48) range_constraint_violation_total_all: real 0.00s | cpu 0.00s
2026-04-02 13:02:16.913 INFO (Iteration 48) range_constraint_violation_ratio: real 0.00s | cpu 0.00s
2026-04-02 13:02:16.913 INFO (Iteration 48) range_constraint_completeness: real 0.00s | cpu 0.00s
2026-04-02 13:02:16.913 INFO (Iteration 48) range_constraint_violation_total_mandatory: real 0.00s | cpu 0.00s
2026-04-02 13:02:16.913 INFO (Iteration 48) range_constraint_violation_ratio_mandatory: real 0.00s | cpu 0.00s
2026-04-02 13:02:16.913 INFO (Iteration 48) range_constraint_completeness_mandatory: real 0.00s | cpu 0.00s
2026-04-02 13:02:16.913 INFO (Iteration 48) range_constraint_violation_total_regular: real 0.00s | cpu 0.00s
2026-04-02 13:02:16.913 INFO (Iteration 48) range_constraint_violation_ratio_regular: real 0.00s | cpu 0.00s
2026-04-02 13:02:16.913 INFO (Iteration 48) range_constraint_completeness_regular: real 0.00s | cpu 0.00s
2026-04-02 13:02:16.913 INFO (Iteration 48) range_constraint_violation_total_suggestion: real 0.00s | cpu 0.00s
2026-04-02 13:02:16.913 INFO (Iteration 48) range_constraint_violation_ratio_suggestion: real 0.00s | cpu 0.00s
2026-04-02 13:02:16.913 INFO (Iteration 48) range_constraint_completeness_suggestion: real 0.00s | cpu 0.00s
2026-04-02 13:02:16.913 INFO Iteration 48 finished in 362.03s (real) and 295.48s (process)
2026-04-02 13:02:16.913 INFO Start timestep 2016-11-07 00:00:00+00:00 -> 2016-12-07 00:00:00+00:00
2026-04-02 13:05:42.893 INFO Loading data (2016-11-07 00:00:00+00:00 -> 2016-12-07 00:00:00+00:00) done in 205.98s (real) and 124.91s (process)
2026-04-02 13:05:42.903 INFO Memory usage (start of timestep): 43.25 GB
2026-04-02 13:05:42.903 INFO Calculating metrics
2026-04-02 13:05:42.903 INFO Calculating metric: subject_constraint_violation_count
2026-04-02 13:07:26.947 INFO [subject_constraint_violation_count] processed rows=3093120, result_rows=723
2026-04-02 13:07:27.530 INFO Calculating metric: statement_count_property_subject
2026-04-02 13:07:29.617 INFO Calculating metric: range_constraint_violation_count
2026-04-02 13:07:48.651 INFO Calculating metric: range_constraint_violation_count_mandatory
2026-04-02 13:08:02.071 INFO Calculating metric: range_constraint_violation_count_regular
2026-04-02 13:08:06.984 INFO Calculating metric: range_constraint_violation_count_suggestion
2026-04-02 13:08:07.589 INFO Calculating metric: statement_count_property_range_all
2026-04-02 13:08:07.649 INFO Calculating metric: statement_count_property_range_mandatory
2026-04-02 13:08:07.688 INFO Calculating metric: statement_count_property_range_regular
2026-04-02 13:08:07.717 INFO Calculating metric: statement_count_property_range_suggestion
2026-04-02 13:08:07.744 INFO Calculating metric: subject_constraint_violation_total
2026-04-02 13:08:07.748 INFO Calculating metric: range_constraint_violation_total_all
2026-04-02 13:08:07.751 INFO Calculating metric: range_constraint_violation_total_mandatory
2026-04-02 13:08:07.754 INFO Calculating metric: range_constraint_violation_total_regular
2026-04-02 13:08:07.756 INFO Calculating metric: range_constraint_violation_total_suggestion
2026-04-02 13:08:07.759 INFO Calculating metric: subject_constraint_violation_ratio
2026-04-02 13:08:07.763 INFO Calculating metric: range_constraint_violation_ratio
2026-04-02 13:08:07.765 INFO Calculating metric: range_constraint_violation_ratio_mandatory
2026-04-02 13:08:07.768 INFO Calculating metric: range_constraint_violation_ratio_regular
2026-04-02 13:08:07.770 INFO Calculating metric: range_constraint_violation_ratio_suggestion
2026-04-02 13:08:07.773 INFO Calculating metric: subject_constraint_completeness
2026-04-02 13:08:07.775 INFO Calculating metric: range_constraint_completeness
2026-04-02 13:08:07.777 INFO Calculating metric: range_constraint_completeness_mandatory
2026-04-02 13:08:07.780 INFO Calculating metric: range_constraint_completeness_regular
2026-04-02 13:08:07.783 INFO Calculating metric: range_constraint_completeness_suggestion
2026-04-02 13:08:07.785 INFO Memory usage (end of timestep): 43.25 GB
2026-04-02 13:08:07.785 INFO (Iteration 49) subject_constraint_violation_count: real 104.63s | cpu 106.32s
2026-04-02 13:08:07.785 INFO (Iteration 49) statement_count_property_subject: real 2.09s | cpu 3.56s
2026-04-02 13:08:07.786 INFO (Iteration 49) subject_constraint_violation_total: real 0.00s | cpu 0.00s
2026-04-02 13:08:07.786 INFO (Iteration 49) subject_constraint_violation_ratio: real 0.00s | cpu 0.00s
2026-04-02 13:08:07.786 INFO (Iteration 49) subject_constraint_completeness: real 0.00s | cpu 0.00s
2026-04-02 13:08:07.786 INFO (Iteration 49) range_constraint_violation_count: real 19.03s | cpu 19.84s
2026-04-02 13:08:07.786 INFO (Iteration 49) range_constraint_violation_count_mandatory: real 13.42s | cpu 14.05s
2026-04-02 13:08:07.786 INFO (Iteration 49) range_constraint_violation_count_regular: real 4.91s | cpu 5.48s
2026-04-02 13:08:07.786 INFO (Iteration 49) range_constraint_violation_count_suggestion: real 0.61s | cpu 1.01s
2026-04-02 13:08:07.786 INFO (Iteration 49) statement_count_property_range_all: real 0.06s | cpu 0.70s
2026-04-02 13:08:07.786 INFO (Iteration 49) statement_count_property_range_mandatory: real 0.04s | cpu 0.47s
2026-04-02 13:08:07.786 INFO (Iteration 49) statement_count_property_range_regular: real 0.03s | cpu 0.33s
2026-04-02 13:08:07.786 INFO (Iteration 49) statement_count_property_range_suggestion: real 0.03s | cpu 0.26s
2026-04-02 13:08:07.786 INFO (Iteration 49) range_constraint_violation_total_all: real 0.00s | cpu 0.00s
2026-04-02 13:08:07.786 INFO (Iteration 49) range_constraint_violation_ratio: real 0.00s | cpu 0.00s
2026-04-02 13:08:07.786 INFO (Iteration 49) range_constraint_completeness: real 0.00s | cpu 0.00s
2026-04-02 13:08:07.786 INFO (Iteration 49) range_constraint_violation_total_mandatory: real 0.00s | cpu 0.00s
2026-04-02 13:08:07.786 INFO (Iteration 49) range_constraint_violation_ratio_mandatory: real 0.00s | cpu 0.00s
2026-04-02 13:08:07.786 INFO (Iteration 49) range_constraint_completeness_mandatory: real 0.00s | cpu 0.00s
2026-04-02 13:08:07.786 INFO (Iteration 49) range_constraint_violation_total_regular: real 0.00s | cpu 0.00s
2026-04-02 13:08:07.786 INFO (Iteration 49) range_constraint_violation_ratio_regular: real 0.00s | cpu 0.00s
2026-04-02 13:08:07.786 INFO (Iteration 49) range_constraint_completeness_regular: real 0.00s | cpu 0.00s
2026-04-02 13:08:07.786 INFO (Iteration 49) range_constraint_violation_total_suggestion: real 0.00s | cpu 0.00s
2026-04-02 13:08:07.786 INFO (Iteration 49) range_constraint_violation_ratio_suggestion: real 0.00s | cpu 0.00s
2026-04-02 13:08:07.786 INFO (Iteration 49) range_constraint_completeness_suggestion: real 0.00s | cpu 0.00s
2026-04-02 13:08:07.786 INFO Iteration 49 finished in 350.87s (real) and 276.94s (process)
2026-04-02 13:08:07.786 INFO Start timestep 2016-12-07 00:00:00+00:00 -> 2017-01-06 00:00:00+00:00
2026-04-02 13:10:50.512 INFO Loading data (2016-12-07 00:00:00+00:00 -> 2017-01-06 00:00:00+00:00) done in 162.73s (real) and 98.43s (process)
2026-04-02 13:10:50.522 INFO Memory usage (start of timestep): 43.25 GB
2026-04-02 13:10:50.522 INFO Calculating metrics
2026-04-02 13:10:50.522 INFO Calculating metric: subject_constraint_violation_count
2026-04-02 13:12:17.049 INFO [subject_constraint_violation_count] processed rows=2859318, result_rows=744
2026-04-02 13:12:17.515 INFO Calculating metric: statement_count_property_subject
2026-04-02 13:12:19.581 INFO Calculating metric: range_constraint_violation_count
2026-04-02 13:12:28.994 INFO Calculating metric: range_constraint_violation_count_mandatory
2026-04-02 13:12:30.271 INFO Calculating metric: range_constraint_violation_count_regular
2026-04-02 13:12:37.290 INFO Calculating metric: range_constraint_violation_count_suggestion
2026-04-02 13:12:38.456 INFO Calculating metric: statement_count_property_range_all
2026-04-02 13:12:38.506 INFO Calculating metric: statement_count_property_range_mandatory
2026-04-02 13:12:38.543 INFO Calculating metric: statement_count_property_range_regular
2026-04-02 13:12:38.569 INFO Calculating metric: statement_count_property_range_suggestion
2026-04-02 13:12:38.591 INFO Calculating metric: subject_constraint_violation_total
2026-04-02 13:12:38.595 INFO Calculating metric: range_constraint_violation_total_all
2026-04-02 13:12:38.599 INFO Calculating metric: range_constraint_violation_total_mandatory
2026-04-02 13:12:38.603 INFO Calculating metric: range_constraint_violation_total_regular
2026-04-02 13:12:38.606 INFO Calculating metric: range_constraint_violation_total_suggestion
2026-04-02 13:12:38.609 INFO Calculating metric: subject_constraint_violation_ratio
2026-04-02 13:12:38.611 INFO Calculating metric: range_constraint_violation_ratio
2026-04-02 13:12:38.614 INFO Calculating metric: range_constraint_violation_ratio_mandatory
2026-04-02 13:12:38.618 INFO Calculating metric: range_constraint_violation_ratio_regular
2026-04-02 13:12:38.621 INFO Calculating metric: range_constraint_violation_ratio_suggestion
2026-04-02 13:12:38.624 INFO Calculating metric: subject_constraint_completeness
2026-04-02 13:12:38.627 INFO Calculating metric: range_constraint_completeness
2026-04-02 13:12:38.631 INFO Calculating metric: range_constraint_completeness_mandatory
2026-04-02 13:12:38.634 INFO Calculating metric: range_constraint_completeness_regular
2026-04-02 13:12:38.638 INFO Calculating metric: range_constraint_completeness_suggestion
2026-04-02 13:12:38.641 INFO Memory usage (end of timestep): 43.25 GB
2026-04-02 13:12:38.641 INFO (Iteration 50) subject_constraint_violation_count: real 86.99s | cpu 88.39s
2026-04-02 13:12:38.642 INFO (Iteration 50) statement_count_property_subject: real 2.07s | cpu 3.35s
2026-04-02 13:12:38.642 INFO (Iteration 50) subject_constraint_violation_total: real 0.00s | cpu 0.00s
2026-04-02 13:12:38.642 INFO (Iteration 50) subject_constraint_violation_ratio: real 0.00s | cpu 0.00s
2026-04-02 13:12:38.642 INFO (Iteration 50) subject_constraint_completeness: real 0.00s | cpu 0.00s
2026-04-02 13:12:38.642 INFO (Iteration 50) range_constraint_violation_count: real 9.41s | cpu 9.89s
2026-04-02 13:12:38.642 INFO (Iteration 50) range_constraint_violation_count_mandatory: real 1.28s | cpu 1.60s
2026-04-02 13:12:38.642 INFO (Iteration 50) range_constraint_violation_count_regular: real 7.02s | cpu 7.48s
2026-04-02 13:12:38.642 INFO (Iteration 50) range_constraint_violation_count_suggestion: real 1.17s | cpu 1.49s
2026-04-02 13:12:38.642 INFO (Iteration 50) statement_count_property_range_all: real 0.05s | cpu 0.57s
2026-04-02 13:12:38.642 INFO (Iteration 50) statement_count_property_range_mandatory: real 0.04s | cpu 0.44s
2026-04-02 13:12:38.642 INFO (Iteration 50) statement_count_property_range_regular: real 0.03s | cpu 0.29s
2026-04-02 13:12:38.642 INFO (Iteration 50) statement_count_property_range_suggestion: real 0.02s | cpu 0.22s
2026-04-02 13:12:38.642 INFO (Iteration 50) range_constraint_violation_total_all: real 0.00s | cpu 0.00s
2026-04-02 13:12:38.642 INFO (Iteration 50) range_constraint_violation_ratio: real 0.00s | cpu 0.00s
2026-04-02 13:12:38.642 INFO (Iteration 50) range_constraint_completeness: real 0.00s | cpu 0.00s
2026-04-02 13:12:38.642 INFO (Iteration 50) range_constraint_violation_total_mandatory: real 0.00s | cpu 0.00s
2026-04-02 13:12:38.642 INFO (Iteration 50) range_constraint_violation_ratio_mandatory: real 0.00s | cpu 0.00s
2026-04-02 13:12:38.642 INFO (Iteration 50) range_constraint_completeness_mandatory: real 0.00s | cpu 0.00s
2026-04-02 13:12:38.642 INFO (Iteration 50) range_constraint_violation_total_regular: real 0.00s | cpu 0.00s
2026-04-02 13:12:38.642 INFO (Iteration 50) range_constraint_violation_ratio_regular: real 0.00s | cpu 0.00s
2026-04-02 13:12:38.642 INFO (Iteration 50) range_constraint_completeness_regular: real 0.00s | cpu 0.00s
2026-04-02 13:12:38.642 INFO (Iteration 50) range_constraint_violation_total_suggestion: real 0.00s | cpu 0.00s
2026-04-02 13:12:38.642 INFO (Iteration 50) range_constraint_violation_ratio_suggestion: real 0.00s | cpu 0.00s
2026-04-02 13:12:38.642 INFO (Iteration 50) range_constraint_completeness_suggestion: real 0.00s | cpu 0.00s
2026-04-02 13:12:38.642 INFO Iteration 50 finished in 270.86s (real) and 212.18s (process)
2026-04-02 13:12:38.643 INFO Start timestep 2017-01-06 00:00:00+00:00 -> 2017-02-05 00:00:00+00:00
2026-04-02 13:16:29.570 INFO Loading data (2017-01-06 00:00:00+00:00 -> 2017-02-05 00:00:00+00:00) done in 230.93s (real) and 134.70s (process)
2026-04-02 13:16:29.571 INFO Memory usage (start of timestep): 43.25 GB
2026-04-02 13:16:29.571 INFO Calculating metrics
2026-04-02 13:16:29.572 INFO Calculating metric: subject_constraint_violation_count
2026-04-02 13:17:18.938 INFO [subject_constraint_violation_count] processed rows=8558287, result_rows=828
2026-04-02 13:17:20.032 INFO Calculating metric: statement_count_property_subject
2026-04-02 13:17:25.825 INFO Calculating metric: range_constraint_violation_count
2026-04-02 13:17:43.950 INFO Calculating metric: range_constraint_violation_count_mandatory
2026-04-02 13:17:44.778 INFO Calculating metric: range_constraint_violation_count_regular
2026-04-02 13:18:01.938 INFO Calculating metric: range_constraint_violation_count_suggestion
2026-04-02 13:18:02.236 INFO Calculating metric: statement_count_property_range_all
2026-04-02 13:18:02.311 INFO Calculating metric: statement_count_property_range_mandatory
2026-04-02 13:18:02.356 INFO Calculating metric: statement_count_property_range_regular
2026-04-02 13:18:02.409 INFO Calculating metric: statement_count_property_range_suggestion
2026-04-02 13:18:02.455 INFO Calculating metric: subject_constraint_violation_total
2026-04-02 13:18:02.457 INFO Calculating metric: range_constraint_violation_total_all
2026-04-02 13:18:02.462 INFO Calculating metric: range_constraint_violation_total_mandatory
2026-04-02 13:18:02.464 INFO Calculating metric: range_constraint_violation_total_regular
2026-04-02 13:18:02.466 INFO Calculating metric: range_constraint_violation_total_suggestion
2026-04-02 13:18:02.468 INFO Calculating metric: subject_constraint_violation_ratio
2026-04-02 13:18:02.470 INFO Calculating metric: range_constraint_violation_ratio
2026-04-02 13:18:02.473 INFO Calculating metric: range_constraint_violation_ratio_mandatory
2026-04-02 13:18:02.475 INFO Calculating metric: range_constraint_violation_ratio_regular
2026-04-02 13:18:02.477 INFO Calculating metric: range_constraint_violation_ratio_suggestion
2026-04-02 13:18:02.479 INFO Calculating metric: subject_constraint_completeness
2026-04-02 13:18:02.482 INFO Calculating metric: range_constraint_completeness
2026-04-02 13:18:02.484 INFO Calculating metric: range_constraint_completeness_mandatory
2026-04-02 13:18:02.486 INFO Calculating metric: range_constraint_completeness_regular
2026-04-02 13:18:02.488 INFO Calculating metric: range_constraint_completeness_suggestion
2026-04-02 13:18:02.491 INFO Memory usage (end of timestep): 43.82 GB
2026-04-02 13:18:02.491 INFO (Iteration 51) subject_constraint_violation_count: real 50.46s | cpu 54.21s
2026-04-02 13:18:02.491 INFO (Iteration 51) statement_count_property_subject: real 5.79s | cpu 8.51s
2026-04-02 13:18:02.491 INFO (Iteration 51) subject_constraint_violation_total: real 0.00s | cpu 0.00s
2026-04-02 13:18:02.491 INFO (Iteration 51) subject_constraint_violation_ratio: real 0.00s | cpu 0.00s
2026-04-02 13:18:02.491 INFO (Iteration 51) subject_constraint_completeness: real 0.00s | cpu 0.00s
2026-04-02 13:18:02.491 INFO (Iteration 51) range_constraint_violation_count: real 18.13s | cpu 19.73s
2026-04-02 13:18:02.491 INFO (Iteration 51) range_constraint_violation_count_mandatory: real 0.83s | cpu 1.71s
2026-04-02 13:18:02.491 INFO (Iteration 51) range_constraint_violation_count_regular: real 17.16s | cpu 18.76s
2026-04-02 13:18:02.491 INFO (Iteration 51) range_constraint_violation_count_suggestion: real 0.30s | cpu 1.21s
2026-04-02 13:18:02.491 INFO (Iteration 51) statement_count_property_range_all: real 0.07s | cpu 1.04s
2026-04-02 13:18:02.491 INFO (Iteration 51) statement_count_property_range_mandatory: real 0.05s | cpu 0.62s
2026-04-02 13:18:02.491 INFO (Iteration 51) statement_count_property_range_regular: real 0.05s | cpu 0.71s
2026-04-02 13:18:02.491 INFO (Iteration 51) statement_count_property_range_suggestion: real 0.05s | cpu 0.61s
2026-04-02 13:18:02.491 INFO (Iteration 51) range_constraint_violation_total_all: real 0.00s | cpu 0.00s
2026-04-02 13:18:02.491 INFO (Iteration 51) range_constraint_violation_ratio: real 0.00s | cpu 0.00s
2026-04-02 13:18:02.491 INFO (Iteration 51) range_constraint_completeness: real 0.00s | cpu 0.00s
2026-04-02 13:18:02.491 INFO (Iteration 51) range_constraint_violation_total_mandatory: real 0.00s | cpu 0.00s
2026-04-02 13:18:02.491 INFO (Iteration 51) range_constraint_violation_ratio_mandatory: real 0.00s | cpu 0.00s
2026-04-02 13:18:02.491 INFO (Iteration 51) range_constraint_completeness_mandatory: real 0.00s | cpu 0.00s
2026-04-02 13:18:02.491 INFO (Iteration 51) range_constraint_violation_total_regular: real 0.00s | cpu 0.00s
2026-04-02 13:18:02.491 INFO (Iteration 51) range_constraint_violation_ratio_regular: real 0.00s | cpu 0.00s
2026-04-02 13:18:02.491 INFO (Iteration 51) range_constraint_completeness_regular: real 0.00s | cpu 0.00s
2026-04-02 13:18:02.491 INFO (Iteration 51) range_constraint_violation_total_suggestion: real 0.00s | cpu 0.00s
2026-04-02 13:18:02.491 INFO (Iteration 51) range_constraint_violation_ratio_suggestion: real 0.00s | cpu 0.00s
2026-04-02 13:18:02.491 INFO (Iteration 51) range_constraint_completeness_suggestion: real 0.00s | cpu 0.00s
2026-04-02 13:18:02.491 INFO Iteration 51 finished in 323.85s (real) and 241.81s (process)
2026-04-02 13:18:02.491 INFO Start timestep 2017-02-05 00:00:00+00:00 -> 2017-03-07 00:00:00+00:00
2026-04-02 13:19:57.279 INFO Loading data (2017-02-05 00:00:00+00:00 -> 2017-03-07 00:00:00+00:00) done in 114.79s (real) and 69.84s (process)
2026-04-02 13:19:57.280 INFO Memory usage (start of timestep): 43.82 GB
2026-04-02 13:19:57.280 INFO Calculating metrics
2026-04-02 13:19:57.280 INFO Calculating metric: subject_constraint_violation_count
2026-04-02 13:21:39.813 INFO [subject_constraint_violation_count] processed rows=3527487, result_rows=846
2026-04-02 13:21:40.349 INFO Calculating metric: statement_count_property_subject
2026-04-02 13:21:42.893 INFO Calculating metric: range_constraint_violation_count
2026-04-02 13:21:56.413 INFO Calculating metric: range_constraint_violation_count_mandatory
2026-04-02 13:21:57.008 INFO Calculating metric: range_constraint_violation_count_regular
2026-04-02 13:22:08.612 INFO Calculating metric: range_constraint_violation_count_suggestion
2026-04-02 13:22:09.783 INFO Calculating metric: statement_count_property_range_all
2026-04-02 13:22:09.844 INFO Calculating metric: statement_count_property_range_mandatory
2026-04-02 13:22:09.876 INFO Calculating metric: statement_count_property_range_regular
2026-04-02 13:22:09.907 INFO Calculating metric: statement_count_property_range_suggestion
2026-04-02 13:22:09.935 INFO Calculating metric: subject_constraint_violation_total
2026-04-02 13:22:09.938 INFO Calculating metric: range_constraint_violation_total_all
2026-04-02 13:22:09.940 INFO Calculating metric: range_constraint_violation_total_mandatory
2026-04-02 13:22:09.942 INFO Calculating metric: range_constraint_violation_total_regular
2026-04-02 13:22:09.945 INFO Calculating metric: range_constraint_violation_total_suggestion
2026-04-02 13:22:09.947 INFO Calculating metric: subject_constraint_violation_ratio
2026-04-02 13:22:09.950 INFO Calculating metric: range_constraint_violation_ratio
2026-04-02 13:22:09.952 INFO Calculating metric: range_constraint_violation_ratio_mandatory
2026-04-02 13:22:09.954 INFO Calculating metric: range_constraint_violation_ratio_regular
2026-04-02 13:22:09.959 INFO Calculating metric: range_constraint_violation_ratio_suggestion
2026-04-02 13:22:09.961 INFO Calculating metric: subject_constraint_completeness
2026-04-02 13:22:09.964 INFO Calculating metric: range_constraint_completeness
2026-04-02 13:22:09.967 INFO Calculating metric: range_constraint_completeness_mandatory
2026-04-02 13:22:09.969 INFO Calculating metric: range_constraint_completeness_regular
2026-04-02 13:22:09.972 INFO Calculating metric: range_constraint_completeness_suggestion
2026-04-02 13:22:09.975 INFO Memory usage (end of timestep): 43.82 GB
2026-04-02 13:22:09.975 INFO (Iteration 52) subject_constraint_violation_count: real 103.07s | cpu 105.05s
2026-04-02 13:22:09.975 INFO (Iteration 52) statement_count_property_subject: real 2.54s | cpu 4.40s
2026-04-02 13:22:09.976 INFO (Iteration 52) subject_constraint_violation_total: real 0.00s | cpu 0.00s
2026-04-02 13:22:09.976 INFO (Iteration 52) subject_constraint_violation_ratio: real 0.00s | cpu 0.00s
2026-04-02 13:22:09.976 INFO (Iteration 52) subject_constraint_completeness: real 0.00s | cpu 0.00s
2026-04-02 13:22:09.976 INFO (Iteration 52) range_constraint_violation_count: real 13.52s | cpu 14.36s
2026-04-02 13:22:09.976 INFO (Iteration 52) range_constraint_violation_count_mandatory: real 0.59s | cpu 1.07s
2026-04-02 13:22:09.976 INFO (Iteration 52) range_constraint_violation_count_regular: real 11.60s | cpu 12.39s
2026-04-02 13:22:09.976 INFO (Iteration 52) range_constraint_violation_count_suggestion: real 1.17s | cpu 1.71s
2026-04-02 13:22:09.976 INFO (Iteration 52) statement_count_property_range_all: real 0.06s | cpu 0.82s
2026-04-02 13:22:09.976 INFO (Iteration 52) statement_count_property_range_mandatory: real 0.03s | cpu 0.37s
2026-04-02 13:22:09.976 INFO (Iteration 52) statement_count_property_range_regular: real 0.03s | cpu 0.37s
2026-04-02 13:22:09.976 INFO (Iteration 52) statement_count_property_range_suggestion: real 0.03s | cpu 0.32s
2026-04-02 13:22:09.976 INFO (Iteration 52) range_constraint_violation_total_all: real 0.00s | cpu 0.00s
2026-04-02 13:22:09.976 INFO (Iteration 52) range_constraint_violation_ratio: real 0.00s | cpu 0.00s
2026-04-02 13:22:09.976 INFO (Iteration 52) range_constraint_completeness: real 0.00s | cpu 0.00s
2026-04-02 13:22:09.976 INFO (Iteration 52) range_constraint_violation_total_mandatory: real 0.00s | cpu 0.00s
2026-04-02 13:22:09.976 INFO (Iteration 52) range_constraint_violation_ratio_mandatory: real 0.00s | cpu 0.00s
2026-04-02 13:22:09.976 INFO (Iteration 52) range_constraint_completeness_mandatory: real 0.00s | cpu 0.00s
2026-04-02 13:22:09.976 INFO (Iteration 52) range_constraint_violation_total_regular: real 0.00s | cpu 0.00s
2026-04-02 13:22:09.976 INFO (Iteration 52) range_constraint_violation_ratio_regular: real 0.00s | cpu 0.00s
2026-04-02 13:22:09.976 INFO (Iteration 52) range_constraint_completeness_regular: real 0.00s | cpu 0.00s
2026-04-02 13:22:09.976 INFO (Iteration 52) range_constraint_violation_total_suggestion: real 0.00s | cpu 0.00s
2026-04-02 13:22:09.976 INFO (Iteration 52) range_constraint_violation_ratio_suggestion: real 0.00s | cpu 0.00s
2026-04-02 13:22:09.976 INFO (Iteration 52) range_constraint_completeness_suggestion: real 0.00s | cpu 0.00s
2026-04-02 13:22:09.976 INFO Iteration 52 finished in 247.48s (real) and 210.71s (process)
2026-04-02 13:22:09.976 INFO Start timestep 2017-03-07 00:00:00+00:00 -> 2017-04-06 00:00:00+00:00
2026-04-02 13:23:16.197 INFO Loading data (2017-03-07 00:00:00+00:00 -> 2017-04-06 00:00:00+00:00) done in 66.22s (real) and 40.97s (process)
2026-04-02 13:23:16.207 INFO Memory usage (start of timestep): 43.82 GB
2026-04-02 13:23:16.208 INFO Calculating metrics
2026-04-02 13:23:16.208 INFO Calculating metric: subject_constraint_violation_count
2026-04-02 13:24:42.621 INFO [subject_constraint_violation_count] processed rows=2436774, result_rows=816
2026-04-02 13:24:43.110 INFO Calculating metric: statement_count_property_subject
2026-04-02 13:24:44.853 INFO Calculating metric: range_constraint_violation_count
2026-04-02 13:24:53.484 INFO Calculating metric: range_constraint_violation_count_mandatory
2026-04-02 13:24:53.894 INFO Calculating metric: range_constraint_violation_count_regular
2026-04-02 13:25:01.619 INFO Calculating metric: range_constraint_violation_count_suggestion
2026-04-02 13:25:02.378 INFO Calculating metric: statement_count_property_range_all
2026-04-02 13:25:02.420 INFO Calculating metric: statement_count_property_range_mandatory
2026-04-02 13:25:02.457 INFO Calculating metric: statement_count_property_range_regular
2026-04-02 13:25:02.485 INFO Calculating metric: statement_count_property_range_suggestion
2026-04-02 13:25:02.505 INFO Calculating metric: subject_constraint_violation_total
2026-04-02 13:25:02.509 INFO Calculating metric: range_constraint_violation_total_all
2026-04-02 13:25:02.513 INFO Calculating metric: range_constraint_violation_total_mandatory
2026-04-02 13:25:02.515 INFO Calculating metric: range_constraint_violation_total_regular
2026-04-02 13:25:02.518 INFO Calculating metric: range_constraint_violation_total_suggestion
2026-04-02 13:25:02.520 INFO Calculating metric: subject_constraint_violation_ratio
2026-04-02 13:25:02.523 INFO Calculating metric: range_constraint_violation_ratio
2026-04-02 13:25:02.526 INFO Calculating metric: range_constraint_violation_ratio_mandatory
2026-04-02 13:25:02.529 INFO Calculating metric: range_constraint_violation_ratio_regular
2026-04-02 13:25:02.532 INFO Calculating metric: range_constraint_violation_ratio_suggestion
2026-04-02 13:25:02.535 INFO Calculating metric: subject_constraint_completeness
2026-04-02 13:25:02.537 INFO Calculating metric: range_constraint_completeness
2026-04-02 13:25:02.540 INFO Calculating metric: range_constraint_completeness_mandatory
2026-04-02 13:25:02.542 INFO Calculating metric: range_constraint_completeness_regular
2026-04-02 13:25:02.545 INFO Calculating metric: range_constraint_completeness_suggestion
2026-04-02 13:25:02.547 INFO Memory usage (end of timestep): 43.82 GB
2026-04-02 13:25:02.547 INFO (Iteration 53) subject_constraint_violation_count: real 86.90s | cpu 88.16s
2026-04-02 13:25:02.547 INFO (Iteration 53) statement_count_property_subject: real 1.74s | cpu 3.02s
2026-04-02 13:25:02.548 INFO (Iteration 53) subject_constraint_violation_total: real 0.00s | cpu 0.00s
2026-04-02 13:25:02.548 INFO (Iteration 53) subject_constraint_violation_ratio: real 0.00s | cpu 0.00s
2026-04-02 13:25:02.548 INFO (Iteration 53) subject_constraint_completeness: real 0.00s | cpu 0.00s
2026-04-02 13:25:02.548 INFO (Iteration 53) range_constraint_violation_count: real 8.63s | cpu 9.07s
2026-04-02 13:25:02.548 INFO (Iteration 53) range_constraint_violation_count_mandatory: real 0.41s | cpu 0.72s
2026-04-02 13:25:02.548 INFO (Iteration 53) range_constraint_violation_count_regular: real 7.72s | cpu 8.11s
2026-04-02 13:25:02.548 INFO (Iteration 53) range_constraint_violation_count_suggestion: real 0.76s | cpu 1.08s
2026-04-02 13:25:02.548 INFO (Iteration 53) statement_count_property_range_all: real 0.04s | cpu 0.49s
2026-04-02 13:25:02.548 INFO (Iteration 53) statement_count_property_range_mandatory: real 0.04s | cpu 0.44s
2026-04-02 13:25:02.548 INFO (Iteration 53) statement_count_property_range_regular: real 0.03s | cpu 0.30s
2026-04-02 13:25:02.548 INFO (Iteration 53) statement_count_property_range_suggestion: real 0.02s | cpu 0.21s
2026-04-02 13:25:02.548 INFO (Iteration 53) range_constraint_violation_total_all: real 0.00s | cpu 0.00s
2026-04-02 13:25:02.548 INFO (Iteration 53) range_constraint_violation_ratio: real 0.00s | cpu 0.00s
2026-04-02 13:25:02.548 INFO (Iteration 53) range_constraint_completeness: real 0.00s | cpu 0.00s
2026-04-02 13:25:02.548 INFO (Iteration 53) range_constraint_violation_total_mandatory: real 0.00s | cpu 0.00s
2026-04-02 13:25:02.548 INFO (Iteration 53) range_constraint_violation_ratio_mandatory: real 0.00s | cpu 0.00s
2026-04-02 13:25:02.548 INFO (Iteration 53) range_constraint_completeness_mandatory: real 0.00s | cpu 0.00s
2026-04-02 13:25:02.548 INFO (Iteration 53) range_constraint_violation_total_regular: real 0.00s | cpu 0.00s
2026-04-02 13:25:02.548 INFO (Iteration 53) range_constraint_violation_ratio_regular: real 0.00s | cpu 0.00s
2026-04-02 13:25:02.548 INFO (Iteration 53) range_constraint_completeness_regular: real 0.00s | cpu 0.00s
2026-04-02 13:25:02.548 INFO (Iteration 53) range_constraint_violation_total_suggestion: real 0.00s | cpu 0.00s
2026-04-02 13:25:02.548 INFO (Iteration 53) range_constraint_violation_ratio_suggestion: real 0.00s | cpu 0.00s
2026-04-02 13:25:02.548 INFO (Iteration 53) range_constraint_completeness_suggestion: real 0.00s | cpu 0.00s
2026-04-02 13:25:02.548 INFO Iteration 53 finished in 172.57s (real) and 152.58s (process)
2026-04-02 13:25:02.548 INFO Start timestep 2017-04-06 00:00:00+00:00 -> 2017-05-06 00:00:00+00:00
2026-04-02 13:26:13.358 INFO Loading data (2017-04-06 00:00:00+00:00 -> 2017-05-06 00:00:00+00:00) done in 70.81s (real) and 47.21s (process)
2026-04-02 13:26:13.367 INFO Memory usage (start of timestep): 43.82 GB
2026-04-02 13:26:13.367 INFO Calculating metrics
2026-04-02 13:26:13.368 INFO Calculating metric: subject_constraint_violation_count
2026-04-02 13:27:56.148 INFO [subject_constraint_violation_count] processed rows=4004007, result_rows=851
2026-04-02 13:27:56.639 INFO Calculating metric: statement_count_property_subject
2026-04-02 13:27:59.192 INFO Calculating metric: range_constraint_violation_count
2026-04-02 13:28:15.198 INFO Calculating metric: range_constraint_violation_count_mandatory
2026-04-02 13:28:18.533 INFO Calculating metric: range_constraint_violation_count_regular
2026-04-02 13:28:30.936 INFO Calculating metric: range_constraint_violation_count_suggestion
2026-04-02 13:28:31.187 INFO Calculating metric: statement_count_property_range_all
2026-04-02 13:28:31.258 INFO Calculating metric: statement_count_property_range_mandatory
2026-04-02 13:28:31.290 INFO Calculating metric: statement_count_property_range_regular
2026-04-02 13:28:31.324 INFO Calculating metric: statement_count_property_range_suggestion
2026-04-02 13:28:31.352 INFO Calculating metric: subject_constraint_violation_total
2026-04-02 13:28:31.356 INFO Calculating metric: range_constraint_violation_total_all
2026-04-02 13:28:31.360 INFO Calculating metric: range_constraint_violation_total_mandatory
2026-04-02 13:28:31.365 INFO Calculating metric: range_constraint_violation_total_regular
2026-04-02 13:28:31.369 INFO Calculating metric: range_constraint_violation_total_suggestion
2026-04-02 13:28:31.372 INFO Calculating metric: subject_constraint_violation_ratio
2026-04-02 13:28:31.375 INFO Calculating metric: range_constraint_violation_ratio
2026-04-02 13:28:31.380 INFO Calculating metric: range_constraint_violation_ratio_mandatory
2026-04-02 13:28:31.384 INFO Calculating metric: range_constraint_violation_ratio_regular
2026-04-02 13:28:31.389 INFO Calculating metric: range_constraint_violation_ratio_suggestion
2026-04-02 13:28:31.394 INFO Calculating metric: subject_constraint_completeness
2026-04-02 13:28:31.398 INFO Calculating metric: range_constraint_completeness
2026-04-02 13:28:31.402 INFO Calculating metric: range_constraint_completeness_mandatory
2026-04-02 13:28:31.407 INFO Calculating metric: range_constraint_completeness_regular
2026-04-02 13:28:31.413 INFO Calculating metric: range_constraint_completeness_suggestion
2026-04-02 13:28:31.418 INFO Memory usage (end of timestep): 43.82 GB
2026-04-02 13:28:31.418 INFO (Iteration 54) subject_constraint_violation_count: real 103.27s | cpu 105.61s
2026-04-02 13:28:31.418 INFO (Iteration 54) statement_count_property_subject: real 2.55s | cpu 4.59s
2026-04-02 13:28:31.418 INFO (Iteration 54) subject_constraint_violation_total: real 0.00s | cpu 0.00s
2026-04-02 13:28:31.418 INFO (Iteration 54) subject_constraint_violation_ratio: real 0.00s | cpu 0.00s
2026-04-02 13:28:31.418 INFO (Iteration 54) subject_constraint_completeness: real 0.00s | cpu 0.00s
2026-04-02 13:28:31.418 INFO (Iteration 54) range_constraint_violation_count: real 16.01s | cpu 16.93s
2026-04-02 13:28:31.418 INFO (Iteration 54) range_constraint_violation_count_mandatory: real 3.33s | cpu 3.86s
2026-04-02 13:28:31.418 INFO (Iteration 54) range_constraint_violation_count_regular: real 12.40s | cpu 13.27s
2026-04-02 13:28:31.418 INFO (Iteration 54) range_constraint_violation_count_suggestion: real 0.25s | cpu 0.79s
2026-04-02 13:28:31.418 INFO (Iteration 54) statement_count_property_range_all: real 0.07s | cpu 0.85s
2026-04-02 13:28:31.418 INFO (Iteration 54) statement_count_property_range_mandatory: real 0.03s | cpu 0.36s
2026-04-02 13:28:31.418 INFO (Iteration 54) statement_count_property_range_regular: real 0.03s | cpu 0.39s
2026-04-02 13:28:31.418 INFO (Iteration 54) statement_count_property_range_suggestion: real 0.03s | cpu 0.33s
2026-04-02 13:28:31.418 INFO (Iteration 54) range_constraint_violation_total_all: real 0.00s | cpu 0.00s
2026-04-02 13:28:31.418 INFO (Iteration 54) range_constraint_violation_ratio: real 0.00s | cpu 0.00s
2026-04-02 13:28:31.418 INFO (Iteration 54) range_constraint_completeness: real 0.00s | cpu 0.00s
2026-04-02 13:28:31.418 INFO (Iteration 54) range_constraint_violation_total_mandatory: real 0.00s | cpu 0.00s
2026-04-02 13:28:31.418 INFO (Iteration 54) range_constraint_violation_ratio_mandatory: real 0.00s | cpu 0.00s
2026-04-02 13:28:31.418 INFO (Iteration 54) range_constraint_completeness_mandatory: real 0.01s | cpu 0.00s
2026-04-02 13:28:31.418 INFO (Iteration 54) range_constraint_violation_total_regular: real 0.00s | cpu 0.00s
2026-04-02 13:28:31.418 INFO (Iteration 54) range_constraint_violation_ratio_regular: real 0.00s | cpu 0.00s
2026-04-02 13:28:31.418 INFO (Iteration 54) range_constraint_completeness_regular: real 0.01s | cpu 0.00s
2026-04-02 13:28:31.418 INFO (Iteration 54) range_constraint_violation_total_suggestion: real 0.00s | cpu 0.00s
2026-04-02 13:28:31.418 INFO (Iteration 54) range_constraint_violation_ratio_suggestion: real 0.00s | cpu 0.00s
2026-04-02 13:28:31.418 INFO (Iteration 54) range_constraint_completeness_suggestion: real 0.00s | cpu 0.00s
2026-04-02 13:28:31.418 INFO Iteration 54 finished in 208.87s (real) and 194.18s (process)
2026-04-02 13:28:31.419 INFO Start timestep 2017-05-06 00:00:00+00:00 -> 2017-06-05 00:00:00+00:00
2026-04-02 13:30:37.158 INFO Loading data (2017-05-06 00:00:00+00:00 -> 2017-06-05 00:00:00+00:00) done in 125.74s (real) and 77.75s (process)
2026-04-02 13:30:37.159 INFO Memory usage (start of timestep): 43.82 GB
2026-04-02 13:30:37.159 INFO Calculating metrics
2026-04-02 13:30:37.159 INFO Calculating metric: subject_constraint_violation_count
2026-04-02 13:32:03.508 INFO [subject_constraint_violation_count] processed rows=3846817, result_rows=887
2026-04-02 13:32:04.099 INFO Calculating metric: statement_count_property_subject
2026-04-02 13:32:06.668 INFO Calculating metric: range_constraint_violation_count
2026-04-02 13:32:23.392 INFO Calculating metric: range_constraint_violation_count_mandatory
2026-04-02 13:32:31.508 INFO Calculating metric: range_constraint_violation_count_regular
2026-04-02 13:32:39.635 INFO Calculating metric: range_constraint_violation_count_suggestion
2026-04-02 13:32:40.027 INFO Calculating metric: statement_count_property_range_all
2026-04-02 13:32:40.092 INFO Calculating metric: statement_count_property_range_mandatory
2026-04-02 13:32:40.124 INFO Calculating metric: statement_count_property_range_regular
2026-04-02 13:32:40.158 INFO Calculating metric: statement_count_property_range_suggestion
2026-04-02 13:32:40.184 INFO Calculating metric: subject_constraint_violation_total
2026-04-02 13:32:40.187 INFO Calculating metric: range_constraint_violation_total_all
2026-04-02 13:32:40.189 INFO Calculating metric: range_constraint_violation_total_mandatory
2026-04-02 13:32:40.192 INFO Calculating metric: range_constraint_violation_total_regular
2026-04-02 13:32:40.195 INFO Calculating metric: range_constraint_violation_total_suggestion
2026-04-02 13:32:40.197 INFO Calculating metric: subject_constraint_violation_ratio
2026-04-02 13:32:40.199 INFO Calculating metric: range_constraint_violation_ratio
2026-04-02 13:32:40.202 INFO Calculating metric: range_constraint_violation_ratio_mandatory
2026-04-02 13:32:40.204 INFO Calculating metric: range_constraint_violation_ratio_regular
2026-04-02 13:32:40.207 INFO Calculating metric: range_constraint_violation_ratio_suggestion
2026-04-02 13:32:40.209 INFO Calculating metric: subject_constraint_completeness
2026-04-02 13:32:40.211 INFO Calculating metric: range_constraint_completeness
2026-04-02 13:32:40.213 INFO Calculating metric: range_constraint_completeness_mandatory
2026-04-02 13:32:40.215 INFO Calculating metric: range_constraint_completeness_regular
2026-04-02 13:32:40.217 INFO Calculating metric: range_constraint_completeness_suggestion
2026-04-02 13:32:40.219 INFO Memory usage (end of timestep): 43.82 GB
2026-04-02 13:32:40.219 INFO (Iteration 55) subject_constraint_violation_count: real 86.94s | cpu 89.02s
2026-04-02 13:32:40.219 INFO (Iteration 55) statement_count_property_subject: real 2.57s | cpu 4.47s
2026-04-02 13:32:40.219 INFO (Iteration 55) subject_constraint_violation_total: real 0.00s | cpu 0.00s
2026-04-02 13:32:40.219 INFO (Iteration 55) subject_constraint_violation_ratio: real 0.00s | cpu 0.00s
2026-04-02 13:32:40.219 INFO (Iteration 55) subject_constraint_completeness: real 0.00s | cpu 0.00s
2026-04-02 13:32:40.219 INFO (Iteration 55) range_constraint_violation_count: real 16.72s | cpu 17.50s
2026-04-02 13:32:40.219 INFO (Iteration 55) range_constraint_violation_count_mandatory: real 8.12s | cpu 8.80s
2026-04-02 13:32:40.219 INFO (Iteration 55) range_constraint_violation_count_regular: real 8.13s | cpu 8.74s
2026-04-02 13:32:40.219 INFO (Iteration 55) range_constraint_violation_count_suggestion: real 0.39s | cpu 0.93s
2026-04-02 13:32:40.219 INFO (Iteration 55) statement_count_property_range_all: real 0.06s | cpu 0.83s
2026-04-02 13:32:40.219 INFO (Iteration 55) statement_count_property_range_mandatory: real 0.03s | cpu 0.37s
2026-04-02 13:32:40.219 INFO (Iteration 55) statement_count_property_range_regular: real 0.03s | cpu 0.38s
2026-04-02 13:32:40.219 INFO (Iteration 55) statement_count_property_range_suggestion: real 0.03s | cpu 0.28s
2026-04-02 13:32:40.219 INFO (Iteration 55) range_constraint_violation_total_all: real 0.00s | cpu 0.00s
2026-04-02 13:32:40.219 INFO (Iteration 55) range_constraint_violation_ratio: real 0.00s | cpu 0.00s
2026-04-02 13:32:40.219 INFO (Iteration 55) range_constraint_completeness: real 0.00s | cpu 0.00s
2026-04-02 13:32:40.219 INFO (Iteration 55) range_constraint_violation_total_mandatory: real 0.00s | cpu 0.00s
2026-04-02 13:32:40.219 INFO (Iteration 55) range_constraint_violation_ratio_mandatory: real 0.00s | cpu 0.00s
2026-04-02 13:32:40.219 INFO (Iteration 55) range_constraint_completeness_mandatory: real 0.00s | cpu 0.00s
2026-04-02 13:32:40.219 INFO (Iteration 55) range_constraint_violation_total_regular: real 0.00s | cpu 0.00s
2026-04-02 13:32:40.219 INFO (Iteration 55) range_constraint_violation_ratio_regular: real 0.00s | cpu 0.00s
2026-04-02 13:32:40.219 INFO (Iteration 55) range_constraint_completeness_regular: real 0.00s | cpu 0.00s
2026-04-02 13:32:40.219 INFO (Iteration 55) range_constraint_violation_total_suggestion: real 0.00s | cpu 0.00s
2026-04-02 13:32:40.219 INFO (Iteration 55) range_constraint_violation_ratio_suggestion: real 0.00s | cpu 0.00s
2026-04-02 13:32:40.219 INFO (Iteration 55) range_constraint_completeness_suggestion: real 0.00s | cpu 0.00s
2026-04-02 13:32:40.219 INFO Iteration 55 finished in 248.80s (real) and 209.09s (process)
2026-04-02 13:32:40.219 INFO Start timestep 2017-06-05 00:00:00+00:00 -> 2017-07-05 00:00:00+00:00
2026-04-02 13:36:29.575 INFO Loading data (2017-06-05 00:00:00+00:00 -> 2017-07-05 00:00:00+00:00) done in 229.36s (real) and 168.56s (process)
2026-04-02 13:36:29.576 INFO Memory usage (start of timestep): 43.82 GB
2026-04-02 13:36:29.576 INFO Calculating metrics
2026-04-02 13:36:29.576 INFO Calculating metric: subject_constraint_violation_count
2026-04-02 13:38:08.173 INFO [subject_constraint_violation_count] processed rows=10649025, result_rows=878
2026-04-02 13:38:09.574 INFO Calculating metric: statement_count_property_subject
2026-04-02 13:38:16.319 INFO Calculating metric: range_constraint_violation_count
2026-04-02 13:39:04.170 INFO Calculating metric: range_constraint_violation_count_mandatory
2026-04-02 13:39:04.800 INFO Calculating metric: range_constraint_violation_count_regular
2026-04-02 13:39:32.810 INFO Calculating metric: range_constraint_violation_count_suggestion
2026-04-02 13:39:51.905 INFO Calculating metric: statement_count_property_range_all
2026-04-02 13:39:52.015 INFO Calculating metric: statement_count_property_range_mandatory
2026-04-02 13:39:52.074 INFO Calculating metric: statement_count_property_range_regular
2026-04-02 13:39:52.143 INFO Calculating metric: statement_count_property_range_suggestion
2026-04-02 13:39:52.200 INFO Calculating metric: subject_constraint_violation_total
2026-04-02 13:39:52.204 INFO Calculating metric: range_constraint_violation_total_all
2026-04-02 13:39:52.206 INFO Calculating metric: range_constraint_violation_total_mandatory
2026-04-02 13:39:52.209 INFO Calculating metric: range_constraint_violation_total_regular
2026-04-02 13:39:52.212 INFO Calculating metric: range_constraint_violation_total_suggestion
2026-04-02 13:39:52.215 INFO Calculating metric: subject_constraint_violation_ratio
2026-04-02 13:39:52.217 INFO Calculating metric: range_constraint_violation_ratio
2026-04-02 13:39:52.220 INFO Calculating metric: range_constraint_violation_ratio_mandatory
2026-04-02 13:39:52.222 INFO Calculating metric: range_constraint_violation_ratio_regular
2026-04-02 13:39:52.225 INFO Calculating metric: range_constraint_violation_ratio_suggestion
2026-04-02 13:39:52.227 INFO Calculating metric: subject_constraint_completeness
2026-04-02 13:39:52.229 INFO Calculating metric: range_constraint_completeness
2026-04-02 13:39:52.232 INFO Calculating metric: range_constraint_completeness_mandatory
2026-04-02 13:39:52.234 INFO Calculating metric: range_constraint_completeness_regular
2026-04-02 13:39:52.236 INFO Calculating metric: range_constraint_completeness_suggestion
2026-04-02 13:39:52.239 INFO Memory usage (end of timestep): 54.59 GB
2026-04-02 13:39:52.239 INFO (Iteration 56) subject_constraint_violation_count: real 100.00s | cpu 105.40s
2026-04-02 13:39:52.239 INFO (Iteration 56) statement_count_property_subject: real 6.74s | cpu 10.84s
2026-04-02 13:39:52.239 INFO (Iteration 56) subject_constraint_violation_total: real 0.00s | cpu 0.00s
2026-04-02 13:39:52.239 INFO (Iteration 56) subject_constraint_violation_ratio: real 0.00s | cpu 0.00s
2026-04-02 13:39:52.239 INFO (Iteration 56) subject_constraint_completeness: real 0.00s | cpu 0.00s
2026-04-02 13:39:52.239 INFO (Iteration 56) range_constraint_violation_count: real 47.85s | cpu 50.98s
2026-04-02 13:39:52.239 INFO (Iteration 56) range_constraint_violation_count_mandatory: real 0.63s | cpu 1.68s
2026-04-02 13:39:52.239 INFO (Iteration 56) range_constraint_violation_count_regular: real 28.01s | cpu 30.66s
2026-04-02 13:39:52.239 INFO (Iteration 56) range_constraint_violation_count_suggestion: real 19.10s | cpu 20.45s
2026-04-02 13:39:52.239 INFO (Iteration 56) statement_count_property_range_all: real 0.11s | cpu 1.48s
2026-04-02 13:39:52.239 INFO (Iteration 56) statement_count_property_range_mandatory: real 0.06s | cpu 0.77s
2026-04-02 13:39:52.239 INFO (Iteration 56) statement_count_property_range_regular: real 0.07s | cpu 0.93s
2026-04-02 13:39:52.239 INFO (Iteration 56) statement_count_property_range_suggestion: real 0.06s | cpu 0.76s
2026-04-02 13:39:52.239 INFO (Iteration 56) range_constraint_violation_total_all: real 0.00s | cpu 0.00s
2026-04-02 13:39:52.239 INFO (Iteration 56) range_constraint_violation_ratio: real 0.00s | cpu 0.00s
2026-04-02 13:39:52.239 INFO (Iteration 56) range_constraint_completeness: real 0.00s | cpu 0.00s
2026-04-02 13:39:52.239 INFO (Iteration 56) range_constraint_violation_total_mandatory: real 0.00s | cpu 0.00s
2026-04-02 13:39:52.239 INFO (Iteration 56) range_constraint_violation_ratio_mandatory: real 0.00s | cpu 0.00s
2026-04-02 13:39:52.239 INFO (Iteration 56) range_constraint_completeness_mandatory: real 0.00s | cpu 0.00s
2026-04-02 13:39:52.239 INFO (Iteration 56) range_constraint_violation_total_regular: real 0.00s | cpu 0.00s
2026-04-02 13:39:52.239 INFO (Iteration 56) range_constraint_violation_ratio_regular: real 0.00s | cpu 0.00s
2026-04-02 13:39:52.239 INFO (Iteration 56) range_constraint_completeness_regular: real 0.00s | cpu 0.00s
2026-04-02 13:39:52.239 INFO (Iteration 56) range_constraint_violation_total_suggestion: real 0.00s | cpu 0.00s
2026-04-02 13:39:52.240 INFO (Iteration 56) range_constraint_violation_ratio_suggestion: real 0.00s | cpu 0.00s
2026-04-02 13:39:52.240 INFO (Iteration 56) range_constraint_completeness_suggestion: real 0.00s | cpu 0.00s
2026-04-02 13:39:52.240 INFO Iteration 56 finished in 432.02s (real) and 392.53s (process)
2026-04-02 13:39:52.240 INFO Start timestep 2017-07-05 00:00:00+00:00 -> 2017-08-04 00:00:00+00:00
2026-04-02 13:45:28.511 INFO Loading data (2017-07-05 00:00:00+00:00 -> 2017-08-04 00:00:00+00:00) done in 336.27s (real) and 199.56s (process)
2026-04-02 13:45:28.512 INFO Memory usage (start of timestep): 54.59 GB
2026-04-02 13:45:28.512 INFO Calculating metrics
2026-04-02 13:45:28.512 INFO Calculating metric: subject_constraint_violation_count
2026-04-02 13:47:54.388 INFO [subject_constraint_violation_count] processed rows=19811960, result_rows=951
2026-04-02 13:47:56.853 INFO Calculating metric: statement_count_property_subject
2026-04-02 13:48:10.750 INFO Calculating metric: range_constraint_violation_count
2026-04-02 13:49:50.549 INFO Calculating metric: range_constraint_violation_count_mandatory
2026-04-02 13:49:51.201 INFO Calculating metric: range_constraint_violation_count_regular
2026-04-02 13:51:03.576 INFO Calculating metric: range_constraint_violation_count_suggestion
2026-04-02 13:51:29.507 INFO Calculating metric: statement_count_property_range_all
2026-04-02 13:51:29.664 INFO Calculating metric: statement_count_property_range_mandatory
2026-04-02 13:51:29.758 INFO Calculating metric: statement_count_property_range_regular
2026-04-02 13:51:29.870 INFO Calculating metric: statement_count_property_range_suggestion
2026-04-02 13:51:29.966 INFO Calculating metric: subject_constraint_violation_total
2026-04-02 13:51:29.973 INFO Calculating metric: range_constraint_violation_total_all
2026-04-02 13:51:29.979 INFO Calculating metric: range_constraint_violation_total_mandatory
2026-04-02 13:51:29.981 INFO Calculating metric: range_constraint_violation_total_regular
2026-04-02 13:51:29.985 INFO Calculating metric: range_constraint_violation_total_suggestion
2026-04-02 13:51:29.988 INFO Calculating metric: subject_constraint_violation_ratio
2026-04-02 13:51:29.991 INFO Calculating metric: range_constraint_violation_ratio
2026-04-02 13:51:29.995 INFO Calculating metric: range_constraint_violation_ratio_mandatory
2026-04-02 13:51:29.997 INFO Calculating metric: range_constraint_violation_ratio_regular
2026-04-02 13:51:30.000 INFO Calculating metric: range_constraint_violation_ratio_suggestion
2026-04-02 13:51:30.003 INFO Calculating metric: subject_constraint_completeness
2026-04-02 13:51:30.006 INFO Calculating metric: range_constraint_completeness
2026-04-02 13:51:30.010 INFO Calculating metric: range_constraint_completeness_mandatory
2026-04-02 13:51:30.013 INFO Calculating metric: range_constraint_completeness_regular
2026-04-02 13:51:30.016 INFO Calculating metric: range_constraint_completeness_suggestion
2026-04-02 13:51:30.019 INFO Memory usage (end of timestep): 71.80 GB
2026-04-02 13:51:30.019 INFO (Iteration 57) subject_constraint_violation_count: real 148.34s | cpu 158.17s
2026-04-02 13:51:30.019 INFO (Iteration 57) statement_count_property_subject: real 13.90s | cpu 21.26s
2026-04-02 13:51:30.019 INFO (Iteration 57) subject_constraint_violation_total: real 0.01s | cpu 0.00s
2026-04-02 13:51:30.019 INFO (Iteration 57) subject_constraint_violation_ratio: real 0.00s | cpu 0.00s
2026-04-02 13:51:30.019 INFO (Iteration 57) subject_constraint_completeness: real 0.00s | cpu 0.00s
2026-04-02 13:51:30.019 INFO (Iteration 57) range_constraint_violation_count: real 99.80s | cpu 107.05s
2026-04-02 13:51:30.019 INFO (Iteration 57) range_constraint_violation_count_mandatory: real 0.64s | cpu 2.46s
2026-04-02 13:51:30.019 INFO (Iteration 57) range_constraint_violation_count_regular: real 72.38s | cpu 78.82s
2026-04-02 13:51:30.019 INFO (Iteration 57) range_constraint_violation_count_suggestion: real 25.92s | cpu 28.23s
2026-04-02 13:51:30.019 INFO (Iteration 57) statement_count_property_range_all: real 0.16s | cpu 2.27s
2026-04-02 13:51:30.019 INFO (Iteration 57) statement_count_property_range_mandatory: real 0.09s | cpu 1.35s
2026-04-02 13:51:30.019 INFO (Iteration 57) statement_count_property_range_regular: real 0.11s | cpu 1.64s
2026-04-02 13:51:30.019 INFO (Iteration 57) statement_count_property_range_suggestion: real 0.10s | cpu 1.32s
2026-04-02 13:51:30.020 INFO (Iteration 57) range_constraint_violation_total_all: real 0.01s | cpu 0.00s
2026-04-02 13:51:30.020 INFO (Iteration 57) range_constraint_violation_ratio: real 0.00s | cpu 0.00s
2026-04-02 13:51:30.020 INFO (Iteration 57) range_constraint_completeness: real 0.00s | cpu 0.00s
2026-04-02 13:51:30.020 INFO (Iteration 57) range_constraint_violation_total_mandatory: real 0.00s | cpu 0.00s
2026-04-02 13:51:30.020 INFO (Iteration 57) range_constraint_violation_ratio_mandatory: real 0.00s | cpu 0.00s
2026-04-02 13:51:30.020 INFO (Iteration 57) range_constraint_completeness_mandatory: real 0.00s | cpu 0.00s
2026-04-02 13:51:30.020 INFO (Iteration 57) range_constraint_violation_total_regular: real 0.00s | cpu 0.00s
2026-04-02 13:51:30.020 INFO (Iteration 57) range_constraint_violation_ratio_regular: real 0.00s | cpu 0.00s
2026-04-02 13:51:30.020 INFO (Iteration 57) range_constraint_completeness_regular: real 0.00s | cpu 0.00s
2026-04-02 13:51:30.020 INFO (Iteration 57) range_constraint_violation_total_suggestion: real 0.00s | cpu 0.00s
2026-04-02 13:51:30.020 INFO (Iteration 57) range_constraint_violation_ratio_suggestion: real 0.00s | cpu 0.00s
2026-04-02 13:51:30.020 INFO (Iteration 57) range_constraint_completeness_suggestion: real 0.00s | cpu 0.00s
2026-04-02 13:51:30.020 INFO Iteration 57 finished in 697.78s (real) and 602.15s (process)
2026-04-02 13:51:30.020 INFO Start timestep 2017-08-04 00:00:00+00:00 -> 2017-09-03 00:00:00+00:00
2026-04-02 14:01:43.121 INFO Loading data (2017-08-04 00:00:00+00:00 -> 2017-09-03 00:00:00+00:00) done in 613.10s (real) and 829.33s (process)
2026-04-02 14:01:43.132 INFO Memory usage (start of timestep): 86.46 GB
2026-04-02 14:01:43.132 INFO Calculating metrics
2026-04-02 14:01:43.132 INFO Calculating metric: subject_constraint_violation_count
2026-04-02 14:04:37.508 INFO [subject_constraint_violation_count] processed rows=38845882, result_rows=924
2026-04-02 14:04:42.273 INFO Calculating metric: statement_count_property_subject
2026-04-02 14:05:09.816 INFO Calculating metric: range_constraint_violation_count
2026-04-02 14:07:43.645 INFO Calculating metric: range_constraint_violation_count_mandatory
2026-04-02 14:07:45.110 INFO Calculating metric: range_constraint_violation_count_regular
2026-04-02 14:10:13.769 INFO Calculating metric: range_constraint_violation_count_suggestion
2026-04-02 14:10:15.693 INFO Calculating metric: statement_count_property_range_all
2026-04-02 14:10:15.933 INFO Calculating metric: statement_count_property_range_mandatory
2026-04-02 14:10:16.109 INFO Calculating metric: statement_count_property_range_regular
2026-04-02 14:10:16.313 INFO Calculating metric: statement_count_property_range_suggestion
2026-04-02 14:10:16.481 INFO Calculating metric: subject_constraint_violation_total
2026-04-02 14:10:16.484 INFO Calculating metric: range_constraint_violation_total_all
2026-04-02 14:10:16.487 INFO Calculating metric: range_constraint_violation_total_mandatory
2026-04-02 14:10:16.489 INFO Calculating metric: range_constraint_violation_total_regular
2026-04-02 14:10:16.491 INFO Calculating metric: range_constraint_violation_total_suggestion
2026-04-02 14:10:16.493 INFO Calculating metric: subject_constraint_violation_ratio
2026-04-02 14:10:16.496 INFO Calculating metric: range_constraint_violation_ratio
2026-04-02 14:10:16.498 INFO Calculating metric: range_constraint_violation_ratio_mandatory
2026-04-02 14:10:16.500 INFO Calculating metric: range_constraint_violation_ratio_regular
2026-04-02 14:10:16.502 INFO Calculating metric: range_constraint_violation_ratio_suggestion
2026-04-02 14:10:16.504 INFO Calculating metric: subject_constraint_completeness
2026-04-02 14:10:16.506 INFO Calculating metric: range_constraint_completeness
2026-04-02 14:10:16.507 INFO Calculating metric: range_constraint_completeness_mandatory
2026-04-02 14:10:16.509 INFO Calculating metric: range_constraint_completeness_regular
2026-04-02 14:10:16.511 INFO Calculating metric: range_constraint_completeness_suggestion
2026-04-02 14:10:16.512 INFO Memory usage (end of timestep): 117.38 GB
2026-04-02 14:10:16.512 INFO (Iteration 58) subject_constraint_violation_count: real 179.14s | cpu 198.21s
2026-04-02 14:10:16.512 INFO (Iteration 58) statement_count_property_subject: real 27.54s | cpu 40.98s
2026-04-02 14:10:16.512 INFO (Iteration 58) subject_constraint_violation_total: real 0.00s | cpu 0.00s
2026-04-02 14:10:16.512 INFO (Iteration 58) subject_constraint_violation_ratio: real 0.00s | cpu 0.00s
2026-04-02 14:10:16.512 INFO (Iteration 58) subject_constraint_completeness: real 0.00s | cpu 0.00s
2026-04-02 14:10:16.512 INFO (Iteration 58) range_constraint_violation_count: real 153.83s | cpu 167.80s
2026-04-02 14:10:16.512 INFO (Iteration 58) range_constraint_violation_count_mandatory: real 1.45s | cpu 4.70s
2026-04-02 14:10:16.512 INFO (Iteration 58) range_constraint_violation_count_regular: real 148.66s | cpu 161.72s
2026-04-02 14:10:16.512 INFO (Iteration 58) range_constraint_violation_count_suggestion: real 1.92s | cpu 5.05s
2026-04-02 14:10:16.512 INFO (Iteration 58) statement_count_property_range_all: real 0.24s | cpu 3.62s
2026-04-02 14:10:16.512 INFO (Iteration 58) statement_count_property_range_mandatory: real 0.18s | cpu 2.68s
2026-04-02 14:10:16.512 INFO (Iteration 58) statement_count_property_range_regular: real 0.20s | cpu 3.09s
2026-04-02 14:10:16.512 INFO (Iteration 58) statement_count_property_range_suggestion: real 0.17s | cpu 2.55s
2026-04-02 14:10:16.512 INFO (Iteration 58) range_constraint_violation_total_all: real 0.00s | cpu 0.00s
2026-04-02 14:10:16.512 INFO (Iteration 58) range_constraint_violation_ratio: real 0.00s | cpu 0.00s
2026-04-02 14:10:16.512 INFO (Iteration 58) range_constraint_completeness: real 0.00s | cpu 0.00s
2026-04-02 14:10:16.512 INFO (Iteration 58) range_constraint_violation_total_mandatory: real 0.00s | cpu 0.00s
2026-04-02 14:10:16.513 INFO (Iteration 58) range_constraint_violation_ratio_mandatory: real 0.00s | cpu 0.00s
2026-04-02 14:10:16.513 INFO (Iteration 58) range_constraint_completeness_mandatory: real 0.00s | cpu 0.00s
2026-04-02 14:10:16.513 INFO (Iteration 58) range_constraint_violation_total_regular: real 0.00s | cpu 0.00s
2026-04-02 14:10:16.513 INFO (Iteration 58) range_constraint_violation_ratio_regular: real 0.00s | cpu 0.00s
2026-04-02 14:10:16.513 INFO (Iteration 58) range_constraint_completeness_regular: real 0.00s | cpu 0.00s
2026-04-02 14:10:16.513 INFO (Iteration 58) range_constraint_violation_total_suggestion: real 0.00s | cpu 0.00s
2026-04-02 14:10:16.513 INFO (Iteration 58) range_constraint_violation_ratio_suggestion: real 0.00s | cpu 0.00s
2026-04-02 14:10:16.513 INFO (Iteration 58) range_constraint_completeness_suggestion: real 0.00s | cpu 0.00s
2026-04-02 14:10:16.513 INFO Iteration 58 finished in 1126.49s (real) and 1419.74s (process)
2026-04-02 14:10:16.513 INFO Start timestep 2017-09-03 00:00:00+00:00 -> 2017-10-03 00:00:00+00:00
2026-04-02 14:26:45.014 INFO Loading data (2017-09-03 00:00:00+00:00 -> 2017-10-03 00:00:00+00:00) done in 988.50s (real) and 594.52s (process)
2026-04-02 14:26:45.027 INFO Memory usage (start of timestep): 140.51 GB
2026-04-02 14:26:45.027 INFO Calculating metrics
2026-04-02 14:26:45.027 INFO Calculating metric: subject_constraint_violation_count
2026-04-02 14:31:22.978 INFO [subject_constraint_violation_count] processed rows=60861291, result_rows=1005
2026-04-02 14:31:30.048 INFO Calculating metric: statement_count_property_subject
2026-04-02 14:32:16.166 INFO Calculating metric: range_constraint_violation_count
2026-04-02 14:34:44.210 INFO Calculating metric: range_constraint_violation_count_mandatory
2026-04-02 14:34:50.472 INFO Calculating metric: range_constraint_violation_count_regular
2026-04-02 14:37:10.430 INFO Calculating metric: range_constraint_violation_count_suggestion
2026-04-02 14:37:10.965 INFO Calculating metric: statement_count_property_range_all
2026-04-02 14:37:11.269 INFO Calculating metric: statement_count_property_range_mandatory
2026-04-02 14:37:11.531 INFO Calculating metric: statement_count_property_range_regular
2026-04-02 14:37:11.818 INFO Calculating metric: statement_count_property_range_suggestion
2026-04-02 14:37:12.077 INFO Calculating metric: subject_constraint_violation_total
2026-04-02 14:37:12.080 INFO Calculating metric: range_constraint_violation_total_all
2026-04-02 14:37:12.082 INFO Calculating metric: range_constraint_violation_total_mandatory
2026-04-02 14:37:12.085 INFO Calculating metric: range_constraint_violation_total_regular
2026-04-02 14:37:12.087 INFO Calculating metric: range_constraint_violation_total_suggestion
2026-04-02 14:37:12.090 INFO Calculating metric: subject_constraint_violation_ratio
2026-04-02 14:37:12.092 INFO Calculating metric: range_constraint_violation_ratio
2026-04-02 14:37:12.094 INFO Calculating metric: range_constraint_violation_ratio_mandatory
2026-04-02 14:37:12.097 INFO Calculating metric: range_constraint_violation_ratio_regular
2026-04-02 14:37:12.099 INFO Calculating metric: range_constraint_violation_ratio_suggestion
2026-04-02 14:37:12.101 INFO Calculating metric: subject_constraint_completeness
2026-04-02 14:37:12.103 INFO Calculating metric: range_constraint_completeness
2026-04-02 14:37:12.105 INFO Calculating metric: range_constraint_completeness_mandatory
2026-04-02 14:37:12.107 INFO Calculating metric: range_constraint_completeness_regular
2026-04-02 14:37:12.110 INFO Calculating metric: range_constraint_completeness_suggestion
2026-04-02 14:37:12.112 INFO Memory usage (end of timestep): 181.16 GB
2026-04-02 14:37:12.112 INFO (Iteration 59) subject_constraint_violation_count: real 285.02s | cpu 310.42s
2026-04-02 14:37:12.112 INFO (Iteration 59) statement_count_property_subject: real 46.12s | cpu 63.09s
2026-04-02 14:37:12.112 INFO (Iteration 59) subject_constraint_violation_total: real 0.00s | cpu 0.00s
2026-04-02 14:37:12.112 INFO (Iteration 59) subject_constraint_violation_ratio: real 0.00s | cpu 0.00s
2026-04-02 14:37:12.112 INFO (Iteration 59) subject_constraint_completeness: real 0.00s | cpu 0.00s
2026-04-02 14:37:12.112 INFO (Iteration 59) range_constraint_violation_count: real 148.04s | cpu 160.82s
2026-04-02 14:37:12.112 INFO (Iteration 59) range_constraint_violation_count_mandatory: real 6.25s | cpu 10.75s
2026-04-02 14:37:12.112 INFO (Iteration 59) range_constraint_violation_count_regular: real 139.96s | cpu 152.64s
2026-04-02 14:37:12.112 INFO (Iteration 59) range_constraint_violation_count_suggestion: real 0.53s | cpu 4.97s
2026-04-02 14:37:12.112 INFO (Iteration 59) statement_count_property_range_all: real 0.30s | cpu 4.65s
2026-04-02 14:37:12.112 INFO (Iteration 59) statement_count_property_range_mandatory: real 0.26s | cpu 4.01s
2026-04-02 14:37:12.112 INFO (Iteration 59) statement_count_property_range_regular: real 0.29s | cpu 4.41s
2026-04-02 14:37:12.112 INFO (Iteration 59) statement_count_property_range_suggestion: real 0.26s | cpu 3.97s
2026-04-02 14:37:12.112 INFO (Iteration 59) range_constraint_violation_total_all: real 0.00s | cpu 0.00s
2026-04-02 14:37:12.112 INFO (Iteration 59) range_constraint_violation_ratio: real 0.00s | cpu 0.00s
2026-04-02 14:37:12.112 INFO (Iteration 59) range_constraint_completeness: real 0.00s | cpu 0.00s
2026-04-02 14:37:12.112 INFO (Iteration 59) range_constraint_violation_total_mandatory: real 0.00s | cpu 0.00s
2026-04-02 14:37:12.112 INFO (Iteration 59) range_constraint_violation_ratio_mandatory: real 0.00s | cpu 0.00s
2026-04-02 14:37:12.112 INFO (Iteration 59) range_constraint_completeness_mandatory: real 0.00s | cpu 0.00s
2026-04-02 14:37:12.112 INFO (Iteration 59) range_constraint_violation_total_regular: real 0.00s | cpu 0.00s
2026-04-02 14:37:12.112 INFO (Iteration 59) range_constraint_violation_ratio_regular: real 0.00s | cpu 0.00s
2026-04-02 14:37:12.112 INFO (Iteration 59) range_constraint_completeness_regular: real 0.00s | cpu 0.00s
2026-04-02 14:37:12.112 INFO (Iteration 59) range_constraint_violation_total_suggestion: real 0.00s | cpu 0.00s
2026-04-02 14:37:12.112 INFO (Iteration 59) range_constraint_violation_ratio_suggestion: real 0.00s | cpu 0.00s
2026-04-02 14:37:12.112 INFO (Iteration 59) range_constraint_completeness_suggestion: real 0.00s | cpu 0.00s
2026-04-02 14:37:12.112 INFO Iteration 59 finished in 1615.60s (real) and 1314.26s (process)
2026-04-02 14:37:12.112 INFO Start timestep 2017-10-03 00:00:00+00:00 -> 2017-11-02 00:00:00+00:00
2026-04-02 14:41:09.858 INFO Loading data (2017-10-03 00:00:00+00:00 -> 2017-11-02 00:00:00+00:00) done in 237.75s (real) and 143.43s (process)
2026-04-02 14:41:09.858 INFO Memory usage (start of timestep): 181.16 GB
2026-04-02 14:41:09.858 INFO Calculating metrics
2026-04-02 14:41:09.859 INFO Calculating metric: subject_constraint_violation_count
2026-04-02 14:45:09.001 INFO [subject_constraint_violation_count] processed rows=11519085, result_rows=1030
2026-04-02 14:45:10.617 INFO Calculating metric: statement_count_property_subject
2026-04-02 14:45:18.969 INFO Calculating metric: range_constraint_violation_count
2026-04-02 14:46:06.465 INFO Calculating metric: range_constraint_violation_count_mandatory
2026-04-02 14:46:07.232 INFO Calculating metric: range_constraint_violation_count_regular
2026-04-02 14:46:53.720 INFO Calculating metric: range_constraint_violation_count_suggestion
2026-04-02 14:46:54.187 INFO Calculating metric: statement_count_property_range_all
2026-04-02 14:46:54.288 INFO Calculating metric: statement_count_property_range_mandatory
2026-04-02 14:46:54.355 INFO Calculating metric: statement_count_property_range_regular
2026-04-02 14:46:54.429 INFO Calculating metric: statement_count_property_range_suggestion
2026-04-02 14:46:54.494 INFO Calculating metric: subject_constraint_violation_total
2026-04-02 14:46:54.497 INFO Calculating metric: range_constraint_violation_total_all
2026-04-02 14:46:54.499 INFO Calculating metric: range_constraint_violation_total_mandatory
2026-04-02 14:46:54.502 INFO Calculating metric: range_constraint_violation_total_regular
2026-04-02 14:46:54.504 INFO Calculating metric: range_constraint_violation_total_suggestion
2026-04-02 14:46:54.507 INFO Calculating metric: subject_constraint_violation_ratio
2026-04-02 14:46:54.510 INFO Calculating metric: range_constraint_violation_ratio
2026-04-02 14:46:54.512 INFO Calculating metric: range_constraint_violation_ratio_mandatory
2026-04-02 14:46:54.515 INFO Calculating metric: range_constraint_violation_ratio_regular
2026-04-02 14:46:54.517 INFO Calculating metric: range_constraint_violation_ratio_suggestion
2026-04-02 14:46:54.520 INFO Calculating metric: subject_constraint_completeness
2026-04-02 14:46:54.523 INFO Calculating metric: range_constraint_completeness
2026-04-02 14:46:54.526 INFO Calculating metric: range_constraint_completeness_mandatory
2026-04-02 14:46:54.528 INFO Calculating metric: range_constraint_completeness_regular
2026-04-02 14:46:54.531 INFO Calculating metric: range_constraint_completeness_suggestion
2026-04-02 14:46:54.533 INFO Memory usage (end of timestep): 181.16 GB
2026-04-02 14:46:54.533 INFO (Iteration 60) subject_constraint_violation_count: real 240.76s | cpu 246.81s
2026-04-02 14:46:54.534 INFO (Iteration 60) statement_count_property_subject: real 8.35s | cpu 13.11s
2026-04-02 14:46:54.534 INFO (Iteration 60) subject_constraint_violation_total: real 0.00s | cpu 0.00s
2026-04-02 14:46:54.534 INFO (Iteration 60) subject_constraint_violation_ratio: real 0.00s | cpu 0.00s
2026-04-02 14:46:54.534 INFO (Iteration 60) subject_constraint_completeness: real 0.00s | cpu 0.00s
2026-04-02 14:46:54.534 INFO (Iteration 60) range_constraint_violation_count: real 47.50s | cpu 51.57s
2026-04-02 14:46:54.534 INFO (Iteration 60) range_constraint_violation_count_mandatory: real 0.77s | cpu 1.95s
2026-04-02 14:46:54.534 INFO (Iteration 60) range_constraint_violation_count_regular: real 46.49s | cpu 50.45s
2026-04-02 14:46:54.534 INFO (Iteration 60) range_constraint_violation_count_suggestion: real 0.47s | cpu 1.55s
2026-04-02 14:46:54.534 INFO (Iteration 60) statement_count_property_range_all: real 0.10s | cpu 1.38s
2026-04-02 14:46:54.534 INFO (Iteration 60) statement_count_property_range_mandatory: real 0.07s | cpu 0.92s
2026-04-02 14:46:54.534 INFO (Iteration 60) statement_count_property_range_regular: real 0.07s | cpu 1.01s
2026-04-02 14:46:54.534 INFO (Iteration 60) statement_count_property_range_suggestion: real 0.06s | cpu 0.90s
2026-04-02 14:46:54.534 INFO (Iteration 60) range_constraint_violation_total_all: real 0.00s | cpu 0.00s
2026-04-02 14:46:54.534 INFO (Iteration 60) range_constraint_violation_ratio: real 0.00s | cpu 0.00s
2026-04-02 14:46:54.534 INFO (Iteration 60) range_constraint_completeness: real 0.00s | cpu 0.00s
2026-04-02 14:46:54.534 INFO (Iteration 60) range_constraint_violation_total_mandatory: real 0.00s | cpu 0.00s
2026-04-02 14:46:54.534 INFO (Iteration 60) range_constraint_violation_ratio_mandatory: real 0.00s | cpu 0.00s
2026-04-02 14:46:54.534 INFO (Iteration 60) range_constraint_completeness_mandatory: real 0.00s | cpu 0.00s
2026-04-02 14:46:54.534 INFO (Iteration 60) range_constraint_violation_total_regular: real 0.00s | cpu 0.00s
2026-04-02 14:46:54.534 INFO (Iteration 60) range_constraint_violation_ratio_regular: real 0.00s | cpu 0.00s
2026-04-02 14:46:54.534 INFO (Iteration 60) range_constraint_completeness_regular: real 0.00s | cpu 0.00s
2026-04-02 14:46:54.534 INFO (Iteration 60) range_constraint_violation_total_suggestion: real 0.00s | cpu 0.00s
2026-04-02 14:46:54.534 INFO (Iteration 60) range_constraint_violation_ratio_suggestion: real 0.00s | cpu 0.00s
2026-04-02 14:46:54.534 INFO (Iteration 60) range_constraint_completeness_suggestion: real 0.00s | cpu 0.00s
2026-04-02 14:46:54.534 INFO Iteration 60 finished in 582.42s (real) and 513.09s (process)
2026-04-02 14:46:54.534 INFO Start timestep 2017-11-02 00:00:00+00:00 -> 2017-12-02 00:00:00+00:00
2026-04-02 14:51:55.060 INFO Loading data (2017-11-02 00:00:00+00:00 -> 2017-12-02 00:00:00+00:00) done in 300.53s (real) and 251.20s (process)
2026-04-02 14:51:55.061 INFO Memory usage (start of timestep): 181.16 GB
2026-04-02 14:51:55.061 INFO Calculating metrics
2026-04-02 14:51:55.061 INFO Calculating metric: subject_constraint_violation_count
2026-04-02 14:56:07.298 INFO [subject_constraint_violation_count] processed rows=17738250, result_rows=1030
2026-04-02 14:56:09.594 INFO Calculating metric: statement_count_property_subject
2026-04-02 14:56:22.020 INFO Calculating metric: range_constraint_violation_count
2026-04-02 14:57:45.782 INFO Calculating metric: range_constraint_violation_count_mandatory
2026-04-02 14:57:49.750 INFO Calculating metric: range_constraint_violation_count_regular
2026-04-02 14:59:07.242 INFO Calculating metric: range_constraint_violation_count_suggestion
2026-04-02 14:59:09.045 INFO Calculating metric: statement_count_property_range_all
2026-04-02 14:59:09.188 INFO Calculating metric: statement_count_property_range_mandatory
2026-04-02 14:59:09.283 INFO Calculating metric: statement_count_property_range_regular
2026-04-02 14:59:09.388 INFO Calculating metric: statement_count_property_range_suggestion
2026-04-02 14:59:09.479 INFO Calculating metric: subject_constraint_violation_total
2026-04-02 14:59:09.482 INFO Calculating metric: range_constraint_violation_total_all
2026-04-02 14:59:09.484 INFO Calculating metric: range_constraint_violation_total_mandatory
2026-04-02 14:59:09.487 INFO Calculating metric: range_constraint_violation_total_regular
2026-04-02 14:59:09.490 INFO Calculating metric: range_constraint_violation_total_suggestion
2026-04-02 14:59:09.492 INFO Calculating metric: subject_constraint_violation_ratio
2026-04-02 14:59:09.495 INFO Calculating metric: range_constraint_violation_ratio
2026-04-02 14:59:09.498 INFO Calculating metric: range_constraint_violation_ratio_mandatory
2026-04-02 14:59:09.500 INFO Calculating metric: range_constraint_violation_ratio_regular
2026-04-02 14:59:09.502 INFO Calculating metric: range_constraint_violation_ratio_suggestion
2026-04-02 14:59:09.504 INFO Calculating metric: subject_constraint_completeness
2026-04-02 14:59:09.507 INFO Calculating metric: range_constraint_completeness
2026-04-02 14:59:09.509 INFO Calculating metric: range_constraint_completeness_mandatory
2026-04-02 14:59:09.511 INFO Calculating metric: range_constraint_completeness_regular
2026-04-02 14:59:09.513 INFO Calculating metric: range_constraint_completeness_suggestion
2026-04-02 14:59:09.515 INFO Memory usage (end of timestep): 181.16 GB
2026-04-02 14:59:09.516 INFO (Iteration 61) subject_constraint_violation_count: real 254.53s | cpu 264.40s
2026-04-02 14:59:09.516 INFO (Iteration 61) statement_count_property_subject: real 12.43s | cpu 19.47s
2026-04-02 14:59:09.516 INFO (Iteration 61) subject_constraint_violation_total: real 0.00s | cpu 0.00s
2026-04-02 14:59:09.516 INFO (Iteration 61) subject_constraint_violation_ratio: real 0.00s | cpu 0.00s
2026-04-02 14:59:09.516 INFO (Iteration 61) subject_constraint_completeness: real 0.00s | cpu 0.00s
2026-04-02 14:59:09.516 INFO (Iteration 61) range_constraint_violation_count: real 83.76s | cpu 90.34s
2026-04-02 14:59:09.516 INFO (Iteration 61) range_constraint_violation_count_mandatory: real 3.96s | cpu 5.79s
2026-04-02 14:59:09.516 INFO (Iteration 61) range_constraint_violation_count_regular: real 77.49s | cpu 83.98s
2026-04-02 14:59:09.516 INFO (Iteration 61) range_constraint_violation_count_suggestion: real 1.80s | cpu 3.38s
2026-04-02 14:59:09.516 INFO (Iteration 61) statement_count_property_range_all: real 0.14s | cpu 2.02s
2026-04-02 14:59:09.516 INFO (Iteration 61) statement_count_property_range_mandatory: real 0.09s | cpu 1.36s
2026-04-02 14:59:09.516 INFO (Iteration 61) statement_count_property_range_regular: real 0.10s | cpu 1.52s
2026-04-02 14:59:09.516 INFO (Iteration 61) statement_count_property_range_suggestion: real 0.09s | cpu 1.32s
2026-04-02 14:59:09.516 INFO (Iteration 61) range_constraint_violation_total_all: real 0.00s | cpu 0.00s
2026-04-02 14:59:09.516 INFO (Iteration 61) range_constraint_violation_ratio: real 0.00s | cpu 0.00s
2026-04-02 14:59:09.516 INFO (Iteration 61) range_constraint_completeness: real 0.00s | cpu 0.00s
2026-04-02 14:59:09.516 INFO (Iteration 61) range_constraint_violation_total_mandatory: real 0.00s | cpu 0.00s
2026-04-02 14:59:09.516 INFO (Iteration 61) range_constraint_violation_ratio_mandatory: real 0.00s | cpu 0.00s
2026-04-02 14:59:09.516 INFO (Iteration 61) range_constraint_completeness_mandatory: real 0.00s | cpu 0.00s
2026-04-02 14:59:09.516 INFO (Iteration 61) range_constraint_violation_total_regular: real 0.00s | cpu 0.00s
2026-04-02 14:59:09.516 INFO (Iteration 61) range_constraint_violation_ratio_regular: real 0.00s | cpu 0.00s
2026-04-02 14:59:09.516 INFO (Iteration 61) range_constraint_completeness_regular: real 0.00s | cpu 0.00s
2026-04-02 14:59:09.516 INFO (Iteration 61) range_constraint_violation_total_suggestion: real 0.00s | cpu 0.00s
2026-04-02 14:59:09.516 INFO (Iteration 61) range_constraint_violation_ratio_suggestion: real 0.00s | cpu 0.00s
2026-04-02 14:59:09.516 INFO (Iteration 61) range_constraint_completeness_suggestion: real 0.00s | cpu 0.00s
2026-04-02 14:59:09.516 INFO Iteration 61 finished in 734.98s (real) and 724.79s (process)
2026-04-02 14:59:09.516 INFO Start timestep 2017-12-02 00:00:00+00:00 -> 2018-01-01 00:00:00+00:00
2026-04-02 15:06:04.547 INFO Loading data (2017-12-02 00:00:00+00:00 -> 2018-01-01 00:00:00+00:00) done in 415.03s (real) and 248.36s (process)
2026-04-02 15:06:04.556 INFO Memory usage (start of timestep): 181.16 GB
2026-04-02 15:06:04.556 INFO Calculating metrics
2026-04-02 15:06:04.557 INFO Calculating metric: subject_constraint_violation_count
2026-04-02 15:11:22.311 INFO [subject_constraint_violation_count] processed rows=24527567, result_rows=1005
2026-04-02 15:11:25.433 INFO Calculating metric: statement_count_property_subject
2026-04-02 15:11:42.587 INFO Calculating metric: range_constraint_violation_count
2026-04-02 15:13:34.250 INFO Calculating metric: range_constraint_violation_count_mandatory
2026-04-02 15:13:38.609 INFO Calculating metric: range_constraint_violation_count_regular
2026-04-02 15:15:25.516 INFO Calculating metric: range_constraint_violation_count_suggestion
2026-04-02 15:15:25.893 INFO Calculating metric: statement_count_property_range_all
2026-04-02 15:15:26.041 INFO Calculating metric: statement_count_property_range_mandatory
2026-04-02 15:15:26.165 INFO Calculating metric: statement_count_property_range_regular
2026-04-02 15:15:26.302 INFO Calculating metric: statement_count_property_range_suggestion
2026-04-02 15:15:26.430 INFO Calculating metric: subject_constraint_violation_total
2026-04-02 15:15:26.433 INFO Calculating metric: range_constraint_violation_total_all
2026-04-02 15:15:26.437 INFO Calculating metric: range_constraint_violation_total_mandatory
2026-04-02 15:15:26.440 INFO Calculating metric: range_constraint_violation_total_regular
2026-04-02 15:15:26.442 INFO Calculating metric: range_constraint_violation_total_suggestion
2026-04-02 15:15:26.444 INFO Calculating metric: subject_constraint_violation_ratio
2026-04-02 15:15:26.447 INFO Calculating metric: range_constraint_violation_ratio
2026-04-02 15:15:26.449 INFO Calculating metric: range_constraint_violation_ratio_mandatory
2026-04-02 15:15:26.451 INFO Calculating metric: range_constraint_violation_ratio_regular
2026-04-02 15:15:26.457 INFO Calculating metric: range_constraint_violation_ratio_suggestion
2026-04-02 15:15:26.459 INFO Calculating metric: subject_constraint_completeness
2026-04-02 15:15:26.462 INFO Calculating metric: range_constraint_completeness
2026-04-02 15:15:26.464 INFO Calculating metric: range_constraint_completeness_mandatory
2026-04-02 15:15:26.466 INFO Calculating metric: range_constraint_completeness_regular
2026-04-02 15:15:26.468 INFO Calculating metric: range_constraint_completeness_suggestion
2026-04-02 15:15:26.471 INFO Memory usage (end of timestep): 181.16 GB
2026-04-02 15:15:26.471 INFO (Iteration 62) subject_constraint_violation_count: real 320.88s | cpu 333.51s
2026-04-02 15:15:26.471 INFO (Iteration 62) statement_count_property_subject: real 17.15s | cpu 26.00s
2026-04-02 15:15:26.471 INFO (Iteration 62) subject_constraint_violation_total: real 0.00s | cpu 0.00s
2026-04-02 15:15:26.471 INFO (Iteration 62) subject_constraint_violation_ratio: real 0.00s | cpu 0.00s
2026-04-02 15:15:26.471 INFO (Iteration 62) subject_constraint_completeness: real 0.00s | cpu 0.00s
2026-04-02 15:15:26.471 INFO (Iteration 62) range_constraint_violation_count: real 111.66s | cpu 120.80s
2026-04-02 15:15:26.471 INFO (Iteration 62) range_constraint_violation_count_mandatory: real 4.35s | cpu 6.66s
2026-04-02 15:15:26.471 INFO (Iteration 62) range_constraint_violation_count_regular: real 106.91s | cpu 115.86s
2026-04-02 15:15:26.471 INFO (Iteration 62) range_constraint_violation_count_suggestion: real 0.38s | cpu 2.58s
2026-04-02 15:15:26.471 INFO (Iteration 62) statement_count_property_range_all: real 0.15s | cpu 2.14s
2026-04-02 15:15:26.471 INFO (Iteration 62) statement_count_property_range_mandatory: real 0.12s | cpu 1.83s
2026-04-02 15:15:26.471 INFO (Iteration 62) statement_count_property_range_regular: real 0.14s | cpu 2.04s
2026-04-02 15:15:26.471 INFO (Iteration 62) statement_count_property_range_suggestion: real 0.13s | cpu 1.78s
2026-04-02 15:15:26.471 INFO (Iteration 62) range_constraint_violation_total_all: real 0.00s | cpu 0.00s
2026-04-02 15:15:26.471 INFO (Iteration 62) range_constraint_violation_ratio: real 0.00s | cpu 0.00s
2026-04-02 15:15:26.471 INFO (Iteration 62) range_constraint_completeness: real 0.00s | cpu 0.00s
2026-04-02 15:15:26.471 INFO (Iteration 62) range_constraint_violation_total_mandatory: real 0.00s | cpu 0.00s
2026-04-02 15:15:26.471 INFO (Iteration 62) range_constraint_violation_ratio_mandatory: real 0.00s | cpu 0.00s
2026-04-02 15:15:26.471 INFO (Iteration 62) range_constraint_completeness_mandatory: real 0.00s | cpu 0.00s
2026-04-02 15:15:26.471 INFO (Iteration 62) range_constraint_violation_total_regular: real 0.00s | cpu 0.00s
2026-04-02 15:15:26.471 INFO (Iteration 62) range_constraint_violation_ratio_regular: real 0.01s | cpu 0.00s
2026-04-02 15:15:26.471 INFO (Iteration 62) range_constraint_completeness_regular: real 0.00s | cpu 0.00s
2026-04-02 15:15:26.471 INFO (Iteration 62) range_constraint_violation_total_suggestion: real 0.00s | cpu 0.00s
2026-04-02 15:15:26.471 INFO (Iteration 62) range_constraint_violation_ratio_suggestion: real 0.00s | cpu 0.00s
2026-04-02 15:15:26.471 INFO (Iteration 62) range_constraint_completeness_suggestion: real 0.00s | cpu 0.00s
2026-04-02 15:15:26.471 INFO Iteration 62 finished in 976.96s (real) and 861.55s (process)
2026-04-02 15:15:26.472 INFO Start timestep 2018-01-01 00:00:00+00:00 -> 2018-01-31 00:00:00+00:00
2026-04-02 15:17:30.153 INFO Loading data (2018-01-01 00:00:00+00:00 -> 2018-01-31 00:00:00+00:00) done in 123.68s (real) and 77.05s (process)
2026-04-02 15:17:30.163 INFO Memory usage (start of timestep): 181.16 GB
2026-04-02 15:17:30.163 INFO Calculating metrics
2026-04-02 15:17:30.163 INFO Calculating metric: subject_constraint_violation_count
2026-04-02 15:22:12.108 INFO [subject_constraint_violation_count] processed rows=5876038, result_rows=1038
2026-04-02 15:22:13.027 INFO Calculating metric: statement_count_property_subject
2026-04-02 15:22:17.235 INFO Calculating metric: range_constraint_violation_count
2026-04-02 15:22:43.770 INFO Calculating metric: range_constraint_violation_count_mandatory
2026-04-02 15:22:44.499 INFO Calculating metric: range_constraint_violation_count_regular
2026-04-02 15:23:09.853 INFO Calculating metric: range_constraint_violation_count_suggestion
2026-04-02 15:23:10.150 INFO Calculating metric: statement_count_property_range_all
2026-04-02 15:23:10.216 INFO Calculating metric: statement_count_property_range_mandatory
2026-04-02 15:23:10.253 INFO Calculating metric: statement_count_property_range_regular
2026-04-02 15:23:10.295 INFO Calculating metric: statement_count_property_range_suggestion
2026-04-02 15:23:10.327 INFO Calculating metric: subject_constraint_violation_total
2026-04-02 15:23:10.330 INFO Calculating metric: range_constraint_violation_total_all
2026-04-02 15:23:10.336 INFO Calculating metric: range_constraint_violation_total_mandatory
2026-04-02 15:23:10.338 INFO Calculating metric: range_constraint_violation_total_regular
2026-04-02 15:23:10.341 INFO Calculating metric: range_constraint_violation_total_suggestion
2026-04-02 15:23:10.345 INFO Calculating metric: subject_constraint_violation_ratio
2026-04-02 15:23:10.348 INFO Calculating metric: range_constraint_violation_ratio
2026-04-02 15:23:10.354 INFO Calculating metric: range_constraint_violation_ratio_mandatory
2026-04-02 15:23:10.357 INFO Calculating metric: range_constraint_violation_ratio_regular
2026-04-02 15:23:10.359 INFO Calculating metric: range_constraint_violation_ratio_suggestion
2026-04-02 15:23:10.362 INFO Calculating metric: subject_constraint_completeness
2026-04-02 15:23:10.364 INFO Calculating metric: range_constraint_completeness
2026-04-02 15:23:10.366 INFO Calculating metric: range_constraint_completeness_mandatory
2026-04-02 15:23:10.369 INFO Calculating metric: range_constraint_completeness_regular
2026-04-02 15:23:10.372 INFO Calculating metric: range_constraint_completeness_suggestion
2026-04-02 15:23:10.377 INFO Memory usage (end of timestep): 181.16 GB
2026-04-02 15:23:10.377 INFO (Iteration 63) subject_constraint_violation_count: real 282.86s | cpu 286.15s
2026-04-02 15:23:10.377 INFO (Iteration 63) statement_count_property_subject: real 4.21s | cpu 6.97s
2026-04-02 15:23:10.377 INFO (Iteration 63) subject_constraint_violation_total: real 0.00s | cpu 0.00s
2026-04-02 15:23:10.377 INFO (Iteration 63) subject_constraint_violation_ratio: real 0.00s | cpu 0.00s
2026-04-02 15:23:10.377 INFO (Iteration 63) subject_constraint_completeness: real 0.00s | cpu 0.00s
2026-04-02 15:23:10.377 INFO (Iteration 63) range_constraint_violation_count: real 26.54s | cpu 28.39s
2026-04-02 15:23:10.377 INFO (Iteration 63) range_constraint_violation_count_mandatory: real 0.73s | cpu 1.55s
2026-04-02 15:23:10.377 INFO (Iteration 63) range_constraint_violation_count_regular: real 25.35s | cpu 27.11s
2026-04-02 15:23:10.377 INFO (Iteration 63) range_constraint_violation_count_suggestion: real 0.30s | cpu 1.04s
2026-04-02 15:23:10.377 INFO (Iteration 63) statement_count_property_range_all: real 0.07s | cpu 0.90s
2026-04-02 15:23:10.377 INFO (Iteration 63) statement_count_property_range_mandatory: real 0.04s | cpu 0.45s
2026-04-02 15:23:10.377 INFO (Iteration 63) statement_count_property_range_regular: real 0.04s | cpu 0.50s
2026-04-02 15:23:10.377 INFO (Iteration 63) statement_count_property_range_suggestion: real 0.03s | cpu 0.42s
2026-04-02 15:23:10.377 INFO (Iteration 63) range_constraint_violation_total_all: real 0.01s | cpu 0.00s
2026-04-02 15:23:10.377 INFO (Iteration 63) range_constraint_violation_ratio: real 0.01s | cpu 0.00s
2026-04-02 15:23:10.378 INFO (Iteration 63) range_constraint_completeness: real 0.00s | cpu 0.00s
2026-04-02 15:23:10.378 INFO (Iteration 63) range_constraint_violation_total_mandatory: real 0.00s | cpu 0.00s
2026-04-02 15:23:10.378 INFO (Iteration 63) range_constraint_violation_ratio_mandatory: real 0.00s | cpu 0.00s
2026-04-02 15:23:10.378 INFO (Iteration 63) range_constraint_completeness_mandatory: real 0.00s | cpu 0.00s
2026-04-02 15:23:10.378 INFO (Iteration 63) range_constraint_violation_total_regular: real 0.00s | cpu 0.00s
2026-04-02 15:23:10.378 INFO (Iteration 63) range_constraint_violation_ratio_regular: real 0.00s | cpu 0.00s
2026-04-02 15:23:10.378 INFO (Iteration 63) range_constraint_completeness_regular: real 0.00s | cpu 0.00s
2026-04-02 15:23:10.378 INFO (Iteration 63) range_constraint_violation_total_suggestion: real 0.00s | cpu 0.00s
2026-04-02 15:23:10.378 INFO (Iteration 63) range_constraint_violation_ratio_suggestion: real 0.00s | cpu 0.00s
2026-04-02 15:23:10.378 INFO (Iteration 63) range_constraint_completeness_suggestion: real 0.01s | cpu 0.00s
2026-04-02 15:23:10.378 INFO Iteration 63 finished in 463.91s (real) and 430.53s (process)
2026-04-02 15:23:10.378 INFO Start timestep 2018-01-31 00:00:00+00:00 -> 2018-03-02 00:00:00+00:00
2026-04-02 15:29:37.143 INFO Loading data (2018-01-31 00:00:00+00:00 -> 2018-03-02 00:00:00+00:00) done in 386.77s (real) and 234.34s (process)
2026-04-02 15:29:37.144 INFO Memory usage (start of timestep): 181.16 GB
2026-04-02 15:29:37.144 INFO Calculating metrics
2026-04-02 15:29:37.144 INFO Calculating metric: subject_constraint_violation_count
2026-04-02 15:34:40.395 INFO [subject_constraint_violation_count] processed rows=19826155, result_rows=1034
2026-04-02 15:34:42.494 INFO Calculating metric: statement_count_property_subject
2026-04-02 15:34:56.750 INFO Calculating metric: range_constraint_violation_count
2026-04-02 15:36:22.895 INFO Calculating metric: range_constraint_violation_count_mandatory
2026-04-02 15:36:23.910 INFO Calculating metric: range_constraint_violation_count_regular
2026-04-02 15:37:48.048 INFO Calculating metric: range_constraint_violation_count_suggestion
2026-04-02 15:37:48.473 INFO Calculating metric: statement_count_property_range_all
2026-04-02 15:37:48.601 INFO Calculating metric: statement_count_property_range_mandatory
2026-04-02 15:37:48.703 INFO Calculating metric: statement_count_property_range_regular
2026-04-02 15:37:48.818 INFO Calculating metric: statement_count_property_range_suggestion
2026-04-02 15:37:48.920 INFO Calculating metric: subject_constraint_violation_total
2026-04-02 15:37:48.923 INFO Calculating metric: range_constraint_violation_total_all
2026-04-02 15:37:48.925 INFO Calculating metric: range_constraint_violation_total_mandatory
2026-04-02 15:37:48.927 INFO Calculating metric: range_constraint_violation_total_regular
2026-04-02 15:37:48.929 INFO Calculating metric: range_constraint_violation_total_suggestion
2026-04-02 15:37:48.931 INFO Calculating metric: subject_constraint_violation_ratio
2026-04-02 15:37:48.934 INFO Calculating metric: range_constraint_violation_ratio
2026-04-02 15:37:48.936 INFO Calculating metric: range_constraint_violation_ratio_mandatory
2026-04-02 15:37:48.938 INFO Calculating metric: range_constraint_violation_ratio_regular
2026-04-02 15:37:48.940 INFO Calculating metric: range_constraint_violation_ratio_suggestion
2026-04-02 15:37:48.942 INFO Calculating metric: subject_constraint_completeness
2026-04-02 15:37:48.944 INFO Calculating metric: range_constraint_completeness
2026-04-02 15:37:48.946 INFO Calculating metric: range_constraint_completeness_mandatory
2026-04-02 15:37:48.947 INFO Calculating metric: range_constraint_completeness_regular
2026-04-02 15:37:48.949 INFO Calculating metric: range_constraint_completeness_suggestion
2026-04-02 15:37:48.951 INFO Memory usage (end of timestep): 181.16 GB
2026-04-02 15:37:48.951 INFO (Iteration 64) subject_constraint_violation_count: real 305.35s | cpu 315.85s
2026-04-02 15:37:48.951 INFO (Iteration 64) statement_count_property_subject: real 14.25s | cpu 21.91s
2026-04-02 15:37:48.951 INFO (Iteration 64) subject_constraint_violation_total: real 0.00s | cpu 0.00s
2026-04-02 15:37:48.951 INFO (Iteration 64) subject_constraint_violation_ratio: real 0.00s | cpu 0.00s
2026-04-02 15:37:48.951 INFO (Iteration 64) subject_constraint_completeness: real 0.00s | cpu 0.00s
2026-04-02 15:37:48.951 INFO (Iteration 64) range_constraint_violation_count: real 86.15s | cpu 93.53s
2026-04-02 15:37:48.951 INFO (Iteration 64) range_constraint_violation_count_mandatory: real 1.02s | cpu 2.80s
2026-04-02 15:37:48.951 INFO (Iteration 64) range_constraint_violation_count_regular: real 84.14s | cpu 91.22s
2026-04-02 15:37:48.951 INFO (Iteration 64) range_constraint_violation_count_suggestion: real 0.42s | cpu 2.27s
2026-04-02 15:37:48.951 INFO (Iteration 64) statement_count_property_range_all: real 0.13s | cpu 1.84s
2026-04-02 15:37:48.951 INFO (Iteration 64) statement_count_property_range_mandatory: real 0.10s | cpu 1.49s
2026-04-02 15:37:48.951 INFO (Iteration 64) statement_count_property_range_regular: real 0.11s | cpu 1.67s
2026-04-02 15:37:48.951 INFO (Iteration 64) statement_count_property_range_suggestion: real 0.10s | cpu 1.48s
2026-04-02 15:37:48.951 INFO (Iteration 64) range_constraint_violation_total_all: real 0.00s | cpu 0.00s
2026-04-02 15:37:48.951 INFO (Iteration 64) range_constraint_violation_ratio: real 0.00s | cpu 0.00s
2026-04-02 15:37:48.951 INFO (Iteration 64) range_constraint_completeness: real 0.00s | cpu 0.00s
2026-04-02 15:37:48.951 INFO (Iteration 64) range_constraint_violation_total_mandatory: real 0.00s | cpu 0.00s
2026-04-02 15:37:48.951 INFO (Iteration 64) range_constraint_violation_ratio_mandatory: real 0.00s | cpu 0.00s
2026-04-02 15:37:48.951 INFO (Iteration 64) range_constraint_completeness_mandatory: real 0.00s | cpu 0.00s
2026-04-02 15:37:48.951 INFO (Iteration 64) range_constraint_violation_total_regular: real 0.00s | cpu 0.00s
2026-04-02 15:37:48.951 INFO (Iteration 64) range_constraint_violation_ratio_regular: real 0.00s | cpu 0.00s
2026-04-02 15:37:48.951 INFO (Iteration 64) range_constraint_completeness_regular: real 0.00s | cpu 0.00s
2026-04-02 15:37:48.951 INFO (Iteration 64) range_constraint_violation_total_suggestion: real 0.00s | cpu 0.00s
2026-04-02 15:37:48.951 INFO (Iteration 64) range_constraint_violation_ratio_suggestion: real 0.00s | cpu 0.00s
2026-04-02 15:37:48.951 INFO (Iteration 64) range_constraint_completeness_suggestion: real 0.00s | cpu 0.00s
2026-04-02 15:37:48.951 INFO Iteration 64 finished in 878.57s (real) and 768.40s (process)
2026-04-02 15:37:48.951 INFO Start timestep 2018-03-02 00:00:00+00:00 -> 2018-04-01 00:00:00+00:00
2026-04-02 15:42:44.449 INFO Loading data (2018-03-02 00:00:00+00:00 -> 2018-04-01 00:00:00+00:00) done in 295.50s (real) and 177.91s (process)
2026-04-02 15:42:44.461 INFO Memory usage (start of timestep): 181.16 GB
2026-04-02 15:42:44.461 INFO Calculating metrics
2026-04-02 15:42:44.461 INFO Calculating metric: subject_constraint_violation_count
2026-04-02 15:47:53.107 INFO [subject_constraint_violation_count] processed rows=9391922, result_rows=1108
2026-04-02 15:47:54.413 INFO Calculating metric: statement_count_property_subject
2026-04-02 15:48:01.270 INFO Calculating metric: range_constraint_violation_count
2026-04-02 15:48:38.706 INFO Calculating metric: range_constraint_violation_count_mandatory
2026-04-02 15:48:39.381 INFO Calculating metric: range_constraint_violation_count_regular
2026-04-02 15:49:15.548 INFO Calculating metric: range_constraint_violation_count_suggestion
2026-04-02 15:49:15.759 INFO Calculating metric: statement_count_property_range_all
2026-04-02 15:49:15.847 INFO Calculating metric: statement_count_property_range_mandatory
2026-04-02 15:49:15.905 INFO Calculating metric: statement_count_property_range_regular
2026-04-02 15:49:15.973 INFO Calculating metric: statement_count_property_range_suggestion
2026-04-02 15:49:16.032 INFO Calculating metric: subject_constraint_violation_total
2026-04-02 15:49:16.036 INFO Calculating metric: range_constraint_violation_total_all
2026-04-02 15:49:16.038 INFO Calculating metric: range_constraint_violation_total_mandatory
2026-04-02 15:49:16.041 INFO Calculating metric: range_constraint_violation_total_regular
2026-04-02 15:49:16.043 INFO Calculating metric: range_constraint_violation_total_suggestion
2026-04-02 15:49:16.046 INFO Calculating metric: subject_constraint_violation_ratio
2026-04-02 15:49:16.048 INFO Calculating metric: range_constraint_violation_ratio
2026-04-02 15:49:16.050 INFO Calculating metric: range_constraint_violation_ratio_mandatory
2026-04-02 15:49:16.053 INFO Calculating metric: range_constraint_violation_ratio_regular
2026-04-02 15:49:16.056 INFO Calculating metric: range_constraint_violation_ratio_suggestion
2026-04-02 15:49:16.058 INFO Calculating metric: subject_constraint_completeness
2026-04-02 15:49:16.061 INFO Calculating metric: range_constraint_completeness
2026-04-02 15:49:16.063 INFO Calculating metric: range_constraint_completeness_mandatory
2026-04-02 15:49:16.065 INFO Calculating metric: range_constraint_completeness_regular
2026-04-02 15:49:16.067 INFO Calculating metric: range_constraint_completeness_suggestion
2026-04-02 15:49:16.070 INFO Memory usage (end of timestep): 181.16 GB
2026-04-02 15:49:16.070 INFO (Iteration 65) subject_constraint_violation_count: real 309.95s | cpu 315.48s
2026-04-02 15:49:16.070 INFO (Iteration 65) statement_count_property_subject: real 6.86s | cpu 11.20s
2026-04-02 15:49:16.070 INFO (Iteration 65) subject_constraint_violation_total: real 0.00s | cpu 0.00s
2026-04-02 15:49:16.070 INFO (Iteration 65) subject_constraint_violation_ratio: real 0.00s | cpu 0.00s
2026-04-02 15:49:16.070 INFO (Iteration 65) subject_constraint_completeness: real 0.00s | cpu 0.00s
2026-04-02 15:49:16.070 INFO (Iteration 65) range_constraint_violation_count: real 37.44s | cpu 40.79s
2026-04-02 15:49:16.070 INFO (Iteration 65) range_constraint_violation_count_mandatory: real 0.67s | cpu 1.80s
2026-04-02 15:49:16.070 INFO (Iteration 65) range_constraint_violation_count_regular: real 36.17s | cpu 39.26s
2026-04-02 15:49:16.070 INFO (Iteration 65) range_constraint_violation_count_suggestion: real 0.21s | cpu 1.33s
2026-04-02 15:49:16.070 INFO (Iteration 65) statement_count_property_range_all: real 0.09s | cpu 1.19s
2026-04-02 15:49:16.070 INFO (Iteration 65) statement_count_property_range_mandatory: real 0.06s | cpu 0.79s
2026-04-02 15:49:16.070 INFO (Iteration 65) statement_count_property_range_regular: real 0.07s | cpu 0.92s
2026-04-02 15:49:16.070 INFO (Iteration 65) statement_count_property_range_suggestion: real 0.06s | cpu 0.76s
2026-04-02 15:49:16.070 INFO (Iteration 65) range_constraint_violation_total_all: real 0.00s | cpu 0.00s
2026-04-02 15:49:16.070 INFO (Iteration 65) range_constraint_violation_ratio: real 0.00s | cpu 0.00s
2026-04-02 15:49:16.070 INFO (Iteration 65) range_constraint_completeness: real 0.00s | cpu 0.00s
2026-04-02 15:49:16.070 INFO (Iteration 65) range_constraint_violation_total_mandatory: real 0.00s | cpu 0.00s
2026-04-02 15:49:16.070 INFO (Iteration 65) range_constraint_violation_ratio_mandatory: real 0.00s | cpu 0.00s
2026-04-02 15:49:16.070 INFO (Iteration 65) range_constraint_completeness_mandatory: real 0.00s | cpu 0.00s
2026-04-02 15:49:16.070 INFO (Iteration 65) range_constraint_violation_total_regular: real 0.00s | cpu 0.00s
2026-04-02 15:49:16.070 INFO (Iteration 65) range_constraint_violation_ratio_regular: real 0.00s | cpu 0.00s
2026-04-02 15:49:16.070 INFO (Iteration 65) range_constraint_completeness_regular: real 0.00s | cpu 0.00s
2026-04-02 15:49:16.070 INFO (Iteration 65) range_constraint_violation_total_suggestion: real 0.00s | cpu 0.00s
2026-04-02 15:49:16.070 INFO (Iteration 65) range_constraint_violation_ratio_suggestion: real 0.00s | cpu 0.00s
2026-04-02 15:49:16.070 INFO (Iteration 65) range_constraint_completeness_suggestion: real 0.00s | cpu 0.00s
2026-04-02 15:49:16.070 INFO Iteration 65 finished in 687.12s (real) and 591.43s (process)
2026-04-02 15:49:16.070 INFO Start timestep 2018-04-01 00:00:00+00:00 -> 2018-05-01 00:00:00+00:00
2026-04-02 15:52:43.672 INFO Loading data (2018-04-01 00:00:00+00:00 -> 2018-05-01 00:00:00+00:00) done in 207.60s (real) and 128.66s (process)
2026-04-02 15:52:43.684 INFO Memory usage (start of timestep): 181.16 GB
2026-04-02 15:52:43.684 INFO Calculating metrics
2026-04-02 15:52:43.684 INFO Calculating metric: subject_constraint_violation_count
2026-04-02 15:57:10.019 INFO [subject_constraint_violation_count] processed rows=12291399, result_rows=1145
2026-04-02 15:57:11.712 INFO Calculating metric: statement_count_property_subject
2026-04-02 15:57:20.438 INFO Calculating metric: range_constraint_violation_count
2026-04-02 15:58:13.842 INFO Calculating metric: range_constraint_violation_count_mandatory
2026-04-02 15:58:14.286 INFO Calculating metric: range_constraint_violation_count_regular
2026-04-02 15:59:06.345 INFO Calculating metric: range_constraint_violation_count_suggestion
2026-04-02 15:59:06.806 INFO Calculating metric: statement_count_property_range_all
2026-04-02 15:59:06.904 INFO Calculating metric: statement_count_property_range_mandatory
2026-04-02 15:59:06.980 INFO Calculating metric: statement_count_property_range_regular
2026-04-02 15:59:07.059 INFO Calculating metric: statement_count_property_range_suggestion
2026-04-02 15:59:07.129 INFO Calculating metric: subject_constraint_violation_total
2026-04-02 15:59:07.133 INFO Calculating metric: range_constraint_violation_total_all
2026-04-02 15:59:07.136 INFO Calculating metric: range_constraint_violation_total_mandatory
2026-04-02 15:59:07.138 INFO Calculating metric: range_constraint_violation_total_regular
2026-04-02 15:59:07.141 INFO Calculating metric: range_constraint_violation_total_suggestion
2026-04-02 15:59:07.143 INFO Calculating metric: subject_constraint_violation_ratio
2026-04-02 15:59:07.146 INFO Calculating metric: range_constraint_violation_ratio
2026-04-02 15:59:07.148 INFO Calculating metric: range_constraint_violation_ratio_mandatory
2026-04-02 15:59:07.151 INFO Calculating metric: range_constraint_violation_ratio_regular
2026-04-02 15:59:07.153 INFO Calculating metric: range_constraint_violation_ratio_suggestion
2026-04-02 15:59:07.156 INFO Calculating metric: subject_constraint_completeness
2026-04-02 15:59:07.158 INFO Calculating metric: range_constraint_completeness
2026-04-02 15:59:07.161 INFO Calculating metric: range_constraint_completeness_mandatory
2026-04-02 15:59:07.164 INFO Calculating metric: range_constraint_completeness_regular
2026-04-02 15:59:07.167 INFO Calculating metric: range_constraint_completeness_suggestion
2026-04-02 15:59:07.170 INFO Memory usage (end of timestep): 181.16 GB
2026-04-02 15:59:07.170 INFO (Iteration 66) subject_constraint_violation_count: real 268.03s | cpu 275.06s
2026-04-02 15:59:07.170 INFO (Iteration 66) statement_count_property_subject: real 8.73s | cpu 14.07s
2026-04-02 15:59:07.171 INFO (Iteration 66) subject_constraint_violation_total: real 0.00s | cpu 0.00s
2026-04-02 15:59:07.171 INFO (Iteration 66) subject_constraint_violation_ratio: real 0.00s | cpu 0.00s
2026-04-02 15:59:07.171 INFO (Iteration 66) subject_constraint_completeness: real 0.00s | cpu 0.00s
2026-04-02 15:59:07.171 INFO (Iteration 66) range_constraint_violation_count: real 53.40s | cpu 58.41s
2026-04-02 15:59:07.171 INFO (Iteration 66) range_constraint_violation_count_mandatory: real 0.44s | cpu 1.83s
2026-04-02 15:59:07.171 INFO (Iteration 66) range_constraint_violation_count_regular: real 52.06s | cpu 56.75s
2026-04-02 15:59:07.171 INFO (Iteration 66) range_constraint_violation_count_suggestion: real 0.46s | cpu 1.79s
2026-04-02 15:59:07.171 INFO (Iteration 66) statement_count_property_range_all: real 0.10s | cpu 1.31s
2026-04-02 15:59:07.171 INFO (Iteration 66) statement_count_property_range_mandatory: real 0.08s | cpu 0.98s
2026-04-02 15:59:07.171 INFO (Iteration 66) statement_count_property_range_regular: real 0.08s | cpu 1.08s
2026-04-02 15:59:07.171 INFO (Iteration 66) statement_count_property_range_suggestion: real 0.07s | cpu 0.94s
2026-04-02 15:59:07.171 INFO (Iteration 66) range_constraint_violation_total_all: real 0.00s | cpu 0.00s
2026-04-02 15:59:07.171 INFO (Iteration 66) range_constraint_violation_ratio: real 0.00s | cpu 0.00s
2026-04-02 15:59:07.171 INFO (Iteration 66) range_constraint_completeness: real 0.00s | cpu 0.00s
2026-04-02 15:59:07.171 INFO (Iteration 66) range_constraint_violation_total_mandatory: real 0.00s | cpu 0.00s
2026-04-02 15:59:07.171 INFO (Iteration 66) range_constraint_violation_ratio_mandatory: real 0.00s | cpu 0.00s
2026-04-02 15:59:07.171 INFO (Iteration 66) range_constraint_completeness_mandatory: real 0.00s | cpu 0.00s
2026-04-02 15:59:07.171 INFO (Iteration 66) range_constraint_violation_total_regular: real 0.00s | cpu 0.00s
2026-04-02 15:59:07.171 INFO (Iteration 66) range_constraint_violation_ratio_regular: real 0.00s | cpu 0.00s
2026-04-02 15:59:07.171 INFO (Iteration 66) range_constraint_completeness_regular: real 0.00s | cpu 0.00s
2026-04-02 15:59:07.171 INFO (Iteration 66) range_constraint_violation_total_suggestion: real 0.00s | cpu 0.00s
2026-04-02 15:59:07.171 INFO (Iteration 66) range_constraint_violation_ratio_suggestion: real 0.00s | cpu 0.00s
2026-04-02 15:59:07.171 INFO (Iteration 66) range_constraint_completeness_suggestion: real 0.00s | cpu 0.00s
2026-04-02 15:59:07.171 INFO Iteration 66 finished in 591.10s (real) and 540.90s (process)
2026-04-02 15:59:07.171 INFO Start timestep 2018-05-01 00:00:00+00:00 -> 2018-05-31 00:00:00+00:00
2026-04-02 16:05:41.625 INFO Loading data (2018-05-01 00:00:00+00:00 -> 2018-05-31 00:00:00+00:00) done in 394.45s (real) and 233.68s (process)
2026-04-02 16:05:41.627 INFO Memory usage (start of timestep): 181.16 GB
2026-04-02 16:05:41.628 INFO Calculating metrics
2026-04-02 16:05:41.628 INFO Calculating metric: subject_constraint_violation_count
2026-04-02 16:10:11.343 INFO [subject_constraint_violation_count] processed rows=22656230, result_rows=1180
2026-04-02 16:10:14.131 INFO Calculating metric: statement_count_property_subject
2026-04-02 16:10:30.729 INFO Calculating metric: range_constraint_violation_count
2026-04-02 16:11:44.584 INFO Calculating metric: range_constraint_violation_count_mandatory
2026-04-02 16:11:51.141 INFO Calculating metric: range_constraint_violation_count_regular
2026-04-02 16:12:57.157 INFO Calculating metric: range_constraint_violation_count_suggestion
2026-04-02 16:12:57.570 INFO Calculating metric: statement_count_property_range_all
2026-04-02 16:12:57.704 INFO Calculating metric: statement_count_property_range_mandatory
2026-04-02 16:12:57.819 INFO Calculating metric: statement_count_property_range_regular
2026-04-02 16:12:57.945 INFO Calculating metric: statement_count_property_range_suggestion
2026-04-02 16:12:58.058 INFO Calculating metric: subject_constraint_violation_total
2026-04-02 16:12:58.061 INFO Calculating metric: range_constraint_violation_total_all
2026-04-02 16:12:58.064 INFO Calculating metric: range_constraint_violation_total_mandatory
2026-04-02 16:12:58.066 INFO Calculating metric: range_constraint_violation_total_regular
2026-04-02 16:12:58.069 INFO Calculating metric: range_constraint_violation_total_suggestion
2026-04-02 16:12:58.071 INFO Calculating metric: subject_constraint_violation_ratio
2026-04-02 16:12:58.074 INFO Calculating metric: range_constraint_violation_ratio
2026-04-02 16:12:58.076 INFO Calculating metric: range_constraint_violation_ratio_mandatory
2026-04-02 16:12:58.079 INFO Calculating metric: range_constraint_violation_ratio_regular
2026-04-02 16:12:58.081 INFO Calculating metric: range_constraint_violation_ratio_suggestion
2026-04-02 16:12:58.083 INFO Calculating metric: subject_constraint_completeness
2026-04-02 16:12:58.086 INFO Calculating metric: range_constraint_completeness
2026-04-02 16:12:58.089 INFO Calculating metric: range_constraint_completeness_mandatory
2026-04-02 16:12:58.091 INFO Calculating metric: range_constraint_completeness_regular
2026-04-02 16:12:58.093 INFO Calculating metric: range_constraint_completeness_suggestion
2026-04-02 16:12:58.096 INFO Memory usage (end of timestep): 181.16 GB
2026-04-02 16:12:58.096 INFO (Iteration 67) subject_constraint_violation_count: real 272.50s | cpu 283.33s
2026-04-02 16:12:58.098 INFO (Iteration 67) statement_count_property_subject: real 16.60s | cpu 24.54s
2026-04-02 16:12:58.098 INFO (Iteration 67) subject_constraint_violation_total: real 0.00s | cpu 0.00s
2026-04-02 16:12:58.098 INFO (Iteration 67) subject_constraint_violation_ratio: real 0.00s | cpu 0.00s
2026-04-02 16:12:58.098 INFO (Iteration 67) subject_constraint_completeness: real 0.00s | cpu 0.00s
2026-04-02 16:12:58.098 INFO (Iteration 67) range_constraint_violation_count: real 73.86s | cpu 80.03s
2026-04-02 16:12:58.098 INFO (Iteration 67) range_constraint_violation_count_mandatory: real 6.54s | cpu 8.48s
2026-04-02 16:12:58.098 INFO (Iteration 67) range_constraint_violation_count_regular: real 66.02s | cpu 71.75s
2026-04-02 16:12:58.098 INFO (Iteration 67) range_constraint_violation_count_suggestion: real 0.41s | cpu 2.38s
2026-04-02 16:12:58.098 INFO (Iteration 67) statement_count_property_range_all: real 0.13s | cpu 1.95s
2026-04-02 16:12:58.098 INFO (Iteration 67) statement_count_property_range_mandatory: real 0.11s | cpu 1.67s
2026-04-02 16:12:58.098 INFO (Iteration 67) statement_count_property_range_regular: real 0.13s | cpu 1.82s
2026-04-02 16:12:58.098 INFO (Iteration 67) statement_count_property_range_suggestion: real 0.11s | cpu 1.65s
2026-04-02 16:12:58.098 INFO (Iteration 67) range_constraint_violation_total_all: real 0.00s | cpu 0.00s
2026-04-02 16:12:58.098 INFO (Iteration 67) range_constraint_violation_ratio: real 0.00s | cpu 0.00s
2026-04-02 16:12:58.098 INFO (Iteration 67) range_constraint_completeness: real 0.00s | cpu 0.00s
2026-04-02 16:12:58.098 INFO (Iteration 67) range_constraint_violation_total_mandatory: real 0.00s | cpu 0.00s
2026-04-02 16:12:58.098 INFO (Iteration 67) range_constraint_violation_ratio_mandatory: real 0.00s | cpu 0.00s
2026-04-02 16:12:58.098 INFO (Iteration 67) range_constraint_completeness_mandatory: real 0.00s | cpu 0.00s
2026-04-02 16:12:58.098 INFO (Iteration 67) range_constraint_violation_total_regular: real 0.00s | cpu 0.00s
2026-04-02 16:12:58.098 INFO (Iteration 67) range_constraint_violation_ratio_regular: real 0.00s | cpu 0.00s
2026-04-02 16:12:58.098 INFO (Iteration 67) range_constraint_completeness_regular: real 0.00s | cpu 0.00s
2026-04-02 16:12:58.098 INFO (Iteration 67) range_constraint_violation_total_suggestion: real 0.00s | cpu 0.00s
2026-04-02 16:12:58.098 INFO (Iteration 67) range_constraint_violation_ratio_suggestion: real 0.00s | cpu 0.00s
2026-04-02 16:12:58.098 INFO (Iteration 67) range_constraint_completeness_suggestion: real 0.00s | cpu 0.00s
2026-04-02 16:12:58.098 INFO Iteration 67 finished in 830.93s (real) and 711.27s (process)
2026-04-02 16:12:58.098 INFO Start timestep 2018-05-31 00:00:00+00:00 -> 2018-06-30 00:00:00+00:00
2026-04-02 16:18:48.933 INFO Loading data (2018-05-31 00:00:00+00:00 -> 2018-06-30 00:00:00+00:00) done in 350.83s (real) and 211.18s (process)
2026-04-02 16:18:48.942 INFO Memory usage (start of timestep): 181.16 GB
2026-04-02 16:18:48.942 INFO Calculating metrics
2026-04-02 16:18:48.943 INFO Calculating metric: subject_constraint_violation_count
2026-04-02 16:22:38.233 INFO [subject_constraint_violation_count] processed rows=22999087, result_rows=1158
2026-04-02 16:22:40.592 INFO Calculating metric: statement_count_property_subject
2026-04-02 16:22:57.314 INFO Calculating metric: range_constraint_violation_count
2026-04-02 16:23:23.181 INFO Calculating metric: range_constraint_violation_count_mandatory
2026-04-02 16:23:25.037 INFO Calculating metric: range_constraint_violation_count_regular
2026-04-02 16:23:48.584 INFO Calculating metric: range_constraint_violation_count_suggestion
2026-04-02 16:23:48.953 INFO Calculating metric: statement_count_property_range_all
2026-04-02 16:23:49.085 INFO Calculating metric: statement_count_property_range_mandatory
2026-04-02 16:23:49.194 INFO Calculating metric: statement_count_property_range_regular
2026-04-02 16:23:49.310 INFO Calculating metric: statement_count_property_range_suggestion
2026-04-02 16:23:49.417 INFO Calculating metric: subject_constraint_violation_total
2026-04-02 16:23:49.419 INFO Calculating metric: range_constraint_violation_total_all
2026-04-02 16:23:49.421 INFO Calculating metric: range_constraint_violation_total_mandatory
2026-04-02 16:23:49.423 INFO Calculating metric: range_constraint_violation_total_regular
2026-04-02 16:23:49.425 INFO Calculating metric: range_constraint_violation_total_suggestion
2026-04-02 16:23:49.428 INFO Calculating metric: subject_constraint_violation_ratio
2026-04-02 16:23:49.430 INFO Calculating metric: range_constraint_violation_ratio
2026-04-02 16:23:49.432 INFO Calculating metric: range_constraint_violation_ratio_mandatory
2026-04-02 16:23:49.433 INFO Calculating metric: range_constraint_violation_ratio_regular
2026-04-02 16:23:49.435 INFO Calculating metric: range_constraint_violation_ratio_suggestion
2026-04-02 16:23:49.436 INFO Calculating metric: subject_constraint_completeness
2026-04-02 16:23:49.438 INFO Calculating metric: range_constraint_completeness
2026-04-02 16:23:49.439 INFO Calculating metric: range_constraint_completeness_mandatory
2026-04-02 16:23:49.441 INFO Calculating metric: range_constraint_completeness_regular
2026-04-02 16:23:49.443 INFO Calculating metric: range_constraint_completeness_suggestion
2026-04-02 16:23:49.444 INFO Memory usage (end of timestep): 181.16 GB
2026-04-02 16:23:49.444 INFO (Iteration 68) subject_constraint_violation_count: real 231.65s | cpu 240.79s
2026-04-02 16:23:49.444 INFO (Iteration 68) statement_count_property_subject: real 16.72s | cpu 23.63s
2026-04-02 16:23:49.444 INFO (Iteration 68) subject_constraint_violation_total: real 0.00s | cpu 0.00s
2026-04-02 16:23:49.444 INFO (Iteration 68) subject_constraint_violation_ratio: real 0.00s | cpu 0.00s
2026-04-02 16:23:49.444 INFO (Iteration 68) subject_constraint_completeness: real 0.00s | cpu 0.00s
2026-04-02 16:23:49.444 INFO (Iteration 68) range_constraint_violation_count: real 25.87s | cpu 28.75s
2026-04-02 16:23:49.445 INFO (Iteration 68) range_constraint_violation_count_mandatory: real 1.86s | cpu 3.70s
2026-04-02 16:23:49.445 INFO (Iteration 68) range_constraint_violation_count_regular: real 23.55s | cpu 26.00s
2026-04-02 16:23:49.445 INFO (Iteration 68) range_constraint_violation_count_suggestion: real 0.37s | cpu 2.19s
2026-04-02 16:23:49.445 INFO (Iteration 68) statement_count_property_range_all: real 0.13s | cpu 1.86s
2026-04-02 16:23:49.445 INFO (Iteration 68) statement_count_property_range_mandatory: real 0.11s | cpu 1.59s
2026-04-02 16:23:49.445 INFO (Iteration 68) statement_count_property_range_regular: real 0.12s | cpu 1.68s
2026-04-02 16:23:49.445 INFO (Iteration 68) statement_count_property_range_suggestion: real 0.11s | cpu 1.56s
2026-04-02 16:23:49.445 INFO (Iteration 68) range_constraint_violation_total_all: real 0.00s | cpu 0.00s
2026-04-02 16:23:49.445 INFO (Iteration 68) range_constraint_violation_ratio: real 0.00s | cpu 0.00s
2026-04-02 16:23:49.445 INFO (Iteration 68) range_constraint_completeness: real 0.00s | cpu 0.00s
2026-04-02 16:23:49.445 INFO (Iteration 68) range_constraint_violation_total_mandatory: real 0.00s | cpu 0.00s
2026-04-02 16:23:49.445 INFO (Iteration 68) range_constraint_violation_ratio_mandatory: real 0.00s | cpu 0.00s
2026-04-02 16:23:49.445 INFO (Iteration 68) range_constraint_completeness_mandatory: real 0.00s | cpu 0.00s
2026-04-02 16:23:49.445 INFO (Iteration 68) range_constraint_violation_total_regular: real 0.00s | cpu 0.00s
2026-04-02 16:23:49.445 INFO (Iteration 68) range_constraint_violation_ratio_regular: real 0.00s | cpu 0.00s
2026-04-02 16:23:49.445 INFO (Iteration 68) range_constraint_completeness_regular: real 0.00s | cpu 0.00s
2026-04-02 16:23:49.445 INFO (Iteration 68) range_constraint_violation_total_suggestion: real 0.00s | cpu 0.00s
2026-04-02 16:23:49.445 INFO (Iteration 68) range_constraint_violation_ratio_suggestion: real 0.00s | cpu 0.00s
2026-04-02 16:23:49.445 INFO (Iteration 68) range_constraint_completeness_suggestion: real 0.00s | cpu 0.00s
2026-04-02 16:23:49.445 INFO Iteration 68 finished in 651.35s (real) and 542.94s (process)
2026-04-02 16:23:49.445 INFO Start timestep 2018-06-30 00:00:00+00:00 -> 2018-07-30 00:00:00+00:00
2026-04-02 16:30:56.480 INFO Loading data (2018-06-30 00:00:00+00:00 -> 2018-07-30 00:00:00+00:00) done in 427.04s (real) and 257.68s (process)
2026-04-02 16:30:56.481 INFO Memory usage (start of timestep): 181.16 GB
2026-04-02 16:30:56.481 INFO Calculating metrics
2026-04-02 16:30:56.481 INFO Calculating metric: subject_constraint_violation_count
2026-04-02 16:35:04.327 INFO [subject_constraint_violation_count] processed rows=30403079, result_rows=1045
2026-04-02 16:35:08.145 INFO Calculating metric: statement_count_property_subject
2026-04-02 16:35:31.336 INFO Calculating metric: range_constraint_violation_count
2026-04-02 16:35:47.827 INFO Calculating metric: range_constraint_violation_count_mandatory
2026-04-02 16:35:48.546 INFO Calculating metric: range_constraint_violation_count_regular
2026-04-02 16:36:03.884 INFO Calculating metric: range_constraint_violation_count_suggestion
2026-04-02 16:36:04.529 INFO Calculating metric: statement_count_property_range_all
2026-04-02 16:36:04.681 INFO Calculating metric: statement_count_property_range_mandatory
2026-04-02 16:36:04.818 INFO Calculating metric: statement_count_property_range_regular
2026-04-02 16:36:04.962 INFO Calculating metric: statement_count_property_range_suggestion
2026-04-02 16:36:05.091 INFO Calculating metric: subject_constraint_violation_total
2026-04-02 16:36:05.094 INFO Calculating metric: range_constraint_violation_total_all
2026-04-02 16:36:05.096 INFO Calculating metric: range_constraint_violation_total_mandatory
2026-04-02 16:36:05.099 INFO Calculating metric: range_constraint_violation_total_regular
2026-04-02 16:36:05.101 INFO Calculating metric: range_constraint_violation_total_suggestion
2026-04-02 16:36:05.104 INFO Calculating metric: subject_constraint_violation_ratio
2026-04-02 16:36:05.106 INFO Calculating metric: range_constraint_violation_ratio
2026-04-02 16:36:05.108 INFO Calculating metric: range_constraint_violation_ratio_mandatory
2026-04-02 16:36:05.111 INFO Calculating metric: range_constraint_violation_ratio_regular
2026-04-02 16:36:05.113 INFO Calculating metric: range_constraint_violation_ratio_suggestion
2026-04-02 16:36:05.115 INFO Calculating metric: subject_constraint_completeness
2026-04-02 16:36:05.118 INFO Calculating metric: range_constraint_completeness
2026-04-02 16:36:05.120 INFO Calculating metric: range_constraint_completeness_mandatory
2026-04-02 16:36:05.123 INFO Calculating metric: range_constraint_completeness_regular
2026-04-02 16:36:05.125 INFO Calculating metric: range_constraint_completeness_suggestion
2026-04-02 16:36:05.127 INFO Memory usage (end of timestep): 181.16 GB
2026-04-02 16:36:05.127 INFO (Iteration 69) subject_constraint_violation_count: real 251.66s | cpu 263.01s
2026-04-02 16:36:05.128 INFO (Iteration 69) statement_count_property_subject: real 23.19s | cpu 31.52s
2026-04-02 16:36:05.128 INFO (Iteration 69) subject_constraint_violation_total: real 0.00s | cpu 0.00s
2026-04-02 16:36:05.128 INFO (Iteration 69) subject_constraint_violation_ratio: real 0.00s | cpu 0.00s
2026-04-02 16:36:05.128 INFO (Iteration 69) subject_constraint_completeness: real 0.00s | cpu 0.00s
2026-04-02 16:36:05.128 INFO (Iteration 69) range_constraint_violation_count: real 16.49s | cpu 19.27s
2026-04-02 16:36:05.128 INFO (Iteration 69) range_constraint_violation_count_mandatory: real 0.72s | cpu 2.94s
2026-04-02 16:36:05.128 INFO (Iteration 69) range_constraint_violation_count_regular: real 15.34s | cpu 17.60s
2026-04-02 16:36:05.128 INFO (Iteration 69) range_constraint_violation_count_suggestion: real 0.65s | cpu 2.87s
2026-04-02 16:36:05.128 INFO (Iteration 69) statement_count_property_range_all: real 0.15s | cpu 2.20s
2026-04-02 16:36:05.128 INFO (Iteration 69) statement_count_property_range_mandatory: real 0.14s | cpu 2.02s
2026-04-02 16:36:05.128 INFO (Iteration 69) statement_count_property_range_regular: real 0.14s | cpu 2.13s
2026-04-02 16:36:05.128 INFO (Iteration 69) statement_count_property_range_suggestion: real 0.13s | cpu 1.93s
2026-04-02 16:36:05.128 INFO (Iteration 69) range_constraint_violation_total_all: real 0.00s | cpu 0.00s
2026-04-02 16:36:05.128 INFO (Iteration 69) range_constraint_violation_ratio: real 0.00s | cpu 0.00s
2026-04-02 16:36:05.128 INFO (Iteration 69) range_constraint_completeness: real 0.00s | cpu 0.00s
2026-04-02 16:36:05.128 INFO (Iteration 69) range_constraint_violation_total_mandatory: real 0.00s | cpu 0.00s
2026-04-02 16:36:05.128 INFO (Iteration 69) range_constraint_violation_ratio_mandatory: real 0.00s | cpu 0.00s
2026-04-02 16:36:05.128 INFO (Iteration 69) range_constraint_completeness_mandatory: real 0.00s | cpu 0.00s
2026-04-02 16:36:05.128 INFO (Iteration 69) range_constraint_violation_total_regular: real 0.00s | cpu 0.00s
2026-04-02 16:36:05.128 INFO (Iteration 69) range_constraint_violation_ratio_regular: real 0.00s | cpu 0.00s
2026-04-02 16:36:05.128 INFO (Iteration 69) range_constraint_completeness_regular: real 0.00s | cpu 0.00s
2026-04-02 16:36:05.128 INFO (Iteration 69) range_constraint_violation_total_suggestion: real 0.00s | cpu 0.00s
2026-04-02 16:36:05.128 INFO (Iteration 69) range_constraint_violation_ratio_suggestion: real 0.00s | cpu 0.00s
2026-04-02 16:36:05.128 INFO (Iteration 69) range_constraint_completeness_suggestion: real 0.00s | cpu 0.00s
2026-04-02 16:36:05.128 INFO Iteration 69 finished in 735.68s (real) and 603.19s (process)
2026-04-02 16:36:05.128 INFO Start timestep 2018-07-30 00:00:00+00:00 -> 2018-08-29 00:00:00+00:00
2026-04-02 16:41:42.119 INFO Loading data (2018-07-30 00:00:00+00:00 -> 2018-08-29 00:00:00+00:00) done in 336.99s (real) and 199.98s (process)
2026-04-02 16:41:42.130 INFO Memory usage (start of timestep): 181.16 GB
2026-04-02 16:41:42.130 INFO Calculating metrics
2026-04-02 16:41:42.130 INFO Calculating metric: subject_constraint_violation_count
2026-04-02 16:45:31.841 INFO [subject_constraint_violation_count] processed rows=18954155, result_rows=1129
2026-04-02 16:45:34.182 INFO Calculating metric: statement_count_property_subject
2026-04-02 16:45:48.607 INFO Calculating metric: range_constraint_violation_count
2026-04-02 16:46:22.432 INFO Calculating metric: range_constraint_violation_count_mandatory
2026-04-02 16:46:32.114 INFO Calculating metric: range_constraint_violation_count_regular
2026-04-02 16:46:55.497 INFO Calculating metric: range_constraint_violation_count_suggestion
2026-04-02 16:46:56.008 INFO Calculating metric: statement_count_property_range_all
2026-04-02 16:46:56.138 INFO Calculating metric: statement_count_property_range_mandatory
2026-04-02 16:46:56.234 INFO Calculating metric: statement_count_property_range_regular
2026-04-02 16:46:56.335 INFO Calculating metric: statement_count_property_range_suggestion
2026-04-02 16:46:56.428 INFO Calculating metric: subject_constraint_violation_total
2026-04-02 16:46:56.431 INFO Calculating metric: range_constraint_violation_total_all
2026-04-02 16:46:56.434 INFO Calculating metric: range_constraint_violation_total_mandatory
2026-04-02 16:46:56.437 INFO Calculating metric: range_constraint_violation_total_regular
2026-04-02 16:46:56.439 INFO Calculating metric: range_constraint_violation_total_suggestion
2026-04-02 16:46:56.442 INFO Calculating metric: subject_constraint_violation_ratio
2026-04-02 16:46:56.444 INFO Calculating metric: range_constraint_violation_ratio
2026-04-02 16:46:56.447 INFO Calculating metric: range_constraint_violation_ratio_mandatory
2026-04-02 16:46:56.449 INFO Calculating metric: range_constraint_violation_ratio_regular
2026-04-02 16:46:56.452 INFO Calculating metric: range_constraint_violation_ratio_suggestion
2026-04-02 16:46:56.456 INFO Calculating metric: subject_constraint_completeness
2026-04-02 16:46:56.458 INFO Calculating metric: range_constraint_completeness
2026-04-02 16:46:56.461 INFO Calculating metric: range_constraint_completeness_mandatory
2026-04-02 16:46:56.463 INFO Calculating metric: range_constraint_completeness_regular
2026-04-02 16:46:56.466 INFO Calculating metric: range_constraint_completeness_suggestion
2026-04-02 16:46:56.468 INFO Memory usage (end of timestep): 181.16 GB
2026-04-02 16:46:56.468 INFO (Iteration 70) subject_constraint_violation_count: real 232.05s | cpu 239.89s
2026-04-02 16:46:56.469 INFO (Iteration 70) statement_count_property_subject: real 14.42s | cpu 20.54s
2026-04-02 16:46:56.469 INFO (Iteration 70) subject_constraint_violation_total: real 0.00s | cpu 0.00s
2026-04-02 16:46:56.469 INFO (Iteration 70) subject_constraint_violation_ratio: real 0.00s | cpu 0.00s
2026-04-02 16:46:56.469 INFO (Iteration 70) subject_constraint_completeness: real 0.00s | cpu 0.00s
2026-04-02 16:46:56.469 INFO (Iteration 70) range_constraint_violation_count: real 33.82s | cpu 36.84s
2026-04-02 16:46:56.469 INFO (Iteration 70) range_constraint_violation_count_mandatory: real 9.68s | cpu 11.57s
2026-04-02 16:46:56.469 INFO (Iteration 70) range_constraint_violation_count_regular: real 23.38s | cpu 25.71s
2026-04-02 16:46:56.469 INFO (Iteration 70) range_constraint_violation_count_suggestion: real 0.51s | cpu 2.11s
2026-04-02 16:46:56.469 INFO (Iteration 70) statement_count_property_range_all: real 0.13s | cpu 1.63s
2026-04-02 16:46:56.469 INFO (Iteration 70) statement_count_property_range_mandatory: real 0.10s | cpu 1.38s
2026-04-02 16:46:56.469 INFO (Iteration 70) statement_count_property_range_regular: real 0.10s | cpu 1.46s
2026-04-02 16:46:56.469 INFO (Iteration 70) statement_count_property_range_suggestion: real 0.09s | cpu 1.32s
2026-04-02 16:46:56.469 INFO (Iteration 70) range_constraint_violation_total_all: real 0.00s | cpu 0.00s
2026-04-02 16:46:56.469 INFO (Iteration 70) range_constraint_violation_ratio: real 0.00s | cpu 0.00s
2026-04-02 16:46:56.469 INFO (Iteration 70) range_constraint_completeness: real 0.00s | cpu 0.00s
2026-04-02 16:46:56.469 INFO (Iteration 70) range_constraint_violation_total_mandatory: real 0.00s | cpu 0.00s
2026-04-02 16:46:56.469 INFO (Iteration 70) range_constraint_violation_ratio_mandatory: real 0.00s | cpu 0.00s
2026-04-02 16:46:56.469 INFO (Iteration 70) range_constraint_completeness_mandatory: real 0.00s | cpu 0.00s
2026-04-02 16:46:56.469 INFO (Iteration 70) range_constraint_violation_total_regular: real 0.00s | cpu 0.00s
2026-04-02 16:46:56.469 INFO (Iteration 70) range_constraint_violation_ratio_regular: real 0.00s | cpu 0.00s
2026-04-02 16:46:56.469 INFO (Iteration 70) range_constraint_completeness_regular: real 0.00s | cpu 0.00s
2026-04-02 16:46:56.469 INFO (Iteration 70) range_constraint_violation_total_suggestion: real 0.00s | cpu 0.00s
2026-04-02 16:46:56.469 INFO (Iteration 70) range_constraint_violation_ratio_suggestion: real 0.00s | cpu 0.00s
2026-04-02 16:46:56.469 INFO (Iteration 70) range_constraint_completeness_suggestion: real 0.00s | cpu 0.00s
2026-04-02 16:46:56.469 INFO Iteration 70 finished in 651.34s (real) and 542.43s (process)
2026-04-02 16:46:56.469 INFO Start timestep 2018-08-29 00:00:00+00:00 -> 2018-09-28 00:00:00+00:00
2026-04-02 16:53:32.951 INFO Loading data (2018-08-29 00:00:00+00:00 -> 2018-09-28 00:00:00+00:00) done in 396.48s (real) and 237.77s (process)
2026-04-02 16:53:32.960 INFO Memory usage (start of timestep): 181.16 GB
2026-04-02 16:53:32.960 INFO Calculating metrics
2026-04-02 16:53:32.960 INFO Calculating metric: subject_constraint_violation_count
2026-04-02 16:57:28.980 INFO [subject_constraint_violation_count] processed rows=29415968, result_rows=1169
2026-04-02 16:57:32.449 INFO Calculating metric: statement_count_property_subject
2026-04-02 16:57:54.425 INFO Calculating metric: range_constraint_violation_count
2026-04-02 16:58:13.438 INFO Calculating metric: range_constraint_violation_count_mandatory
2026-04-02 16:58:16.321 INFO Calculating metric: range_constraint_violation_count_regular
2026-04-02 16:58:31.824 INFO Calculating metric: range_constraint_violation_count_suggestion
2026-04-02 16:58:32.554 INFO Calculating metric: statement_count_property_range_all
2026-04-02 16:58:32.733 INFO Calculating metric: statement_count_property_range_mandatory
2026-04-02 16:58:32.875 INFO Calculating metric: statement_count_property_range_regular
2026-04-02 16:58:33.025 INFO Calculating metric: statement_count_property_range_suggestion
2026-04-02 16:58:33.166 INFO Calculating metric: subject_constraint_violation_total
2026-04-02 16:58:33.169 INFO Calculating metric: range_constraint_violation_total_all
2026-04-02 16:58:33.171 INFO Calculating metric: range_constraint_violation_total_mandatory
2026-04-02 16:58:33.174 INFO Calculating metric: range_constraint_violation_total_regular
2026-04-02 16:58:33.176 INFO Calculating metric: range_constraint_violation_total_suggestion
2026-04-02 16:58:33.179 INFO Calculating metric: subject_constraint_violation_ratio
2026-04-02 16:58:33.181 INFO Calculating metric: range_constraint_violation_ratio
2026-04-02 16:58:33.184 INFO Calculating metric: range_constraint_violation_ratio_mandatory
2026-04-02 16:58:33.186 INFO Calculating metric: range_constraint_violation_ratio_regular
2026-04-02 16:58:33.188 INFO Calculating metric: range_constraint_violation_ratio_suggestion
2026-04-02 16:58:33.190 INFO Calculating metric: subject_constraint_completeness
2026-04-02 16:58:33.193 INFO Calculating metric: range_constraint_completeness
2026-04-02 16:58:33.195 INFO Calculating metric: range_constraint_completeness_mandatory
2026-04-02 16:58:33.197 INFO Calculating metric: range_constraint_completeness_regular
2026-04-02 16:58:33.199 INFO Calculating metric: range_constraint_completeness_suggestion
2026-04-02 16:58:33.202 INFO Memory usage (end of timestep): 181.16 GB
2026-04-02 16:58:33.202 INFO (Iteration 71) subject_constraint_violation_count: real 239.49s | cpu 251.53s
2026-04-02 16:58:33.202 INFO (Iteration 71) statement_count_property_subject: real 21.98s | cpu 30.65s
2026-04-02 16:58:33.202 INFO (Iteration 71) subject_constraint_violation_total: real 0.00s | cpu 0.00s
2026-04-02 16:58:33.202 INFO (Iteration 71) subject_constraint_violation_ratio: real 0.00s | cpu 0.00s
2026-04-02 16:58:33.202 INFO (Iteration 71) subject_constraint_completeness: real 0.00s | cpu 0.00s
2026-04-02 16:58:33.202 INFO (Iteration 71) range_constraint_violation_count: real 19.01s | cpu 22.01s
2026-04-02 16:58:33.202 INFO (Iteration 71) range_constraint_violation_count_mandatory: real 2.88s | cpu 5.26s
2026-04-02 16:58:33.202 INFO (Iteration 71) range_constraint_violation_count_regular: real 15.50s | cpu 18.05s
2026-04-02 16:58:33.202 INFO (Iteration 71) range_constraint_violation_count_suggestion: real 0.73s | cpu 2.79s
2026-04-02 16:58:33.202 INFO (Iteration 71) statement_count_property_range_all: real 0.18s | cpu 2.60s
2026-04-02 16:58:33.202 INFO (Iteration 71) statement_count_property_range_mandatory: real 0.14s | cpu 2.10s
2026-04-02 16:58:33.202 INFO (Iteration 71) statement_count_property_range_regular: real 0.15s | cpu 2.20s
2026-04-02 16:58:33.202 INFO (Iteration 71) statement_count_property_range_suggestion: real 0.14s | cpu 2.09s
2026-04-02 16:58:33.202 INFO (Iteration 71) range_constraint_violation_total_all: real 0.00s | cpu 0.00s
2026-04-02 16:58:33.202 INFO (Iteration 71) range_constraint_violation_ratio: real 0.00s | cpu 0.00s
2026-04-02 16:58:33.202 INFO (Iteration 71) range_constraint_completeness: real 0.00s | cpu 0.00s
2026-04-02 16:58:33.202 INFO (Iteration 71) range_constraint_violation_total_mandatory: real 0.00s | cpu 0.00s
2026-04-02 16:58:33.202 INFO (Iteration 71) range_constraint_violation_ratio_mandatory: real 0.00s | cpu 0.00s
2026-04-02 16:58:33.202 INFO (Iteration 71) range_constraint_completeness_mandatory: real 0.00s | cpu 0.00s
2026-04-02 16:58:33.202 INFO (Iteration 71) range_constraint_violation_total_regular: real 0.00s | cpu 0.00s
2026-04-02 16:58:33.202 INFO (Iteration 71) range_constraint_violation_ratio_regular: real 0.00s | cpu 0.00s
2026-04-02 16:58:33.202 INFO (Iteration 71) range_constraint_completeness_regular: real 0.00s | cpu 0.00s
2026-04-02 16:58:33.202 INFO (Iteration 71) range_constraint_violation_total_suggestion: real 0.00s | cpu 0.00s
2026-04-02 16:58:33.202 INFO (Iteration 71) range_constraint_violation_ratio_suggestion: real 0.00s | cpu 0.00s
2026-04-02 16:58:33.202 INFO (Iteration 71) range_constraint_completeness_suggestion: real 0.00s | cpu 0.00s
2026-04-02 16:58:33.202 INFO Iteration 71 finished in 696.73s (real) and 577.05s (process)
2026-04-02 16:58:33.202 INFO Start timestep 2018-09-28 00:00:00+00:00 -> 2018-10-28 00:00:00+00:00
2026-04-02 17:09:13.723 INFO Loading data (2018-09-28 00:00:00+00:00 -> 2018-10-28 00:00:00+00:00) done in 640.52s (real) and 384.09s (process)
2026-04-02 17:09:13.732 INFO Memory usage (start of timestep): 181.16 GB
2026-04-02 17:09:13.732 INFO Calculating metrics
2026-04-02 17:09:13.733 INFO Calculating metric: subject_constraint_violation_count
2026-04-02 17:13:42.955 INFO [subject_constraint_violation_count] processed rows=59238206, result_rows=1130
2026-04-02 17:13:49.628 INFO Calculating metric: statement_count_property_subject
2026-04-02 17:14:34.915 INFO Calculating metric: range_constraint_violation_count
2026-04-02 17:15:27.646 INFO Calculating metric: range_constraint_violation_count_mandatory
2026-04-02 17:15:30.557 INFO Calculating metric: range_constraint_violation_count_regular
2026-04-02 17:16:18.844 INFO Calculating metric: range_constraint_violation_count_suggestion
2026-04-02 17:16:20.984 INFO Calculating metric: statement_count_property_range_all
2026-04-02 17:16:21.294 INFO Calculating metric: statement_count_property_range_mandatory
2026-04-02 17:16:21.553 INFO Calculating metric: statement_count_property_range_regular
2026-04-02 17:16:21.822 INFO Calculating metric: statement_count_property_range_suggestion
2026-04-02 17:16:22.081 INFO Calculating metric: subject_constraint_violation_total
2026-04-02 17:16:22.084 INFO Calculating metric: range_constraint_violation_total_all
2026-04-02 17:16:22.087 INFO Calculating metric: range_constraint_violation_total_mandatory
2026-04-02 17:16:22.089 INFO Calculating metric: range_constraint_violation_total_regular
2026-04-02 17:16:22.091 INFO Calculating metric: range_constraint_violation_total_suggestion
2026-04-02 17:16:22.093 INFO Calculating metric: subject_constraint_violation_ratio
2026-04-02 17:16:22.095 INFO Calculating metric: range_constraint_violation_ratio
2026-04-02 17:16:22.098 INFO Calculating metric: range_constraint_violation_ratio_mandatory
2026-04-02 17:16:22.100 INFO Calculating metric: range_constraint_violation_ratio_regular
2026-04-02 17:16:22.102 INFO Calculating metric: range_constraint_violation_ratio_suggestion
2026-04-02 17:16:22.104 INFO Calculating metric: subject_constraint_completeness
2026-04-02 17:16:22.106 INFO Calculating metric: range_constraint_completeness
2026-04-02 17:16:22.108 INFO Calculating metric: range_constraint_completeness_mandatory
2026-04-02 17:16:22.111 INFO Calculating metric: range_constraint_completeness_regular
2026-04-02 17:16:22.113 INFO Calculating metric: range_constraint_completeness_suggestion
2026-04-02 17:16:22.115 INFO Memory usage (end of timestep): 181.16 GB
2026-04-02 17:16:22.115 INFO (Iteration 72) subject_constraint_violation_count: real 275.89s | cpu 297.63s
2026-04-02 17:16:22.115 INFO (Iteration 72) statement_count_property_subject: real 45.29s | cpu 59.34s
2026-04-02 17:16:22.115 INFO (Iteration 72) subject_constraint_violation_total: real 0.00s | cpu 0.00s
2026-04-02 17:16:22.115 INFO (Iteration 72) subject_constraint_violation_ratio: real 0.00s | cpu 0.00s
2026-04-02 17:16:22.115 INFO (Iteration 72) subject_constraint_completeness: real 0.00s | cpu 0.00s
2026-04-02 17:16:22.115 INFO (Iteration 72) range_constraint_violation_count: real 52.73s | cpu 58.43s
2026-04-02 17:16:22.115 INFO (Iteration 72) range_constraint_violation_count_mandatory: real 2.91s | cpu 6.67s
2026-04-02 17:16:22.115 INFO (Iteration 72) range_constraint_violation_count_regular: real 48.29s | cpu 53.47s
2026-04-02 17:16:22.115 INFO (Iteration 72) range_constraint_violation_count_suggestion: real 2.14s | cpu 5.82s
2026-04-02 17:16:22.115 INFO (Iteration 72) statement_count_property_range_all: real 0.31s | cpu 4.72s
2026-04-02 17:16:22.115 INFO (Iteration 72) statement_count_property_range_mandatory: real 0.26s | cpu 3.96s
2026-04-02 17:16:22.115 INFO (Iteration 72) statement_count_property_range_regular: real 0.27s | cpu 4.12s
2026-04-02 17:16:22.115 INFO (Iteration 72) statement_count_property_range_suggestion: real 0.26s | cpu 3.96s
2026-04-02 17:16:22.115 INFO (Iteration 72) range_constraint_violation_total_all: real 0.00s | cpu 0.00s
2026-04-02 17:16:22.115 INFO (Iteration 72) range_constraint_violation_ratio: real 0.00s | cpu 0.00s
2026-04-02 17:16:22.115 INFO (Iteration 72) range_constraint_completeness: real 0.00s | cpu 0.00s
2026-04-02 17:16:22.115 INFO (Iteration 72) range_constraint_violation_total_mandatory: real 0.00s | cpu 0.00s
2026-04-02 17:16:22.115 INFO (Iteration 72) range_constraint_violation_ratio_mandatory: real 0.00s | cpu 0.00s
2026-04-02 17:16:22.115 INFO (Iteration 72) range_constraint_completeness_mandatory: real 0.00s | cpu 0.00s
2026-04-02 17:16:22.115 INFO (Iteration 72) range_constraint_violation_total_regular: real 0.00s | cpu 0.00s
2026-04-02 17:16:22.115 INFO (Iteration 72) range_constraint_violation_ratio_regular: real 0.00s | cpu 0.00s
2026-04-02 17:16:22.115 INFO (Iteration 72) range_constraint_completeness_regular: real 0.00s | cpu 0.00s
2026-04-02 17:16:22.115 INFO (Iteration 72) range_constraint_violation_total_suggestion: real 0.00s | cpu 0.00s
2026-04-02 17:16:22.115 INFO (Iteration 72) range_constraint_violation_ratio_suggestion: real 0.00s | cpu 0.00s
2026-04-02 17:16:22.115 INFO (Iteration 72) range_constraint_completeness_suggestion: real 0.00s | cpu 0.00s
2026-04-02 17:16:22.115 INFO Iteration 72 finished in 1068.91s (real) and 882.22s (process)
2026-04-02 17:16:22.116 INFO Start timestep 2018-10-28 00:00:00+00:00 -> 2018-11-27 00:00:00+00:00
2026-04-02 17:20:48.717 INFO Loading data (2018-10-28 00:00:00+00:00 -> 2018-11-27 00:00:00+00:00) done in 266.60s (real) and 244.77s (process)
2026-04-02 17:20:48.726 INFO Memory usage (start of timestep): 181.16 GB
2026-04-02 17:20:48.726 INFO Calculating metrics
2026-04-02 17:20:48.727 INFO Calculating metric: subject_constraint_violation_count
2026-04-02 17:25:11.680 INFO [subject_constraint_violation_count] processed rows=26384944, result_rows=1189
2026-04-02 17:25:14.973 INFO Calculating metric: statement_count_property_subject
2026-04-02 17:25:34.356 INFO Calculating metric: range_constraint_violation_count
2026-04-02 17:26:40.205 INFO Calculating metric: range_constraint_violation_count_mandatory
2026-04-02 17:26:42.307 INFO Calculating metric: range_constraint_violation_count_regular
2026-04-02 17:27:43.839 INFO Calculating metric: range_constraint_violation_count_suggestion
2026-04-02 17:27:45.440 INFO Calculating metric: statement_count_property_range_all
2026-04-02 17:27:45.617 INFO Calculating metric: statement_count_property_range_mandatory
2026-04-02 17:27:45.752 INFO Calculating metric: statement_count_property_range_regular
2026-04-02 17:27:45.905 INFO Calculating metric: statement_count_property_range_suggestion
2026-04-02 17:27:46.040 INFO Calculating metric: subject_constraint_violation_total
2026-04-02 17:27:46.044 INFO Calculating metric: range_constraint_violation_total_all
2026-04-02 17:27:46.047 INFO Calculating metric: range_constraint_violation_total_mandatory
2026-04-02 17:27:46.049 INFO Calculating metric: range_constraint_violation_total_regular
2026-04-02 17:27:46.052 INFO Calculating metric: range_constraint_violation_total_suggestion
2026-04-02 17:27:46.054 INFO Calculating metric: subject_constraint_violation_ratio
2026-04-02 17:27:46.056 INFO Calculating metric: range_constraint_violation_ratio
2026-04-02 17:27:46.058 INFO Calculating metric: range_constraint_violation_ratio_mandatory
2026-04-02 17:27:46.060 INFO Calculating metric: range_constraint_violation_ratio_regular
2026-04-02 17:27:46.062 INFO Calculating metric: range_constraint_violation_ratio_suggestion
2026-04-02 17:27:46.065 INFO Calculating metric: subject_constraint_completeness
2026-04-02 17:27:46.067 INFO Calculating metric: range_constraint_completeness
2026-04-02 17:27:46.069 INFO Calculating metric: range_constraint_completeness_mandatory
2026-04-02 17:27:46.071 INFO Calculating metric: range_constraint_completeness_regular
2026-04-02 17:27:46.074 INFO Calculating metric: range_constraint_completeness_suggestion
2026-04-02 17:27:46.077 INFO Memory usage (end of timestep): 181.16 GB
2026-04-02 17:27:46.077 INFO (Iteration 73) subject_constraint_violation_count: real 266.25s | cpu 278.80s
2026-04-02 17:27:46.077 INFO (Iteration 73) statement_count_property_subject: real 19.38s | cpu 28.19s
2026-04-02 17:27:46.077 INFO (Iteration 73) subject_constraint_violation_total: real 0.00s | cpu 0.00s
2026-04-02 17:27:46.077 INFO (Iteration 73) subject_constraint_violation_ratio: real 0.00s | cpu 0.00s
2026-04-02 17:27:46.077 INFO (Iteration 73) subject_constraint_completeness: real 0.00s | cpu 0.00s
2026-04-02 17:27:46.077 INFO (Iteration 73) range_constraint_violation_count: real 65.85s | cpu 72.01s
2026-04-02 17:27:46.077 INFO (Iteration 73) range_constraint_violation_count_mandatory: real 2.10s | cpu 4.23s
2026-04-02 17:27:46.078 INFO (Iteration 73) range_constraint_violation_count_regular: real 61.53s | cpu 67.41s
2026-04-02 17:27:46.078 INFO (Iteration 73) range_constraint_violation_count_suggestion: real 1.60s | cpu 3.67s
2026-04-02 17:27:46.078 INFO (Iteration 73) statement_count_property_range_all: real 0.18s | cpu 2.58s
2026-04-02 17:27:46.078 INFO (Iteration 73) statement_count_property_range_mandatory: real 0.13s | cpu 1.98s
2026-04-02 17:27:46.078 INFO (Iteration 73) statement_count_property_range_regular: real 0.14s | cpu 2.11s
2026-04-02 17:27:46.078 INFO (Iteration 73) statement_count_property_range_suggestion: real 0.13s | cpu 1.99s
2026-04-02 17:27:46.078 INFO (Iteration 73) range_constraint_violation_total_all: real 0.00s | cpu 0.00s
2026-04-02 17:27:46.078 INFO (Iteration 73) range_constraint_violation_ratio: real 0.00s | cpu 0.00s
2026-04-02 17:27:46.078 INFO (Iteration 73) range_constraint_completeness: real 0.00s | cpu 0.00s
2026-04-02 17:27:46.078 INFO (Iteration 73) range_constraint_violation_total_mandatory: real 0.00s | cpu 0.00s
2026-04-02 17:27:46.078 INFO (Iteration 73) range_constraint_violation_ratio_mandatory: real 0.00s | cpu 0.00s
2026-04-02 17:27:46.078 INFO (Iteration 73) range_constraint_completeness_mandatory: real 0.00s | cpu 0.00s
2026-04-02 17:27:46.078 INFO (Iteration 73) range_constraint_violation_total_regular: real 0.00s | cpu 0.00s
2026-04-02 17:27:46.078 INFO (Iteration 73) range_constraint_violation_ratio_regular: real 0.00s | cpu 0.00s
2026-04-02 17:27:46.078 INFO (Iteration 73) range_constraint_completeness_regular: real 0.00s | cpu 0.00s
2026-04-02 17:27:46.078 INFO (Iteration 73) range_constraint_violation_total_suggestion: real 0.00s | cpu 0.00s
2026-04-02 17:27:46.078 INFO (Iteration 73) range_constraint_violation_ratio_suggestion: real 0.00s | cpu 0.00s
2026-04-02 17:27:46.078 INFO (Iteration 73) range_constraint_completeness_suggestion: real 0.00s | cpu 0.00s
2026-04-02 17:27:46.078 INFO Iteration 73 finished in 683.96s (real) and 707.74s (process)
2026-04-02 17:27:46.088 INFO Start timestep 2018-11-27 00:00:00+00:00 -> 2018-12-27 00:00:00+00:00
2026-04-02 17:32:30.958 INFO Loading data (2018-11-27 00:00:00+00:00 -> 2018-12-27 00:00:00+00:00) done in 284.87s (real) and 169.11s (process)
2026-04-02 17:32:30.968 INFO Memory usage (start of timestep): 181.16 GB
2026-04-02 17:32:30.968 INFO Calculating metrics
2026-04-02 17:32:30.968 INFO Calculating metric: subject_constraint_violation_count
2026-04-02 17:40:06.900 INFO [subject_constraint_violation_count] processed rows=16051565, result_rows=1202
2026-04-02 17:40:08.818 INFO Calculating metric: statement_count_property_subject
2026-04-02 17:40:20.430 INFO Calculating metric: range_constraint_violation_count
2026-04-02 17:40:59.403 INFO Calculating metric: range_constraint_violation_count_mandatory
2026-04-02 17:41:01.202 INFO Calculating metric: range_constraint_violation_count_regular
2026-04-02 17:41:37.895 INFO Calculating metric: range_constraint_violation_count_suggestion
2026-04-02 17:41:38.248 INFO Calculating metric: statement_count_property_range_all
2026-04-02 17:41:38.360 INFO Calculating metric: statement_count_property_range_mandatory
2026-04-02 17:41:38.447 INFO Calculating metric: statement_count_property_range_regular
2026-04-02 17:41:38.539 INFO Calculating metric: statement_count_property_range_suggestion
2026-04-02 17:41:38.624 INFO Calculating metric: subject_constraint_violation_total
2026-04-02 17:41:38.627 INFO Calculating metric: range_constraint_violation_total_all
2026-04-02 17:41:38.630 INFO Calculating metric: range_constraint_violation_total_mandatory
2026-04-02 17:41:38.632 INFO Calculating metric: range_constraint_violation_total_regular
2026-04-02 17:41:38.635 INFO Calculating metric: range_constraint_violation_total_suggestion
2026-04-02 17:41:38.637 INFO Calculating metric: subject_constraint_violation_ratio
2026-04-02 17:41:38.640 INFO Calculating metric: range_constraint_violation_ratio
2026-04-02 17:41:38.643 INFO Calculating metric: range_constraint_violation_ratio_mandatory
2026-04-02 17:41:38.645 INFO Calculating metric: range_constraint_violation_ratio_regular
2026-04-02 17:41:38.648 INFO Calculating metric: range_constraint_violation_ratio_suggestion
2026-04-02 17:41:38.651 INFO Calculating metric: subject_constraint_completeness
2026-04-02 17:41:38.653 INFO Calculating metric: range_constraint_completeness
2026-04-02 17:41:38.655 INFO Calculating metric: range_constraint_completeness_mandatory
2026-04-02 17:41:38.658 INFO Calculating metric: range_constraint_completeness_regular
2026-04-02 17:41:38.660 INFO Calculating metric: range_constraint_completeness_suggestion
2026-04-02 17:41:38.662 INFO Memory usage (end of timestep): 181.16 GB
2026-04-02 17:41:38.663 INFO (Iteration 74) subject_constraint_violation_count: real 457.85s | cpu 465.60s
2026-04-02 17:41:38.663 INFO (Iteration 74) statement_count_property_subject: real 11.61s | cpu 17.62s
2026-04-02 17:41:38.663 INFO (Iteration 74) subject_constraint_violation_total: real 0.00s | cpu 0.00s
2026-04-02 17:41:38.663 INFO (Iteration 74) subject_constraint_violation_ratio: real 0.00s | cpu 0.00s
2026-04-02 17:41:38.663 INFO (Iteration 74) subject_constraint_completeness: real 0.00s | cpu 0.00s
2026-04-02 17:41:38.663 INFO (Iteration 74) range_constraint_violation_count: real 38.97s | cpu 42.50s
2026-04-02 17:41:38.663 INFO (Iteration 74) range_constraint_violation_count_mandatory: real 1.80s | cpu 3.35s
2026-04-02 17:41:38.663 INFO (Iteration 74) range_constraint_violation_count_regular: real 36.69s | cpu 39.93s
2026-04-02 17:41:38.663 INFO (Iteration 74) range_constraint_violation_count_suggestion: real 0.35s | cpu 1.86s
2026-04-02 17:41:38.663 INFO (Iteration 74) statement_count_property_range_all: real 0.11s | cpu 1.53s
2026-04-02 17:41:38.663 INFO (Iteration 74) statement_count_property_range_mandatory: real 0.09s | cpu 1.23s
2026-04-02 17:41:38.663 INFO (Iteration 74) statement_count_property_range_regular: real 0.09s | cpu 1.30s
2026-04-02 17:41:38.663 INFO (Iteration 74) statement_count_property_range_suggestion: real 0.08s | cpu 1.21s
2026-04-02 17:41:38.663 INFO (Iteration 74) range_constraint_violation_total_all: real 0.00s | cpu 0.00s
2026-04-02 17:41:38.663 INFO (Iteration 74) range_constraint_violation_ratio: real 0.00s | cpu 0.00s
2026-04-02 17:41:38.663 INFO (Iteration 74) range_constraint_completeness: real 0.00s | cpu 0.00s
2026-04-02 17:41:38.663 INFO (Iteration 74) range_constraint_violation_total_mandatory: real 0.00s | cpu 0.00s
2026-04-02 17:41:38.663 INFO (Iteration 74) range_constraint_violation_ratio_mandatory: real 0.00s | cpu 0.00s
2026-04-02 17:41:38.663 INFO (Iteration 74) range_constraint_completeness_mandatory: real 0.00s | cpu 0.00s
2026-04-02 17:41:38.663 INFO (Iteration 74) range_constraint_violation_total_regular: real 0.00s | cpu 0.00s
2026-04-02 17:41:38.663 INFO (Iteration 74) range_constraint_violation_ratio_regular: real 0.00s | cpu 0.00s
2026-04-02 17:41:38.663 INFO (Iteration 74) range_constraint_completeness_regular: real 0.00s | cpu 0.00s
2026-04-02 17:41:38.663 INFO (Iteration 74) range_constraint_violation_total_suggestion: real 0.00s | cpu 0.00s
2026-04-02 17:41:38.663 INFO (Iteration 74) range_constraint_violation_ratio_suggestion: real 0.00s | cpu 0.00s
2026-04-02 17:41:38.663 INFO (Iteration 74) range_constraint_completeness_suggestion: real 0.00s | cpu 0.00s
2026-04-02 17:41:38.663 INFO Iteration 74 finished in 832.57s (real) and 745.24s (process)
2026-04-02 17:41:38.663 INFO Start timestep 2018-12-27 00:00:00+00:00 -> 2019-01-26 00:00:00+00:00
2026-04-02 17:44:37.664 INFO Loading data (2018-12-27 00:00:00+00:00 -> 2019-01-26 00:00:00+00:00) done in 179.00s (real) and 107.40s (process)
2026-04-02 17:44:37.665 INFO Memory usage (start of timestep): 181.16 GB
2026-04-02 17:44:37.665 INFO Calculating metrics
2026-04-02 17:44:37.665 INFO Calculating metric: subject_constraint_violation_count
2026-04-02 17:54:00.865 INFO [subject_constraint_violation_count] processed rows=9288274, result_rows=1240
2026-04-02 17:54:02.365 INFO Calculating metric: statement_count_property_subject
2026-04-02 17:54:08.871 INFO Calculating metric: range_constraint_violation_count
2026-04-02 17:54:55.735 INFO Calculating metric: range_constraint_violation_count_mandatory
2026-04-02 17:55:02.840 INFO Calculating metric: range_constraint_violation_count_regular
2026-04-02 17:55:41.524 INFO Calculating metric: range_constraint_violation_count_suggestion
2026-04-02 17:55:42.307 INFO Calculating metric: statement_count_property_range_all
2026-04-02 17:55:42.404 INFO Calculating metric: statement_count_property_range_mandatory
2026-04-02 17:55:42.460 INFO Calculating metric: statement_count_property_range_regular
2026-04-02 17:55:42.519 INFO Calculating metric: statement_count_property_range_suggestion
2026-04-02 17:55:42.572 INFO Calculating metric: subject_constraint_violation_total
2026-04-02 17:55:42.575 INFO Calculating metric: range_constraint_violation_total_all
2026-04-02 17:55:42.578 INFO Calculating metric: range_constraint_violation_total_mandatory
2026-04-02 17:55:42.580 INFO Calculating metric: range_constraint_violation_total_regular
2026-04-02 17:55:42.582 INFO Calculating metric: range_constraint_violation_total_suggestion
2026-04-02 17:55:42.584 INFO Calculating metric: subject_constraint_violation_ratio
2026-04-02 17:55:42.586 INFO Calculating metric: range_constraint_violation_ratio
2026-04-02 17:55:42.588 INFO Calculating metric: range_constraint_violation_ratio_mandatory
2026-04-02 17:55:42.590 INFO Calculating metric: range_constraint_violation_ratio_regular
2026-04-02 17:55:42.592 INFO Calculating metric: range_constraint_violation_ratio_suggestion
2026-04-02 17:55:42.595 INFO Calculating metric: subject_constraint_completeness
2026-04-02 17:55:42.596 INFO Calculating metric: range_constraint_completeness
2026-04-02 17:55:42.599 INFO Calculating metric: range_constraint_completeness_mandatory
2026-04-02 17:55:42.601 INFO Calculating metric: range_constraint_completeness_regular
2026-04-02 17:55:42.606 INFO Calculating metric: range_constraint_completeness_suggestion
2026-04-02 17:55:42.608 INFO Memory usage (end of timestep): 181.16 GB
2026-04-02 17:55:42.608 INFO (Iteration 75) subject_constraint_violation_count: real 564.70s | cpu 569.88s
2026-04-02 17:55:42.608 INFO (Iteration 75) statement_count_property_subject: real 6.50s | cpu 10.70s
2026-04-02 17:55:42.608 INFO (Iteration 75) subject_constraint_violation_total: real 0.00s | cpu 0.00s
2026-04-02 17:55:42.608 INFO (Iteration 75) subject_constraint_violation_ratio: real 0.00s | cpu 0.00s
2026-04-02 17:55:42.608 INFO (Iteration 75) subject_constraint_completeness: real 0.00s | cpu 0.00s
2026-04-02 17:55:42.608 INFO (Iteration 75) range_constraint_violation_count: real 46.86s | cpu 49.38s
2026-04-02 17:55:42.608 INFO (Iteration 75) range_constraint_violation_count_mandatory: real 7.10s | cpu 8.21s
2026-04-02 17:55:42.608 INFO (Iteration 75) range_constraint_violation_count_regular: real 38.68s | cpu 41.12s
2026-04-02 17:55:42.608 INFO (Iteration 75) range_constraint_violation_count_suggestion: real 0.78s | cpu 1.72s
2026-04-02 17:55:42.608 INFO (Iteration 75) statement_count_property_range_all: real 0.10s | cpu 1.31s
2026-04-02 17:55:42.608 INFO (Iteration 75) statement_count_property_range_mandatory: real 0.06s | cpu 0.74s
2026-04-02 17:55:42.608 INFO (Iteration 75) statement_count_property_range_regular: real 0.06s | cpu 0.78s
2026-04-02 17:55:42.608 INFO (Iteration 75) statement_count_property_range_suggestion: real 0.05s | cpu 0.70s
2026-04-02 17:55:42.608 INFO (Iteration 75) range_constraint_violation_total_all: real 0.00s | cpu 0.00s
2026-04-02 17:55:42.608 INFO (Iteration 75) range_constraint_violation_ratio: real 0.00s | cpu 0.00s
2026-04-02 17:55:42.608 INFO (Iteration 75) range_constraint_completeness: real 0.00s | cpu 0.00s
2026-04-02 17:55:42.608 INFO (Iteration 75) range_constraint_violation_total_mandatory: real 0.00s | cpu 0.00s
2026-04-02 17:55:42.608 INFO (Iteration 75) range_constraint_violation_ratio_mandatory: real 0.00s | cpu 0.00s
2026-04-02 17:55:42.608 INFO (Iteration 75) range_constraint_completeness_mandatory: real 0.00s | cpu 0.00s
2026-04-02 17:55:42.608 INFO (Iteration 75) range_constraint_violation_total_regular: real 0.00s | cpu 0.00s
2026-04-02 17:55:42.608 INFO (Iteration 75) range_constraint_violation_ratio_regular: real 0.00s | cpu 0.00s
2026-04-02 17:55:42.608 INFO (Iteration 75) range_constraint_completeness_regular: real 0.00s | cpu 0.00s
2026-04-02 17:55:42.608 INFO (Iteration 75) range_constraint_violation_total_suggestion: real 0.00s | cpu 0.00s
2026-04-02 17:55:42.608 INFO (Iteration 75) range_constraint_violation_ratio_suggestion: real 0.00s | cpu 0.00s
2026-04-02 17:55:42.608 INFO (Iteration 75) range_constraint_completeness_suggestion: real 0.00s | cpu 0.00s
2026-04-02 17:55:42.608 INFO Iteration 75 finished in 843.95s (real) and 791.95s (process)
2026-04-02 17:55:42.608 INFO Start timestep 2019-01-26 00:00:00+00:00 -> 2019-02-25 00:00:00+00:00
2026-04-02 17:57:33.765 INFO Loading data (2019-01-26 00:00:00+00:00 -> 2019-02-25 00:00:00+00:00) done in 111.16s (real) and 68.90s (process)
2026-04-02 17:57:33.774 INFO Memory usage (start of timestep): 181.16 GB
2026-04-02 17:57:33.774 INFO Calculating metrics
2026-04-02 17:57:33.774 INFO Calculating metric: subject_constraint_violation_count
2026-04-02 18:09:22.861 INFO [subject_constraint_violation_count] processed rows=7944627, result_rows=1214
2026-04-02 18:09:24.189 INFO Calculating metric: statement_count_property_subject
2026-04-02 18:09:29.797 INFO Calculating metric: range_constraint_violation_count
2026-04-02 18:09:56.014 INFO Calculating metric: range_constraint_violation_count_mandatory
2026-04-02 18:10:00.776 INFO Calculating metric: range_constraint_violation_count_regular
2026-04-02 18:10:20.619 INFO Calculating metric: range_constraint_violation_count_suggestion
2026-04-02 18:10:22.234 INFO Calculating metric: statement_count_property_range_all
2026-04-02 18:10:22.325 INFO Calculating metric: statement_count_property_range_mandatory
2026-04-02 18:10:22.380 INFO Calculating metric: statement_count_property_range_regular
2026-04-02 18:10:22.446 INFO Calculating metric: statement_count_property_range_suggestion
2026-04-02 18:10:22.497 INFO Calculating metric: subject_constraint_violation_total
2026-04-02 18:10:22.506 INFO Calculating metric: range_constraint_violation_total_all
2026-04-02 18:10:22.509 INFO Calculating metric: range_constraint_violation_total_mandatory
2026-04-02 18:10:22.522 INFO Calculating metric: range_constraint_violation_total_regular
2026-04-02 18:10:22.528 INFO Calculating metric: range_constraint_violation_total_suggestion
2026-04-02 18:10:22.532 INFO Calculating metric: subject_constraint_violation_ratio
2026-04-02 18:10:22.538 INFO Calculating metric: range_constraint_violation_ratio
2026-04-02 18:10:22.551 INFO Calculating metric: range_constraint_violation_ratio_mandatory
2026-04-02 18:10:22.555 INFO Calculating metric: range_constraint_violation_ratio_regular
2026-04-02 18:10:22.561 INFO Calculating metric: range_constraint_violation_ratio_suggestion
2026-04-02 18:10:22.572 INFO Calculating metric: subject_constraint_completeness
2026-04-02 18:10:22.575 INFO Calculating metric: range_constraint_completeness
2026-04-02 18:10:22.579 INFO Calculating metric: range_constraint_completeness_mandatory
2026-04-02 18:10:22.613 INFO Calculating metric: range_constraint_completeness_regular
2026-04-02 18:10:22.621 INFO Calculating metric: range_constraint_completeness_suggestion
2026-04-02 18:10:22.624 INFO Memory usage (end of timestep): 181.16 GB
2026-04-02 18:10:22.624 INFO (Iteration 76) subject_constraint_violation_count: real 710.42s | cpu 715.32s
2026-04-02 18:10:22.624 INFO (Iteration 76) statement_count_property_subject: real 5.61s | cpu 9.67s
2026-04-02 18:10:22.625 INFO (Iteration 76) subject_constraint_violation_total: real 0.01s | cpu 0.00s
2026-04-02 18:10:22.625 INFO (Iteration 76) subject_constraint_violation_ratio: real 0.01s | cpu 0.00s
2026-04-02 18:10:22.625 INFO (Iteration 76) subject_constraint_completeness: real 0.00s | cpu 0.00s
2026-04-02 18:10:22.625 INFO (Iteration 76) range_constraint_violation_count: real 26.22s | cpu 27.79s
2026-04-02 18:10:22.625 INFO (Iteration 76) range_constraint_violation_count_mandatory: real 4.76s | cpu 5.67s
2026-04-02 18:10:22.625 INFO (Iteration 76) range_constraint_violation_count_regular: real 19.84s | cpu 21.34s
2026-04-02 18:10:22.625 INFO (Iteration 76) range_constraint_violation_count_suggestion: real 1.61s | cpu 2.50s
2026-04-02 18:10:22.625 INFO (Iteration 76) statement_count_property_range_all: real 0.09s | cpu 1.20s
2026-04-02 18:10:22.625 INFO (Iteration 76) statement_count_property_range_mandatory: real 0.05s | cpu 0.66s
2026-04-02 18:10:22.625 INFO (Iteration 76) statement_count_property_range_regular: real 0.07s | cpu 0.73s
2026-04-02 18:10:22.625 INFO (Iteration 76) statement_count_property_range_suggestion: real 0.05s | cpu 0.63s
2026-04-02 18:10:22.625 INFO (Iteration 76) range_constraint_violation_total_all: real 0.00s | cpu 0.00s
2026-04-02 18:10:22.625 INFO (Iteration 76) range_constraint_violation_ratio: real 0.01s | cpu 0.00s
2026-04-02 18:10:22.625 INFO (Iteration 76) range_constraint_completeness: real 0.00s | cpu 0.00s
2026-04-02 18:10:22.625 INFO (Iteration 76) range_constraint_violation_total_mandatory: real 0.01s | cpu 0.00s
2026-04-02 18:10:22.625 INFO (Iteration 76) range_constraint_violation_ratio_mandatory: real 0.00s | cpu 0.00s
2026-04-02 18:10:22.625 INFO (Iteration 76) range_constraint_completeness_mandatory: real 0.03s | cpu 0.00s
2026-04-02 18:10:22.625 INFO (Iteration 76) range_constraint_violation_total_regular: real 0.01s | cpu 0.00s
2026-04-02 18:10:22.625 INFO (Iteration 76) range_constraint_violation_ratio_regular: real 0.01s | cpu 0.00s
2026-04-02 18:10:22.625 INFO (Iteration 76) range_constraint_completeness_regular: real 0.01s | cpu 0.00s
2026-04-02 18:10:22.625 INFO (Iteration 76) range_constraint_violation_total_suggestion: real 0.00s | cpu 0.00s
2026-04-02 18:10:22.625 INFO (Iteration 76) range_constraint_violation_ratio_suggestion: real 0.01s | cpu 0.00s
2026-04-02 18:10:22.625 INFO (Iteration 76) range_constraint_completeness_suggestion: real 0.00s | cpu 0.00s
2026-04-02 18:10:22.625 INFO Iteration 76 finished in 880.02s (real) and 854.43s (process)
2026-04-02 18:10:22.626 INFO Start timestep 2019-02-25 00:00:00+00:00 -> 2019-03-27 00:00:00+00:00
2026-04-02 18:14:27.907 INFO Loading data (2019-02-25 00:00:00+00:00 -> 2019-03-27 00:00:00+00:00) done in 245.28s (real) and 148.01s (process)
2026-04-02 18:14:27.908 INFO Memory usage (start of timestep): 181.16 GB
2026-04-02 18:14:27.908 INFO Calculating metrics
2026-04-02 18:14:27.908 INFO Calculating metric: subject_constraint_violation_count
2026-04-02 18:25:34.612 INFO [subject_constraint_violation_count] processed rows=7165876, result_rows=1265
2026-04-02 18:25:35.792 INFO Calculating metric: statement_count_property_subject
2026-04-02 18:25:40.992 INFO Calculating metric: range_constraint_violation_count
2026-04-02 18:26:16.648 INFO Calculating metric: range_constraint_violation_count_mandatory
2026-04-02 18:26:21.471 INFO Calculating metric: range_constraint_violation_count_regular
2026-04-02 18:26:52.003 INFO Calculating metric: range_constraint_violation_count_suggestion
2026-04-02 18:26:52.332 INFO Calculating metric: statement_count_property_range_all
2026-04-02 18:26:52.433 INFO Calculating metric: statement_count_property_range_mandatory
2026-04-02 18:26:52.496 INFO Calculating metric: statement_count_property_range_regular
2026-04-02 18:26:52.574 INFO Calculating metric: statement_count_property_range_suggestion
2026-04-02 18:26:52.636 INFO Calculating metric: subject_constraint_violation_total
2026-04-02 18:26:52.639 INFO Calculating metric: range_constraint_violation_total_all
2026-04-02 18:26:52.641 INFO Calculating metric: range_constraint_violation_total_mandatory
2026-04-02 18:26:52.643 INFO Calculating metric: range_constraint_violation_total_regular
2026-04-02 18:26:52.645 INFO Calculating metric: range_constraint_violation_total_suggestion
2026-04-02 18:26:52.647 INFO Calculating metric: subject_constraint_violation_ratio
2026-04-02 18:26:52.648 INFO Calculating metric: range_constraint_violation_ratio
2026-04-02 18:26:52.650 INFO Calculating metric: range_constraint_violation_ratio_mandatory
2026-04-02 18:26:52.655 INFO Calculating metric: range_constraint_violation_ratio_regular
2026-04-02 18:26:52.657 INFO Calculating metric: range_constraint_violation_ratio_suggestion
2026-04-02 18:26:52.658 INFO Calculating metric: subject_constraint_completeness
2026-04-02 18:26:52.660 INFO Calculating metric: range_constraint_completeness
2026-04-02 18:26:52.661 INFO Calculating metric: range_constraint_completeness_mandatory
2026-04-02 18:26:52.663 INFO Calculating metric: range_constraint_completeness_regular
2026-04-02 18:26:52.664 INFO Calculating metric: range_constraint_completeness_suggestion
2026-04-02 18:26:52.666 INFO Memory usage (end of timestep): 181.16 GB
2026-04-02 18:26:52.666 INFO (Iteration 77) subject_constraint_violation_count: real 667.88s | cpu 674.30s
2026-04-02 18:26:52.666 INFO (Iteration 77) statement_count_property_subject: real 5.20s | cpu 10.45s
2026-04-02 18:26:52.666 INFO (Iteration 77) subject_constraint_violation_total: real 0.00s | cpu 0.00s
2026-04-02 18:26:52.666 INFO (Iteration 77) subject_constraint_violation_ratio: real 0.00s | cpu 0.00s
2026-04-02 18:26:52.666 INFO (Iteration 77) subject_constraint_completeness: real 0.00s | cpu 0.00s
2026-04-02 18:26:52.666 INFO (Iteration 77) range_constraint_violation_count: real 35.66s | cpu 37.91s
2026-04-02 18:26:52.666 INFO (Iteration 77) range_constraint_violation_count_mandatory: real 4.82s | cpu 6.11s
2026-04-02 18:26:52.666 INFO (Iteration 77) range_constraint_violation_count_regular: real 30.53s | cpu 32.61s
2026-04-02 18:26:52.666 INFO (Iteration 77) range_constraint_violation_count_suggestion: real 0.33s | cpu 1.44s
2026-04-02 18:26:52.666 INFO (Iteration 77) statement_count_property_range_all: real 0.10s | cpu 1.31s
2026-04-02 18:26:52.666 INFO (Iteration 77) statement_count_property_range_mandatory: real 0.06s | cpu 0.85s
2026-04-02 18:26:52.666 INFO (Iteration 77) statement_count_property_range_regular: real 0.08s | cpu 1.07s
2026-04-02 18:26:52.666 INFO (Iteration 77) statement_count_property_range_suggestion: real 0.06s | cpu 0.79s
2026-04-02 18:26:52.666 INFO (Iteration 77) range_constraint_violation_total_all: real 0.00s | cpu 0.00s
2026-04-02 18:26:52.666 INFO (Iteration 77) range_constraint_violation_ratio: real 0.00s | cpu 0.00s
2026-04-02 18:26:52.666 INFO (Iteration 77) range_constraint_completeness: real 0.00s | cpu 0.00s
2026-04-02 18:26:52.666 INFO (Iteration 77) range_constraint_violation_total_mandatory: real 0.00s | cpu 0.00s
2026-04-02 18:26:52.666 INFO (Iteration 77) range_constraint_violation_ratio_mandatory: real 0.00s | cpu 0.00s
2026-04-02 18:26:52.666 INFO (Iteration 77) range_constraint_completeness_mandatory: real 0.00s | cpu 0.00s
2026-04-02 18:26:52.666 INFO (Iteration 77) range_constraint_violation_total_regular: real 0.00s | cpu 0.00s
2026-04-02 18:26:52.666 INFO (Iteration 77) range_constraint_violation_ratio_regular: real 0.00s | cpu 0.00s
2026-04-02 18:26:52.666 INFO (Iteration 77) range_constraint_completeness_regular: real 0.00s | cpu 0.00s
2026-04-02 18:26:52.666 INFO (Iteration 77) range_constraint_violation_total_suggestion: real 0.00s | cpu 0.00s
2026-04-02 18:26:52.666 INFO (Iteration 77) range_constraint_violation_ratio_suggestion: real 0.00s | cpu 0.00s
2026-04-02 18:26:52.666 INFO (Iteration 77) range_constraint_completeness_suggestion: real 0.00s | cpu 0.00s
2026-04-02 18:26:52.666 INFO Iteration 77 finished in 990.04s (real) and 914.86s (process)
2026-04-02 18:26:52.666 INFO Start timestep 2019-03-27 00:00:00+00:00 -> 2019-04-26 00:00:00+00:00
2026-04-02 18:30:27.783 INFO Loading data (2019-03-27 00:00:00+00:00 -> 2019-04-26 00:00:00+00:00) done in 215.12s (real) and 133.02s (process)
2026-04-02 18:30:27.783 INFO Memory usage (start of timestep): 181.16 GB
2026-04-02 18:30:27.783 INFO Calculating metrics
2026-04-02 18:30:27.784 INFO Calculating metric: subject_constraint_violation_count
2026-04-02 18:41:30.760 INFO [subject_constraint_violation_count] processed rows=7545857, result_rows=1280
2026-04-02 18:41:32.025 INFO Calculating metric: statement_count_property_subject
2026-04-02 18:41:37.437 INFO Calculating metric: range_constraint_violation_count
2026-04-02 18:42:01.738 INFO Calculating metric: range_constraint_violation_count_mandatory
2026-04-02 18:42:04.461 INFO Calculating metric: range_constraint_violation_count_regular
2026-04-02 18:42:25.936 INFO Calculating metric: range_constraint_violation_count_suggestion
2026-04-02 18:42:26.217 INFO Calculating metric: statement_count_property_range_all
2026-04-02 18:42:26.329 INFO Calculating metric: statement_count_property_range_mandatory
2026-04-02 18:42:26.399 INFO Calculating metric: statement_count_property_range_regular
2026-04-02 18:42:26.491 INFO Calculating metric: statement_count_property_range_suggestion
2026-04-02 18:42:26.557 INFO Calculating metric: subject_constraint_violation_total
2026-04-02 18:42:26.559 INFO Calculating metric: range_constraint_violation_total_all
2026-04-02 18:42:26.562 INFO Calculating metric: range_constraint_violation_total_mandatory
2026-04-02 18:42:26.564 INFO Calculating metric: range_constraint_violation_total_regular
2026-04-02 18:42:26.566 INFO Calculating metric: range_constraint_violation_total_suggestion
2026-04-02 18:42:26.569 INFO Calculating metric: subject_constraint_violation_ratio
2026-04-02 18:42:26.571 INFO Calculating metric: range_constraint_violation_ratio
2026-04-02 18:42:26.573 INFO Calculating metric: range_constraint_violation_ratio_mandatory
2026-04-02 18:42:26.575 INFO Calculating metric: range_constraint_violation_ratio_regular
2026-04-02 18:42:26.577 INFO Calculating metric: range_constraint_violation_ratio_suggestion
2026-04-02 18:42:26.579 INFO Calculating metric: subject_constraint_completeness
2026-04-02 18:42:26.582 INFO Calculating metric: range_constraint_completeness
2026-04-02 18:42:26.584 INFO Calculating metric: range_constraint_completeness_mandatory
2026-04-02 18:42:26.586 INFO Calculating metric: range_constraint_completeness_regular
2026-04-02 18:42:26.589 INFO Calculating metric: range_constraint_completeness_suggestion
2026-04-02 18:42:26.591 INFO Memory usage (end of timestep): 181.16 GB
2026-04-02 18:42:26.591 INFO (Iteration 78) subject_constraint_violation_count: real 664.24s | cpu 671.48s
2026-04-02 18:42:26.591 INFO (Iteration 78) statement_count_property_subject: real 5.41s | cpu 11.27s
2026-04-02 18:42:26.591 INFO (Iteration 78) subject_constraint_violation_total: real 0.00s | cpu 0.00s
2026-04-02 18:42:26.591 INFO (Iteration 78) subject_constraint_violation_ratio: real 0.00s | cpu 0.00s
2026-04-02 18:42:26.591 INFO (Iteration 78) subject_constraint_completeness: real 0.00s | cpu 0.00s
2026-04-02 18:42:26.591 INFO (Iteration 78) range_constraint_violation_count: real 24.30s | cpu 26.46s
2026-04-02 18:42:26.591 INFO (Iteration 78) range_constraint_violation_count_mandatory: real 2.72s | cpu 3.82s
2026-04-02 18:42:26.591 INFO (Iteration 78) range_constraint_violation_count_regular: real 21.47s | cpu 23.46s
2026-04-02 18:42:26.591 INFO (Iteration 78) range_constraint_violation_count_suggestion: real 0.28s | cpu 1.51s
2026-04-02 18:42:26.591 INFO (Iteration 78) statement_count_property_range_all: real 0.11s | cpu 1.51s
2026-04-02 18:42:26.591 INFO (Iteration 78) statement_count_property_range_mandatory: real 0.07s | cpu 0.97s
2026-04-02 18:42:26.591 INFO (Iteration 78) statement_count_property_range_regular: real 0.09s | cpu 1.28s
2026-04-02 18:42:26.591 INFO (Iteration 78) statement_count_property_range_suggestion: real 0.07s | cpu 0.92s
2026-04-02 18:42:26.591 INFO (Iteration 78) range_constraint_violation_total_all: real 0.00s | cpu 0.00s
2026-04-02 18:42:26.591 INFO (Iteration 78) range_constraint_violation_ratio: real 0.00s | cpu 0.00s
2026-04-02 18:42:26.591 INFO (Iteration 78) range_constraint_completeness: real 0.00s | cpu 0.00s
2026-04-02 18:42:26.591 INFO (Iteration 78) range_constraint_violation_total_mandatory: real 0.00s | cpu 0.00s
2026-04-02 18:42:26.591 INFO (Iteration 78) range_constraint_violation_ratio_mandatory: real 0.00s | cpu 0.00s
2026-04-02 18:42:26.591 INFO (Iteration 78) range_constraint_completeness_mandatory: real 0.00s | cpu 0.00s
2026-04-02 18:42:26.591 INFO (Iteration 78) range_constraint_violation_total_regular: real 0.00s | cpu 0.00s
2026-04-02 18:42:26.591 INFO (Iteration 78) range_constraint_violation_ratio_regular: real 0.00s | cpu 0.00s
2026-04-02 18:42:26.591 INFO (Iteration 78) range_constraint_completeness_regular: real 0.00s | cpu 0.00s
2026-04-02 18:42:26.591 INFO (Iteration 78) range_constraint_violation_total_suggestion: real 0.00s | cpu 0.00s
2026-04-02 18:42:26.591 INFO (Iteration 78) range_constraint_violation_ratio_suggestion: real 0.00s | cpu 0.00s
2026-04-02 18:42:26.591 INFO (Iteration 78) range_constraint_completeness_suggestion: real 0.00s | cpu 0.00s
2026-04-02 18:42:26.591 INFO Iteration 78 finished in 933.92s (real) and 875.70s (process)
2026-04-02 18:42:26.591 INFO Start timestep 2019-04-26 00:00:00+00:00 -> 2019-05-26 00:00:00+00:00
2026-04-02 18:45:25.420 INFO Loading data (2019-04-26 00:00:00+00:00 -> 2019-05-26 00:00:00+00:00) done in 178.83s (real) and 239.76s (process)
2026-04-02 18:45:25.421 INFO Memory usage (start of timestep): 181.16 GB
2026-04-02 18:45:25.421 INFO Calculating metrics
2026-04-02 18:45:25.421 INFO Calculating metric: subject_constraint_violation_count
2026-04-02 18:49:53.326 INFO [subject_constraint_violation_count] processed rows=7691961, result_rows=1236
2026-04-02 18:49:54.704 INFO Calculating metric: statement_count_property_subject
2026-04-02 18:50:00.356 INFO Calculating metric: range_constraint_violation_count
2026-04-02 18:50:33.346 INFO Calculating metric: range_constraint_violation_count_mandatory
2026-04-02 18:50:36.751 INFO Calculating metric: range_constraint_violation_count_regular
2026-04-02 18:51:06.154 INFO Calculating metric: range_constraint_violation_count_suggestion
2026-04-02 18:51:06.390 INFO Calculating metric: statement_count_property_range_all
2026-04-02 18:51:06.467 INFO Calculating metric: statement_count_property_range_mandatory
2026-04-02 18:51:06.515 INFO Calculating metric: statement_count_property_range_regular
2026-04-02 18:51:06.568 INFO Calculating metric: statement_count_property_range_suggestion
2026-04-02 18:51:06.617 INFO Calculating metric: subject_constraint_violation_total
2026-04-02 18:51:06.620 INFO Calculating metric: range_constraint_violation_total_all
2026-04-02 18:51:06.622 INFO Calculating metric: range_constraint_violation_total_mandatory
2026-04-02 18:51:06.625 INFO Calculating metric: range_constraint_violation_total_regular
2026-04-02 18:51:06.627 INFO Calculating metric: range_constraint_violation_total_suggestion
2026-04-02 18:51:06.629 INFO Calculating metric: subject_constraint_violation_ratio
2026-04-02 18:51:06.631 INFO Calculating metric: range_constraint_violation_ratio
2026-04-02 18:51:06.633 INFO Calculating metric: range_constraint_violation_ratio_mandatory
2026-04-02 18:51:06.635 INFO Calculating metric: range_constraint_violation_ratio_regular
2026-04-02 18:51:06.637 INFO Calculating metric: range_constraint_violation_ratio_suggestion
2026-04-02 18:51:06.639 INFO Calculating metric: subject_constraint_completeness
2026-04-02 18:51:06.641 INFO Calculating metric: range_constraint_completeness
2026-04-02 18:51:06.643 INFO Calculating metric: range_constraint_completeness_mandatory
2026-04-02 18:51:06.645 INFO Calculating metric: range_constraint_completeness_regular
2026-04-02 18:51:06.647 INFO Calculating metric: range_constraint_completeness_suggestion
2026-04-02 18:51:06.649 INFO Memory usage (end of timestep): 181.16 GB
2026-04-02 18:51:06.649 INFO (Iteration 79) subject_constraint_violation_count: real 269.28s | cpu 273.56s
2026-04-02 18:51:06.649 INFO (Iteration 79) statement_count_property_subject: real 5.65s | cpu 9.56s
2026-04-02 18:51:06.649 INFO (Iteration 79) subject_constraint_violation_total: real 0.00s | cpu 0.00s
2026-04-02 18:51:06.649 INFO (Iteration 79) subject_constraint_violation_ratio: real 0.00s | cpu 0.00s
2026-04-02 18:51:06.649 INFO (Iteration 79) subject_constraint_completeness: real 0.00s | cpu 0.00s
2026-04-02 18:51:06.649 INFO (Iteration 79) range_constraint_violation_count: real 32.99s | cpu 35.10s
2026-04-02 18:51:06.649 INFO (Iteration 79) range_constraint_violation_count_mandatory: real 3.40s | cpu 4.41s
2026-04-02 18:51:06.649 INFO (Iteration 79) range_constraint_violation_count_regular: real 29.40s | cpu 31.37s
2026-04-02 18:51:06.649 INFO (Iteration 79) range_constraint_violation_count_suggestion: real 0.24s | cpu 1.05s
2026-04-02 18:51:06.649 INFO (Iteration 79) statement_count_property_range_all: real 0.08s | cpu 1.06s
2026-04-02 18:51:06.649 INFO (Iteration 79) statement_count_property_range_mandatory: real 0.05s | cpu 0.64s
2026-04-02 18:51:06.649 INFO (Iteration 79) statement_count_property_range_regular: real 0.05s | cpu 0.71s
2026-04-02 18:51:06.649 INFO (Iteration 79) statement_count_property_range_suggestion: real 0.05s | cpu 0.62s
2026-04-02 18:51:06.649 INFO (Iteration 79) range_constraint_violation_total_all: real 0.00s | cpu 0.00s
2026-04-02 18:51:06.649 INFO (Iteration 79) range_constraint_violation_ratio: real 0.00s | cpu 0.00s
2026-04-02 18:51:06.649 INFO (Iteration 79) range_constraint_completeness: real 0.00s | cpu 0.00s
2026-04-02 18:51:06.649 INFO (Iteration 79) range_constraint_violation_total_mandatory: real 0.00s | cpu 0.00s
2026-04-02 18:51:06.649 INFO (Iteration 79) range_constraint_violation_ratio_mandatory: real 0.00s | cpu 0.00s
2026-04-02 18:51:06.649 INFO (Iteration 79) range_constraint_completeness_mandatory: real 0.00s | cpu 0.00s
2026-04-02 18:51:06.649 INFO (Iteration 79) range_constraint_violation_total_regular: real 0.00s | cpu 0.00s
2026-04-02 18:51:06.649 INFO (Iteration 79) range_constraint_violation_ratio_regular: real 0.00s | cpu 0.00s
2026-04-02 18:51:06.649 INFO (Iteration 79) range_constraint_completeness_regular: real 0.00s | cpu 0.00s
2026-04-02 18:51:06.649 INFO (Iteration 79) range_constraint_violation_total_suggestion: real 0.00s | cpu 0.00s
2026-04-02 18:51:06.649 INFO (Iteration 79) range_constraint_violation_ratio_suggestion: real 0.00s | cpu 0.00s
2026-04-02 18:51:06.650 INFO (Iteration 79) range_constraint_completeness_suggestion: real 0.00s | cpu 0.00s
2026-04-02 18:51:06.650 INFO Iteration 79 finished in 520.06s (real) and 597.86s (process)
2026-04-02 18:51:06.650 INFO Start timestep 2019-05-26 00:00:00+00:00 -> 2019-06-25 00:00:00+00:00
2026-04-02 18:52:47.472 INFO Loading data (2019-05-26 00:00:00+00:00 -> 2019-06-25 00:00:00+00:00) done in 100.82s (real) and 61.76s (process)
2026-04-02 18:52:47.483 INFO Memory usage (start of timestep): 181.16 GB
2026-04-02 18:52:47.483 INFO Calculating metrics
2026-04-02 18:52:47.483 INFO Calculating metric: subject_constraint_violation_count
2026-04-02 18:53:43.153 INFO [subject_constraint_violation_count] processed rows=8947250, result_rows=1286
2026-04-02 18:53:44.450 INFO Calculating metric: statement_count_property_subject
2026-04-02 18:53:50.993 INFO Calculating metric: range_constraint_violation_count
2026-04-02 18:54:37.055 INFO Calculating metric: range_constraint_violation_count_mandatory
2026-04-02 18:54:44.538 INFO Calculating metric: range_constraint_violation_count_regular
2026-04-02 18:55:22.780 INFO Calculating metric: range_constraint_violation_count_suggestion
2026-04-02 18:55:23.084 INFO Calculating metric: statement_count_property_range_all
2026-04-02 18:55:23.184 INFO Calculating metric: statement_count_property_range_mandatory
2026-04-02 18:55:23.240 INFO Calculating metric: statement_count_property_range_regular
2026-04-02 18:55:23.301 INFO Calculating metric: statement_count_property_range_suggestion
2026-04-02 18:55:23.354 INFO Calculating metric: subject_constraint_violation_total
2026-04-02 18:55:23.357 INFO Calculating metric: range_constraint_violation_total_all
2026-04-02 18:55:23.360 INFO Calculating metric: range_constraint_violation_total_mandatory
2026-04-02 18:55:23.362 INFO Calculating metric: range_constraint_violation_total_regular
2026-04-02 18:55:23.365 INFO Calculating metric: range_constraint_violation_total_suggestion
2026-04-02 18:55:23.367 INFO Calculating metric: subject_constraint_violation_ratio
2026-04-02 18:55:23.370 INFO Calculating metric: range_constraint_violation_ratio
2026-04-02 18:55:23.372 INFO Calculating metric: range_constraint_violation_ratio_mandatory
2026-04-02 18:55:23.375 INFO Calculating metric: range_constraint_violation_ratio_regular
2026-04-02 18:55:23.377 INFO Calculating metric: range_constraint_violation_ratio_suggestion
2026-04-02 18:55:23.379 INFO Calculating metric: subject_constraint_completeness
2026-04-02 18:55:23.382 INFO Calculating metric: range_constraint_completeness
2026-04-02 18:55:23.384 INFO Calculating metric: range_constraint_completeness_mandatory
2026-04-02 18:55:23.386 INFO Calculating metric: range_constraint_completeness_regular
2026-04-02 18:55:23.388 INFO Calculating metric: range_constraint_completeness_suggestion
2026-04-02 18:55:23.391 INFO Memory usage (end of timestep): 181.16 GB
2026-04-02 18:55:23.392 INFO (Iteration 80) subject_constraint_violation_count: real 56.97s | cpu 61.52s
2026-04-02 18:55:23.392 INFO (Iteration 80) statement_count_property_subject: real 6.54s | cpu 10.18s
2026-04-02 18:55:23.393 INFO (Iteration 80) subject_constraint_violation_total: real 0.00s | cpu 0.00s
2026-04-02 18:55:23.393 INFO (Iteration 80) subject_constraint_violation_ratio: real 0.00s | cpu 0.00s
2026-04-02 18:55:23.393 INFO (Iteration 80) subject_constraint_completeness: real 0.00s | cpu 0.00s
2026-04-02 18:55:23.393 INFO (Iteration 80) range_constraint_violation_count: real 46.06s | cpu 48.49s
2026-04-02 18:55:23.393 INFO (Iteration 80) range_constraint_violation_count_mandatory: real 7.48s | cpu 8.59s
2026-04-02 18:55:23.393 INFO (Iteration 80) range_constraint_violation_count_regular: real 38.24s | cpu 40.80s
2026-04-02 18:55:23.393 INFO (Iteration 80) range_constraint_violation_count_suggestion: real 0.30s | cpu 1.21s
2026-04-02 18:55:23.393 INFO (Iteration 80) statement_count_property_range_all: real 0.10s | cpu 1.23s
2026-04-02 18:55:23.393 INFO (Iteration 80) statement_count_property_range_mandatory: real 0.06s | cpu 0.75s
2026-04-02 18:55:23.393 INFO (Iteration 80) statement_count_property_range_regular: real 0.06s | cpu 0.80s
2026-04-02 18:55:23.393 INFO (Iteration 80) statement_count_property_range_suggestion: real 0.05s | cpu 0.72s
2026-04-02 18:55:23.393 INFO (Iteration 80) range_constraint_violation_total_all: real 0.00s | cpu 0.00s
2026-04-02 18:55:23.393 INFO (Iteration 80) range_constraint_violation_ratio: real 0.00s | cpu 0.00s
2026-04-02 18:55:23.393 INFO (Iteration 80) range_constraint_completeness: real 0.00s | cpu 0.00s
2026-04-02 18:55:23.393 INFO (Iteration 80) range_constraint_violation_total_mandatory: real 0.00s | cpu 0.00s
2026-04-02 18:55:23.393 INFO (Iteration 80) range_constraint_violation_ratio_mandatory: real 0.00s | cpu 0.00s
2026-04-02 18:55:23.393 INFO (Iteration 80) range_constraint_completeness_mandatory: real 0.00s | cpu 0.00s
2026-04-02 18:55:23.393 INFO (Iteration 80) range_constraint_violation_total_regular: real 0.00s | cpu 0.00s
2026-04-02 18:55:23.393 INFO (Iteration 80) range_constraint_violation_ratio_regular: real 0.00s | cpu 0.00s
2026-04-02 18:55:23.393 INFO (Iteration 80) range_constraint_completeness_regular: real 0.00s | cpu 0.00s
2026-04-02 18:55:23.393 INFO (Iteration 80) range_constraint_violation_total_suggestion: real 0.00s | cpu 0.00s
2026-04-02 18:55:23.393 INFO (Iteration 80) range_constraint_violation_ratio_suggestion: real 0.00s | cpu 0.00s
2026-04-02 18:55:23.393 INFO (Iteration 80) range_constraint_completeness_suggestion: real 0.00s | cpu 0.00s
2026-04-02 18:55:23.393 INFO Iteration 80 finished in 256.74s (real) and 236.08s (process)
2026-04-02 18:55:23.393 INFO Start timestep 2019-06-25 00:00:00+00:00 -> 2019-07-25 00:00:00+00:00
2026-04-02 18:58:15.225 INFO Loading data (2019-06-25 00:00:00+00:00 -> 2019-07-25 00:00:00+00:00) done in 171.83s (real) and 104.21s (process)
2026-04-02 18:58:15.237 INFO Memory usage (start of timestep): 181.16 GB
2026-04-02 18:58:15.237 INFO Calculating metrics
2026-04-02 18:58:15.237 INFO Calculating metric: subject_constraint_violation_count
2026-04-02 19:12:25.095 INFO [subject_constraint_violation_count] processed rows=6957308, result_rows=1302
2026-04-02 19:12:26.496 INFO Calculating metric: statement_count_property_subject
2026-04-02 19:12:31.509 INFO Calculating metric: range_constraint_violation_count
2026-04-02 19:12:53.266 INFO Calculating metric: range_constraint_violation_count_mandatory
2026-04-02 19:12:57.736 INFO Calculating metric: range_constraint_violation_count_regular
2026-04-02 19:13:14.187 INFO Calculating metric: range_constraint_violation_count_suggestion
2026-04-02 19:13:14.735 INFO Calculating metric: statement_count_property_range_all
2026-04-02 19:13:14.843 INFO Calculating metric: statement_count_property_range_mandatory
2026-04-02 19:13:14.913 INFO Calculating metric: statement_count_property_range_regular
2026-04-02 19:13:15.006 INFO Calculating metric: statement_count_property_range_suggestion
2026-04-02 19:13:15.077 INFO Calculating metric: subject_constraint_violation_total
2026-04-02 19:13:15.080 INFO Calculating metric: range_constraint_violation_total_all
2026-04-02 19:13:15.083 INFO Calculating metric: range_constraint_violation_total_mandatory
2026-04-02 19:13:15.086 INFO Calculating metric: range_constraint_violation_total_regular
2026-04-02 19:13:15.089 INFO Calculating metric: range_constraint_violation_total_suggestion
2026-04-02 19:13:15.092 INFO Calculating metric: subject_constraint_violation_ratio
2026-04-02 19:13:15.094 INFO Calculating metric: range_constraint_violation_ratio
2026-04-02 19:13:15.096 INFO Calculating metric: range_constraint_violation_ratio_mandatory
2026-04-02 19:13:15.099 INFO Calculating metric: range_constraint_violation_ratio_regular
2026-04-02 19:13:15.101 INFO Calculating metric: range_constraint_violation_ratio_suggestion
2026-04-02 19:13:15.104 INFO Calculating metric: subject_constraint_completeness
2026-04-02 19:13:15.106 INFO Calculating metric: range_constraint_completeness
2026-04-02 19:13:15.108 INFO Calculating metric: range_constraint_completeness_mandatory
2026-04-02 19:13:15.111 INFO Calculating metric: range_constraint_completeness_regular
2026-04-02 19:13:15.113 INFO Calculating metric: range_constraint_completeness_suggestion
2026-04-02 19:13:15.116 INFO Memory usage (end of timestep): 181.16 GB
2026-04-02 19:13:15.116 INFO (Iteration 81) subject_constraint_violation_count: real 851.26s | cpu 858.34s
2026-04-02 19:13:15.116 INFO (Iteration 81) statement_count_property_subject: real 5.01s | cpu 10.57s
2026-04-02 19:13:15.116 INFO (Iteration 81) subject_constraint_violation_total: real 0.00s | cpu 0.00s
2026-04-02 19:13:15.116 INFO (Iteration 81) subject_constraint_violation_ratio: real 0.00s | cpu 0.00s
2026-04-02 19:13:15.116 INFO (Iteration 81) subject_constraint_completeness: real 0.00s | cpu 0.00s
2026-04-02 19:13:15.116 INFO (Iteration 81) range_constraint_violation_count: real 21.76s | cpu 23.76s
2026-04-02 19:13:15.116 INFO (Iteration 81) range_constraint_violation_count_mandatory: real 4.47s | cpu 5.72s
2026-04-02 19:13:15.116 INFO (Iteration 81) range_constraint_violation_count_regular: real 16.45s | cpu 18.38s
2026-04-02 19:13:15.116 INFO (Iteration 81) range_constraint_violation_count_suggestion: real 0.55s | cpu 1.72s
2026-04-02 19:13:15.116 INFO (Iteration 81) statement_count_property_range_all: real 0.11s | cpu 1.44s
2026-04-02 19:13:15.116 INFO (Iteration 81) statement_count_property_range_mandatory: real 0.07s | cpu 0.96s
2026-04-02 19:13:15.116 INFO (Iteration 81) statement_count_property_range_regular: real 0.09s | cpu 1.26s
2026-04-02 19:13:15.116 INFO (Iteration 81) statement_count_property_range_suggestion: real 0.07s | cpu 0.95s
2026-04-02 19:13:15.116 INFO (Iteration 81) range_constraint_violation_total_all: real 0.00s | cpu 0.00s
2026-04-02 19:13:15.116 INFO (Iteration 81) range_constraint_violation_ratio: real 0.00s | cpu 0.00s
2026-04-02 19:13:15.116 INFO (Iteration 81) range_constraint_completeness: real 0.00s | cpu 0.00s
2026-04-02 19:13:15.116 INFO (Iteration 81) range_constraint_violation_total_mandatory: real 0.00s | cpu 0.00s
2026-04-02 19:13:15.116 INFO (Iteration 81) range_constraint_violation_ratio_mandatory: real 0.00s | cpu 0.00s
2026-04-02 19:13:15.116 INFO (Iteration 81) range_constraint_completeness_mandatory: real 0.00s | cpu 0.00s
2026-04-02 19:13:15.116 INFO (Iteration 81) range_constraint_violation_total_regular: real 0.00s | cpu 0.00s
2026-04-02 19:13:15.116 INFO (Iteration 81) range_constraint_violation_ratio_regular: real 0.00s | cpu 0.00s
2026-04-02 19:13:15.116 INFO (Iteration 81) range_constraint_completeness_regular: real 0.00s | cpu 0.00s
2026-04-02 19:13:15.116 INFO (Iteration 81) range_constraint_violation_total_suggestion: real 0.00s | cpu 0.00s
2026-04-02 19:13:15.116 INFO (Iteration 81) range_constraint_violation_ratio_suggestion: real 0.00s | cpu 0.00s
2026-04-02 19:13:15.116 INFO (Iteration 81) range_constraint_completeness_suggestion: real 0.00s | cpu 0.00s
2026-04-02 19:13:15.116 INFO Iteration 81 finished in 1071.72s (real) and 1027.33s (process)
2026-04-02 19:13:15.116 INFO Start timestep 2019-07-25 00:00:00+00:00 -> 2019-08-24 00:00:00+00:00
2026-04-02 19:14:58.686 INFO Loading data (2019-07-25 00:00:00+00:00 -> 2019-08-24 00:00:00+00:00) done in 103.57s (real) and 62.27s (process)
2026-04-02 19:14:58.686 INFO Memory usage (start of timestep): 181.16 GB
2026-04-02 19:14:58.686 INFO Calculating metrics
2026-04-02 19:14:58.686 INFO Calculating metric: subject_constraint_violation_count
2026-04-02 19:28:19.778 INFO [subject_constraint_violation_count] processed rows=7214316, result_rows=1293
2026-04-02 19:28:20.909 INFO Calculating metric: statement_count_property_subject
2026-04-02 19:28:26.165 INFO Calculating metric: range_constraint_violation_count
2026-04-02 19:29:33.987 INFO Calculating metric: range_constraint_violation_count_mandatory
2026-04-02 19:29:38.837 INFO Calculating metric: range_constraint_violation_count_regular
2026-04-02 19:30:40.356 INFO Calculating metric: range_constraint_violation_count_suggestion
2026-04-02 19:30:41.211 INFO Calculating metric: statement_count_property_range_all
2026-04-02 19:30:41.312 INFO Calculating metric: statement_count_property_range_mandatory
2026-04-02 19:30:41.371 INFO Calculating metric: statement_count_property_range_regular
2026-04-02 19:30:41.443 INFO Calculating metric: statement_count_property_range_suggestion
2026-04-02 19:30:41.500 INFO Calculating metric: subject_constraint_violation_total
2026-04-02 19:30:41.503 INFO Calculating metric: range_constraint_violation_total_all
2026-04-02 19:30:41.506 INFO Calculating metric: range_constraint_violation_total_mandatory
2026-04-02 19:30:41.508 INFO Calculating metric: range_constraint_violation_total_regular
2026-04-02 19:30:41.511 INFO Calculating metric: range_constraint_violation_total_suggestion
2026-04-02 19:30:41.513 INFO Calculating metric: subject_constraint_violation_ratio
2026-04-02 19:30:41.515 INFO Calculating metric: range_constraint_violation_ratio
2026-04-02 19:30:41.518 INFO Calculating metric: range_constraint_violation_ratio_mandatory
2026-04-02 19:30:41.520 INFO Calculating metric: range_constraint_violation_ratio_regular
2026-04-02 19:30:41.522 INFO Calculating metric: range_constraint_violation_ratio_suggestion
2026-04-02 19:30:41.524 INFO Calculating metric: subject_constraint_completeness
2026-04-02 19:30:41.526 INFO Calculating metric: range_constraint_completeness
2026-04-02 19:30:41.528 INFO Calculating metric: range_constraint_completeness_mandatory
2026-04-02 19:30:41.530 INFO Calculating metric: range_constraint_completeness_regular
2026-04-02 19:30:41.531 INFO Calculating metric: range_constraint_completeness_suggestion
2026-04-02 19:30:41.534 INFO Memory usage (end of timestep): 181.16 GB
2026-04-02 19:30:41.534 INFO (Iteration 82) subject_constraint_violation_count: real 802.22s | cpu 808.22s
2026-04-02 19:30:41.534 INFO (Iteration 82) statement_count_property_subject: real 5.26s | cpu 10.16s
2026-04-02 19:30:41.534 INFO (Iteration 82) subject_constraint_violation_total: real 0.00s | cpu 0.00s
2026-04-02 19:30:41.534 INFO (Iteration 82) subject_constraint_violation_ratio: real 0.00s | cpu 0.00s
2026-04-02 19:30:41.534 INFO (Iteration 82) subject_constraint_completeness: real 0.00s | cpu 0.00s
2026-04-02 19:30:41.534 INFO (Iteration 82) range_constraint_violation_count: real 67.82s | cpu 70.63s
2026-04-02 19:30:41.534 INFO (Iteration 82) range_constraint_violation_count_mandatory: real 4.84s | cpu 6.09s
2026-04-02 19:30:41.534 INFO (Iteration 82) range_constraint_violation_count_regular: real 61.52s | cpu 64.09s
2026-04-02 19:30:41.534 INFO (Iteration 82) range_constraint_violation_count_suggestion: real 0.85s | cpu 2.00s
2026-04-02 19:30:41.534 INFO (Iteration 82) statement_count_property_range_all: real 0.10s | cpu 1.39s
2026-04-02 19:30:41.534 INFO (Iteration 82) statement_count_property_range_mandatory: real 0.06s | cpu 0.79s
2026-04-02 19:30:41.534 INFO (Iteration 82) statement_count_property_range_regular: real 0.07s | cpu 0.97s
2026-04-02 19:30:41.534 INFO (Iteration 82) statement_count_property_range_suggestion: real 0.06s | cpu 0.77s
2026-04-02 19:30:41.534 INFO (Iteration 82) range_constraint_violation_total_all: real 0.00s | cpu 0.00s
2026-04-02 19:30:41.534 INFO (Iteration 82) range_constraint_violation_ratio: real 0.00s | cpu 0.00s
2026-04-02 19:30:41.534 INFO (Iteration 82) range_constraint_completeness: real 0.00s | cpu 0.00s
2026-04-02 19:30:41.534 INFO (Iteration 82) range_constraint_violation_total_mandatory: real 0.00s | cpu 0.00s
2026-04-02 19:30:41.534 INFO (Iteration 82) range_constraint_violation_ratio_mandatory: real 0.00s | cpu 0.00s
2026-04-02 19:30:41.534 INFO (Iteration 82) range_constraint_completeness_mandatory: real 0.00s | cpu 0.00s
2026-04-02 19:30:41.534 INFO (Iteration 82) range_constraint_violation_total_regular: real 0.00s | cpu 0.00s
2026-04-02 19:30:41.534 INFO (Iteration 82) range_constraint_violation_ratio_regular: real 0.00s | cpu 0.00s
2026-04-02 19:30:41.534 INFO (Iteration 82) range_constraint_completeness_regular: real 0.00s | cpu 0.00s
2026-04-02 19:30:41.534 INFO (Iteration 82) range_constraint_violation_total_suggestion: real 0.00s | cpu 0.00s
2026-04-02 19:30:41.534 INFO (Iteration 82) range_constraint_violation_ratio_suggestion: real 0.00s | cpu 0.00s
2026-04-02 19:30:41.534 INFO (Iteration 82) range_constraint_completeness_suggestion: real 0.00s | cpu 0.00s
2026-04-02 19:30:41.534 INFO Iteration 82 finished in 1046.42s (real) and 1027.41s (process)
2026-04-02 19:30:41.535 INFO Start timestep 2019-08-24 00:00:00+00:00 -> 2019-09-23 00:00:00+00:00
2026-04-02 19:34:48.498 INFO Loading data (2019-08-24 00:00:00+00:00 -> 2019-09-23 00:00:00+00:00) done in 246.96s (real) and 150.80s (process)
2026-04-02 19:34:48.507 INFO Memory usage (start of timestep): 181.16 GB
2026-04-02 19:34:48.507 INFO Calculating metrics
2026-04-02 19:34:48.507 INFO Calculating metric: subject_constraint_violation_count
2026-04-02 19:36:00.672 INFO [subject_constraint_violation_count] processed rows=14631635, result_rows=1345
2026-04-02 19:36:02.597 INFO Calculating metric: statement_count_property_subject
2026-04-02 19:36:12.795 INFO Calculating metric: range_constraint_violation_count
2026-04-02 19:37:39.095 INFO Calculating metric: range_constraint_violation_count_mandatory
2026-04-02 19:37:41.858 INFO Calculating metric: range_constraint_violation_count_regular
2026-04-02 19:39:04.914 INFO Calculating metric: range_constraint_violation_count_suggestion
2026-04-02 19:39:05.278 INFO Calculating metric: statement_count_property_range_all
2026-04-02 19:39:05.388 INFO Calculating metric: statement_count_property_range_mandatory
2026-04-02 19:39:05.480 INFO Calculating metric: statement_count_property_range_regular
2026-04-02 19:39:05.578 INFO Calculating metric: statement_count_property_range_suggestion
2026-04-02 19:39:05.668 INFO Calculating metric: subject_constraint_violation_total
2026-04-02 19:39:05.672 INFO Calculating metric: range_constraint_violation_total_all
2026-04-02 19:39:05.675 INFO Calculating metric: range_constraint_violation_total_mandatory
2026-04-02 19:39:05.678 INFO Calculating metric: range_constraint_violation_total_regular
2026-04-02 19:39:05.681 INFO Calculating metric: range_constraint_violation_total_suggestion
2026-04-02 19:39:05.684 INFO Calculating metric: subject_constraint_violation_ratio
2026-04-02 19:39:05.687 INFO Calculating metric: range_constraint_violation_ratio
2026-04-02 19:39:05.689 INFO Calculating metric: range_constraint_violation_ratio_mandatory
2026-04-02 19:39:05.692 INFO Calculating metric: range_constraint_violation_ratio_regular
2026-04-02 19:39:05.695 INFO Calculating metric: range_constraint_violation_ratio_suggestion
2026-04-02 19:39:05.697 INFO Calculating metric: subject_constraint_completeness
2026-04-02 19:39:05.700 INFO Calculating metric: range_constraint_completeness
2026-04-02 19:39:05.702 INFO Calculating metric: range_constraint_completeness_mandatory
2026-04-02 19:39:05.704 INFO Calculating metric: range_constraint_completeness_regular
2026-04-02 19:39:05.707 INFO Calculating metric: range_constraint_completeness_suggestion
2026-04-02 19:39:05.709 INFO Memory usage (end of timestep): 181.16 GB
2026-04-02 19:39:05.709 INFO (Iteration 83) subject_constraint_violation_count: real 74.09s | cpu 82.12s
2026-04-02 19:39:05.709 INFO (Iteration 83) statement_count_property_subject: real 10.20s | cpu 16.57s
2026-04-02 19:39:05.709 INFO (Iteration 83) subject_constraint_violation_total: real 0.00s | cpu 0.00s
2026-04-02 19:39:05.709 INFO (Iteration 83) subject_constraint_violation_ratio: real 0.00s | cpu 0.00s
2026-04-02 19:39:05.709 INFO (Iteration 83) subject_constraint_completeness: real 0.00s | cpu 0.00s
2026-04-02 19:39:05.709 INFO (Iteration 83) range_constraint_violation_count: real 86.30s | cpu 91.52s
2026-04-02 19:39:05.709 INFO (Iteration 83) range_constraint_violation_count_mandatory: real 2.76s | cpu 4.41s
2026-04-02 19:39:05.709 INFO (Iteration 83) range_constraint_violation_count_regular: real 83.06s | cpu 88.00s
2026-04-02 19:39:05.709 INFO (Iteration 83) range_constraint_violation_count_suggestion: real 0.35s | cpu 1.86s
2026-04-02 19:39:05.710 INFO (Iteration 83) statement_count_property_range_all: real 0.11s | cpu 1.51s
2026-04-02 19:39:05.710 INFO (Iteration 83) statement_count_property_range_mandatory: real 0.09s | cpu 1.28s
2026-04-02 19:39:05.710 INFO (Iteration 83) statement_count_property_range_regular: real 0.10s | cpu 1.39s
2026-04-02 19:39:05.710 INFO (Iteration 83) statement_count_property_range_suggestion: real 0.09s | cpu 1.26s
2026-04-02 19:39:05.710 INFO (Iteration 83) range_constraint_violation_total_all: real 0.00s | cpu 0.00s
2026-04-02 19:39:05.710 INFO (Iteration 83) range_constraint_violation_ratio: real 0.00s | cpu 0.00s
2026-04-02 19:39:05.710 INFO (Iteration 83) range_constraint_completeness: real 0.00s | cpu 0.00s
2026-04-02 19:39:05.710 INFO (Iteration 83) range_constraint_violation_total_mandatory: real 0.00s | cpu 0.00s
2026-04-02 19:39:05.710 INFO (Iteration 83) range_constraint_violation_ratio_mandatory: real 0.00s | cpu 0.00s
2026-04-02 19:39:05.710 INFO (Iteration 83) range_constraint_completeness_mandatory: real 0.00s | cpu 0.00s
2026-04-02 19:39:05.710 INFO (Iteration 83) range_constraint_violation_total_regular: real 0.00s | cpu 0.00s
2026-04-02 19:39:05.710 INFO (Iteration 83) range_constraint_violation_ratio_regular: real 0.00s | cpu 0.00s
2026-04-02 19:39:05.710 INFO (Iteration 83) range_constraint_completeness_regular: real 0.00s | cpu 0.00s
2026-04-02 19:39:05.710 INFO (Iteration 83) range_constraint_violation_total_suggestion: real 0.00s | cpu 0.00s
2026-04-02 19:39:05.710 INFO (Iteration 83) range_constraint_violation_ratio_suggestion: real 0.00s | cpu 0.00s
2026-04-02 19:39:05.710 INFO (Iteration 83) range_constraint_completeness_suggestion: real 0.00s | cpu 0.00s
2026-04-02 19:39:05.710 INFO Iteration 83 finished in 504.18s (real) and 440.72s (process)
2026-04-02 19:39:05.710 INFO Start timestep 2019-09-23 00:00:00+00:00 -> 2019-10-23 00:00:00+00:00
2026-04-02 19:49:51.790 INFO Loading data (2019-09-23 00:00:00+00:00 -> 2019-10-23 00:00:00+00:00) done in 646.08s (real) and 394.19s (process)
2026-04-02 19:49:51.792 INFO Memory usage (start of timestep): 181.16 GB
2026-04-02 19:49:51.792 INFO Calculating metrics
2026-04-02 19:49:51.792 INFO Calculating metric: subject_constraint_violation_count
2026-04-02 20:04:59.227 INFO [subject_constraint_violation_count] processed rows=33953228, result_rows=1346
2026-04-02 20:05:04.031 INFO Calculating metric: statement_count_property_subject
2026-04-02 20:05:28.196 INFO Calculating metric: range_constraint_violation_count
2026-04-02 20:08:31.091 INFO Calculating metric: range_constraint_violation_count_mandatory
2026-04-02 20:08:32.838 INFO Calculating metric: range_constraint_violation_count_regular
2026-04-02 20:11:33.910 INFO Calculating metric: range_constraint_violation_count_suggestion
2026-04-02 20:11:34.337 INFO Calculating metric: statement_count_property_range_all
2026-04-02 20:11:34.567 INFO Calculating metric: statement_count_property_range_mandatory
2026-04-02 20:11:34.754 INFO Calculating metric: statement_count_property_range_regular
2026-04-02 20:11:34.961 INFO Calculating metric: statement_count_property_range_suggestion
2026-04-02 20:11:35.146 INFO Calculating metric: subject_constraint_violation_total
2026-04-02 20:11:35.150 INFO Calculating metric: range_constraint_violation_total_all
2026-04-02 20:11:35.153 INFO Calculating metric: range_constraint_violation_total_mandatory
2026-04-02 20:11:35.160 INFO Calculating metric: range_constraint_violation_total_regular
2026-04-02 20:11:35.162 INFO Calculating metric: range_constraint_violation_total_suggestion
2026-04-02 20:11:35.164 INFO Calculating metric: subject_constraint_violation_ratio
2026-04-02 20:11:35.166 INFO Calculating metric: range_constraint_violation_ratio
2026-04-02 20:11:35.169 INFO Calculating metric: range_constraint_violation_ratio_mandatory
2026-04-02 20:11:35.171 INFO Calculating metric: range_constraint_violation_ratio_regular
2026-04-02 20:11:35.172 INFO Calculating metric: range_constraint_violation_ratio_suggestion
2026-04-02 20:11:35.174 INFO Calculating metric: subject_constraint_completeness
2026-04-02 20:11:35.176 INFO Calculating metric: range_constraint_completeness
2026-04-02 20:11:35.182 INFO Calculating metric: range_constraint_completeness_mandatory
2026-04-02 20:11:35.184 INFO Calculating metric: range_constraint_completeness_regular
2026-04-02 20:11:35.186 INFO Calculating metric: range_constraint_completeness_suggestion
2026-04-02 20:11:35.188 INFO Memory usage (end of timestep): 181.16 GB
2026-04-02 20:11:35.189 INFO (Iteration 84) subject_constraint_violation_count: real 912.24s | cpu 931.01s
2026-04-02 20:11:35.189 INFO (Iteration 84) statement_count_property_subject: real 24.16s | cpu 37.99s
2026-04-02 20:11:35.190 INFO (Iteration 84) subject_constraint_violation_total: real 0.00s | cpu 0.00s
2026-04-02 20:11:35.190 INFO (Iteration 84) subject_constraint_violation_ratio: real 0.00s | cpu 0.00s
2026-04-02 20:11:35.190 INFO (Iteration 84) subject_constraint_completeness: real 0.00s | cpu 0.00s
2026-04-02 20:11:35.190 INFO (Iteration 84) range_constraint_violation_count: real 182.89s | cpu 196.55s
2026-04-02 20:11:35.190 INFO (Iteration 84) range_constraint_violation_count_mandatory: real 1.74s | cpu 4.84s
2026-04-02 20:11:35.190 INFO (Iteration 84) range_constraint_violation_count_regular: real 181.07s | cpu 193.90s
2026-04-02 20:11:35.190 INFO (Iteration 84) range_constraint_violation_count_suggestion: real 0.42s | cpu 3.46s
2026-04-02 20:11:35.190 INFO (Iteration 84) statement_count_property_range_all: real 0.23s | cpu 3.37s
2026-04-02 20:11:35.190 INFO (Iteration 84) statement_count_property_range_mandatory: real 0.19s | cpu 2.83s
2026-04-02 20:11:35.190 INFO (Iteration 84) statement_count_property_range_regular: real 0.21s | cpu 3.12s
2026-04-02 20:11:35.190 INFO (Iteration 84) statement_count_property_range_suggestion: real 0.18s | cpu 2.79s
2026-04-02 20:11:35.190 INFO (Iteration 84) range_constraint_violation_total_all: real 0.00s | cpu 0.00s
2026-04-02 20:11:35.190 INFO (Iteration 84) range_constraint_violation_ratio: real 0.00s | cpu 0.00s
2026-04-02 20:11:35.190 INFO (Iteration 84) range_constraint_completeness: real 0.01s | cpu 0.00s
2026-04-02 20:11:35.190 INFO (Iteration 84) range_constraint_violation_total_mandatory: real 0.01s | cpu 0.00s
2026-04-02 20:11:35.190 INFO (Iteration 84) range_constraint_violation_ratio_mandatory: real 0.00s | cpu 0.00s
2026-04-02 20:11:35.190 INFO (Iteration 84) range_constraint_completeness_mandatory: real 0.00s | cpu 0.00s
2026-04-02 20:11:35.190 INFO (Iteration 84) range_constraint_violation_total_regular: real 0.00s | cpu 0.00s
2026-04-02 20:11:35.190 INFO (Iteration 84) range_constraint_violation_ratio_regular: real 0.00s | cpu 0.00s
2026-04-02 20:11:35.191 INFO (Iteration 84) range_constraint_completeness_regular: real 0.00s | cpu 0.00s
2026-04-02 20:11:35.191 INFO (Iteration 84) range_constraint_violation_total_suggestion: real 0.00s | cpu 0.00s
2026-04-02 20:11:35.191 INFO (Iteration 84) range_constraint_violation_ratio_suggestion: real 0.00s | cpu 0.00s
2026-04-02 20:11:35.191 INFO (Iteration 84) range_constraint_completeness_suggestion: real 0.00s | cpu 0.00s
2026-04-02 20:11:35.191 INFO Iteration 84 finished in 1949.48s (real) and 1774.07s (process)
2026-04-02 20:11:35.191 INFO Start timestep 2019-10-23 00:00:00+00:00 -> 2019-11-22 00:00:00+00:00
2026-04-02 20:22:44.096 INFO Loading data (2019-10-23 00:00:00+00:00 -> 2019-11-22 00:00:00+00:00) done in 668.91s (real) and 400.66s (process)
2026-04-02 20:22:44.105 INFO Memory usage (start of timestep): 181.16 GB
2026-04-02 20:22:44.105 INFO Calculating metrics
2026-04-02 20:22:44.106 INFO Calculating metric: subject_constraint_violation_count
2026-04-02 20:39:31.023 INFO [subject_constraint_violation_count] processed rows=35158203, result_rows=1368
2026-04-02 20:39:35.592 INFO Calculating metric: statement_count_property_subject
2026-04-02 20:40:00.132 INFO Calculating metric: range_constraint_violation_count
2026-04-02 20:46:05.209 INFO Calculating metric: range_constraint_violation_count_mandatory
2026-04-02 20:46:26.536 INFO Calculating metric: range_constraint_violation_count_regular
2026-04-02 20:52:04.313 INFO Calculating metric: range_constraint_violation_count_suggestion
2026-04-02 20:52:04.851 INFO Calculating metric: statement_count_property_range_all
2026-04-02 20:52:05.109 INFO Calculating metric: statement_count_property_range_mandatory
2026-04-02 20:52:05.311 INFO Calculating metric: statement_count_property_range_regular
2026-04-02 20:52:05.535 INFO Calculating metric: statement_count_property_range_suggestion
2026-04-02 20:52:05.750 INFO Calculating metric: subject_constraint_violation_total
2026-04-02 20:52:05.756 INFO Calculating metric: range_constraint_violation_total_all
2026-04-02 20:52:05.759 INFO Calculating metric: range_constraint_violation_total_mandatory
2026-04-02 20:52:05.762 INFO Calculating metric: range_constraint_violation_total_regular
2026-04-02 20:52:05.765 INFO Calculating metric: range_constraint_violation_total_suggestion
2026-04-02 20:52:05.770 INFO Calculating metric: subject_constraint_violation_ratio
2026-04-02 20:52:05.772 INFO Calculating metric: range_constraint_violation_ratio
2026-04-02 20:52:05.774 INFO Calculating metric: range_constraint_violation_ratio_mandatory
2026-04-02 20:52:05.776 INFO Calculating metric: range_constraint_violation_ratio_regular
2026-04-02 20:52:05.779 INFO Calculating metric: range_constraint_violation_ratio_suggestion
2026-04-02 20:52:05.782 INFO Calculating metric: subject_constraint_completeness
2026-04-02 20:52:05.785 INFO Calculating metric: range_constraint_completeness
2026-04-02 20:52:05.787 INFO Calculating metric: range_constraint_completeness_mandatory
2026-04-02 20:52:05.790 INFO Calculating metric: range_constraint_completeness_regular
2026-04-02 20:52:05.793 INFO Calculating metric: range_constraint_completeness_suggestion
2026-04-02 20:52:05.796 INFO Memory usage (end of timestep): 181.16 GB
2026-04-02 20:52:05.796 INFO (Iteration 85) subject_constraint_violation_count: real 1011.49s | cpu 1031.31s
2026-04-02 20:52:05.796 INFO (Iteration 85) statement_count_property_subject: real 24.54s | cpu 39.03s
2026-04-02 20:52:05.796 INFO (Iteration 85) subject_constraint_violation_total: real 0.01s | cpu 0.00s
2026-04-02 20:52:05.796 INFO (Iteration 85) subject_constraint_violation_ratio: real 0.00s | cpu 0.00s
2026-04-02 20:52:05.796 INFO (Iteration 85) subject_constraint_completeness: real 0.00s | cpu 0.00s
2026-04-02 20:52:05.796 INFO (Iteration 85) range_constraint_violation_count: real 365.08s | cpu 378.51s
2026-04-02 20:52:05.796 INFO (Iteration 85) range_constraint_violation_count_mandatory: real 21.32s | cpu 25.16s
2026-04-02 20:52:05.796 INFO (Iteration 85) range_constraint_violation_count_regular: real 337.78s | cpu 350.64s
2026-04-02 20:52:05.796 INFO (Iteration 85) range_constraint_violation_count_suggestion: real 0.53s | cpu 3.68s
2026-04-02 20:52:05.796 INFO (Iteration 85) statement_count_property_range_all: real 0.26s | cpu 3.67s
2026-04-02 20:52:05.796 INFO (Iteration 85) statement_count_property_range_mandatory: real 0.20s | cpu 3.08s
2026-04-02 20:52:05.796 INFO (Iteration 85) statement_count_property_range_regular: real 0.22s | cpu 3.40s
2026-04-02 20:52:05.796 INFO (Iteration 85) statement_count_property_range_suggestion: real 0.21s | cpu 2.98s
2026-04-02 20:52:05.796 INFO (Iteration 85) range_constraint_violation_total_all: real 0.00s | cpu 0.00s
2026-04-02 20:52:05.796 INFO (Iteration 85) range_constraint_violation_ratio: real 0.00s | cpu 0.00s
2026-04-02 20:52:05.796 INFO (Iteration 85) range_constraint_completeness: real 0.00s | cpu 0.00s
2026-04-02 20:52:05.796 INFO (Iteration 85) range_constraint_violation_total_mandatory: real 0.00s | cpu 0.00s
2026-04-02 20:52:05.796 INFO (Iteration 85) range_constraint_violation_ratio_mandatory: real 0.00s | cpu 0.00s
2026-04-02 20:52:05.796 INFO (Iteration 85) range_constraint_completeness_mandatory: real 0.00s | cpu 0.00s
2026-04-02 20:52:05.796 INFO (Iteration 85) range_constraint_violation_total_regular: real 0.00s | cpu 0.00s
2026-04-02 20:52:05.796 INFO (Iteration 85) range_constraint_violation_ratio_regular: real 0.00s | cpu 0.00s
2026-04-02 20:52:05.796 INFO (Iteration 85) range_constraint_completeness_regular: real 0.00s | cpu 0.00s
2026-04-02 20:52:05.797 INFO (Iteration 85) range_constraint_violation_total_suggestion: real 0.00s | cpu 0.00s
2026-04-02 20:52:05.797 INFO (Iteration 85) range_constraint_violation_ratio_suggestion: real 0.00s | cpu 0.00s
2026-04-02 20:52:05.797 INFO (Iteration 85) range_constraint_completeness_suggestion: real 0.00s | cpu 0.00s
2026-04-02 20:52:05.797 INFO Iteration 85 finished in 2430.61s (real) and 2242.15s (process)
2026-04-02 20:52:05.797 INFO Start timestep 2019-11-22 00:00:00+00:00 -> 2019-12-22 00:00:00+00:00
2026-04-02 20:59:22.793 INFO Loading data (2019-11-22 00:00:00+00:00 -> 2019-12-22 00:00:00+00:00) done in 437.00s (real) and 265.98s (process)
2026-04-02 20:59:22.796 INFO Memory usage (start of timestep): 181.16 GB
2026-04-02 20:59:22.796 INFO Calculating metrics
2026-04-02 20:59:22.796 INFO Calculating metric: subject_constraint_violation_count
2026-04-02 21:01:23.024 INFO [subject_constraint_violation_count] processed rows=34042142, result_rows=1415
2026-04-02 21:01:26.290 INFO Calculating metric: statement_count_property_subject
2026-04-02 21:01:49.986 INFO Calculating metric: range_constraint_violation_count
2026-04-02 21:11:11.604 INFO Calculating metric: range_constraint_violation_count_mandatory
2026-04-02 21:11:18.656 INFO Calculating metric: range_constraint_violation_count_regular
2026-04-02 21:20:25.134 INFO Calculating metric: range_constraint_violation_count_suggestion
2026-04-02 21:20:25.621 INFO Calculating metric: statement_count_property_range_all
2026-04-02 21:20:25.859 INFO Calculating metric: statement_count_property_range_mandatory
2026-04-02 21:20:26.051 INFO Calculating metric: statement_count_property_range_regular
2026-04-02 21:20:26.268 INFO Calculating metric: statement_count_property_range_suggestion
2026-04-02 21:20:26.460 INFO Calculating metric: subject_constraint_violation_total
2026-04-02 21:20:26.463 INFO Calculating metric: range_constraint_violation_total_all
2026-04-02 21:20:26.467 INFO Calculating metric: range_constraint_violation_total_mandatory
2026-04-02 21:20:26.470 INFO Calculating metric: range_constraint_violation_total_regular
2026-04-02 21:20:26.472 INFO Calculating metric: range_constraint_violation_total_suggestion
2026-04-02 21:20:26.479 INFO Calculating metric: subject_constraint_violation_ratio
2026-04-02 21:20:26.482 INFO Calculating metric: range_constraint_violation_ratio
2026-04-02 21:20:26.485 INFO Calculating metric: range_constraint_violation_ratio_mandatory
2026-04-02 21:20:26.487 INFO Calculating metric: range_constraint_violation_ratio_regular
2026-04-02 21:20:26.490 INFO Calculating metric: range_constraint_violation_ratio_suggestion
2026-04-02 21:20:26.493 INFO Calculating metric: subject_constraint_completeness
2026-04-02 21:20:26.501 INFO Calculating metric: range_constraint_completeness
2026-04-02 21:20:26.505 INFO Calculating metric: range_constraint_completeness_mandatory
2026-04-02 21:20:26.508 INFO Calculating metric: range_constraint_completeness_regular
2026-04-02 21:20:26.511 INFO Calculating metric: range_constraint_completeness_suggestion
2026-04-02 21:20:26.514 INFO Memory usage (end of timestep): 181.16 GB
2026-04-02 21:20:26.514 INFO (Iteration 86) subject_constraint_violation_count: real 123.49s | cpu 140.58s
2026-04-02 21:20:26.514 INFO (Iteration 86) statement_count_property_subject: real 23.69s | cpu 36.39s
2026-04-02 21:20:26.514 INFO (Iteration 86) subject_constraint_violation_total: real 0.00s | cpu 0.00s
2026-04-02 21:20:26.515 INFO (Iteration 86) subject_constraint_violation_ratio: real 0.00s | cpu 0.00s
2026-04-02 21:20:26.515 INFO (Iteration 86) subject_constraint_completeness: real 0.01s | cpu 0.00s
2026-04-02 21:20:26.515 INFO (Iteration 86) range_constraint_violation_count: real 561.62s | cpu 573.72s
2026-04-02 21:20:26.515 INFO (Iteration 86) range_constraint_violation_count_mandatory: real 7.05s | cpu 10.36s
2026-04-02 21:20:26.515 INFO (Iteration 86) range_constraint_violation_count_regular: real 546.48s | cpu 558.01s
2026-04-02 21:20:26.515 INFO (Iteration 86) range_constraint_violation_count_suggestion: real 0.48s | cpu 3.49s
2026-04-02 21:20:26.515 INFO (Iteration 86) statement_count_property_range_all: real 0.24s | cpu 3.51s
2026-04-02 21:20:26.515 INFO (Iteration 86) statement_count_property_range_mandatory: real 0.19s | cpu 2.90s
2026-04-02 21:20:26.515 INFO (Iteration 86) statement_count_property_range_regular: real 0.22s | cpu 3.28s
2026-04-02 21:20:26.515 INFO (Iteration 86) statement_count_property_range_suggestion: real 0.19s | cpu 2.84s
2026-04-02 21:20:26.515 INFO (Iteration 86) range_constraint_violation_total_all: real 0.00s | cpu 0.00s
2026-04-02 21:20:26.515 INFO (Iteration 86) range_constraint_violation_ratio: real 0.00s | cpu 0.00s
2026-04-02 21:20:26.515 INFO (Iteration 86) range_constraint_completeness: real 0.00s | cpu 0.00s
2026-04-02 21:20:26.515 INFO (Iteration 86) range_constraint_violation_total_mandatory: real 0.00s | cpu 0.00s
2026-04-02 21:20:26.515 INFO (Iteration 86) range_constraint_violation_ratio_mandatory: real 0.00s | cpu 0.00s
2026-04-02 21:20:26.515 INFO (Iteration 86) range_constraint_completeness_mandatory: real 0.00s | cpu 0.00s
2026-04-02 21:20:26.515 INFO (Iteration 86) range_constraint_violation_total_regular: real 0.00s | cpu 0.00s
2026-04-02 21:20:26.515 INFO (Iteration 86) range_constraint_violation_ratio_regular: real 0.00s | cpu 0.00s
2026-04-02 21:20:26.515 INFO (Iteration 86) range_constraint_completeness_regular: real 0.00s | cpu 0.00s
2026-04-02 21:20:26.515 INFO (Iteration 86) range_constraint_violation_total_suggestion: real 0.01s | cpu 0.00s
2026-04-02 21:20:26.515 INFO (Iteration 86) range_constraint_violation_ratio_suggestion: real 0.00s | cpu 0.00s
2026-04-02 21:20:26.515 INFO (Iteration 86) range_constraint_completeness_suggestion: real 0.00s | cpu 0.00s
2026-04-02 21:20:26.515 INFO Iteration 86 finished in 1700.72s (real) and 1601.08s (process)
2026-04-02 21:20:26.515 INFO Start timestep 2019-12-22 00:00:00+00:00 -> 2020-01-21 00:00:00+00:00
2026-04-02 21:30:36.108 INFO Loading data (2019-12-22 00:00:00+00:00 -> 2020-01-21 00:00:00+00:00) done in 609.59s (real) and 375.04s (process)
2026-04-02 21:30:36.121 INFO Memory usage (start of timestep): 181.16 GB
2026-04-02 21:30:36.121 INFO Calculating metrics
2026-04-02 21:30:36.122 INFO Calculating metric: subject_constraint_violation_count
2026-04-02 21:39:11.687 INFO [subject_constraint_violation_count] processed rows=36467993, result_rows=1287
2026-04-02 21:39:15.881 INFO Calculating metric: statement_count_property_subject
2026-04-02 21:39:41.800 INFO Calculating metric: range_constraint_violation_count
2026-04-02 21:49:04.405 INFO Calculating metric: range_constraint_violation_count_mandatory
2026-04-02 21:49:05.903 INFO Calculating metric: range_constraint_violation_count_regular
2026-04-02 21:58:27.111 INFO Calculating metric: range_constraint_violation_count_suggestion
2026-04-02 21:58:27.621 INFO Calculating metric: statement_count_property_range_all
2026-04-02 21:58:27.875 INFO Calculating metric: statement_count_property_range_mandatory
2026-04-02 21:58:28.089 INFO Calculating metric: statement_count_property_range_regular
2026-04-02 21:58:28.336 INFO Calculating metric: statement_count_property_range_suggestion
2026-04-02 21:58:28.544 INFO Calculating metric: subject_constraint_violation_total
2026-04-02 21:58:28.547 INFO Calculating metric: range_constraint_violation_total_all
2026-04-02 21:58:28.550 INFO Calculating metric: range_constraint_violation_total_mandatory
2026-04-02 21:58:28.553 INFO Calculating metric: range_constraint_violation_total_regular
2026-04-02 21:58:28.555 INFO Calculating metric: range_constraint_violation_total_suggestion
2026-04-02 21:58:28.557 INFO Calculating metric: subject_constraint_violation_ratio
2026-04-02 21:58:28.560 INFO Calculating metric: range_constraint_violation_ratio
2026-04-02 21:58:28.563 INFO Calculating metric: range_constraint_violation_ratio_mandatory
2026-04-02 21:58:28.566 INFO Calculating metric: range_constraint_violation_ratio_regular
2026-04-02 21:58:28.568 INFO Calculating metric: range_constraint_violation_ratio_suggestion
2026-04-02 21:58:28.570 INFO Calculating metric: subject_constraint_completeness
2026-04-02 21:58:28.572 INFO Calculating metric: range_constraint_completeness
2026-04-02 21:58:28.575 INFO Calculating metric: range_constraint_completeness_mandatory
2026-04-02 21:58:28.578 INFO Calculating metric: range_constraint_completeness_regular
2026-04-02 21:58:28.580 INFO Calculating metric: range_constraint_completeness_suggestion
2026-04-02 21:58:28.582 INFO Memory usage (end of timestep): 181.16 GB
2026-04-02 21:58:28.582 INFO (Iteration 87) subject_constraint_violation_count: real 519.76s | cpu 540.71s
2026-04-02 21:58:28.582 INFO (Iteration 87) statement_count_property_subject: real 25.92s | cpu 41.25s
2026-04-02 21:58:28.582 INFO (Iteration 87) subject_constraint_violation_total: real 0.00s | cpu 0.00s
2026-04-02 21:58:28.582 INFO (Iteration 87) subject_constraint_violation_ratio: real 0.00s | cpu 0.00s
2026-04-02 21:58:28.582 INFO (Iteration 87) subject_constraint_completeness: real 0.00s | cpu 0.00s
2026-04-02 21:58:28.582 INFO (Iteration 87) range_constraint_violation_count: real 562.60s | cpu 575.94s
2026-04-02 21:58:28.582 INFO (Iteration 87) range_constraint_violation_count_mandatory: real 1.49s | cpu 4.84s
2026-04-02 21:58:28.582 INFO (Iteration 87) range_constraint_violation_count_regular: real 561.21s | cpu 573.71s
2026-04-02 21:58:28.582 INFO (Iteration 87) range_constraint_violation_count_suggestion: real 0.50s | cpu 3.83s
2026-04-02 21:58:28.582 INFO (Iteration 87) statement_count_property_range_all: real 0.25s | cpu 3.81s
2026-04-02 21:58:28.582 INFO (Iteration 87) statement_count_property_range_mandatory: real 0.21s | cpu 3.23s
2026-04-02 21:58:28.583 INFO (Iteration 87) statement_count_property_range_regular: real 0.25s | cpu 3.64s
2026-04-02 21:58:28.583 INFO (Iteration 87) statement_count_property_range_suggestion: real 0.21s | cpu 3.16s
2026-04-02 21:58:28.583 INFO (Iteration 87) range_constraint_violation_total_all: real 0.00s | cpu 0.00s
2026-04-02 21:58:28.583 INFO (Iteration 87) range_constraint_violation_ratio: real 0.00s | cpu 0.00s
2026-04-02 21:58:28.583 INFO (Iteration 87) range_constraint_completeness: real 0.00s | cpu 0.00s
2026-04-02 21:58:28.583 INFO (Iteration 87) range_constraint_violation_total_mandatory: real 0.00s | cpu 0.00s
2026-04-02 21:58:28.583 INFO (Iteration 87) range_constraint_violation_ratio_mandatory: real 0.00s | cpu 0.00s
2026-04-02 21:58:28.583 INFO (Iteration 87) range_constraint_completeness_mandatory: real 0.00s | cpu 0.00s
2026-04-02 21:58:28.583 INFO (Iteration 87) range_constraint_violation_total_regular: real 0.00s | cpu 0.00s
2026-04-02 21:58:28.583 INFO (Iteration 87) range_constraint_violation_ratio_regular: real 0.00s | cpu 0.00s
2026-04-02 21:58:28.583 INFO (Iteration 87) range_constraint_completeness_regular: real 0.00s | cpu 0.00s
2026-04-02 21:58:28.583 INFO (Iteration 87) range_constraint_violation_total_suggestion: real 0.00s | cpu 0.00s
2026-04-02 21:58:28.583 INFO (Iteration 87) range_constraint_violation_ratio_suggestion: real 0.00s | cpu 0.00s
2026-04-02 21:58:28.583 INFO (Iteration 87) range_constraint_completeness_suggestion: real 0.00s | cpu 0.00s
2026-04-02 21:58:28.583 INFO Iteration 87 finished in 2282.07s (real) and 2129.19s (process)
2026-04-02 21:58:28.583 INFO Start timestep 2020-01-21 00:00:00+00:00 -> 2020-02-20 00:00:00+00:00
2026-04-02 22:06:00.289 INFO Loading data (2020-01-21 00:00:00+00:00 -> 2020-02-20 00:00:00+00:00) done in 451.71s (real) and 274.47s (process)
2026-04-02 22:06:00.292 INFO Memory usage (start of timestep): 181.16 GB
2026-04-02 22:06:00.292 INFO Calculating metrics
2026-04-02 22:06:00.292 INFO Calculating metric: subject_constraint_violation_count
2026-04-02 22:20:57.861 INFO [subject_constraint_violation_count] processed rows=27293004, result_rows=1307
2026-04-02 22:21:02.161 INFO Calculating metric: statement_count_property_subject
2026-04-02 22:21:21.623 INFO Calculating metric: range_constraint_violation_count
2026-04-02 22:29:14.683 INFO Calculating metric: range_constraint_violation_count_mandatory
2026-04-02 22:29:17.181 INFO Calculating metric: range_constraint_violation_count_regular
2026-04-02 22:37:02.318 INFO Calculating metric: range_constraint_violation_count_suggestion
2026-04-02 22:37:02.830 INFO Calculating metric: statement_count_property_range_all
2026-04-02 22:37:03.039 INFO Calculating metric: statement_count_property_range_mandatory
2026-04-02 22:37:03.199 INFO Calculating metric: statement_count_property_range_regular
2026-04-02 22:37:03.379 INFO Calculating metric: statement_count_property_range_suggestion
2026-04-02 22:37:03.536 INFO Calculating metric: subject_constraint_violation_total
2026-04-02 22:37:03.539 INFO Calculating metric: range_constraint_violation_total_all
2026-04-02 22:37:03.541 INFO Calculating metric: range_constraint_violation_total_mandatory
2026-04-02 22:37:03.544 INFO Calculating metric: range_constraint_violation_total_regular
2026-04-02 22:37:03.547 INFO Calculating metric: range_constraint_violation_total_suggestion
2026-04-02 22:37:03.549 INFO Calculating metric: subject_constraint_violation_ratio
2026-04-02 22:37:03.551 INFO Calculating metric: range_constraint_violation_ratio
2026-04-02 22:37:03.553 INFO Calculating metric: range_constraint_violation_ratio_mandatory
2026-04-02 22:37:03.555 INFO Calculating metric: range_constraint_violation_ratio_regular
2026-04-02 22:37:03.559 INFO Calculating metric: range_constraint_violation_ratio_suggestion
2026-04-02 22:37:03.562 INFO Calculating metric: subject_constraint_completeness
2026-04-02 22:37:03.564 INFO Calculating metric: range_constraint_completeness
2026-04-02 22:37:03.566 INFO Calculating metric: range_constraint_completeness_mandatory
2026-04-02 22:37:03.568 INFO Calculating metric: range_constraint_completeness_regular
2026-04-02 22:37:03.570 INFO Calculating metric: range_constraint_completeness_suggestion
2026-04-02 22:37:03.572 INFO Memory usage (end of timestep): 181.16 GB
2026-04-02 22:37:03.572 INFO (Iteration 88) subject_constraint_violation_count: real 901.87s | cpu 916.42s
2026-04-02 22:37:03.573 INFO (Iteration 88) statement_count_property_subject: real 19.46s | cpu 30.93s
2026-04-02 22:37:03.573 INFO (Iteration 88) subject_constraint_violation_total: real 0.00s | cpu 0.00s
2026-04-02 22:37:03.573 INFO (Iteration 88) subject_constraint_violation_ratio: real 0.00s | cpu 0.00s
2026-04-02 22:37:03.573 INFO (Iteration 88) subject_constraint_completeness: real 0.00s | cpu 0.00s
2026-04-02 22:37:03.573 INFO (Iteration 88) range_constraint_violation_count: real 473.06s | cpu 482.75s
2026-04-02 22:37:03.573 INFO (Iteration 88) range_constraint_violation_count_mandatory: real 2.49s | cpu 5.07s
2026-04-02 22:37:03.573 INFO (Iteration 88) range_constraint_violation_count_regular: real 465.14s | cpu 474.23s
2026-04-02 22:37:03.573 INFO (Iteration 88) range_constraint_violation_count_suggestion: real 0.50s | cpu 2.97s
2026-04-02 22:37:03.573 INFO (Iteration 88) statement_count_property_range_all: real 0.21s | cpu 2.91s
2026-04-02 22:37:03.573 INFO (Iteration 88) statement_count_property_range_mandatory: real 0.16s | cpu 2.37s
2026-04-02 22:37:03.573 INFO (Iteration 88) statement_count_property_range_regular: real 0.18s | cpu 2.68s
2026-04-02 22:37:03.573 INFO (Iteration 88) statement_count_property_range_suggestion: real 0.16s | cpu 2.34s
2026-04-02 22:37:03.573 INFO (Iteration 88) range_constraint_violation_total_all: real 0.00s | cpu 0.00s
2026-04-02 22:37:03.573 INFO (Iteration 88) range_constraint_violation_ratio: real 0.00s | cpu 0.00s
2026-04-02 22:37:03.573 INFO (Iteration 88) range_constraint_completeness: real 0.00s | cpu 0.00s
2026-04-02 22:37:03.573 INFO (Iteration 88) range_constraint_violation_total_mandatory: real 0.00s | cpu 0.00s
2026-04-02 22:37:03.573 INFO (Iteration 88) range_constraint_violation_ratio_mandatory: real 0.00s | cpu 0.00s
2026-04-02 22:37:03.573 INFO (Iteration 88) range_constraint_completeness_mandatory: real 0.00s | cpu 0.00s
2026-04-02 22:37:03.573 INFO (Iteration 88) range_constraint_violation_total_regular: real 0.00s | cpu 0.00s
2026-04-02 22:37:03.573 INFO (Iteration 88) range_constraint_violation_ratio_regular: real 0.00s | cpu 0.00s
2026-04-02 22:37:03.573 INFO (Iteration 88) range_constraint_completeness_regular: real 0.00s | cpu 0.00s
2026-04-02 22:37:03.573 INFO (Iteration 88) range_constraint_violation_total_suggestion: real 0.00s | cpu 0.00s
2026-04-02 22:37:03.573 INFO (Iteration 88) range_constraint_violation_ratio_suggestion: real 0.00s | cpu 0.00s
2026-04-02 22:37:03.573 INFO (Iteration 88) range_constraint_completeness_suggestion: real 0.00s | cpu 0.00s
2026-04-02 22:37:03.573 INFO Iteration 88 finished in 2314.99s (real) and 2197.15s (process)
2026-04-02 22:37:03.573 INFO Start timestep 2020-02-20 00:00:00+00:00 -> 2020-03-21 00:00:00+00:00
2026-04-02 22:45:47.270 INFO Loading data (2020-02-20 00:00:00+00:00 -> 2020-03-21 00:00:00+00:00) done in 523.70s (real) and 322.23s (process)
2026-04-02 22:45:47.280 INFO Memory usage (start of timestep): 181.16 GB
2026-04-02 22:45:47.280 INFO Calculating metrics
2026-04-02 22:45:47.281 INFO Calculating metric: subject_constraint_violation_count
2026-04-02 23:02:18.707 INFO [subject_constraint_violation_count] processed rows=28846180, result_rows=1331
2026-04-02 23:02:23.478 INFO Calculating metric: statement_count_property_subject
2026-04-02 23:02:44.333 INFO Calculating metric: range_constraint_violation_count
2026-04-02 23:11:31.454 INFO Calculating metric: range_constraint_violation_count_mandatory
2026-04-02 23:11:34.433 INFO Calculating metric: range_constraint_violation_count_regular
2026-04-02 23:20:10.456 INFO Calculating metric: range_constraint_violation_count_suggestion
2026-04-02 23:20:11.049 INFO Calculating metric: statement_count_property_range_all
2026-04-02 23:20:11.262 INFO Calculating metric: statement_count_property_range_mandatory
2026-04-02 23:20:11.431 INFO Calculating metric: statement_count_property_range_regular
2026-04-02 23:20:11.625 INFO Calculating metric: statement_count_property_range_suggestion
2026-04-02 23:20:11.793 INFO Calculating metric: subject_constraint_violation_total
2026-04-02 23:20:11.795 INFO Calculating metric: range_constraint_violation_total_all
2026-04-02 23:20:11.798 INFO Calculating metric: range_constraint_violation_total_mandatory
2026-04-02 23:20:11.801 INFO Calculating metric: range_constraint_violation_total_regular
2026-04-02 23:20:11.804 INFO Calculating metric: range_constraint_violation_total_suggestion
2026-04-02 23:20:11.806 INFO Calculating metric: subject_constraint_violation_ratio
2026-04-02 23:20:11.808 INFO Calculating metric: range_constraint_violation_ratio
2026-04-02 23:20:11.811 INFO Calculating metric: range_constraint_violation_ratio_mandatory
2026-04-02 23:20:11.814 INFO Calculating metric: range_constraint_violation_ratio_regular
2026-04-02 23:20:11.816 INFO Calculating metric: range_constraint_violation_ratio_suggestion
2026-04-02 23:20:11.819 INFO Calculating metric: subject_constraint_completeness
2026-04-02 23:20:11.823 INFO Calculating metric: range_constraint_completeness
2026-04-02 23:20:11.826 INFO Calculating metric: range_constraint_completeness_mandatory
2026-04-02 23:20:11.830 INFO Calculating metric: range_constraint_completeness_regular
2026-04-02 23:20:11.832 INFO Calculating metric: range_constraint_completeness_suggestion
2026-04-02 23:20:11.836 INFO Memory usage (end of timestep): 181.16 GB
2026-04-02 23:20:11.836 INFO (Iteration 89) subject_constraint_violation_count: real 996.20s | cpu 1012.93s
2026-04-02 23:20:11.836 INFO (Iteration 89) statement_count_property_subject: real 20.85s | cpu 33.02s
2026-04-02 23:20:11.836 INFO (Iteration 89) subject_constraint_violation_total: real 0.00s | cpu 0.00s
2026-04-02 23:20:11.836 INFO (Iteration 89) subject_constraint_violation_ratio: real 0.00s | cpu 0.00s
2026-04-02 23:20:11.836 INFO (Iteration 89) subject_constraint_completeness: real 0.00s | cpu 0.00s
2026-04-02 23:20:11.836 INFO (Iteration 89) range_constraint_violation_count: real 527.12s | cpu 537.37s
2026-04-02 23:20:11.836 INFO (Iteration 89) range_constraint_violation_count_mandatory: real 2.97s | cpu 5.72s
2026-04-02 23:20:11.836 INFO (Iteration 89) range_constraint_violation_count_regular: real 516.02s | cpu 525.71s
2026-04-02 23:20:11.836 INFO (Iteration 89) range_constraint_violation_count_suggestion: real 0.59s | cpu 3.30s
2026-04-02 23:20:11.836 INFO (Iteration 89) statement_count_property_range_all: real 0.21s | cpu 3.14s
2026-04-02 23:20:11.836 INFO (Iteration 89) statement_count_property_range_mandatory: real 0.17s | cpu 2.55s
2026-04-02 23:20:11.836 INFO (Iteration 89) statement_count_property_range_regular: real 0.19s | cpu 2.89s
2026-04-02 23:20:11.836 INFO (Iteration 89) statement_count_property_range_suggestion: real 0.17s | cpu 2.53s
2026-04-02 23:20:11.836 INFO (Iteration 89) range_constraint_violation_total_all: real 0.00s | cpu 0.00s
2026-04-02 23:20:11.836 INFO (Iteration 89) range_constraint_violation_ratio: real 0.00s | cpu 0.00s
2026-04-02 23:20:11.836 INFO (Iteration 89) range_constraint_completeness: real 0.00s | cpu 0.00s
2026-04-02 23:20:11.836 INFO (Iteration 89) range_constraint_violation_total_mandatory: real 0.00s | cpu 0.00s
2026-04-02 23:20:11.836 INFO (Iteration 89) range_constraint_violation_ratio_mandatory: real 0.00s | cpu 0.00s
2026-04-02 23:20:11.836 INFO (Iteration 89) range_constraint_completeness_mandatory: real 0.00s | cpu 0.00s
2026-04-02 23:20:11.836 INFO (Iteration 89) range_constraint_violation_total_regular: real 0.00s | cpu 0.00s
2026-04-02 23:20:11.836 INFO (Iteration 89) range_constraint_violation_ratio_regular: real 0.00s | cpu 0.00s
2026-04-02 23:20:11.837 INFO (Iteration 89) range_constraint_completeness_regular: real 0.00s | cpu 0.00s
2026-04-02 23:20:11.837 INFO (Iteration 89) range_constraint_violation_total_suggestion: real 0.00s | cpu 0.00s
2026-04-02 23:20:11.837 INFO (Iteration 89) range_constraint_violation_ratio_suggestion: real 0.00s | cpu 0.00s
2026-04-02 23:20:11.837 INFO (Iteration 89) range_constraint_completeness_suggestion: real 0.00s | cpu 0.00s
2026-04-02 23:20:11.837 INFO Iteration 89 finished in 2588.26s (real) and 2451.41s (process)
2026-04-02 23:20:11.837 INFO Start timestep 2020-03-21 00:00:00+00:00 -> 2020-04-20 00:00:00+00:00
2026-04-02 23:29:01.004 INFO Loading data (2020-03-21 00:00:00+00:00 -> 2020-04-20 00:00:00+00:00) done in 529.17s (real) and 322.24s (process)
2026-04-02 23:29:01.013 INFO Memory usage (start of timestep): 181.16 GB
2026-04-02 23:29:01.013 INFO Calculating metrics
2026-04-02 23:29:01.013 INFO Calculating metric: subject_constraint_violation_count
2026-04-02 23:31:31.414 INFO [subject_constraint_violation_count] processed rows=34589365, result_rows=1456
2026-04-02 23:31:37.071 INFO Calculating metric: statement_count_property_subject
2026-04-02 23:32:02.014 INFO Calculating metric: range_constraint_violation_count
2026-04-02 23:41:11.574 INFO Calculating metric: range_constraint_violation_count_mandatory
2026-04-02 23:41:13.721 INFO Calculating metric: range_constraint_violation_count_regular
2026-04-02 23:50:17.320 INFO Calculating metric: range_constraint_violation_count_suggestion
2026-04-02 23:50:17.851 INFO Calculating metric: statement_count_property_range_all
2026-04-02 23:50:18.090 INFO Calculating metric: statement_count_property_range_mandatory
2026-04-02 23:50:18.291 INFO Calculating metric: statement_count_property_range_regular
2026-04-02 23:50:18.519 INFO Calculating metric: statement_count_property_range_suggestion
2026-04-02 23:50:18.726 INFO Calculating metric: subject_constraint_violation_total
2026-04-02 23:50:18.729 INFO Calculating metric: range_constraint_violation_total_all
2026-04-02 23:50:18.732 INFO Calculating metric: range_constraint_violation_total_mandatory
2026-04-02 23:50:18.736 INFO Calculating metric: range_constraint_violation_total_regular
2026-04-02 23:50:18.739 INFO Calculating metric: range_constraint_violation_total_suggestion
2026-04-02 23:50:18.741 INFO Calculating metric: subject_constraint_violation_ratio
2026-04-02 23:50:18.744 INFO Calculating metric: range_constraint_violation_ratio
2026-04-02 23:50:18.748 INFO Calculating metric: range_constraint_violation_ratio_mandatory
2026-04-02 23:50:18.751 INFO Calculating metric: range_constraint_violation_ratio_regular
2026-04-02 23:50:18.754 INFO Calculating metric: range_constraint_violation_ratio_suggestion
2026-04-02 23:50:18.756 INFO Calculating metric: subject_constraint_completeness
2026-04-02 23:50:18.760 INFO Calculating metric: range_constraint_completeness
2026-04-02 23:50:18.762 INFO Calculating metric: range_constraint_completeness_mandatory
2026-04-02 23:50:18.765 INFO Calculating metric: range_constraint_completeness_regular
2026-04-02 23:50:18.767 INFO Calculating metric: range_constraint_completeness_suggestion
2026-04-02 23:50:18.769 INFO Memory usage (end of timestep): 181.16 GB
2026-04-02 23:50:18.769 INFO (Iteration 90) subject_constraint_violation_count: real 156.06s | cpu 174.48s
2026-04-02 23:50:18.769 INFO (Iteration 90) statement_count_property_subject: real 24.94s | cpu 38.35s
2026-04-02 23:50:18.771 INFO (Iteration 90) subject_constraint_violation_total: real 0.00s | cpu 0.00s
2026-04-02 23:50:18.771 INFO (Iteration 90) subject_constraint_violation_ratio: real 0.00s | cpu 0.00s
2026-04-02 23:50:18.771 INFO (Iteration 90) subject_constraint_completeness: real 0.00s | cpu 0.00s
2026-04-02 23:50:18.771 INFO (Iteration 90) range_constraint_violation_count: real 549.56s | cpu 562.14s
2026-04-02 23:50:18.771 INFO (Iteration 90) range_constraint_violation_count_mandatory: real 2.15s | cpu 5.34s
2026-04-02 23:50:18.771 INFO (Iteration 90) range_constraint_violation_count_regular: real 543.60s | cpu 555.53s
2026-04-02 23:50:18.771 INFO (Iteration 90) range_constraint_violation_count_suggestion: real 0.52s | cpu 3.70s
2026-04-02 23:50:18.771 INFO (Iteration 90) statement_count_property_range_all: real 0.24s | cpu 3.59s
2026-04-02 23:50:18.771 INFO (Iteration 90) statement_count_property_range_mandatory: real 0.20s | cpu 3.06s
2026-04-02 23:50:18.771 INFO (Iteration 90) statement_count_property_range_regular: real 0.23s | cpu 3.44s
2026-04-02 23:50:18.771 INFO (Iteration 90) statement_count_property_range_suggestion: real 0.21s | cpu 3.01s
2026-04-02 23:50:18.771 INFO (Iteration 90) range_constraint_violation_total_all: real 0.00s | cpu 0.00s
2026-04-02 23:50:18.771 INFO (Iteration 90) range_constraint_violation_ratio: real 0.00s | cpu 0.00s
2026-04-02 23:50:18.771 INFO (Iteration 90) range_constraint_completeness: real 0.00s | cpu 0.00s
2026-04-02 23:50:18.771 INFO (Iteration 90) range_constraint_violation_total_mandatory: real 0.00s | cpu 0.00s
2026-04-02 23:50:18.771 INFO (Iteration 90) range_constraint_violation_ratio_mandatory: real 0.00s | cpu 0.00s
2026-04-02 23:50:18.771 INFO (Iteration 90) range_constraint_completeness_mandatory: real 0.00s | cpu 0.00s
2026-04-02 23:50:18.771 INFO (Iteration 90) range_constraint_violation_total_regular: real 0.00s | cpu 0.00s
2026-04-02 23:50:18.771 INFO (Iteration 90) range_constraint_violation_ratio_regular: real 0.00s | cpu 0.00s
2026-04-02 23:50:18.771 INFO (Iteration 90) range_constraint_completeness_regular: real 0.00s | cpu 0.00s
2026-04-02 23:50:18.771 INFO (Iteration 90) range_constraint_violation_total_suggestion: real 0.00s | cpu 0.00s
2026-04-02 23:50:18.771 INFO (Iteration 90) range_constraint_violation_ratio_suggestion: real 0.00s | cpu 0.00s
2026-04-02 23:50:18.771 INFO (Iteration 90) range_constraint_completeness_suggestion: real 0.00s | cpu 0.00s
2026-04-02 23:50:18.771 INFO Iteration 90 finished in 1806.93s (real) and 1674.89s (process)
2026-04-02 23:50:18.771 INFO Start timestep 2020-04-20 00:00:00+00:00 -> 2020-05-20 00:00:00+00:00
2026-04-03 00:00:14.105 INFO Loading data (2020-04-20 00:00:00+00:00 -> 2020-05-20 00:00:00+00:00) done in 595.33s (real) and 359.38s (process)
2026-04-03 00:00:14.124 INFO Memory usage (start of timestep): 181.16 GB
2026-04-03 00:00:14.124 INFO Calculating metrics
2026-04-03 00:00:14.124 INFO Calculating metric: subject_constraint_violation_count
2026-04-03 00:16:25.134 INFO [subject_constraint_violation_count] processed rows=38161883, result_rows=1550
2026-04-03 00:16:31.243 INFO Calculating metric: statement_count_property_subject
2026-04-03 00:16:58.167 INFO Calculating metric: range_constraint_violation_count
2026-04-03 00:24:31.884 INFO Calculating metric: range_constraint_violation_count_mandatory
2026-04-03 00:24:44.176 INFO Calculating metric: range_constraint_violation_count_regular
2026-04-03 00:32:01.435 INFO Calculating metric: range_constraint_violation_count_suggestion
2026-04-03 00:32:02.744 INFO Calculating metric: statement_count_property_range_all
2026-04-03 00:32:03.014 INFO Calculating metric: statement_count_property_range_mandatory
2026-04-03 00:32:03.222 INFO Calculating metric: statement_count_property_range_regular
2026-04-03 00:32:03.455 INFO Calculating metric: statement_count_property_range_suggestion
2026-04-03 00:32:03.658 INFO Calculating metric: subject_constraint_violation_total
2026-04-03 00:32:03.662 INFO Calculating metric: range_constraint_violation_total_all
2026-04-03 00:32:03.665 INFO Calculating metric: range_constraint_violation_total_mandatory
2026-04-03 00:32:03.669 INFO Calculating metric: range_constraint_violation_total_regular
2026-04-03 00:32:03.672 INFO Calculating metric: range_constraint_violation_total_suggestion
2026-04-03 00:32:03.674 INFO Calculating metric: subject_constraint_violation_ratio
2026-04-03 00:32:03.677 INFO Calculating metric: range_constraint_violation_ratio
2026-04-03 00:32:03.681 INFO Calculating metric: range_constraint_violation_ratio_mandatory
2026-04-03 00:32:03.685 INFO Calculating metric: range_constraint_violation_ratio_regular
2026-04-03 00:32:03.687 INFO Calculating metric: range_constraint_violation_ratio_suggestion
2026-04-03 00:32:03.689 INFO Calculating metric: subject_constraint_completeness
2026-04-03 00:32:03.693 INFO Calculating metric: range_constraint_completeness
2026-04-03 00:32:03.696 INFO Calculating metric: range_constraint_completeness_mandatory
2026-04-03 00:32:03.700 INFO Calculating metric: range_constraint_completeness_regular
2026-04-03 00:32:03.703 INFO Calculating metric: range_constraint_completeness_suggestion
2026-04-03 00:32:03.705 INFO Memory usage (end of timestep): 181.16 GB
2026-04-03 00:32:03.706 INFO (Iteration 91) subject_constraint_violation_count: real 977.12s | cpu 997.63s
2026-04-03 00:32:03.706 INFO (Iteration 91) statement_count_property_subject: real 26.92s | cpu 41.97s
2026-04-03 00:32:03.706 INFO (Iteration 91) subject_constraint_violation_total: real 0.00s | cpu 0.00s
2026-04-03 00:32:03.706 INFO (Iteration 91) subject_constraint_violation_ratio: real 0.00s | cpu 0.00s
2026-04-03 00:32:03.706 INFO (Iteration 91) subject_constraint_completeness: real 0.00s | cpu 0.00s
2026-04-03 00:32:03.706 INFO (Iteration 91) range_constraint_violation_count: real 453.72s | cpu 467.11s
2026-04-03 00:32:03.706 INFO (Iteration 91) range_constraint_violation_count_mandatory: real 12.28s | cpu 16.15s
2026-04-03 00:32:03.706 INFO (Iteration 91) range_constraint_violation_count_regular: real 437.26s | cpu 449.44s
2026-04-03 00:32:03.706 INFO (Iteration 91) range_constraint_violation_count_suggestion: real 1.29s | cpu 4.60s
2026-04-03 00:32:03.706 INFO (Iteration 91) statement_count_property_range_all: real 0.27s | cpu 4.09s
2026-04-03 00:32:03.706 INFO (Iteration 91) statement_count_property_range_mandatory: real 0.21s | cpu 3.17s
2026-04-03 00:32:03.706 INFO (Iteration 91) statement_count_property_range_regular: real 0.23s | cpu 3.53s
2026-04-03 00:32:03.706 INFO (Iteration 91) statement_count_property_range_suggestion: real 0.20s | cpu 3.07s
2026-04-03 00:32:03.706 INFO (Iteration 91) range_constraint_violation_total_all: real 0.00s | cpu 0.00s
2026-04-03 00:32:03.706 INFO (Iteration 91) range_constraint_violation_ratio: real 0.00s | cpu 0.00s
2026-04-03 00:32:03.706 INFO (Iteration 91) range_constraint_completeness: real 0.00s | cpu 0.00s
2026-04-03 00:32:03.706 INFO (Iteration 91) range_constraint_violation_total_mandatory: real 0.00s | cpu 0.00s
2026-04-03 00:32:03.706 INFO (Iteration 91) range_constraint_violation_ratio_mandatory: real 0.00s | cpu 0.00s
2026-04-03 00:32:03.706 INFO (Iteration 91) range_constraint_completeness_mandatory: real 0.00s | cpu 0.00s
2026-04-03 00:32:03.706 INFO (Iteration 91) range_constraint_violation_total_regular: real 0.00s | cpu 0.00s
2026-04-03 00:32:03.706 INFO (Iteration 91) range_constraint_violation_ratio_regular: real 0.00s | cpu 0.00s
2026-04-03 00:32:03.706 INFO (Iteration 91) range_constraint_completeness_regular: real 0.00s | cpu 0.00s
2026-04-03 00:32:03.706 INFO (Iteration 91) range_constraint_violation_total_suggestion: real 0.00s | cpu 0.00s
2026-04-03 00:32:03.706 INFO (Iteration 91) range_constraint_violation_ratio_suggestion: real 0.00s | cpu 0.00s
2026-04-03 00:32:03.706 INFO (Iteration 91) range_constraint_completeness_suggestion: real 0.00s | cpu 0.00s
2026-04-03 00:32:03.706 INFO Iteration 91 finished in 2504.93s (real) and 2350.16s (process)
2026-04-03 00:32:03.706 INFO Start timestep 2020-05-20 00:00:00+00:00 -> 2020-06-19 00:00:00+00:00
2026-04-03 00:37:43.705 INFO Loading data (2020-05-20 00:00:00+00:00 -> 2020-06-19 00:00:00+00:00) done in 340.00s (real) and 206.90s (process)
2026-04-03 00:37:43.715 INFO Memory usage (start of timestep): 181.16 GB
2026-04-03 00:37:43.715 INFO Calculating metrics
2026-04-03 00:37:43.715 INFO Calculating metric: subject_constraint_violation_count
2026-04-03 00:53:58.106 INFO [subject_constraint_violation_count] processed rows=15930284, result_rows=1424
2026-04-03 00:54:01.404 INFO Calculating metric: statement_count_property_subject
2026-04-03 00:54:12.576 INFO Calculating metric: range_constraint_violation_count
2026-04-03 00:55:38.375 INFO Calculating metric: range_constraint_violation_count_mandatory
2026-04-03 00:55:41.433 INFO Calculating metric: range_constraint_violation_count_regular
2026-04-03 00:57:02.138 INFO Calculating metric: range_constraint_violation_count_suggestion
2026-04-03 00:57:02.665 INFO Calculating metric: statement_count_property_range_all
2026-04-03 00:57:02.773 INFO Calculating metric: statement_count_property_range_mandatory
2026-04-03 00:57:02.858 INFO Calculating metric: statement_count_property_range_regular
2026-04-03 00:57:02.951 INFO Calculating metric: statement_count_property_range_suggestion
2026-04-03 00:57:03.031 INFO Calculating metric: subject_constraint_violation_total
2026-04-03 00:57:03.033 INFO Calculating metric: range_constraint_violation_total_all
2026-04-03 00:57:03.036 INFO Calculating metric: range_constraint_violation_total_mandatory
2026-04-03 00:57:03.039 INFO Calculating metric: range_constraint_violation_total_regular
2026-04-03 00:57:03.042 INFO Calculating metric: range_constraint_violation_total_suggestion
2026-04-03 00:57:03.044 INFO Calculating metric: subject_constraint_violation_ratio
2026-04-03 00:57:03.046 INFO Calculating metric: range_constraint_violation_ratio
2026-04-03 00:57:03.050 INFO Calculating metric: range_constraint_violation_ratio_mandatory
2026-04-03 00:57:03.054 INFO Calculating metric: range_constraint_violation_ratio_regular
2026-04-03 00:57:03.056 INFO Calculating metric: range_constraint_violation_ratio_suggestion
2026-04-03 00:57:03.058 INFO Calculating metric: subject_constraint_completeness
2026-04-03 00:57:03.062 INFO Calculating metric: range_constraint_completeness
2026-04-03 00:57:03.064 INFO Calculating metric: range_constraint_completeness_mandatory
2026-04-03 00:57:03.066 INFO Calculating metric: range_constraint_completeness_regular
2026-04-03 00:57:03.069 INFO Calculating metric: range_constraint_completeness_suggestion
2026-04-03 00:57:03.072 INFO Memory usage (end of timestep): 181.16 GB
2026-04-03 00:57:03.072 INFO (Iteration 92) subject_constraint_violation_count: real 977.69s | cpu 986.80s
2026-04-03 00:57:03.072 INFO (Iteration 92) statement_count_property_subject: real 11.17s | cpu 18.02s
2026-04-03 00:57:03.072 INFO (Iteration 92) subject_constraint_violation_total: real 0.00s | cpu 0.00s
2026-04-03 00:57:03.072 INFO (Iteration 92) subject_constraint_violation_ratio: real 0.00s | cpu 0.00s
2026-04-03 00:57:03.072 INFO (Iteration 92) subject_constraint_completeness: real 0.00s | cpu 0.00s
2026-04-03 00:57:03.072 INFO (Iteration 92) range_constraint_violation_count: real 85.80s | cpu 89.97s
2026-04-03 00:57:03.072 INFO (Iteration 92) range_constraint_violation_count_mandatory: real 3.06s | cpu 4.57s
2026-04-03 00:57:03.072 INFO (Iteration 92) range_constraint_violation_count_regular: real 80.70s | cpu 84.51s
2026-04-03 00:57:03.072 INFO (Iteration 92) range_constraint_violation_count_suggestion: real 0.52s | cpu 1.87s
2026-04-03 00:57:03.072 INFO (Iteration 92) statement_count_property_range_all: real 0.11s | cpu 1.48s
2026-04-03 00:57:03.072 INFO (Iteration 92) statement_count_property_range_mandatory: real 0.09s | cpu 1.19s
2026-04-03 00:57:03.072 INFO (Iteration 92) statement_count_property_range_regular: real 0.09s | cpu 1.30s
2026-04-03 00:57:03.072 INFO (Iteration 92) statement_count_property_range_suggestion: real 0.08s | cpu 1.12s
2026-04-03 00:57:03.072 INFO (Iteration 92) range_constraint_violation_total_all: real 0.00s | cpu 0.00s
2026-04-03 00:57:03.072 INFO (Iteration 92) range_constraint_violation_ratio: real 0.00s | cpu 0.00s
2026-04-03 00:57:03.072 INFO (Iteration 92) range_constraint_completeness: real 0.00s | cpu 0.00s
2026-04-03 00:57:03.072 INFO (Iteration 92) range_constraint_violation_total_mandatory: real 0.00s | cpu 0.00s
2026-04-03 00:57:03.072 INFO (Iteration 92) range_constraint_violation_ratio_mandatory: real 0.00s | cpu 0.00s
2026-04-03 00:57:03.073 INFO (Iteration 92) range_constraint_completeness_mandatory: real 0.00s | cpu 0.00s
2026-04-03 00:57:03.073 INFO (Iteration 92) range_constraint_violation_total_regular: real 0.00s | cpu 0.00s
2026-04-03 00:57:03.073 INFO (Iteration 92) range_constraint_violation_ratio_regular: real 0.00s | cpu 0.00s
2026-04-03 00:57:03.073 INFO (Iteration 92) range_constraint_completeness_regular: real 0.00s | cpu 0.00s
2026-04-03 00:57:03.073 INFO (Iteration 92) range_constraint_violation_total_suggestion: real 0.00s | cpu 0.00s
2026-04-03 00:57:03.073 INFO (Iteration 92) range_constraint_violation_ratio_suggestion: real 0.00s | cpu 0.00s
2026-04-03 00:57:03.073 INFO (Iteration 92) range_constraint_completeness_suggestion: real 0.00s | cpu 0.00s
2026-04-03 00:57:03.073 INFO Iteration 92 finished in 1499.37s (real) and 1397.74s (process)
2026-04-03 00:57:03.073 INFO Start timestep 2020-06-19 00:00:00+00:00 -> 2020-07-19 00:00:00+00:00
2026-04-03 00:58:50.507 INFO Loading data (2020-06-19 00:00:00+00:00 -> 2020-07-19 00:00:00+00:00) done in 107.43s (real) and 67.76s (process)
2026-04-03 00:58:50.516 INFO Memory usage (start of timestep): 181.16 GB
2026-04-03 00:58:50.516 INFO Calculating metrics
2026-04-03 00:58:50.516 INFO Calculating metric: subject_constraint_violation_count
2026-04-03 01:00:01.140 INFO [subject_constraint_violation_count] processed rows=9146091, result_rows=1357
2026-04-03 01:00:02.845 INFO Calculating metric: statement_count_property_subject
2026-04-03 01:00:08.098 INFO Calculating metric: range_constraint_violation_count
2026-04-03 01:00:39.509 INFO Calculating metric: range_constraint_violation_count_mandatory
2026-04-03 01:00:42.702 INFO Calculating metric: range_constraint_violation_count_regular
2026-04-03 01:01:10.676 INFO Calculating metric: range_constraint_violation_count_suggestion
2026-04-03 01:01:11.086 INFO Calculating metric: statement_count_property_range_all
2026-04-03 01:01:11.177 INFO Calculating metric: statement_count_property_range_mandatory
2026-04-03 01:01:11.235 INFO Calculating metric: statement_count_property_range_regular
2026-04-03 01:01:11.298 INFO Calculating metric: statement_count_property_range_suggestion
2026-04-03 01:01:11.351 INFO Calculating metric: subject_constraint_violation_total
2026-04-03 01:01:11.353 INFO Calculating metric: range_constraint_violation_total_all
2026-04-03 01:01:11.360 INFO Calculating metric: range_constraint_violation_total_mandatory
2026-04-03 01:01:11.362 INFO Calculating metric: range_constraint_violation_total_regular
2026-04-03 01:01:11.364 INFO Calculating metric: range_constraint_violation_total_suggestion
2026-04-03 01:01:11.366 INFO Calculating metric: subject_constraint_violation_ratio
2026-04-03 01:01:11.368 INFO Calculating metric: range_constraint_violation_ratio
2026-04-03 01:01:11.370 INFO Calculating metric: range_constraint_violation_ratio_mandatory
2026-04-03 01:01:11.372 INFO Calculating metric: range_constraint_violation_ratio_regular
2026-04-03 01:01:11.378 INFO Calculating metric: range_constraint_violation_ratio_suggestion
2026-04-03 01:01:11.380 INFO Calculating metric: subject_constraint_completeness
2026-04-03 01:01:11.382 INFO Calculating metric: range_constraint_completeness
2026-04-03 01:01:11.384 INFO Calculating metric: range_constraint_completeness_mandatory
2026-04-03 01:01:11.386 INFO Calculating metric: range_constraint_completeness_regular
2026-04-03 01:01:11.388 INFO Calculating metric: range_constraint_completeness_suggestion
2026-04-03 01:01:11.390 INFO Memory usage (end of timestep): 181.16 GB
2026-04-03 01:01:11.390 INFO (Iteration 93) subject_constraint_violation_count: real 72.33s | cpu 77.24s
2026-04-03 01:01:11.390 INFO (Iteration 93) statement_count_property_subject: real 5.25s | cpu 9.31s
2026-04-03 01:01:11.390 INFO (Iteration 93) subject_constraint_violation_total: real 0.00s | cpu 0.00s
2026-04-03 01:01:11.390 INFO (Iteration 93) subject_constraint_violation_ratio: real 0.00s | cpu 0.00s
2026-04-03 01:01:11.390 INFO (Iteration 93) subject_constraint_completeness: real 0.00s | cpu 0.00s
2026-04-03 01:01:11.390 INFO (Iteration 93) range_constraint_violation_count: real 31.41s | cpu 33.41s
2026-04-03 01:01:11.390 INFO (Iteration 93) range_constraint_violation_count_mandatory: real 3.19s | cpu 4.17s
2026-04-03 01:01:11.390 INFO (Iteration 93) range_constraint_violation_count_regular: real 27.97s | cpu 29.77s
2026-04-03 01:01:11.390 INFO (Iteration 93) range_constraint_violation_count_suggestion: real 0.41s | cpu 1.39s
2026-04-03 01:01:11.390 INFO (Iteration 93) statement_count_property_range_all: real 0.09s | cpu 1.19s
2026-04-03 01:01:11.390 INFO (Iteration 93) statement_count_property_range_mandatory: real 0.06s | cpu 0.76s
2026-04-03 01:01:11.390 INFO (Iteration 93) statement_count_property_range_regular: real 0.06s | cpu 0.82s
2026-04-03 01:01:11.390 INFO (Iteration 93) statement_count_property_range_suggestion: real 0.05s | cpu 0.70s
2026-04-03 01:01:11.391 INFO (Iteration 93) range_constraint_violation_total_all: real 0.01s | cpu 0.00s
2026-04-03 01:01:11.391 INFO (Iteration 93) range_constraint_violation_ratio: real 0.00s | cpu 0.00s
2026-04-03 01:01:11.391 INFO (Iteration 93) range_constraint_completeness: real 0.00s | cpu 0.00s
2026-04-03 01:01:11.391 INFO (Iteration 93) range_constraint_violation_total_mandatory: real 0.00s | cpu 0.00s
2026-04-03 01:01:11.391 INFO (Iteration 93) range_constraint_violation_ratio_mandatory: real 0.00s | cpu 0.00s
2026-04-03 01:01:11.391 INFO (Iteration 93) range_constraint_completeness_mandatory: real 0.00s | cpu 0.00s
2026-04-03 01:01:11.391 INFO (Iteration 93) range_constraint_violation_total_regular: real 0.00s | cpu 0.00s
2026-04-03 01:01:11.391 INFO (Iteration 93) range_constraint_violation_ratio_regular: real 0.01s | cpu 0.00s
2026-04-03 01:01:11.391 INFO (Iteration 93) range_constraint_completeness_regular: real 0.00s | cpu 0.00s
2026-04-03 01:01:11.391 INFO (Iteration 93) range_constraint_violation_total_suggestion: real 0.00s | cpu 0.00s
2026-04-03 01:01:11.391 INFO (Iteration 93) range_constraint_violation_ratio_suggestion: real 0.00s | cpu 0.00s
2026-04-03 01:01:11.391 INFO (Iteration 93) range_constraint_completeness_suggestion: real 0.00s | cpu 0.00s
2026-04-03 01:01:11.391 INFO Iteration 93 finished in 248.32s (real) and 226.54s (process)
2026-04-03 01:01:11.391 INFO Start timestep 2020-07-19 00:00:00+00:00 -> 2020-08-18 00:00:00+00:00
2026-04-03 01:03:40.246 INFO Loading data (2020-07-19 00:00:00+00:00 -> 2020-08-18 00:00:00+00:00) done in 148.85s (real) and 90.97s (process)
2026-04-03 01:03:40.247 INFO Memory usage (start of timestep): 181.16 GB
2026-04-03 01:03:40.247 INFO Calculating metrics
2026-04-03 01:03:40.247 INFO Calculating metric: subject_constraint_violation_count
2026-04-03 01:04:53.141 INFO [subject_constraint_violation_count] processed rows=14172263, result_rows=1290
2026-04-03 01:04:55.164 INFO Calculating metric: statement_count_property_subject
2026-04-03 01:05:05.642 INFO Calculating metric: range_constraint_violation_count
2026-04-03 01:05:46.749 INFO Calculating metric: range_constraint_violation_count_mandatory
2026-04-03 01:05:52.397 INFO Calculating metric: range_constraint_violation_count_regular
2026-04-03 01:06:27.225 INFO Calculating metric: range_constraint_violation_count_suggestion
2026-04-03 01:06:27.509 INFO Calculating metric: statement_count_property_range_all
2026-04-03 01:06:27.610 INFO Calculating metric: statement_count_property_range_mandatory
2026-04-03 01:06:27.691 INFO Calculating metric: statement_count_property_range_regular
2026-04-03 01:06:27.777 INFO Calculating metric: statement_count_property_range_suggestion
2026-04-03 01:06:27.842 INFO Calculating metric: subject_constraint_violation_total
2026-04-03 01:06:27.845 INFO Calculating metric: range_constraint_violation_total_all
2026-04-03 01:06:27.847 INFO Calculating metric: range_constraint_violation_total_mandatory
2026-04-03 01:06:27.850 INFO Calculating metric: range_constraint_violation_total_regular
2026-04-03 01:06:27.855 INFO Calculating metric: range_constraint_violation_total_suggestion
2026-04-03 01:06:27.857 INFO Calculating metric: subject_constraint_violation_ratio
2026-04-03 01:06:27.858 INFO Calculating metric: range_constraint_violation_ratio
2026-04-03 01:06:27.861 INFO Calculating metric: range_constraint_violation_ratio_mandatory
2026-04-03 01:06:27.863 INFO Calculating metric: range_constraint_violation_ratio_regular
2026-04-03 01:06:27.865 INFO Calculating metric: range_constraint_violation_ratio_suggestion
2026-04-03 01:06:27.867 INFO Calculating metric: subject_constraint_completeness
2026-04-03 01:06:27.869 INFO Calculating metric: range_constraint_completeness
2026-04-03 01:06:27.871 INFO Calculating metric: range_constraint_completeness_mandatory
2026-04-03 01:06:27.875 INFO Calculating metric: range_constraint_completeness_regular
2026-04-03 01:06:27.877 INFO Calculating metric: range_constraint_completeness_suggestion
2026-04-03 01:06:27.879 INFO Memory usage (end of timestep): 181.16 GB
2026-04-03 01:06:27.879 INFO (Iteration 94) subject_constraint_violation_count: real 74.92s | cpu 81.34s
2026-04-03 01:06:27.879 INFO (Iteration 94) statement_count_property_subject: real 10.47s | cpu 15.44s
2026-04-03 01:06:27.879 INFO (Iteration 94) subject_constraint_violation_total: real 0.00s | cpu 0.00s
2026-04-03 01:06:27.879 INFO (Iteration 94) subject_constraint_violation_ratio: real 0.00s | cpu 0.00s
2026-04-03 01:06:27.879 INFO (Iteration 94) subject_constraint_completeness: real 0.00s | cpu 0.00s
2026-04-03 01:06:27.879 INFO (Iteration 94) range_constraint_violation_count: real 41.11s | cpu 44.26s
2026-04-03 01:06:27.879 INFO (Iteration 94) range_constraint_violation_count_mandatory: real 5.65s | cpu 7.30s
2026-04-03 01:06:27.879 INFO (Iteration 94) range_constraint_violation_count_regular: real 34.83s | cpu 37.66s
2026-04-03 01:06:27.879 INFO (Iteration 94) range_constraint_violation_count_suggestion: real 0.28s | cpu 1.38s
2026-04-03 01:06:27.879 INFO (Iteration 94) statement_count_property_range_all: real 0.10s | cpu 1.42s
2026-04-03 01:06:27.879 INFO (Iteration 94) statement_count_property_range_mandatory: real 0.08s | cpu 1.13s
2026-04-03 01:06:27.879 INFO (Iteration 94) statement_count_property_range_regular: real 0.09s | cpu 1.19s
2026-04-03 01:06:27.879 INFO (Iteration 94) statement_count_property_range_suggestion: real 0.06s | cpu 0.88s
2026-04-03 01:06:27.879 INFO (Iteration 94) range_constraint_violation_total_all: real 0.00s | cpu 0.00s
2026-04-03 01:06:27.879 INFO (Iteration 94) range_constraint_violation_ratio: real 0.00s | cpu 0.00s
2026-04-03 01:06:27.879 INFO (Iteration 94) range_constraint_completeness: real 0.00s | cpu 0.00s
2026-04-03 01:06:27.879 INFO (Iteration 94) range_constraint_violation_total_mandatory: real 0.00s | cpu 0.00s
2026-04-03 01:06:27.879 INFO (Iteration 94) range_constraint_violation_ratio_mandatory: real 0.00s | cpu 0.00s
2026-04-03 01:06:27.879 INFO (Iteration 94) range_constraint_completeness_mandatory: real 0.00s | cpu 0.00s
2026-04-03 01:06:27.879 INFO (Iteration 94) range_constraint_violation_total_regular: real 0.01s | cpu 0.00s
2026-04-03 01:06:27.879 INFO (Iteration 94) range_constraint_violation_ratio_regular: real 0.00s | cpu 0.00s
2026-04-03 01:06:27.879 INFO (Iteration 94) range_constraint_completeness_regular: real 0.00s | cpu 0.00s
2026-04-03 01:06:27.879 INFO (Iteration 94) range_constraint_violation_total_suggestion: real 0.00s | cpu 0.00s
2026-04-03 01:06:27.879 INFO (Iteration 94) range_constraint_violation_ratio_suggestion: real 0.00s | cpu 0.00s
2026-04-03 01:06:27.879 INFO (Iteration 94) range_constraint_completeness_suggestion: real 0.00s | cpu 0.00s
2026-04-03 01:06:27.879 INFO Iteration 94 finished in 316.49s (real) and 282.99s (process)
2026-04-03 01:06:27.879 INFO Start timestep 2020-08-18 00:00:00+00:00 -> 2020-09-17 00:00:00+00:00
2026-04-03 01:08:09.951 INFO Loading data (2020-08-18 00:00:00+00:00 -> 2020-09-17 00:00:00+00:00) done in 102.07s (real) and 62.24s (process)
2026-04-03 01:08:09.951 INFO Memory usage (start of timestep): 181.16 GB
2026-04-03 01:08:09.951 INFO Calculating metrics
2026-04-03 01:08:09.952 INFO Calculating metric: subject_constraint_violation_count
2026-04-03 01:15:28.892 INFO [subject_constraint_violation_count] processed rows=8132369, result_rows=1499
2026-04-03 01:15:31.082 INFO Calculating metric: statement_count_property_subject
2026-04-03 01:15:37.101 INFO Calculating metric: range_constraint_violation_count
2026-04-03 01:16:11.720 INFO Calculating metric: range_constraint_violation_count_mandatory
2026-04-03 01:16:21.220 INFO Calculating metric: range_constraint_violation_count_regular
2026-04-03 01:16:45.856 INFO Calculating metric: range_constraint_violation_count_suggestion
2026-04-03 01:16:46.227 INFO Calculating metric: statement_count_property_range_all
2026-04-03 01:16:46.304 INFO Calculating metric: statement_count_property_range_mandatory
2026-04-03 01:16:46.354 INFO Calculating metric: statement_count_property_range_regular
2026-04-03 01:16:46.409 INFO Calculating metric: statement_count_property_range_suggestion
2026-04-03 01:16:46.455 INFO Calculating metric: subject_constraint_violation_total
2026-04-03 01:16:46.460 INFO Calculating metric: range_constraint_violation_total_all
2026-04-03 01:16:46.462 INFO Calculating metric: range_constraint_violation_total_mandatory
2026-04-03 01:16:46.465 INFO Calculating metric: range_constraint_violation_total_regular
2026-04-03 01:16:46.467 INFO Calculating metric: range_constraint_violation_total_suggestion
2026-04-03 01:16:46.469 INFO Calculating metric: subject_constraint_violation_ratio
2026-04-03 01:16:46.471 INFO Calculating metric: range_constraint_violation_ratio
2026-04-03 01:16:46.473 INFO Calculating metric: range_constraint_violation_ratio_mandatory
2026-04-03 01:16:46.477 INFO Calculating metric: range_constraint_violation_ratio_regular
2026-04-03 01:16:46.479 INFO Calculating metric: range_constraint_violation_ratio_suggestion
2026-04-03 01:16:46.482 INFO Calculating metric: subject_constraint_completeness
2026-04-03 01:16:46.484 INFO Calculating metric: range_constraint_completeness
2026-04-03 01:16:46.486 INFO Calculating metric: range_constraint_completeness_mandatory
2026-04-03 01:16:46.488 INFO Calculating metric: range_constraint_completeness_regular
2026-04-03 01:16:46.490 INFO Calculating metric: range_constraint_completeness_suggestion
2026-04-03 01:16:46.492 INFO Memory usage (end of timestep): 181.16 GB
2026-04-03 01:16:46.492 INFO (Iteration 95) subject_constraint_violation_count: real 441.13s | cpu 445.57s
2026-04-03 01:16:46.492 INFO (Iteration 95) statement_count_property_subject: real 6.02s | cpu 10.71s
2026-04-03 01:16:46.492 INFO (Iteration 95) subject_constraint_violation_total: real 0.01s | cpu 0.00s
2026-04-03 01:16:46.492 INFO (Iteration 95) subject_constraint_violation_ratio: real 0.00s | cpu 0.00s
2026-04-03 01:16:46.492 INFO (Iteration 95) subject_constraint_completeness: real 0.00s | cpu 0.00s
2026-04-03 01:16:46.492 INFO (Iteration 95) range_constraint_violation_count: real 34.62s | cpu 36.88s
2026-04-03 01:16:46.492 INFO (Iteration 95) range_constraint_violation_count_mandatory: real 9.50s | cpu 10.74s
2026-04-03 01:16:46.493 INFO (Iteration 95) range_constraint_violation_count_regular: real 24.63s | cpu 26.63s
2026-04-03 01:16:46.493 INFO (Iteration 95) range_constraint_violation_count_suggestion: real 0.37s | cpu 1.26s
2026-04-03 01:16:46.493 INFO (Iteration 95) statement_count_property_range_all: real 0.08s | cpu 1.05s
2026-04-03 01:16:46.493 INFO (Iteration 95) statement_count_property_range_mandatory: real 0.05s | cpu 0.66s
2026-04-03 01:16:46.493 INFO (Iteration 95) statement_count_property_range_regular: real 0.05s | cpu 0.72s
2026-04-03 01:16:46.493 INFO (Iteration 95) statement_count_property_range_suggestion: real 0.05s | cpu 0.61s
2026-04-03 01:16:46.493 INFO (Iteration 95) range_constraint_violation_total_all: real 0.00s | cpu 0.00s
2026-04-03 01:16:46.493 INFO (Iteration 95) range_constraint_violation_ratio: real 0.00s | cpu 0.00s
2026-04-03 01:16:46.493 INFO (Iteration 95) range_constraint_completeness: real 0.00s | cpu 0.00s
2026-04-03 01:16:46.493 INFO (Iteration 95) range_constraint_violation_total_mandatory: real 0.00s | cpu 0.00s
2026-04-03 01:16:46.493 INFO (Iteration 95) range_constraint_violation_ratio_mandatory: real 0.00s | cpu 0.00s
2026-04-03 01:16:46.493 INFO (Iteration 95) range_constraint_completeness_mandatory: real 0.00s | cpu 0.00s
2026-04-03 01:16:46.493 INFO (Iteration 95) range_constraint_violation_total_regular: real 0.00s | cpu 0.00s
2026-04-03 01:16:46.493 INFO (Iteration 95) range_constraint_violation_ratio_regular: real 0.00s | cpu 0.00s
2026-04-03 01:16:46.493 INFO (Iteration 95) range_constraint_completeness_regular: real 0.00s | cpu 0.00s
2026-04-03 01:16:46.493 INFO (Iteration 95) range_constraint_violation_total_suggestion: real 0.00s | cpu 0.00s
2026-04-03 01:16:46.493 INFO (Iteration 95) range_constraint_violation_ratio_suggestion: real 0.00s | cpu 0.00s
2026-04-03 01:16:46.493 INFO (Iteration 95) range_constraint_completeness_suggestion: real 0.00s | cpu 0.00s
2026-04-03 01:16:46.493 INFO Iteration 95 finished in 618.61s (real) and 597.10s (process)
2026-04-03 01:16:46.493 INFO Start timestep 2020-09-17 00:00:00+00:00 -> 2020-10-17 00:00:00+00:00
2026-04-03 01:18:19.177 INFO Loading data (2020-09-17 00:00:00+00:00 -> 2020-10-17 00:00:00+00:00) done in 92.68s (real) and 78.69s (process)
2026-04-03 01:18:19.189 INFO Memory usage (start of timestep): 181.16 GB
2026-04-03 01:18:19.189 INFO Calculating metrics
2026-04-03 01:18:19.189 INFO Calculating metric: subject_constraint_violation_count
2026-04-03 01:26:32.627 INFO [subject_constraint_violation_count] processed rows=7881098, result_rows=1535
2026-04-03 01:26:34.706 INFO Calculating metric: statement_count_property_subject
2026-04-03 01:26:40.494 INFO Calculating metric: range_constraint_violation_count
2026-04-03 01:27:12.870 INFO Calculating metric: range_constraint_violation_count_mandatory
2026-04-03 01:27:15.327 INFO Calculating metric: range_constraint_violation_count_regular
2026-04-03 01:27:43.011 INFO Calculating metric: range_constraint_violation_count_suggestion
2026-04-03 01:27:45.017 INFO Calculating metric: statement_count_property_range_all
2026-04-03 01:27:45.110 INFO Calculating metric: statement_count_property_range_mandatory
2026-04-03 01:27:45.164 INFO Calculating metric: statement_count_property_range_regular
2026-04-03 01:27:45.219 INFO Calculating metric: statement_count_property_range_suggestion
2026-04-03 01:27:45.268 INFO Calculating metric: subject_constraint_violation_total
2026-04-03 01:27:45.271 INFO Calculating metric: range_constraint_violation_total_all
2026-04-03 01:27:45.275 INFO Calculating metric: range_constraint_violation_total_mandatory
2026-04-03 01:27:45.277 INFO Calculating metric: range_constraint_violation_total_regular
2026-04-03 01:27:45.282 INFO Calculating metric: range_constraint_violation_total_suggestion
2026-04-03 01:27:45.284 INFO Calculating metric: subject_constraint_violation_ratio
2026-04-03 01:27:45.287 INFO Calculating metric: range_constraint_violation_ratio
2026-04-03 01:27:45.290 INFO Calculating metric: range_constraint_violation_ratio_mandatory
2026-04-03 01:27:45.292 INFO Calculating metric: range_constraint_violation_ratio_regular
2026-04-03 01:27:45.294 INFO Calculating metric: range_constraint_violation_ratio_suggestion
2026-04-03 01:27:45.296 INFO Calculating metric: subject_constraint_completeness
2026-04-03 01:27:45.298 INFO Calculating metric: range_constraint_completeness
2026-04-03 01:27:45.302 INFO Calculating metric: range_constraint_completeness_mandatory
2026-04-03 01:27:45.305 INFO Calculating metric: range_constraint_completeness_regular
2026-04-03 01:27:45.307 INFO Calculating metric: range_constraint_completeness_suggestion
2026-04-03 01:27:45.310 INFO Memory usage (end of timestep): 181.16 GB
2026-04-03 01:27:45.310 INFO (Iteration 96) subject_constraint_violation_count: real 495.52s | cpu 500.02s
2026-04-03 01:27:45.310 INFO (Iteration 96) statement_count_property_subject: real 5.79s | cpu 10.79s
2026-04-03 01:27:45.311 INFO (Iteration 96) subject_constraint_violation_total: real 0.00s | cpu 0.00s
2026-04-03 01:27:45.311 INFO (Iteration 96) subject_constraint_violation_ratio: real 0.00s | cpu 0.00s
2026-04-03 01:27:45.311 INFO (Iteration 96) subject_constraint_completeness: real 0.00s | cpu 0.00s
2026-04-03 01:27:45.311 INFO (Iteration 96) range_constraint_violation_count: real 32.38s | cpu 34.65s
2026-04-03 01:27:45.311 INFO (Iteration 96) range_constraint_violation_count_mandatory: real 2.46s | cpu 3.41s
2026-04-03 01:27:45.311 INFO (Iteration 96) range_constraint_violation_count_regular: real 27.68s | cpu 29.86s
2026-04-03 01:27:45.311 INFO (Iteration 96) range_constraint_violation_count_suggestion: real 2.01s | cpu 2.93s
2026-04-03 01:27:45.311 INFO (Iteration 96) statement_count_property_range_all: real 0.09s | cpu 1.20s
2026-04-03 01:27:45.311 INFO (Iteration 96) statement_count_property_range_mandatory: real 0.05s | cpu 0.66s
2026-04-03 01:27:45.311 INFO (Iteration 96) statement_count_property_range_regular: real 0.05s | cpu 0.71s
2026-04-03 01:27:45.311 INFO (Iteration 96) statement_count_property_range_suggestion: real 0.05s | cpu 0.63s
2026-04-03 01:27:45.311 INFO (Iteration 96) range_constraint_violation_total_all: real 0.00s | cpu 0.00s
2026-04-03 01:27:45.311 INFO (Iteration 96) range_constraint_violation_ratio: real 0.00s | cpu 0.00s
2026-04-03 01:27:45.311 INFO (Iteration 96) range_constraint_completeness: real 0.00s | cpu 0.00s
2026-04-03 01:27:45.311 INFO (Iteration 96) range_constraint_violation_total_mandatory: real 0.00s | cpu 0.00s
2026-04-03 01:27:45.311 INFO (Iteration 96) range_constraint_violation_ratio_mandatory: real 0.00s | cpu 0.00s
2026-04-03 01:27:45.311 INFO (Iteration 96) range_constraint_completeness_mandatory: real 0.00s | cpu 0.00s
2026-04-03 01:27:45.311 INFO (Iteration 96) range_constraint_violation_total_regular: real 0.00s | cpu 0.00s
2026-04-03 01:27:45.311 INFO (Iteration 96) range_constraint_violation_ratio_regular: real 0.00s | cpu 0.00s
2026-04-03 01:27:45.311 INFO (Iteration 96) range_constraint_completeness_regular: real 0.00s | cpu 0.00s
2026-04-03 01:27:45.311 INFO (Iteration 96) range_constraint_violation_total_suggestion: real 0.00s | cpu 0.00s
2026-04-03 01:27:45.311 INFO (Iteration 96) range_constraint_violation_ratio_suggestion: real 0.00s | cpu 0.00s
2026-04-03 01:27:45.311 INFO (Iteration 96) range_constraint_completeness_suggestion: real 0.00s | cpu 0.00s
2026-04-03 01:27:45.311 INFO Iteration 96 finished in 658.82s (real) and 663.58s (process)
2026-04-03 01:27:45.312 INFO Start timestep 2020-10-17 00:00:00+00:00 -> 2020-11-16 00:00:00+00:00
2026-04-03 01:29:21.641 INFO Loading data (2020-10-17 00:00:00+00:00 -> 2020-11-16 00:00:00+00:00) done in 96.33s (real) and 60.12s (process)
2026-04-03 01:29:21.641 INFO Memory usage (start of timestep): 181.16 GB
2026-04-03 01:29:21.641 INFO Calculating metrics
2026-04-03 01:29:21.642 INFO Calculating metric: subject_constraint_violation_count
2026-04-03 01:36:22.625 INFO [subject_constraint_violation_count] processed rows=7459300, result_rows=1536
2026-04-03 01:36:25.092 INFO Calculating metric: statement_count_property_subject
2026-04-03 01:36:30.529 INFO Calculating metric: range_constraint_violation_count
2026-04-03 01:37:14.004 INFO Calculating metric: range_constraint_violation_count_mandatory
2026-04-03 01:37:18.068 INFO Calculating metric: range_constraint_violation_count_regular
2026-04-03 01:37:38.749 INFO Calculating metric: range_constraint_violation_count_suggestion
2026-04-03 01:37:57.122 INFO Calculating metric: statement_count_property_range_all
2026-04-03 01:37:57.207 INFO Calculating metric: statement_count_property_range_mandatory
2026-04-03 01:37:57.254 INFO Calculating metric: statement_count_property_range_regular
2026-04-03 01:37:57.306 INFO Calculating metric: statement_count_property_range_suggestion
2026-04-03 01:37:57.349 INFO Calculating metric: subject_constraint_violation_total
2026-04-03 01:37:57.352 INFO Calculating metric: range_constraint_violation_total_all
2026-04-03 01:37:57.355 INFO Calculating metric: range_constraint_violation_total_mandatory
2026-04-03 01:37:57.357 INFO Calculating metric: range_constraint_violation_total_regular
2026-04-03 01:37:57.360 INFO Calculating metric: range_constraint_violation_total_suggestion
2026-04-03 01:37:57.362 INFO Calculating metric: subject_constraint_violation_ratio
2026-04-03 01:37:57.364 INFO Calculating metric: range_constraint_violation_ratio
2026-04-03 01:37:57.370 INFO Calculating metric: range_constraint_violation_ratio_mandatory
2026-04-03 01:37:57.373 INFO Calculating metric: range_constraint_violation_ratio_regular
2026-04-03 01:37:57.375 INFO Calculating metric: range_constraint_violation_ratio_suggestion
2026-04-03 01:37:57.377 INFO Calculating metric: subject_constraint_completeness
2026-04-03 01:37:57.379 INFO Calculating metric: range_constraint_completeness
2026-04-03 01:37:57.381 INFO Calculating metric: range_constraint_completeness_mandatory
2026-04-03 01:37:57.384 INFO Calculating metric: range_constraint_completeness_regular
2026-04-03 01:37:57.386 INFO Calculating metric: range_constraint_completeness_suggestion
2026-04-03 01:37:57.388 INFO Memory usage (end of timestep): 181.16 GB
2026-04-03 01:37:57.388 INFO (Iteration 97) subject_constraint_violation_count: real 423.45s | cpu 427.59s
2026-04-03 01:37:57.388 INFO (Iteration 97) statement_count_property_subject: real 5.44s | cpu 10.18s
2026-04-03 01:37:57.390 INFO (Iteration 97) subject_constraint_violation_total: real 0.00s | cpu 0.00s
2026-04-03 01:37:57.390 INFO (Iteration 97) subject_constraint_violation_ratio: real 0.00s | cpu 0.00s
2026-04-03 01:37:57.390 INFO (Iteration 97) subject_constraint_completeness: real 0.00s | cpu 0.00s
2026-04-03 01:37:57.390 INFO (Iteration 97) range_constraint_violation_count: real 43.47s | cpu 45.60s
2026-04-03 01:37:57.390 INFO (Iteration 97) range_constraint_violation_count_mandatory: real 4.06s | cpu 5.13s
2026-04-03 01:37:57.390 INFO (Iteration 97) range_constraint_violation_count_regular: real 20.68s | cpu 22.42s
2026-04-03 01:37:57.390 INFO (Iteration 97) range_constraint_violation_count_suggestion: real 18.37s | cpu 19.48s
2026-04-03 01:37:57.390 INFO (Iteration 97) statement_count_property_range_all: real 0.08s | cpu 1.15s
2026-04-03 01:37:57.390 INFO (Iteration 97) statement_count_property_range_mandatory: real 0.05s | cpu 0.63s
2026-04-03 01:37:57.390 INFO (Iteration 97) statement_count_property_range_regular: real 0.05s | cpu 0.67s
2026-04-03 01:37:57.390 INFO (Iteration 97) statement_count_property_range_suggestion: real 0.04s | cpu 0.59s
2026-04-03 01:37:57.390 INFO (Iteration 97) range_constraint_violation_total_all: real 0.00s | cpu 0.00s
2026-04-03 01:37:57.390 INFO (Iteration 97) range_constraint_violation_ratio: real 0.01s | cpu 0.00s
2026-04-03 01:37:57.390 INFO (Iteration 97) range_constraint_completeness: real 0.00s | cpu 0.00s
2026-04-03 01:37:57.390 INFO (Iteration 97) range_constraint_violation_total_mandatory: real 0.00s | cpu 0.00s
2026-04-03 01:37:57.390 INFO (Iteration 97) range_constraint_violation_ratio_mandatory: real 0.00s | cpu 0.00s
2026-04-03 01:37:57.390 INFO (Iteration 97) range_constraint_completeness_mandatory: real 0.00s | cpu 0.00s
2026-04-03 01:37:57.390 INFO (Iteration 97) range_constraint_violation_total_regular: real 0.00s | cpu 0.00s
2026-04-03 01:37:57.390 INFO (Iteration 97) range_constraint_violation_ratio_regular: real 0.00s | cpu 0.00s
2026-04-03 01:37:57.390 INFO (Iteration 97) range_constraint_completeness_regular: real 0.00s | cpu 0.00s
2026-04-03 01:37:57.390 INFO (Iteration 97) range_constraint_violation_total_suggestion: real 0.00s | cpu 0.00s
2026-04-03 01:37:57.390 INFO (Iteration 97) range_constraint_violation_ratio_suggestion: real 0.00s | cpu 0.00s
2026-04-03 01:37:57.390 INFO (Iteration 97) range_constraint_completeness_suggestion: real 0.00s | cpu 0.00s
2026-04-03 01:37:57.390 INFO Iteration 97 finished in 612.08s (real) and 593.58s (process)
2026-04-03 01:37:57.390 INFO Start timestep 2020-11-16 00:00:00+00:00 -> 2020-12-16 00:00:00+00:00
2026-04-03 01:39:45.130 INFO Loading data (2020-11-16 00:00:00+00:00 -> 2020-12-16 00:00:00+00:00) done in 107.74s (real) and 87.83s (process)
2026-04-03 01:39:45.141 INFO Memory usage (start of timestep): 181.16 GB
2026-04-03 01:39:45.141 INFO Calculating metrics
2026-04-03 01:39:45.141 INFO Calculating metric: subject_constraint_violation_count
2026-04-03 01:43:58.531 INFO [subject_constraint_violation_count] processed rows=8143896, result_rows=1573
2026-04-03 01:44:02.025 INFO Calculating metric: statement_count_property_subject
2026-04-03 01:44:07.984 INFO Calculating metric: range_constraint_violation_count
2026-04-03 01:44:33.881 INFO Calculating metric: range_constraint_violation_count_mandatory
2026-04-03 01:44:37.938 INFO Calculating metric: range_constraint_violation_count_regular
2026-04-03 01:44:59.429 INFO Calculating metric: range_constraint_violation_count_suggestion
2026-04-03 01:44:59.653 INFO Calculating metric: statement_count_property_range_all
2026-04-03 01:44:59.742 INFO Calculating metric: statement_count_property_range_mandatory
2026-04-03 01:44:59.795 INFO Calculating metric: statement_count_property_range_regular
2026-04-03 01:44:59.853 INFO Calculating metric: statement_count_property_range_suggestion
2026-04-03 01:44:59.903 INFO Calculating metric: subject_constraint_violation_total
2026-04-03 01:44:59.905 INFO Calculating metric: range_constraint_violation_total_all
2026-04-03 01:44:59.908 INFO Calculating metric: range_constraint_violation_total_mandatory
2026-04-03 01:44:59.913 INFO Calculating metric: range_constraint_violation_total_regular
2026-04-03 01:44:59.917 INFO Calculating metric: range_constraint_violation_total_suggestion
2026-04-03 01:44:59.921 INFO Calculating metric: subject_constraint_violation_ratio
2026-04-03 01:44:59.926 INFO Calculating metric: range_constraint_violation_ratio
2026-04-03 01:44:59.936 INFO Calculating metric: range_constraint_violation_ratio_mandatory
2026-04-03 01:44:59.939 INFO Calculating metric: range_constraint_violation_ratio_regular
2026-04-03 01:44:59.941 INFO Calculating metric: range_constraint_violation_ratio_suggestion
2026-04-03 01:44:59.943 INFO Calculating metric: subject_constraint_completeness
2026-04-03 01:44:59.946 INFO Calculating metric: range_constraint_completeness
2026-04-03 01:44:59.949 INFO Calculating metric: range_constraint_completeness_mandatory
2026-04-03 01:44:59.956 INFO Calculating metric: range_constraint_completeness_regular
2026-04-03 01:44:59.959 INFO Calculating metric: range_constraint_completeness_suggestion
2026-04-03 01:44:59.962 INFO Memory usage (end of timestep): 181.16 GB
2026-04-03 01:44:59.962 INFO (Iteration 98) subject_constraint_violation_count: real 256.88s | cpu 261.20s
2026-04-03 01:44:59.962 INFO (Iteration 98) statement_count_property_subject: real 5.96s | cpu 10.15s
2026-04-03 01:44:59.962 INFO (Iteration 98) subject_constraint_violation_total: real 0.00s | cpu 0.00s
2026-04-03 01:44:59.962 INFO (Iteration 98) subject_constraint_violation_ratio: real 0.00s | cpu 0.00s
2026-04-03 01:44:59.962 INFO (Iteration 98) subject_constraint_completeness: real 0.00s | cpu 0.00s
2026-04-03 01:44:59.962 INFO (Iteration 98) range_constraint_violation_count: real 25.90s | cpu 27.67s
2026-04-03 01:44:59.962 INFO (Iteration 98) range_constraint_violation_count_mandatory: real 4.06s | cpu 4.93s
2026-04-03 01:44:59.962 INFO (Iteration 98) range_constraint_violation_count_regular: real 21.49s | cpu 23.24s
2026-04-03 01:44:59.962 INFO (Iteration 98) range_constraint_violation_count_suggestion: real 0.22s | cpu 1.03s
2026-04-03 01:44:59.962 INFO (Iteration 98) statement_count_property_range_all: real 0.09s | cpu 1.16s
2026-04-03 01:44:59.962 INFO (Iteration 98) statement_count_property_range_mandatory: real 0.05s | cpu 0.66s
2026-04-03 01:44:59.962 INFO (Iteration 98) statement_count_property_range_regular: real 0.06s | cpu 0.73s
2026-04-03 01:44:59.962 INFO (Iteration 98) statement_count_property_range_suggestion: real 0.05s | cpu 0.64s
2026-04-03 01:44:59.963 INFO (Iteration 98) range_constraint_violation_total_all: real 0.00s | cpu 0.00s
2026-04-03 01:44:59.963 INFO (Iteration 98) range_constraint_violation_ratio: real 0.01s | cpu 0.00s
2026-04-03 01:44:59.963 INFO (Iteration 98) range_constraint_completeness: real 0.00s | cpu 0.00s
2026-04-03 01:44:59.963 INFO (Iteration 98) range_constraint_violation_total_mandatory: real 0.01s | cpu 0.00s
2026-04-03 01:44:59.963 INFO (Iteration 98) range_constraint_violation_ratio_mandatory: real 0.00s | cpu 0.00s
2026-04-03 01:44:59.963 INFO (Iteration 98) range_constraint_completeness_mandatory: real 0.01s | cpu 0.00s
2026-04-03 01:44:59.963 INFO (Iteration 98) range_constraint_violation_total_regular: real 0.00s | cpu 0.00s
2026-04-03 01:44:59.963 INFO (Iteration 98) range_constraint_violation_ratio_regular: real 0.00s | cpu 0.00s
2026-04-03 01:44:59.963 INFO (Iteration 98) range_constraint_completeness_regular: real 0.00s | cpu 0.00s
2026-04-03 01:44:59.963 INFO (Iteration 98) range_constraint_violation_total_suggestion: real 0.00s | cpu 0.00s
2026-04-03 01:44:59.963 INFO (Iteration 98) range_constraint_violation_ratio_suggestion: real 0.00s | cpu 0.00s
2026-04-03 01:44:59.963 INFO (Iteration 98) range_constraint_completeness_suggestion: real 0.00s | cpu 0.00s
2026-04-03 01:44:59.963 INFO Iteration 98 finished in 422.57s (real) and 419.25s (process)
2026-04-03 01:44:59.963 INFO Start timestep 2020-12-16 00:00:00+00:00 -> 2021-01-15 00:00:00+00:00
2026-04-03 01:46:47.816 INFO Loading data (2020-12-16 00:00:00+00:00 -> 2021-01-15 00:00:00+00:00) done in 107.85s (real) and 66.02s (process)
2026-04-03 01:46:47.825 INFO Memory usage (start of timestep): 181.16 GB
2026-04-03 01:46:47.826 INFO Calculating metrics
2026-04-03 01:46:47.826 INFO Calculating metric: subject_constraint_violation_count
2026-04-03 01:51:11.897 INFO [subject_constraint_violation_count] processed rows=7718862, result_rows=1494
2026-04-03 01:51:15.333 INFO Calculating metric: statement_count_property_subject
2026-04-03 01:51:21.079 INFO Calculating metric: range_constraint_violation_count
2026-04-03 01:51:52.689 INFO Calculating metric: range_constraint_violation_count_mandatory
2026-04-03 01:51:55.877 INFO Calculating metric: range_constraint_violation_count_regular
2026-04-03 01:52:23.173 INFO Calculating metric: range_constraint_violation_count_suggestion
2026-04-03 01:52:23.983 INFO Calculating metric: statement_count_property_range_all
2026-04-03 01:52:24.068 INFO Calculating metric: statement_count_property_range_mandatory
2026-04-03 01:52:24.116 INFO Calculating metric: statement_count_property_range_regular
2026-04-03 01:52:24.167 INFO Calculating metric: statement_count_property_range_suggestion
2026-04-03 01:52:24.215 INFO Calculating metric: subject_constraint_violation_total
2026-04-03 01:52:24.218 INFO Calculating metric: range_constraint_violation_total_all
2026-04-03 01:52:24.223 INFO Calculating metric: range_constraint_violation_total_mandatory
2026-04-03 01:52:24.225 INFO Calculating metric: range_constraint_violation_total_regular
2026-04-03 01:52:24.227 INFO Calculating metric: range_constraint_violation_total_suggestion
2026-04-03 01:52:24.230 INFO Calculating metric: subject_constraint_violation_ratio
2026-04-03 01:52:24.232 INFO Calculating metric: range_constraint_violation_ratio
2026-04-03 01:52:24.234 INFO Calculating metric: range_constraint_violation_ratio_mandatory
2026-04-03 01:52:24.236 INFO Calculating metric: range_constraint_violation_ratio_regular
2026-04-03 01:52:24.245 INFO Calculating metric: range_constraint_violation_ratio_suggestion
2026-04-03 01:52:24.247 INFO Calculating metric: subject_constraint_completeness
2026-04-03 01:52:24.253 INFO Calculating metric: range_constraint_completeness
2026-04-03 01:52:24.256 INFO Calculating metric: range_constraint_completeness_mandatory
2026-04-03 01:52:24.261 INFO Calculating metric: range_constraint_completeness_regular
2026-04-03 01:52:24.264 INFO Calculating metric: range_constraint_completeness_suggestion
2026-04-03 01:52:24.266 INFO Memory usage (end of timestep): 181.16 GB
2026-04-03 01:52:24.266 INFO (Iteration 99) subject_constraint_violation_count: real 267.51s | cpu 271.67s
2026-04-03 01:52:24.266 INFO (Iteration 99) statement_count_property_subject: real 5.74s | cpu 9.58s
2026-04-03 01:52:24.266 INFO (Iteration 99) subject_constraint_violation_total: real 0.00s | cpu 0.00s
2026-04-03 01:52:24.266 INFO (Iteration 99) subject_constraint_violation_ratio: real 0.00s | cpu 0.00s
2026-04-03 01:52:24.266 INFO (Iteration 99) subject_constraint_completeness: real 0.01s | cpu 0.00s
2026-04-03 01:52:24.266 INFO (Iteration 99) range_constraint_violation_count: real 31.61s | cpu 33.69s
2026-04-03 01:52:24.266 INFO (Iteration 99) range_constraint_violation_count_mandatory: real 3.19s | cpu 4.20s
2026-04-03 01:52:24.266 INFO (Iteration 99) range_constraint_violation_count_regular: real 27.30s | cpu 29.22s
2026-04-03 01:52:24.266 INFO (Iteration 99) range_constraint_violation_count_suggestion: real 0.81s | cpu 1.70s
2026-04-03 01:52:24.266 INFO (Iteration 99) statement_count_property_range_all: real 0.08s | cpu 1.18s
2026-04-03 01:52:24.266 INFO (Iteration 99) statement_count_property_range_mandatory: real 0.05s | cpu 0.63s
2026-04-03 01:52:24.266 INFO (Iteration 99) statement_count_property_range_regular: real 0.05s | cpu 0.70s
2026-04-03 01:52:24.266 INFO (Iteration 99) statement_count_property_range_suggestion: real 0.05s | cpu 0.61s
2026-04-03 01:52:24.267 INFO (Iteration 99) range_constraint_violation_total_all: real 0.01s | cpu 0.00s
2026-04-03 01:52:24.267 INFO (Iteration 99) range_constraint_violation_ratio: real 0.00s | cpu 0.00s
2026-04-03 01:52:24.267 INFO (Iteration 99) range_constraint_completeness: real 0.00s | cpu 0.00s
2026-04-03 01:52:24.267 INFO (Iteration 99) range_constraint_violation_total_mandatory: real 0.00s | cpu 0.00s
2026-04-03 01:52:24.267 INFO (Iteration 99) range_constraint_violation_ratio_mandatory: real 0.00s | cpu 0.00s
2026-04-03 01:52:24.267 INFO (Iteration 99) range_constraint_completeness_mandatory: real 0.01s | cpu 0.00s
2026-04-03 01:52:24.267 INFO (Iteration 99) range_constraint_violation_total_regular: real 0.00s | cpu 0.00s
2026-04-03 01:52:24.267 INFO (Iteration 99) range_constraint_violation_ratio_regular: real 0.01s | cpu 0.00s
2026-04-03 01:52:24.267 INFO (Iteration 99) range_constraint_completeness_regular: real 0.00s | cpu 0.00s
2026-04-03 01:52:24.267 INFO (Iteration 99) range_constraint_violation_total_suggestion: real 0.00s | cpu 0.00s
2026-04-03 01:52:24.267 INFO (Iteration 99) range_constraint_violation_ratio_suggestion: real 0.00s | cpu 0.00s
2026-04-03 01:52:24.267 INFO (Iteration 99) range_constraint_completeness_suggestion: real 0.00s | cpu 0.00s
2026-04-03 01:52:24.267 INFO Iteration 99 finished in 444.30s (real) and 419.21s (process)
2026-04-03 01:52:24.267 INFO Start timestep 2021-01-15 00:00:00+00:00 -> 2021-02-14 00:00:00+00:00
2026-04-03 01:54:36.461 INFO Loading data (2021-01-15 00:00:00+00:00 -> 2021-02-14 00:00:00+00:00) done in 132.19s (real) and 80.50s (process)
2026-04-03 01:54:36.462 INFO Memory usage (start of timestep): 181.16 GB
2026-04-03 01:54:36.462 INFO Calculating metrics
2026-04-03 01:54:36.462 INFO Calculating metric: subject_constraint_violation_count
2026-04-03 01:58:05.018 INFO [subject_constraint_violation_count] processed rows=12233837, result_rows=1627
2026-04-03 01:58:08.982 INFO Calculating metric: statement_count_property_subject
2026-04-03 01:58:18.514 INFO Calculating metric: range_constraint_violation_count
2026-04-03 01:58:38.527 INFO Calculating metric: range_constraint_violation_count_mandatory
2026-04-03 01:58:40.642 INFO Calculating metric: range_constraint_violation_count_regular
2026-04-03 01:58:58.031 INFO Calculating metric: range_constraint_violation_count_suggestion
2026-04-03 01:58:58.307 INFO Calculating metric: statement_count_property_range_all
2026-04-03 01:58:58.402 INFO Calculating metric: statement_count_property_range_mandatory
2026-04-03 01:58:58.469 INFO Calculating metric: statement_count_property_range_regular
2026-04-03 01:58:58.544 INFO Calculating metric: statement_count_property_range_suggestion
2026-04-03 01:58:58.611 INFO Calculating metric: subject_constraint_violation_total
2026-04-03 01:58:58.617 INFO Calculating metric: range_constraint_violation_total_all
2026-04-03 01:58:58.620 INFO Calculating metric: range_constraint_violation_total_mandatory
2026-04-03 01:58:58.622 INFO Calculating metric: range_constraint_violation_total_regular
2026-04-03 01:58:58.624 INFO Calculating metric: range_constraint_violation_total_suggestion
2026-04-03 01:58:58.627 INFO Calculating metric: subject_constraint_violation_ratio
2026-04-03 01:58:58.629 INFO Calculating metric: range_constraint_violation_ratio
2026-04-03 01:58:58.631 INFO Calculating metric: range_constraint_violation_ratio_mandatory
2026-04-03 01:58:58.637 INFO Calculating metric: range_constraint_violation_ratio_regular
2026-04-03 01:58:58.639 INFO Calculating metric: range_constraint_violation_ratio_suggestion
2026-04-03 01:58:58.641 INFO Calculating metric: subject_constraint_completeness
2026-04-03 01:58:58.644 INFO Calculating metric: range_constraint_completeness
2026-04-03 01:58:58.646 INFO Calculating metric: range_constraint_completeness_mandatory
2026-04-03 01:58:58.648 INFO Calculating metric: range_constraint_completeness_regular
2026-04-03 01:58:58.650 INFO Calculating metric: range_constraint_completeness_suggestion
2026-04-03 01:58:58.653 INFO Memory usage (end of timestep): 181.16 GB
2026-04-03 01:58:58.653 INFO (Iteration 100) subject_constraint_violation_count: real 212.52s | cpu 218.26s
2026-04-03 01:58:58.653 INFO (Iteration 100) statement_count_property_subject: real 9.53s | cpu 14.59s
2026-04-03 01:58:58.653 INFO (Iteration 100) subject_constraint_violation_total: real 0.01s | cpu 0.00s
2026-04-03 01:58:58.653 INFO (Iteration 100) subject_constraint_violation_ratio: real 0.00s | cpu 0.00s
2026-04-03 01:58:58.653 INFO (Iteration 100) subject_constraint_completeness: real 0.00s | cpu 0.00s
2026-04-03 01:58:58.653 INFO (Iteration 100) range_constraint_violation_count: real 20.01s | cpu 22.04s
2026-04-03 01:58:58.653 INFO (Iteration 100) range_constraint_violation_count_mandatory: real 2.12s | cpu 3.36s
2026-04-03 01:58:58.653 INFO (Iteration 100) range_constraint_violation_count_regular: real 17.39s | cpu 19.17s
2026-04-03 01:58:58.653 INFO (Iteration 100) range_constraint_violation_count_suggestion: real 0.27s | cpu 1.49s
2026-04-03 01:58:58.653 INFO (Iteration 100) statement_count_property_range_all: real 0.10s | cpu 1.32s
2026-04-03 01:58:58.653 INFO (Iteration 100) statement_count_property_range_mandatory: real 0.07s | cpu 0.91s
2026-04-03 01:58:58.653 INFO (Iteration 100) statement_count_property_range_regular: real 0.07s | cpu 1.00s
2026-04-03 01:58:58.653 INFO (Iteration 100) statement_count_property_range_suggestion: real 0.07s | cpu 0.88s
2026-04-03 01:58:58.653 INFO (Iteration 100) range_constraint_violation_total_all: real 0.00s | cpu 0.00s
2026-04-03 01:58:58.653 INFO (Iteration 100) range_constraint_violation_ratio: real 0.00s | cpu 0.00s
2026-04-03 01:58:58.653 INFO (Iteration 100) range_constraint_completeness: real 0.00s | cpu 0.00s
2026-04-03 01:58:58.653 INFO (Iteration 100) range_constraint_violation_total_mandatory: real 0.00s | cpu 0.00s
2026-04-03 01:58:58.653 INFO (Iteration 100) range_constraint_violation_ratio_mandatory: real 0.01s | cpu 0.00s
2026-04-03 01:58:58.653 INFO (Iteration 100) range_constraint_completeness_mandatory: real 0.00s | cpu 0.00s
2026-04-03 01:58:58.653 INFO (Iteration 100) range_constraint_violation_total_regular: real 0.00s | cpu 0.00s
2026-04-03 01:58:58.653 INFO (Iteration 100) range_constraint_violation_ratio_regular: real 0.00s | cpu 0.00s
2026-04-03 01:58:58.653 INFO (Iteration 100) range_constraint_completeness_regular: real 0.00s | cpu 0.00s
2026-04-03 01:58:58.653 INFO (Iteration 100) range_constraint_violation_total_suggestion: real 0.00s | cpu 0.00s
2026-04-03 01:58:58.653 INFO (Iteration 100) range_constraint_violation_ratio_suggestion: real 0.00s | cpu 0.00s
2026-04-03 01:58:58.653 INFO (Iteration 100) range_constraint_completeness_suggestion: real 0.00s | cpu 0.00s
2026-04-03 01:58:58.653 INFO Iteration 100 finished in 394.39s (real) and 363.53s (process)
2026-04-03 01:58:58.654 INFO Start timestep 2021-02-14 00:00:00+00:00 -> 2021-03-16 00:00:00+00:00
2026-04-03 02:06:07.570 INFO Loading data (2021-02-14 00:00:00+00:00 -> 2021-03-16 00:00:00+00:00) done in 428.92s (real) and 258.11s (process)
2026-04-03 02:06:07.570 INFO Memory usage (start of timestep): 181.16 GB
2026-04-03 02:06:07.571 INFO Calculating metrics
2026-04-03 02:06:07.571 INFO Calculating metric: subject_constraint_violation_count
2026-04-03 02:14:50.011 INFO [subject_constraint_violation_count] processed rows=34322655, result_rows=1670
2026-04-03 02:14:54.714 INFO Calculating metric: statement_count_property_subject
2026-04-03 02:15:22.308 INFO Calculating metric: range_constraint_violation_count
2026-04-03 02:15:41.819 INFO Calculating metric: range_constraint_violation_count_mandatory
2026-04-03 02:15:45.982 INFO Calculating metric: range_constraint_violation_count_regular
2026-04-03 02:16:01.231 INFO Calculating metric: range_constraint_violation_count_suggestion
2026-04-03 02:16:01.625 INFO Calculating metric: statement_count_property_range_all
2026-04-03 02:16:01.791 INFO Calculating metric: statement_count_property_range_mandatory
2026-04-03 02:16:01.946 INFO Calculating metric: statement_count_property_range_regular
2026-04-03 02:16:02.109 INFO Calculating metric: statement_count_property_range_suggestion
2026-04-03 02:16:02.262 INFO Calculating metric: subject_constraint_violation_total
2026-04-03 02:16:02.265 INFO Calculating metric: range_constraint_violation_total_all
2026-04-03 02:16:02.267 INFO Calculating metric: range_constraint_violation_total_mandatory
2026-04-03 02:16:02.269 INFO Calculating metric: range_constraint_violation_total_regular
2026-04-03 02:16:02.272 INFO Calculating metric: range_constraint_violation_total_suggestion
2026-04-03 02:16:02.275 INFO Calculating metric: subject_constraint_violation_ratio
2026-04-03 02:16:02.278 INFO Calculating metric: range_constraint_violation_ratio
2026-04-03 02:16:02.280 INFO Calculating metric: range_constraint_violation_ratio_mandatory
2026-04-03 02:16:02.282 INFO Calculating metric: range_constraint_violation_ratio_regular
2026-04-03 02:16:02.285 INFO Calculating metric: range_constraint_violation_ratio_suggestion
2026-04-03 02:16:02.287 INFO Calculating metric: subject_constraint_completeness
2026-04-03 02:16:02.289 INFO Calculating metric: range_constraint_completeness
2026-04-03 02:16:02.292 INFO Calculating metric: range_constraint_completeness_mandatory
2026-04-03 02:16:02.294 INFO Calculating metric: range_constraint_completeness_regular
2026-04-03 02:16:02.296 INFO Calculating metric: range_constraint_completeness_suggestion
2026-04-03 02:16:02.298 INFO Memory usage (end of timestep): 181.16 GB
2026-04-03 02:16:02.298 INFO (Iteration 101) subject_constraint_violation_count: real 527.14s | cpu 539.92s
2026-04-03 02:16:02.298 INFO (Iteration 101) statement_count_property_subject: real 27.59s | cpu 37.72s
2026-04-03 02:16:02.298 INFO (Iteration 101) subject_constraint_violation_total: real 0.00s | cpu 0.00s
2026-04-03 02:16:02.298 INFO (Iteration 101) subject_constraint_violation_ratio: real 0.00s | cpu 0.00s
2026-04-03 02:16:02.298 INFO (Iteration 101) subject_constraint_completeness: real 0.00s | cpu 0.00s
2026-04-03 02:16:02.298 INFO (Iteration 101) range_constraint_violation_count: real 19.51s | cpu 22.57s
2026-04-03 02:16:02.298 INFO (Iteration 101) range_constraint_violation_count_mandatory: real 4.16s | cpu 6.56s
2026-04-03 02:16:02.298 INFO (Iteration 101) range_constraint_violation_count_regular: real 15.25s | cpu 18.05s
2026-04-03 02:16:02.298 INFO (Iteration 101) range_constraint_violation_count_suggestion: real 0.39s | cpu 2.64s
2026-04-03 02:16:02.298 INFO (Iteration 101) statement_count_property_range_all: real 0.17s | cpu 2.45s
2026-04-03 02:16:02.298 INFO (Iteration 101) statement_count_property_range_mandatory: real 0.15s | cpu 2.33s
2026-04-03 02:16:02.298 INFO (Iteration 101) statement_count_property_range_regular: real 0.16s | cpu 2.39s
2026-04-03 02:16:02.298 INFO (Iteration 101) statement_count_property_range_suggestion: real 0.15s | cpu 2.30s
2026-04-03 02:16:02.298 INFO (Iteration 101) range_constraint_violation_total_all: real 0.00s | cpu 0.00s
2026-04-03 02:16:02.298 INFO (Iteration 101) range_constraint_violation_ratio: real 0.00s | cpu 0.00s
2026-04-03 02:16:02.298 INFO (Iteration 101) range_constraint_completeness: real 0.00s | cpu 0.00s
2026-04-03 02:16:02.298 INFO (Iteration 101) range_constraint_violation_total_mandatory: real 0.00s | cpu 0.00s
2026-04-03 02:16:02.298 INFO (Iteration 101) range_constraint_violation_ratio_mandatory: real 0.00s | cpu 0.00s
2026-04-03 02:16:02.298 INFO (Iteration 101) range_constraint_completeness_mandatory: real 0.00s | cpu 0.00s
2026-04-03 02:16:02.299 INFO (Iteration 101) range_constraint_violation_total_regular: real 0.00s | cpu 0.00s
2026-04-03 02:16:02.299 INFO (Iteration 101) range_constraint_violation_ratio_regular: real 0.00s | cpu 0.00s
2026-04-03 02:16:02.299 INFO (Iteration 101) range_constraint_completeness_regular: real 0.00s | cpu 0.00s
2026-04-03 02:16:02.299 INFO (Iteration 101) range_constraint_violation_total_suggestion: real 0.00s | cpu 0.00s
2026-04-03 02:16:02.299 INFO (Iteration 101) range_constraint_violation_ratio_suggestion: real 0.00s | cpu 0.00s
2026-04-03 02:16:02.299 INFO (Iteration 101) range_constraint_completeness_suggestion: real 0.00s | cpu 0.00s
2026-04-03 02:16:02.299 INFO Iteration 101 finished in 1023.64s (real) and 895.06s (process)
2026-04-03 02:16:02.299 INFO Start timestep 2021-03-16 00:00:00+00:00 -> 2021-04-15 00:00:00+00:00
2026-04-03 02:22:16.773 INFO Loading data (2021-03-16 00:00:00+00:00 -> 2021-04-15 00:00:00+00:00) done in 374.47s (real) and 228.15s (process)
2026-04-03 02:22:16.782 INFO Memory usage (start of timestep): 181.16 GB
2026-04-03 02:22:16.782 INFO Calculating metrics
2026-04-03 02:22:16.782 INFO Calculating metric: subject_constraint_violation_count
2026-04-03 02:26:45.453 INFO [subject_constraint_violation_count] processed rows=26843252, result_rows=1660
2026-04-03 02:26:50.862 INFO Calculating metric: statement_count_property_subject
2026-04-03 02:27:11.047 INFO Calculating metric: range_constraint_violation_count
2026-04-03 02:27:28.191 INFO Calculating metric: range_constraint_violation_count_mandatory
2026-04-03 02:27:30.194 INFO Calculating metric: range_constraint_violation_count_regular
2026-04-03 02:27:43.762 INFO Calculating metric: range_constraint_violation_count_suggestion
2026-04-03 02:27:45.448 INFO Calculating metric: statement_count_property_range_all
2026-04-03 02:27:45.613 INFO Calculating metric: statement_count_property_range_mandatory
2026-04-03 02:27:45.740 INFO Calculating metric: statement_count_property_range_regular
2026-04-03 02:27:45.873 INFO Calculating metric: statement_count_property_range_suggestion
2026-04-03 02:27:45.998 INFO Calculating metric: subject_constraint_violation_total
2026-04-03 02:27:46.004 INFO Calculating metric: range_constraint_violation_total_all
2026-04-03 02:27:46.007 INFO Calculating metric: range_constraint_violation_total_mandatory
2026-04-03 02:27:46.009 INFO Calculating metric: range_constraint_violation_total_regular
2026-04-03 02:27:46.012 INFO Calculating metric: range_constraint_violation_total_suggestion
2026-04-03 02:27:46.014 INFO Calculating metric: subject_constraint_violation_ratio
2026-04-03 02:27:46.016 INFO Calculating metric: range_constraint_violation_ratio
2026-04-03 02:27:46.019 INFO Calculating metric: range_constraint_violation_ratio_mandatory
2026-04-03 02:27:46.021 INFO Calculating metric: range_constraint_violation_ratio_regular
2026-04-03 02:27:46.023 INFO Calculating metric: range_constraint_violation_ratio_suggestion
2026-04-03 02:27:46.027 INFO Calculating metric: subject_constraint_completeness
2026-04-03 02:27:46.030 INFO Calculating metric: range_constraint_completeness
2026-04-03 02:27:46.032 INFO Calculating metric: range_constraint_completeness_mandatory
2026-04-03 02:27:46.034 INFO Calculating metric: range_constraint_completeness_regular
2026-04-03 02:27:46.037 INFO Calculating metric: range_constraint_completeness_suggestion
2026-04-03 02:27:46.039 INFO Memory usage (end of timestep): 181.16 GB
2026-04-03 02:27:46.039 INFO (Iteration 102) subject_constraint_violation_count: real 274.08s | cpu 284.26s
2026-04-03 02:27:46.039 INFO (Iteration 102) statement_count_property_subject: real 20.18s | cpu 27.57s
2026-04-03 02:27:46.039 INFO (Iteration 102) subject_constraint_violation_total: real 0.01s | cpu 0.00s
2026-04-03 02:27:46.039 INFO (Iteration 102) subject_constraint_violation_ratio: real 0.00s | cpu 0.00s
2026-04-03 02:27:46.039 INFO (Iteration 102) subject_constraint_completeness: real 0.00s | cpu 0.00s
2026-04-03 02:27:46.039 INFO (Iteration 102) range_constraint_violation_count: real 17.14s | cpu 19.89s
2026-04-03 02:27:46.039 INFO (Iteration 102) range_constraint_violation_count_mandatory: real 2.00s | cpu 3.85s
2026-04-03 02:27:46.039 INFO (Iteration 102) range_constraint_violation_count_regular: real 13.57s | cpu 16.05s
2026-04-03 02:27:46.039 INFO (Iteration 102) range_constraint_violation_count_suggestion: real 1.69s | cpu 3.53s
2026-04-03 02:27:46.039 INFO (Iteration 102) statement_count_property_range_all: real 0.17s | cpu 2.40s
2026-04-03 02:27:46.039 INFO (Iteration 102) statement_count_property_range_mandatory: real 0.13s | cpu 1.87s
2026-04-03 02:27:46.039 INFO (Iteration 102) statement_count_property_range_regular: real 0.13s | cpu 1.93s
2026-04-03 02:27:46.039 INFO (Iteration 102) statement_count_property_range_suggestion: real 0.12s | cpu 1.82s
2026-04-03 02:27:46.039 INFO (Iteration 102) range_constraint_violation_total_all: real 0.00s | cpu 0.00s
2026-04-03 02:27:46.039 INFO (Iteration 102) range_constraint_violation_ratio: real 0.00s | cpu 0.00s
2026-04-03 02:27:46.039 INFO (Iteration 102) range_constraint_completeness: real 0.00s | cpu 0.00s
2026-04-03 02:27:46.039 INFO (Iteration 102) range_constraint_violation_total_mandatory: real 0.00s | cpu 0.00s
2026-04-03 02:27:46.039 INFO (Iteration 102) range_constraint_violation_ratio_mandatory: real 0.00s | cpu 0.00s
2026-04-03 02:27:46.039 INFO (Iteration 102) range_constraint_completeness_mandatory: real 0.00s | cpu 0.00s
2026-04-03 02:27:46.039 INFO (Iteration 102) range_constraint_violation_total_regular: real 0.00s | cpu 0.00s
2026-04-03 02:27:46.039 INFO (Iteration 102) range_constraint_violation_ratio_regular: real 0.00s | cpu 0.00s
2026-04-03 02:27:46.039 INFO (Iteration 102) range_constraint_completeness_regular: real 0.00s | cpu 0.00s
2026-04-03 02:27:46.039 INFO (Iteration 102) range_constraint_violation_total_suggestion: real 0.00s | cpu 0.00s
2026-04-03 02:27:46.039 INFO (Iteration 102) range_constraint_violation_ratio_suggestion: real 0.00s | cpu 0.00s
2026-04-03 02:27:46.039 INFO (Iteration 102) range_constraint_completeness_suggestion: real 0.00s | cpu 0.00s
2026-04-03 02:27:46.039 INFO Iteration 102 finished in 703.74s (real) and 591.32s (process)
2026-04-03 02:27:46.039 INFO Start timestep 2021-04-15 00:00:00+00:00 -> 2021-05-15 00:00:00+00:00
2026-04-03 02:33:51.383 INFO Loading data (2021-04-15 00:00:00+00:00 -> 2021-05-15 00:00:00+00:00) done in 365.34s (real) and 220.60s (process)
2026-04-03 02:33:51.395 INFO Memory usage (start of timestep): 181.16 GB
2026-04-03 02:33:51.395 INFO Calculating metrics
2026-04-03 02:33:51.395 INFO Calculating metric: subject_constraint_violation_count
2026-04-03 03:06:42.539 INFO [subject_constraint_violation_count] processed rows=25675275, result_rows=1526
2026-04-03 03:06:46.449 INFO Calculating metric: statement_count_property_subject
2026-04-03 03:07:06.105 INFO Calculating metric: range_constraint_violation_count
2026-04-03 03:07:20.536 INFO Calculating metric: range_constraint_violation_count_mandatory
2026-04-03 03:07:22.759 INFO Calculating metric: range_constraint_violation_count_regular
2026-04-03 03:07:34.567 INFO Calculating metric: range_constraint_violation_count_suggestion
2026-04-03 03:07:35.024 INFO Calculating metric: statement_count_property_range_all
2026-04-03 03:07:35.172 INFO Calculating metric: statement_count_property_range_mandatory
2026-04-03 03:07:35.298 INFO Calculating metric: statement_count_property_range_regular
2026-04-03 03:07:35.426 INFO Calculating metric: statement_count_property_range_suggestion
2026-04-03 03:07:35.547 INFO Calculating metric: subject_constraint_violation_total
2026-04-03 03:07:35.550 INFO Calculating metric: range_constraint_violation_total_all
2026-04-03 03:07:35.552 INFO Calculating metric: range_constraint_violation_total_mandatory
2026-04-03 03:07:35.554 INFO Calculating metric: range_constraint_violation_total_regular
2026-04-03 03:07:35.556 INFO Calculating metric: range_constraint_violation_total_suggestion
2026-04-03 03:07:35.559 INFO Calculating metric: subject_constraint_violation_ratio
2026-04-03 03:07:35.561 INFO Calculating metric: range_constraint_violation_ratio
2026-04-03 03:07:35.563 INFO Calculating metric: range_constraint_violation_ratio_mandatory
2026-04-03 03:07:35.564 INFO Calculating metric: range_constraint_violation_ratio_regular
2026-04-03 03:07:35.566 INFO Calculating metric: range_constraint_violation_ratio_suggestion
2026-04-03 03:07:35.568 INFO Calculating metric: subject_constraint_completeness
2026-04-03 03:07:35.570 INFO Calculating metric: range_constraint_completeness
2026-04-03 03:07:35.572 INFO Calculating metric: range_constraint_completeness_mandatory
2026-04-03 03:07:35.573 INFO Calculating metric: range_constraint_completeness_regular
2026-04-03 03:07:35.575 INFO Calculating metric: range_constraint_completeness_suggestion
2026-04-03 03:07:35.577 INFO Memory usage (end of timestep): 181.16 GB
2026-04-03 03:07:35.577 INFO (Iteration 103) subject_constraint_violation_count: real 1975.05s | cpu 1986.84s
2026-04-03 03:07:35.577 INFO (Iteration 103) statement_count_property_subject: real 19.65s | cpu 28.57s
2026-04-03 03:07:35.577 INFO (Iteration 103) subject_constraint_violation_total: real 0.00s | cpu 0.00s
2026-04-03 03:07:35.577 INFO (Iteration 103) subject_constraint_violation_ratio: real 0.00s | cpu 0.00s
2026-04-03 03:07:35.577 INFO (Iteration 103) subject_constraint_completeness: real 0.00s | cpu 0.00s
2026-04-03 03:07:35.577 INFO (Iteration 103) range_constraint_violation_count: real 14.43s | cpu 17.15s
2026-04-03 03:07:35.577 INFO (Iteration 103) range_constraint_violation_count_mandatory: real 2.22s | cpu 4.09s
2026-04-03 03:07:35.577 INFO (Iteration 103) range_constraint_violation_count_regular: real 11.81s | cpu 13.91s
2026-04-03 03:07:35.577 INFO (Iteration 103) range_constraint_violation_count_suggestion: real 0.46s | cpu 2.46s
2026-04-03 03:07:35.577 INFO (Iteration 103) statement_count_property_range_all: real 0.15s | cpu 2.11s
2026-04-03 03:07:35.577 INFO (Iteration 103) statement_count_property_range_mandatory: real 0.13s | cpu 1.82s
2026-04-03 03:07:35.577 INFO (Iteration 103) statement_count_property_range_regular: real 0.13s | cpu 1.89s
2026-04-03 03:07:35.577 INFO (Iteration 103) statement_count_property_range_suggestion: real 0.12s | cpu 1.77s
2026-04-03 03:07:35.577 INFO (Iteration 103) range_constraint_violation_total_all: real 0.00s | cpu 0.00s
2026-04-03 03:07:35.577 INFO (Iteration 103) range_constraint_violation_ratio: real 0.00s | cpu 0.00s
2026-04-03 03:07:35.577 INFO (Iteration 103) range_constraint_completeness: real 0.00s | cpu 0.00s
2026-04-03 03:07:35.577 INFO (Iteration 103) range_constraint_violation_total_mandatory: real 0.00s | cpu 0.00s
2026-04-03 03:07:35.577 INFO (Iteration 103) range_constraint_violation_ratio_mandatory: real 0.00s | cpu 0.00s
2026-04-03 03:07:35.577 INFO (Iteration 103) range_constraint_completeness_mandatory: real 0.00s | cpu 0.00s
2026-04-03 03:07:35.577 INFO (Iteration 103) range_constraint_violation_total_regular: real 0.00s | cpu 0.00s
2026-04-03 03:07:35.577 INFO (Iteration 103) range_constraint_violation_ratio_regular: real 0.00s | cpu 0.00s
2026-04-03 03:07:35.577 INFO (Iteration 103) range_constraint_completeness_regular: real 0.00s | cpu 0.00s
2026-04-03 03:07:35.577 INFO (Iteration 103) range_constraint_violation_total_suggestion: real 0.00s | cpu 0.00s
2026-04-03 03:07:35.577 INFO (Iteration 103) range_constraint_violation_ratio_suggestion: real 0.00s | cpu 0.00s
2026-04-03 03:07:35.577 INFO (Iteration 103) range_constraint_completeness_suggestion: real 0.00s | cpu 0.00s
2026-04-03 03:07:35.577 INFO Iteration 103 finished in 2389.54s (real) and 2281.23s (process)
2026-04-03 03:07:35.577 INFO Start timestep 2021-05-15 00:00:00+00:00 -> 2021-06-14 00:00:00+00:00
2026-04-03 03:09:33.753 INFO Loading data (2021-05-15 00:00:00+00:00 -> 2021-06-14 00:00:00+00:00) done in 118.18s (real) and 74.20s (process)
2026-04-03 03:09:33.766 INFO Memory usage (start of timestep): 181.16 GB
2026-04-03 03:09:33.766 INFO Calculating metrics
2026-04-03 03:09:33.767 INFO Calculating metric: subject_constraint_violation_count
2026-04-03 03:14:12.709 INFO [subject_constraint_violation_count] processed rows=8715530, result_rows=1429
2026-04-03 03:14:16.840 INFO Calculating metric: statement_count_property_subject
2026-04-03 03:14:23.488 INFO Calculating metric: range_constraint_violation_count
2026-04-03 03:14:36.638 INFO Calculating metric: range_constraint_violation_count_mandatory
2026-04-03 03:14:37.835 INFO Calculating metric: range_constraint_violation_count_regular
2026-04-03 03:14:49.479 INFO Calculating metric: range_constraint_violation_count_suggestion
2026-04-03 03:14:49.718 INFO Calculating metric: statement_count_property_range_all
2026-04-03 03:14:49.793 INFO Calculating metric: statement_count_property_range_mandatory
2026-04-03 03:14:49.843 INFO Calculating metric: statement_count_property_range_regular
2026-04-03 03:14:49.896 INFO Calculating metric: statement_count_property_range_suggestion
2026-04-03 03:14:49.943 INFO Calculating metric: subject_constraint_violation_total
2026-04-03 03:14:49.947 INFO Calculating metric: range_constraint_violation_total_all
2026-04-03 03:14:49.949 INFO Calculating metric: range_constraint_violation_total_mandatory
2026-04-03 03:14:49.952 INFO Calculating metric: range_constraint_violation_total_regular
2026-04-03 03:14:49.954 INFO Calculating metric: range_constraint_violation_total_suggestion
2026-04-03 03:14:49.956 INFO Calculating metric: subject_constraint_violation_ratio
2026-04-03 03:14:49.959 INFO Calculating metric: range_constraint_violation_ratio
2026-04-03 03:14:49.961 INFO Calculating metric: range_constraint_violation_ratio_mandatory
2026-04-03 03:14:49.963 INFO Calculating metric: range_constraint_violation_ratio_regular
2026-04-03 03:14:49.965 INFO Calculating metric: range_constraint_violation_ratio_suggestion
2026-04-03 03:14:49.968 INFO Calculating metric: subject_constraint_completeness
2026-04-03 03:14:49.970 INFO Calculating metric: range_constraint_completeness
2026-04-03 03:14:49.972 INFO Calculating metric: range_constraint_completeness_mandatory
2026-04-03 03:14:49.975 INFO Calculating metric: range_constraint_completeness_regular
2026-04-03 03:14:49.977 INFO Calculating metric: range_constraint_completeness_suggestion
2026-04-03 03:14:49.979 INFO Memory usage (end of timestep): 181.16 GB
2026-04-03 03:14:49.979 INFO (Iteration 104) subject_constraint_violation_count: real 283.07s | cpu 287.20s
2026-04-03 03:14:49.980 INFO (Iteration 104) statement_count_property_subject: real 6.65s | cpu 10.38s
2026-04-03 03:14:49.980 INFO (Iteration 104) subject_constraint_violation_total: real 0.00s | cpu 0.00s
2026-04-03 03:14:49.980 INFO (Iteration 104) subject_constraint_violation_ratio: real 0.00s | cpu 0.00s
2026-04-03 03:14:49.980 INFO (Iteration 104) subject_constraint_completeness: real 0.00s | cpu 0.00s
2026-04-03 03:14:49.980 INFO (Iteration 104) range_constraint_violation_count: real 13.15s | cpu 14.53s
2026-04-03 03:14:49.980 INFO (Iteration 104) range_constraint_violation_count_mandatory: real 1.20s | cpu 2.11s
2026-04-03 03:14:49.980 INFO (Iteration 104) range_constraint_violation_count_regular: real 11.64s | cpu 12.89s
2026-04-03 03:14:49.980 INFO (Iteration 104) range_constraint_violation_count_suggestion: real 0.24s | cpu 1.06s
2026-04-03 03:14:49.980 INFO (Iteration 104) statement_count_property_range_all: real 0.07s | cpu 1.02s
2026-04-03 03:14:49.980 INFO (Iteration 104) statement_count_property_range_mandatory: real 0.05s | cpu 0.67s
2026-04-03 03:14:49.980 INFO (Iteration 104) statement_count_property_range_regular: real 0.05s | cpu 0.70s
2026-04-03 03:14:49.980 INFO (Iteration 104) statement_count_property_range_suggestion: real 0.05s | cpu 0.64s
2026-04-03 03:14:49.980 INFO (Iteration 104) range_constraint_violation_total_all: real 0.00s | cpu 0.00s
2026-04-03 03:14:49.980 INFO (Iteration 104) range_constraint_violation_ratio: real 0.00s | cpu 0.00s
2026-04-03 03:14:49.980 INFO (Iteration 104) range_constraint_completeness: real 0.00s | cpu 0.00s
2026-04-03 03:14:49.980 INFO (Iteration 104) range_constraint_violation_total_mandatory: real 0.00s | cpu 0.00s
2026-04-03 03:14:49.980 INFO (Iteration 104) range_constraint_violation_ratio_mandatory: real 0.00s | cpu 0.00s
2026-04-03 03:14:49.980 INFO (Iteration 104) range_constraint_completeness_mandatory: real 0.00s | cpu 0.00s
2026-04-03 03:14:49.980 INFO (Iteration 104) range_constraint_violation_total_regular: real 0.00s | cpu 0.00s
2026-04-03 03:14:49.980 INFO (Iteration 104) range_constraint_violation_ratio_regular: real 0.00s | cpu 0.00s
2026-04-03 03:14:49.980 INFO (Iteration 104) range_constraint_completeness_regular: real 0.00s | cpu 0.00s
2026-04-03 03:14:49.980 INFO (Iteration 104) range_constraint_violation_total_suggestion: real 0.00s | cpu 0.00s
2026-04-03 03:14:49.980 INFO (Iteration 104) range_constraint_violation_ratio_suggestion: real 0.00s | cpu 0.00s
2026-04-03 03:14:49.980 INFO (Iteration 104) range_constraint_completeness_suggestion: real 0.00s | cpu 0.00s
2026-04-03 03:14:49.980 INFO Iteration 104 finished in 434.40s (real) and 405.41s (process)
2026-04-03 03:14:49.980 INFO Start timestep 2021-06-14 00:00:00+00:00 -> 2021-07-14 00:00:00+00:00
2026-04-03 03:18:19.578 INFO Loading data (2021-06-14 00:00:00+00:00 -> 2021-07-14 00:00:00+00:00) done in 209.60s (real) and 166.51s (process)
2026-04-03 03:18:19.589 INFO Memory usage (start of timestep): 181.16 GB
2026-04-03 03:18:19.589 INFO Calculating metrics
2026-04-03 03:18:19.589 INFO Calculating metric: subject_constraint_violation_count
2026-04-03 03:48:50.556 INFO [subject_constraint_violation_count] processed rows=17093970, result_rows=1525
2026-04-03 03:48:54.486 INFO Calculating metric: statement_count_property_subject
2026-04-03 03:49:07.600 INFO Calculating metric: range_constraint_violation_count
2026-04-03 03:49:27.522 INFO Calculating metric: range_constraint_violation_count_mandatory
2026-04-03 03:49:30.468 INFO Calculating metric: range_constraint_violation_count_regular
2026-04-03 03:49:47.190 INFO Calculating metric: range_constraint_violation_count_suggestion
2026-04-03 03:49:47.455 INFO Calculating metric: statement_count_property_range_all
2026-04-03 03:49:47.561 INFO Calculating metric: statement_count_property_range_mandatory
2026-04-03 03:49:47.651 INFO Calculating metric: statement_count_property_range_regular
2026-04-03 03:49:47.743 INFO Calculating metric: statement_count_property_range_suggestion
2026-04-03 03:49:47.832 INFO Calculating metric: subject_constraint_violation_total
2026-04-03 03:49:47.835 INFO Calculating metric: range_constraint_violation_total_all
2026-04-03 03:49:47.838 INFO Calculating metric: range_constraint_violation_total_mandatory
2026-04-03 03:49:47.840 INFO Calculating metric: range_constraint_violation_total_regular
2026-04-03 03:49:47.843 INFO Calculating metric: range_constraint_violation_total_suggestion
2026-04-03 03:49:47.845 INFO Calculating metric: subject_constraint_violation_ratio
2026-04-03 03:49:47.848 INFO Calculating metric: range_constraint_violation_ratio
2026-04-03 03:49:47.850 INFO Calculating metric: range_constraint_violation_ratio_mandatory
2026-04-03 03:49:47.853 INFO Calculating metric: range_constraint_violation_ratio_regular
2026-04-03 03:49:47.855 INFO Calculating metric: range_constraint_violation_ratio_suggestion
2026-04-03 03:49:47.857 INFO Calculating metric: subject_constraint_completeness
2026-04-03 03:49:47.861 INFO Calculating metric: range_constraint_completeness
2026-04-03 03:49:47.868 INFO Calculating metric: range_constraint_completeness_mandatory
2026-04-03 03:49:47.872 INFO Calculating metric: range_constraint_completeness_regular
2026-04-03 03:49:47.877 INFO Calculating metric: range_constraint_completeness_suggestion
2026-04-03 03:49:47.880 INFO Memory usage (end of timestep): 181.16 GB
2026-04-03 03:49:47.880 INFO (Iteration 105) subject_constraint_violation_count: real 1834.90s | cpu 1843.85s
2026-04-03 03:49:47.880 INFO (Iteration 105) statement_count_property_subject: real 13.11s | cpu 20.07s
2026-04-03 03:49:47.880 INFO (Iteration 105) subject_constraint_violation_total: real 0.00s | cpu 0.00s
2026-04-03 03:49:47.880 INFO (Iteration 105) subject_constraint_violation_ratio: real 0.00s | cpu 0.00s
2026-04-03 03:49:47.880 INFO (Iteration 105) subject_constraint_completeness: real 0.00s | cpu 0.00s
2026-04-03 03:49:47.880 INFO (Iteration 105) range_constraint_violation_count: real 19.92s | cpu 22.14s
2026-04-03 03:49:47.880 INFO (Iteration 105) range_constraint_violation_count_mandatory: real 2.95s | cpu 4.64s
2026-04-03 03:49:47.880 INFO (Iteration 105) range_constraint_violation_count_regular: real 16.72s | cpu 18.73s
2026-04-03 03:49:47.880 INFO (Iteration 105) range_constraint_violation_count_suggestion: real 0.26s | cpu 1.55s
2026-04-03 03:49:47.880 INFO (Iteration 105) statement_count_property_range_all: real 0.11s | cpu 1.50s
2026-04-03 03:49:47.880 INFO (Iteration 105) statement_count_property_range_mandatory: real 0.09s | cpu 1.27s
2026-04-03 03:49:47.880 INFO (Iteration 105) statement_count_property_range_regular: real 0.09s | cpu 1.30s
2026-04-03 03:49:47.880 INFO (Iteration 105) statement_count_property_range_suggestion: real 0.09s | cpu 1.23s
2026-04-03 03:49:47.880 INFO (Iteration 105) range_constraint_violation_total_all: real 0.00s | cpu 0.00s
2026-04-03 03:49:47.880 INFO (Iteration 105) range_constraint_violation_ratio: real 0.00s | cpu 0.00s
2026-04-03 03:49:47.881 INFO (Iteration 105) range_constraint_completeness: real 0.01s | cpu 0.00s
2026-04-03 03:49:47.881 INFO (Iteration 105) range_constraint_violation_total_mandatory: real 0.00s | cpu 0.00s
2026-04-03 03:49:47.881 INFO (Iteration 105) range_constraint_violation_ratio_mandatory: real 0.00s | cpu 0.00s
2026-04-03 03:49:47.881 INFO (Iteration 105) range_constraint_completeness_mandatory: real 0.00s | cpu 0.00s
2026-04-03 03:49:47.881 INFO (Iteration 105) range_constraint_violation_total_regular: real 0.00s | cpu 0.00s
2026-04-03 03:49:47.881 INFO (Iteration 105) range_constraint_violation_ratio_regular: real 0.00s | cpu 0.00s
2026-04-03 03:49:47.881 INFO (Iteration 105) range_constraint_completeness_regular: real 0.00s | cpu 0.00s
2026-04-03 03:49:47.881 INFO (Iteration 105) range_constraint_violation_total_suggestion: real 0.00s | cpu 0.00s
2026-04-03 03:49:47.881 INFO (Iteration 105) range_constraint_violation_ratio_suggestion: real 0.00s | cpu 0.00s
2026-04-03 03:49:47.881 INFO (Iteration 105) range_constraint_completeness_suggestion: real 0.00s | cpu 0.00s
2026-04-03 03:49:47.881 INFO Iteration 105 finished in 2097.90s (real) and 2082.79s (process)
2026-04-03 03:49:47.881 INFO Start timestep 2021-07-14 00:00:00+00:00 -> 2021-08-13 00:00:00+00:00
2026-04-03 03:52:54.714 INFO Loading data (2021-07-14 00:00:00+00:00 -> 2021-08-13 00:00:00+00:00) done in 186.83s (real) and 112.94s (process)
2026-04-03 03:52:54.714 INFO Memory usage (start of timestep): 181.16 GB
2026-04-03 03:52:54.714 INFO Calculating metrics
2026-04-03 03:52:54.714 INFO Calculating metric: subject_constraint_violation_count
2026-04-03 04:00:12.521 INFO [subject_constraint_violation_count] processed rows=13739105, result_rows=1509
2026-04-03 04:00:16.253 INFO Calculating metric: statement_count_property_subject
2026-04-03 04:00:26.673 INFO Calculating metric: range_constraint_violation_count
2026-04-03 04:00:36.542 INFO Calculating metric: range_constraint_violation_count_mandatory
2026-04-03 04:00:37.719 INFO Calculating metric: range_constraint_violation_count_regular
2026-04-03 04:00:45.969 INFO Calculating metric: range_constraint_violation_count_suggestion
2026-04-03 04:00:46.548 INFO Calculating metric: statement_count_property_range_all
2026-04-03 04:00:46.653 INFO Calculating metric: statement_count_property_range_mandatory
2026-04-03 04:00:46.728 INFO Calculating metric: statement_count_property_range_regular
2026-04-03 04:00:46.805 INFO Calculating metric: statement_count_property_range_suggestion
2026-04-03 04:00:46.878 INFO Calculating metric: subject_constraint_violation_total
2026-04-03 04:00:46.881 INFO Calculating metric: range_constraint_violation_total_all
2026-04-03 04:00:46.884 INFO Calculating metric: range_constraint_violation_total_mandatory
2026-04-03 04:00:46.887 INFO Calculating metric: range_constraint_violation_total_regular
2026-04-03 04:00:46.889 INFO Calculating metric: range_constraint_violation_total_suggestion
2026-04-03 04:00:46.891 INFO Calculating metric: subject_constraint_violation_ratio
2026-04-03 04:00:46.894 INFO Calculating metric: range_constraint_violation_ratio
2026-04-03 04:00:46.896 INFO Calculating metric: range_constraint_violation_ratio_mandatory
2026-04-03 04:00:46.898 INFO Calculating metric: range_constraint_violation_ratio_regular
2026-04-03 04:00:46.900 INFO Calculating metric: range_constraint_violation_ratio_suggestion
2026-04-03 04:00:46.902 INFO Calculating metric: subject_constraint_completeness
2026-04-03 04:00:46.904 INFO Calculating metric: range_constraint_completeness
2026-04-03 04:00:46.907 INFO Calculating metric: range_constraint_completeness_mandatory
2026-04-03 04:00:46.909 INFO Calculating metric: range_constraint_completeness_regular
2026-04-03 04:00:46.911 INFO Calculating metric: range_constraint_completeness_suggestion
2026-04-03 04:00:46.914 INFO Memory usage (end of timestep): 181.16 GB
2026-04-03 04:00:46.914 INFO (Iteration 106) subject_constraint_violation_count: real 441.54s | cpu 447.95s
2026-04-03 04:00:46.914 INFO (Iteration 106) statement_count_property_subject: real 10.42s | cpu 16.61s
2026-04-03 04:00:46.915 INFO (Iteration 106) subject_constraint_violation_total: real 0.00s | cpu 0.00s
2026-04-03 04:00:46.915 INFO (Iteration 106) subject_constraint_violation_ratio: real 0.00s | cpu 0.00s
2026-04-03 04:00:46.915 INFO (Iteration 106) subject_constraint_completeness: real 0.00s | cpu 0.00s
2026-04-03 04:00:46.915 INFO (Iteration 106) range_constraint_violation_count: real 9.87s | cpu 11.66s
2026-04-03 04:00:46.915 INFO (Iteration 106) range_constraint_violation_count_mandatory: real 1.18s | cpu 2.53s
2026-04-03 04:00:46.915 INFO (Iteration 106) range_constraint_violation_count_regular: real 8.25s | cpu 9.77s
2026-04-03 04:00:46.915 INFO (Iteration 106) range_constraint_violation_count_suggestion: real 0.58s | cpu 1.76s
2026-04-03 04:00:46.915 INFO (Iteration 106) statement_count_property_range_all: real 0.10s | cpu 1.42s
2026-04-03 04:00:46.915 INFO (Iteration 106) statement_count_property_range_mandatory: real 0.07s | cpu 1.05s
2026-04-03 04:00:46.915 INFO (Iteration 106) statement_count_property_range_regular: real 0.08s | cpu 1.09s
2026-04-03 04:00:46.915 INFO (Iteration 106) statement_count_property_range_suggestion: real 0.07s | cpu 1.03s
2026-04-03 04:00:46.915 INFO (Iteration 106) range_constraint_violation_total_all: real 0.00s | cpu 0.00s
2026-04-03 04:00:46.915 INFO (Iteration 106) range_constraint_violation_ratio: real 0.00s | cpu 0.00s
2026-04-03 04:00:46.915 INFO (Iteration 106) range_constraint_completeness: real 0.00s | cpu 0.00s
2026-04-03 04:00:46.915 INFO (Iteration 106) range_constraint_violation_total_mandatory: real 0.00s | cpu 0.00s
2026-04-03 04:00:46.915 INFO (Iteration 106) range_constraint_violation_ratio_mandatory: real 0.00s | cpu 0.00s
2026-04-03 04:00:46.915 INFO (Iteration 106) range_constraint_completeness_mandatory: real 0.00s | cpu 0.00s
2026-04-03 04:00:46.915 INFO (Iteration 106) range_constraint_violation_total_regular: real 0.00s | cpu 0.00s
2026-04-03 04:00:46.915 INFO (Iteration 106) range_constraint_violation_ratio_regular: real 0.00s | cpu 0.00s
2026-04-03 04:00:46.915 INFO (Iteration 106) range_constraint_completeness_regular: real 0.00s | cpu 0.00s
2026-04-03 04:00:46.915 INFO (Iteration 106) range_constraint_violation_total_suggestion: real 0.00s | cpu 0.00s
2026-04-03 04:00:46.915 INFO (Iteration 106) range_constraint_violation_ratio_suggestion: real 0.00s | cpu 0.00s
2026-04-03 04:00:46.915 INFO (Iteration 106) range_constraint_completeness_suggestion: real 0.00s | cpu 0.00s
2026-04-03 04:00:46.915 INFO Iteration 106 finished in 659.03s (real) and 607.82s (process)
2026-04-03 04:00:46.916 INFO Start timestep 2021-08-13 00:00:00+00:00 -> 2021-09-12 00:00:00+00:00
2026-04-03 04:05:18.204 INFO Loading data (2021-08-13 00:00:00+00:00 -> 2021-09-12 00:00:00+00:00) done in 271.29s (real) and 165.16s (process)
2026-04-03 04:05:18.213 INFO Memory usage (start of timestep): 181.16 GB
2026-04-03 04:05:18.213 INFO Calculating metrics
2026-04-03 04:05:18.214 INFO Calculating metric: subject_constraint_violation_count
2026-04-03 04:17:31.657 INFO [subject_constraint_violation_count] processed rows=20299579, result_rows=1512
2026-04-03 04:17:36.076 INFO Calculating metric: statement_count_property_subject
2026-04-03 04:17:51.758 INFO Calculating metric: range_constraint_violation_count
2026-04-03 04:18:08.578 INFO Calculating metric: range_constraint_violation_count_mandatory
2026-04-03 04:18:09.742 INFO Calculating metric: range_constraint_violation_count_regular
2026-04-03 04:18:24.926 INFO Calculating metric: range_constraint_violation_count_suggestion
2026-04-03 04:18:25.434 INFO Calculating metric: statement_count_property_range_all
2026-04-03 04:18:25.549 INFO Calculating metric: statement_count_property_range_mandatory
2026-04-03 04:18:25.646 INFO Calculating metric: statement_count_property_range_regular
2026-04-03 04:18:25.751 INFO Calculating metric: statement_count_property_range_suggestion
2026-04-03 04:18:25.847 INFO Calculating metric: subject_constraint_violation_total
2026-04-03 04:18:25.850 INFO Calculating metric: range_constraint_violation_total_all
2026-04-03 04:18:25.852 INFO Calculating metric: range_constraint_violation_total_mandatory
2026-04-03 04:18:25.855 INFO Calculating metric: range_constraint_violation_total_regular
2026-04-03 04:18:25.858 INFO Calculating metric: range_constraint_violation_total_suggestion
2026-04-03 04:18:25.860 INFO Calculating metric: subject_constraint_violation_ratio
2026-04-03 04:18:25.863 INFO Calculating metric: range_constraint_violation_ratio
2026-04-03 04:18:25.865 INFO Calculating metric: range_constraint_violation_ratio_mandatory
2026-04-03 04:18:25.867 INFO Calculating metric: range_constraint_violation_ratio_regular
2026-04-03 04:18:25.870 INFO Calculating metric: range_constraint_violation_ratio_suggestion
2026-04-03 04:18:25.872 INFO Calculating metric: subject_constraint_completeness
2026-04-03 04:18:25.875 INFO Calculating metric: range_constraint_completeness
2026-04-03 04:18:25.878 INFO Calculating metric: range_constraint_completeness_mandatory
2026-04-03 04:18:25.880 INFO Calculating metric: range_constraint_completeness_regular
2026-04-03 04:18:25.882 INFO Calculating metric: range_constraint_completeness_suggestion
2026-04-03 04:18:25.885 INFO Memory usage (end of timestep): 181.16 GB
2026-04-03 04:18:25.885 INFO (Iteration 107) subject_constraint_violation_count: real 737.86s | cpu 746.36s
2026-04-03 04:18:25.885 INFO (Iteration 107) statement_count_property_subject: real 15.68s | cpu 22.51s
2026-04-03 04:18:25.885 INFO (Iteration 107) subject_constraint_violation_total: real 0.00s | cpu 0.00s
2026-04-03 04:18:25.885 INFO (Iteration 107) subject_constraint_violation_ratio: real 0.00s | cpu 0.00s
2026-04-03 04:18:25.885 INFO (Iteration 107) subject_constraint_completeness: real 0.00s | cpu 0.00s
2026-04-03 04:18:25.885 INFO (Iteration 107) range_constraint_violation_count: real 16.82s | cpu 19.00s
2026-04-03 04:18:25.885 INFO (Iteration 107) range_constraint_violation_count_mandatory: real 1.16s | cpu 2.64s
2026-04-03 04:18:25.885 INFO (Iteration 107) range_constraint_violation_count_regular: real 15.18s | cpu 17.07s
2026-04-03 04:18:25.885 INFO (Iteration 107) range_constraint_violation_count_suggestion: real 0.51s | cpu 2.08s
2026-04-03 04:18:25.885 INFO (Iteration 107) statement_count_property_range_all: real 0.11s | cpu 1.56s
2026-04-03 04:18:25.885 INFO (Iteration 107) statement_count_property_range_mandatory: real 0.10s | cpu 1.41s
2026-04-03 04:18:25.885 INFO (Iteration 107) statement_count_property_range_regular: real 0.10s | cpu 1.45s
2026-04-03 04:18:25.885 INFO (Iteration 107) statement_count_property_range_suggestion: real 0.10s | cpu 1.38s
2026-04-03 04:18:25.885 INFO (Iteration 107) range_constraint_violation_total_all: real 0.00s | cpu 0.00s
2026-04-03 04:18:25.885 INFO (Iteration 107) range_constraint_violation_ratio: real 0.00s | cpu 0.00s
2026-04-03 04:18:25.885 INFO (Iteration 107) range_constraint_completeness: real 0.00s | cpu 0.00s
2026-04-03 04:18:25.885 INFO (Iteration 107) range_constraint_violation_total_mandatory: real 0.00s | cpu 0.00s
2026-04-03 04:18:25.885 INFO (Iteration 107) range_constraint_violation_ratio_mandatory: real 0.00s | cpu 0.00s
2026-04-03 04:18:25.885 INFO (Iteration 107) range_constraint_completeness_mandatory: real 0.00s | cpu 0.00s
2026-04-03 04:18:25.885 INFO (Iteration 107) range_constraint_violation_total_regular: real 0.00s | cpu 0.00s
2026-04-03 04:18:25.885 INFO (Iteration 107) range_constraint_violation_ratio_regular: real 0.00s | cpu 0.00s
2026-04-03 04:18:25.885 INFO (Iteration 107) range_constraint_completeness_regular: real 0.00s | cpu 0.00s
2026-04-03 04:18:25.885 INFO (Iteration 107) range_constraint_violation_total_suggestion: real 0.00s | cpu 0.00s
2026-04-03 04:18:25.885 INFO (Iteration 107) range_constraint_violation_ratio_suggestion: real 0.00s | cpu 0.00s
2026-04-03 04:18:25.885 INFO (Iteration 107) range_constraint_completeness_suggestion: real 0.00s | cpu 0.00s
2026-04-03 04:18:25.885 INFO Iteration 107 finished in 1058.97s (real) and 980.62s (process)
2026-04-03 04:18:25.885 INFO Start timestep 2021-09-12 00:00:00+00:00 -> 2021-10-12 00:00:00+00:00
2026-04-03 04:19:33.859 INFO Loading data (2021-09-12 00:00:00+00:00 -> 2021-10-12 00:00:00+00:00) done in 67.97s (real) and 42.60s (process)
2026-04-03 04:19:33.868 INFO Memory usage (start of timestep): 181.16 GB
2026-04-03 04:19:33.868 INFO Calculating metrics
2026-04-03 04:19:33.868 INFO Calculating metric: subject_constraint_violation_count
2026-04-03 04:29:23.408 INFO [subject_constraint_violation_count] processed rows=4705702, result_rows=1546
2026-04-03 04:29:27.994 INFO Calculating metric: statement_count_property_subject
2026-04-03 04:29:31.665 INFO Calculating metric: range_constraint_violation_count
2026-04-03 04:29:46.099 INFO Calculating metric: range_constraint_violation_count_mandatory
2026-04-03 04:29:48.252 INFO Calculating metric: range_constraint_violation_count_regular
2026-04-03 04:29:59.621 INFO Calculating metric: range_constraint_violation_count_suggestion
2026-04-03 04:30:00.518 INFO Calculating metric: statement_count_property_range_all
2026-04-03 04:30:00.585 INFO Calculating metric: statement_count_property_range_mandatory
2026-04-03 04:30:00.620 INFO Calculating metric: statement_count_property_range_regular
2026-04-03 04:30:00.657 INFO Calculating metric: statement_count_property_range_suggestion
2026-04-03 04:30:00.689 INFO Calculating metric: subject_constraint_violation_total
2026-04-03 04:30:00.695 INFO Calculating metric: range_constraint_violation_total_all
2026-04-03 04:30:00.700 INFO Calculating metric: range_constraint_violation_total_mandatory
2026-04-03 04:30:00.705 INFO Calculating metric: range_constraint_violation_total_regular
2026-04-03 04:30:00.709 INFO Calculating metric: range_constraint_violation_total_suggestion
2026-04-03 04:30:00.714 INFO Calculating metric: subject_constraint_violation_ratio
2026-04-03 04:30:00.717 INFO Calculating metric: range_constraint_violation_ratio
2026-04-03 04:30:00.720 INFO Calculating metric: range_constraint_violation_ratio_mandatory
2026-04-03 04:30:00.722 INFO Calculating metric: range_constraint_violation_ratio_regular
2026-04-03 04:30:00.725 INFO Calculating metric: range_constraint_violation_ratio_suggestion
2026-04-03 04:30:00.728 INFO Calculating metric: subject_constraint_completeness
2026-04-03 04:30:00.730 INFO Calculating metric: range_constraint_completeness
2026-04-03 04:30:00.735 INFO Calculating metric: range_constraint_completeness_mandatory
2026-04-03 04:30:00.738 INFO Calculating metric: range_constraint_completeness_regular
2026-04-03 04:30:00.741 INFO Calculating metric: range_constraint_completeness_suggestion
2026-04-03 04:30:00.747 INFO Memory usage (end of timestep): 181.16 GB
2026-04-03 04:30:00.747 INFO (Iteration 108) subject_constraint_violation_count: real 594.13s | cpu 597.19s
2026-04-03 04:30:00.747 INFO (Iteration 108) statement_count_property_subject: real 3.67s | cpu 7.58s
2026-04-03 04:30:00.747 INFO (Iteration 108) subject_constraint_violation_total: real 0.01s | cpu 0.00s
2026-04-03 04:30:00.747 INFO (Iteration 108) subject_constraint_violation_ratio: real 0.00s | cpu 0.00s
2026-04-03 04:30:00.748 INFO (Iteration 108) subject_constraint_completeness: real 0.00s | cpu 0.00s
2026-04-03 04:30:00.748 INFO (Iteration 108) range_constraint_violation_count: real 14.43s | cpu 15.38s
2026-04-03 04:30:00.748 INFO (Iteration 108) range_constraint_violation_count_mandatory: real 2.15s | cpu 2.91s
2026-04-03 04:30:00.748 INFO (Iteration 108) range_constraint_violation_count_regular: real 11.37s | cpu 12.26s
2026-04-03 04:30:00.748 INFO (Iteration 108) range_constraint_violation_count_suggestion: real 0.90s | cpu 1.55s
2026-04-03 04:30:00.748 INFO (Iteration 108) statement_count_property_range_all: real 0.07s | cpu 0.86s
2026-04-03 04:30:00.748 INFO (Iteration 108) statement_count_property_range_mandatory: real 0.04s | cpu 0.42s
2026-04-03 04:30:00.748 INFO (Iteration 108) statement_count_property_range_regular: real 0.04s | cpu 0.44s
2026-04-03 04:30:00.748 INFO (Iteration 108) statement_count_property_range_suggestion: real 0.03s | cpu 0.36s
2026-04-03 04:30:00.748 INFO (Iteration 108) range_constraint_violation_total_all: real 0.00s | cpu 0.00s
2026-04-03 04:30:00.748 INFO (Iteration 108) range_constraint_violation_ratio: real 0.00s | cpu 0.00s
2026-04-03 04:30:00.748 INFO (Iteration 108) range_constraint_completeness: real 0.00s | cpu 0.00s
2026-04-03 04:30:00.748 INFO (Iteration 108) range_constraint_violation_total_mandatory: real 0.00s | cpu 0.00s
2026-04-03 04:30:00.748 INFO (Iteration 108) range_constraint_violation_ratio_mandatory: real 0.00s | cpu 0.00s
2026-04-03 04:30:00.748 INFO (Iteration 108) range_constraint_completeness_mandatory: real 0.00s | cpu 0.00s
2026-04-03 04:30:00.748 INFO (Iteration 108) range_constraint_violation_total_regular: real 0.00s | cpu 0.00s
2026-04-03 04:30:00.748 INFO (Iteration 108) range_constraint_violation_ratio_regular: real 0.00s | cpu 0.00s
2026-04-03 04:30:00.748 INFO (Iteration 108) range_constraint_completeness_regular: real 0.00s | cpu 0.00s
2026-04-03 04:30:00.748 INFO (Iteration 108) range_constraint_violation_total_suggestion: real 0.00s | cpu 0.00s
2026-04-03 04:30:00.748 INFO (Iteration 108) range_constraint_violation_ratio_suggestion: real 0.00s | cpu 0.00s
2026-04-03 04:30:00.748 INFO (Iteration 108) range_constraint_completeness_suggestion: real 0.01s | cpu 0.00s
2026-04-03 04:30:00.748 INFO Iteration 108 finished in 694.86s (real) and 681.58s (process)
2026-04-03 04:30:00.752 INFO Start timestep 2021-10-12 00:00:00+00:00 -> 2021-11-11 00:00:00+00:00
2026-04-03 04:31:36.656 INFO Loading data (2021-10-12 00:00:00+00:00 -> 2021-11-11 00:00:00+00:00) done in 95.90s (real) and 70.30s (process)
2026-04-03 04:31:36.657 INFO Memory usage (start of timestep): 181.16 GB
2026-04-03 04:31:36.657 INFO Calculating metrics
2026-04-03 04:31:36.657 INFO Calculating metric: subject_constraint_violation_count
2026-04-03 05:00:24.407 INFO [subject_constraint_violation_count] processed rows=10233140, result_rows=1656
2026-04-03 05:00:28.049 INFO Calculating metric: statement_count_property_subject
2026-04-03 05:00:36.140 INFO Calculating metric: range_constraint_violation_count
2026-04-03 05:04:05.928 INFO Calculating metric: range_constraint_violation_count_mandatory
2026-04-03 05:07:22.061 INFO Calculating metric: range_constraint_violation_count_regular
2026-04-03 05:07:34.165 INFO Calculating metric: range_constraint_violation_count_suggestion
2026-04-03 05:07:34.587 INFO Calculating metric: statement_count_property_range_all
2026-04-03 05:07:34.684 INFO Calculating metric: statement_count_property_range_mandatory
2026-04-03 05:07:34.746 INFO Calculating metric: statement_count_property_range_regular
2026-04-03 05:07:34.808 INFO Calculating metric: statement_count_property_range_suggestion
2026-04-03 05:07:34.853 INFO Calculating metric: subject_constraint_violation_total
2026-04-03 05:07:34.856 INFO Calculating metric: range_constraint_violation_total_all
2026-04-03 05:07:34.860 INFO Calculating metric: range_constraint_violation_total_mandatory
2026-04-03 05:07:34.862 INFO Calculating metric: range_constraint_violation_total_regular
2026-04-03 05:07:34.865 INFO Calculating metric: range_constraint_violation_total_suggestion
2026-04-03 05:07:34.867 INFO Calculating metric: subject_constraint_violation_ratio
2026-04-03 05:07:34.869 INFO Calculating metric: range_constraint_violation_ratio
2026-04-03 05:07:34.872 INFO Calculating metric: range_constraint_violation_ratio_mandatory
2026-04-03 05:07:34.874 INFO Calculating metric: range_constraint_violation_ratio_regular
2026-04-03 05:07:34.877 INFO Calculating metric: range_constraint_violation_ratio_suggestion
2026-04-03 05:07:34.880 INFO Calculating metric: subject_constraint_completeness
2026-04-03 05:07:34.882 INFO Calculating metric: range_constraint_completeness
2026-04-03 05:07:34.885 INFO Calculating metric: range_constraint_completeness_mandatory
2026-04-03 05:07:34.888 INFO Calculating metric: range_constraint_completeness_regular
2026-04-03 05:07:34.891 INFO Calculating metric: range_constraint_completeness_suggestion
2026-04-03 05:07:34.894 INFO Memory usage (end of timestep): 181.16 GB
2026-04-03 05:07:34.894 INFO (Iteration 109) subject_constraint_violation_count: real 1731.39s | cpu 1737.99s
2026-04-03 05:07:34.894 INFO (Iteration 109) statement_count_property_subject: real 8.09s | cpu 13.59s
2026-04-03 05:07:34.894 INFO (Iteration 109) subject_constraint_violation_total: real 0.00s | cpu 0.00s
2026-04-03 05:07:34.894 INFO (Iteration 109) subject_constraint_violation_ratio: real 0.00s | cpu 0.00s
2026-04-03 05:07:34.894 INFO (Iteration 109) subject_constraint_completeness: real 0.00s | cpu 0.00s
2026-04-03 05:07:34.894 INFO (Iteration 109) range_constraint_violation_count: real 209.79s | cpu 212.16s
2026-04-03 05:07:34.894 INFO (Iteration 109) range_constraint_violation_count_mandatory: real 196.12s | cpu 198.30s
2026-04-03 05:07:34.894 INFO (Iteration 109) range_constraint_violation_count_regular: real 12.10s | cpu 13.55s
2026-04-03 05:07:34.894 INFO (Iteration 109) range_constraint_violation_count_suggestion: real 0.42s | cpu 1.15s
2026-04-03 05:07:34.894 INFO (Iteration 109) statement_count_property_range_all: real 0.10s | cpu 1.31s
2026-04-03 05:07:34.894 INFO (Iteration 109) statement_count_property_range_mandatory: real 0.06s | cpu 0.82s
2026-04-03 05:07:34.894 INFO (Iteration 109) statement_count_property_range_regular: real 0.06s | cpu 0.81s
2026-04-03 05:07:34.894 INFO (Iteration 109) statement_count_property_range_suggestion: real 0.04s | cpu 0.55s
2026-04-03 05:07:34.895 INFO (Iteration 109) range_constraint_violation_total_all: real 0.00s | cpu 0.00s
2026-04-03 05:07:34.895 INFO (Iteration 109) range_constraint_violation_ratio: real 0.00s | cpu 0.00s
2026-04-03 05:07:34.895 INFO (Iteration 109) range_constraint_completeness: real 0.00s | cpu 0.00s
2026-04-03 05:07:34.895 INFO (Iteration 109) range_constraint_violation_total_mandatory: real 0.00s | cpu 0.00s
2026-04-03 05:07:34.895 INFO (Iteration 109) range_constraint_violation_ratio_mandatory: real 0.00s | cpu 0.00s
2026-04-03 05:07:34.895 INFO (Iteration 109) range_constraint_completeness_mandatory: real 0.00s | cpu 0.00s
2026-04-03 05:07:34.895 INFO (Iteration 109) range_constraint_violation_total_regular: real 0.00s | cpu 0.00s
2026-04-03 05:07:34.895 INFO (Iteration 109) range_constraint_violation_ratio_regular: real 0.00s | cpu 0.00s
2026-04-03 05:07:34.895 INFO (Iteration 109) range_constraint_completeness_regular: real 0.00s | cpu 0.00s
2026-04-03 05:07:34.895 INFO (Iteration 109) range_constraint_violation_total_suggestion: real 0.00s | cpu 0.00s
2026-04-03 05:07:34.895 INFO (Iteration 109) range_constraint_violation_ratio_suggestion: real 0.00s | cpu 0.00s
2026-04-03 05:07:34.895 INFO (Iteration 109) range_constraint_completeness_suggestion: real 0.00s | cpu 0.00s
2026-04-03 05:07:34.895 INFO Iteration 109 finished in 2254.14s (real) and 2250.55s (process)
2026-04-03 05:07:34.895 INFO Start timestep 2021-11-11 00:00:00+00:00 -> 2021-12-11 00:00:00+00:00
2026-04-03 05:08:38.384 INFO Loading data (2021-11-11 00:00:00+00:00 -> 2021-12-11 00:00:00+00:00) done in 63.49s (real) and 39.88s (process)
2026-04-03 05:08:38.384 INFO Memory usage (start of timestep): 181.16 GB
2026-04-03 05:08:38.384 INFO Calculating metrics
2026-04-03 05:08:38.384 INFO Calculating metric: subject_constraint_violation_count
2026-04-03 05:12:59.216 INFO [subject_constraint_violation_count] processed rows=7112119, result_rows=1667
2026-04-03 05:13:04.040 INFO Calculating metric: statement_count_property_subject
2026-04-03 05:13:09.477 INFO Calculating metric: range_constraint_violation_count
2026-04-03 05:13:28.971 INFO Calculating metric: range_constraint_violation_count_mandatory
2026-04-03 05:13:35.887 INFO Calculating metric: range_constraint_violation_count_regular
2026-04-03 05:13:47.748 INFO Calculating metric: range_constraint_violation_count_suggestion
2026-04-03 05:13:48.563 INFO Calculating metric: statement_count_property_range_all
2026-04-03 05:13:48.642 INFO Calculating metric: statement_count_property_range_mandatory
2026-04-03 05:13:48.686 INFO Calculating metric: statement_count_property_range_regular
2026-04-03 05:13:48.734 INFO Calculating metric: statement_count_property_range_suggestion
2026-04-03 05:13:48.781 INFO Calculating metric: subject_constraint_violation_total
2026-04-03 05:13:48.786 INFO Calculating metric: range_constraint_violation_total_all
2026-04-03 05:13:48.789 INFO Calculating metric: range_constraint_violation_total_mandatory
2026-04-03 05:13:48.792 INFO Calculating metric: range_constraint_violation_total_regular
2026-04-03 05:13:48.794 INFO Calculating metric: range_constraint_violation_total_suggestion
2026-04-03 05:13:48.797 INFO Calculating metric: subject_constraint_violation_ratio
2026-04-03 05:13:48.799 INFO Calculating metric: range_constraint_violation_ratio
2026-04-03 05:13:48.803 INFO Calculating metric: range_constraint_violation_ratio_mandatory
2026-04-03 05:13:48.806 INFO Calculating metric: range_constraint_violation_ratio_regular
2026-04-03 05:13:48.809 INFO Calculating metric: range_constraint_violation_ratio_suggestion
2026-04-03 05:13:48.812 INFO Calculating metric: subject_constraint_completeness
2026-04-03 05:13:48.814 INFO Calculating metric: range_constraint_completeness
2026-04-03 05:13:48.817 INFO Calculating metric: range_constraint_completeness_mandatory
2026-04-03 05:13:48.820 INFO Calculating metric: range_constraint_completeness_regular
2026-04-03 05:13:48.825 INFO Calculating metric: range_constraint_completeness_suggestion
2026-04-03 05:13:48.828 INFO Memory usage (end of timestep): 181.16 GB
2026-04-03 05:13:48.828 INFO (Iteration 110) subject_constraint_violation_count: real 265.66s | cpu 269.22s
2026-04-03 05:13:48.828 INFO (Iteration 110) statement_count_property_subject: real 5.43s | cpu 8.76s
2026-04-03 05:13:48.828 INFO (Iteration 110) subject_constraint_violation_total: real 0.01s | cpu 0.00s
2026-04-03 05:13:48.828 INFO (Iteration 110) subject_constraint_violation_ratio: real 0.00s | cpu 0.00s
2026-04-03 05:13:48.828 INFO (Iteration 110) subject_constraint_completeness: real 0.00s | cpu 0.00s
2026-04-03 05:13:48.828 INFO (Iteration 110) range_constraint_violation_count: real 19.49s | cpu 20.63s
2026-04-03 05:13:48.828 INFO (Iteration 110) range_constraint_violation_count_mandatory: real 6.91s | cpu 7.81s
2026-04-03 05:13:48.829 INFO (Iteration 110) range_constraint_violation_count_regular: real 11.86s | cpu 12.99s
2026-04-03 05:13:48.829 INFO (Iteration 110) range_constraint_violation_count_suggestion: real 0.81s | cpu 1.56s
2026-04-03 05:13:48.829 INFO (Iteration 110) statement_count_property_range_all: real 0.08s | cpu 1.03s
2026-04-03 05:13:48.829 INFO (Iteration 110) statement_count_property_range_mandatory: real 0.04s | cpu 0.58s
2026-04-03 05:13:48.829 INFO (Iteration 110) statement_count_property_range_regular: real 0.05s | cpu 0.60s
2026-04-03 05:13:48.829 INFO (Iteration 110) statement_count_property_range_suggestion: real 0.05s | cpu 0.51s
2026-04-03 05:13:48.829 INFO (Iteration 110) range_constraint_violation_total_all: real 0.00s | cpu 0.00s
2026-04-03 05:13:48.829 INFO (Iteration 110) range_constraint_violation_ratio: real 0.00s | cpu 0.00s
2026-04-03 05:13:48.829 INFO (Iteration 110) range_constraint_completeness: real 0.00s | cpu 0.00s
2026-04-03 05:13:48.829 INFO (Iteration 110) range_constraint_violation_total_mandatory: real 0.00s | cpu 0.00s
2026-04-03 05:13:48.829 INFO (Iteration 110) range_constraint_violation_ratio_mandatory: real 0.00s | cpu 0.00s
2026-04-03 05:13:48.829 INFO (Iteration 110) range_constraint_completeness_mandatory: real 0.00s | cpu 0.00s
2026-04-03 05:13:48.829 INFO (Iteration 110) range_constraint_violation_total_regular: real 0.00s | cpu 0.00s
2026-04-03 05:13:48.829 INFO (Iteration 110) range_constraint_violation_ratio_regular: real 0.00s | cpu 0.00s
2026-04-03 05:13:48.829 INFO (Iteration 110) range_constraint_completeness_regular: real 0.01s | cpu 0.00s
2026-04-03 05:13:48.829 INFO (Iteration 110) range_constraint_violation_total_suggestion: real 0.00s | cpu 0.00s
2026-04-03 05:13:48.829 INFO (Iteration 110) range_constraint_violation_ratio_suggestion: real 0.00s | cpu 0.00s
2026-04-03 05:13:48.829 INFO (Iteration 110) range_constraint_completeness_suggestion: real 0.00s | cpu 0.00s
2026-04-03 05:13:48.829 INFO Iteration 110 finished in 373.93s (real) and 363.59s (process)
2026-04-03 05:13:48.829 INFO Start timestep 2021-12-11 00:00:00+00:00 -> 2022-01-10 00:00:00+00:00
2026-04-03 05:15:02.630 INFO Loading data (2021-12-11 00:00:00+00:00 -> 2022-01-10 00:00:00+00:00) done in 73.80s (real) and 45.68s (process)
2026-04-03 05:15:02.639 INFO Memory usage (start of timestep): 181.16 GB
2026-04-03 05:15:02.639 INFO Calculating metrics
2026-04-03 05:15:02.639 INFO Calculating metric: subject_constraint_violation_count
2026-04-03 05:46:49.286 INFO [subject_constraint_violation_count] processed rows=4574433, result_rows=1839
2026-04-03 05:46:52.528 INFO Calculating metric: statement_count_property_subject
2026-04-03 05:46:56.252 INFO Calculating metric: range_constraint_violation_count
2026-04-03 05:47:10.443 INFO Calculating metric: range_constraint_violation_count_mandatory
2026-04-03 05:47:12.422 INFO Calculating metric: range_constraint_violation_count_regular
2026-04-03 05:47:24.185 INFO Calculating metric: range_constraint_violation_count_suggestion
2026-04-03 05:47:24.703 INFO Calculating metric: statement_count_property_range_all
2026-04-03 05:47:24.777 INFO Calculating metric: statement_count_property_range_mandatory
2026-04-03 05:47:24.814 INFO Calculating metric: statement_count_property_range_regular
2026-04-03 05:47:24.853 INFO Calculating metric: statement_count_property_range_suggestion
2026-04-03 05:47:24.888 INFO Calculating metric: subject_constraint_violation_total
2026-04-03 05:47:24.891 INFO Calculating metric: range_constraint_violation_total_all
2026-04-03 05:47:24.893 INFO Calculating metric: range_constraint_violation_total_mandatory
2026-04-03 05:47:24.896 INFO Calculating metric: range_constraint_violation_total_regular
2026-04-03 05:47:24.898 INFO Calculating metric: range_constraint_violation_total_suggestion
2026-04-03 05:47:24.901 INFO Calculating metric: subject_constraint_violation_ratio
2026-04-03 05:47:24.906 INFO Calculating metric: range_constraint_violation_ratio
2026-04-03 05:47:24.908 INFO Calculating metric: range_constraint_violation_ratio_mandatory
2026-04-03 05:47:24.910 INFO Calculating metric: range_constraint_violation_ratio_regular
2026-04-03 05:47:24.912 INFO Calculating metric: range_constraint_violation_ratio_suggestion
2026-04-03 05:47:24.915 INFO Calculating metric: subject_constraint_completeness
2026-04-03 05:47:24.918 INFO Calculating metric: range_constraint_completeness
2026-04-03 05:47:24.920 INFO Calculating metric: range_constraint_completeness_mandatory
2026-04-03 05:47:24.922 INFO Calculating metric: range_constraint_completeness_regular
2026-04-03 05:47:24.927 INFO Calculating metric: range_constraint_completeness_suggestion
2026-04-03 05:47:24.930 INFO Memory usage (end of timestep): 181.16 GB
2026-04-03 05:47:24.930 INFO (Iteration 111) subject_constraint_violation_count: real 1909.89s | cpu 1914.79s
2026-04-03 05:47:24.930 INFO (Iteration 111) statement_count_property_subject: real 3.72s | cpu 8.17s
2026-04-03 05:47:24.930 INFO (Iteration 111) subject_constraint_violation_total: real 0.00s | cpu 0.00s
2026-04-03 05:47:24.930 INFO (Iteration 111) subject_constraint_violation_ratio: real 0.01s | cpu 0.00s
2026-04-03 05:47:24.930 INFO (Iteration 111) subject_constraint_completeness: real 0.00s | cpu 0.00s
2026-04-03 05:47:24.930 INFO (Iteration 111) range_constraint_violation_count: real 14.19s | cpu 15.13s
2026-04-03 05:47:24.930 INFO (Iteration 111) range_constraint_violation_count_mandatory: real 1.98s | cpu 2.85s
2026-04-03 05:47:24.930 INFO (Iteration 111) range_constraint_violation_count_regular: real 11.76s | cpu 12.66s
2026-04-03 05:47:24.930 INFO (Iteration 111) range_constraint_violation_count_suggestion: real 0.52s | cpu 1.10s
2026-04-03 05:47:24.930 INFO (Iteration 111) statement_count_property_range_all: real 0.07s | cpu 0.94s
2026-04-03 05:47:24.930 INFO (Iteration 111) statement_count_property_range_mandatory: real 0.04s | cpu 0.45s
2026-04-03 05:47:24.930 INFO (Iteration 111) statement_count_property_range_regular: real 0.04s | cpu 0.48s
2026-04-03 05:47:24.930 INFO (Iteration 111) statement_count_property_range_suggestion: real 0.04s | cpu 0.41s
2026-04-03 05:47:24.930 INFO (Iteration 111) range_constraint_violation_total_all: real 0.00s | cpu 0.00s
2026-04-03 05:47:24.930 INFO (Iteration 111) range_constraint_violation_ratio: real 0.00s | cpu 0.00s
2026-04-03 05:47:24.930 INFO (Iteration 111) range_constraint_completeness: real 0.00s | cpu 0.00s
2026-04-03 05:47:24.930 INFO (Iteration 111) range_constraint_violation_total_mandatory: real 0.00s | cpu 0.00s
2026-04-03 05:47:24.930 INFO (Iteration 111) range_constraint_violation_ratio_mandatory: real 0.00s | cpu 0.00s
2026-04-03 05:47:24.930 INFO (Iteration 111) range_constraint_completeness_mandatory: real 0.00s | cpu 0.00s
2026-04-03 05:47:24.930 INFO (Iteration 111) range_constraint_violation_total_regular: real 0.00s | cpu 0.00s
2026-04-03 05:47:24.930 INFO (Iteration 111) range_constraint_violation_ratio_regular: real 0.00s | cpu 0.00s
2026-04-03 05:47:24.930 INFO (Iteration 111) range_constraint_completeness_regular: real 0.01s | cpu 0.00s
2026-04-03 05:47:24.930 INFO (Iteration 111) range_constraint_violation_total_suggestion: real 0.00s | cpu 0.00s
2026-04-03 05:47:24.930 INFO (Iteration 111) range_constraint_violation_ratio_suggestion: real 0.00s | cpu 0.00s
2026-04-03 05:47:24.930 INFO (Iteration 111) range_constraint_completeness_suggestion: real 0.00s | cpu 0.00s
2026-04-03 05:47:24.930 INFO Iteration 111 finished in 2016.10s (real) and 2002.67s (process)
2026-04-03 05:47:24.931 INFO Start timestep 2022-01-10 00:00:00+00:00 -> 2022-02-09 00:00:00+00:00
2026-04-03 05:48:22.506 INFO Loading data (2022-01-10 00:00:00+00:00 -> 2022-02-09 00:00:00+00:00) done in 57.57s (real) and 36.71s (process)
2026-04-03 05:48:22.506 INFO Memory usage (start of timestep): 181.16 GB
2026-04-03 05:48:22.506 INFO Calculating metrics
2026-04-03 05:48:22.506 INFO Calculating metric: subject_constraint_violation_count
2026-04-03 05:54:41.743 INFO [subject_constraint_violation_count] processed rows=4840700, result_rows=1799
2026-04-03 05:54:46.086 INFO Calculating metric: statement_count_property_subject
2026-04-03 05:54:49.868 INFO Calculating metric: range_constraint_violation_count
2026-04-03 05:55:17.765 INFO Calculating metric: range_constraint_violation_count_mandatory
2026-04-03 05:55:20.577 INFO Calculating metric: range_constraint_violation_count_regular
2026-04-03 05:55:45.093 INFO Calculating metric: range_constraint_violation_count_suggestion
2026-04-03 05:55:45.593 INFO Calculating metric: statement_count_property_range_all
2026-04-03 05:55:45.658 INFO Calculating metric: statement_count_property_range_mandatory
2026-04-03 05:55:45.700 INFO Calculating metric: statement_count_property_range_regular
2026-04-03 05:55:45.740 INFO Calculating metric: statement_count_property_range_suggestion
2026-04-03 05:55:45.778 INFO Calculating metric: subject_constraint_violation_total
2026-04-03 05:55:45.781 INFO Calculating metric: range_constraint_violation_total_all
2026-04-03 05:55:45.783 INFO Calculating metric: range_constraint_violation_total_mandatory
2026-04-03 05:55:45.786 INFO Calculating metric: range_constraint_violation_total_regular
2026-04-03 05:55:45.789 INFO Calculating metric: range_constraint_violation_total_suggestion
2026-04-03 05:55:45.791 INFO Calculating metric: subject_constraint_violation_ratio
2026-04-03 05:55:45.794 INFO Calculating metric: range_constraint_violation_ratio
2026-04-03 05:55:45.796 INFO Calculating metric: range_constraint_violation_ratio_mandatory
2026-04-03 05:55:45.798 INFO Calculating metric: range_constraint_violation_ratio_regular
2026-04-03 05:55:45.800 INFO Calculating metric: range_constraint_violation_ratio_suggestion
2026-04-03 05:55:45.803 INFO Calculating metric: subject_constraint_completeness
2026-04-03 05:55:45.805 INFO Calculating metric: range_constraint_completeness
2026-04-03 05:55:45.808 INFO Calculating metric: range_constraint_completeness_mandatory
2026-04-03 05:55:45.814 INFO Calculating metric: range_constraint_completeness_regular
2026-04-03 05:55:45.816 INFO Calculating metric: range_constraint_completeness_suggestion
2026-04-03 05:55:45.819 INFO Memory usage (end of timestep): 181.16 GB
2026-04-03 05:55:45.819 INFO (Iteration 112) subject_constraint_violation_count: real 383.58s | cpu 386.39s
2026-04-03 05:55:45.819 INFO (Iteration 112) statement_count_property_subject: real 3.78s | cpu 7.57s
2026-04-03 05:55:45.819 INFO (Iteration 112) subject_constraint_violation_total: real 0.00s | cpu 0.00s
2026-04-03 05:55:45.819 INFO (Iteration 112) subject_constraint_violation_ratio: real 0.00s | cpu 0.00s
2026-04-03 05:55:45.819 INFO (Iteration 112) subject_constraint_completeness: real 0.00s | cpu 0.00s
2026-04-03 05:55:45.819 INFO (Iteration 112) range_constraint_violation_count: real 27.90s | cpu 29.09s
2026-04-03 05:55:45.819 INFO (Iteration 112) range_constraint_violation_count_mandatory: real 2.81s | cpu 3.60s
2026-04-03 05:55:45.819 INFO (Iteration 112) range_constraint_violation_count_regular: real 24.52s | cpu 25.56s
2026-04-03 05:55:45.819 INFO (Iteration 112) range_constraint_violation_count_suggestion: real 0.50s | cpu 1.26s
2026-04-03 05:55:45.819 INFO (Iteration 112) statement_count_property_range_all: real 0.06s | cpu 0.84s
2026-04-03 05:55:45.819 INFO (Iteration 112) statement_count_property_range_mandatory: real 0.04s | cpu 0.48s
2026-04-03 05:55:45.819 INFO (Iteration 112) statement_count_property_range_regular: real 0.04s | cpu 0.47s
2026-04-03 05:55:45.819 INFO (Iteration 112) statement_count_property_range_suggestion: real 0.04s | cpu 0.41s
2026-04-03 05:55:45.819 INFO (Iteration 112) range_constraint_violation_total_all: real 0.00s | cpu 0.00s
2026-04-03 05:55:45.819 INFO (Iteration 112) range_constraint_violation_ratio: real 0.00s | cpu 0.00s
2026-04-03 05:55:45.819 INFO (Iteration 112) range_constraint_completeness: real 0.00s | cpu 0.00s
2026-04-03 05:55:45.819 INFO (Iteration 112) range_constraint_violation_total_mandatory: real 0.00s | cpu 0.00s
2026-04-03 05:55:45.819 INFO (Iteration 112) range_constraint_violation_ratio_mandatory: real 0.00s | cpu 0.00s
2026-04-03 05:55:45.819 INFO (Iteration 112) range_constraint_completeness_mandatory: real 0.01s | cpu 0.00s
2026-04-03 05:55:45.819 INFO (Iteration 112) range_constraint_violation_total_regular: real 0.00s | cpu 0.00s
2026-04-03 05:55:45.819 INFO (Iteration 112) range_constraint_violation_ratio_regular: real 0.00s | cpu 0.00s
2026-04-03 05:55:45.819 INFO (Iteration 112) range_constraint_completeness_regular: real 0.00s | cpu 0.00s
2026-04-03 05:55:45.819 INFO (Iteration 112) range_constraint_violation_total_suggestion: real 0.00s | cpu 0.00s
2026-04-03 05:55:45.819 INFO (Iteration 112) range_constraint_violation_ratio_suggestion: real 0.00s | cpu 0.00s
2026-04-03 05:55:45.819 INFO (Iteration 112) range_constraint_completeness_suggestion: real 0.00s | cpu 0.00s
2026-04-03 05:55:45.819 INFO Iteration 112 finished in 500.89s (real) and 492.39s (process)
2026-04-03 05:55:45.819 INFO Start timestep 2022-02-09 00:00:00+00:00 -> 2022-03-11 00:00:00+00:00
2026-04-03 05:56:59.163 INFO Loading data (2022-02-09 00:00:00+00:00 -> 2022-03-11 00:00:00+00:00) done in 73.34s (real) and 59.03s (process)
2026-04-03 05:56:59.164 INFO Memory usage (start of timestep): 181.16 GB
2026-04-03 05:56:59.164 INFO Calculating metrics
2026-04-03 05:56:59.164 INFO Calculating metric: subject_constraint_violation_count
2026-04-03 06:00:18.654 INFO [subject_constraint_violation_count] processed rows=4549465, result_rows=1736
2026-04-03 06:00:23.361 INFO Calculating metric: statement_count_property_subject
2026-04-03 06:00:26.996 INFO Calculating metric: range_constraint_violation_count
2026-04-03 06:00:44.809 INFO Calculating metric: range_constraint_violation_count_mandatory
2026-04-03 06:00:47.227 INFO Calculating metric: range_constraint_violation_count_regular
2026-04-03 06:01:02.501 INFO Calculating metric: range_constraint_violation_count_suggestion
2026-04-03 06:01:02.768 INFO Calculating metric: statement_count_property_range_all
2026-04-03 06:01:02.840 INFO Calculating metric: statement_count_property_range_mandatory
2026-04-03 06:01:02.880 INFO Calculating metric: statement_count_property_range_regular
2026-04-03 06:01:02.921 INFO Calculating metric: statement_count_property_range_suggestion
2026-04-03 06:01:02.955 INFO Calculating metric: subject_constraint_violation_total
2026-04-03 06:01:02.961 INFO Calculating metric: range_constraint_violation_total_all
2026-04-03 06:01:02.964 INFO Calculating metric: range_constraint_violation_total_mandatory
2026-04-03 06:01:02.966 INFO Calculating metric: range_constraint_violation_total_regular
2026-04-03 06:01:02.969 INFO Calculating metric: range_constraint_violation_total_suggestion
2026-04-03 06:01:02.971 INFO Calculating metric: subject_constraint_violation_ratio
2026-04-03 06:01:02.973 INFO Calculating metric: range_constraint_violation_ratio
2026-04-03 06:01:02.975 INFO Calculating metric: range_constraint_violation_ratio_mandatory
2026-04-03 06:01:02.977 INFO Calculating metric: range_constraint_violation_ratio_regular
2026-04-03 06:01:02.982 INFO Calculating metric: range_constraint_violation_ratio_suggestion
2026-04-03 06:01:02.984 INFO Calculating metric: subject_constraint_completeness
2026-04-03 06:01:02.987 INFO Calculating metric: range_constraint_completeness
2026-04-03 06:01:02.990 INFO Calculating metric: range_constraint_completeness_mandatory
2026-04-03 06:01:02.992 INFO Calculating metric: range_constraint_completeness_regular
2026-04-03 06:01:02.994 INFO Calculating metric: range_constraint_completeness_suggestion
2026-04-03 06:01:02.997 INFO Memory usage (end of timestep): 181.16 GB
2026-04-03 06:01:02.997 INFO (Iteration 113) subject_constraint_violation_count: real 204.20s | cpu 206.71s
2026-04-03 06:01:02.997 INFO (Iteration 113) statement_count_property_subject: real 3.63s | cpu 6.86s
2026-04-03 06:01:02.997 INFO (Iteration 113) subject_constraint_violation_total: real 0.01s | cpu 0.00s
2026-04-03 06:01:02.997 INFO (Iteration 113) subject_constraint_violation_ratio: real 0.00s | cpu 0.00s
2026-04-03 06:01:02.997 INFO (Iteration 113) subject_constraint_completeness: real 0.00s | cpu 0.00s
2026-04-03 06:01:02.997 INFO (Iteration 113) range_constraint_violation_count: real 17.81s | cpu 18.84s
2026-04-03 06:01:02.997 INFO (Iteration 113) range_constraint_violation_count_mandatory: real 2.42s | cpu 3.10s
2026-04-03 06:01:02.997 INFO (Iteration 113) range_constraint_violation_count_regular: real 15.27s | cpu 16.33s
2026-04-03 06:01:02.997 INFO (Iteration 113) range_constraint_violation_count_suggestion: real 0.27s | cpu 0.84s
2026-04-03 06:01:02.997 INFO (Iteration 113) statement_count_property_range_all: real 0.07s | cpu 0.93s
2026-04-03 06:01:02.997 INFO (Iteration 113) statement_count_property_range_mandatory: real 0.04s | cpu 0.44s
2026-04-03 06:01:02.997 INFO (Iteration 113) statement_count_property_range_regular: real 0.04s | cpu 0.48s
2026-04-03 06:01:02.997 INFO (Iteration 113) statement_count_property_range_suggestion: real 0.03s | cpu 0.40s
2026-04-03 06:01:02.997 INFO (Iteration 113) range_constraint_violation_total_all: real 0.00s | cpu 0.00s
2026-04-03 06:01:02.998 INFO (Iteration 113) range_constraint_violation_ratio: real 0.00s | cpu 0.00s
2026-04-03 06:01:02.998 INFO (Iteration 113) range_constraint_completeness: real 0.00s | cpu 0.00s
2026-04-03 06:01:02.998 INFO (Iteration 113) range_constraint_violation_total_mandatory: real 0.00s | cpu 0.00s
2026-04-03 06:01:02.998 INFO (Iteration 113) range_constraint_violation_ratio_mandatory: real 0.00s | cpu 0.00s
2026-04-03 06:01:02.998 INFO (Iteration 113) range_constraint_completeness_mandatory: real 0.00s | cpu 0.00s
2026-04-03 06:01:02.998 INFO (Iteration 113) range_constraint_violation_total_regular: real 0.00s | cpu 0.00s
2026-04-03 06:01:02.998 INFO (Iteration 113) range_constraint_violation_ratio_regular: real 0.00s | cpu 0.00s
2026-04-03 06:01:02.998 INFO (Iteration 113) range_constraint_completeness_regular: real 0.00s | cpu 0.00s
2026-04-03 06:01:02.998 INFO (Iteration 113) range_constraint_violation_total_suggestion: real 0.00s | cpu 0.00s
2026-04-03 06:01:02.998 INFO (Iteration 113) range_constraint_violation_ratio_suggestion: real 0.00s | cpu 0.00s
2026-04-03 06:01:02.998 INFO (Iteration 113) range_constraint_completeness_suggestion: real 0.00s | cpu 0.00s
2026-04-03 06:01:02.998 INFO Iteration 113 finished in 317.18s (real) and 313.98s (process)
2026-04-03 06:01:02.998 INFO Start timestep 2022-03-11 00:00:00+00:00 -> 2022-04-10 00:00:00+00:00
2026-04-03 06:02:07.508 INFO Loading data (2022-03-11 00:00:00+00:00 -> 2022-04-10 00:00:00+00:00) done in 64.51s (real) and 54.64s (process)
2026-04-03 06:02:07.508 INFO Memory usage (start of timestep): 181.16 GB
2026-04-03 06:02:07.508 INFO Calculating metrics
2026-04-03 06:02:07.508 INFO Calculating metric: subject_constraint_violation_count
2026-04-03 06:08:39.930 INFO [subject_constraint_violation_count] processed rows=4604178, result_rows=1692
2026-04-03 06:08:45.000 INFO Calculating metric: statement_count_property_subject
2026-04-03 06:08:48.579 INFO Calculating metric: range_constraint_violation_count
2026-04-03 06:09:08.018 INFO Calculating metric: range_constraint_violation_count_mandatory
2026-04-03 06:09:12.312 INFO Calculating metric: range_constraint_violation_count_regular
2026-04-03 06:09:27.350 INFO Calculating metric: range_constraint_violation_count_suggestion
2026-04-03 06:09:27.614 INFO Calculating metric: statement_count_property_range_all
2026-04-03 06:09:27.683 INFO Calculating metric: statement_count_property_range_mandatory
2026-04-03 06:09:27.717 INFO Calculating metric: statement_count_property_range_regular
2026-04-03 06:09:27.754 INFO Calculating metric: statement_count_property_range_suggestion
2026-04-03 06:09:27.786 INFO Calculating metric: subject_constraint_violation_total
2026-04-03 06:09:27.790 INFO Calculating metric: range_constraint_violation_total_all
2026-04-03 06:09:27.794 INFO Calculating metric: range_constraint_violation_total_mandatory
2026-04-03 06:09:27.798 INFO Calculating metric: range_constraint_violation_total_regular
2026-04-03 06:09:27.804 INFO Calculating metric: range_constraint_violation_total_suggestion
2026-04-03 06:09:27.807 INFO Calculating metric: subject_constraint_violation_ratio
2026-04-03 06:09:27.809 INFO Calculating metric: range_constraint_violation_ratio
2026-04-03 06:09:27.812 INFO Calculating metric: range_constraint_violation_ratio_mandatory
2026-04-03 06:09:27.815 INFO Calculating metric: range_constraint_violation_ratio_regular
2026-04-03 06:09:27.817 INFO Calculating metric: range_constraint_violation_ratio_suggestion
2026-04-03 06:09:27.823 INFO Calculating metric: subject_constraint_completeness
2026-04-03 06:09:27.826 INFO Calculating metric: range_constraint_completeness
2026-04-03 06:09:27.829 INFO Calculating metric: range_constraint_completeness_mandatory
2026-04-03 06:09:27.832 INFO Calculating metric: range_constraint_completeness_regular
2026-04-03 06:09:27.837 INFO Calculating metric: range_constraint_completeness_suggestion
2026-04-03 06:09:27.845 INFO Memory usage (end of timestep): 181.16 GB
2026-04-03 06:09:27.845 INFO (Iteration 114) subject_constraint_violation_count: real 397.49s | cpu 400.23s
2026-04-03 06:09:27.845 INFO (Iteration 114) statement_count_property_subject: real 3.58s | cpu 7.41s
2026-04-03 06:09:27.845 INFO (Iteration 114) subject_constraint_violation_total: real 0.00s | cpu 0.00s
2026-04-03 06:09:27.845 INFO (Iteration 114) subject_constraint_violation_ratio: real 0.00s | cpu 0.00s
2026-04-03 06:09:27.845 INFO (Iteration 114) subject_constraint_completeness: real 0.00s | cpu 0.00s
2026-04-03 06:09:27.845 INFO (Iteration 114) range_constraint_violation_count: real 19.44s | cpu 20.37s
2026-04-03 06:09:27.845 INFO (Iteration 114) range_constraint_violation_count_mandatory: real 4.29s | cpu 4.96s
2026-04-03 06:09:27.845 INFO (Iteration 114) range_constraint_violation_count_regular: real 15.04s | cpu 15.92s
2026-04-03 06:09:27.845 INFO (Iteration 114) range_constraint_violation_count_suggestion: real 0.26s | cpu 0.80s
2026-04-03 06:09:27.845 INFO (Iteration 114) statement_count_property_range_all: real 0.07s | cpu 0.88s
2026-04-03 06:09:27.846 INFO (Iteration 114) statement_count_property_range_mandatory: real 0.03s | cpu 0.42s
2026-04-03 06:09:27.846 INFO (Iteration 114) statement_count_property_range_regular: real 0.04s | cpu 0.44s
2026-04-03 06:09:27.846 INFO (Iteration 114) statement_count_property_range_suggestion: real 0.03s | cpu 0.38s
2026-04-03 06:09:27.846 INFO (Iteration 114) range_constraint_violation_total_all: real 0.00s | cpu 0.00s
2026-04-03 06:09:27.846 INFO (Iteration 114) range_constraint_violation_ratio: real 0.00s | cpu 0.00s
2026-04-03 06:09:27.846 INFO (Iteration 114) range_constraint_completeness: real 0.00s | cpu 0.00s
2026-04-03 06:09:27.846 INFO (Iteration 114) range_constraint_violation_total_mandatory: real 0.00s | cpu 0.00s
2026-04-03 06:09:27.846 INFO (Iteration 114) range_constraint_violation_ratio_mandatory: real 0.00s | cpu 0.00s
2026-04-03 06:09:27.846 INFO (Iteration 114) range_constraint_completeness_mandatory: real 0.00s | cpu 0.00s
2026-04-03 06:09:27.846 INFO (Iteration 114) range_constraint_violation_total_regular: real 0.01s | cpu 0.00s
2026-04-03 06:09:27.846 INFO (Iteration 114) range_constraint_violation_ratio_regular: real 0.00s | cpu 0.00s
2026-04-03 06:09:27.846 INFO (Iteration 114) range_constraint_completeness_regular: real 0.00s | cpu 0.00s
2026-04-03 06:09:27.846 INFO (Iteration 114) range_constraint_violation_total_suggestion: real 0.00s | cpu 0.00s
2026-04-03 06:09:27.846 INFO (Iteration 114) range_constraint_violation_ratio_suggestion: real 0.01s | cpu 0.00s
2026-04-03 06:09:27.846 INFO (Iteration 114) range_constraint_completeness_suggestion: real 0.01s | cpu 0.00s
2026-04-03 06:09:27.846 INFO Iteration 114 finished in 504.85s (real) and 506.47s (process)
2026-04-03 06:09:27.846 INFO Start timestep 2022-04-10 00:00:00+00:00 -> 2022-05-10 00:00:00+00:00
2026-04-03 06:11:06.700 INFO Loading data (2022-04-10 00:00:00+00:00 -> 2022-05-10 00:00:00+00:00) done in 98.85s (real) and 61.53s (process)
2026-04-03 06:11:06.702 INFO Memory usage (start of timestep): 181.16 GB
2026-04-03 06:11:06.702 INFO Calculating metrics
2026-04-03 06:11:06.703 INFO Calculating metric: subject_constraint_violation_count
2026-04-03 06:15:46.595 INFO [subject_constraint_violation_count] processed rows=6085772, result_rows=1726
2026-04-03 06:15:52.267 INFO Calculating metric: statement_count_property_subject
2026-04-03 06:15:57.144 INFO Calculating metric: range_constraint_violation_count
2026-04-03 06:16:16.040 INFO Calculating metric: range_constraint_violation_count_mandatory
2026-04-03 06:16:23.915 INFO Calculating metric: range_constraint_violation_count_regular
2026-04-03 06:16:34.653 INFO Calculating metric: range_constraint_violation_count_suggestion
2026-04-03 06:16:34.926 INFO Calculating metric: statement_count_property_range_all
2026-04-03 06:16:34.999 INFO Calculating metric: statement_count_property_range_mandatory
2026-04-03 06:16:35.040 INFO Calculating metric: statement_count_property_range_regular
2026-04-03 06:16:35.084 INFO Calculating metric: statement_count_property_range_suggestion
2026-04-03 06:16:35.123 INFO Calculating metric: subject_constraint_violation_total
2026-04-03 06:16:35.125 INFO Calculating metric: range_constraint_violation_total_all
2026-04-03 06:16:35.128 INFO Calculating metric: range_constraint_violation_total_mandatory
2026-04-03 06:16:35.130 INFO Calculating metric: range_constraint_violation_total_regular
2026-04-03 06:16:35.133 INFO Calculating metric: range_constraint_violation_total_suggestion
2026-04-03 06:16:35.135 INFO Calculating metric: subject_constraint_violation_ratio
2026-04-03 06:16:35.138 INFO Calculating metric: range_constraint_violation_ratio
2026-04-03 06:16:35.142 INFO Calculating metric: range_constraint_violation_ratio_mandatory
2026-04-03 06:16:35.145 INFO Calculating metric: range_constraint_violation_ratio_regular
2026-04-03 06:16:35.147 INFO Calculating metric: range_constraint_violation_ratio_suggestion
2026-04-03 06:16:35.150 INFO Calculating metric: subject_constraint_completeness
2026-04-03 06:16:35.152 INFO Calculating metric: range_constraint_completeness
2026-04-03 06:16:35.154 INFO Calculating metric: range_constraint_completeness_mandatory
2026-04-03 06:16:35.156 INFO Calculating metric: range_constraint_completeness_regular
2026-04-03 06:16:35.158 INFO Calculating metric: range_constraint_completeness_suggestion
2026-04-03 06:16:35.163 INFO Memory usage (end of timestep): 181.16 GB
2026-04-03 06:16:35.163 INFO (Iteration 115) subject_constraint_violation_count: real 285.56s | cpu 288.86s
2026-04-03 06:16:35.163 INFO (Iteration 115) statement_count_property_subject: real 4.87s | cpu 8.30s
2026-04-03 06:16:35.163 INFO (Iteration 115) subject_constraint_violation_total: real 0.00s | cpu 0.00s
2026-04-03 06:16:35.163 INFO (Iteration 115) subject_constraint_violation_ratio: real 0.00s | cpu 0.00s
2026-04-03 06:16:35.163 INFO (Iteration 115) subject_constraint_completeness: real 0.00s | cpu 0.00s
2026-04-03 06:16:35.163 INFO (Iteration 115) range_constraint_violation_count: real 18.90s | cpu 20.06s
2026-04-03 06:16:35.163 INFO (Iteration 115) range_constraint_violation_count_mandatory: real 7.87s | cpu 8.76s
2026-04-03 06:16:35.163 INFO (Iteration 115) range_constraint_violation_count_regular: real 10.74s | cpu 11.74s
2026-04-03 06:16:35.163 INFO (Iteration 115) range_constraint_violation_count_suggestion: real 0.27s | cpu 1.00s
2026-04-03 06:16:35.163 INFO (Iteration 115) statement_count_property_range_all: real 0.07s | cpu 0.93s
2026-04-03 06:16:35.163 INFO (Iteration 115) statement_count_property_range_mandatory: real 0.04s | cpu 0.53s
2026-04-03 06:16:35.163 INFO (Iteration 115) statement_count_property_range_regular: real 0.04s | cpu 0.56s
2026-04-03 06:16:35.163 INFO (Iteration 115) statement_count_property_range_suggestion: real 0.04s | cpu 0.49s
2026-04-03 06:16:35.163 INFO (Iteration 115) range_constraint_violation_total_all: real 0.00s | cpu 0.00s
2026-04-03 06:16:35.163 INFO (Iteration 115) range_constraint_violation_ratio: real 0.00s | cpu 0.00s
2026-04-03 06:16:35.163 INFO (Iteration 115) range_constraint_completeness: real 0.00s | cpu 0.00s
2026-04-03 06:16:35.163 INFO (Iteration 115) range_constraint_violation_total_mandatory: real 0.00s | cpu 0.00s
2026-04-03 06:16:35.163 INFO (Iteration 115) range_constraint_violation_ratio_mandatory: real 0.00s | cpu 0.00s
2026-04-03 06:16:35.163 INFO (Iteration 115) range_constraint_completeness_mandatory: real 0.00s | cpu 0.00s
2026-04-03 06:16:35.163 INFO (Iteration 115) range_constraint_violation_total_regular: real 0.00s | cpu 0.00s
2026-04-03 06:16:35.163 INFO (Iteration 115) range_constraint_violation_ratio_regular: real 0.00s | cpu 0.00s
2026-04-03 06:16:35.163 INFO (Iteration 115) range_constraint_completeness_regular: real 0.00s | cpu 0.00s
2026-04-03 06:16:35.163 INFO (Iteration 115) range_constraint_violation_total_suggestion: real 0.00s | cpu 0.00s
2026-04-03 06:16:35.163 INFO (Iteration 115) range_constraint_violation_ratio_suggestion: real 0.00s | cpu 0.00s
2026-04-03 06:16:35.163 INFO (Iteration 115) range_constraint_completeness_suggestion: real 0.00s | cpu 0.00s
2026-04-03 06:16:35.163 INFO Iteration 115 finished in 427.32s (real) and 402.78s (process)
2026-04-03 06:16:35.163 INFO Start timestep 2022-05-10 00:00:00+00:00 -> 2022-06-09 00:00:00+00:00
2026-04-03 06:18:04.583 INFO Loading data (2022-05-10 00:00:00+00:00 -> 2022-06-09 00:00:00+00:00) done in 89.42s (real) and 71.25s (process)
2026-04-03 06:18:04.595 INFO Memory usage (start of timestep): 181.16 GB
2026-04-03 06:18:04.595 INFO Calculating metrics
2026-04-03 06:18:04.596 INFO Calculating metric: subject_constraint_violation_count
2026-04-03 06:53:11.878 INFO [subject_constraint_violation_count] processed rows=5395697, result_rows=1713
2026-04-03 06:53:16.688 INFO Calculating metric: statement_count_property_subject
2026-04-03 06:53:20.999 INFO Calculating metric: range_constraint_violation_count
2026-04-03 06:53:33.511 INFO Calculating metric: range_constraint_violation_count_mandatory
2026-04-03 06:53:34.894 INFO Calculating metric: range_constraint_violation_count_regular
2026-04-03 06:53:45.808 INFO Calculating metric: range_constraint_violation_count_suggestion
2026-04-03 06:53:46.051 INFO Calculating metric: statement_count_property_range_all
2026-04-03 06:53:46.122 INFO Calculating metric: statement_count_property_range_mandatory
2026-04-03 06:53:46.161 INFO Calculating metric: statement_count_property_range_regular
2026-04-03 06:53:46.201 INFO Calculating metric: statement_count_property_range_suggestion
2026-04-03 06:53:46.239 INFO Calculating metric: subject_constraint_violation_total
2026-04-03 06:53:46.243 INFO Calculating metric: range_constraint_violation_total_all
2026-04-03 06:53:46.245 INFO Calculating metric: range_constraint_violation_total_mandatory
2026-04-03 06:53:46.251 INFO Calculating metric: range_constraint_violation_total_regular
2026-04-03 06:53:46.254 INFO Calculating metric: range_constraint_violation_total_suggestion
2026-04-03 06:53:46.256 INFO Calculating metric: subject_constraint_violation_ratio
2026-04-03 06:53:46.261 INFO Calculating metric: range_constraint_violation_ratio
2026-04-03 06:53:46.263 INFO Calculating metric: range_constraint_violation_ratio_mandatory
2026-04-03 06:53:46.265 INFO Calculating metric: range_constraint_violation_ratio_regular
2026-04-03 06:53:46.268 INFO Calculating metric: range_constraint_violation_ratio_suggestion
2026-04-03 06:53:46.271 INFO Calculating metric: subject_constraint_completeness
2026-04-03 06:53:46.273 INFO Calculating metric: range_constraint_completeness
2026-04-03 06:53:46.277 INFO Calculating metric: range_constraint_completeness_mandatory
2026-04-03 06:53:46.281 INFO Calculating metric: range_constraint_completeness_regular
2026-04-03 06:53:46.284 INFO Calculating metric: range_constraint_completeness_suggestion
2026-04-03 06:53:46.286 INFO Memory usage (end of timestep): 181.16 GB
2026-04-03 06:53:46.286 INFO (Iteration 116) subject_constraint_violation_count: real 2112.09s | cpu 2117.49s
2026-04-03 06:53:46.286 INFO (Iteration 116) statement_count_property_subject: real 4.31s | cpu 9.19s
2026-04-03 06:53:46.286 INFO (Iteration 116) subject_constraint_violation_total: real 0.00s | cpu 0.00s
2026-04-03 06:53:46.286 INFO (Iteration 116) subject_constraint_violation_ratio: real 0.00s | cpu 0.00s
2026-04-03 06:53:46.286 INFO (Iteration 116) subject_constraint_completeness: real 0.00s | cpu 0.00s
2026-04-03 06:53:46.286 INFO (Iteration 116) range_constraint_violation_count: real 12.51s | cpu 13.59s
2026-04-03 06:53:46.286 INFO (Iteration 116) range_constraint_violation_count_mandatory: real 1.38s | cpu 2.20s
2026-04-03 06:53:46.286 INFO (Iteration 116) range_constraint_violation_count_regular: real 10.91s | cpu 11.87s
2026-04-03 06:53:46.286 INFO (Iteration 116) range_constraint_violation_count_suggestion: real 0.24s | cpu 0.89s
2026-04-03 06:53:46.286 INFO (Iteration 116) statement_count_property_range_all: real 0.07s | cpu 0.94s
2026-04-03 06:53:46.287 INFO (Iteration 116) statement_count_property_range_mandatory: real 0.04s | cpu 0.49s
2026-04-03 06:53:46.287 INFO (Iteration 116) statement_count_property_range_regular: real 0.04s | cpu 0.51s
2026-04-03 06:53:46.287 INFO (Iteration 116) statement_count_property_range_suggestion: real 0.04s | cpu 0.45s
2026-04-03 06:53:46.287 INFO (Iteration 116) range_constraint_violation_total_all: real 0.00s | cpu 0.00s
2026-04-03 06:53:46.287 INFO (Iteration 116) range_constraint_violation_ratio: real 0.00s | cpu 0.00s
2026-04-03 06:53:46.287 INFO (Iteration 116) range_constraint_completeness: real 0.00s | cpu 0.00s
2026-04-03 06:53:46.287 INFO (Iteration 116) range_constraint_violation_total_mandatory: real 0.01s | cpu 0.00s
2026-04-03 06:53:46.287 INFO (Iteration 116) range_constraint_violation_ratio_mandatory: real 0.00s | cpu 0.00s
2026-04-03 06:53:46.287 INFO (Iteration 116) range_constraint_completeness_mandatory: real 0.00s | cpu 0.00s
2026-04-03 06:53:46.287 INFO (Iteration 116) range_constraint_violation_total_regular: real 0.00s | cpu 0.00s
2026-04-03 06:53:46.287 INFO (Iteration 116) range_constraint_violation_ratio_regular: real 0.00s | cpu 0.00s
2026-04-03 06:53:46.287 INFO (Iteration 116) range_constraint_completeness_regular: real 0.00s | cpu 0.00s
2026-04-03 06:53:46.287 INFO (Iteration 116) range_constraint_violation_total_suggestion: real 0.00s | cpu 0.00s
2026-04-03 06:53:46.287 INFO (Iteration 116) range_constraint_violation_ratio_suggestion: real 0.00s | cpu 0.00s
2026-04-03 06:53:46.287 INFO (Iteration 116) range_constraint_completeness_suggestion: real 0.00s | cpu 0.00s
2026-04-03 06:53:46.287 INFO Iteration 116 finished in 2231.12s (real) and 2228.87s (process)
2026-04-03 06:53:46.287 INFO Start timestep 2022-06-09 00:00:00+00:00 -> 2022-07-09 00:00:00+00:00
2026-04-03 06:56:17.060 INFO Loading data (2022-06-09 00:00:00+00:00 -> 2022-07-09 00:00:00+00:00) done in 150.77s (real) and 92.29s (process)
2026-04-03 06:56:17.070 INFO Memory usage (start of timestep): 181.16 GB
2026-04-03 06:56:17.070 INFO Calculating metrics
2026-04-03 06:56:17.070 INFO Calculating metric: subject_constraint_violation_count
2026-04-03 07:18:13.946 INFO [subject_constraint_violation_count] processed rows=8339116, result_rows=1602
2026-04-03 07:18:19.287 INFO Calculating metric: statement_count_property_subject
2026-04-03 07:18:25.715 INFO Calculating metric: range_constraint_violation_count
2026-04-03 07:18:56.188 INFO Calculating metric: range_constraint_violation_count_mandatory
2026-04-03 07:18:57.630 INFO Calculating metric: range_constraint_violation_count_regular
2026-04-03 07:19:26.502 INFO Calculating metric: range_constraint_violation_count_suggestion
2026-04-03 07:19:26.747 INFO Calculating metric: statement_count_property_range_all
2026-04-03 07:19:26.828 INFO Calculating metric: statement_count_property_range_mandatory
2026-04-03 07:19:26.879 INFO Calculating metric: statement_count_property_range_regular
2026-04-03 07:19:26.934 INFO Calculating metric: statement_count_property_range_suggestion
2026-04-03 07:19:26.986 INFO Calculating metric: subject_constraint_violation_total
2026-04-03 07:19:26.989 INFO Calculating metric: range_constraint_violation_total_all
2026-04-03 07:19:26.991 INFO Calculating metric: range_constraint_violation_total_mandatory
2026-04-03 07:19:26.994 INFO Calculating metric: range_constraint_violation_total_regular
2026-04-03 07:19:26.996 INFO Calculating metric: range_constraint_violation_total_suggestion
2026-04-03 07:19:26.999 INFO Calculating metric: subject_constraint_violation_ratio
2026-04-03 07:19:27.001 INFO Calculating metric: range_constraint_violation_ratio
2026-04-03 07:19:27.004 INFO Calculating metric: range_constraint_violation_ratio_mandatory
2026-04-03 07:19:27.008 INFO Calculating metric: range_constraint_violation_ratio_regular
2026-04-03 07:19:27.010 INFO Calculating metric: range_constraint_violation_ratio_suggestion
2026-04-03 07:19:27.012 INFO Calculating metric: subject_constraint_completeness
2026-04-03 07:19:27.015 INFO Calculating metric: range_constraint_completeness
2026-04-03 07:19:27.017 INFO Calculating metric: range_constraint_completeness_mandatory
2026-04-03 07:19:27.020 INFO Calculating metric: range_constraint_completeness_regular
2026-04-03 07:19:27.022 INFO Calculating metric: range_constraint_completeness_suggestion
2026-04-03 07:19:27.025 INFO Memory usage (end of timestep): 181.16 GB
2026-04-03 07:19:27.025 INFO (Iteration 117) subject_constraint_violation_count: real 1322.22s | cpu 1327.95s
2026-04-03 07:19:27.025 INFO (Iteration 117) statement_count_property_subject: real 6.43s | cpu 11.95s
2026-04-03 07:19:27.025 INFO (Iteration 117) subject_constraint_violation_total: real 0.00s | cpu 0.00s
2026-04-03 07:19:27.025 INFO (Iteration 117) subject_constraint_violation_ratio: real 0.00s | cpu 0.00s
2026-04-03 07:19:27.025 INFO (Iteration 117) subject_constraint_completeness: real 0.00s | cpu 0.00s
2026-04-03 07:19:27.025 INFO (Iteration 117) range_constraint_violation_count: real 30.47s | cpu 32.49s
2026-04-03 07:19:27.025 INFO (Iteration 117) range_constraint_violation_count_mandatory: real 1.44s | cpu 2.46s
2026-04-03 07:19:27.025 INFO (Iteration 117) range_constraint_violation_count_regular: real 28.87s | cpu 30.72s
2026-04-03 07:19:27.025 INFO (Iteration 117) range_constraint_violation_count_suggestion: real 0.24s | cpu 1.10s
2026-04-03 07:19:27.025 INFO (Iteration 117) statement_count_property_range_all: real 0.08s | cpu 1.09s
2026-04-03 07:19:27.025 INFO (Iteration 117) statement_count_property_range_mandatory: real 0.05s | cpu 0.67s
2026-04-03 07:19:27.025 INFO (Iteration 117) statement_count_property_range_regular: real 0.05s | cpu 0.73s
2026-04-03 07:19:27.025 INFO (Iteration 117) statement_count_property_range_suggestion: real 0.05s | cpu 0.64s
2026-04-03 07:19:27.025 INFO (Iteration 117) range_constraint_violation_total_all: real 0.00s | cpu 0.00s
2026-04-03 07:19:27.025 INFO (Iteration 117) range_constraint_violation_ratio: real 0.00s | cpu 0.00s
2026-04-03 07:19:27.025 INFO (Iteration 117) range_constraint_completeness: real 0.00s | cpu 0.00s
2026-04-03 07:19:27.025 INFO (Iteration 117) range_constraint_violation_total_mandatory: real 0.00s | cpu 0.00s
2026-04-03 07:19:27.026 INFO (Iteration 117) range_constraint_violation_ratio_mandatory: real 0.00s | cpu 0.00s
2026-04-03 07:19:27.026 INFO (Iteration 117) range_constraint_completeness_mandatory: real 0.00s | cpu 0.00s
2026-04-03 07:19:27.026 INFO (Iteration 117) range_constraint_violation_total_regular: real 0.00s | cpu 0.00s
2026-04-03 07:19:27.026 INFO (Iteration 117) range_constraint_violation_ratio_regular: real 0.00s | cpu 0.00s
2026-04-03 07:19:27.026 INFO (Iteration 117) range_constraint_completeness_regular: real 0.00s | cpu 0.00s
2026-04-03 07:19:27.026 INFO (Iteration 117) range_constraint_violation_total_suggestion: real 0.00s | cpu 0.00s
2026-04-03 07:19:27.026 INFO (Iteration 117) range_constraint_violation_ratio_suggestion: real 0.00s | cpu 0.00s
2026-04-03 07:19:27.026 INFO (Iteration 117) range_constraint_completeness_suggestion: real 0.00s | cpu 0.00s
2026-04-03 07:19:27.026 INFO Iteration 117 finished in 1540.74s (real) and 1502.11s (process)
2026-04-03 07:19:27.026 INFO Start timestep 2022-07-09 00:00:00+00:00 -> 2022-08-08 00:00:00+00:00
2026-04-03 07:22:30.857 INFO Loading data (2022-07-09 00:00:00+00:00 -> 2022-08-08 00:00:00+00:00) done in 183.83s (real) and 157.93s (process)
2026-04-03 07:22:30.867 INFO Memory usage (start of timestep): 181.16 GB
2026-04-03 07:22:30.867 INFO Calculating metrics
2026-04-03 07:22:30.868 INFO Calculating metric: subject_constraint_violation_count
2026-04-03 08:00:44.303 INFO [subject_constraint_violation_count] processed rows=14079385, result_rows=1776
2026-04-03 08:00:52.087 INFO Calculating metric: statement_count_property_subject
2026-04-03 08:01:03.229 INFO Calculating metric: range_constraint_violation_count
2026-04-03 08:01:29.156 INFO Calculating metric: range_constraint_violation_count_mandatory
2026-04-03 08:01:30.885 INFO Calculating metric: range_constraint_violation_count_regular
2026-04-03 08:01:54.939 INFO Calculating metric: range_constraint_violation_count_suggestion
2026-04-03 08:01:55.220 INFO Calculating metric: statement_count_property_range_all
2026-04-03 08:01:55.346 INFO Calculating metric: statement_count_property_range_mandatory
2026-04-03 08:01:55.457 INFO Calculating metric: statement_count_property_range_regular
2026-04-03 08:01:55.571 INFO Calculating metric: statement_count_property_range_suggestion
2026-04-03 08:01:55.681 INFO Calculating metric: subject_constraint_violation_total
2026-04-03 08:01:55.685 INFO Calculating metric: range_constraint_violation_total_all
2026-04-03 08:01:55.688 INFO Calculating metric: range_constraint_violation_total_mandatory
2026-04-03 08:01:55.691 INFO Calculating metric: range_constraint_violation_total_regular
2026-04-03 08:01:55.694 INFO Calculating metric: range_constraint_violation_total_suggestion
2026-04-03 08:01:55.699 INFO Calculating metric: subject_constraint_violation_ratio
2026-04-03 08:01:55.701 INFO Calculating metric: range_constraint_violation_ratio
2026-04-03 08:01:55.704 INFO Calculating metric: range_constraint_violation_ratio_mandatory
2026-04-03 08:01:55.707 INFO Calculating metric: range_constraint_violation_ratio_regular
2026-04-03 08:01:55.710 INFO Calculating metric: range_constraint_violation_ratio_suggestion
2026-04-03 08:01:55.713 INFO Calculating metric: subject_constraint_completeness
2026-04-03 08:01:55.715 INFO Calculating metric: range_constraint_completeness
2026-04-03 08:01:55.718 INFO Calculating metric: range_constraint_completeness_mandatory
2026-04-03 08:01:55.720 INFO Calculating metric: range_constraint_completeness_regular
2026-04-03 08:01:55.723 INFO Calculating metric: range_constraint_completeness_suggestion
2026-04-03 08:01:55.726 INFO Memory usage (end of timestep): 181.16 GB
2026-04-03 08:01:55.726 INFO (Iteration 118) subject_constraint_violation_count: real 2301.22s | cpu 2311.44s
2026-04-03 08:01:55.726 INFO (Iteration 118) statement_count_property_subject: real 11.14s | cpu 19.67s
2026-04-03 08:01:55.726 INFO (Iteration 118) subject_constraint_violation_total: real 0.00s | cpu 0.00s
2026-04-03 08:01:55.726 INFO (Iteration 118) subject_constraint_violation_ratio: real 0.00s | cpu 0.00s
2026-04-03 08:01:55.726 INFO (Iteration 118) subject_constraint_completeness: real 0.00s | cpu 0.00s
2026-04-03 08:01:55.726 INFO (Iteration 118) range_constraint_violation_count: real 25.93s | cpu 28.45s
2026-04-03 08:01:55.726 INFO (Iteration 118) range_constraint_violation_count_mandatory: real 1.73s | cpu 3.38s
2026-04-03 08:01:55.726 INFO (Iteration 118) range_constraint_violation_count_regular: real 24.05s | cpu 26.45s
2026-04-03 08:01:55.726 INFO (Iteration 118) range_constraint_violation_count_suggestion: real 0.28s | cpu 1.78s
2026-04-03 08:01:55.726 INFO (Iteration 118) statement_count_property_range_all: real 0.13s | cpu 1.74s
2026-04-03 08:01:55.726 INFO (Iteration 118) statement_count_property_range_mandatory: real 0.11s | cpu 1.55s
2026-04-03 08:01:55.726 INFO (Iteration 118) statement_count_property_range_regular: real 0.11s | cpu 1.60s
2026-04-03 08:01:55.726 INFO (Iteration 118) statement_count_property_range_suggestion: real 0.11s | cpu 1.52s
2026-04-03 08:01:55.726 INFO (Iteration 118) range_constraint_violation_total_all: real 0.00s | cpu 0.00s
2026-04-03 08:01:55.726 INFO (Iteration 118) range_constraint_violation_ratio: real 0.00s | cpu 0.00s
2026-04-03 08:01:55.726 INFO (Iteration 118) range_constraint_completeness: real 0.00s | cpu 0.00s
2026-04-03 08:01:55.726 INFO (Iteration 118) range_constraint_violation_total_mandatory: real 0.00s | cpu 0.00s
2026-04-03 08:01:55.726 INFO (Iteration 118) range_constraint_violation_ratio_mandatory: real 0.00s | cpu 0.00s
2026-04-03 08:01:55.726 INFO (Iteration 118) range_constraint_completeness_mandatory: real 0.00s | cpu 0.00s
2026-04-03 08:01:55.726 INFO (Iteration 118) range_constraint_violation_total_regular: real 0.00s | cpu 0.00s
2026-04-03 08:01:55.726 INFO (Iteration 118) range_constraint_violation_ratio_regular: real 0.00s | cpu 0.00s
2026-04-03 08:01:55.726 INFO (Iteration 118) range_constraint_completeness_regular: real 0.00s | cpu 0.00s
2026-04-03 08:01:55.726 INFO (Iteration 118) range_constraint_violation_total_suggestion: real 0.00s | cpu 0.00s
2026-04-03 08:01:55.726 INFO (Iteration 118) range_constraint_violation_ratio_suggestion: real 0.00s | cpu 0.00s
2026-04-03 08:01:55.726 INFO (Iteration 118) range_constraint_completeness_suggestion: real 0.00s | cpu 0.00s
2026-04-03 08:01:55.726 INFO Iteration 118 finished in 2548.70s (real) and 2555.53s (process)
2026-04-03 08:01:55.726 INFO Start timestep 2022-08-08 00:00:00+00:00 -> 2022-09-07 00:00:00+00:00
2026-04-03 08:04:03.843 INFO Loading data (2022-08-08 00:00:00+00:00 -> 2022-09-07 00:00:00+00:00) done in 128.12s (real) and 120.25s (process)
2026-04-03 08:04:03.854 INFO Memory usage (start of timestep): 181.16 GB
2026-04-03 08:04:03.854 INFO Calculating metrics
2026-04-03 08:04:03.855 INFO Calculating metric: subject_constraint_violation_count
2026-04-03 08:28:03.878 INFO [subject_constraint_violation_count] processed rows=12664874, result_rows=1692
2026-04-03 08:28:05.666 INFO Calculating metric: statement_count_property_subject
2026-04-03 08:28:21.490 INFO Calculating metric: range_constraint_violation_count
2026-04-03 08:28:39.311 INFO Calculating metric: range_constraint_violation_count_mandatory
2026-04-03 08:28:41.118 INFO Calculating metric: range_constraint_violation_count_regular
2026-04-03 08:28:56.550 INFO Calculating metric: range_constraint_violation_count_suggestion
2026-04-03 08:28:57.072 INFO Calculating metric: statement_count_property_range_all
2026-04-03 08:28:57.197 INFO Calculating metric: statement_count_property_range_mandatory
2026-04-03 08:28:57.292 INFO Calculating metric: statement_count_property_range_regular
2026-04-03 08:28:57.392 INFO Calculating metric: statement_count_property_range_suggestion
2026-04-03 08:28:57.486 INFO Calculating metric: subject_constraint_violation_total
2026-04-03 08:28:57.489 INFO Calculating metric: range_constraint_violation_total_all
2026-04-03 08:28:57.492 INFO Calculating metric: range_constraint_violation_total_mandatory
2026-04-03 08:28:57.494 INFO Calculating metric: range_constraint_violation_total_regular
2026-04-03 08:28:57.497 INFO Calculating metric: range_constraint_violation_total_suggestion
2026-04-03 08:28:57.500 INFO Calculating metric: subject_constraint_violation_ratio
2026-04-03 08:28:57.502 INFO Calculating metric: range_constraint_violation_ratio
2026-04-03 08:28:57.505 INFO Calculating metric: range_constraint_violation_ratio_mandatory
2026-04-03 08:28:57.508 INFO Calculating metric: range_constraint_violation_ratio_regular
2026-04-03 08:28:57.511 INFO Calculating metric: range_constraint_violation_ratio_suggestion
2026-04-03 08:28:57.513 INFO Calculating metric: subject_constraint_completeness
2026-04-03 08:28:57.517 INFO Calculating metric: range_constraint_completeness
2026-04-03 08:28:57.519 INFO Calculating metric: range_constraint_completeness_mandatory
2026-04-03 08:28:57.522 INFO Calculating metric: range_constraint_completeness_regular
2026-04-03 08:28:57.524 INFO Calculating metric: range_constraint_completeness_suggestion
2026-04-03 08:28:57.527 INFO Memory usage (end of timestep): 181.16 GB
2026-04-03 08:28:57.527 INFO (Iteration 119) subject_constraint_violation_count: real 1441.81s | cpu 1450.45s
2026-04-03 08:28:57.527 INFO (Iteration 119) statement_count_property_subject: real 15.82s | cpu 20.95s
2026-04-03 08:28:57.527 INFO (Iteration 119) subject_constraint_violation_total: real 0.00s | cpu 0.00s
2026-04-03 08:28:57.527 INFO (Iteration 119) subject_constraint_violation_ratio: real 0.00s | cpu 0.00s
2026-04-03 08:28:57.527 INFO (Iteration 119) subject_constraint_completeness: real 0.00s | cpu 0.00s
2026-04-03 08:28:57.527 INFO (Iteration 119) range_constraint_violation_count: real 17.82s | cpu 19.85s
2026-04-03 08:28:57.527 INFO (Iteration 119) range_constraint_violation_count_mandatory: real 1.81s | cpu 3.31s
2026-04-03 08:28:57.527 INFO (Iteration 119) range_constraint_violation_count_regular: real 15.43s | cpu 17.35s
2026-04-03 08:28:57.527 INFO (Iteration 119) range_constraint_violation_count_suggestion: real 0.52s | cpu 1.82s
2026-04-03 08:28:57.528 INFO (Iteration 119) statement_count_property_range_all: real 0.12s | cpu 1.76s
2026-04-03 08:28:57.528 INFO (Iteration 119) statement_count_property_range_mandatory: real 0.10s | cpu 1.39s
2026-04-03 08:28:57.528 INFO (Iteration 119) statement_count_property_range_regular: real 0.10s | cpu 1.43s
2026-04-03 08:28:57.528 INFO (Iteration 119) statement_count_property_range_suggestion: real 0.09s | cpu 1.37s
2026-04-03 08:28:57.528 INFO (Iteration 119) range_constraint_violation_total_all: real 0.00s | cpu 0.00s
2026-04-03 08:28:57.528 INFO (Iteration 119) range_constraint_violation_ratio: real 0.00s | cpu 0.00s
2026-04-03 08:28:57.528 INFO (Iteration 119) range_constraint_completeness: real 0.00s | cpu 0.00s
2026-04-03 08:28:57.528 INFO (Iteration 119) range_constraint_violation_total_mandatory: real 0.00s | cpu 0.00s
2026-04-03 08:28:57.528 INFO (Iteration 119) range_constraint_violation_ratio_mandatory: real 0.00s | cpu 0.00s
2026-04-03 08:28:57.528 INFO (Iteration 119) range_constraint_completeness_mandatory: real 0.00s | cpu 0.00s
2026-04-03 08:28:57.528 INFO (Iteration 119) range_constraint_violation_total_regular: real 0.00s | cpu 0.00s
2026-04-03 08:28:57.528 INFO (Iteration 119) range_constraint_violation_ratio_regular: real 0.00s | cpu 0.00s
2026-04-03 08:28:57.528 INFO (Iteration 119) range_constraint_completeness_regular: real 0.00s | cpu 0.00s
2026-04-03 08:28:57.528 INFO (Iteration 119) range_constraint_violation_total_suggestion: real 0.00s | cpu 0.00s
2026-04-03 08:28:57.528 INFO (Iteration 119) range_constraint_violation_ratio_suggestion: real 0.00s | cpu 0.00s
2026-04-03 08:28:57.528 INFO (Iteration 119) range_constraint_completeness_suggestion: real 0.00s | cpu 0.00s
2026-04-03 08:28:57.528 INFO Iteration 119 finished in 1621.80s (real) and 1639.95s (process)
2026-04-03 08:28:57.528 INFO Start timestep 2022-09-07 00:00:00+00:00 -> 2022-10-07 00:00:00+00:00
2026-04-03 08:31:38.556 INFO Loading data (2022-09-07 00:00:00+00:00 -> 2022-10-07 00:00:00+00:00) done in 161.03s (real) and 95.76s (process)
2026-04-03 08:31:38.557 INFO Memory usage (start of timestep): 181.16 GB
2026-04-03 08:31:38.557 INFO Calculating metrics
2026-04-03 08:31:38.557 INFO Calculating metric: subject_constraint_violation_count
2026-04-03 08:39:28.916 INFO [subject_constraint_violation_count] processed rows=11543883, result_rows=1603
2026-04-03 08:39:30.650 INFO Calculating metric: statement_count_property_subject
2026-04-03 08:39:46.641 INFO Calculating metric: range_constraint_violation_count
2026-04-03 08:40:20.504 INFO Calculating metric: range_constraint_violation_count_mandatory
2026-04-03 08:40:30.802 INFO Calculating metric: range_constraint_violation_count_regular
2026-04-03 08:40:54.396 INFO Calculating metric: range_constraint_violation_count_suggestion
2026-04-03 08:40:54.690 INFO Calculating metric: statement_count_property_range_all
2026-04-03 08:40:54.788 INFO Calculating metric: statement_count_property_range_mandatory
2026-04-03 08:40:54.861 INFO Calculating metric: statement_count_property_range_regular
2026-04-03 08:40:54.936 INFO Calculating metric: statement_count_property_range_suggestion
2026-04-03 08:40:55.009 INFO Calculating metric: subject_constraint_violation_total
2026-04-03 08:40:55.012 INFO Calculating metric: range_constraint_violation_total_all
2026-04-03 08:40:55.015 INFO Calculating metric: range_constraint_violation_total_mandatory
2026-04-03 08:40:55.018 INFO Calculating metric: range_constraint_violation_total_regular
2026-04-03 08:40:55.020 INFO Calculating metric: range_constraint_violation_total_suggestion
2026-04-03 08:40:55.023 INFO Calculating metric: subject_constraint_violation_ratio
2026-04-03 08:40:55.025 INFO Calculating metric: range_constraint_violation_ratio
2026-04-03 08:40:55.027 INFO Calculating metric: range_constraint_violation_ratio_mandatory
2026-04-03 08:40:55.030 INFO Calculating metric: range_constraint_violation_ratio_regular
2026-04-03 08:40:55.032 INFO Calculating metric: range_constraint_violation_ratio_suggestion
2026-04-03 08:40:55.035 INFO Calculating metric: subject_constraint_completeness
2026-04-03 08:40:55.037 INFO Calculating metric: range_constraint_completeness
2026-04-03 08:40:55.040 INFO Calculating metric: range_constraint_completeness_mandatory
2026-04-03 08:40:55.042 INFO Calculating metric: range_constraint_completeness_regular
2026-04-03 08:40:55.044 INFO Calculating metric: range_constraint_completeness_suggestion
2026-04-03 08:40:55.047 INFO Memory usage (end of timestep): 181.16 GB
2026-04-03 08:40:55.047 INFO (Iteration 120) subject_constraint_violation_count: real 472.09s | cpu 478.97s
2026-04-03 08:40:55.047 INFO (Iteration 120) statement_count_property_subject: real 15.99s | cpu 22.65s
2026-04-03 08:40:55.047 INFO (Iteration 120) subject_constraint_violation_total: real 0.00s | cpu 0.00s
2026-04-03 08:40:55.047 INFO (Iteration 120) subject_constraint_violation_ratio: real 0.00s | cpu 0.00s
2026-04-03 08:40:55.047 INFO (Iteration 120) subject_constraint_completeness: real 0.00s | cpu 0.00s
2026-04-03 08:40:55.047 INFO (Iteration 120) range_constraint_violation_count: real 33.86s | cpu 36.50s
2026-04-03 08:40:55.047 INFO (Iteration 120) range_constraint_violation_count_mandatory: real 10.30s | cpu 11.82s
2026-04-03 08:40:55.047 INFO (Iteration 120) range_constraint_violation_count_regular: real 23.59s | cpu 25.92s
2026-04-03 08:40:55.047 INFO (Iteration 120) range_constraint_violation_count_suggestion: real 0.29s | cpu 1.54s
2026-04-03 08:40:55.047 INFO (Iteration 120) statement_count_property_range_all: real 0.10s | cpu 1.30s
2026-04-03 08:40:55.047 INFO (Iteration 120) statement_count_property_range_mandatory: real 0.07s | cpu 0.99s
2026-04-03 08:40:55.047 INFO (Iteration 120) statement_count_property_range_regular: real 0.08s | cpu 1.04s
2026-04-03 08:40:55.047 INFO (Iteration 120) statement_count_property_range_suggestion: real 0.07s | cpu 0.95s
2026-04-03 08:40:55.047 INFO (Iteration 120) range_constraint_violation_total_all: real 0.00s | cpu 0.00s
2026-04-03 08:40:55.047 INFO (Iteration 120) range_constraint_violation_ratio: real 0.00s | cpu 0.00s
2026-04-03 08:40:55.047 INFO (Iteration 120) range_constraint_completeness: real 0.00s | cpu 0.00s
2026-04-03 08:40:55.047 INFO (Iteration 120) range_constraint_violation_total_mandatory: real 0.00s | cpu 0.00s
2026-04-03 08:40:55.047 INFO (Iteration 120) range_constraint_violation_ratio_mandatory: real 0.00s | cpu 0.00s
2026-04-03 08:40:55.047 INFO (Iteration 120) range_constraint_completeness_mandatory: real 0.00s | cpu 0.00s
2026-04-03 08:40:55.047 INFO (Iteration 120) range_constraint_violation_total_regular: real 0.00s | cpu 0.00s
2026-04-03 08:40:55.047 INFO (Iteration 120) range_constraint_violation_ratio_regular: real 0.00s | cpu 0.00s
2026-04-03 08:40:55.047 INFO (Iteration 120) range_constraint_completeness_regular: real 0.00s | cpu 0.00s
2026-04-03 08:40:55.047 INFO (Iteration 120) range_constraint_violation_total_suggestion: real 0.00s | cpu 0.00s
2026-04-03 08:40:55.047 INFO (Iteration 120) range_constraint_violation_ratio_suggestion: real 0.00s | cpu 0.00s
2026-04-03 08:40:55.047 INFO (Iteration 120) range_constraint_completeness_suggestion: real 0.00s | cpu 0.00s
2026-04-03 08:40:55.047 INFO Iteration 120 finished in 717.52s (real) and 677.44s (process)
2026-04-03 08:40:55.047 INFO Start timestep 2022-10-07 00:00:00+00:00 -> 2022-11-06 00:00:00+00:00
2026-04-03 08:43:10.918 INFO Loading data (2022-10-07 00:00:00+00:00 -> 2022-11-06 00:00:00+00:00) done in 135.87s (real) and 167.34s (process)
2026-04-03 08:43:10.919 INFO Memory usage (start of timestep): 181.16 GB
2026-04-03 08:43:10.919 INFO Calculating metrics
2026-04-03 08:43:10.919 INFO Calculating metric: subject_constraint_violation_count
2026-04-03 09:04:27.112 INFO [subject_constraint_violation_count] processed rows=9403100, result_rows=1780
2026-04-03 09:04:28.693 INFO Calculating metric: statement_count_property_subject
2026-04-03 09:04:44.253 INFO Calculating metric: range_constraint_violation_count
2026-04-03 09:05:19.640 INFO Calculating metric: range_constraint_violation_count_mandatory
2026-04-03 09:05:22.817 INFO Calculating metric: range_constraint_violation_count_regular
2026-04-03 09:05:54.623 INFO Calculating metric: range_constraint_violation_count_suggestion
2026-04-03 09:05:54.878 INFO Calculating metric: statement_count_property_range_all
2026-04-03 09:05:54.974 INFO Calculating metric: statement_count_property_range_mandatory
2026-04-03 09:05:55.036 INFO Calculating metric: statement_count_property_range_regular
2026-04-03 09:05:55.100 INFO Calculating metric: statement_count_property_range_suggestion
2026-04-03 09:05:55.159 INFO Calculating metric: subject_constraint_violation_total
2026-04-03 09:05:55.164 INFO Calculating metric: range_constraint_violation_total_all
2026-04-03 09:05:55.172 INFO Calculating metric: range_constraint_violation_total_mandatory
2026-04-03 09:05:55.176 INFO Calculating metric: range_constraint_violation_total_regular
2026-04-03 09:05:55.179 INFO Calculating metric: range_constraint_violation_total_suggestion
2026-04-03 09:05:55.182 INFO Calculating metric: subject_constraint_violation_ratio
2026-04-03 09:05:55.185 INFO Calculating metric: range_constraint_violation_ratio
2026-04-03 09:05:55.188 INFO Calculating metric: range_constraint_violation_ratio_mandatory
2026-04-03 09:05:55.191 INFO Calculating metric: range_constraint_violation_ratio_regular
2026-04-03 09:05:55.194 INFO Calculating metric: range_constraint_violation_ratio_suggestion
2026-04-03 09:05:55.197 INFO Calculating metric: subject_constraint_completeness
2026-04-03 09:05:55.200 INFO Calculating metric: range_constraint_completeness
2026-04-03 09:05:55.203 INFO Calculating metric: range_constraint_completeness_mandatory
2026-04-03 09:05:55.206 INFO Calculating metric: range_constraint_completeness_regular
2026-04-03 09:05:55.209 INFO Calculating metric: range_constraint_completeness_suggestion
2026-04-03 09:05:55.212 INFO Memory usage (end of timestep): 181.16 GB
2026-04-03 09:05:55.212 INFO (Iteration 121) subject_constraint_violation_count: real 1277.77s | cpu 1284.23s
2026-04-03 09:05:55.213 INFO (Iteration 121) statement_count_property_subject: real 15.56s | cpu 21.49s
2026-04-03 09:05:55.224 INFO (Iteration 121) subject_constraint_violation_total: real 0.00s | cpu 0.00s
2026-04-03 09:05:55.224 INFO (Iteration 121) subject_constraint_violation_ratio: real 0.00s | cpu 0.00s
2026-04-03 09:05:55.224 INFO (Iteration 121) subject_constraint_completeness: real 0.00s | cpu 0.00s
2026-04-03 09:05:55.224 INFO (Iteration 121) range_constraint_violation_count: real 35.39s | cpu 37.77s
2026-04-03 09:05:55.224 INFO (Iteration 121) range_constraint_violation_count_mandatory: real 3.18s | cpu 4.32s
2026-04-03 09:05:55.224 INFO (Iteration 121) range_constraint_violation_count_regular: real 31.81s | cpu 33.93s
2026-04-03 09:05:55.225 INFO (Iteration 121) range_constraint_violation_count_suggestion: real 0.25s | cpu 1.12s
2026-04-03 09:05:55.225 INFO (Iteration 121) statement_count_property_range_all: real 0.10s | cpu 1.30s
2026-04-03 09:05:55.225 INFO (Iteration 121) statement_count_property_range_mandatory: real 0.06s | cpu 0.79s
2026-04-03 09:05:55.225 INFO (Iteration 121) statement_count_property_range_regular: real 0.06s | cpu 0.84s
2026-04-03 09:05:55.225 INFO (Iteration 121) statement_count_property_range_suggestion: real 0.06s | cpu 0.76s
2026-04-03 09:05:55.225 INFO (Iteration 121) range_constraint_violation_total_all: real 0.01s | cpu 0.00s
2026-04-03 09:05:55.225 INFO (Iteration 121) range_constraint_violation_ratio: real 0.00s | cpu 0.00s
2026-04-03 09:05:55.225 INFO (Iteration 121) range_constraint_completeness: real 0.00s | cpu 0.00s
2026-04-03 09:05:55.225 INFO (Iteration 121) range_constraint_violation_total_mandatory: real 0.00s | cpu 0.00s
2026-04-03 09:05:55.225 INFO (Iteration 121) range_constraint_violation_ratio_mandatory: real 0.00s | cpu 0.00s
2026-04-03 09:05:55.225 INFO (Iteration 121) range_constraint_completeness_mandatory: real 0.00s | cpu 0.00s
2026-04-03 09:05:55.225 INFO (Iteration 121) range_constraint_violation_total_regular: real 0.00s | cpu 0.00s
2026-04-03 09:05:55.225 INFO (Iteration 121) range_constraint_violation_ratio_regular: real 0.00s | cpu 0.00s
2026-04-03 09:05:55.225 INFO (Iteration 121) range_constraint_completeness_regular: real 0.00s | cpu 0.00s
2026-04-03 09:05:55.225 INFO (Iteration 121) range_constraint_violation_total_suggestion: real 0.00s | cpu 0.00s
2026-04-03 09:05:55.225 INFO (Iteration 121) range_constraint_violation_ratio_suggestion: real 0.00s | cpu 0.00s
2026-04-03 09:05:55.225 INFO (Iteration 121) range_constraint_completeness_suggestion: real 0.00s | cpu 0.00s
2026-04-03 09:05:55.225 INFO Iteration 121 finished in 1500.18s (real) and 1553.93s (process)
2026-04-03 09:05:55.225 INFO Start timestep 2022-11-06 00:00:00+00:00 -> 2022-12-06 00:00:00+00:00
2026-04-03 09:07:49.375 INFO Loading data (2022-11-06 00:00:00+00:00 -> 2022-12-06 00:00:00+00:00) done in 114.15s (real) and 69.79s (process)
2026-04-03 09:07:49.384 INFO Memory usage (start of timestep): 181.16 GB
2026-04-03 09:07:49.384 INFO Calculating metrics
2026-04-03 09:07:49.385 INFO Calculating metric: subject_constraint_violation_count
2026-04-03 09:12:03.403 INFO [subject_constraint_violation_count] processed rows=8454542, result_rows=1754
2026-04-03 09:12:05.399 INFO Calculating metric: statement_count_property_subject
2026-04-03 09:12:16.302 INFO Calculating metric: range_constraint_violation_count
2026-04-03 09:13:32.381 INFO Calculating metric: range_constraint_violation_count_mandatory
2026-04-03 09:13:34.632 INFO Calculating metric: range_constraint_violation_count_regular
2026-04-03 09:14:46.179 INFO Calculating metric: range_constraint_violation_count_suggestion
2026-04-03 09:14:47.164 INFO Calculating metric: statement_count_property_range_all
2026-04-03 09:14:47.251 INFO Calculating metric: statement_count_property_range_mandatory
2026-04-03 09:14:47.303 INFO Calculating metric: statement_count_property_range_regular
2026-04-03 09:14:47.360 INFO Calculating metric: statement_count_property_range_suggestion
2026-04-03 09:14:47.409 INFO Calculating metric: subject_constraint_violation_total
2026-04-03 09:14:47.412 INFO Calculating metric: range_constraint_violation_total_all
2026-04-03 09:14:47.415 INFO Calculating metric: range_constraint_violation_total_mandatory
2026-04-03 09:14:47.418 INFO Calculating metric: range_constraint_violation_total_regular
2026-04-03 09:14:47.420 INFO Calculating metric: range_constraint_violation_total_suggestion
2026-04-03 09:14:47.422 INFO Calculating metric: subject_constraint_violation_ratio
2026-04-03 09:14:47.425 INFO Calculating metric: range_constraint_violation_ratio
2026-04-03 09:14:47.427 INFO Calculating metric: range_constraint_violation_ratio_mandatory
2026-04-03 09:14:47.430 INFO Calculating metric: range_constraint_violation_ratio_regular
2026-04-03 09:14:47.432 INFO Calculating metric: range_constraint_violation_ratio_suggestion
2026-04-03 09:14:47.435 INFO Calculating metric: subject_constraint_completeness
2026-04-03 09:14:47.437 INFO Calculating metric: range_constraint_completeness
2026-04-03 09:14:47.439 INFO Calculating metric: range_constraint_completeness_mandatory
2026-04-03 09:14:47.442 INFO Calculating metric: range_constraint_completeness_regular
2026-04-03 09:14:47.444 INFO Calculating metric: range_constraint_completeness_suggestion
2026-04-03 09:14:47.446 INFO Memory usage (end of timestep): 181.16 GB
2026-04-03 09:14:47.446 INFO (Iteration 122) subject_constraint_violation_count: real 256.01s | cpu 260.31s
2026-04-03 09:14:47.446 INFO (Iteration 122) statement_count_property_subject: real 10.89s | cpu 15.10s
2026-04-03 09:14:47.446 INFO (Iteration 122) subject_constraint_violation_total: real 0.00s | cpu 0.00s
2026-04-03 09:14:47.446 INFO (Iteration 122) subject_constraint_violation_ratio: real 0.00s | cpu 0.00s
2026-04-03 09:14:47.446 INFO (Iteration 122) subject_constraint_completeness: real 0.00s | cpu 0.00s
2026-04-03 09:14:47.446 INFO (Iteration 122) range_constraint_violation_count: real 76.08s | cpu 78.60s
2026-04-03 09:14:47.446 INFO (Iteration 122) range_constraint_violation_count_mandatory: real 2.24s | cpu 3.43s
2026-04-03 09:14:47.446 INFO (Iteration 122) range_constraint_violation_count_regular: real 71.55s | cpu 73.81s
2026-04-03 09:14:47.446 INFO (Iteration 122) range_constraint_violation_count_suggestion: real 0.97s | cpu 1.93s
2026-04-03 09:14:47.446 INFO (Iteration 122) statement_count_property_range_all: real 0.09s | cpu 1.21s
2026-04-03 09:14:47.446 INFO (Iteration 122) statement_count_property_range_mandatory: real 0.05s | cpu 0.71s
2026-04-03 09:14:47.446 INFO (Iteration 122) statement_count_property_range_regular: real 0.06s | cpu 0.76s
2026-04-03 09:14:47.446 INFO (Iteration 122) statement_count_property_range_suggestion: real 0.05s | cpu 0.65s
2026-04-03 09:14:47.446 INFO (Iteration 122) range_constraint_violation_total_all: real 0.00s | cpu 0.00s
2026-04-03 09:14:47.446 INFO (Iteration 122) range_constraint_violation_ratio: real 0.00s | cpu 0.00s
2026-04-03 09:14:47.446 INFO (Iteration 122) range_constraint_completeness: real 0.00s | cpu 0.00s
2026-04-03 09:14:47.446 INFO (Iteration 122) range_constraint_violation_total_mandatory: real 0.00s | cpu 0.00s
2026-04-03 09:14:47.446 INFO (Iteration 122) range_constraint_violation_ratio_mandatory: real 0.00s | cpu 0.00s
2026-04-03 09:14:47.446 INFO (Iteration 122) range_constraint_completeness_mandatory: real 0.00s | cpu 0.00s
2026-04-03 09:14:47.446 INFO (Iteration 122) range_constraint_violation_total_regular: real 0.00s | cpu 0.00s
2026-04-03 09:14:47.446 INFO (Iteration 122) range_constraint_violation_ratio_regular: real 0.00s | cpu 0.00s
2026-04-03 09:14:47.446 INFO (Iteration 122) range_constraint_completeness_regular: real 0.00s | cpu 0.00s
2026-04-03 09:14:47.446 INFO (Iteration 122) range_constraint_violation_total_suggestion: real 0.00s | cpu 0.00s
2026-04-03 09:14:47.446 INFO (Iteration 122) range_constraint_violation_ratio_suggestion: real 0.00s | cpu 0.00s
2026-04-03 09:14:47.447 INFO (Iteration 122) range_constraint_completeness_suggestion: real 0.00s | cpu 0.00s
2026-04-03 09:14:47.447 INFO Iteration 122 finished in 532.22s (real) and 506.32s (process)
2026-04-03 09:14:47.447 INFO Start timestep 2022-12-06 00:00:00+00:00 -> 2023-01-05 00:00:00+00:00
2026-04-03 09:16:17.258 INFO Loading data (2022-12-06 00:00:00+00:00 -> 2023-01-05 00:00:00+00:00) done in 89.81s (real) and 53.90s (process)
2026-04-03 09:16:17.268 INFO Memory usage (start of timestep): 181.16 GB
2026-04-03 09:16:17.268 INFO Calculating metrics
2026-04-03 09:16:17.268 INFO Calculating metric: subject_constraint_violation_count
2026-04-03 09:48:34.678 INFO [subject_constraint_violation_count] processed rows=6482316, result_rows=1771
2026-04-03 09:48:37.604 INFO Calculating metric: statement_count_property_subject
2026-04-03 09:48:54.503 INFO Calculating metric: range_constraint_violation_count
2026-04-03 09:49:19.250 INFO Calculating metric: range_constraint_violation_count_mandatory
2026-04-03 09:49:20.873 INFO Calculating metric: range_constraint_violation_count_regular
2026-04-03 09:49:43.595 INFO Calculating metric: range_constraint_violation_count_suggestion
2026-04-03 09:49:43.827 INFO Calculating metric: statement_count_property_range_all
2026-04-03 09:49:43.899 INFO Calculating metric: statement_count_property_range_mandatory
2026-04-03 09:49:43.941 INFO Calculating metric: statement_count_property_range_regular
2026-04-03 09:49:43.987 INFO Calculating metric: statement_count_property_range_suggestion
2026-04-03 09:49:44.031 INFO Calculating metric: subject_constraint_violation_total
2026-04-03 09:49:44.034 INFO Calculating metric: range_constraint_violation_total_all
2026-04-03 09:49:44.037 INFO Calculating metric: range_constraint_violation_total_mandatory
2026-04-03 09:49:44.041 INFO Calculating metric: range_constraint_violation_total_regular
2026-04-03 09:49:44.043 INFO Calculating metric: range_constraint_violation_total_suggestion
2026-04-03 09:49:44.046 INFO Calculating metric: subject_constraint_violation_ratio
2026-04-03 09:49:44.048 INFO Calculating metric: range_constraint_violation_ratio
2026-04-03 09:49:44.051 INFO Calculating metric: range_constraint_violation_ratio_mandatory
2026-04-03 09:49:44.054 INFO Calculating metric: range_constraint_violation_ratio_regular
2026-04-03 09:49:44.056 INFO Calculating metric: range_constraint_violation_ratio_suggestion
2026-04-03 09:49:44.060 INFO Calculating metric: subject_constraint_completeness
2026-04-03 09:49:44.064 INFO Calculating metric: range_constraint_completeness
2026-04-03 09:49:44.067 INFO Calculating metric: range_constraint_completeness_mandatory
2026-04-03 09:49:44.070 INFO Calculating metric: range_constraint_completeness_regular
2026-04-03 09:49:44.072 INFO Calculating metric: range_constraint_completeness_suggestion
2026-04-03 09:49:44.075 INFO Memory usage (end of timestep): 181.16 GB
2026-04-03 09:49:44.075 INFO (Iteration 123) subject_constraint_violation_count: real 1940.34s | cpu 1945.75s
2026-04-03 09:49:44.075 INFO (Iteration 123) statement_count_property_subject: real 16.89s | cpu 19.36s
2026-04-03 09:49:44.075 INFO (Iteration 123) subject_constraint_violation_total: real 0.00s | cpu 0.00s
2026-04-03 09:49:44.075 INFO (Iteration 123) subject_constraint_violation_ratio: real 0.00s | cpu 0.00s
2026-04-03 09:49:44.075 INFO (Iteration 123) subject_constraint_completeness: real 0.00s | cpu 0.00s
2026-04-03 09:49:44.075 INFO (Iteration 123) range_constraint_violation_count: real 24.75s | cpu 26.10s
2026-04-03 09:49:44.075 INFO (Iteration 123) range_constraint_violation_count_mandatory: real 1.62s | cpu 2.67s
2026-04-03 09:49:44.075 INFO (Iteration 123) range_constraint_violation_count_regular: real 22.72s | cpu 23.91s
2026-04-03 09:49:44.075 INFO (Iteration 123) range_constraint_violation_count_suggestion: real 0.23s | cpu 1.10s
2026-04-03 09:49:44.075 INFO (Iteration 123) statement_count_property_range_all: real 0.07s | cpu 0.96s
2026-04-03 09:49:44.075 INFO (Iteration 123) statement_count_property_range_mandatory: real 0.04s | cpu 0.55s
2026-04-03 09:49:44.075 INFO (Iteration 123) statement_count_property_range_regular: real 0.05s | cpu 0.59s
2026-04-03 09:49:44.075 INFO (Iteration 123) statement_count_property_range_suggestion: real 0.04s | cpu 0.52s
2026-04-03 09:49:44.075 INFO (Iteration 123) range_constraint_violation_total_all: real 0.00s | cpu 0.00s
2026-04-03 09:49:44.075 INFO (Iteration 123) range_constraint_violation_ratio: real 0.00s | cpu 0.00s
2026-04-03 09:49:44.075 INFO (Iteration 123) range_constraint_completeness: real 0.00s | cpu 0.00s
2026-04-03 09:49:44.075 INFO (Iteration 123) range_constraint_violation_total_mandatory: real 0.00s | cpu 0.00s
2026-04-03 09:49:44.075 INFO (Iteration 123) range_constraint_violation_ratio_mandatory: real 0.00s | cpu 0.00s
2026-04-03 09:49:44.075 INFO (Iteration 123) range_constraint_completeness_mandatory: real 0.00s | cpu 0.00s
2026-04-03 09:49:44.075 INFO (Iteration 123) range_constraint_violation_total_regular: real 0.00s | cpu 0.00s
2026-04-03 09:49:44.075 INFO (Iteration 123) range_constraint_violation_ratio_regular: real 0.00s | cpu 0.00s
2026-04-03 09:49:44.075 INFO (Iteration 123) range_constraint_completeness_regular: real 0.00s | cpu 0.00s
2026-04-03 09:49:44.075 INFO (Iteration 123) range_constraint_violation_total_suggestion: real 0.00s | cpu 0.00s
2026-04-03 09:49:44.075 INFO (Iteration 123) range_constraint_violation_ratio_suggestion: real 0.00s | cpu 0.00s
2026-04-03 09:49:44.075 INFO (Iteration 123) range_constraint_completeness_suggestion: real 0.00s | cpu 0.00s
2026-04-03 09:49:44.075 INFO Iteration 123 finished in 2096.63s (real) and 2075.43s (process)
2026-04-03 09:49:44.076 INFO Start timestep 2023-01-05 00:00:00+00:00 -> 2023-02-04 00:00:00+00:00
2026-04-03 09:51:33.775 INFO Loading data (2023-01-05 00:00:00+00:00 -> 2023-02-04 00:00:00+00:00) done in 109.70s (real) and 89.99s (process)
2026-04-03 09:51:33.787 INFO Memory usage (start of timestep): 181.16 GB
2026-04-03 09:51:33.787 INFO Calculating metrics
2026-04-03 09:51:33.787 INFO Calculating metric: subject_constraint_violation_count
2026-04-03 10:02:53.237 INFO [subject_constraint_violation_count] processed rows=6935465, result_rows=1822
2026-04-03 10:02:54.808 INFO Calculating metric: statement_count_property_subject
2026-04-03 10:03:08.442 INFO Calculating metric: range_constraint_violation_count
2026-04-03 10:03:22.582 INFO Calculating metric: range_constraint_violation_count_mandatory
2026-04-03 10:03:24.120 INFO Calculating metric: range_constraint_violation_count_regular
2026-04-03 10:03:35.498 INFO Calculating metric: range_constraint_violation_count_suggestion
2026-04-03 10:03:36.948 INFO Calculating metric: statement_count_property_range_all
2026-04-03 10:03:37.045 INFO Calculating metric: statement_count_property_range_mandatory
2026-04-03 10:03:37.104 INFO Calculating metric: statement_count_property_range_regular
2026-04-03 10:03:37.169 INFO Calculating metric: statement_count_property_range_suggestion
2026-04-03 10:03:37.228 INFO Calculating metric: subject_constraint_violation_total
2026-04-03 10:03:37.231 INFO Calculating metric: range_constraint_violation_total_all
2026-04-03 10:03:37.234 INFO Calculating metric: range_constraint_violation_total_mandatory
2026-04-03 10:03:37.236 INFO Calculating metric: range_constraint_violation_total_regular
2026-04-03 10:03:37.238 INFO Calculating metric: range_constraint_violation_total_suggestion
2026-04-03 10:03:37.240 INFO Calculating metric: subject_constraint_violation_ratio
2026-04-03 10:03:37.241 INFO Calculating metric: range_constraint_violation_ratio
2026-04-03 10:03:37.243 INFO Calculating metric: range_constraint_violation_ratio_mandatory
2026-04-03 10:03:37.245 INFO Calculating metric: range_constraint_violation_ratio_regular
2026-04-03 10:03:37.246 INFO Calculating metric: range_constraint_violation_ratio_suggestion
2026-04-03 10:03:37.248 INFO Calculating metric: subject_constraint_completeness
2026-04-03 10:03:37.250 INFO Calculating metric: range_constraint_completeness
2026-04-03 10:03:37.252 INFO Calculating metric: range_constraint_completeness_mandatory
2026-04-03 10:03:37.253 INFO Calculating metric: range_constraint_completeness_regular
2026-04-03 10:03:37.255 INFO Calculating metric: range_constraint_completeness_suggestion
2026-04-03 10:03:37.256 INFO Memory usage (end of timestep): 181.16 GB
2026-04-03 10:03:37.256 INFO (Iteration 124) subject_constraint_violation_count: real 681.02s | cpu 685.84s
2026-04-03 10:03:37.256 INFO (Iteration 124) statement_count_property_subject: real 13.61s | cpu 18.76s
2026-04-03 10:03:37.257 INFO (Iteration 124) subject_constraint_violation_total: real 0.00s | cpu 0.00s
2026-04-03 10:03:37.257 INFO (Iteration 124) subject_constraint_violation_ratio: real 0.00s | cpu 0.00s
2026-04-03 10:03:37.257 INFO (Iteration 124) subject_constraint_completeness: real 0.00s | cpu 0.00s
2026-04-03 10:03:37.257 INFO (Iteration 124) range_constraint_violation_count: real 14.14s | cpu 15.47s
2026-04-03 10:03:37.257 INFO (Iteration 124) range_constraint_violation_count_mandatory: real 1.54s | cpu 2.46s
2026-04-03 10:03:37.257 INFO (Iteration 124) range_constraint_violation_count_regular: real 11.38s | cpu 12.61s
2026-04-03 10:03:37.257 INFO (Iteration 124) range_constraint_violation_count_suggestion: real 1.45s | cpu 2.40s
2026-04-03 10:03:37.257 INFO (Iteration 124) statement_count_property_range_all: real 0.10s | cpu 1.27s
2026-04-03 10:03:37.257 INFO (Iteration 124) statement_count_property_range_mandatory: real 0.06s | cpu 0.76s
2026-04-03 10:03:37.257 INFO (Iteration 124) statement_count_property_range_regular: real 0.06s | cpu 0.79s
2026-04-03 10:03:37.257 INFO (Iteration 124) statement_count_property_range_suggestion: real 0.06s | cpu 0.71s
2026-04-03 10:03:37.257 INFO (Iteration 124) range_constraint_violation_total_all: real 0.00s | cpu 0.00s
2026-04-03 10:03:37.257 INFO (Iteration 124) range_constraint_violation_ratio: real 0.00s | cpu 0.00s
2026-04-03 10:03:37.257 INFO (Iteration 124) range_constraint_completeness: real 0.00s | cpu 0.00s
2026-04-03 10:03:37.257 INFO (Iteration 124) range_constraint_violation_total_mandatory: real 0.00s | cpu 0.00s
2026-04-03 10:03:37.257 INFO (Iteration 124) range_constraint_violation_ratio_mandatory: real 0.00s | cpu 0.00s
2026-04-03 10:03:37.257 INFO (Iteration 124) range_constraint_completeness_mandatory: real 0.00s | cpu 0.00s
2026-04-03 10:03:37.257 INFO (Iteration 124) range_constraint_violation_total_regular: real 0.00s | cpu 0.00s
2026-04-03 10:03:37.257 INFO (Iteration 124) range_constraint_violation_ratio_regular: real 0.00s | cpu 0.00s
2026-04-03 10:03:37.257 INFO (Iteration 124) range_constraint_completeness_regular: real 0.00s | cpu 0.00s
2026-04-03 10:03:37.257 INFO (Iteration 124) range_constraint_violation_total_suggestion: real 0.00s | cpu 0.00s
2026-04-03 10:03:37.257 INFO (Iteration 124) range_constraint_violation_ratio_suggestion: real 0.00s | cpu 0.00s
2026-04-03 10:03:37.257 INFO (Iteration 124) range_constraint_completeness_suggestion: real 0.00s | cpu 0.00s
2026-04-03 10:03:37.257 INFO Iteration 124 finished in 833.18s (real) and 831.07s (process)
2026-04-03 10:03:37.257 INFO Start timestep 2023-02-04 00:00:00+00:00 -> 2023-03-06 00:00:00+00:00
2026-04-03 10:05:16.237 INFO Loading data (2023-02-04 00:00:00+00:00 -> 2023-03-06 00:00:00+00:00) done in 98.98s (real) and 61.59s (process)
2026-04-03 10:05:16.246 INFO Memory usage (start of timestep): 181.16 GB
2026-04-03 10:05:16.246 INFO Calculating metrics
2026-04-03 10:05:16.247 INFO Calculating metric: subject_constraint_violation_count
2026-04-03 10:36:24.228 INFO [subject_constraint_violation_count] processed rows=7304348, result_rows=1848
2026-04-03 10:36:25.572 INFO Calculating metric: statement_count_property_subject
2026-04-03 10:36:37.252 INFO Calculating metric: range_constraint_violation_count
2026-04-03 10:36:55.678 INFO Calculating metric: range_constraint_violation_count_mandatory
2026-04-03 10:36:58.179 INFO Calculating metric: range_constraint_violation_count_regular
2026-04-03 10:37:13.833 INFO Calculating metric: range_constraint_violation_count_suggestion
2026-04-03 10:37:14.148 INFO Calculating metric: statement_count_property_range_all
2026-04-03 10:37:14.225 INFO Calculating metric: statement_count_property_range_mandatory
2026-04-03 10:37:14.274 INFO Calculating metric: statement_count_property_range_regular
2026-04-03 10:37:14.326 INFO Calculating metric: statement_count_property_range_suggestion
2026-04-03 10:37:14.377 INFO Calculating metric: subject_constraint_violation_total
2026-04-03 10:37:14.381 INFO Calculating metric: range_constraint_violation_total_all
2026-04-03 10:37:14.384 INFO Calculating metric: range_constraint_violation_total_mandatory
2026-04-03 10:37:14.387 INFO Calculating metric: range_constraint_violation_total_regular
2026-04-03 10:37:14.390 INFO Calculating metric: range_constraint_violation_total_suggestion
2026-04-03 10:37:14.392 INFO Calculating metric: subject_constraint_violation_ratio
2026-04-03 10:37:14.394 INFO Calculating metric: range_constraint_violation_ratio
2026-04-03 10:37:14.397 INFO Calculating metric: range_constraint_violation_ratio_mandatory
2026-04-03 10:37:14.399 INFO Calculating metric: range_constraint_violation_ratio_regular
2026-04-03 10:37:14.402 INFO Calculating metric: range_constraint_violation_ratio_suggestion
2026-04-03 10:37:14.404 INFO Calculating metric: subject_constraint_completeness
2026-04-03 10:37:14.406 INFO Calculating metric: range_constraint_completeness
2026-04-03 10:37:14.409 INFO Calculating metric: range_constraint_completeness_mandatory
2026-04-03 10:37:14.411 INFO Calculating metric: range_constraint_completeness_regular
2026-04-03 10:37:14.413 INFO Calculating metric: range_constraint_completeness_suggestion
2026-04-03 10:37:14.416 INFO Memory usage (end of timestep): 181.16 GB
2026-04-03 10:37:14.416 INFO (Iteration 125) subject_constraint_violation_count: real 1869.33s | cpu 1875.29s
2026-04-03 10:37:14.416 INFO (Iteration 125) statement_count_property_subject: real 11.68s | cpu 17.43s
2026-04-03 10:37:14.416 INFO (Iteration 125) subject_constraint_violation_total: real 0.00s | cpu 0.00s
2026-04-03 10:37:14.416 INFO (Iteration 125) subject_constraint_violation_ratio: real 0.00s | cpu 0.00s
2026-04-03 10:37:14.416 INFO (Iteration 125) subject_constraint_completeness: real 0.00s | cpu 0.00s
2026-04-03 10:37:14.416 INFO (Iteration 125) range_constraint_violation_count: real 18.43s | cpu 20.13s
2026-04-03 10:37:14.416 INFO (Iteration 125) range_constraint_violation_count_mandatory: real 2.50s | cpu 3.48s
2026-04-03 10:37:14.416 INFO (Iteration 125) range_constraint_violation_count_regular: real 15.65s | cpu 17.15s
2026-04-03 10:37:14.416 INFO (Iteration 125) range_constraint_violation_count_suggestion: real 0.31s | cpu 1.12s
2026-04-03 10:37:14.416 INFO (Iteration 125) statement_count_property_range_all: real 0.08s | cpu 1.02s
2026-04-03 10:37:14.416 INFO (Iteration 125) statement_count_property_range_mandatory: real 0.05s | cpu 0.65s
2026-04-03 10:37:14.416 INFO (Iteration 125) statement_count_property_range_regular: real 0.05s | cpu 0.68s
2026-04-03 10:37:14.416 INFO (Iteration 125) statement_count_property_range_suggestion: real 0.05s | cpu 0.62s
2026-04-03 10:37:14.416 INFO (Iteration 125) range_constraint_violation_total_all: real 0.00s | cpu 0.00s
2026-04-03 10:37:14.416 INFO (Iteration 125) range_constraint_violation_ratio: real 0.00s | cpu 0.00s
2026-04-03 10:37:14.416 INFO (Iteration 125) range_constraint_completeness: real 0.00s | cpu 0.00s
2026-04-03 10:37:14.416 INFO (Iteration 125) range_constraint_violation_total_mandatory: real 0.00s | cpu 0.00s
2026-04-03 10:37:14.416 INFO (Iteration 125) range_constraint_violation_ratio_mandatory: real 0.00s | cpu 0.00s
2026-04-03 10:37:14.416 INFO (Iteration 125) range_constraint_completeness_mandatory: real 0.00s | cpu 0.00s
2026-04-03 10:37:14.416 INFO (Iteration 125) range_constraint_violation_total_regular: real 0.00s | cpu 0.00s
2026-04-03 10:37:14.416 INFO (Iteration 125) range_constraint_violation_ratio_regular: real 0.00s | cpu 0.00s
2026-04-03 10:37:14.416 INFO (Iteration 125) range_constraint_completeness_regular: real 0.00s | cpu 0.00s
2026-04-03 10:37:14.416 INFO (Iteration 125) range_constraint_violation_total_suggestion: real 0.00s | cpu 0.00s
2026-04-03 10:37:14.416 INFO (Iteration 125) range_constraint_violation_ratio_suggestion: real 0.00s | cpu 0.00s
2026-04-03 10:37:14.416 INFO (Iteration 125) range_constraint_completeness_suggestion: real 0.00s | cpu 0.00s
2026-04-03 10:37:14.416 INFO Iteration 125 finished in 2017.16s (real) and 1999.18s (process)
2026-04-03 10:37:14.416 INFO Start timestep 2023-03-06 00:00:00+00:00 -> 2023-04-05 00:00:00+00:00
2026-04-03 10:38:41.379 INFO Loading data (2023-03-06 00:00:00+00:00 -> 2023-04-05 00:00:00+00:00) done in 86.96s (real) and 74.95s (process)
2026-04-03 10:38:41.379 INFO Memory usage (start of timestep): 181.16 GB
2026-04-03 10:38:41.379 INFO Calculating metrics
2026-04-03 10:38:41.380 INFO Calculating metric: subject_constraint_violation_count
2026-04-03 10:45:40.978 INFO [subject_constraint_violation_count] processed rows=8618182, result_rows=1650
2026-04-03 10:45:42.379 INFO Calculating metric: statement_count_property_subject
2026-04-03 10:46:02.830 INFO Calculating metric: range_constraint_violation_count
2026-04-03 10:46:17.619 INFO Calculating metric: range_constraint_violation_count_mandatory
2026-04-03 10:46:20.516 INFO Calculating metric: range_constraint_violation_count_regular
2026-04-03 10:46:32.371 INFO Calculating metric: range_constraint_violation_count_suggestion
2026-04-03 10:46:32.597 INFO Calculating metric: statement_count_property_range_all
2026-04-03 10:46:32.668 INFO Calculating metric: statement_count_property_range_mandatory
2026-04-03 10:46:32.719 INFO Calculating metric: statement_count_property_range_regular
2026-04-03 10:46:32.773 INFO Calculating metric: statement_count_property_range_suggestion
2026-04-03 10:46:32.821 INFO Calculating metric: subject_constraint_violation_total
2026-04-03 10:46:32.823 INFO Calculating metric: range_constraint_violation_total_all
2026-04-03 10:46:32.826 INFO Calculating metric: range_constraint_violation_total_mandatory
2026-04-03 10:46:32.829 INFO Calculating metric: range_constraint_violation_total_regular
2026-04-03 10:46:32.832 INFO Calculating metric: range_constraint_violation_total_suggestion
2026-04-03 10:46:32.835 INFO Calculating metric: subject_constraint_violation_ratio
2026-04-03 10:46:32.838 INFO Calculating metric: range_constraint_violation_ratio
2026-04-03 10:46:32.841 INFO Calculating metric: range_constraint_violation_ratio_mandatory
2026-04-03 10:46:32.843 INFO Calculating metric: range_constraint_violation_ratio_regular
2026-04-03 10:46:32.846 INFO Calculating metric: range_constraint_violation_ratio_suggestion
2026-04-03 10:46:32.849 INFO Calculating metric: subject_constraint_completeness
2026-04-03 10:46:32.852 INFO Calculating metric: range_constraint_completeness
2026-04-03 10:46:32.855 INFO Calculating metric: range_constraint_completeness_mandatory
2026-04-03 10:46:32.858 INFO Calculating metric: range_constraint_completeness_regular
2026-04-03 10:46:32.860 INFO Calculating metric: range_constraint_completeness_suggestion
2026-04-03 10:46:32.863 INFO Memory usage (end of timestep): 181.16 GB
2026-04-03 10:46:32.864 INFO (Iteration 126) subject_constraint_violation_count: real 421.00s | cpu 425.59s
2026-04-03 10:46:32.864 INFO (Iteration 126) statement_count_property_subject: real 20.45s | cpu 23.38s
2026-04-03 10:46:32.864 INFO (Iteration 126) subject_constraint_violation_total: real 0.00s | cpu 0.00s
2026-04-03 10:46:32.864 INFO (Iteration 126) subject_constraint_violation_ratio: real 0.00s | cpu 0.00s
2026-04-03 10:46:32.864 INFO (Iteration 126) subject_constraint_completeness: real 0.00s | cpu 0.00s
2026-04-03 10:46:32.864 INFO (Iteration 126) range_constraint_violation_count: real 14.79s | cpu 16.14s
2026-04-03 10:46:32.864 INFO (Iteration 126) range_constraint_violation_count_mandatory: real 2.90s | cpu 3.84s
2026-04-03 10:46:32.864 INFO (Iteration 126) range_constraint_violation_count_regular: real 11.86s | cpu 13.01s
2026-04-03 10:46:32.864 INFO (Iteration 126) range_constraint_violation_count_suggestion: real 0.23s | cpu 1.17s
2026-04-03 10:46:32.864 INFO (Iteration 126) statement_count_property_range_all: real 0.07s | cpu 0.94s
2026-04-03 10:46:32.864 INFO (Iteration 126) statement_count_property_range_mandatory: real 0.05s | cpu 0.68s
2026-04-03 10:46:32.864 INFO (Iteration 126) statement_count_property_range_regular: real 0.05s | cpu 0.70s
2026-04-03 10:46:32.864 INFO (Iteration 126) statement_count_property_range_suggestion: real 0.05s | cpu 0.65s
2026-04-03 10:46:32.864 INFO (Iteration 126) range_constraint_violation_total_all: real 0.00s | cpu 0.00s
2026-04-03 10:46:32.864 INFO (Iteration 126) range_constraint_violation_ratio: real 0.00s | cpu 0.00s
2026-04-03 10:46:32.864 INFO (Iteration 126) range_constraint_completeness: real 0.00s | cpu 0.00s
2026-04-03 10:46:32.864 INFO (Iteration 126) range_constraint_violation_total_mandatory: real 0.00s | cpu 0.00s
2026-04-03 10:46:32.864 INFO (Iteration 126) range_constraint_violation_ratio_mandatory: real 0.00s | cpu 0.00s
2026-04-03 10:46:32.864 INFO (Iteration 126) range_constraint_completeness_mandatory: real 0.00s | cpu 0.00s
2026-04-03 10:46:32.864 INFO (Iteration 126) range_constraint_violation_total_regular: real 0.00s | cpu 0.00s
2026-04-03 10:46:32.864 INFO (Iteration 126) range_constraint_violation_ratio_regular: real 0.00s | cpu 0.00s
2026-04-03 10:46:32.864 INFO (Iteration 126) range_constraint_completeness_regular: real 0.00s | cpu 0.00s
2026-04-03 10:46:32.864 INFO (Iteration 126) range_constraint_violation_total_suggestion: real 0.00s | cpu 0.00s
2026-04-03 10:46:32.864 INFO (Iteration 126) range_constraint_violation_ratio_suggestion: real 0.00s | cpu 0.00s
2026-04-03 10:46:32.864 INFO (Iteration 126) range_constraint_completeness_suggestion: real 0.00s | cpu 0.00s
2026-04-03 10:46:32.864 INFO Iteration 126 finished in 558.45s (real) and 561.07s (process)
2026-04-03 10:46:32.865 INFO Start timestep 2023-04-05 00:00:00+00:00 -> 2023-05-05 00:00:00+00:00
2026-04-03 10:47:59.420 INFO Loading data (2023-04-05 00:00:00+00:00 -> 2023-05-05 00:00:00+00:00) done in 86.56s (real) and 53.09s (process)
2026-04-03 10:47:59.423 INFO Memory usage (start of timestep): 181.16 GB
2026-04-03 10:47:59.423 INFO Calculating metrics
2026-04-03 10:47:59.423 INFO Calculating metric: subject_constraint_violation_count
2026-04-03 10:52:12.825 INFO [subject_constraint_violation_count] processed rows=6899734, result_rows=1740
2026-04-03 10:52:13.917 INFO Calculating metric: statement_count_property_subject
2026-04-03 10:52:22.652 INFO Calculating metric: range_constraint_violation_count
2026-04-03 10:52:35.264 INFO Calculating metric: range_constraint_violation_count_mandatory
2026-04-03 10:52:37.916 INFO Calculating metric: range_constraint_violation_count_regular
2026-04-03 10:52:47.252 INFO Calculating metric: range_constraint_violation_count_suggestion
2026-04-03 10:52:48.148 INFO Calculating metric: statement_count_property_range_all
2026-04-03 10:52:48.229 INFO Calculating metric: statement_count_property_range_mandatory
2026-04-03 10:52:48.279 INFO Calculating metric: statement_count_property_range_regular
2026-04-03 10:52:48.330 INFO Calculating metric: statement_count_property_range_suggestion
2026-04-03 10:52:48.378 INFO Calculating metric: subject_constraint_violation_total
2026-04-03 10:52:48.380 INFO Calculating metric: range_constraint_violation_total_all
2026-04-03 10:52:48.383 INFO Calculating metric: range_constraint_violation_total_mandatory
2026-04-03 10:52:48.385 INFO Calculating metric: range_constraint_violation_total_regular
2026-04-03 10:52:48.387 INFO Calculating metric: range_constraint_violation_total_suggestion
2026-04-03 10:52:48.390 INFO Calculating metric: subject_constraint_violation_ratio
2026-04-03 10:52:48.392 INFO Calculating metric: range_constraint_violation_ratio
2026-04-03 10:52:48.394 INFO Calculating metric: range_constraint_violation_ratio_mandatory
2026-04-03 10:52:48.397 INFO Calculating metric: range_constraint_violation_ratio_regular
2026-04-03 10:52:48.399 INFO Calculating metric: range_constraint_violation_ratio_suggestion
2026-04-03 10:52:48.403 INFO Calculating metric: subject_constraint_completeness
2026-04-03 10:52:48.406 INFO Calculating metric: range_constraint_completeness
2026-04-03 10:52:48.408 INFO Calculating metric: range_constraint_completeness_mandatory
2026-04-03 10:52:48.410 INFO Calculating metric: range_constraint_completeness_regular
2026-04-03 10:52:48.412 INFO Calculating metric: range_constraint_completeness_suggestion
2026-04-03 10:52:48.415 INFO Memory usage (end of timestep): 181.16 GB
2026-04-03 10:52:48.415 INFO (Iteration 127) subject_constraint_violation_count: real 254.49s | cpu 258.43s
2026-04-03 10:52:48.415 INFO (Iteration 127) statement_count_property_subject: real 8.74s | cpu 13.13s
2026-04-03 10:52:48.415 INFO (Iteration 127) subject_constraint_violation_total: real 0.00s | cpu 0.00s
2026-04-03 10:52:48.415 INFO (Iteration 127) subject_constraint_violation_ratio: real 0.00s | cpu 0.00s
2026-04-03 10:52:48.415 INFO (Iteration 127) subject_constraint_completeness: real 0.00s | cpu 0.00s
2026-04-03 10:52:48.415 INFO (Iteration 127) range_constraint_violation_count: real 12.61s | cpu 13.84s
2026-04-03 10:52:48.415 INFO (Iteration 127) range_constraint_violation_count_mandatory: real 2.65s | cpu 3.69s
2026-04-03 10:52:48.415 INFO (Iteration 127) range_constraint_violation_count_regular: real 9.34s | cpu 10.37s
2026-04-03 10:52:48.415 INFO (Iteration 127) range_constraint_violation_count_suggestion: real 0.90s | cpu 1.83s
2026-04-03 10:52:48.415 INFO (Iteration 127) statement_count_property_range_all: real 0.08s | cpu 1.12s
2026-04-03 10:52:48.415 INFO (Iteration 127) statement_count_property_range_mandatory: real 0.05s | cpu 0.66s
2026-04-03 10:52:48.415 INFO (Iteration 127) statement_count_property_range_regular: real 0.05s | cpu 0.67s
2026-04-03 10:52:48.415 INFO (Iteration 127) statement_count_property_range_suggestion: real 0.05s | cpu 0.63s
2026-04-03 10:52:48.415 INFO (Iteration 127) range_constraint_violation_total_all: real 0.00s | cpu 0.00s
2026-04-03 10:52:48.415 INFO (Iteration 127) range_constraint_violation_ratio: real 0.00s | cpu 0.00s
2026-04-03 10:52:48.415 INFO (Iteration 127) range_constraint_completeness: real 0.00s | cpu 0.00s
2026-04-03 10:52:48.415 INFO (Iteration 127) range_constraint_violation_total_mandatory: real 0.00s | cpu 0.00s
2026-04-03 10:52:48.415 INFO (Iteration 127) range_constraint_violation_ratio_mandatory: real 0.00s | cpu 0.00s
2026-04-03 10:52:48.415 INFO (Iteration 127) range_constraint_completeness_mandatory: real 0.00s | cpu 0.00s
2026-04-03 10:52:48.415 INFO (Iteration 127) range_constraint_violation_total_regular: real 0.00s | cpu 0.00s
2026-04-03 10:52:48.415 INFO (Iteration 127) range_constraint_violation_ratio_regular: real 0.00s | cpu 0.00s
2026-04-03 10:52:48.415 INFO (Iteration 127) range_constraint_completeness_regular: real 0.00s | cpu 0.00s
2026-04-03 10:52:48.415 INFO (Iteration 127) range_constraint_violation_total_suggestion: real 0.00s | cpu 0.00s
2026-04-03 10:52:48.415 INFO (Iteration 127) range_constraint_violation_ratio_suggestion: real 0.00s | cpu 0.00s
2026-04-03 10:52:48.415 INFO (Iteration 127) range_constraint_completeness_suggestion: real 0.00s | cpu 0.00s
2026-04-03 10:52:48.415 INFO Iteration 127 finished in 375.55s (real) and 357.48s (process)
2026-04-03 10:52:48.415 INFO Start timestep 2023-05-05 00:00:00+00:00 -> 2023-06-04 00:00:00+00:00
2026-04-03 10:54:49.729 INFO Loading data (2023-05-05 00:00:00+00:00 -> 2023-06-04 00:00:00+00:00) done in 121.31s (real) and 145.59s (process)
2026-04-03 10:54:49.738 INFO Memory usage (start of timestep): 181.16 GB
2026-04-03 10:54:49.738 INFO Calculating metrics
2026-04-03 10:54:49.738 INFO Calculating metric: subject_constraint_violation_count
2026-04-03 11:34:59.341 INFO [subject_constraint_violation_count] processed rows=11177968, result_rows=1829
2026-04-03 11:35:01.147 INFO Calculating metric: statement_count_property_subject
2026-04-03 11:35:20.792 INFO Calculating metric: range_constraint_violation_count
2026-04-03 11:36:06.966 INFO Calculating metric: range_constraint_violation_count_mandatory
2026-04-03 11:36:10.286 INFO Calculating metric: range_constraint_violation_count_regular
2026-04-03 11:36:52.536 INFO Calculating metric: range_constraint_violation_count_suggestion
2026-04-03 11:36:52.835 INFO Calculating metric: statement_count_property_range_all
2026-04-03 11:36:52.930 INFO Calculating metric: statement_count_property_range_mandatory
2026-04-03 11:36:52.998 INFO Calculating metric: statement_count_property_range_regular
2026-04-03 11:36:53.070 INFO Calculating metric: statement_count_property_range_suggestion
2026-04-03 11:36:53.135 INFO Calculating metric: subject_constraint_violation_total
2026-04-03 11:36:53.138 INFO Calculating metric: range_constraint_violation_total_all
2026-04-03 11:36:53.141 INFO Calculating metric: range_constraint_violation_total_mandatory
2026-04-03 11:36:53.144 INFO Calculating metric: range_constraint_violation_total_regular
2026-04-03 11:36:53.146 INFO Calculating metric: range_constraint_violation_total_suggestion
2026-04-03 11:36:53.149 INFO Calculating metric: subject_constraint_violation_ratio
2026-04-03 11:36:53.152 INFO Calculating metric: range_constraint_violation_ratio
2026-04-03 11:36:53.156 INFO Calculating metric: range_constraint_violation_ratio_mandatory
2026-04-03 11:36:53.158 INFO Calculating metric: range_constraint_violation_ratio_regular
2026-04-03 11:36:53.161 INFO Calculating metric: range_constraint_violation_ratio_suggestion
2026-04-03 11:36:53.163 INFO Calculating metric: subject_constraint_completeness
2026-04-03 11:36:53.166 INFO Calculating metric: range_constraint_completeness
2026-04-03 11:36:53.169 INFO Calculating metric: range_constraint_completeness_mandatory
2026-04-03 11:36:53.172 INFO Calculating metric: range_constraint_completeness_regular
2026-04-03 11:36:53.175 INFO Calculating metric: range_constraint_completeness_suggestion
2026-04-03 11:36:53.178 INFO Memory usage (end of timestep): 181.16 GB
2026-04-03 11:36:53.178 INFO (Iteration 128) subject_constraint_violation_count: real 2411.41s | cpu 2420.31s
2026-04-03 11:36:53.178 INFO (Iteration 128) statement_count_property_subject: real 19.64s | cpu 26.73s
2026-04-03 11:36:53.178 INFO (Iteration 128) subject_constraint_violation_total: real 0.00s | cpu 0.00s
2026-04-03 11:36:53.178 INFO (Iteration 128) subject_constraint_violation_ratio: real 0.00s | cpu 0.00s
2026-04-03 11:36:53.178 INFO (Iteration 128) subject_constraint_completeness: real 0.00s | cpu 0.00s
2026-04-03 11:36:53.178 INFO (Iteration 128) range_constraint_violation_count: real 46.17s | cpu 49.10s
2026-04-03 11:36:53.178 INFO (Iteration 128) range_constraint_violation_count_mandatory: real 3.32s | cpu 4.62s
2026-04-03 11:36:53.178 INFO (Iteration 128) range_constraint_violation_count_regular: real 42.25s | cpu 44.95s
2026-04-03 11:36:53.178 INFO (Iteration 128) range_constraint_violation_count_suggestion: real 0.30s | cpu 1.41s
2026-04-03 11:36:53.178 INFO (Iteration 128) statement_count_property_range_all: real 0.10s | cpu 1.23s
2026-04-03 11:36:53.178 INFO (Iteration 128) statement_count_property_range_mandatory: real 0.07s | cpu 0.92s
2026-04-03 11:36:53.178 INFO (Iteration 128) statement_count_property_range_regular: real 0.07s | cpu 0.98s
2026-04-03 11:36:53.178 INFO (Iteration 128) statement_count_property_range_suggestion: real 0.06s | cpu 0.89s
2026-04-03 11:36:53.178 INFO (Iteration 128) range_constraint_violation_total_all: real 0.00s | cpu 0.00s
2026-04-03 11:36:53.178 INFO (Iteration 128) range_constraint_violation_ratio: real 0.00s | cpu 0.00s
2026-04-03 11:36:53.178 INFO (Iteration 128) range_constraint_completeness: real 0.00s | cpu 0.00s
2026-04-03 11:36:53.178 INFO (Iteration 128) range_constraint_violation_total_mandatory: real 0.00s | cpu 0.00s
2026-04-03 11:36:53.178 INFO (Iteration 128) range_constraint_violation_ratio_mandatory: real 0.00s | cpu 0.00s
2026-04-03 11:36:53.178 INFO (Iteration 128) range_constraint_completeness_mandatory: real 0.00s | cpu 0.00s
2026-04-03 11:36:53.178 INFO (Iteration 128) range_constraint_violation_total_regular: real 0.00s | cpu 0.00s
2026-04-03 11:36:53.178 INFO (Iteration 128) range_constraint_violation_ratio_regular: real 0.00s | cpu 0.00s
2026-04-03 11:36:53.178 INFO (Iteration 128) range_constraint_completeness_regular: real 0.00s | cpu 0.00s
2026-04-03 11:36:53.178 INFO (Iteration 128) range_constraint_violation_total_suggestion: real 0.00s | cpu 0.00s
2026-04-03 11:36:53.178 INFO (Iteration 128) range_constraint_violation_ratio_suggestion: real 0.00s | cpu 0.00s
2026-04-03 11:36:53.178 INFO (Iteration 128) range_constraint_completeness_suggestion: real 0.00s | cpu 0.00s
2026-04-03 11:36:53.178 INFO Iteration 128 finished in 2644.76s (real) and 2696.74s (process)
2026-04-03 11:36:53.181 INFO Start timestep 2023-06-04 00:00:00+00:00 -> 2023-07-04 00:00:00+00:00
2026-04-03 11:39:31.560 INFO Loading data (2023-06-04 00:00:00+00:00 -> 2023-07-04 00:00:00+00:00) done in 158.38s (real) and 99.96s (process)
2026-04-03 11:39:31.569 INFO Memory usage (start of timestep): 181.16 GB
2026-04-03 11:39:31.569 INFO Calculating metrics
2026-04-03 11:39:31.570 INFO Calculating metric: subject_constraint_violation_count
2026-04-03 12:09:14.960 INFO [subject_constraint_violation_count] processed rows=11603950, result_rows=1812
2026-04-03 12:09:23.542 INFO Calculating metric: statement_count_property_subject
2026-04-03 12:09:36.746 INFO Calculating metric: range_constraint_violation_count
2026-04-03 12:10:26.558 INFO Calculating metric: range_constraint_violation_count_mandatory
2026-04-03 12:10:28.932 INFO Calculating metric: range_constraint_violation_count_regular
2026-04-03 12:11:15.738 INFO Calculating metric: range_constraint_violation_count_suggestion
2026-04-03 12:11:16.288 INFO Calculating metric: statement_count_property_range_all
2026-04-03 12:11:16.391 INFO Calculating metric: statement_count_property_range_mandatory
2026-04-03 12:11:16.469 INFO Calculating metric: statement_count_property_range_regular
2026-04-03 12:11:16.553 INFO Calculating metric: statement_count_property_range_suggestion
2026-04-03 12:11:16.629 INFO Calculating metric: subject_constraint_violation_total
2026-04-03 12:11:16.633 INFO Calculating metric: range_constraint_violation_total_all
2026-04-03 12:11:16.635 INFO Calculating metric: range_constraint_violation_total_mandatory
2026-04-03 12:11:16.638 INFO Calculating metric: range_constraint_violation_total_regular
2026-04-03 12:11:16.641 INFO Calculating metric: range_constraint_violation_total_suggestion
2026-04-03 12:11:16.644 INFO Calculating metric: subject_constraint_violation_ratio
2026-04-03 12:11:16.646 INFO Calculating metric: range_constraint_violation_ratio
2026-04-03 12:11:16.649 INFO Calculating metric: range_constraint_violation_ratio_mandatory
2026-04-03 12:11:16.652 INFO Calculating metric: range_constraint_violation_ratio_regular
2026-04-03 12:11:16.655 INFO Calculating metric: range_constraint_violation_ratio_suggestion
2026-04-03 12:11:16.657 INFO Calculating metric: subject_constraint_completeness
2026-04-03 12:11:16.660 INFO Calculating metric: range_constraint_completeness
2026-04-03 12:11:16.662 INFO Calculating metric: range_constraint_completeness_mandatory
2026-04-03 12:11:16.665 INFO Calculating metric: range_constraint_completeness_regular
2026-04-03 12:11:16.668 INFO Calculating metric: range_constraint_completeness_suggestion
2026-04-03 12:11:16.670 INFO Memory usage (end of timestep): 181.16 GB
2026-04-03 12:11:16.670 INFO (Iteration 129) subject_constraint_violation_count: real 1791.97s | cpu 1800.59s
2026-04-03 12:11:16.670 INFO (Iteration 129) statement_count_property_subject: real 13.20s | cpu 20.91s
2026-04-03 12:11:16.670 INFO (Iteration 129) subject_constraint_violation_total: real 0.00s | cpu 0.00s
2026-04-03 12:11:16.670 INFO (Iteration 129) subject_constraint_violation_ratio: real 0.00s | cpu 0.00s
2026-04-03 12:11:16.670 INFO (Iteration 129) subject_constraint_completeness: real 0.00s | cpu 0.00s
2026-04-03 12:11:16.670 INFO (Iteration 129) range_constraint_violation_count: real 49.81s | cpu 53.92s
2026-04-03 12:11:16.670 INFO (Iteration 129) range_constraint_violation_count_mandatory: real 2.37s | cpu 3.97s
2026-04-03 12:11:16.670 INFO (Iteration 129) range_constraint_violation_count_regular: real 46.81s | cpu 50.46s
2026-04-03 12:11:16.670 INFO (Iteration 129) range_constraint_violation_count_suggestion: real 0.55s | cpu 1.92s
2026-04-03 12:11:16.670 INFO (Iteration 129) statement_count_property_range_all: real 0.10s | cpu 1.37s
2026-04-03 12:11:16.670 INFO (Iteration 129) statement_count_property_range_mandatory: real 0.08s | cpu 1.09s
2026-04-03 12:11:16.670 INFO (Iteration 129) statement_count_property_range_regular: real 0.08s | cpu 1.15s
2026-04-03 12:11:16.670 INFO (Iteration 129) statement_count_property_range_suggestion: real 0.08s | cpu 1.06s
2026-04-03 12:11:16.670 INFO (Iteration 129) range_constraint_violation_total_all: real 0.00s | cpu 0.00s
2026-04-03 12:11:16.671 INFO (Iteration 129) range_constraint_violation_ratio: real 0.00s | cpu 0.00s
2026-04-03 12:11:16.671 INFO (Iteration 129) range_constraint_completeness: real 0.00s | cpu 0.00s
2026-04-03 12:11:16.671 INFO (Iteration 129) range_constraint_violation_total_mandatory: real 0.00s | cpu 0.00s
2026-04-03 12:11:16.671 INFO (Iteration 129) range_constraint_violation_ratio_mandatory: real 0.00s | cpu 0.00s
2026-04-03 12:11:16.671 INFO (Iteration 129) range_constraint_completeness_mandatory: real 0.00s | cpu 0.00s
2026-04-03 12:11:16.671 INFO (Iteration 129) range_constraint_violation_total_regular: real 0.00s | cpu 0.00s
2026-04-03 12:11:16.671 INFO (Iteration 129) range_constraint_violation_ratio_regular: real 0.00s | cpu 0.00s
2026-04-03 12:11:16.671 INFO (Iteration 129) range_constraint_completeness_regular: real 0.00s | cpu 0.00s
2026-04-03 12:11:16.671 INFO (Iteration 129) range_constraint_violation_total_suggestion: real 0.00s | cpu 0.00s
2026-04-03 12:11:16.671 INFO (Iteration 129) range_constraint_violation_ratio_suggestion: real 0.00s | cpu 0.00s
2026-04-03 12:11:16.671 INFO (Iteration 129) range_constraint_completeness_suggestion: real 0.00s | cpu 0.00s
2026-04-03 12:11:16.671 INFO Iteration 129 finished in 2063.49s (real) and 2036.42s (process)
2026-04-03 12:11:16.671 INFO Start timestep 2023-07-04 00:00:00+00:00 -> 2023-08-03 00:00:00+00:00
2026-04-03 12:13:17.682 INFO Loading data (2023-07-04 00:00:00+00:00 -> 2023-08-03 00:00:00+00:00) done in 121.01s (real) and 99.34s (process)
2026-04-03 12:13:17.692 INFO Memory usage (start of timestep): 181.16 GB
2026-04-03 12:13:17.692 INFO Calculating metrics
2026-04-03 12:13:17.692 INFO Calculating metric: subject_constraint_violation_count
2026-04-03 12:52:42.746 INFO [subject_constraint_violation_count] processed rows=8697780, result_rows=1797
2026-04-03 12:52:44.356 INFO Calculating metric: statement_count_property_subject
2026-04-03 12:53:03.696 INFO Calculating metric: range_constraint_violation_count
2026-04-03 12:53:35.065 INFO Calculating metric: range_constraint_violation_count_mandatory
2026-04-03 12:53:35.618 INFO Calculating metric: range_constraint_violation_count_regular
2026-04-03 12:54:06.171 INFO Calculating metric: range_constraint_violation_count_suggestion
2026-04-03 12:54:06.492 INFO Calculating metric: statement_count_property_range_all
2026-04-03 12:54:06.591 INFO Calculating metric: statement_count_property_range_mandatory
2026-04-03 12:54:06.654 INFO Calculating metric: statement_count_property_range_regular
2026-04-03 12:54:06.721 INFO Calculating metric: statement_count_property_range_suggestion
2026-04-03 12:54:06.782 INFO Calculating metric: subject_constraint_violation_total
2026-04-03 12:54:06.785 INFO Calculating metric: range_constraint_violation_total_all
2026-04-03 12:54:06.788 INFO Calculating metric: range_constraint_violation_total_mandatory
2026-04-03 12:54:06.790 INFO Calculating metric: range_constraint_violation_total_regular
2026-04-03 12:54:06.793 INFO Calculating metric: range_constraint_violation_total_suggestion
2026-04-03 12:54:06.796 INFO Calculating metric: subject_constraint_violation_ratio
2026-04-03 12:54:06.798 INFO Calculating metric: range_constraint_violation_ratio
2026-04-03 12:54:06.801 INFO Calculating metric: range_constraint_violation_ratio_mandatory
2026-04-03 12:54:06.803 INFO Calculating metric: range_constraint_violation_ratio_regular
2026-04-03 12:54:06.805 INFO Calculating metric: range_constraint_violation_ratio_suggestion
2026-04-03 12:54:06.808 INFO Calculating metric: subject_constraint_completeness
2026-04-03 12:54:06.810 INFO Calculating metric: range_constraint_completeness
2026-04-03 12:54:06.813 INFO Calculating metric: range_constraint_completeness_mandatory
2026-04-03 12:54:06.815 INFO Calculating metric: range_constraint_completeness_regular
2026-04-03 12:54:06.817 INFO Calculating metric: range_constraint_completeness_suggestion
2026-04-03 12:54:06.820 INFO Memory usage (end of timestep): 181.16 GB
2026-04-03 12:54:06.820 INFO (Iteration 130) subject_constraint_violation_count: real 2366.66s | cpu 2374.24s
2026-04-03 12:54:06.820 INFO (Iteration 130) statement_count_property_subject: real 19.34s | cpu 23.01s
2026-04-03 12:54:06.820 INFO (Iteration 130) subject_constraint_violation_total: real 0.00s | cpu 0.00s
2026-04-03 12:54:06.820 INFO (Iteration 130) subject_constraint_violation_ratio: real 0.00s | cpu 0.00s
2026-04-03 12:54:06.820 INFO (Iteration 130) subject_constraint_completeness: real 0.00s | cpu 0.00s
2026-04-03 12:54:06.820 INFO (Iteration 130) range_constraint_violation_count: real 31.37s | cpu 33.72s
2026-04-03 12:54:06.820 INFO (Iteration 130) range_constraint_violation_count_mandatory: real 0.55s | cpu 1.47s
2026-04-03 12:54:06.820 INFO (Iteration 130) range_constraint_violation_count_regular: real 30.55s | cpu 32.74s
2026-04-03 12:54:06.820 INFO (Iteration 130) range_constraint_violation_count_suggestion: real 0.32s | cpu 1.35s
2026-04-03 12:54:06.820 INFO (Iteration 130) statement_count_property_range_all: real 0.10s | cpu 1.24s
2026-04-03 12:54:06.820 INFO (Iteration 130) statement_count_property_range_mandatory: real 0.06s | cpu 0.82s
2026-04-03 12:54:06.820 INFO (Iteration 130) statement_count_property_range_regular: real 0.07s | cpu 0.87s
2026-04-03 12:54:06.820 INFO (Iteration 130) statement_count_property_range_suggestion: real 0.06s | cpu 0.79s
2026-04-03 12:54:06.820 INFO (Iteration 130) range_constraint_violation_total_all: real 0.00s | cpu 0.00s
2026-04-03 12:54:06.820 INFO (Iteration 130) range_constraint_violation_ratio: real 0.00s | cpu 0.00s
2026-04-03 12:54:06.820 INFO (Iteration 130) range_constraint_completeness: real 0.00s | cpu 0.00s
2026-04-03 12:54:06.820 INFO (Iteration 130) range_constraint_violation_total_mandatory: real 0.00s | cpu 0.00s
2026-04-03 12:54:06.820 INFO (Iteration 130) range_constraint_violation_ratio_mandatory: real 0.00s | cpu 0.00s
2026-04-03 12:54:06.820 INFO (Iteration 130) range_constraint_completeness_mandatory: real 0.00s | cpu 0.00s
2026-04-03 12:54:06.820 INFO (Iteration 130) range_constraint_violation_total_regular: real 0.00s | cpu 0.00s
2026-04-03 12:54:06.820 INFO (Iteration 130) range_constraint_violation_ratio_regular: real 0.00s | cpu 0.00s
2026-04-03 12:54:06.820 INFO (Iteration 130) range_constraint_completeness_regular: real 0.00s | cpu 0.00s
2026-04-03 12:54:06.820 INFO (Iteration 130) range_constraint_violation_total_suggestion: real 0.00s | cpu 0.00s
2026-04-03 12:54:06.820 INFO (Iteration 130) range_constraint_violation_ratio_suggestion: real 0.00s | cpu 0.00s
2026-04-03 12:54:06.820 INFO (Iteration 130) range_constraint_completeness_suggestion: real 0.00s | cpu 0.00s
2026-04-03 12:54:06.820 INFO Iteration 130 finished in 2570.15s (real) and 2569.62s (process)
2026-04-03 12:54:06.820 INFO Start timestep 2023-08-03 00:00:00+00:00 -> 2023-09-02 00:00:00+00:00
2026-04-03 12:56:43.998 INFO Loading data (2023-08-03 00:00:00+00:00 -> 2023-09-02 00:00:00+00:00) done in 157.18s (real) and 97.77s (process)
2026-04-03 12:56:44.007 INFO Memory usage (start of timestep): 181.16 GB
2026-04-03 12:56:44.007 INFO Calculating metrics
2026-04-03 12:56:44.007 INFO Calculating metric: subject_constraint_violation_count
2026-04-03 13:37:32.641 INFO [subject_constraint_violation_count] processed rows=12979864, result_rows=1851
2026-04-03 13:37:36.500 INFO Calculating metric: statement_count_property_subject
2026-04-03 13:37:55.920 INFO Calculating metric: range_constraint_violation_count
2026-04-03 13:38:55.001 INFO Calculating metric: range_constraint_violation_count_mandatory
2026-04-03 13:38:56.353 INFO Calculating metric: range_constraint_violation_count_regular
2026-04-03 13:39:53.820 INFO Calculating metric: range_constraint_violation_count_suggestion
2026-04-03 13:39:54.118 INFO Calculating metric: statement_count_property_range_all
2026-04-03 13:39:54.226 INFO Calculating metric: statement_count_property_range_mandatory
2026-04-03 13:39:54.303 INFO Calculating metric: statement_count_property_range_regular
2026-04-03 13:39:54.384 INFO Calculating metric: statement_count_property_range_suggestion
2026-04-03 13:39:54.459 INFO Calculating metric: subject_constraint_violation_total
2026-04-03 13:39:54.465 INFO Calculating metric: range_constraint_violation_total_all
2026-04-03 13:39:54.468 INFO Calculating metric: range_constraint_violation_total_mandatory
2026-04-03 13:39:54.470 INFO Calculating metric: range_constraint_violation_total_regular
2026-04-03 13:39:54.472 INFO Calculating metric: range_constraint_violation_total_suggestion
2026-04-03 13:39:54.475 INFO Calculating metric: subject_constraint_violation_ratio
2026-04-03 13:39:54.477 INFO Calculating metric: range_constraint_violation_ratio
2026-04-03 13:39:54.479 INFO Calculating metric: range_constraint_violation_ratio_mandatory
2026-04-03 13:39:54.483 INFO Calculating metric: range_constraint_violation_ratio_regular
2026-04-03 13:39:54.486 INFO Calculating metric: range_constraint_violation_ratio_suggestion
2026-04-03 13:39:54.488 INFO Calculating metric: subject_constraint_completeness
2026-04-03 13:39:54.490 INFO Calculating metric: range_constraint_completeness
2026-04-03 13:39:54.492 INFO Calculating metric: range_constraint_completeness_mandatory
2026-04-03 13:39:54.498 INFO Calculating metric: range_constraint_completeness_regular
2026-04-03 13:39:54.500 INFO Calculating metric: range_constraint_completeness_suggestion
2026-04-03 13:39:54.506 INFO Memory usage (end of timestep): 181.16 GB
2026-04-03 13:39:54.506 INFO (Iteration 131) subject_constraint_violation_count: real 2452.49s | cpu 2462.10s
2026-04-03 13:39:54.506 INFO (Iteration 131) statement_count_property_subject: real 19.23s | cpu 27.23s
2026-04-03 13:39:54.506 INFO (Iteration 131) subject_constraint_violation_total: real 0.01s | cpu 0.00s
2026-04-03 13:39:54.506 INFO (Iteration 131) subject_constraint_violation_ratio: real 0.00s | cpu 0.00s
2026-04-03 13:39:54.506 INFO (Iteration 131) subject_constraint_completeness: real 0.00s | cpu 0.00s
2026-04-03 13:39:54.506 INFO (Iteration 131) range_constraint_violation_count: real 59.08s | cpu 62.67s
2026-04-03 13:39:54.506 INFO (Iteration 131) range_constraint_violation_count_mandatory: real 1.35s | cpu 2.70s
2026-04-03 13:39:54.506 INFO (Iteration 131) range_constraint_violation_count_regular: real 57.47s | cpu 60.79s
2026-04-03 13:39:54.506 INFO (Iteration 131) range_constraint_violation_count_suggestion: real 0.30s | cpu 1.57s
2026-04-03 13:39:54.506 INFO (Iteration 131) statement_count_property_range_all: real 0.11s | cpu 1.47s
2026-04-03 13:39:54.506 INFO (Iteration 131) statement_count_property_range_mandatory: real 0.08s | cpu 1.05s
2026-04-03 13:39:54.506 INFO (Iteration 131) statement_count_property_range_regular: real 0.08s | cpu 1.12s
2026-04-03 13:39:54.506 INFO (Iteration 131) statement_count_property_range_suggestion: real 0.07s | cpu 0.96s
2026-04-03 13:39:54.506 INFO (Iteration 131) range_constraint_violation_total_all: real 0.00s | cpu 0.00s
2026-04-03 13:39:54.506 INFO (Iteration 131) range_constraint_violation_ratio: real 0.00s | cpu 0.00s
2026-04-03 13:39:54.506 INFO (Iteration 131) range_constraint_completeness: real 0.00s | cpu 0.00s
2026-04-03 13:39:54.506 INFO (Iteration 131) range_constraint_violation_total_mandatory: real 0.00s | cpu 0.00s
2026-04-03 13:39:54.506 INFO (Iteration 131) range_constraint_violation_ratio_mandatory: real 0.00s | cpu 0.00s
2026-04-03 13:39:54.506 INFO (Iteration 131) range_constraint_completeness_mandatory: real 0.01s | cpu 0.00s
2026-04-03 13:39:54.506 INFO (Iteration 131) range_constraint_violation_total_regular: real 0.00s | cpu 0.00s
2026-04-03 13:39:54.506 INFO (Iteration 131) range_constraint_violation_ratio_regular: real 0.00s | cpu 0.00s
2026-04-03 13:39:54.506 INFO (Iteration 131) range_constraint_completeness_regular: real 0.00s | cpu 0.00s
2026-04-03 13:39:54.506 INFO (Iteration 131) range_constraint_violation_total_suggestion: real 0.00s | cpu 0.00s
2026-04-03 13:39:54.506 INFO (Iteration 131) range_constraint_violation_ratio_suggestion: real 0.00s | cpu 0.00s
2026-04-03 13:39:54.506 INFO (Iteration 131) range_constraint_completeness_suggestion: real 0.01s | cpu 0.00s
2026-04-03 13:39:54.506 INFO Iteration 131 finished in 2747.69s (real) and 2719.64s (process)
2026-04-03 13:39:54.506 INFO Start timestep 2023-09-02 00:00:00+00:00 -> 2023-10-02 00:00:00+00:00
2026-04-03 13:41:34.076 INFO Loading data (2023-09-02 00:00:00+00:00 -> 2023-10-02 00:00:00+00:00) done in 99.57s (real) and 113.15s (process)
2026-04-03 13:41:34.085 INFO Memory usage (start of timestep): 181.16 GB
2026-04-03 13:41:34.085 INFO Calculating metrics
2026-04-03 13:41:34.085 INFO Calculating metric: subject_constraint_violation_count
2026-04-03 14:21:27.294 INFO [subject_constraint_violation_count] processed rows=8425982, result_rows=1951
2026-04-03 14:21:28.789 INFO Calculating metric: statement_count_property_subject
2026-04-03 14:21:46.445 INFO Calculating metric: range_constraint_violation_count
2026-04-03 14:22:08.304 INFO Calculating metric: range_constraint_violation_count_mandatory
2026-04-03 14:22:10.714 INFO Calculating metric: range_constraint_violation_count_regular
2026-04-03 14:22:29.894 INFO Calculating metric: range_constraint_violation_count_suggestion
2026-04-03 14:22:30.151 INFO Calculating metric: statement_count_property_range_all
2026-04-03 14:22:30.226 INFO Calculating metric: statement_count_property_range_mandatory
2026-04-03 14:22:30.278 INFO Calculating metric: statement_count_property_range_regular
2026-04-03 14:22:30.334 INFO Calculating metric: statement_count_property_range_suggestion
2026-04-03 14:22:30.384 INFO Calculating metric: subject_constraint_violation_total
2026-04-03 14:22:30.387 INFO Calculating metric: range_constraint_violation_total_all
2026-04-03 14:22:30.391 INFO Calculating metric: range_constraint_violation_total_mandatory
2026-04-03 14:22:30.394 INFO Calculating metric: range_constraint_violation_total_regular
2026-04-03 14:22:30.396 INFO Calculating metric: range_constraint_violation_total_suggestion
2026-04-03 14:22:30.399 INFO Calculating metric: subject_constraint_violation_ratio
2026-04-03 14:22:30.402 INFO Calculating metric: range_constraint_violation_ratio
2026-04-03 14:22:30.404 INFO Calculating metric: range_constraint_violation_ratio_mandatory
2026-04-03 14:22:30.406 INFO Calculating metric: range_constraint_violation_ratio_regular
2026-04-03 14:22:30.409 INFO Calculating metric: range_constraint_violation_ratio_suggestion
2026-04-03 14:22:30.411 INFO Calculating metric: subject_constraint_completeness
2026-04-03 14:22:30.413 INFO Calculating metric: range_constraint_completeness
2026-04-03 14:22:30.416 INFO Calculating metric: range_constraint_completeness_mandatory
2026-04-03 14:22:30.418 INFO Calculating metric: range_constraint_completeness_regular
2026-04-03 14:22:30.420 INFO Calculating metric: range_constraint_completeness_suggestion
2026-04-03 14:22:30.423 INFO Memory usage (end of timestep): 181.16 GB
2026-04-03 14:22:30.423 INFO (Iteration 132) subject_constraint_violation_count: real 2394.70s | cpu 2402.23s
2026-04-03 14:22:30.423 INFO (Iteration 132) statement_count_property_subject: real 17.65s | cpu 20.89s
2026-04-03 14:22:30.423 INFO (Iteration 132) subject_constraint_violation_total: real 0.00s | cpu 0.00s
2026-04-03 14:22:30.423 INFO (Iteration 132) subject_constraint_violation_ratio: real 0.00s | cpu 0.00s
2026-04-03 14:22:30.423 INFO (Iteration 132) subject_constraint_completeness: real 0.00s | cpu 0.00s
2026-04-03 14:22:30.423 INFO (Iteration 132) range_constraint_violation_count: real 21.86s | cpu 23.54s
2026-04-03 14:22:30.423 INFO (Iteration 132) range_constraint_violation_count_mandatory: real 2.41s | cpu 3.54s
2026-04-03 14:22:30.423 INFO (Iteration 132) range_constraint_violation_count_regular: real 19.18s | cpu 20.70s
2026-04-03 14:22:30.423 INFO (Iteration 132) range_constraint_violation_count_suggestion: real 0.26s | cpu 1.27s
2026-04-03 14:22:30.424 INFO (Iteration 132) statement_count_property_range_all: real 0.08s | cpu 0.95s
2026-04-03 14:22:30.424 INFO (Iteration 132) statement_count_property_range_mandatory: real 0.05s | cpu 0.70s
2026-04-03 14:22:30.424 INFO (Iteration 132) statement_count_property_range_regular: real 0.06s | cpu 0.74s
2026-04-03 14:22:30.424 INFO (Iteration 132) statement_count_property_range_suggestion: real 0.05s | cpu 0.67s
2026-04-03 14:22:30.424 INFO (Iteration 132) range_constraint_violation_total_all: real 0.00s | cpu 0.00s
2026-04-03 14:22:30.424 INFO (Iteration 132) range_constraint_violation_ratio: real 0.00s | cpu 0.00s
2026-04-03 14:22:30.424 INFO (Iteration 132) range_constraint_completeness: real 0.00s | cpu 0.00s
2026-04-03 14:22:30.424 INFO (Iteration 132) range_constraint_violation_total_mandatory: real 0.00s | cpu 0.00s
2026-04-03 14:22:30.424 INFO (Iteration 132) range_constraint_violation_ratio_mandatory: real 0.00s | cpu 0.00s
2026-04-03 14:22:30.424 INFO (Iteration 132) range_constraint_completeness_mandatory: real 0.00s | cpu 0.00s
2026-04-03 14:22:30.424 INFO (Iteration 132) range_constraint_violation_total_regular: real 0.00s | cpu 0.00s
2026-04-03 14:22:30.424 INFO (Iteration 132) range_constraint_violation_ratio_regular: real 0.00s | cpu 0.00s
2026-04-03 14:22:30.424 INFO (Iteration 132) range_constraint_completeness_regular: real 0.00s | cpu 0.00s
2026-04-03 14:22:30.424 INFO (Iteration 132) range_constraint_violation_total_suggestion: real 0.00s | cpu 0.00s
2026-04-03 14:22:30.424 INFO (Iteration 132) range_constraint_violation_ratio_suggestion: real 0.00s | cpu 0.00s
2026-04-03 14:22:30.424 INFO (Iteration 132) range_constraint_completeness_suggestion: real 0.00s | cpu 0.00s
2026-04-03 14:22:30.424 INFO Iteration 132 finished in 2555.92s (real) and 2588.40s (process)
2026-04-03 14:22:30.424 INFO Start timestep 2023-10-02 00:00:00+00:00 -> 2023-11-01 00:00:00+00:00
2026-04-03 14:23:37.316 INFO Loading data (2023-10-02 00:00:00+00:00 -> 2023-11-01 00:00:00+00:00) done in 66.89s (real) and 58.34s (process)
2026-04-03 14:23:37.316 INFO Memory usage (start of timestep): 181.16 GB
2026-04-03 14:23:37.316 INFO Calculating metrics
2026-04-03 14:23:37.317 INFO Calculating metric: subject_constraint_violation_count
2026-04-03 15:02:32.692 INFO [subject_constraint_violation_count] processed rows=5751607, result_rows=1667
2026-04-03 15:02:33.943 INFO Calculating metric: statement_count_property_subject
2026-04-03 15:02:49.609 INFO Calculating metric: range_constraint_violation_count
2026-04-03 15:03:03.645 INFO Calculating metric: range_constraint_violation_count_mandatory
2026-04-03 15:03:05.690 INFO Calculating metric: range_constraint_violation_count_regular
2026-04-03 15:03:17.654 INFO Calculating metric: range_constraint_violation_count_suggestion
2026-04-03 15:03:17.891 INFO Calculating metric: statement_count_property_range_all
2026-04-03 15:03:17.956 INFO Calculating metric: statement_count_property_range_mandatory
2026-04-03 15:03:17.997 INFO Calculating metric: statement_count_property_range_regular
2026-04-03 15:03:18.041 INFO Calculating metric: statement_count_property_range_suggestion
2026-04-03 15:03:18.079 INFO Calculating metric: subject_constraint_violation_total
2026-04-03 15:03:18.082 INFO Calculating metric: range_constraint_violation_total_all
2026-04-03 15:03:18.085 INFO Calculating metric: range_constraint_violation_total_mandatory
2026-04-03 15:03:18.087 INFO Calculating metric: range_constraint_violation_total_regular
2026-04-03 15:03:18.090 INFO Calculating metric: range_constraint_violation_total_suggestion
2026-04-03 15:03:18.092 INFO Calculating metric: subject_constraint_violation_ratio
2026-04-03 15:03:18.095 INFO Calculating metric: range_constraint_violation_ratio
2026-04-03 15:03:18.097 INFO Calculating metric: range_constraint_violation_ratio_mandatory
2026-04-03 15:03:18.101 INFO Calculating metric: range_constraint_violation_ratio_regular
2026-04-03 15:03:18.103 INFO Calculating metric: range_constraint_violation_ratio_suggestion
2026-04-03 15:03:18.106 INFO Calculating metric: subject_constraint_completeness
2026-04-03 15:03:18.108 INFO Calculating metric: range_constraint_completeness
2026-04-03 15:03:18.110 INFO Calculating metric: range_constraint_completeness_mandatory
2026-04-03 15:03:18.113 INFO Calculating metric: range_constraint_completeness_regular
2026-04-03 15:03:18.115 INFO Calculating metric: range_constraint_completeness_suggestion
2026-04-03 15:03:18.117 INFO Memory usage (end of timestep): 181.16 GB
2026-04-03 15:03:18.117 INFO (Iteration 133) subject_constraint_violation_count: real 2336.63s | cpu 2342.42s
2026-04-03 15:03:18.117 INFO (Iteration 133) statement_count_property_subject: real 15.66s | cpu 18.20s
2026-04-03 15:03:18.117 INFO (Iteration 133) subject_constraint_violation_total: real 0.00s | cpu 0.00s
2026-04-03 15:03:18.117 INFO (Iteration 133) subject_constraint_violation_ratio: real 0.00s | cpu 0.00s
2026-04-03 15:03:18.117 INFO (Iteration 133) subject_constraint_completeness: real 0.00s | cpu 0.00s
2026-04-03 15:03:18.117 INFO (Iteration 133) range_constraint_violation_count: real 14.04s | cpu 15.19s
2026-04-03 15:03:18.117 INFO (Iteration 133) range_constraint_violation_count_mandatory: real 2.04s | cpu 2.79s
2026-04-03 15:03:18.117 INFO (Iteration 133) range_constraint_violation_count_regular: real 11.96s | cpu 12.94s
2026-04-03 15:03:18.117 INFO (Iteration 133) range_constraint_violation_count_suggestion: real 0.24s | cpu 1.11s
2026-04-03 15:03:18.117 INFO (Iteration 133) statement_count_property_range_all: real 0.06s | cpu 0.85s
2026-04-03 15:03:18.117 INFO (Iteration 133) statement_count_property_range_mandatory: real 0.04s | cpu 0.53s
2026-04-03 15:03:18.117 INFO (Iteration 133) statement_count_property_range_regular: real 0.04s | cpu 0.54s
2026-04-03 15:03:18.117 INFO (Iteration 133) statement_count_property_range_suggestion: real 0.04s | cpu 0.50s
2026-04-03 15:03:18.117 INFO (Iteration 133) range_constraint_violation_total_all: real 0.00s | cpu 0.00s
2026-04-03 15:03:18.117 INFO (Iteration 133) range_constraint_violation_ratio: real 0.00s | cpu 0.00s
2026-04-03 15:03:18.117 INFO (Iteration 133) range_constraint_completeness: real 0.00s | cpu 0.00s
2026-04-03 15:03:18.117 INFO (Iteration 133) range_constraint_violation_total_mandatory: real 0.00s | cpu 0.00s
2026-04-03 15:03:18.117 INFO (Iteration 133) range_constraint_violation_ratio_mandatory: real 0.00s | cpu 0.00s
2026-04-03 15:03:18.117 INFO (Iteration 133) range_constraint_completeness_mandatory: real 0.00s | cpu 0.00s
2026-04-03 15:03:18.117 INFO (Iteration 133) range_constraint_violation_total_regular: real 0.00s | cpu 0.00s
2026-04-03 15:03:18.117 INFO (Iteration 133) range_constraint_violation_ratio_regular: real 0.00s | cpu 0.00s
2026-04-03 15:03:18.117 INFO (Iteration 133) range_constraint_completeness_regular: real 0.00s | cpu 0.00s
2026-04-03 15:03:18.117 INFO (Iteration 133) range_constraint_violation_total_suggestion: real 0.00s | cpu 0.00s
2026-04-03 15:03:18.117 INFO (Iteration 133) range_constraint_violation_ratio_suggestion: real 0.00s | cpu 0.00s
2026-04-03 15:03:18.117 INFO (Iteration 133) range_constraint_completeness_suggestion: real 0.00s | cpu 0.00s
2026-04-03 15:03:18.117 INFO Iteration 133 finished in 2447.69s (real) and 2453.40s (process)
2026-04-03 15:03:18.118 INFO Start timestep 2023-11-01 00:00:00+00:00 -> 2023-12-01 00:00:00+00:00
2026-04-03 15:04:20.609 INFO Loading data (2023-11-01 00:00:00+00:00 -> 2023-12-01 00:00:00+00:00) done in 62.49s (real) and 40.55s (process)
2026-04-03 15:04:20.609 INFO Memory usage (start of timestep): 181.16 GB
2026-04-03 15:04:20.609 INFO Calculating metrics
2026-04-03 15:04:20.609 INFO Calculating metric: subject_constraint_violation_count
2026-04-03 15:44:05.188 INFO [subject_constraint_violation_count] processed rows=5795066, result_rows=1646
2026-04-03 15:44:06.465 INFO Calculating metric: statement_count_property_subject
2026-04-03 15:44:19.622 INFO Calculating metric: range_constraint_violation_count
2026-04-03 15:44:39.677 INFO Calculating metric: range_constraint_violation_count_mandatory
2026-04-03 15:44:42.616 INFO Calculating metric: range_constraint_violation_count_regular
2026-04-03 15:44:59.577 INFO Calculating metric: range_constraint_violation_count_suggestion
2026-04-03 15:44:59.840 INFO Calculating metric: statement_count_property_range_all
2026-04-03 15:44:59.911 INFO Calculating metric: statement_count_property_range_mandatory
2026-04-03 15:44:59.953 INFO Calculating metric: statement_count_property_range_regular
2026-04-03 15:44:59.998 INFO Calculating metric: statement_count_property_range_suggestion
2026-04-03 15:45:00.040 INFO Calculating metric: subject_constraint_violation_total
2026-04-03 15:45:00.044 INFO Calculating metric: range_constraint_violation_total_all
2026-04-03 15:45:00.046 INFO Calculating metric: range_constraint_violation_total_mandatory
2026-04-03 15:45:00.049 INFO Calculating metric: range_constraint_violation_total_regular
2026-04-03 15:45:00.051 INFO Calculating metric: range_constraint_violation_total_suggestion
2026-04-03 15:45:00.053 INFO Calculating metric: subject_constraint_violation_ratio
2026-04-03 15:45:00.056 INFO Calculating metric: range_constraint_violation_ratio
2026-04-03 15:45:00.058 INFO Calculating metric: range_constraint_violation_ratio_mandatory
2026-04-03 15:45:00.060 INFO Calculating metric: range_constraint_violation_ratio_regular
2026-04-03 15:45:00.062 INFO Calculating metric: range_constraint_violation_ratio_suggestion
2026-04-03 15:45:00.064 INFO Calculating metric: subject_constraint_completeness
2026-04-03 15:45:00.067 INFO Calculating metric: range_constraint_completeness
2026-04-03 15:45:00.069 INFO Calculating metric: range_constraint_completeness_mandatory
2026-04-03 15:45:00.071 INFO Calculating metric: range_constraint_completeness_regular
2026-04-03 15:45:00.074 INFO Calculating metric: range_constraint_completeness_suggestion
2026-04-03 15:45:00.076 INFO Memory usage (end of timestep): 181.16 GB
2026-04-03 15:45:00.076 INFO (Iteration 134) subject_constraint_violation_count: real 2385.86s | cpu 2391.73s
2026-04-03 15:45:00.076 INFO (Iteration 134) statement_count_property_subject: real 13.16s | cpu 18.96s
2026-04-03 15:45:00.076 INFO (Iteration 134) subject_constraint_violation_total: real 0.00s | cpu 0.00s
2026-04-03 15:45:00.076 INFO (Iteration 134) subject_constraint_violation_ratio: real 0.00s | cpu 0.00s
2026-04-03 15:45:00.076 INFO (Iteration 134) subject_constraint_completeness: real 0.00s | cpu 0.00s
2026-04-03 15:45:00.076 INFO (Iteration 134) range_constraint_violation_count: real 20.05s | cpu 21.26s
2026-04-03 15:45:00.076 INFO (Iteration 134) range_constraint_violation_count_mandatory: real 2.94s | cpu 3.72s
2026-04-03 15:45:00.076 INFO (Iteration 134) range_constraint_violation_count_regular: real 16.96s | cpu 18.09s
2026-04-03 15:45:00.076 INFO (Iteration 134) range_constraint_violation_count_suggestion: real 0.26s | cpu 1.12s
2026-04-03 15:45:00.076 INFO (Iteration 134) statement_count_property_range_all: real 0.07s | cpu 0.92s
2026-04-03 15:45:00.076 INFO (Iteration 134) statement_count_property_range_mandatory: real 0.04s | cpu 0.52s
2026-04-03 15:45:00.076 INFO (Iteration 134) statement_count_property_range_regular: real 0.05s | cpu 0.55s
2026-04-03 15:45:00.076 INFO (Iteration 134) statement_count_property_range_suggestion: real 0.04s | cpu 0.50s
2026-04-03 15:45:00.076 INFO (Iteration 134) range_constraint_violation_total_all: real 0.00s | cpu 0.00s
2026-04-03 15:45:00.076 INFO (Iteration 134) range_constraint_violation_ratio: real 0.00s | cpu 0.00s
2026-04-03 15:45:00.076 INFO (Iteration 134) range_constraint_completeness: real 0.00s | cpu 0.00s
2026-04-03 15:45:00.076 INFO (Iteration 134) range_constraint_violation_total_mandatory: real 0.00s | cpu 0.00s
2026-04-03 15:45:00.076 INFO (Iteration 134) range_constraint_violation_ratio_mandatory: real 0.00s | cpu 0.00s
2026-04-03 15:45:00.076 INFO (Iteration 134) range_constraint_completeness_mandatory: real 0.00s | cpu 0.00s
2026-04-03 15:45:00.076 INFO (Iteration 134) range_constraint_violation_total_regular: real 0.00s | cpu 0.00s
2026-04-03 15:45:00.076 INFO (Iteration 134) range_constraint_violation_ratio_regular: real 0.00s | cpu 0.00s
2026-04-03 15:45:00.076 INFO (Iteration 134) range_constraint_completeness_regular: real 0.00s | cpu 0.00s
2026-04-03 15:45:00.076 INFO (Iteration 134) range_constraint_violation_total_suggestion: real 0.00s | cpu 0.00s
2026-04-03 15:45:00.076 INFO (Iteration 134) range_constraint_violation_ratio_suggestion: real 0.00s | cpu 0.00s
2026-04-03 15:45:00.076 INFO (Iteration 134) range_constraint_completeness_suggestion: real 0.00s | cpu 0.00s
2026-04-03 15:45:00.076 INFO Iteration 134 finished in 2501.96s (real) and 2497.95s (process)
2026-04-03 15:45:00.077 INFO Start timestep 2023-12-01 00:00:00+00:00 -> 2023-12-31 00:00:00+00:00
2026-04-03 15:46:10.538 INFO Loading data (2023-12-01 00:00:00+00:00 -> 2023-12-31 00:00:00+00:00) done in 70.46s (real) and 63.85s (process)
2026-04-03 15:46:10.540 INFO Memory usage (start of timestep): 181.16 GB
2026-04-03 15:46:10.540 INFO Calculating metrics
2026-04-03 15:46:10.541 INFO Calculating metric: subject_constraint_violation_count
2026-04-03 16:25:43.815 INFO [subject_constraint_violation_count] processed rows=5707787, result_rows=1730
2026-04-03 16:25:44.977 INFO Calculating metric: statement_count_property_subject
2026-04-03 16:26:04.133 INFO Calculating metric: range_constraint_violation_count
2026-04-03 16:26:27.594 INFO Calculating metric: range_constraint_violation_count_mandatory
2026-04-03 16:26:30.443 INFO Calculating metric: range_constraint_violation_count_regular
2026-04-03 16:26:50.175 INFO Calculating metric: range_constraint_violation_count_suggestion
2026-04-03 16:26:51.185 INFO Calculating metric: statement_count_property_range_all
2026-04-03 16:26:51.257 INFO Calculating metric: statement_count_property_range_mandatory
2026-04-03 16:26:51.298 INFO Calculating metric: statement_count_property_range_regular
2026-04-03 16:26:51.342 INFO Calculating metric: statement_count_property_range_suggestion
2026-04-03 16:26:51.380 INFO Calculating metric: subject_constraint_violation_total
2026-04-03 16:26:51.383 INFO Calculating metric: range_constraint_violation_total_all
2026-04-03 16:26:51.385 INFO Calculating metric: range_constraint_violation_total_mandatory
2026-04-03 16:26:51.388 INFO Calculating metric: range_constraint_violation_total_regular
2026-04-03 16:26:51.390 INFO Calculating metric: range_constraint_violation_total_suggestion
2026-04-03 16:26:51.393 INFO Calculating metric: subject_constraint_violation_ratio
2026-04-03 16:26:51.395 INFO Calculating metric: range_constraint_violation_ratio
2026-04-03 16:26:51.397 INFO Calculating metric: range_constraint_violation_ratio_mandatory
2026-04-03 16:26:51.400 INFO Calculating metric: range_constraint_violation_ratio_regular
2026-04-03 16:26:51.402 INFO Calculating metric: range_constraint_violation_ratio_suggestion
2026-04-03 16:26:51.404 INFO Calculating metric: subject_constraint_completeness
2026-04-03 16:26:51.406 INFO Calculating metric: range_constraint_completeness
2026-04-03 16:26:51.408 INFO Calculating metric: range_constraint_completeness_mandatory
2026-04-03 16:26:51.410 INFO Calculating metric: range_constraint_completeness_regular
2026-04-03 16:26:51.413 INFO Calculating metric: range_constraint_completeness_suggestion
2026-04-03 16:26:51.415 INFO Memory usage (end of timestep): 181.16 GB
2026-04-03 16:26:51.415 INFO (Iteration 135) subject_constraint_violation_count: real 2374.44s | cpu 2380.54s
2026-04-03 16:26:51.415 INFO (Iteration 135) statement_count_property_subject: real 19.15s | cpu 25.05s
2026-04-03 16:26:51.415 INFO (Iteration 135) subject_constraint_violation_total: real 0.00s | cpu 0.00s
2026-04-03 16:26:51.415 INFO (Iteration 135) subject_constraint_violation_ratio: real 0.00s | cpu 0.00s
2026-04-03 16:26:51.415 INFO (Iteration 135) subject_constraint_completeness: real 0.00s | cpu 0.00s
2026-04-03 16:26:51.415 INFO (Iteration 135) range_constraint_violation_count: real 23.46s | cpu 24.95s
2026-04-03 16:26:51.415 INFO (Iteration 135) range_constraint_violation_count_mandatory: real 2.85s | cpu 3.78s
2026-04-03 16:26:51.415 INFO (Iteration 135) range_constraint_violation_count_regular: real 19.73s | cpu 20.97s
2026-04-03 16:26:51.415 INFO (Iteration 135) range_constraint_violation_count_suggestion: real 1.01s | cpu 1.90s
2026-04-03 16:26:51.415 INFO (Iteration 135) statement_count_property_range_all: real 0.07s | cpu 0.99s
2026-04-03 16:26:51.415 INFO (Iteration 135) statement_count_property_range_mandatory: real 0.04s | cpu 0.53s
2026-04-03 16:26:51.415 INFO (Iteration 135) statement_count_property_range_regular: real 0.04s | cpu 0.56s
2026-04-03 16:26:51.415 INFO (Iteration 135) statement_count_property_range_suggestion: real 0.04s | cpu 0.50s
2026-04-03 16:26:51.415 INFO (Iteration 135) range_constraint_violation_total_all: real 0.00s | cpu 0.00s
2026-04-03 16:26:51.415 INFO (Iteration 135) range_constraint_violation_ratio: real 0.00s | cpu 0.00s
2026-04-03 16:26:51.415 INFO (Iteration 135) range_constraint_completeness: real 0.00s | cpu 0.00s
2026-04-03 16:26:51.415 INFO (Iteration 135) range_constraint_violation_total_mandatory: real 0.00s | cpu 0.00s
2026-04-03 16:26:51.415 INFO (Iteration 135) range_constraint_violation_ratio_mandatory: real 0.00s | cpu 0.00s
2026-04-03 16:26:51.415 INFO (Iteration 135) range_constraint_completeness_mandatory: real 0.00s | cpu 0.00s
2026-04-03 16:26:51.415 INFO (Iteration 135) range_constraint_violation_total_regular: real 0.00s | cpu 0.00s
2026-04-03 16:26:51.415 INFO (Iteration 135) range_constraint_violation_ratio_regular: real 0.00s | cpu 0.00s
2026-04-03 16:26:51.415 INFO (Iteration 135) range_constraint_completeness_regular: real 0.00s | cpu 0.00s
2026-04-03 16:26:51.415 INFO (Iteration 135) range_constraint_violation_total_suggestion: real 0.00s | cpu 0.00s
2026-04-03 16:26:51.415 INFO (Iteration 135) range_constraint_violation_ratio_suggestion: real 0.00s | cpu 0.00s
2026-04-03 16:26:51.415 INFO (Iteration 135) range_constraint_completeness_suggestion: real 0.00s | cpu 0.00s
2026-04-03 16:26:51.415 INFO Iteration 135 finished in 2511.34s (real) and 2523.63s (process)
2026-04-03 16:26:51.415 INFO Start timestep 2023-12-31 00:00:00+00:00 -> 2024-01-30 00:00:00+00:00
2026-04-03 16:28:15.115 INFO Loading data (2023-12-31 00:00:00+00:00 -> 2024-01-30 00:00:00+00:00) done in 83.70s (real) and 71.76s (process)
2026-04-03 16:28:15.124 INFO Memory usage (start of timestep): 181.16 GB
2026-04-03 16:28:15.125 INFO Calculating metrics
2026-04-03 16:28:15.125 INFO Calculating metric: subject_constraint_violation_count
2026-04-03 17:02:41.054 INFO [subject_constraint_violation_count] processed rows=7053802, result_rows=1801
2026-04-03 17:02:42.366 INFO Calculating metric: statement_count_property_subject
2026-04-03 17:03:04.160 INFO Calculating metric: range_constraint_violation_count
2026-04-03 17:03:22.291 INFO Calculating metric: range_constraint_violation_count_mandatory
2026-04-03 17:03:24.841 INFO Calculating metric: range_constraint_violation_count_regular
2026-04-03 17:03:40.192 INFO Calculating metric: range_constraint_violation_count_suggestion
2026-04-03 17:03:40.431 INFO Calculating metric: statement_count_property_range_all
2026-04-03 17:03:40.498 INFO Calculating metric: statement_count_property_range_mandatory
2026-04-03 17:03:40.543 INFO Calculating metric: statement_count_property_range_regular
2026-04-03 17:03:40.590 INFO Calculating metric: statement_count_property_range_suggestion
2026-04-03 17:03:40.632 INFO Calculating metric: subject_constraint_violation_total
2026-04-03 17:03:40.635 INFO Calculating metric: range_constraint_violation_total_all
2026-04-03 17:03:40.638 INFO Calculating metric: range_constraint_violation_total_mandatory
2026-04-03 17:03:40.641 INFO Calculating metric: range_constraint_violation_total_regular
2026-04-03 17:03:40.644 INFO Calculating metric: range_constraint_violation_total_suggestion
2026-04-03 17:03:40.647 INFO Calculating metric: subject_constraint_violation_ratio
2026-04-03 17:03:40.650 INFO Calculating metric: range_constraint_violation_ratio
2026-04-03 17:03:40.653 INFO Calculating metric: range_constraint_violation_ratio_mandatory
2026-04-03 17:03:40.655 INFO Calculating metric: range_constraint_violation_ratio_regular
2026-04-03 17:03:40.658 INFO Calculating metric: range_constraint_violation_ratio_suggestion
2026-04-03 17:03:40.662 INFO Calculating metric: subject_constraint_completeness
2026-04-03 17:03:40.665 INFO Calculating metric: range_constraint_completeness
2026-04-03 17:03:40.667 INFO Calculating metric: range_constraint_completeness_mandatory
2026-04-03 17:03:40.670 INFO Calculating metric: range_constraint_completeness_regular
2026-04-03 17:03:40.673 INFO Calculating metric: range_constraint_completeness_suggestion
2026-04-03 17:03:40.677 INFO Memory usage (end of timestep): 181.16 GB
2026-04-03 17:03:40.677 INFO (Iteration 136) subject_constraint_violation_count: real 2067.24s | cpu 2073.29s
2026-04-03 17:03:40.677 INFO (Iteration 136) statement_count_property_subject: real 21.79s | cpu 28.06s
2026-04-03 17:03:40.677 INFO (Iteration 136) subject_constraint_violation_total: real 0.00s | cpu 0.00s
2026-04-03 17:03:40.677 INFO (Iteration 136) subject_constraint_violation_ratio: real 0.00s | cpu 0.00s
2026-04-03 17:03:40.677 INFO (Iteration 136) subject_constraint_completeness: real 0.00s | cpu 0.00s
2026-04-03 17:03:40.677 INFO (Iteration 136) range_constraint_violation_count: real 18.13s | cpu 19.22s
2026-04-03 17:03:40.677 INFO (Iteration 136) range_constraint_violation_count_mandatory: real 2.55s | cpu 3.38s
2026-04-03 17:03:40.677 INFO (Iteration 136) range_constraint_violation_count_regular: real 15.35s | cpu 16.42s
2026-04-03 17:03:40.677 INFO (Iteration 136) range_constraint_violation_count_suggestion: real 0.24s | cpu 0.99s
2026-04-03 17:03:40.677 INFO (Iteration 136) statement_count_property_range_all: real 0.07s | cpu 0.89s
2026-04-03 17:03:40.677 INFO (Iteration 136) statement_count_property_range_mandatory: real 0.04s | cpu 0.57s
2026-04-03 17:03:40.677 INFO (Iteration 136) statement_count_property_range_regular: real 0.05s | cpu 0.60s
2026-04-03 17:03:40.677 INFO (Iteration 136) statement_count_property_range_suggestion: real 0.04s | cpu 0.54s
2026-04-03 17:03:40.677 INFO (Iteration 136) range_constraint_violation_total_all: real 0.00s | cpu 0.00s
2026-04-03 17:03:40.677 INFO (Iteration 136) range_constraint_violation_ratio: real 0.00s | cpu 0.00s
2026-04-03 17:03:40.677 INFO (Iteration 136) range_constraint_completeness: real 0.00s | cpu 0.00s
2026-04-03 17:03:40.677 INFO (Iteration 136) range_constraint_violation_total_mandatory: real 0.00s | cpu 0.00s
2026-04-03 17:03:40.677 INFO (Iteration 136) range_constraint_violation_ratio_mandatory: real 0.00s | cpu 0.00s
2026-04-03 17:03:40.677 INFO (Iteration 136) range_constraint_completeness_mandatory: real 0.00s | cpu 0.00s
2026-04-03 17:03:40.677 INFO (Iteration 136) range_constraint_violation_total_regular: real 0.00s | cpu 0.00s
2026-04-03 17:03:40.677 INFO (Iteration 136) range_constraint_violation_ratio_regular: real 0.00s | cpu 0.00s
2026-04-03 17:03:40.677 INFO (Iteration 136) range_constraint_completeness_regular: real 0.00s | cpu 0.00s
2026-04-03 17:03:40.677 INFO (Iteration 136) range_constraint_violation_total_suggestion: real 0.00s | cpu 0.00s
2026-04-03 17:03:40.677 INFO (Iteration 136) range_constraint_violation_ratio_suggestion: real 0.00s | cpu 0.00s
2026-04-03 17:03:40.677 INFO (Iteration 136) range_constraint_completeness_suggestion: real 0.00s | cpu 0.00s
2026-04-03 17:03:40.677 INFO Iteration 136 finished in 2209.26s (real) and 2215.74s (process)
2026-04-03 17:03:40.678 INFO Start timestep 2024-01-30 00:00:00+00:00 -> 2024-02-29 00:00:00+00:00
2026-04-03 17:04:55.009 INFO Loading data (2024-01-30 00:00:00+00:00 -> 2024-02-29 00:00:00+00:00) done in 74.33s (real) and 47.59s (process)
2026-04-03 17:04:55.010 INFO Memory usage (start of timestep): 181.16 GB
2026-04-03 17:04:55.010 INFO Calculating metrics
2026-04-03 17:04:55.010 INFO Calculating metric: subject_constraint_violation_count
2026-04-03 17:47:39.284 INFO [subject_constraint_violation_count] processed rows=5795085, result_rows=1656
2026-04-03 17:47:40.567 INFO Calculating metric: statement_count_property_subject
2026-04-03 17:47:58.662 INFO Calculating metric: range_constraint_violation_count
2026-04-03 17:48:15.748 INFO Calculating metric: range_constraint_violation_count_mandatory
2026-04-03 17:48:20.104 INFO Calculating metric: range_constraint_violation_count_regular
2026-04-03 17:48:32.406 INFO Calculating metric: range_constraint_violation_count_suggestion
2026-04-03 17:48:32.675 INFO Calculating metric: statement_count_property_range_all
2026-04-03 17:48:32.748 INFO Calculating metric: statement_count_property_range_mandatory
2026-04-03 17:48:32.791 INFO Calculating metric: statement_count_property_range_regular
2026-04-03 17:48:32.838 INFO Calculating metric: statement_count_property_range_suggestion
2026-04-03 17:48:32.879 INFO Calculating metric: subject_constraint_violation_total
2026-04-03 17:48:32.884 INFO Calculating metric: range_constraint_violation_total_all
2026-04-03 17:48:32.886 INFO Calculating metric: range_constraint_violation_total_mandatory
2026-04-03 17:48:32.889 INFO Calculating metric: range_constraint_violation_total_regular
2026-04-03 17:48:32.892 INFO Calculating metric: range_constraint_violation_total_suggestion
2026-04-03 17:48:32.895 INFO Calculating metric: subject_constraint_violation_ratio
2026-04-03 17:48:32.898 INFO Calculating metric: range_constraint_violation_ratio
2026-04-03 17:48:32.902 INFO Calculating metric: range_constraint_violation_ratio_mandatory
2026-04-03 17:48:32.906 INFO Calculating metric: range_constraint_violation_ratio_regular
2026-04-03 17:48:32.908 INFO Calculating metric: range_constraint_violation_ratio_suggestion
2026-04-03 17:48:32.911 INFO Calculating metric: subject_constraint_completeness
2026-04-03 17:48:32.914 INFO Calculating metric: range_constraint_completeness
2026-04-03 17:48:32.916 INFO Calculating metric: range_constraint_completeness_mandatory
2026-04-03 17:48:32.919 INFO Calculating metric: range_constraint_completeness_regular
2026-04-03 17:48:32.922 INFO Calculating metric: range_constraint_completeness_suggestion
2026-04-03 17:48:32.925 INFO Memory usage (end of timestep): 181.16 GB
2026-04-03 17:48:32.925 INFO (Iteration 137) subject_constraint_violation_count: real 2565.56s | cpu 2571.96s
2026-04-03 17:48:32.925 INFO (Iteration 137) statement_count_property_subject: real 18.09s | cpu 24.09s
2026-04-03 17:48:32.925 INFO (Iteration 137) subject_constraint_violation_total: real 0.00s | cpu 0.00s
2026-04-03 17:48:32.925 INFO (Iteration 137) subject_constraint_violation_ratio: real 0.00s | cpu 0.00s
2026-04-03 17:48:32.925 INFO (Iteration 137) subject_constraint_completeness: real 0.00s | cpu 0.00s
2026-04-03 17:48:32.925 INFO (Iteration 137) range_constraint_violation_count: real 17.09s | cpu 18.53s
2026-04-03 17:48:32.925 INFO (Iteration 137) range_constraint_violation_count_mandatory: real 4.36s | cpu 5.63s
2026-04-03 17:48:32.925 INFO (Iteration 137) range_constraint_violation_count_regular: real 12.30s | cpu 13.37s
2026-04-03 17:48:32.925 INFO (Iteration 137) range_constraint_violation_count_suggestion: real 0.27s | cpu 1.01s
2026-04-03 17:48:32.925 INFO (Iteration 137) statement_count_property_range_all: real 0.07s | cpu 0.99s
2026-04-03 17:48:32.925 INFO (Iteration 137) statement_count_property_range_mandatory: real 0.04s | cpu 0.56s
2026-04-03 17:48:32.925 INFO (Iteration 137) statement_count_property_range_regular: real 0.05s | cpu 0.59s
2026-04-03 17:48:32.925 INFO (Iteration 137) statement_count_property_range_suggestion: real 0.04s | cpu 0.53s
2026-04-03 17:48:32.925 INFO (Iteration 137) range_constraint_violation_total_all: real 0.00s | cpu 0.00s
2026-04-03 17:48:32.925 INFO (Iteration 137) range_constraint_violation_ratio: real 0.00s | cpu 0.00s
2026-04-03 17:48:32.925 INFO (Iteration 137) range_constraint_completeness: real 0.00s | cpu 0.00s
2026-04-03 17:48:32.925 INFO (Iteration 137) range_constraint_violation_total_mandatory: real 0.00s | cpu 0.00s
2026-04-03 17:48:32.925 INFO (Iteration 137) range_constraint_violation_ratio_mandatory: real 0.00s | cpu 0.00s
2026-04-03 17:48:32.925 INFO (Iteration 137) range_constraint_completeness_mandatory: real 0.00s | cpu 0.00s
2026-04-03 17:48:32.925 INFO (Iteration 137) range_constraint_violation_total_regular: real 0.00s | cpu 0.00s
2026-04-03 17:48:32.925 INFO (Iteration 137) range_constraint_violation_ratio_regular: real 0.00s | cpu 0.00s
2026-04-03 17:48:32.925 INFO (Iteration 137) range_constraint_completeness_regular: real 0.00s | cpu 0.00s
2026-04-03 17:48:32.925 INFO (Iteration 137) range_constraint_violation_total_suggestion: real 0.00s | cpu 0.00s
2026-04-03 17:48:32.925 INFO (Iteration 137) range_constraint_violation_ratio_suggestion: real 0.00s | cpu 0.00s
2026-04-03 17:48:32.926 INFO (Iteration 137) range_constraint_completeness_suggestion: real 0.00s | cpu 0.00s
2026-04-03 17:48:32.926 INFO Iteration 137 finished in 2692.25s (real) and 2684.87s (process)
2026-04-03 17:48:32.926 INFO Start timestep 2024-02-29 00:00:00+00:00 -> 2024-03-30 00:00:00+00:00
2026-04-03 17:50:13.071 INFO Loading data (2024-02-29 00:00:00+00:00 -> 2024-03-30 00:00:00+00:00) done in 100.14s (real) and 63.63s (process)
2026-04-03 17:50:13.080 INFO Memory usage (start of timestep): 181.16 GB
2026-04-03 17:50:13.080 INFO Calculating metrics
2026-04-03 17:50:13.081 INFO Calculating metric: subject_constraint_violation_count
2026-04-03 18:30:47.674 INFO [subject_constraint_violation_count] processed rows=6410775, result_rows=1948
2026-04-03 18:30:48.934 INFO Calculating metric: statement_count_property_subject
2026-04-03 18:31:07.709 INFO Calculating metric: range_constraint_violation_count
2026-04-03 18:31:33.587 INFO Calculating metric: range_constraint_violation_count_mandatory
2026-04-03 18:31:36.419 INFO Calculating metric: range_constraint_violation_count_regular
2026-04-03 18:31:59.000 INFO Calculating metric: range_constraint_violation_count_suggestion
2026-04-03 18:31:59.215 INFO Calculating metric: statement_count_property_range_all
2026-04-03 18:31:59.289 INFO Calculating metric: statement_count_property_range_mandatory
2026-04-03 18:31:59.338 INFO Calculating metric: statement_count_property_range_regular
2026-04-03 18:31:59.391 INFO Calculating metric: statement_count_property_range_suggestion
2026-04-03 18:31:59.439 INFO Calculating metric: subject_constraint_violation_total
2026-04-03 18:31:59.442 INFO Calculating metric: range_constraint_violation_total_all
2026-04-03 18:31:59.444 INFO Calculating metric: range_constraint_violation_total_mandatory
2026-04-03 18:31:59.447 INFO Calculating metric: range_constraint_violation_total_regular
2026-04-03 18:31:59.449 INFO Calculating metric: range_constraint_violation_total_suggestion
2026-04-03 18:31:59.452 INFO Calculating metric: subject_constraint_violation_ratio
2026-04-03 18:31:59.454 INFO Calculating metric: range_constraint_violation_ratio
2026-04-03 18:31:59.456 INFO Calculating metric: range_constraint_violation_ratio_mandatory
2026-04-03 18:31:59.459 INFO Calculating metric: range_constraint_violation_ratio_regular
2026-04-03 18:31:59.461 INFO Calculating metric: range_constraint_violation_ratio_suggestion
2026-04-03 18:31:59.463 INFO Calculating metric: subject_constraint_completeness
2026-04-03 18:31:59.465 INFO Calculating metric: range_constraint_completeness
2026-04-03 18:31:59.467 INFO Calculating metric: range_constraint_completeness_mandatory
2026-04-03 18:31:59.469 INFO Calculating metric: range_constraint_completeness_regular
2026-04-03 18:31:59.471 INFO Calculating metric: range_constraint_completeness_suggestion
2026-04-03 18:31:59.473 INFO Memory usage (end of timestep): 181.16 GB
2026-04-03 18:31:59.473 INFO (Iteration 138) subject_constraint_violation_count: real 2435.85s | cpu 2442.54s
2026-04-03 18:31:59.473 INFO (Iteration 138) statement_count_property_subject: real 18.77s | cpu 25.62s
2026-04-03 18:31:59.473 INFO (Iteration 138) subject_constraint_violation_total: real 0.00s | cpu 0.00s
2026-04-03 18:31:59.473 INFO (Iteration 138) subject_constraint_violation_ratio: real 0.00s | cpu 0.00s
2026-04-03 18:31:59.473 INFO (Iteration 138) subject_constraint_completeness: real 0.00s | cpu 0.00s
2026-04-03 18:31:59.473 INFO (Iteration 138) range_constraint_violation_count: real 25.88s | cpu 27.34s
2026-04-03 18:31:59.473 INFO (Iteration 138) range_constraint_violation_count_mandatory: real 2.83s | cpu 4.05s
2026-04-03 18:31:59.473 INFO (Iteration 138) range_constraint_violation_count_regular: real 22.58s | cpu 23.97s
2026-04-03 18:31:59.473 INFO (Iteration 138) range_constraint_violation_count_suggestion: real 0.21s | cpu 1.05s
2026-04-03 18:31:59.473 INFO (Iteration 138) statement_count_property_range_all: real 0.07s | cpu 0.98s
2026-04-03 18:31:59.473 INFO (Iteration 138) statement_count_property_range_mandatory: real 0.05s | cpu 0.64s
2026-04-03 18:31:59.473 INFO (Iteration 138) statement_count_property_range_regular: real 0.05s | cpu 0.69s
2026-04-03 18:31:59.473 INFO (Iteration 138) statement_count_property_range_suggestion: real 0.05s | cpu 0.62s
2026-04-03 18:31:59.473 INFO (Iteration 138) range_constraint_violation_total_all: real 0.00s | cpu 0.00s
2026-04-03 18:31:59.473 INFO (Iteration 138) range_constraint_violation_ratio: real 0.00s | cpu 0.00s
2026-04-03 18:31:59.473 INFO (Iteration 138) range_constraint_completeness: real 0.00s | cpu 0.00s
2026-04-03 18:31:59.473 INFO (Iteration 138) range_constraint_violation_total_mandatory: real 0.00s | cpu 0.00s
2026-04-03 18:31:59.473 INFO (Iteration 138) range_constraint_violation_ratio_mandatory: real 0.00s | cpu 0.00s
2026-04-03 18:31:59.474 INFO (Iteration 138) range_constraint_completeness_mandatory: real 0.00s | cpu 0.00s
2026-04-03 18:31:59.474 INFO (Iteration 138) range_constraint_violation_total_regular: real 0.00s | cpu 0.00s
2026-04-03 18:31:59.474 INFO (Iteration 138) range_constraint_violation_ratio_regular: real 0.00s | cpu 0.00s
2026-04-03 18:31:59.474 INFO (Iteration 138) range_constraint_completeness_regular: real 0.00s | cpu 0.00s
2026-04-03 18:31:59.474 INFO (Iteration 138) range_constraint_violation_total_suggestion: real 0.00s | cpu 0.00s
2026-04-03 18:31:59.474 INFO (Iteration 138) range_constraint_violation_ratio_suggestion: real 0.00s | cpu 0.00s
2026-04-03 18:31:59.474 INFO (Iteration 138) range_constraint_completeness_suggestion: real 0.00s | cpu 0.00s
2026-04-03 18:31:59.474 INFO Iteration 138 finished in 2606.55s (real) and 2591.15s (process)
2026-04-03 18:31:59.474 INFO Start timestep 2024-03-30 00:00:00+00:00 -> 2024-04-29 00:00:00+00:00
2026-04-03 18:33:41.252 INFO Loading data (2024-03-30 00:00:00+00:00 -> 2024-04-29 00:00:00+00:00) done in 101.78s (real) and 65.29s (process)
2026-04-03 18:33:41.258 INFO Memory usage (start of timestep): 181.16 GB
2026-04-03 18:33:41.258 INFO Calculating metrics
2026-04-03 18:33:41.259 INFO Calculating metric: subject_constraint_violation_count
2026-04-03 19:15:00.935 INFO [subject_constraint_violation_count] processed rows=6782641, result_rows=1633
2026-04-03 19:15:02.214 INFO Calculating metric: statement_count_property_subject
2026-04-03 19:15:22.177 INFO Calculating metric: range_constraint_violation_count
2026-04-03 19:15:46.154 INFO Calculating metric: range_constraint_violation_count_mandatory
2026-04-03 19:15:49.477 INFO Calculating metric: range_constraint_violation_count_regular
2026-04-03 19:16:09.638 INFO Calculating metric: range_constraint_violation_count_suggestion
2026-04-03 19:16:09.965 INFO Calculating metric: statement_count_property_range_all
2026-04-03 19:16:10.044 INFO Calculating metric: statement_count_property_range_mandatory
2026-04-03 19:16:10.098 INFO Calculating metric: statement_count_property_range_regular
2026-04-03 19:16:10.154 INFO Calculating metric: statement_count_property_range_suggestion
2026-04-03 19:16:10.210 INFO Calculating metric: subject_constraint_violation_total
2026-04-03 19:16:10.213 INFO Calculating metric: range_constraint_violation_total_all
2026-04-03 19:16:10.215 INFO Calculating metric: range_constraint_violation_total_mandatory
2026-04-03 19:16:10.218 INFO Calculating metric: range_constraint_violation_total_regular
2026-04-03 19:16:10.220 INFO Calculating metric: range_constraint_violation_total_suggestion
2026-04-03 19:16:10.222 INFO Calculating metric: subject_constraint_violation_ratio
2026-04-03 19:16:10.224 INFO Calculating metric: range_constraint_violation_ratio
2026-04-03 19:16:10.226 INFO Calculating metric: range_constraint_violation_ratio_mandatory
2026-04-03 19:16:10.228 INFO Calculating metric: range_constraint_violation_ratio_regular
2026-04-03 19:16:10.230 INFO Calculating metric: range_constraint_violation_ratio_suggestion
2026-04-03 19:16:10.236 INFO Calculating metric: subject_constraint_completeness
2026-04-03 19:16:10.238 INFO Calculating metric: range_constraint_completeness
2026-04-03 19:16:10.240 INFO Calculating metric: range_constraint_completeness_mandatory
2026-04-03 19:16:10.242 INFO Calculating metric: range_constraint_completeness_regular
2026-04-03 19:16:10.244 INFO Calculating metric: range_constraint_completeness_suggestion
2026-04-03 19:16:10.246 INFO Memory usage (end of timestep): 181.16 GB
2026-04-03 19:16:10.246 INFO (Iteration 139) subject_constraint_violation_count: real 2480.96s | cpu 2488.18s
2026-04-03 19:16:10.246 INFO (Iteration 139) statement_count_property_subject: real 19.96s | cpu 27.52s
2026-04-03 19:16:10.246 INFO (Iteration 139) subject_constraint_violation_total: real 0.00s | cpu 0.00s
2026-04-03 19:16:10.246 INFO (Iteration 139) subject_constraint_violation_ratio: real 0.00s | cpu 0.00s
2026-04-03 19:16:10.246 INFO (Iteration 139) subject_constraint_completeness: real 0.00s | cpu 0.00s
2026-04-03 19:16:10.246 INFO (Iteration 139) range_constraint_violation_count: real 23.98s | cpu 25.69s
2026-04-03 19:16:10.246 INFO (Iteration 139) range_constraint_violation_count_mandatory: real 3.32s | cpu 4.77s
2026-04-03 19:16:10.246 INFO (Iteration 139) range_constraint_violation_count_regular: real 20.16s | cpu 21.65s
2026-04-03 19:16:10.246 INFO (Iteration 139) range_constraint_violation_count_suggestion: real 0.33s | cpu 1.34s
2026-04-03 19:16:10.246 INFO (Iteration 139) statement_count_property_range_all: real 0.08s | cpu 1.09s
2026-04-03 19:16:10.246 INFO (Iteration 139) statement_count_property_range_mandatory: real 0.05s | cpu 0.71s
2026-04-03 19:16:10.246 INFO (Iteration 139) statement_count_property_range_regular: real 0.06s | cpu 0.75s
2026-04-03 19:16:10.246 INFO (Iteration 139) statement_count_property_range_suggestion: real 0.06s | cpu 0.69s
2026-04-03 19:16:10.246 INFO (Iteration 139) range_constraint_violation_total_all: real 0.00s | cpu 0.00s
2026-04-03 19:16:10.246 INFO (Iteration 139) range_constraint_violation_ratio: real 0.00s | cpu 0.00s
2026-04-03 19:16:10.246 INFO (Iteration 139) range_constraint_completeness: real 0.00s | cpu 0.00s
2026-04-03 19:16:10.246 INFO (Iteration 139) range_constraint_violation_total_mandatory: real 0.00s | cpu 0.00s
2026-04-03 19:16:10.246 INFO (Iteration 139) range_constraint_violation_ratio_mandatory: real 0.00s | cpu 0.00s
2026-04-03 19:16:10.246 INFO (Iteration 139) range_constraint_completeness_mandatory: real 0.00s | cpu 0.00s
2026-04-03 19:16:10.246 INFO (Iteration 139) range_constraint_violation_total_regular: real 0.00s | cpu 0.00s
2026-04-03 19:16:10.246 INFO (Iteration 139) range_constraint_violation_ratio_regular: real 0.00s | cpu 0.00s
2026-04-03 19:16:10.246 INFO (Iteration 139) range_constraint_completeness_regular: real 0.00s | cpu 0.00s
2026-04-03 19:16:10.246 INFO (Iteration 139) range_constraint_violation_total_suggestion: real 0.00s | cpu 0.00s
2026-04-03 19:16:10.246 INFO (Iteration 139) range_constraint_violation_ratio_suggestion: real 0.01s | cpu 0.00s
2026-04-03 19:16:10.246 INFO (Iteration 139) range_constraint_completeness_suggestion: real 0.00s | cpu 0.00s
2026-04-03 19:16:10.246 INFO Iteration 139 finished in 2650.77s (real) and 2637.69s (process)
2026-04-03 19:16:10.247 INFO Start timestep 2024-04-29 00:00:00+00:00 -> 2024-05-29 00:00:00+00:00
2026-04-03 19:18:21.643 INFO Loading data (2024-04-29 00:00:00+00:00 -> 2024-05-29 00:00:00+00:00) done in 131.40s (real) and 82.44s (process)
2026-04-03 19:18:21.644 INFO Memory usage (start of timestep): 181.16 GB
2026-04-03 19:18:21.644 INFO Calculating metrics
2026-04-03 19:18:21.644 INFO Calculating metric: subject_constraint_violation_count
2026-04-03 19:58:07.441 INFO [subject_constraint_violation_count] processed rows=7274581, result_rows=1757
2026-04-03 19:58:08.956 INFO Calculating metric: statement_count_property_subject
2026-04-03 19:58:30.563 INFO Calculating metric: range_constraint_violation_count
2026-04-03 19:59:05.789 INFO Calculating metric: range_constraint_violation_count_mandatory
2026-04-03 19:59:10.748 INFO Calculating metric: range_constraint_violation_count_regular
2026-04-03 19:59:40.758 INFO Calculating metric: range_constraint_violation_count_suggestion
2026-04-03 19:59:41.132 INFO Calculating metric: statement_count_property_range_all
2026-04-03 19:59:41.232 INFO Calculating metric: statement_count_property_range_mandatory
2026-04-03 19:59:41.292 INFO Calculating metric: statement_count_property_range_regular
2026-04-03 19:59:41.357 INFO Calculating metric: statement_count_property_range_suggestion
2026-04-03 19:59:41.416 INFO Calculating metric: subject_constraint_violation_total
2026-04-03 19:59:41.419 INFO Calculating metric: range_constraint_violation_total_all
2026-04-03 19:59:41.425 INFO Calculating metric: range_constraint_violation_total_mandatory
2026-04-03 19:59:41.427 INFO Calculating metric: range_constraint_violation_total_regular
2026-04-03 19:59:41.430 INFO Calculating metric: range_constraint_violation_total_suggestion
2026-04-03 19:59:41.433 INFO Calculating metric: subject_constraint_violation_ratio
2026-04-03 19:59:41.435 INFO Calculating metric: range_constraint_violation_ratio
2026-04-03 19:59:41.437 INFO Calculating metric: range_constraint_violation_ratio_mandatory
2026-04-03 19:59:41.439 INFO Calculating metric: range_constraint_violation_ratio_regular
2026-04-03 19:59:41.442 INFO Calculating metric: range_constraint_violation_ratio_suggestion
2026-04-03 19:59:41.444 INFO Calculating metric: subject_constraint_completeness
2026-04-03 19:59:41.447 INFO Calculating metric: range_constraint_completeness
2026-04-03 19:59:41.449 INFO Calculating metric: range_constraint_completeness_mandatory
2026-04-03 19:59:41.452 INFO Calculating metric: range_constraint_completeness_regular
2026-04-03 19:59:41.454 INFO Calculating metric: range_constraint_completeness_suggestion
2026-04-03 19:59:41.456 INFO Memory usage (end of timestep): 181.16 GB
2026-04-03 19:59:41.456 INFO (Iteration 140) subject_constraint_violation_count: real 2387.31s | cpu 2394.76s
2026-04-03 19:59:41.456 INFO (Iteration 140) statement_count_property_subject: real 21.57s | cpu 25.19s
2026-04-03 19:59:41.456 INFO (Iteration 140) subject_constraint_violation_total: real 0.00s | cpu 0.00s
2026-04-03 19:59:41.457 INFO (Iteration 140) subject_constraint_violation_ratio: real 0.00s | cpu 0.00s
2026-04-03 19:59:41.457 INFO (Iteration 140) subject_constraint_completeness: real 0.00s | cpu 0.00s
2026-04-03 19:59:41.457 INFO (Iteration 140) range_constraint_violation_count: real 35.23s | cpu 37.17s
2026-04-03 19:59:41.457 INFO (Iteration 140) range_constraint_violation_count_mandatory: real 4.96s | cpu 6.31s
2026-04-03 19:59:41.457 INFO (Iteration 140) range_constraint_violation_count_regular: real 30.01s | cpu 31.87s
2026-04-03 19:59:41.457 INFO (Iteration 140) range_constraint_violation_count_suggestion: real 0.37s | cpu 1.32s
2026-04-03 19:59:41.457 INFO (Iteration 140) statement_count_property_range_all: real 0.10s | cpu 1.28s
2026-04-03 19:59:41.457 INFO (Iteration 140) statement_count_property_range_mandatory: real 0.06s | cpu 0.81s
2026-04-03 19:59:41.457 INFO (Iteration 140) statement_count_property_range_regular: real 0.07s | cpu 0.86s
2026-04-03 19:59:41.457 INFO (Iteration 140) statement_count_property_range_suggestion: real 0.06s | cpu 0.78s
2026-04-03 19:59:41.457 INFO (Iteration 140) range_constraint_violation_total_all: real 0.01s | cpu 0.00s
2026-04-03 19:59:41.457 INFO (Iteration 140) range_constraint_violation_ratio: real 0.00s | cpu 0.00s
2026-04-03 19:59:41.457 INFO (Iteration 140) range_constraint_completeness: real 0.00s | cpu 0.00s
2026-04-03 19:59:41.457 INFO (Iteration 140) range_constraint_violation_total_mandatory: real 0.00s | cpu 0.00s
2026-04-03 19:59:41.457 INFO (Iteration 140) range_constraint_violation_ratio_mandatory: real 0.00s | cpu 0.00s
2026-04-03 19:59:41.457 INFO (Iteration 140) range_constraint_completeness_mandatory: real 0.00s | cpu 0.00s
2026-04-03 19:59:41.457 INFO (Iteration 140) range_constraint_violation_total_regular: real 0.00s | cpu 0.00s
2026-04-03 19:59:41.457 INFO (Iteration 140) range_constraint_violation_ratio_regular: real 0.00s | cpu 0.00s
2026-04-03 19:59:41.457 INFO (Iteration 140) range_constraint_completeness_regular: real 0.00s | cpu 0.00s
2026-04-03 19:59:41.457 INFO (Iteration 140) range_constraint_violation_total_suggestion: real 0.00s | cpu 0.00s
2026-04-03 19:59:41.457 INFO (Iteration 140) range_constraint_violation_ratio_suggestion: real 0.00s | cpu 0.00s
2026-04-03 19:59:41.457 INFO (Iteration 140) range_constraint_completeness_suggestion: real 0.00s | cpu 0.00s
2026-04-03 19:59:41.457 INFO Iteration 140 finished in 2611.21s (real) and 2582.84s (process)
2026-04-03 19:59:41.457 INFO Start timestep 2024-05-29 00:00:00+00:00 -> 2024-06-28 00:00:00+00:00
2026-04-03 20:01:51.678 INFO Loading data (2024-05-29 00:00:00+00:00 -> 2024-06-28 00:00:00+00:00) done in 130.22s (real) and 112.09s (process)
2026-04-03 20:01:51.680 INFO Memory usage (start of timestep): 181.16 GB
2026-04-03 20:01:51.680 INFO Calculating metrics
2026-04-03 20:01:51.680 INFO Calculating metric: subject_constraint_violation_count
2026-04-03 20:29:22.086 INFO [subject_constraint_violation_count] processed rows=10665716, result_rows=1828
2026-04-03 20:29:23.893 INFO Calculating metric: statement_count_property_subject
2026-04-03 20:29:50.416 INFO Calculating metric: range_constraint_violation_count
2026-04-03 20:30:41.343 INFO Calculating metric: range_constraint_violation_count_mandatory
2026-04-03 20:30:47.473 INFO Calculating metric: range_constraint_violation_count_regular
2026-04-03 20:31:31.900 INFO Calculating metric: range_constraint_violation_count_suggestion
2026-04-03 20:31:32.331 INFO Calculating metric: statement_count_property_range_all
2026-04-03 20:31:32.429 INFO Calculating metric: statement_count_property_range_mandatory
2026-04-03 20:31:32.500 INFO Calculating metric: statement_count_property_range_regular
2026-04-03 20:31:32.578 INFO Calculating metric: statement_count_property_range_suggestion
2026-04-03 20:31:32.646 INFO Calculating metric: subject_constraint_violation_total
2026-04-03 20:31:32.649 INFO Calculating metric: range_constraint_violation_total_all
2026-04-03 20:31:32.652 INFO Calculating metric: range_constraint_violation_total_mandatory
2026-04-03 20:31:32.654 INFO Calculating metric: range_constraint_violation_total_regular
2026-04-03 20:31:32.657 INFO Calculating metric: range_constraint_violation_total_suggestion
2026-04-03 20:31:32.659 INFO Calculating metric: subject_constraint_violation_ratio
2026-04-03 20:31:32.661 INFO Calculating metric: range_constraint_violation_ratio
2026-04-03 20:31:32.664 INFO Calculating metric: range_constraint_violation_ratio_mandatory
2026-04-03 20:31:32.666 INFO Calculating metric: range_constraint_violation_ratio_regular
2026-04-03 20:31:32.668 INFO Calculating metric: range_constraint_violation_ratio_suggestion
2026-04-03 20:31:32.670 INFO Calculating metric: subject_constraint_completeness
2026-04-03 20:31:32.673 INFO Calculating metric: range_constraint_completeness
2026-04-03 20:31:32.675 INFO Calculating metric: range_constraint_completeness_mandatory
2026-04-03 20:31:32.677 INFO Calculating metric: range_constraint_completeness_regular
2026-04-03 20:31:32.680 INFO Calculating metric: range_constraint_completeness_suggestion
2026-04-03 20:31:32.682 INFO Memory usage (end of timestep): 181.16 GB
2026-04-03 20:31:32.682 INFO (Iteration 141) subject_constraint_violation_count: real 1652.21s | cpu 1660.08s
2026-04-03 20:31:32.682 INFO (Iteration 141) statement_count_property_subject: real 26.50s | cpu 31.07s
2026-04-03 20:31:32.682 INFO (Iteration 141) subject_constraint_violation_total: real 0.00s | cpu 0.00s
2026-04-03 20:31:32.682 INFO (Iteration 141) subject_constraint_violation_ratio: real 0.00s | cpu 0.00s
2026-04-03 20:31:32.682 INFO (Iteration 141) subject_constraint_completeness: real 0.00s | cpu 0.00s
2026-04-03 20:31:32.682 INFO (Iteration 141) range_constraint_violation_count: real 50.93s | cpu 54.06s
2026-04-03 20:31:32.682 INFO (Iteration 141) range_constraint_violation_count_mandatory: real 6.13s | cpu 7.62s
2026-04-03 20:31:32.682 INFO (Iteration 141) range_constraint_violation_count_regular: real 44.43s | cpu 47.30s
2026-04-03 20:31:32.682 INFO (Iteration 141) range_constraint_violation_count_suggestion: real 0.43s | cpu 1.67s
2026-04-03 20:31:32.682 INFO (Iteration 141) statement_count_property_range_all: real 0.10s | cpu 1.33s
2026-04-03 20:31:32.682 INFO (Iteration 141) statement_count_property_range_mandatory: real 0.07s | cpu 1.01s
2026-04-03 20:31:32.682 INFO (Iteration 141) statement_count_property_range_regular: real 0.08s | cpu 1.08s
2026-04-03 20:31:32.682 INFO (Iteration 141) statement_count_property_range_suggestion: real 0.07s | cpu 0.97s
2026-04-03 20:31:32.682 INFO (Iteration 141) range_constraint_violation_total_all: real 0.00s | cpu 0.00s
2026-04-03 20:31:32.682 INFO (Iteration 141) range_constraint_violation_ratio: real 0.00s | cpu 0.00s
2026-04-03 20:31:32.682 INFO (Iteration 141) range_constraint_completeness: real 0.00s | cpu 0.00s
2026-04-03 20:31:32.682 INFO (Iteration 141) range_constraint_violation_total_mandatory: real 0.00s | cpu 0.00s
2026-04-03 20:31:32.682 INFO (Iteration 141) range_constraint_violation_ratio_mandatory: real 0.00s | cpu 0.00s
2026-04-03 20:31:32.682 INFO (Iteration 141) range_constraint_completeness_mandatory: real 0.00s | cpu 0.00s
2026-04-03 20:31:32.682 INFO (Iteration 141) range_constraint_violation_total_regular: real 0.00s | cpu 0.00s
2026-04-03 20:31:32.682 INFO (Iteration 141) range_constraint_violation_ratio_regular: real 0.00s | cpu 0.00s
2026-04-03 20:31:32.682 INFO (Iteration 141) range_constraint_completeness_regular: real 0.00s | cpu 0.00s
2026-04-03 20:31:32.682 INFO (Iteration 141) range_constraint_violation_total_suggestion: real 0.00s | cpu 0.00s
2026-04-03 20:31:32.682 INFO (Iteration 141) range_constraint_violation_ratio_suggestion: real 0.00s | cpu 0.00s
2026-04-03 20:31:32.682 INFO (Iteration 141) range_constraint_completeness_suggestion: real 0.00s | cpu 0.00s
2026-04-03 20:31:32.682 INFO Iteration 141 finished in 1911.23s (real) and 1918.32s (process)
2026-04-03 20:31:32.683 INFO Start timestep 2024-06-28 00:00:00+00:00 -> 2024-07-28 00:00:00+00:00
2026-04-03 20:34:00.918 INFO Loading data (2024-06-28 00:00:00+00:00 -> 2024-07-28 00:00:00+00:00) done in 148.24s (real) and 115.35s (process)
2026-04-03 20:34:00.929 INFO Memory usage (start of timestep): 181.16 GB
2026-04-03 20:34:00.929 INFO Calculating metrics
2026-04-03 20:34:00.929 INFO Calculating metric: subject_constraint_violation_count
2026-04-03 21:19:17.212 INFO [subject_constraint_violation_count] processed rows=11631858, result_rows=1643
2026-04-03 21:19:19.233 INFO Calculating metric: statement_count_property_subject
2026-04-03 21:19:46.919 INFO Calculating metric: range_constraint_violation_count
2026-04-03 21:20:43.969 INFO Calculating metric: range_constraint_violation_count_mandatory
2026-04-03 21:20:47.011 INFO Calculating metric: range_constraint_violation_count_regular
2026-04-03 21:21:40.942 INFO Calculating metric: range_constraint_violation_count_suggestion
2026-04-03 21:21:41.287 INFO Calculating metric: statement_count_property_range_all
2026-04-03 21:21:41.398 INFO Calculating metric: statement_count_property_range_mandatory
2026-04-03 21:21:41.485 INFO Calculating metric: statement_count_property_range_regular
2026-04-03 21:21:41.578 INFO Calculating metric: statement_count_property_range_suggestion
2026-04-03 21:21:41.662 INFO Calculating metric: subject_constraint_violation_total
2026-04-03 21:21:41.665 INFO Calculating metric: range_constraint_violation_total_all
2026-04-03 21:21:41.668 INFO Calculating metric: range_constraint_violation_total_mandatory
2026-04-03 21:21:41.670 INFO Calculating metric: range_constraint_violation_total_regular
2026-04-03 21:21:41.673 INFO Calculating metric: range_constraint_violation_total_suggestion
2026-04-03 21:21:41.675 INFO Calculating metric: subject_constraint_violation_ratio
2026-04-03 21:21:41.678 INFO Calculating metric: range_constraint_violation_ratio
2026-04-03 21:21:41.680 INFO Calculating metric: range_constraint_violation_ratio_mandatory
2026-04-03 21:21:41.682 INFO Calculating metric: range_constraint_violation_ratio_regular
2026-04-03 21:21:41.685 INFO Calculating metric: range_constraint_violation_ratio_suggestion
2026-04-03 21:21:41.687 INFO Calculating metric: subject_constraint_completeness
2026-04-03 21:21:41.689 INFO Calculating metric: range_constraint_completeness
2026-04-03 21:21:41.692 INFO Calculating metric: range_constraint_completeness_mandatory
2026-04-03 21:21:41.694 INFO Calculating metric: range_constraint_completeness_regular
2026-04-03 21:21:41.696 INFO Calculating metric: range_constraint_completeness_suggestion
2026-04-03 21:21:41.699 INFO Memory usage (end of timestep): 181.16 GB
2026-04-03 21:21:41.699 INFO (Iteration 142) subject_constraint_violation_count: real 2718.30s | cpu 2729.10s
2026-04-03 21:21:41.699 INFO (Iteration 142) statement_count_property_subject: real 27.68s | cpu 33.44s
2026-04-03 21:21:41.699 INFO (Iteration 142) subject_constraint_violation_total: real 0.00s | cpu 0.00s
2026-04-03 21:21:41.699 INFO (Iteration 142) subject_constraint_violation_ratio: real 0.00s | cpu 0.00s
2026-04-03 21:21:41.699 INFO (Iteration 142) subject_constraint_completeness: real 0.00s | cpu 0.00s
2026-04-03 21:21:41.699 INFO (Iteration 142) range_constraint_violation_count: real 57.05s | cpu 61.52s
2026-04-03 21:21:41.699 INFO (Iteration 142) range_constraint_violation_count_mandatory: real 3.04s | cpu 4.64s
2026-04-03 21:21:41.699 INFO (Iteration 142) range_constraint_violation_count_regular: real 53.93s | cpu 58.09s
2026-04-03 21:21:41.699 INFO (Iteration 142) range_constraint_violation_count_suggestion: real 0.34s | cpu 1.86s
2026-04-03 21:21:41.699 INFO (Iteration 142) statement_count_property_range_all: real 0.11s | cpu 1.51s
2026-04-03 21:21:41.699 INFO (Iteration 142) statement_count_property_range_mandatory: real 0.09s | cpu 1.23s
2026-04-03 21:21:41.699 INFO (Iteration 142) statement_count_property_range_regular: real 0.09s | cpu 1.31s
2026-04-03 21:21:41.699 INFO (Iteration 142) statement_count_property_range_suggestion: real 0.08s | cpu 1.19s
2026-04-03 21:21:41.699 INFO (Iteration 142) range_constraint_violation_total_all: real 0.00s | cpu 0.00s
2026-04-03 21:21:41.699 INFO (Iteration 142) range_constraint_violation_ratio: real 0.00s | cpu 0.00s
2026-04-03 21:21:41.699 INFO (Iteration 142) range_constraint_completeness: real 0.00s | cpu 0.00s
2026-04-03 21:21:41.699 INFO (Iteration 142) range_constraint_violation_total_mandatory: real 0.00s | cpu 0.00s
2026-04-03 21:21:41.699 INFO (Iteration 142) range_constraint_violation_ratio_mandatory: real 0.00s | cpu 0.00s
2026-04-03 21:21:41.699 INFO (Iteration 142) range_constraint_completeness_mandatory: real 0.00s | cpu 0.00s
2026-04-03 21:21:41.699 INFO (Iteration 142) range_constraint_violation_total_regular: real 0.00s | cpu 0.00s
2026-04-03 21:21:41.699 INFO (Iteration 142) range_constraint_violation_ratio_regular: real 0.00s | cpu 0.00s
2026-04-03 21:21:41.699 INFO (Iteration 142) range_constraint_completeness_regular: real 0.00s | cpu 0.00s
2026-04-03 21:21:41.699 INFO (Iteration 142) range_constraint_violation_total_suggestion: real 0.00s | cpu 0.00s
2026-04-03 21:21:41.700 INFO (Iteration 142) range_constraint_violation_ratio_suggestion: real 0.00s | cpu 0.00s
2026-04-03 21:21:41.700 INFO (Iteration 142) range_constraint_completeness_suggestion: real 0.00s | cpu 0.00s
2026-04-03 21:21:41.700 INFO Iteration 142 finished in 3009.02s (real) and 3009.25s (process)
2026-04-03 21:21:41.700 INFO Start timestep 2024-07-28 00:00:00+00:00 -> 2024-08-27 00:00:00+00:00
2026-04-03 21:24:40.853 INFO Loading data (2024-07-28 00:00:00+00:00 -> 2024-08-27 00:00:00+00:00) done in 179.15s (real) and 172.79s (process)
2026-04-03 21:24:40.854 INFO Memory usage (start of timestep): 181.16 GB
2026-04-03 21:24:40.854 INFO Calculating metrics
2026-04-03 21:24:40.854 INFO Calculating metric: subject_constraint_violation_count
2026-04-03 21:31:54.908 INFO [subject_constraint_violation_count] processed rows=18056374, result_rows=1719
2026-04-03 21:31:57.603 INFO Calculating metric: statement_count_property_subject
2026-04-03 21:32:20.940 INFO Calculating metric: range_constraint_violation_count
2026-04-03 21:34:02.768 INFO Calculating metric: range_constraint_violation_count_mandatory
2026-04-03 21:34:07.318 INFO Calculating metric: range_constraint_violation_count_regular
2026-04-03 21:35:45.162 INFO Calculating metric: range_constraint_violation_count_suggestion
2026-04-03 21:35:45.503 INFO Calculating metric: statement_count_property_range_all
2026-04-03 21:35:45.646 INFO Calculating metric: statement_count_property_range_mandatory
2026-04-03 21:35:45.768 INFO Calculating metric: statement_count_property_range_regular
2026-04-03 21:35:45.898 INFO Calculating metric: statement_count_property_range_suggestion
2026-04-03 21:35:46.013 INFO Calculating metric: subject_constraint_violation_total
2026-04-03 21:35:46.016 INFO Calculating metric: range_constraint_violation_total_all
2026-04-03 21:35:46.019 INFO Calculating metric: range_constraint_violation_total_mandatory
2026-04-03 21:35:46.022 INFO Calculating metric: range_constraint_violation_total_regular
2026-04-03 21:35:46.024 INFO Calculating metric: range_constraint_violation_total_suggestion
2026-04-03 21:35:46.026 INFO Calculating metric: subject_constraint_violation_ratio
2026-04-03 21:35:46.029 INFO Calculating metric: range_constraint_violation_ratio
2026-04-03 21:35:46.031 INFO Calculating metric: range_constraint_violation_ratio_mandatory
2026-04-03 21:35:46.033 INFO Calculating metric: range_constraint_violation_ratio_regular
2026-04-03 21:35:46.035 INFO Calculating metric: range_constraint_violation_ratio_suggestion
2026-04-03 21:35:46.038 INFO Calculating metric: subject_constraint_completeness
2026-04-03 21:35:46.040 INFO Calculating metric: range_constraint_completeness
2026-04-03 21:35:46.042 INFO Calculating metric: range_constraint_completeness_mandatory
2026-04-03 21:35:46.044 INFO Calculating metric: range_constraint_completeness_regular
2026-04-03 21:35:46.047 INFO Calculating metric: range_constraint_completeness_suggestion
2026-04-03 21:35:46.049 INFO Memory usage (end of timestep): 181.16 GB
2026-04-03 21:35:46.049 INFO (Iteration 143) subject_constraint_violation_count: real 436.75s | cpu 447.15s
2026-04-03 21:35:46.049 INFO (Iteration 143) statement_count_property_subject: real 23.33s | cpu 35.35s
2026-04-03 21:35:46.049 INFO (Iteration 143) subject_constraint_violation_total: real 0.00s | cpu 0.00s
2026-04-03 21:35:46.049 INFO (Iteration 143) subject_constraint_violation_ratio: real 0.00s | cpu 0.00s
2026-04-03 21:35:46.049 INFO (Iteration 143) subject_constraint_completeness: real 0.00s | cpu 0.00s
2026-04-03 21:35:46.049 INFO (Iteration 143) range_constraint_violation_count: real 101.83s | cpu 109.61s
2026-04-03 21:35:46.049 INFO (Iteration 143) range_constraint_violation_count_mandatory: real 4.54s | cpu 6.78s
2026-04-03 21:35:46.049 INFO (Iteration 143) range_constraint_violation_count_regular: real 97.84s | cpu 105.31s
2026-04-03 21:35:46.049 INFO (Iteration 143) range_constraint_violation_count_suggestion: real 0.33s | cpu 2.21s
2026-04-03 21:35:46.049 INFO (Iteration 143) statement_count_property_range_all: real 0.14s | cpu 2.08s
2026-04-03 21:35:46.049 INFO (Iteration 143) statement_count_property_range_mandatory: real 0.12s | cpu 1.78s
2026-04-03 21:35:46.049 INFO (Iteration 143) statement_count_property_range_regular: real 0.13s | cpu 1.88s
2026-04-03 21:35:46.049 INFO (Iteration 143) statement_count_property_range_suggestion: real 0.12s | cpu 1.68s
2026-04-03 21:35:46.049 INFO (Iteration 143) range_constraint_violation_total_all: real 0.00s | cpu 0.00s
2026-04-03 21:35:46.049 INFO (Iteration 143) range_constraint_violation_ratio: real 0.00s | cpu 0.00s
2026-04-03 21:35:46.049 INFO (Iteration 143) range_constraint_completeness: real 0.00s | cpu 0.00s
2026-04-03 21:35:46.049 INFO (Iteration 143) range_constraint_violation_total_mandatory: real 0.00s | cpu 0.00s
2026-04-03 21:35:46.049 INFO (Iteration 143) range_constraint_violation_ratio_mandatory: real 0.00s | cpu 0.00s
2026-04-03 21:35:46.049 INFO (Iteration 143) range_constraint_completeness_mandatory: real 0.00s | cpu 0.00s
2026-04-03 21:35:46.049 INFO (Iteration 143) range_constraint_violation_total_regular: real 0.00s | cpu 0.00s
2026-04-03 21:35:46.049 INFO (Iteration 143) range_constraint_violation_ratio_regular: real 0.00s | cpu 0.00s
2026-04-03 21:35:46.049 INFO (Iteration 143) range_constraint_completeness_regular: real 0.00s | cpu 0.00s
2026-04-03 21:35:46.049 INFO (Iteration 143) range_constraint_violation_total_suggestion: real 0.00s | cpu 0.00s
2026-04-03 21:35:46.049 INFO (Iteration 143) range_constraint_violation_ratio_suggestion: real 0.00s | cpu 0.00s
2026-04-03 21:35:46.049 INFO (Iteration 143) range_constraint_completeness_suggestion: real 0.00s | cpu 0.00s
2026-04-03 21:35:46.049 INFO Iteration 143 finished in 844.35s (real) and 886.63s (process)
2026-04-03 21:35:46.049 INFO Start timestep 2024-08-27 00:00:00+00:00 -> 2024-09-26 00:00:00+00:00
2026-04-03 21:37:05.462 INFO Loading data (2024-08-27 00:00:00+00:00 -> 2024-09-26 00:00:00+00:00) done in 79.41s (real) and 68.06s (process)
2026-04-03 21:37:05.472 INFO Memory usage (start of timestep): 181.16 GB
2026-04-03 21:37:05.472 INFO Calculating metrics
2026-04-03 21:37:05.472 INFO Calculating metric: subject_constraint_violation_count
2026-04-03 22:07:13.545 INFO [subject_constraint_violation_count] processed rows=6264071, result_rows=1724
2026-04-03 22:07:14.668 INFO Calculating metric: statement_count_property_subject
2026-04-03 22:07:37.144 INFO Calculating metric: range_constraint_violation_count
2026-04-03 22:08:16.537 INFO Calculating metric: range_constraint_violation_count_mandatory
2026-04-03 22:08:30.512 INFO Calculating metric: range_constraint_violation_count_regular
2026-04-03 22:08:52.490 INFO Calculating metric: range_constraint_violation_count_suggestion
2026-04-03 22:08:55.891 INFO Calculating metric: statement_count_property_range_all
2026-04-03 22:08:55.977 INFO Calculating metric: statement_count_property_range_mandatory
2026-04-03 22:08:56.028 INFO Calculating metric: statement_count_property_range_regular
2026-04-03 22:08:56.083 INFO Calculating metric: statement_count_property_range_suggestion
2026-04-03 22:08:56.131 INFO Calculating metric: subject_constraint_violation_total
2026-04-03 22:08:56.134 INFO Calculating metric: range_constraint_violation_total_all
2026-04-03 22:08:56.136 INFO Calculating metric: range_constraint_violation_total_mandatory
2026-04-03 22:08:56.139 INFO Calculating metric: range_constraint_violation_total_regular
2026-04-03 22:08:56.141 INFO Calculating metric: range_constraint_violation_total_suggestion
2026-04-03 22:08:56.143 INFO Calculating metric: subject_constraint_violation_ratio
2026-04-03 22:08:56.146 INFO Calculating metric: range_constraint_violation_ratio
2026-04-03 22:08:56.148 INFO Calculating metric: range_constraint_violation_ratio_mandatory
2026-04-03 22:08:56.150 INFO Calculating metric: range_constraint_violation_ratio_regular
2026-04-03 22:08:56.153 INFO Calculating metric: range_constraint_violation_ratio_suggestion
2026-04-03 22:08:56.155 INFO Calculating metric: subject_constraint_completeness
2026-04-03 22:08:56.157 INFO Calculating metric: range_constraint_completeness
2026-04-03 22:08:56.159 INFO Calculating metric: range_constraint_completeness_mandatory
2026-04-03 22:08:56.161 INFO Calculating metric: range_constraint_completeness_regular
2026-04-03 22:08:56.164 INFO Calculating metric: range_constraint_completeness_suggestion
2026-04-03 22:08:56.166 INFO Memory usage (end of timestep): 181.16 GB
2026-04-03 22:08:56.166 INFO (Iteration 144) subject_constraint_violation_count: real 1809.20s | cpu 1815.41s
2026-04-03 22:08:56.166 INFO (Iteration 144) statement_count_property_subject: real 22.47s | cpu 26.08s
2026-04-03 22:08:56.166 INFO (Iteration 144) subject_constraint_violation_total: real 0.00s | cpu 0.00s
2026-04-03 22:08:56.166 INFO (Iteration 144) subject_constraint_violation_ratio: real 0.00s | cpu 0.00s
2026-04-03 22:08:56.166 INFO (Iteration 144) subject_constraint_completeness: real 0.00s | cpu 0.00s
2026-04-03 22:08:56.166 INFO (Iteration 144) range_constraint_violation_count: real 39.39s | cpu 41.67s
2026-04-03 22:08:56.166 INFO (Iteration 144) range_constraint_violation_count_mandatory: real 13.97s | cpu 15.50s
2026-04-03 22:08:56.166 INFO (Iteration 144) range_constraint_violation_count_regular: real 21.98s | cpu 24.02s
2026-04-03 22:08:56.166 INFO (Iteration 144) range_constraint_violation_count_suggestion: real 3.40s | cpu 4.79s
2026-04-03 22:08:56.166 INFO (Iteration 144) statement_count_property_range_all: real 0.09s | cpu 1.20s
2026-04-03 22:08:56.166 INFO (Iteration 144) statement_count_property_range_mandatory: real 0.05s | cpu 0.69s
2026-04-03 22:08:56.166 INFO (Iteration 144) statement_count_property_range_regular: real 0.05s | cpu 0.73s
2026-04-03 22:08:56.166 INFO (Iteration 144) statement_count_property_range_suggestion: real 0.05s | cpu 0.66s
2026-04-03 22:08:56.166 INFO (Iteration 144) range_constraint_violation_total_all: real 0.00s | cpu 0.00s
2026-04-03 22:08:56.166 INFO (Iteration 144) range_constraint_violation_ratio: real 0.00s | cpu 0.00s
2026-04-03 22:08:56.166 INFO (Iteration 144) range_constraint_completeness: real 0.00s | cpu 0.00s
2026-04-03 22:08:56.166 INFO (Iteration 144) range_constraint_violation_total_mandatory: real 0.00s | cpu 0.00s
2026-04-03 22:08:56.166 INFO (Iteration 144) range_constraint_violation_ratio_mandatory: real 0.00s | cpu 0.00s
2026-04-03 22:08:56.166 INFO (Iteration 144) range_constraint_completeness_mandatory: real 0.00s | cpu 0.00s
2026-04-03 22:08:56.166 INFO (Iteration 144) range_constraint_violation_total_regular: real 0.00s | cpu 0.00s
2026-04-03 22:08:56.166 INFO (Iteration 144) range_constraint_violation_ratio_regular: real 0.00s | cpu 0.00s
2026-04-03 22:08:56.166 INFO (Iteration 144) range_constraint_completeness_regular: real 0.00s | cpu 0.00s
2026-04-03 22:08:56.166 INFO (Iteration 144) range_constraint_violation_total_suggestion: real 0.00s | cpu 0.00s
2026-04-03 22:08:56.166 INFO (Iteration 144) range_constraint_violation_ratio_suggestion: real 0.00s | cpu 0.00s
2026-04-03 22:08:56.166 INFO (Iteration 144) range_constraint_completeness_suggestion: real 0.00s | cpu 0.00s
2026-04-03 22:08:56.166 INFO Iteration 144 finished in 1990.12s (real) and 1998.84s (process)
2026-04-03 22:08:56.167 INFO Start timestep 2024-09-26 00:00:00+00:00 -> 2024-10-26 00:00:00+00:00
2026-04-03 22:09:58.612 INFO Loading data (2024-09-26 00:00:00+00:00 -> 2024-10-26 00:00:00+00:00) done in 62.45s (real) and 40.02s (process)
2026-04-03 22:09:58.620 INFO Memory usage (start of timestep): 181.16 GB
2026-04-03 22:09:58.620 INFO Calculating metrics
2026-04-03 22:09:58.620 INFO Calculating metric: subject_constraint_violation_count
2026-04-03 22:49:25.988 INFO [subject_constraint_violation_count] processed rows=3941993, result_rows=1730
2026-04-03 22:49:26.951 INFO Calculating metric: statement_count_property_subject
2026-04-03 22:49:43.982 INFO Calculating metric: range_constraint_violation_count
2026-04-03 22:49:53.772 INFO Calculating metric: range_constraint_violation_count_mandatory
2026-04-03 22:49:55.394 INFO Calculating metric: range_constraint_violation_count_regular
2026-04-03 22:50:03.843 INFO Calculating metric: range_constraint_violation_count_suggestion
2026-04-03 22:50:04.130 INFO Calculating metric: statement_count_property_range_all
2026-04-03 22:50:04.200 INFO Calculating metric: statement_count_property_range_mandatory
2026-04-03 22:50:04.236 INFO Calculating metric: statement_count_property_range_regular
2026-04-03 22:50:04.275 INFO Calculating metric: statement_count_property_range_suggestion
2026-04-03 22:50:04.312 INFO Calculating metric: subject_constraint_violation_total
2026-04-03 22:50:04.314 INFO Calculating metric: range_constraint_violation_total_all
2026-04-03 22:50:04.317 INFO Calculating metric: range_constraint_violation_total_mandatory
2026-04-03 22:50:04.320 INFO Calculating metric: range_constraint_violation_total_regular
2026-04-03 22:50:04.322 INFO Calculating metric: range_constraint_violation_total_suggestion
2026-04-03 22:50:04.324 INFO Calculating metric: subject_constraint_violation_ratio
2026-04-03 22:50:04.327 INFO Calculating metric: range_constraint_violation_ratio
2026-04-03 22:50:04.329 INFO Calculating metric: range_constraint_violation_ratio_mandatory
2026-04-03 22:50:04.331 INFO Calculating metric: range_constraint_violation_ratio_regular
2026-04-03 22:50:04.333 INFO Calculating metric: range_constraint_violation_ratio_suggestion
2026-04-03 22:50:04.335 INFO Calculating metric: subject_constraint_completeness
2026-04-03 22:50:04.338 INFO Calculating metric: range_constraint_completeness
2026-04-03 22:50:04.340 INFO Calculating metric: range_constraint_completeness_mandatory
2026-04-03 22:50:04.342 INFO Calculating metric: range_constraint_completeness_regular
2026-04-03 22:50:04.344 INFO Calculating metric: range_constraint_completeness_suggestion
2026-04-03 22:50:04.347 INFO Memory usage (end of timestep): 181.16 GB
2026-04-03 22:50:04.347 INFO (Iteration 145) subject_constraint_violation_count: real 2368.33s | cpu 2374.05s
2026-04-03 22:50:04.347 INFO (Iteration 145) statement_count_property_subject: real 17.03s | cpu 21.73s
2026-04-03 22:50:04.347 INFO (Iteration 145) subject_constraint_violation_total: real 0.00s | cpu 0.00s
2026-04-03 22:50:04.347 INFO (Iteration 145) subject_constraint_violation_ratio: real 0.00s | cpu 0.00s
2026-04-03 22:50:04.347 INFO (Iteration 145) subject_constraint_completeness: real 0.00s | cpu 0.00s
2026-04-03 22:50:04.347 INFO (Iteration 145) range_constraint_violation_count: real 9.79s | cpu 10.65s
2026-04-03 22:50:04.347 INFO (Iteration 145) range_constraint_violation_count_mandatory: real 1.62s | cpu 2.40s
2026-04-03 22:50:04.347 INFO (Iteration 145) range_constraint_violation_count_regular: real 8.45s | cpu 9.16s
2026-04-03 22:50:04.347 INFO (Iteration 145) range_constraint_violation_count_suggestion: real 0.29s | cpu 0.86s
2026-04-03 22:50:04.347 INFO (Iteration 145) statement_count_property_range_all: real 0.07s | cpu 0.93s
2026-04-03 22:50:04.347 INFO (Iteration 145) statement_count_property_range_mandatory: real 0.04s | cpu 0.45s
2026-04-03 22:50:04.347 INFO (Iteration 145) statement_count_property_range_regular: real 0.04s | cpu 0.47s
2026-04-03 22:50:04.347 INFO (Iteration 145) statement_count_property_range_suggestion: real 0.04s | cpu 0.43s
2026-04-03 22:50:04.347 INFO (Iteration 145) range_constraint_violation_total_all: real 0.00s | cpu 0.00s
2026-04-03 22:50:04.347 INFO (Iteration 145) range_constraint_violation_ratio: real 0.00s | cpu 0.00s
2026-04-03 22:50:04.347 INFO (Iteration 145) range_constraint_completeness: real 0.00s | cpu 0.00s
2026-04-03 22:50:04.347 INFO (Iteration 145) range_constraint_violation_total_mandatory: real 0.00s | cpu 0.00s
2026-04-03 22:50:04.347 INFO (Iteration 145) range_constraint_violation_ratio_mandatory: real 0.00s | cpu 0.00s
2026-04-03 22:50:04.347 INFO (Iteration 145) range_constraint_completeness_mandatory: real 0.00s | cpu 0.00s
2026-04-03 22:50:04.347 INFO (Iteration 145) range_constraint_violation_total_regular: real 0.00s | cpu 0.00s
2026-04-03 22:50:04.347 INFO (Iteration 145) range_constraint_violation_ratio_regular: real 0.00s | cpu 0.00s
2026-04-03 22:50:04.347 INFO (Iteration 145) range_constraint_completeness_regular: real 0.00s | cpu 0.00s
2026-04-03 22:50:04.347 INFO (Iteration 145) range_constraint_violation_total_suggestion: real 0.00s | cpu 0.00s
2026-04-03 22:50:04.347 INFO (Iteration 145) range_constraint_violation_ratio_suggestion: real 0.00s | cpu 0.00s
2026-04-03 22:50:04.347 INFO (Iteration 145) range_constraint_completeness_suggestion: real 0.00s | cpu 0.00s
2026-04-03 22:50:04.347 INFO Iteration 145 finished in 2468.18s (real) and 2461.17s (process)
2026-04-03 22:50:04.347 INFO Start timestep 2024-10-26 00:00:00+00:00 -> 2024-11-25 00:00:00+00:00
2026-04-03 22:53:06.208 INFO Loading data (2024-10-26 00:00:00+00:00 -> 2024-11-25 00:00:00+00:00) done in 181.86s (real) and 140.14s (process)
2026-04-03 22:53:06.218 INFO Memory usage (start of timestep): 181.16 GB
2026-04-03 22:53:06.218 INFO Calculating metrics
2026-04-03 22:53:06.218 INFO Calculating metric: subject_constraint_violation_count
2026-04-03 23:21:14.589 INFO [subject_constraint_violation_count] processed rows=9033451, result_rows=1658
2026-04-03 23:21:16.309 INFO Calculating metric: statement_count_property_subject
2026-04-03 23:21:35.379 INFO Calculating metric: range_constraint_violation_count
2026-04-03 23:21:57.911 INFO Calculating metric: range_constraint_violation_count_mandatory
2026-04-03 23:21:59.385 INFO Calculating metric: range_constraint_violation_count_regular
2026-04-03 23:22:20.541 INFO Calculating metric: range_constraint_violation_count_suggestion
2026-04-03 23:22:20.822 INFO Calculating metric: statement_count_property_range_all
2026-04-03 23:22:20.917 INFO Calculating metric: statement_count_property_range_mandatory
2026-04-03 23:22:20.978 INFO Calculating metric: statement_count_property_range_regular
2026-04-03 23:22:21.044 INFO Calculating metric: statement_count_property_range_suggestion
2026-04-03 23:22:21.103 INFO Calculating metric: subject_constraint_violation_total
2026-04-03 23:22:21.106 INFO Calculating metric: range_constraint_violation_total_all
2026-04-03 23:22:21.108 INFO Calculating metric: range_constraint_violation_total_mandatory
2026-04-03 23:22:21.111 INFO Calculating metric: range_constraint_violation_total_regular
2026-04-03 23:22:21.113 INFO Calculating metric: range_constraint_violation_total_suggestion
2026-04-03 23:22:21.115 INFO Calculating metric: subject_constraint_violation_ratio
2026-04-03 23:22:21.118 INFO Calculating metric: range_constraint_violation_ratio
2026-04-03 23:22:21.120 INFO Calculating metric: range_constraint_violation_ratio_mandatory
2026-04-03 23:22:21.122 INFO Calculating metric: range_constraint_violation_ratio_regular
2026-04-03 23:22:21.125 INFO Calculating metric: range_constraint_violation_ratio_suggestion
2026-04-03 23:22:21.127 INFO Calculating metric: subject_constraint_completeness
2026-04-03 23:22:21.129 INFO Calculating metric: range_constraint_completeness
2026-04-03 23:22:21.131 INFO Calculating metric: range_constraint_completeness_mandatory
2026-04-03 23:22:21.134 INFO Calculating metric: range_constraint_completeness_regular
2026-04-03 23:22:21.136 INFO Calculating metric: range_constraint_completeness_suggestion
2026-04-03 23:22:21.138 INFO Memory usage (end of timestep): 181.16 GB
2026-04-03 23:22:21.138 INFO (Iteration 146) subject_constraint_violation_count: real 1690.09s | cpu 1696.75s
2026-04-03 23:22:21.138 INFO (Iteration 146) statement_count_property_subject: real 19.05s | cpu 27.38s
2026-04-03 23:22:21.138 INFO (Iteration 146) subject_constraint_violation_total: real 0.00s | cpu 0.00s
2026-04-03 23:22:21.138 INFO (Iteration 146) subject_constraint_violation_ratio: real 0.00s | cpu 0.00s
2026-04-03 23:22:21.138 INFO (Iteration 146) subject_constraint_completeness: real 0.00s | cpu 0.00s
2026-04-03 23:22:21.138 INFO (Iteration 146) range_constraint_violation_count: real 22.53s | cpu 24.38s
2026-04-03 23:22:21.138 INFO (Iteration 146) range_constraint_violation_count_mandatory: real 1.47s | cpu 2.41s
2026-04-03 23:22:21.139 INFO (Iteration 146) range_constraint_violation_count_regular: real 21.16s | cpu 22.97s
2026-04-03 23:22:21.139 INFO (Iteration 146) range_constraint_violation_count_suggestion: real 0.28s | cpu 1.19s
2026-04-03 23:22:21.139 INFO (Iteration 146) statement_count_property_range_all: real 0.09s | cpu 1.30s
2026-04-03 23:22:21.139 INFO (Iteration 146) statement_count_property_range_mandatory: real 0.06s | cpu 0.82s
2026-04-03 23:22:21.139 INFO (Iteration 146) statement_count_property_range_regular: real 0.07s | cpu 0.88s
2026-04-03 23:22:21.139 INFO (Iteration 146) statement_count_property_range_suggestion: real 0.06s | cpu 0.80s
2026-04-03 23:22:21.139 INFO (Iteration 146) range_constraint_violation_total_all: real 0.00s | cpu 0.00s
2026-04-03 23:22:21.139 INFO (Iteration 146) range_constraint_violation_ratio: real 0.00s | cpu 0.00s
2026-04-03 23:22:21.139 INFO (Iteration 146) range_constraint_completeness: real 0.00s | cpu 0.00s
2026-04-03 23:22:21.139 INFO (Iteration 146) range_constraint_violation_total_mandatory: real 0.00s | cpu 0.00s
2026-04-03 23:22:21.139 INFO (Iteration 146) range_constraint_violation_ratio_mandatory: real 0.00s | cpu 0.00s
2026-04-03 23:22:21.139 INFO (Iteration 146) range_constraint_completeness_mandatory: real 0.00s | cpu 0.00s
2026-04-03 23:22:21.139 INFO (Iteration 146) range_constraint_violation_total_regular: real 0.00s | cpu 0.00s
2026-04-03 23:22:21.139 INFO (Iteration 146) range_constraint_violation_ratio_regular: real 0.00s | cpu 0.00s
2026-04-03 23:22:21.139 INFO (Iteration 146) range_constraint_completeness_regular: real 0.00s | cpu 0.00s
2026-04-03 23:22:21.139 INFO (Iteration 146) range_constraint_violation_total_suggestion: real 0.00s | cpu 0.00s
2026-04-03 23:22:21.139 INFO (Iteration 146) range_constraint_violation_ratio_suggestion: real 0.00s | cpu 0.00s
2026-04-03 23:22:21.139 INFO (Iteration 146) range_constraint_completeness_suggestion: real 0.00s | cpu 0.00s
2026-04-03 23:22:21.139 INFO Iteration 146 finished in 1936.79s (real) and 1919.05s (process)
2026-04-03 23:22:21.139 INFO Start timestep 2024-11-25 00:00:00+00:00 -> 2024-12-25 00:00:00+00:00
2026-04-03 23:26:57.692 INFO Loading data (2024-11-25 00:00:00+00:00 -> 2024-12-25 00:00:00+00:00) done in 276.55s (real) and 160.41s (process)
2026-04-03 23:26:57.693 INFO Memory usage (start of timestep): 181.16 GB
2026-04-03 23:26:57.694 INFO Calculating metrics
2026-04-03 23:26:57.694 INFO Calculating metric: subject_constraint_violation_count
2026-04-04 00:12:05.982 INFO [subject_constraint_violation_count] processed rows=13344338, result_rows=1798
2026-04-04 00:12:09.139 INFO Calculating metric: statement_count_property_subject
2026-04-04 00:12:37.955 INFO Calculating metric: range_constraint_violation_count
2026-04-04 00:13:10.749 INFO Calculating metric: range_constraint_violation_count_mandatory
2026-04-04 00:13:15.132 INFO Calculating metric: range_constraint_violation_count_regular
2026-04-04 00:13:43.592 INFO Calculating metric: range_constraint_violation_count_suggestion
2026-04-04 00:13:43.871 INFO Calculating metric: statement_count_property_range_all
2026-04-04 00:13:43.966 INFO Calculating metric: statement_count_property_range_mandatory
2026-04-04 00:13:44.051 INFO Calculating metric: statement_count_property_range_regular
2026-04-04 00:13:44.138 INFO Calculating metric: statement_count_property_range_suggestion
2026-04-04 00:13:44.218 INFO Calculating metric: subject_constraint_violation_total
2026-04-04 00:13:44.221 INFO Calculating metric: range_constraint_violation_total_all
2026-04-04 00:13:44.224 INFO Calculating metric: range_constraint_violation_total_mandatory
2026-04-04 00:13:44.227 INFO Calculating metric: range_constraint_violation_total_regular
2026-04-04 00:13:44.229 INFO Calculating metric: range_constraint_violation_total_suggestion
2026-04-04 00:13:44.232 INFO Calculating metric: subject_constraint_violation_ratio
2026-04-04 00:13:44.234 INFO Calculating metric: range_constraint_violation_ratio
2026-04-04 00:13:44.240 INFO Calculating metric: range_constraint_violation_ratio_mandatory
2026-04-04 00:13:44.243 INFO Calculating metric: range_constraint_violation_ratio_regular
2026-04-04 00:13:44.245 INFO Calculating metric: range_constraint_violation_ratio_suggestion
2026-04-04 00:13:44.248 INFO Calculating metric: subject_constraint_completeness
2026-04-04 00:13:44.251 INFO Calculating metric: range_constraint_completeness
2026-04-04 00:13:44.254 INFO Calculating metric: range_constraint_completeness_mandatory
2026-04-04 00:13:44.257 INFO Calculating metric: range_constraint_completeness_regular
2026-04-04 00:13:44.260 INFO Calculating metric: range_constraint_completeness_suggestion
2026-04-04 00:13:44.263 INFO Memory usage (end of timestep): 181.16 GB
2026-04-04 00:13:44.263 INFO (Iteration 147) subject_constraint_violation_count: real 2711.45s | cpu 2720.92s
2026-04-04 00:13:44.263 INFO (Iteration 147) statement_count_property_subject: real 28.75s | cpu 33.67s
2026-04-04 00:13:44.263 INFO (Iteration 147) subject_constraint_violation_total: real 0.00s | cpu 0.00s
2026-04-04 00:13:44.263 INFO (Iteration 147) subject_constraint_violation_ratio: real 0.00s | cpu 0.00s
2026-04-04 00:13:44.263 INFO (Iteration 147) subject_constraint_completeness: real 0.00s | cpu 0.00s
2026-04-04 00:13:44.263 INFO (Iteration 147) range_constraint_violation_count: real 32.79s | cpu 35.71s
2026-04-04 00:13:44.263 INFO (Iteration 147) range_constraint_violation_count_mandatory: real 4.38s | cpu 6.09s
2026-04-04 00:13:44.263 INFO (Iteration 147) range_constraint_violation_count_regular: real 28.46s | cpu 30.89s
2026-04-04 00:13:44.263 INFO (Iteration 147) range_constraint_violation_count_suggestion: real 0.28s | cpu 1.68s
2026-04-04 00:13:44.263 INFO (Iteration 147) statement_count_property_range_all: real 0.09s | cpu 1.30s
2026-04-04 00:13:44.263 INFO (Iteration 147) statement_count_property_range_mandatory: real 0.08s | cpu 1.15s
2026-04-04 00:13:44.263 INFO (Iteration 147) statement_count_property_range_regular: real 0.09s | cpu 1.21s
2026-04-04 00:13:44.263 INFO (Iteration 147) statement_count_property_range_suggestion: real 0.08s | cpu 1.09s
2026-04-04 00:13:44.263 INFO (Iteration 147) range_constraint_violation_total_all: real 0.00s | cpu 0.00s
2026-04-04 00:13:44.263 INFO (Iteration 147) range_constraint_violation_ratio: real 0.01s | cpu 0.00s
2026-04-04 00:13:44.263 INFO (Iteration 147) range_constraint_completeness: real 0.00s | cpu 0.00s
2026-04-04 00:13:44.263 INFO (Iteration 147) range_constraint_violation_total_mandatory: real 0.00s | cpu 0.00s
2026-04-04 00:13:44.263 INFO (Iteration 147) range_constraint_violation_ratio_mandatory: real 0.00s | cpu 0.00s
2026-04-04 00:13:44.263 INFO (Iteration 147) range_constraint_completeness_mandatory: real 0.00s | cpu 0.00s
2026-04-04 00:13:44.263 INFO (Iteration 147) range_constraint_violation_total_regular: real 0.00s | cpu 0.00s
2026-04-04 00:13:44.263 INFO (Iteration 147) range_constraint_violation_ratio_regular: real 0.00s | cpu 0.00s
2026-04-04 00:13:44.263 INFO (Iteration 147) range_constraint_completeness_regular: real 0.00s | cpu 0.00s
2026-04-04 00:13:44.263 INFO (Iteration 147) range_constraint_violation_total_suggestion: real 0.00s | cpu 0.00s
2026-04-04 00:13:44.263 INFO (Iteration 147) range_constraint_violation_ratio_suggestion: real 0.00s | cpu 0.00s
2026-04-04 00:13:44.263 INFO (Iteration 147) range_constraint_completeness_suggestion: real 0.00s | cpu 0.00s
2026-04-04 00:13:44.263 INFO Iteration 147 finished in 3083.12s (real) and 2994.21s (process)
2026-04-04 00:13:44.263 INFO Start timestep 2024-12-25 00:00:00+00:00 -> 2025-01-24 00:00:00+00:00
2026-04-04 00:17:42.323 INFO Loading data (2024-12-25 00:00:00+00:00 -> 2025-01-24 00:00:00+00:00) done in 238.06s (real) and 143.76s (process)
2026-04-04 00:17:42.334 INFO Memory usage (start of timestep): 181.16 GB
2026-04-04 00:17:42.334 INFO Calculating metrics
2026-04-04 00:17:42.335 INFO Calculating metric: subject_constraint_violation_count
2026-04-04 00:26:19.149 INFO [subject_constraint_violation_count] processed rows=14250453, result_rows=1551
2026-04-04 00:26:21.255 INFO Calculating metric: statement_count_property_subject
2026-04-04 00:26:54.360 INFO Calculating metric: range_constraint_violation_count
2026-04-04 00:27:29.844 INFO Calculating metric: range_constraint_violation_count_mandatory
2026-04-04 00:27:33.855 INFO Calculating metric: range_constraint_violation_count_regular
2026-04-04 00:28:05.365 INFO Calculating metric: range_constraint_violation_count_suggestion
2026-04-04 00:28:05.669 INFO Calculating metric: statement_count_property_range_all
2026-04-04 00:28:05.771 INFO Calculating metric: statement_count_property_range_mandatory
2026-04-04 00:28:05.856 INFO Calculating metric: statement_count_property_range_regular
2026-04-04 00:28:05.945 INFO Calculating metric: statement_count_property_range_suggestion
2026-04-04 00:28:06.026 INFO Calculating metric: subject_constraint_violation_total
2026-04-04 00:28:06.031 INFO Calculating metric: range_constraint_violation_total_all
2026-04-04 00:28:06.034 INFO Calculating metric: range_constraint_violation_total_mandatory
2026-04-04 00:28:06.037 INFO Calculating metric: range_constraint_violation_total_regular
2026-04-04 00:28:06.039 INFO Calculating metric: range_constraint_violation_total_suggestion
2026-04-04 00:28:06.042 INFO Calculating metric: subject_constraint_violation_ratio
2026-04-04 00:28:06.044 INFO Calculating metric: range_constraint_violation_ratio
2026-04-04 00:28:06.046 INFO Calculating metric: range_constraint_violation_ratio_mandatory
2026-04-04 00:28:06.049 INFO Calculating metric: range_constraint_violation_ratio_regular
2026-04-04 00:28:06.052 INFO Calculating metric: range_constraint_violation_ratio_suggestion
2026-04-04 00:28:06.054 INFO Calculating metric: subject_constraint_completeness
2026-04-04 00:28:06.056 INFO Calculating metric: range_constraint_completeness
2026-04-04 00:28:06.059 INFO Calculating metric: range_constraint_completeness_mandatory
2026-04-04 00:28:06.061 INFO Calculating metric: range_constraint_completeness_regular
2026-04-04 00:28:06.065 INFO Calculating metric: range_constraint_completeness_suggestion
2026-04-04 00:28:06.067 INFO Memory usage (end of timestep): 181.16 GB
2026-04-04 00:28:06.067 INFO (Iteration 148) subject_constraint_violation_count: real 518.92s | cpu 525.92s
2026-04-04 00:28:06.068 INFO (Iteration 148) statement_count_property_subject: real 33.10s | cpu 37.51s
2026-04-04 00:28:06.068 INFO (Iteration 148) subject_constraint_violation_total: real 0.01s | cpu 0.00s
2026-04-04 00:28:06.068 INFO (Iteration 148) subject_constraint_violation_ratio: real 0.00s | cpu 0.00s
2026-04-04 00:28:06.068 INFO (Iteration 148) subject_constraint_completeness: real 0.00s | cpu 0.00s
2026-04-04 00:28:06.068 INFO (Iteration 148) range_constraint_violation_count: real 35.48s | cpu 38.49s
2026-04-04 00:28:06.068 INFO (Iteration 148) range_constraint_violation_count_mandatory: real 4.01s | cpu 5.49s
2026-04-04 00:28:06.068 INFO (Iteration 148) range_constraint_violation_count_regular: real 31.51s | cpu 34.27s
2026-04-04 00:28:06.068 INFO (Iteration 148) range_constraint_violation_count_suggestion: real 0.30s | cpu 1.73s
2026-04-04 00:28:06.068 INFO (Iteration 148) statement_count_property_range_all: real 0.10s | cpu 1.37s
2026-04-04 00:28:06.068 INFO (Iteration 148) statement_count_property_range_mandatory: real 0.09s | cpu 1.15s
2026-04-04 00:28:06.068 INFO (Iteration 148) statement_count_property_range_regular: real 0.09s | cpu 1.22s
2026-04-04 00:28:06.068 INFO (Iteration 148) statement_count_property_range_suggestion: real 0.08s | cpu 1.08s
2026-04-04 00:28:06.068 INFO (Iteration 148) range_constraint_violation_total_all: real 0.00s | cpu 0.00s
2026-04-04 00:28:06.068 INFO (Iteration 148) range_constraint_violation_ratio: real 0.00s | cpu 0.00s
2026-04-04 00:28:06.068 INFO (Iteration 148) range_constraint_completeness: real 0.00s | cpu 0.00s
2026-04-04 00:28:06.068 INFO (Iteration 148) range_constraint_violation_total_mandatory: real 0.00s | cpu 0.00s
2026-04-04 00:28:06.068 INFO (Iteration 148) range_constraint_violation_ratio_mandatory: real 0.00s | cpu 0.00s
2026-04-04 00:28:06.068 INFO (Iteration 148) range_constraint_completeness_mandatory: real 0.00s | cpu 0.00s
2026-04-04 00:28:06.068 INFO (Iteration 148) range_constraint_violation_total_regular: real 0.00s | cpu 0.00s
2026-04-04 00:28:06.068 INFO (Iteration 148) range_constraint_violation_ratio_regular: real 0.00s | cpu 0.00s
2026-04-04 00:28:06.068 INFO (Iteration 148) range_constraint_completeness_regular: real 0.00s | cpu 0.00s
2026-04-04 00:28:06.068 INFO (Iteration 148) range_constraint_violation_total_suggestion: real 0.00s | cpu 0.00s
2026-04-04 00:28:06.068 INFO (Iteration 148) range_constraint_violation_ratio_suggestion: real 0.00s | cpu 0.00s
2026-04-04 00:28:06.068 INFO (Iteration 148) range_constraint_completeness_suggestion: real 0.00s | cpu 0.00s
2026-04-04 00:28:06.068 INFO Iteration 148 finished in 861.80s (real) and 792.01s (process)
2026-04-04 00:28:06.069 INFO Start timestep 2025-01-24 00:00:00+00:00 -> 2025-02-23 00:00:00+00:00
2026-04-04 00:31:47.213 INFO Loading data (2025-01-24 00:00:00+00:00 -> 2025-02-23 00:00:00+00:00) done in 221.14s (real) and 128.37s (process)
2026-04-04 00:31:47.223 INFO Memory usage (start of timestep): 181.16 GB
2026-04-04 00:31:47.223 INFO Calculating metrics
2026-04-04 00:31:47.223 INFO Calculating metric: subject_constraint_violation_count
2026-04-04 01:07:35.371 INFO [subject_constraint_violation_count] processed rows=14023933, result_rows=1784
2026-04-04 01:07:37.672 INFO Calculating metric: statement_count_property_subject
2026-04-04 01:08:10.029 INFO Calculating metric: range_constraint_violation_count
2026-04-04 01:08:33.880 INFO Calculating metric: range_constraint_violation_count_mandatory
2026-04-04 01:08:36.103 INFO Calculating metric: range_constraint_violation_count_regular
2026-04-04 01:08:58.175 INFO Calculating metric: range_constraint_violation_count_suggestion
2026-04-04 01:08:58.525 INFO Calculating metric: statement_count_property_range_all
2026-04-04 01:08:58.620 INFO Calculating metric: statement_count_property_range_mandatory
2026-04-04 01:08:58.698 INFO Calculating metric: statement_count_property_range_regular
2026-04-04 01:08:58.781 INFO Calculating metric: statement_count_property_range_suggestion
2026-04-04 01:08:58.858 INFO Calculating metric: subject_constraint_violation_total
2026-04-04 01:08:58.860 INFO Calculating metric: range_constraint_violation_total_all
2026-04-04 01:08:58.863 INFO Calculating metric: range_constraint_violation_total_mandatory
2026-04-04 01:08:58.866 INFO Calculating metric: range_constraint_violation_total_regular
2026-04-04 01:08:58.869 INFO Calculating metric: range_constraint_violation_total_suggestion
2026-04-04 01:08:58.871 INFO Calculating metric: subject_constraint_violation_ratio
2026-04-04 01:08:58.874 INFO Calculating metric: range_constraint_violation_ratio
2026-04-04 01:08:58.876 INFO Calculating metric: range_constraint_violation_ratio_mandatory
2026-04-04 01:08:58.879 INFO Calculating metric: range_constraint_violation_ratio_regular
2026-04-04 01:08:58.881 INFO Calculating metric: range_constraint_violation_ratio_suggestion
2026-04-04 01:08:58.884 INFO Calculating metric: subject_constraint_completeness
2026-04-04 01:08:58.886 INFO Calculating metric: range_constraint_completeness
2026-04-04 01:08:58.889 INFO Calculating metric: range_constraint_completeness_mandatory
2026-04-04 01:08:58.891 INFO Calculating metric: range_constraint_completeness_regular
2026-04-04 01:08:58.894 INFO Calculating metric: range_constraint_completeness_suggestion
2026-04-04 01:08:58.897 INFO Memory usage (end of timestep): 181.16 GB
2026-04-04 01:08:58.898 INFO (Iteration 149) subject_constraint_violation_count: real 2150.45s | cpu 2159.94s
2026-04-04 01:08:58.898 INFO (Iteration 149) statement_count_property_subject: real 32.35s | cpu 37.00s
2026-04-04 01:08:58.898 INFO (Iteration 149) subject_constraint_violation_total: real 0.00s | cpu 0.00s
2026-04-04 01:08:58.898 INFO (Iteration 149) subject_constraint_violation_ratio: real 0.00s | cpu 0.00s
2026-04-04 01:08:58.898 INFO (Iteration 149) subject_constraint_completeness: real 0.00s | cpu 0.00s
2026-04-04 01:08:58.898 INFO (Iteration 149) range_constraint_violation_count: real 23.85s | cpu 26.05s
2026-04-04 01:08:58.898 INFO (Iteration 149) range_constraint_violation_count_mandatory: real 2.22s | cpu 3.38s
2026-04-04 01:08:58.898 INFO (Iteration 149) range_constraint_violation_count_regular: real 22.07s | cpu 24.05s
2026-04-04 01:08:58.898 INFO (Iteration 149) range_constraint_violation_count_suggestion: real 0.35s | cpu 1.74s
2026-04-04 01:08:58.898 INFO (Iteration 149) statement_count_property_range_all: real 0.09s | cpu 1.30s
2026-04-04 01:08:58.898 INFO (Iteration 149) statement_count_property_range_mandatory: real 0.08s | cpu 1.04s
2026-04-04 01:08:58.898 INFO (Iteration 149) statement_count_property_range_regular: real 0.08s | cpu 1.14s
2026-04-04 01:08:58.898 INFO (Iteration 149) statement_count_property_range_suggestion: real 0.08s | cpu 1.07s
2026-04-04 01:08:58.898 INFO (Iteration 149) range_constraint_violation_total_all: real 0.00s | cpu 0.00s
2026-04-04 01:08:58.898 INFO (Iteration 149) range_constraint_violation_ratio: real 0.00s | cpu 0.00s
2026-04-04 01:08:58.898 INFO (Iteration 149) range_constraint_completeness: real 0.00s | cpu 0.00s
2026-04-04 01:08:58.898 INFO (Iteration 149) range_constraint_violation_total_mandatory: real 0.00s | cpu 0.00s
2026-04-04 01:08:58.898 INFO (Iteration 149) range_constraint_violation_ratio_mandatory: real 0.00s | cpu 0.00s
2026-04-04 01:08:58.898 INFO (Iteration 149) range_constraint_completeness_mandatory: real 0.00s | cpu 0.00s
2026-04-04 01:08:58.898 INFO (Iteration 149) range_constraint_violation_total_regular: real 0.00s | cpu 0.00s
2026-04-04 01:08:58.898 INFO (Iteration 149) range_constraint_violation_ratio_regular: real 0.00s | cpu 0.00s
2026-04-04 01:08:58.898 INFO (Iteration 149) range_constraint_completeness_regular: real 0.00s | cpu 0.00s
2026-04-04 01:08:58.898 INFO (Iteration 149) range_constraint_violation_total_suggestion: real 0.00s | cpu 0.00s
2026-04-04 01:08:58.898 INFO (Iteration 149) range_constraint_violation_ratio_suggestion: real 0.00s | cpu 0.00s
2026-04-04 01:08:58.898 INFO (Iteration 149) range_constraint_completeness_suggestion: real 0.00s | cpu 0.00s
2026-04-04 01:08:58.898 INFO Iteration 149 finished in 2452.83s (real) and 2385.09s (process)
2026-04-04 01:08:58.898 INFO Start timestep 2025-02-23 00:00:00+00:00 -> 2025-03-25 00:00:00+00:00
2026-04-04 01:10:23.728 INFO Loading data (2025-02-23 00:00:00+00:00 -> 2025-03-25 00:00:00+00:00) done in 84.83s (real) and 86.04s (process)
2026-04-04 01:10:23.729 INFO Memory usage (start of timestep): 181.16 GB
2026-04-04 01:10:23.729 INFO Calculating metrics
2026-04-04 01:10:23.729 INFO Calculating metric: subject_constraint_violation_count
2026-04-04 01:19:05.283 INFO [subject_constraint_violation_count] processed rows=11762098, result_rows=1610
2026-04-04 01:19:06.873 INFO Calculating metric: statement_count_property_subject
2026-04-04 01:19:19.356 INFO Calculating metric: range_constraint_violation_count
2026-04-04 01:19:53.478 INFO Calculating metric: range_constraint_violation_count_mandatory
2026-04-04 01:19:56.482 INFO Calculating metric: range_constraint_violation_count_regular
2026-04-04 01:20:19.255 INFO Calculating metric: range_constraint_violation_count_suggestion
2026-04-04 01:20:19.513 INFO Calculating metric: statement_count_property_range_all
2026-04-04 01:20:19.600 INFO Calculating metric: statement_count_property_range_mandatory
2026-04-04 01:20:19.654 INFO Calculating metric: statement_count_property_range_regular
2026-04-04 01:20:19.725 INFO Calculating metric: statement_count_property_range_suggestion
2026-04-04 01:20:19.783 INFO Calculating metric: subject_constraint_violation_total
2026-04-04 01:20:19.788 INFO Calculating metric: range_constraint_violation_total_all
2026-04-04 01:20:19.791 INFO Calculating metric: range_constraint_violation_total_mandatory
2026-04-04 01:20:19.794 INFO Calculating metric: range_constraint_violation_total_regular
2026-04-04 01:20:19.796 INFO Calculating metric: range_constraint_violation_total_suggestion
2026-04-04 01:20:19.799 INFO Calculating metric: subject_constraint_violation_ratio
2026-04-04 01:20:19.801 INFO Calculating metric: range_constraint_violation_ratio
2026-04-04 01:20:19.803 INFO Calculating metric: range_constraint_violation_ratio_mandatory
2026-04-04 01:20:19.806 INFO Calculating metric: range_constraint_violation_ratio_regular
2026-04-04 01:20:19.808 INFO Calculating metric: range_constraint_violation_ratio_suggestion
2026-04-04 01:20:19.810 INFO Calculating metric: subject_constraint_completeness
2026-04-04 01:20:19.813 INFO Calculating metric: range_constraint_completeness
2026-04-04 01:20:19.816 INFO Calculating metric: range_constraint_completeness_mandatory
2026-04-04 01:20:19.818 INFO Calculating metric: range_constraint_completeness_regular
2026-04-04 01:20:19.821 INFO Calculating metric: range_constraint_completeness_suggestion
2026-04-04 01:20:19.824 INFO Memory usage (end of timestep): 181.16 GB
2026-04-04 01:20:19.824 INFO (Iteration 150) subject_constraint_violation_count: real 523.14s | cpu 529.28s
2026-04-04 01:20:19.824 INFO (Iteration 150) statement_count_property_subject: real 12.48s | cpu 16.17s
2026-04-04 01:20:19.825 INFO (Iteration 150) subject_constraint_violation_total: real 0.00s | cpu 0.00s
2026-04-04 01:20:19.825 INFO (Iteration 150) subject_constraint_violation_ratio: real 0.00s | cpu 0.00s
2026-04-04 01:20:19.825 INFO (Iteration 150) subject_constraint_completeness: real 0.00s | cpu 0.00s
2026-04-04 01:20:19.825 INFO (Iteration 150) range_constraint_violation_count: real 34.06s | cpu 35.88s
2026-04-04 01:20:19.825 INFO (Iteration 150) range_constraint_violation_count_mandatory: real 3.00s | cpu 4.03s
2026-04-04 01:20:19.825 INFO (Iteration 150) range_constraint_violation_count_regular: real 22.77s | cpu 24.26s
2026-04-04 01:20:19.825 INFO (Iteration 150) range_constraint_violation_count_suggestion: real 0.26s | cpu 1.23s
2026-04-04 01:20:19.825 INFO (Iteration 150) statement_count_property_range_all: real 0.09s | cpu 1.20s
2026-04-04 01:20:19.825 INFO (Iteration 150) statement_count_property_range_mandatory: real 0.05s | cpu 0.71s
2026-04-04 01:20:19.825 INFO (Iteration 150) statement_count_property_range_regular: real 0.07s | cpu 0.84s
2026-04-04 01:20:19.825 INFO (Iteration 150) statement_count_property_range_suggestion: real 0.06s | cpu 0.78s
2026-04-04 01:20:19.825 INFO (Iteration 150) range_constraint_violation_total_all: real 0.00s | cpu 0.00s
2026-04-04 01:20:19.825 INFO (Iteration 150) range_constraint_violation_ratio: real 0.00s | cpu 0.00s
2026-04-04 01:20:19.825 INFO (Iteration 150) range_constraint_completeness: real 0.00s | cpu 0.00s
2026-04-04 01:20:19.825 INFO (Iteration 150) range_constraint_violation_total_mandatory: real 0.00s | cpu 0.00s
2026-04-04 01:20:19.825 INFO (Iteration 150) range_constraint_violation_ratio_mandatory: real 0.00s | cpu 0.00s
2026-04-04 01:20:19.825 INFO (Iteration 150) range_constraint_completeness_mandatory: real 0.00s | cpu 0.00s
2026-04-04 01:20:19.825 INFO (Iteration 150) range_constraint_violation_total_regular: real 0.00s | cpu 0.00s
2026-04-04 01:20:19.825 INFO (Iteration 150) range_constraint_violation_ratio_regular: real 0.00s | cpu 0.00s
2026-04-04 01:20:19.825 INFO (Iteration 150) range_constraint_completeness_regular: real 0.00s | cpu 0.00s
2026-04-04 01:20:19.825 INFO (Iteration 150) range_constraint_violation_total_suggestion: real 0.00s | cpu 0.00s
2026-04-04 01:20:19.825 INFO (Iteration 150) range_constraint_violation_ratio_suggestion: real 0.00s | cpu 0.00s
2026-04-04 01:20:19.825 INFO (Iteration 150) range_constraint_completeness_suggestion: real 0.00s | cpu 0.00s
2026-04-04 01:20:19.825 INFO Iteration 150 finished in 680.93s (real) and 700.50s (process)
2026-04-04 01:20:19.826 INFO Start timestep 2025-03-25 00:00:00+00:00 -> 2025-04-24 00:00:00+00:00
2026-04-04 01:21:25.332 INFO Loading data (2025-03-25 00:00:00+00:00 -> 2025-04-24 00:00:00+00:00) done in 65.51s (real) and 41.08s (process)
2026-04-04 01:21:25.332 INFO Memory usage (start of timestep): 181.16 GB
2026-04-04 01:21:25.332 INFO Calculating metrics
2026-04-04 01:21:25.332 INFO Calculating metric: subject_constraint_violation_count
2026-04-04 02:03:26.417 INFO [subject_constraint_violation_count] processed rows=5611212, result_rows=1481
2026-04-04 02:03:27.646 INFO Calculating metric: statement_count_property_subject
2026-04-04 02:03:42.660 INFO Calculating metric: range_constraint_violation_count
2026-04-04 02:04:27.635 INFO Calculating metric: range_constraint_violation_count_mandatory
2026-04-04 02:04:30.346 INFO Calculating metric: range_constraint_violation_count_regular
2026-04-04 02:04:56.006 INFO Calculating metric: range_constraint_violation_count_suggestion
2026-04-04 02:04:58.593 INFO Calculating metric: statement_count_property_range_all
2026-04-04 02:04:58.664 INFO Calculating metric: statement_count_property_range_mandatory
2026-04-04 02:04:58.702 INFO Calculating metric: statement_count_property_range_regular
2026-04-04 02:04:58.742 INFO Calculating metric: statement_count_property_range_suggestion
2026-04-04 02:04:58.777 INFO Calculating metric: subject_constraint_violation_total
2026-04-04 02:04:58.780 INFO Calculating metric: range_constraint_violation_total_all
2026-04-04 02:04:58.782 INFO Calculating metric: range_constraint_violation_total_mandatory
2026-04-04 02:04:58.784 INFO Calculating metric: range_constraint_violation_total_regular
2026-04-04 02:04:58.787 INFO Calculating metric: range_constraint_violation_total_suggestion
2026-04-04 02:04:58.789 INFO Calculating metric: subject_constraint_violation_ratio
2026-04-04 02:04:58.791 INFO Calculating metric: range_constraint_violation_ratio
2026-04-04 02:04:58.793 INFO Calculating metric: range_constraint_violation_ratio_mandatory
2026-04-04 02:04:58.795 INFO Calculating metric: range_constraint_violation_ratio_regular
2026-04-04 02:04:58.798 INFO Calculating metric: range_constraint_violation_ratio_suggestion
2026-04-04 02:04:58.800 INFO Calculating metric: subject_constraint_completeness
2026-04-04 02:04:58.802 INFO Calculating metric: range_constraint_completeness
2026-04-04 02:04:58.804 INFO Calculating metric: range_constraint_completeness_mandatory
2026-04-04 02:04:58.806 INFO Calculating metric: range_constraint_completeness_regular
2026-04-04 02:04:58.809 INFO Calculating metric: range_constraint_completeness_suggestion
2026-04-04 02:04:58.811 INFO Memory usage (end of timestep): 181.16 GB
2026-04-04 02:04:58.811 INFO (Iteration 151) subject_constraint_violation_count: real 2522.31s | cpu 2528.20s
2026-04-04 02:04:58.811 INFO (Iteration 151) statement_count_property_subject: real 15.01s | cpu 17.17s
2026-04-04 02:04:58.811 INFO (Iteration 151) subject_constraint_violation_total: real 0.00s | cpu 0.00s
2026-04-04 02:04:58.811 INFO (Iteration 151) subject_constraint_violation_ratio: real 0.00s | cpu 0.00s
2026-04-04 02:04:58.811 INFO (Iteration 151) subject_constraint_completeness: real 0.00s | cpu 0.00s
2026-04-04 02:04:58.811 INFO (Iteration 151) range_constraint_violation_count: real 44.92s | cpu 46.28s
2026-04-04 02:04:58.811 INFO (Iteration 151) range_constraint_violation_count_mandatory: real 2.71s | cpu 3.63s
2026-04-04 02:04:58.811 INFO (Iteration 151) range_constraint_violation_count_regular: real 25.66s | cpu 26.81s
2026-04-04 02:04:58.811 INFO (Iteration 151) range_constraint_violation_count_suggestion: real 2.59s | cpu 3.45s
2026-04-04 02:04:58.811 INFO (Iteration 151) statement_count_property_range_all: real 0.07s | cpu 0.95s
2026-04-04 02:04:58.811 INFO (Iteration 151) statement_count_property_range_mandatory: real 0.04s | cpu 0.46s
2026-04-04 02:04:58.811 INFO (Iteration 151) statement_count_property_range_regular: real 0.04s | cpu 0.49s
2026-04-04 02:04:58.811 INFO (Iteration 151) statement_count_property_range_suggestion: real 0.03s | cpu 0.44s
2026-04-04 02:04:58.811 INFO (Iteration 151) range_constraint_violation_total_all: real 0.00s | cpu 0.00s
2026-04-04 02:04:58.811 INFO (Iteration 151) range_constraint_violation_ratio: real 0.00s | cpu 0.00s
2026-04-04 02:04:58.811 INFO (Iteration 151) range_constraint_completeness: real 0.00s | cpu 0.00s
2026-04-04 02:04:58.811 INFO (Iteration 151) range_constraint_violation_total_mandatory: real 0.00s | cpu 0.00s
2026-04-04 02:04:58.811 INFO (Iteration 151) range_constraint_violation_ratio_mandatory: real 0.00s | cpu 0.00s
2026-04-04 02:04:58.811 INFO (Iteration 151) range_constraint_completeness_mandatory: real 0.00s | cpu 0.00s
2026-04-04 02:04:58.811 INFO (Iteration 151) range_constraint_violation_total_regular: real 0.00s | cpu 0.00s
2026-04-04 02:04:58.811 INFO (Iteration 151) range_constraint_violation_ratio_regular: real 0.00s | cpu 0.00s
2026-04-04 02:04:58.811 INFO (Iteration 151) range_constraint_completeness_regular: real 0.00s | cpu 0.00s
2026-04-04 02:04:58.811 INFO (Iteration 151) range_constraint_violation_total_suggestion: real 0.00s | cpu 0.00s
2026-04-04 02:04:58.811 INFO (Iteration 151) range_constraint_violation_ratio_suggestion: real 0.00s | cpu 0.00s
2026-04-04 02:04:58.811 INFO (Iteration 151) range_constraint_completeness_suggestion: real 0.00s | cpu 0.00s
2026-04-04 02:04:58.811 INFO Iteration 151 finished in 2678.99s (real) and 2669.03s (process)
2026-04-04 02:04:58.811 INFO Start timestep 2025-04-24 00:00:00+00:00 -> 2025-05-24 00:00:00+00:00
2026-04-04 02:06:46.877 INFO Loading data (2025-04-24 00:00:00+00:00 -> 2025-05-24 00:00:00+00:00) done in 108.07s (real) and 66.34s (process)
2026-04-04 02:06:46.888 INFO Memory usage (start of timestep): 181.16 GB
2026-04-04 02:06:46.888 INFO Calculating metrics
2026-04-04 02:06:46.888 INFO Calculating metric: subject_constraint_violation_count
2026-04-04 02:51:07.824 INFO [subject_constraint_violation_count] processed rows=7798735, result_rows=1639
2026-04-04 02:51:09.349 INFO Calculating metric: statement_count_property_subject
2026-04-04 02:51:18.962 INFO Calculating metric: range_constraint_violation_count
2026-04-04 02:52:18.079 INFO Calculating metric: range_constraint_violation_count_mandatory
2026-04-04 02:52:19.919 INFO Calculating metric: range_constraint_violation_count_regular
2026-04-04 02:52:57.840 INFO Calculating metric: range_constraint_violation_count_suggestion
2026-04-04 02:52:58.096 INFO Calculating metric: statement_count_property_range_all
2026-04-04 02:52:58.173 INFO Calculating metric: statement_count_property_range_mandatory
2026-04-04 02:52:58.221 INFO Calculating metric: statement_count_property_range_regular
2026-04-04 02:52:58.274 INFO Calculating metric: statement_count_property_range_suggestion
2026-04-04 02:52:58.320 INFO Calculating metric: subject_constraint_violation_total
2026-04-04 02:52:58.323 INFO Calculating metric: range_constraint_violation_total_all
2026-04-04 02:52:58.326 INFO Calculating metric: range_constraint_violation_total_mandatory
2026-04-04 02:52:58.328 INFO Calculating metric: range_constraint_violation_total_regular
2026-04-04 02:52:58.331 INFO Calculating metric: range_constraint_violation_total_suggestion
2026-04-04 02:52:58.334 INFO Calculating metric: subject_constraint_violation_ratio
2026-04-04 02:52:58.337 INFO Calculating metric: range_constraint_violation_ratio
2026-04-04 02:52:58.340 INFO Calculating metric: range_constraint_violation_ratio_mandatory
2026-04-04 02:52:58.342 INFO Calculating metric: range_constraint_violation_ratio_regular
2026-04-04 02:52:58.345 INFO Calculating metric: range_constraint_violation_ratio_suggestion
2026-04-04 02:52:58.348 INFO Calculating metric: subject_constraint_completeness
2026-04-04 02:52:58.350 INFO Calculating metric: range_constraint_completeness
2026-04-04 02:52:58.353 INFO Calculating metric: range_constraint_completeness_mandatory
2026-04-04 02:52:58.355 INFO Calculating metric: range_constraint_completeness_regular
2026-04-04 02:52:58.358 INFO Calculating metric: range_constraint_completeness_suggestion
2026-04-04 02:52:58.361 INFO Memory usage (end of timestep): 181.16 GB
2026-04-04 02:52:58.361 INFO (Iteration 152) subject_constraint_violation_count: real 2662.46s | cpu 2669.46s
2026-04-04 02:52:58.361 INFO (Iteration 152) statement_count_property_subject: real 9.61s | cpu 19.02s
2026-04-04 02:52:58.361 INFO (Iteration 152) subject_constraint_violation_total: real 0.00s | cpu 0.00s
2026-04-04 02:52:58.361 INFO (Iteration 152) subject_constraint_violation_ratio: real 0.00s | cpu 0.00s
2026-04-04 02:52:58.361 INFO (Iteration 152) subject_constraint_completeness: real 0.00s | cpu 0.00s
2026-04-04 02:52:58.361 INFO (Iteration 152) range_constraint_violation_count: real 59.10s | cpu 60.87s
2026-04-04 02:52:58.361 INFO (Iteration 152) range_constraint_violation_count_mandatory: real 1.84s | cpu 2.81s
2026-04-04 02:52:58.361 INFO (Iteration 152) range_constraint_violation_count_regular: real 37.92s | cpu 39.36s
2026-04-04 02:52:58.361 INFO (Iteration 152) range_constraint_violation_count_suggestion: real 0.26s | cpu 1.20s
2026-04-04 02:52:58.361 INFO (Iteration 152) statement_count_property_range_all: real 0.08s | cpu 1.05s
2026-04-04 02:52:58.361 INFO (Iteration 152) statement_count_property_range_mandatory: real 0.05s | cpu 0.64s
2026-04-04 02:52:58.361 INFO (Iteration 152) statement_count_property_range_regular: real 0.05s | cpu 0.69s
2026-04-04 02:52:58.361 INFO (Iteration 152) statement_count_property_range_suggestion: real 0.05s | cpu 0.61s
2026-04-04 02:52:58.361 INFO (Iteration 152) range_constraint_violation_total_all: real 0.00s | cpu 0.00s
2026-04-04 02:52:58.361 INFO (Iteration 152) range_constraint_violation_ratio: real 0.00s | cpu 0.00s
2026-04-04 02:52:58.361 INFO (Iteration 152) range_constraint_completeness: real 0.00s | cpu 0.00s
2026-04-04 02:52:58.361 INFO (Iteration 152) range_constraint_violation_total_mandatory: real 0.00s | cpu 0.00s
2026-04-04 02:52:58.361 INFO (Iteration 152) range_constraint_violation_ratio_mandatory: real 0.00s | cpu 0.00s
2026-04-04 02:52:58.361 INFO (Iteration 152) range_constraint_completeness_mandatory: real 0.00s | cpu 0.00s
2026-04-04 02:52:58.361 INFO (Iteration 152) range_constraint_violation_total_regular: real 0.00s | cpu 0.00s
2026-04-04 02:52:58.361 INFO (Iteration 152) range_constraint_violation_ratio_regular: real 0.00s | cpu 0.00s
2026-04-04 02:52:58.361 INFO (Iteration 152) range_constraint_completeness_regular: real 0.00s | cpu 0.00s
2026-04-04 02:52:58.362 INFO (Iteration 152) range_constraint_violation_total_suggestion: real 0.00s | cpu 0.00s
2026-04-04 02:52:58.362 INFO (Iteration 152) range_constraint_violation_ratio_suggestion: real 0.00s | cpu 0.00s
2026-04-04 02:52:58.362 INFO (Iteration 152) range_constraint_completeness_suggestion: real 0.00s | cpu 0.00s
2026-04-04 02:52:58.362 INFO Iteration 152 finished in 2879.55s (real) and 2862.08s (process)
2026-04-04 02:52:58.362 INFO Start timestep 2025-05-24 00:00:00+00:00 -> 2025-06-23 00:00:00+00:00
2026-04-04 02:53:35.081 INFO Loading data (2025-05-24 00:00:00+00:00 -> 2025-06-23 00:00:00+00:00) done in 36.72s (real) and 25.10s (process)
2026-04-04 02:53:35.081 INFO Memory usage (start of timestep): 181.16 GB
2026-04-04 02:53:35.081 INFO Calculating metrics
2026-04-04 02:53:35.081 INFO Calculating metric: subject_constraint_violation_count
2026-04-04 03:43:14.791 INFO [subject_constraint_violation_count] processed rows=2542152, result_rows=1065
2026-04-04 03:43:15.651 INFO Calculating metric: statement_count_property_subject
2026-04-04 03:43:22.968 INFO Calculating metric: range_constraint_violation_count
2026-04-04 03:43:47.896 INFO Calculating metric: range_constraint_violation_count_mandatory
2026-04-04 03:43:51.049 INFO Calculating metric: range_constraint_violation_count_regular
2026-04-04 03:43:57.756 INFO Calculating metric: range_constraint_violation_count_suggestion
2026-04-04 03:43:57.860 INFO Calculating metric: statement_count_property_range_all
2026-04-04 03:43:57.906 INFO Calculating metric: statement_count_property_range_mandatory
2026-04-04 03:43:57.944 INFO Calculating metric: statement_count_property_range_regular
2026-04-04 03:43:57.973 INFO Calculating metric: statement_count_property_range_suggestion
2026-04-04 03:43:57.994 INFO Calculating metric: subject_constraint_violation_total
2026-04-04 03:43:57.996 INFO Calculating metric: range_constraint_violation_total_all
2026-04-04 03:43:57.999 INFO Calculating metric: range_constraint_violation_total_mandatory
2026-04-04 03:43:58.001 INFO Calculating metric: range_constraint_violation_total_regular
2026-04-04 03:43:58.005 INFO Calculating metric: range_constraint_violation_total_suggestion
2026-04-04 03:43:58.007 INFO Calculating metric: subject_constraint_violation_ratio
2026-04-04 03:43:58.010 INFO Calculating metric: range_constraint_violation_ratio
2026-04-04 03:43:58.012 INFO Calculating metric: range_constraint_violation_ratio_mandatory
2026-04-04 03:43:58.014 INFO Calculating metric: range_constraint_violation_ratio_regular
2026-04-04 03:43:58.017 INFO Calculating metric: range_constraint_violation_ratio_suggestion
2026-04-04 03:43:58.019 INFO Calculating metric: subject_constraint_completeness
2026-04-04 03:43:58.022 INFO Calculating metric: range_constraint_completeness
2026-04-04 03:43:58.025 INFO Calculating metric: range_constraint_completeness_mandatory
2026-04-04 03:43:58.027 INFO Calculating metric: range_constraint_completeness_regular
2026-04-04 03:43:58.029 INFO Calculating metric: range_constraint_completeness_suggestion
2026-04-04 03:43:58.031 INFO Memory usage (end of timestep): 181.16 GB
2026-04-04 03:43:58.031 INFO (Iteration 153) subject_constraint_violation_count: real 2980.57s | cpu 2985.45s
2026-04-04 03:43:58.032 INFO (Iteration 153) statement_count_property_subject: real 7.31s | cpu 10.06s
2026-04-04 03:43:58.032 INFO (Iteration 153) subject_constraint_violation_total: real 0.00s | cpu 0.00s
2026-04-04 03:43:58.032 INFO (Iteration 153) subject_constraint_violation_ratio: real 0.00s | cpu 0.00s
2026-04-04 03:43:58.032 INFO (Iteration 153) subject_constraint_completeness: real 0.00s | cpu 0.00s
2026-04-04 03:43:58.032 INFO (Iteration 153) range_constraint_violation_count: real 24.91s | cpu 25.54s
2026-04-04 03:43:58.032 INFO (Iteration 153) range_constraint_violation_count_mandatory: real 3.15s | cpu 4.23s
2026-04-04 03:43:58.032 INFO (Iteration 153) range_constraint_violation_count_regular: real 6.71s | cpu 7.18s
2026-04-04 03:43:58.032 INFO (Iteration 153) range_constraint_violation_count_suggestion: real 0.10s | cpu 0.45s
2026-04-04 03:43:58.032 INFO (Iteration 153) statement_count_property_range_all: real 0.05s | cpu 0.51s
2026-04-04 03:43:58.032 INFO (Iteration 153) statement_count_property_range_mandatory: real 0.04s | cpu 0.43s
2026-04-04 03:43:58.032 INFO (Iteration 153) statement_count_property_range_regular: real 0.03s | cpu 0.30s
2026-04-04 03:43:58.032 INFO (Iteration 153) statement_count_property_range_suggestion: real 0.02s | cpu 0.22s
2026-04-04 03:43:58.032 INFO (Iteration 153) range_constraint_violation_total_all: real 0.00s | cpu 0.00s
2026-04-04 03:43:58.032 INFO (Iteration 153) range_constraint_violation_ratio: real 0.00s | cpu 0.00s
2026-04-04 03:43:58.032 INFO (Iteration 153) range_constraint_completeness: real 0.00s | cpu 0.00s
2026-04-04 03:43:58.032 INFO (Iteration 153) range_constraint_violation_total_mandatory: real 0.00s | cpu 0.00s
2026-04-04 03:43:58.032 INFO (Iteration 153) range_constraint_violation_ratio_mandatory: real 0.00s | cpu 0.00s
2026-04-04 03:43:58.032 INFO (Iteration 153) range_constraint_completeness_mandatory: real 0.00s | cpu 0.00s
2026-04-04 03:43:58.032 INFO (Iteration 153) range_constraint_violation_total_regular: real 0.00s | cpu 0.00s
2026-04-04 03:43:58.032 INFO (Iteration 153) range_constraint_violation_ratio_regular: real 0.00s | cpu 0.00s
2026-04-04 03:43:58.032 INFO (Iteration 153) range_constraint_completeness_regular: real 0.00s | cpu 0.00s
2026-04-04 03:43:58.032 INFO (Iteration 153) range_constraint_violation_total_suggestion: real 0.00s | cpu 0.00s
2026-04-04 03:43:58.032 INFO (Iteration 153) range_constraint_violation_ratio_suggestion: real 0.00s | cpu 0.00s
2026-04-04 03:43:58.032 INFO (Iteration 153) range_constraint_completeness_suggestion: real 0.00s | cpu 0.00s
2026-04-04 03:43:58.032 INFO Iteration 153 finished in 3059.67s (real) and 3059.50s (process)
2026-04-04 03:43:58.032 INFO Start timestep 2025-06-23 00:00:00+00:00 -> 2025-07-23 00:00:00+00:00
2026-04-04 03:43:58.268 INFO Loading data (2025-06-23 00:00:00+00:00 -> 2025-07-23 00:00:00+00:00) done in 0.24s (real) and 0.23s (process)
2026-04-04 03:43:58.268 INFO Memory usage (start of timestep): 181.16 GB
2026-04-04 03:43:58.268 INFO Calculating metrics
2026-04-04 03:43:58.268 INFO Calculating metric: subject_constraint_violation_count
2026-04-04 03:43:58.283 INFO [subject_constraint_violation_count] no rows returned
2026-04-04 03:43:58.494 INFO Calculating metric: statement_count_property_subject
2026-04-04 03:43:58.522 INFO Calculating metric: range_constraint_violation_count
2026-04-04 03:43:58.581 INFO Calculating metric: range_constraint_violation_count_mandatory
2026-04-04 03:43:58.675 INFO Calculating metric: range_constraint_violation_count_regular
2026-04-04 03:43:58.724 INFO Calculating metric: range_constraint_violation_count_suggestion
2026-04-04 03:43:58.763 INFO Calculating metric: statement_count_property_range_all
2026-04-04 03:43:58.773 INFO Calculating metric: statement_count_property_range_mandatory
2026-04-04 03:43:58.784 INFO Calculating metric: statement_count_property_range_regular
2026-04-04 03:43:58.793 INFO Calculating metric: statement_count_property_range_suggestion
2026-04-04 03:43:58.801 INFO Calculating metric: subject_constraint_violation_total
2026-04-04 03:43:58.804 INFO Calculating metric: range_constraint_violation_total_all
2026-04-04 03:43:58.807 INFO Calculating metric: range_constraint_violation_total_mandatory
2026-04-04 03:43:58.810 INFO Calculating metric: range_constraint_violation_total_regular
2026-04-04 03:43:58.813 INFO Calculating metric: range_constraint_violation_total_suggestion
2026-04-04 03:43:58.815 INFO Calculating metric: subject_constraint_violation_ratio
2026-04-04 03:43:58.818 INFO Calculating metric: range_constraint_violation_ratio
2026-04-04 03:43:58.821 INFO Calculating metric: range_constraint_violation_ratio_mandatory
2026-04-04 03:43:58.824 INFO Calculating metric: range_constraint_violation_ratio_regular
2026-04-04 03:43:58.827 INFO Calculating metric: range_constraint_violation_ratio_suggestion
2026-04-04 03:43:58.829 INFO Calculating metric: subject_constraint_completeness
2026-04-04 03:43:58.832 INFO Calculating metric: range_constraint_completeness
2026-04-04 03:43:58.835 INFO Calculating metric: range_constraint_completeness_mandatory
2026-04-04 03:43:58.838 INFO Calculating metric: range_constraint_completeness_regular
2026-04-04 03:43:58.841 INFO Calculating metric: range_constraint_completeness_suggestion
2026-04-04 03:43:58.844 INFO Memory usage (end of timestep): 181.16 GB
2026-04-04 03:43:58.844 INFO (Iteration 154) subject_constraint_violation_count: real 0.23s | cpu 0.05s
2026-04-04 03:43:58.844 INFO (Iteration 154) statement_count_property_subject: real 0.03s | cpu 0.03s
2026-04-04 03:43:58.844 INFO (Iteration 154) subject_constraint_violation_total: real 0.00s | cpu 0.00s
2026-04-04 03:43:58.844 INFO (Iteration 154) subject_constraint_violation_ratio: real 0.00s | cpu 0.00s
2026-04-04 03:43:58.844 INFO (Iteration 154) subject_constraint_completeness: real 0.00s | cpu 0.00s
2026-04-04 03:43:58.844 INFO (Iteration 154) range_constraint_violation_count: real 0.06s | cpu 0.01s
2026-04-04 03:43:58.844 INFO (Iteration 154) range_constraint_violation_count_mandatory: real 0.09s | cpu 0.06s
2026-04-04 03:43:58.844 INFO (Iteration 154) range_constraint_violation_count_regular: real 0.05s | cpu 0.01s
2026-04-04 03:43:58.844 INFO (Iteration 154) range_constraint_violation_count_suggestion: real 0.04s | cpu 0.01s
2026-04-04 03:43:58.844 INFO (Iteration 154) statement_count_property_range_all: real 0.01s | cpu 0.01s
2026-04-04 03:43:58.844 INFO (Iteration 154) statement_count_property_range_mandatory: real 0.01s | cpu 0.01s
2026-04-04 03:43:58.844 INFO (Iteration 154) statement_count_property_range_regular: real 0.01s | cpu 0.01s
2026-04-04 03:43:58.844 INFO (Iteration 154) statement_count_property_range_suggestion: real 0.01s | cpu 0.01s
2026-04-04 03:43:58.844 INFO (Iteration 154) range_constraint_violation_total_all: real 0.00s | cpu 0.00s
2026-04-04 03:43:58.844 INFO (Iteration 154) range_constraint_violation_ratio: real 0.00s | cpu 0.00s
2026-04-04 03:43:58.844 INFO (Iteration 154) range_constraint_completeness: real 0.00s | cpu 0.00s
2026-04-04 03:43:58.844 INFO (Iteration 154) range_constraint_violation_total_mandatory: real 0.00s | cpu 0.00s
2026-04-04 03:43:58.844 INFO (Iteration 154) range_constraint_violation_ratio_mandatory: real 0.00s | cpu 0.00s
2026-04-04 03:43:58.844 INFO (Iteration 154) range_constraint_completeness_mandatory: real 0.00s | cpu 0.00s
2026-04-04 03:43:58.844 INFO (Iteration 154) range_constraint_violation_total_regular: real 0.00s | cpu 0.00s
2026-04-04 03:43:58.844 INFO (Iteration 154) range_constraint_violation_ratio_regular: real 0.00s | cpu 0.00s
2026-04-04 03:43:58.844 INFO (Iteration 154) range_constraint_completeness_regular: real 0.00s | cpu 0.00s
2026-04-04 03:43:58.844 INFO (Iteration 154) range_constraint_violation_total_suggestion: real 0.00s | cpu 0.00s
2026-04-04 03:43:58.844 INFO (Iteration 154) range_constraint_violation_ratio_suggestion: real 0.00s | cpu 0.00s
2026-04-04 03:43:58.844 INFO (Iteration 154) range_constraint_completeness_suggestion: real 0.00s | cpu 0.00s
2026-04-04 03:43:58.845 INFO Iteration 154 finished in 0.81s (real) and 0.44s (process)
2026-04-04 03:43:58.845 INFO Start timestep 2025-07-23 00:00:00+00:00 -> 2025-08-22 00:00:00+00:00
2026-04-04 03:43:58.860 INFO Loading data (2025-07-23 00:00:00+00:00 -> 2025-08-22 00:00:00+00:00) done in 0.02s (real) and 0.01s (process)
2026-04-04 03:43:58.860 INFO Memory usage (start of timestep): 181.16 GB
2026-04-04 03:43:58.860 INFO Calculating metrics
2026-04-04 03:43:58.860 INFO Calculating metric: subject_constraint_violation_count
2026-04-04 03:43:58.885 INFO [subject_constraint_violation_count] no rows returned
2026-04-04 03:43:59.078 INFO Calculating metric: statement_count_property_subject
2026-04-04 03:43:59.113 INFO Calculating metric: range_constraint_violation_count
2026-04-04 03:43:59.169 INFO Calculating metric: range_constraint_violation_count_mandatory
2026-04-04 03:43:59.217 INFO Calculating metric: range_constraint_violation_count_regular
2026-04-04 03:43:59.265 INFO Calculating metric: range_constraint_violation_count_suggestion
2026-04-04 03:43:59.302 INFO Calculating metric: statement_count_property_range_all
2026-04-04 03:43:59.451 INFO Calculating metric: statement_count_property_range_mandatory
2026-04-04 03:43:59.457 INFO Calculating metric: statement_count_property_range_regular
2026-04-04 03:43:59.465 INFO Calculating metric: statement_count_property_range_suggestion
2026-04-04 03:43:59.470 INFO Calculating metric: subject_constraint_violation_total
2026-04-04 03:43:59.473 INFO Calculating metric: range_constraint_violation_total_all
2026-04-04 03:43:59.475 INFO Calculating metric: range_constraint_violation_total_mandatory
2026-04-04 03:43:59.477 INFO Calculating metric: range_constraint_violation_total_regular
2026-04-04 03:43:59.483 INFO Calculating metric: range_constraint_violation_total_suggestion
2026-04-04 03:43:59.485 INFO Calculating metric: subject_constraint_violation_ratio
2026-04-04 03:43:59.487 INFO Calculating metric: range_constraint_violation_ratio
2026-04-04 03:43:59.489 INFO Calculating metric: range_constraint_violation_ratio_mandatory
2026-04-04 03:43:59.491 INFO Calculating metric: range_constraint_violation_ratio_regular
2026-04-04 03:43:59.493 INFO Calculating metric: range_constraint_violation_ratio_suggestion
2026-04-04 03:43:59.495 INFO Calculating metric: subject_constraint_completeness
2026-04-04 03:43:59.497 INFO Calculating metric: range_constraint_completeness
2026-04-04 03:43:59.499 INFO Calculating metric: range_constraint_completeness_mandatory
2026-04-04 03:43:59.501 INFO Calculating metric: range_constraint_completeness_regular
2026-04-04 03:43:59.503 INFO Calculating metric: range_constraint_completeness_suggestion
2026-04-04 03:43:59.506 INFO Memory usage (end of timestep): 181.16 GB
2026-04-04 03:43:59.506 INFO (Iteration 155) subject_constraint_violation_count: real 0.22s | cpu 0.06s
2026-04-04 03:43:59.506 INFO (Iteration 155) statement_count_property_subject: real 0.04s | cpu 0.03s
2026-04-04 03:43:59.506 INFO (Iteration 155) subject_constraint_violation_total: real 0.00s | cpu 0.00s
2026-04-04 03:43:59.506 INFO (Iteration 155) subject_constraint_violation_ratio: real 0.00s | cpu 0.00s
2026-04-04 03:43:59.506 INFO (Iteration 155) subject_constraint_completeness: real 0.00s | cpu 0.00s
2026-04-04 03:43:59.506 INFO (Iteration 155) range_constraint_violation_count: real 0.06s | cpu 0.01s
2026-04-04 03:43:59.506 INFO (Iteration 155) range_constraint_violation_count_mandatory: real 0.05s | cpu 0.01s
2026-04-04 03:43:59.506 INFO (Iteration 155) range_constraint_violation_count_regular: real 0.05s | cpu 0.01s
2026-04-04 03:43:59.506 INFO (Iteration 155) range_constraint_violation_count_suggestion: real 0.04s | cpu 0.01s
2026-04-04 03:43:59.506 INFO (Iteration 155) statement_count_property_range_all: real 0.15s | cpu 0.15s
2026-04-04 03:43:59.506 INFO (Iteration 155) statement_count_property_range_mandatory: real 0.01s | cpu 0.01s
2026-04-04 03:43:59.506 INFO (Iteration 155) statement_count_property_range_regular: real 0.01s | cpu 0.01s
2026-04-04 03:43:59.506 INFO (Iteration 155) statement_count_property_range_suggestion: real 0.01s | cpu 0.01s
2026-04-04 03:43:59.506 INFO (Iteration 155) range_constraint_violation_total_all: real 0.00s | cpu 0.00s
2026-04-04 03:43:59.506 INFO (Iteration 155) range_constraint_violation_ratio: real 0.00s | cpu 0.00s
2026-04-04 03:43:59.506 INFO (Iteration 155) range_constraint_completeness: real 0.00s | cpu 0.00s
2026-04-04 03:43:59.506 INFO (Iteration 155) range_constraint_violation_total_mandatory: real 0.00s | cpu 0.00s
2026-04-04 03:43:59.506 INFO (Iteration 155) range_constraint_violation_ratio_mandatory: real 0.00s | cpu 0.00s
2026-04-04 03:43:59.506 INFO (Iteration 155) range_constraint_completeness_mandatory: real 0.00s | cpu 0.00s
2026-04-04 03:43:59.506 INFO (Iteration 155) range_constraint_violation_total_regular: real 0.01s | cpu 0.00s
2026-04-04 03:43:59.506 INFO (Iteration 155) range_constraint_violation_ratio_regular: real 0.00s | cpu 0.00s
2026-04-04 03:43:59.506 INFO (Iteration 155) range_constraint_completeness_regular: real 0.00s | cpu 0.00s
2026-04-04 03:43:59.506 INFO (Iteration 155) range_constraint_violation_total_suggestion: real 0.00s | cpu 0.00s
2026-04-04 03:43:59.506 INFO (Iteration 155) range_constraint_violation_ratio_suggestion: real 0.00s | cpu 0.00s
2026-04-04 03:43:59.506 INFO (Iteration 155) range_constraint_completeness_suggestion: real 0.00s | cpu 0.00s
2026-04-04 03:43:59.506 INFO Iteration 155 finished in 0.66s (real) and 0.32s (process)
2026-04-04 04:32:16.777 INFO finished
2026-04-04 04:32:16.789 INFO TOTAL range_constraint_violation_ratio_suggestion: real 0.35s | cpu 0.06s
2026-04-04 04:32:16.790 INFO TOTAL subject_constraint_violation_ratio: real 0.36s | cpu 0.07s
2026-04-04 04:32:16.790 INFO TOTAL range_constraint_violation_ratio_regular: real 0.36s | cpu 0.07s
2026-04-04 04:32:16.790 INFO TOTAL range_constraint_violation_ratio_mandatory: real 0.37s | cpu 0.07s
2026-04-04 04:32:16.790 INFO TOTAL range_constraint_completeness: real 0.37s | cpu 0.07s
2026-04-04 04:32:16.790 INFO TOTAL subject_constraint_completeness: real 0.38s | cpu 0.07s
2026-04-04 04:32:16.790 INFO TOTAL range_constraint_completeness_regular: real 0.38s | cpu 0.08s
2026-04-04 04:32:16.790 INFO TOTAL range_constraint_completeness_suggestion: real 0.39s | cpu 0.08s
2026-04-04 04:32:16.790 INFO TOTAL range_constraint_violation_total_suggestion: real 0.39s | cpu 0.08s
2026-04-04 04:32:16.790 INFO TOTAL range_constraint_violation_ratio: real 0.39s | cpu 0.07s
2026-04-04 04:32:16.790 INFO TOTAL range_constraint_violation_total_regular: real 0.40s | cpu 0.09s
2026-04-04 04:32:16.790 INFO TOTAL range_constraint_completeness_mandatory: real 0.42s | cpu 0.08s
2026-04-04 04:32:16.790 INFO TOTAL range_constraint_violation_total_all: real 0.42s | cpu 0.10s
2026-04-04 04:32:16.790 INFO TOTAL range_constraint_violation_total_mandatory: real 0.48s | cpu 0.15s
2026-04-04 04:32:16.790 INFO TOTAL subject_constraint_violation_total: real 0.48s | cpu 0.11s
2026-04-04 04:32:16.790 INFO TOTAL statement_count_property_range_suggestion: real 8.96s | cpu 121.06s
2026-04-04 04:32:16.790 INFO TOTAL statement_count_property_range_mandatory: real 9.69s | cpu 131.86s
2026-04-04 04:32:16.790 INFO TOTAL statement_count_property_range_regular: real 10.50s | cpu 142.54s
2026-04-04 04:32:16.790 INFO TOTAL statement_count_property_range_all: real 13.67s | cpu 182.56s
2026-04-04 04:32:16.790 INFO TOTAL range_constraint_violation_count_suggestion: real 142.32s | cpu 290.49s
2026-04-04 04:32:16.790 INFO TOTAL range_constraint_violation_count_mandatory: real 607.25s | cpu 772.11s
2026-04-04 04:32:16.790 INFO TOTAL statement_count_property_subject: real 1541.70s | cpu 2230.42s
2026-04-04 04:32:16.790 INFO TOTAL range_constraint_violation_count_regular: real 6932.29s | cpu 7284.47s
2026-04-04 04:32:16.790 INFO TOTAL range_constraint_violation_count: real 7778.39s | cpu 8159.84s
2026-04-04 04:32:16.790 INFO TOTAL subject_constraint_violation_count: real 101494.63s | cpu 102373.90s

--- Metric Name to ID Mapping ---
'subject_constraint_violation_count': 96
'easy_subject_constraint_violation_count': 97
'symmetric_inverse_constraint_violation_count': 98
'subject_constraint_violation_ratio': 99
'easy_subject_constraint_violation_ratio': 100
'symmetric_inverse_violation_ratio': 101
'general_constraint_violation_ratio': 102
'range_constraint_violation_ratio': 103
'currency_per_statement': 104
'currency_per_property': 105
'range_constraint_violation_count': 106
'completeness_currency': 107
'subject_constraint_completeness': 108
'range_constraint_completeness': 109
'range_constraint_violation_count_mandatory': 110
'range_constraint_violation_count_regular': 111
'range_constraint_violation_count_suggestion': 112
'statement_count_property_range_all': 113
'statement_count_property_range_mandatory': 114
'statement_count_property_range_regular': 115
'statement_count_property_range_suggestion': 116
'range_constraint_violation_total_all': 117
'range_constraint_violation_total_mandatory': 118
'range_constraint_violation_total_regular': 119
'range_constraint_violation_total_suggestion': 120
'range_constraint_completeness_mandatory': 121
'range_constraint_completeness_regular': 122
'range_constraint_completeness_suggestion': 123
'range_constraint_violation_ratio_regular': 124
'currency_global': 125
'currency_per_property_exp': 126
'currency_global_exp': 127
'entity_count': 66
'description_count': 67
'label_count': 68
'property_count': 69
'statement_count': 70
'subclass_count': 71
'revision_count': 72
'reference_existence_per_statement_count_dict': 73
'reference_existence_per_statement_count_df': 74
'reference_count': 75
'statement_count_property_range': 76
'statement_count_property_subject': 77
'statement_count_property_sym_inv': 78
'Has_descript_label': 79
'avg_properties_per_entity': 80
'avg_statements_per_entity': 81
'reference_completeness_dict': 82
'reference_completeness_df': 83
'subject_constraint_violation_total': 84
'range_constraint_violation_total': 85
'total_statement_count_property': 86
'easy_subject_constraint_violation_total': 87
'symmetric_inverse_violation_total': 88
'schema_property_occurrence': 89
'schema_fulfillment': 90
'schema_fulfillment_optional': 91
'schema_fulfillment_per_schema': 92
'schema_fulfillment_per_schema_optional': 93
'total_constraint_violations': 94
'property_constraint_completeness': 95
'range_constraint_violation_ratio_mandatory': 128
'range_constraint_violation_ratio_suggestion': 129
-------------------------------------

Run ID: 1812093
