Commit at submit time: c5c8f61ad282add89049d866c6a8a2f164338d4d
Running from snapshot: /tmp/mp2025-wikiwatch-2399001
DuckDB memory_limit: 228.8 GiB
2026-08-03 10:55:12.771 INFO starting
2026-08-03 10:55:12.772 INFO Memory logging: True
2026-08-03 10:55:12.772 INFO Less entities: False
2026-08-03 10:55:12.772 INFO Use cache: False
2026-08-03 10:55:14.352 INFO [subject_constraint_violation_count] initialized (rules=8350, watched_props=8348, use_cache=False)
2026-08-03 10:55:17.796 INFO Start timestep 2012-10-29 00:00:00+00:00 -> 2012-11-28 00:00:00+00:00
2026-08-03 10:55:25.888 INFO DuckDB memory logs:
  database_name database_size  block_size  ...  wal_size  memory_usage  memory_limit
0   postgres_db       6.2 TiB           0  ...   0 bytes     558.0 MiB     228.8 GiB
1        memory       0 bytes           0  ...   0 bytes     558.0 MiB     228.8 GiB

[2 rows x 9 columns]
2026-08-03 10:55:25.889 INFO Loading data (2012-10-29 00:00:00+00:00 -> 2012-11-28 00:00:00+00:00) done in 8.09s (real) and 3.46s (process)
2026-08-03 10:55:25.889 INFO Memory usage (start of timestep, peak): 0.70 GiB
2026-08-03 10:55:25.890 INFO Memory usage (start of timestep, current): 0.70 GiB
2026-08-03 10:55:25.890 INFO Calculating metrics
2026-08-03 10:55:25.890 INFO Calculating metric: data_age_at_insertion
2026-08-03 10:55:27.528 INFO [data_age_at_insertion] Memory snapshot — total: 0.00 MB
  active_by_value_id: 0.00 MB (0 entries)
  property_totals: 0.00 MB (0 entries)
  global_totals: 0.00 MB (N/A entries)
  latest_result: 0.00 MB (0 entries)
  latest_statement_average_score: 0.00 MB (N/A entries)
2026-08-03 10:55:27.528 INFO Memory usage (end of timestep, peak): 0.70 GiB
2026-08-03 10:55:27.528 INFO Memory usage (end of timestep, current): 0.71 GiB
2026-08-03 10:55:27.529 INFO (Iteration 0) data_age_at_insertion: real 1.64s | cpu 0.24s
2026-08-03 10:55:27.529 INFO Iteration 0 finished in 9.73s (real) and 3.70s (process)
2026-08-03 10:55:27.530 INFO Start timestep 2012-11-28 00:00:00+00:00 -> 2012-12-28 00:00:00+00:00
2026-08-03 10:55:46.530 INFO DuckDB memory logs:
  database_name database_size  block_size  ...  wal_size  memory_usage  memory_limit
0   postgres_db       6.2 TiB           0  ...   0 bytes       1.8 GiB     228.8 GiB
1        memory       0 bytes           0  ...   0 bytes       1.8 GiB     228.8 GiB

[2 rows x 9 columns]
2026-08-03 10:55:46.530 INFO Loading data (2012-11-28 00:00:00+00:00 -> 2012-12-28 00:00:00+00:00) done in 19.00s (real) and 11.81s (process)
2026-08-03 10:55:46.530 INFO Memory usage (start of timestep, peak): 2.03 GiB
2026-08-03 10:55:46.531 INFO Memory usage (start of timestep, current): 2.04 GiB
2026-08-03 10:55:46.531 INFO Calculating metrics
2026-08-03 10:55:46.531 INFO Calculating metric: data_age_at_insertion
2026-08-03 10:55:46.721 INFO [data_age_at_insertion] Memory snapshot — total: 0.00 MB
  active_by_value_id: 0.00 MB (0 entries)
  property_totals: 0.00 MB (0 entries)
  global_totals: 0.00 MB (N/A entries)
  latest_result: 0.00 MB (0 entries)
  latest_statement_average_score: 0.00 MB (N/A entries)
2026-08-03 10:55:46.721 INFO Memory usage (end of timestep, peak): 2.04 GiB
2026-08-03 10:55:46.722 INFO Memory usage (end of timestep, current): 2.04 GiB
2026-08-03 10:55:46.722 INFO (Iteration 1) data_age_at_insertion: real 0.19s | cpu 0.17s
2026-08-03 10:55:46.722 INFO Iteration 1 finished in 19.19s (real) and 11.98s (process)
2026-08-03 10:55:46.722 INFO Start timestep 2012-12-28 00:00:00+00:00 -> 2013-01-27 00:00:00+00:00
2026-08-03 10:55:57.396 INFO DuckDB memory logs:
  database_name database_size  block_size  ...  wal_size  memory_usage  memory_limit
0   postgres_db       6.2 TiB           0  ...   0 bytes       1.1 GiB     228.8 GiB
1        memory       0 bytes           0  ...   0 bytes       1.1 GiB     228.8 GiB

[2 rows x 9 columns]
2026-08-03 10:55:57.396 INFO Loading data (2012-12-28 00:00:00+00:00 -> 2013-01-27 00:00:00+00:00) done in 10.67s (real) and 6.68s (process)
2026-08-03 10:55:57.396 INFO Memory usage (start of timestep, peak): 2.52 GiB
2026-08-03 10:55:57.396 INFO Memory usage (start of timestep, current): 1.33 GiB
2026-08-03 10:55:57.396 INFO Calculating metrics
2026-08-03 10:55:57.397 INFO Calculating metric: data_age_at_insertion
2026-08-03 10:55:57.579 INFO [data_age_at_insertion] Memory snapshot — total: 0.00 MB
  active_by_value_id: 0.00 MB (0 entries)
  property_totals: 0.00 MB (0 entries)
  global_totals: 0.00 MB (N/A entries)
  latest_result: 0.00 MB (0 entries)
  latest_statement_average_score: 0.00 MB (N/A entries)
2026-08-03 10:55:57.579 INFO Memory usage (end of timestep, peak): 2.52 GiB
2026-08-03 10:55:57.579 INFO Memory usage (end of timestep, current): 1.33 GiB
2026-08-03 10:55:57.579 INFO (Iteration 2) data_age_at_insertion: real 0.18s | cpu 0.15s
2026-08-03 10:55:57.579 INFO Iteration 2 finished in 10.86s (real) and 6.83s (process)
2026-08-03 10:55:57.580 INFO Start timestep 2013-01-27 00:00:00+00:00 -> 2013-02-26 00:00:00+00:00
2026-08-03 10:56:06.921 INFO DuckDB memory logs:
  database_name database_size  block_size  ...  wal_size  memory_usage  memory_limit
0   postgres_db       6.2 TiB           0  ...   0 bytes    1011.7 MiB     228.8 GiB
1        memory       0 bytes           0  ...   0 bytes    1011.7 MiB     228.8 GiB

[2 rows x 9 columns]
2026-08-03 10:56:06.922 INFO Loading data (2013-01-27 00:00:00+00:00 -> 2013-02-26 00:00:00+00:00) done in 9.34s (real) and 5.67s (process)
2026-08-03 10:56:06.922 INFO Memory usage (start of timestep, peak): 2.52 GiB
2026-08-03 10:56:06.922 INFO Memory usage (start of timestep, current): 1.16 GiB
2026-08-03 10:56:06.922 INFO Calculating metrics
2026-08-03 10:56:06.922 INFO Calculating metric: data_age_at_insertion
2026-08-03 10:56:07.121 INFO [data_age_at_insertion] Memory snapshot — total: 0.00 MB
  active_by_value_id: 0.00 MB (0 entries)
  property_totals: 0.00 MB (0 entries)
  global_totals: 0.00 MB (N/A entries)
  latest_result: 0.00 MB (0 entries)
  latest_statement_average_score: 0.00 MB (N/A entries)
2026-08-03 10:56:07.121 INFO Memory usage (end of timestep, peak): 2.52 GiB
2026-08-03 10:56:07.121 INFO Memory usage (end of timestep, current): 1.16 GiB
2026-08-03 10:56:07.121 INFO (Iteration 3) data_age_at_insertion: real 0.20s | cpu 0.21s
2026-08-03 10:56:07.121 INFO Iteration 3 finished in 9.54s (real) and 5.88s (process)
2026-08-03 10:56:07.122 INFO Start timestep 2013-02-26 00:00:00+00:00 -> 2013-03-28 00:00:00+00:00
2026-08-03 10:56:35.604 INFO DuckDB memory logs:
  database_name database_size  block_size  ...  wal_size  memory_usage  memory_limit
0   postgres_db       6.2 TiB           0  ...   0 bytes       3.2 GiB     228.8 GiB
1        memory       0 bytes           0  ...   0 bytes       3.2 GiB     228.8 GiB

[2 rows x 9 columns]
2026-08-03 10:56:35.604 INFO Loading data (2013-02-26 00:00:00+00:00 -> 2013-03-28 00:00:00+00:00) done in 28.48s (real) and 17.70s (process)
2026-08-03 10:56:35.605 INFO Memory usage (start of timestep, peak): 3.34 GiB
2026-08-03 10:56:35.605 INFO Memory usage (start of timestep, current): 3.34 GiB
2026-08-03 10:56:35.605 INFO Calculating metrics
2026-08-03 10:56:35.605 INFO Calculating metric: data_age_at_insertion
2026-08-03 10:56:35.871 INFO [data_age_at_insertion] Memory snapshot — total: 0.00 MB
  active_by_value_id: 0.00 MB (0 entries)
  property_totals: 0.00 MB (0 entries)
  global_totals: 0.00 MB (N/A entries)
  latest_result: 0.00 MB (0 entries)
  latest_statement_average_score: 0.00 MB (N/A entries)
2026-08-03 10:56:35.871 INFO Memory usage (end of timestep, peak): 3.34 GiB
2026-08-03 10:56:35.871 INFO Memory usage (end of timestep, current): 3.34 GiB
2026-08-03 10:56:35.871 INFO (Iteration 4) data_age_at_insertion: real 0.27s | cpu 0.56s
2026-08-03 10:56:35.871 INFO Iteration 4 finished in 28.75s (real) and 18.25s (process)
2026-08-03 10:56:35.872 INFO Start timestep 2013-03-28 00:00:00+00:00 -> 2013-04-27 00:00:00+00:00
2026-08-03 10:57:12.498 INFO DuckDB memory logs:
  database_name database_size  block_size  ...  wal_size  memory_usage  memory_limit
0   postgres_db       6.2 TiB           0  ...   0 bytes       4.2 GiB     228.8 GiB
1        memory       0 bytes           0  ...   0 bytes       4.2 GiB     228.8 GiB

[2 rows x 9 columns]
2026-08-03 10:57:12.498 INFO Loading data (2013-03-28 00:00:00+00:00 -> 2013-04-27 00:00:00+00:00) done in 36.63s (real) and 32.05s (process)
2026-08-03 10:57:12.498 INFO Memory usage (start of timestep, peak): 4.44 GiB
2026-08-03 10:57:12.498 INFO Memory usage (start of timestep, current): 4.39 GiB
2026-08-03 10:57:12.498 INFO Calculating metrics
2026-08-03 10:57:12.498 INFO Calculating metric: data_age_at_insertion
2026-08-03 10:57:12.719 INFO [data_age_at_insertion] Memory snapshot — total: 0.00 MB
  active_by_value_id: 0.00 MB (0 entries)
  property_totals: 0.00 MB (0 entries)
  global_totals: 0.00 MB (N/A entries)
  latest_result: 0.00 MB (0 entries)
  latest_statement_average_score: 0.00 MB (N/A entries)
2026-08-03 10:57:12.719 INFO Memory usage (end of timestep, peak): 4.44 GiB
2026-08-03 10:57:12.719 INFO Memory usage (end of timestep, current): 4.40 GiB
2026-08-03 10:57:12.719 INFO (Iteration 5) data_age_at_insertion: real 0.22s | cpu 0.63s
2026-08-03 10:57:12.719 INFO Iteration 5 finished in 36.85s (real) and 32.68s (process)
2026-08-03 10:57:12.720 INFO Start timestep 2013-04-27 00:00:00+00:00 -> 2013-05-27 00:00:00+00:00
2026-08-03 10:58:03.070 INFO DuckDB memory logs:
  database_name database_size  block_size  ...  wal_size  memory_usage  memory_limit
0   postgres_db       6.2 TiB           0  ...   0 bytes       5.6 GiB     228.8 GiB
1        memory       0 bytes           0  ...   0 bytes       5.6 GiB     228.8 GiB

[2 rows x 9 columns]
2026-08-03 10:58:03.070 INFO Loading data (2013-04-27 00:00:00+00:00 -> 2013-05-27 00:00:00+00:00) done in 50.35s (real) and 29.34s (process)
2026-08-03 10:58:03.070 INFO Memory usage (start of timestep, peak): 5.74 GiB
2026-08-03 10:58:03.070 INFO Memory usage (start of timestep, current): 5.74 GiB
2026-08-03 10:58:03.070 INFO Calculating metrics
2026-08-03 10:58:03.070 INFO Calculating metric: data_age_at_insertion
2026-08-03 10:58:03.290 INFO [data_age_at_insertion] Memory snapshot — total: 0.00 MB
  active_by_value_id: 0.00 MB (0 entries)
  property_totals: 0.00 MB (0 entries)
  global_totals: 0.00 MB (N/A entries)
  latest_result: 0.00 MB (0 entries)
  latest_statement_average_score: 0.00 MB (N/A entries)
2026-08-03 10:58:03.290 INFO Memory usage (end of timestep, peak): 5.74 GiB
2026-08-03 10:58:03.290 INFO Memory usage (end of timestep, current): 5.75 GiB
2026-08-03 10:58:03.290 INFO (Iteration 6) data_age_at_insertion: real 0.22s | cpu 0.72s
2026-08-03 10:58:03.291 INFO Iteration 6 finished in 50.57s (real) and 30.06s (process)
2026-08-03 10:58:03.291 INFO Start timestep 2013-05-27 00:00:00+00:00 -> 2013-06-26 00:00:00+00:00
2026-08-03 10:58:18.920 INFO DuckDB memory logs:
  database_name database_size  block_size  ...  wal_size  memory_usage  memory_limit
0   postgres_db       6.2 TiB           0  ...   0 bytes       1.9 GiB     228.8 GiB
1        memory       0 bytes           0  ...   0 bytes       1.9 GiB     228.8 GiB

[2 rows x 9 columns]
2026-08-03 10:58:18.921 INFO Loading data (2013-05-27 00:00:00+00:00 -> 2013-06-26 00:00:00+00:00) done in 15.63s (real) and 10.02s (process)
2026-08-03 10:58:18.921 INFO Memory usage (start of timestep, peak): 5.74 GiB
2026-08-03 10:58:18.921 INFO Memory usage (start of timestep, current): 2.16 GiB
2026-08-03 10:58:18.921 INFO Calculating metrics
2026-08-03 10:58:18.921 INFO Calculating metric: data_age_at_insertion
2026-08-03 10:59:02.626 INFO [data_age_at_insertion] Memory snapshot — total: 0.41 MB
  active_by_value_id: 0.41 MB (400 entries)
  property_totals: 0.00 MB (9 entries)
  global_totals: 0.00 MB (N/A entries)
  latest_result: 0.00 MB (9 entries)
  latest_statement_average_score: 0.00 MB (N/A entries)
2026-08-03 10:59:02.627 INFO Memory usage (end of timestep, peak): 5.74 GiB
2026-08-03 10:59:02.627 INFO Memory usage (end of timestep, current): 2.20 GiB
2026-08-03 10:59:02.627 INFO (Iteration 7) data_age_at_insertion: real 43.71s | cpu 43.69s
2026-08-03 10:59:02.627 INFO Iteration 7 finished in 59.34s (real) and 53.71s (process)
2026-08-03 10:59:02.627 INFO Start timestep 2013-06-26 00:00:00+00:00 -> 2013-07-26 00:00:00+00:00
2026-08-03 10:59:28.141 INFO DuckDB memory logs:
  database_name database_size  block_size  ...  wal_size  memory_usage  memory_limit
0   postgres_db       6.2 TiB           0  ...   0 bytes       3.2 GiB     228.8 GiB
1        memory       0 bytes           0  ...   0 bytes       3.2 GiB     228.8 GiB

[2 rows x 9 columns]
2026-08-03 10:59:28.141 INFO Loading data (2013-06-26 00:00:00+00:00 -> 2013-07-26 00:00:00+00:00) done in 25.51s (real) and 26.55s (process)
2026-08-03 10:59:28.141 INFO Memory usage (start of timestep, peak): 5.74 GiB
2026-08-03 10:59:28.142 INFO Memory usage (start of timestep, current): 4.26 GiB
2026-08-03 10:59:28.142 INFO Calculating metrics
2026-08-03 10:59:28.142 INFO Calculating metric: data_age_at_insertion
2026-08-03 10:59:35.869 INFO [data_age_at_insertion] Memory snapshot — total: 0.51 MB
  active_by_value_id: 0.51 MB (499 entries)
  property_totals: 0.00 MB (11 entries)
  global_totals: 0.00 MB (N/A entries)
  latest_result: 0.00 MB (11 entries)
  latest_statement_average_score: 0.00 MB (N/A entries)
2026-08-03 10:59:35.869 INFO Memory usage (end of timestep, peak): 5.74 GiB
2026-08-03 10:59:35.869 INFO Memory usage (end of timestep, current): 4.26 GiB
2026-08-03 10:59:35.869 INFO (Iteration 8) data_age_at_insertion: real 7.73s | cpu 7.85s
2026-08-03 10:59:35.869 INFO Iteration 8 finished in 33.24s (real) and 34.41s (process)
2026-08-03 10:59:35.869 INFO Start timestep 2013-07-26 00:00:00+00:00 -> 2013-08-25 00:00:00+00:00
2026-08-03 10:59:49.498 INFO DuckDB memory logs:
  database_name database_size  block_size  ...  wal_size  memory_usage  memory_limit
0   postgres_db       6.2 TiB           0  ...   0 bytes       1.8 GiB     228.8 GiB
1        memory       0 bytes           0  ...   0 bytes       1.8 GiB     228.8 GiB

[2 rows x 9 columns]
2026-08-03 10:59:49.498 INFO Loading data (2013-07-26 00:00:00+00:00 -> 2013-08-25 00:00:00+00:00) done in 13.63s (real) and 8.57s (process)
2026-08-03 10:59:49.498 INFO Memory usage (start of timestep, peak): 5.74 GiB
2026-08-03 10:59:49.499 INFO Memory usage (start of timestep, current): 2.07 GiB
2026-08-03 10:59:49.499 INFO Calculating metrics
2026-08-03 10:59:49.499 INFO Calculating metric: data_age_at_insertion
2026-08-03 10:59:53.278 INFO [data_age_at_insertion] Memory snapshot — total: 0.66 MB
  active_by_value_id: 0.65 MB (643 entries)
  property_totals: 0.00 MB (12 entries)
  global_totals: 0.00 MB (N/A entries)
  latest_result: 0.00 MB (12 entries)
  latest_statement_average_score: 0.00 MB (N/A entries)
2026-08-03 10:59:53.278 INFO Memory usage (end of timestep, peak): 5.74 GiB
2026-08-03 10:59:53.278 INFO Memory usage (end of timestep, current): 2.07 GiB
2026-08-03 10:59:53.278 INFO (Iteration 9) data_age_at_insertion: real 3.78s | cpu 3.79s
2026-08-03 10:59:53.278 INFO Iteration 9 finished in 17.41s (real) and 12.36s (process)
2026-08-03 10:59:53.278 INFO Start timestep 2013-08-25 00:00:00+00:00 -> 2013-09-24 00:00:00+00:00
2026-08-03 11:00:08.594 INFO DuckDB memory logs:
  database_name database_size  block_size  ...  wal_size  memory_usage  memory_limit
0   postgres_db       6.2 TiB           0  ...   0 bytes       1.8 GiB     228.8 GiB
1        memory       0 bytes           0  ...   0 bytes       1.8 GiB     228.8 GiB

[2 rows x 9 columns]
2026-08-03 11:00:08.594 INFO Loading data (2013-08-25 00:00:00+00:00 -> 2013-09-24 00:00:00+00:00) done in 15.32s (real) and 13.74s (process)
2026-08-03 11:00:08.594 INFO Memory usage (start of timestep, peak): 5.74 GiB
2026-08-03 11:00:08.594 INFO Memory usage (start of timestep, current): 2.07 GiB
2026-08-03 11:00:08.594 INFO Calculating metrics
2026-08-03 11:00:08.594 INFO Calculating metric: data_age_at_insertion
2026-08-03 11:00:50.345 INFO [data_age_at_insertion] Memory snapshot — total: 0.75 MB
  active_by_value_id: 0.74 MB (723 entries)
  property_totals: 0.00 MB (11 entries)
  global_totals: 0.00 MB (N/A entries)
  latest_result: 0.00 MB (11 entries)
  latest_statement_average_score: 0.00 MB (N/A entries)
2026-08-03 11:00:50.345 INFO Memory usage (end of timestep, peak): 5.74 GiB
2026-08-03 11:00:50.345 INFO Memory usage (end of timestep, current): 2.08 GiB
2026-08-03 11:00:50.345 INFO (Iteration 10) data_age_at_insertion: real 41.75s | cpu 41.77s
2026-08-03 11:00:50.345 INFO Iteration 10 finished in 57.07s (real) and 55.51s (process)
2026-08-03 11:00:50.345 INFO Start timestep 2013-09-24 00:00:00+00:00 -> 2013-10-24 00:00:00+00:00
2026-08-03 11:01:11.560 INFO DuckDB memory logs:
  database_name database_size  block_size  ...  wal_size  memory_usage  memory_limit
0   postgres_db       6.2 TiB           0  ...   0 bytes       2.9 GiB     228.8 GiB
1        memory       0 bytes           0  ...   0 bytes       2.9 GiB     228.8 GiB

[2 rows x 9 columns]
2026-08-03 11:01:11.560 INFO Loading data (2013-09-24 00:00:00+00:00 -> 2013-10-24 00:00:00+00:00) done in 21.22s (real) and 13.77s (process)
2026-08-03 11:01:11.561 INFO Memory usage (start of timestep, peak): 5.74 GiB
2026-08-03 11:01:11.561 INFO Memory usage (start of timestep, current): 3.17 GiB
2026-08-03 11:01:11.561 INFO Calculating metrics
2026-08-03 11:01:11.561 INFO Calculating metric: data_age_at_insertion
2026-08-03 11:02:33.302 INFO [data_age_at_insertion] Memory snapshot — total: 2.02 MB
  active_by_value_id: 2.01 MB (1997 entries)
  property_totals: 0.00 MB (10 entries)
  global_totals: 0.00 MB (N/A entries)
  latest_result: 0.00 MB (10 entries)
  latest_statement_average_score: 0.00 MB (N/A entries)
2026-08-03 11:02:33.303 INFO Memory usage (end of timestep, peak): 5.74 GiB
2026-08-03 11:02:33.303 INFO Memory usage (end of timestep, current): 3.22 GiB
2026-08-03 11:02:33.303 INFO (Iteration 11) data_age_at_insertion: real 81.74s | cpu 81.87s
2026-08-03 11:02:33.303 INFO Iteration 11 finished in 102.96s (real) and 95.64s (process)
2026-08-03 11:02:33.304 INFO Start timestep 2013-10-24 00:00:00+00:00 -> 2013-11-23 00:00:00+00:00
2026-08-03 11:02:52.510 INFO DuckDB memory logs:
  database_name database_size  block_size  ...  wal_size  memory_usage  memory_limit
0   postgres_db       6.2 TiB           0  ...   0 bytes       2.6 GiB     228.8 GiB
1        memory       0 bytes           0  ...   0 bytes       2.6 GiB     228.8 GiB

[2 rows x 9 columns]
2026-08-03 11:02:52.510 INFO Loading data (2013-10-24 00:00:00+00:00 -> 2013-11-23 00:00:00+00:00) done in 19.21s (real) and 19.53s (process)
2026-08-03 11:02:52.510 INFO Memory usage (start of timestep, peak): 5.74 GiB
2026-08-03 11:02:52.510 INFO Memory usage (start of timestep, current): 3.90 GiB
2026-08-03 11:02:52.510 INFO Calculating metrics
2026-08-03 11:02:52.510 INFO Calculating metric: data_age_at_insertion
2026-08-03 11:03:33.216 INFO [data_age_at_insertion] Memory snapshot — total: 2.68 MB
  active_by_value_id: 2.68 MB (2621 entries)
  property_totals: 0.00 MB (10 entries)
  global_totals: 0.00 MB (N/A entries)
  latest_result: 0.00 MB (10 entries)
  latest_statement_average_score: 0.00 MB (N/A entries)
2026-08-03 11:03:33.216 INFO Memory usage (end of timestep, peak): 5.74 GiB
2026-08-03 11:03:33.216 INFO Memory usage (end of timestep, current): 3.91 GiB
2026-08-03 11:03:33.216 INFO (Iteration 12) data_age_at_insertion: real 40.71s | cpu 40.93s
2026-08-03 11:03:33.216 INFO Iteration 12 finished in 59.91s (real) and 60.46s (process)
2026-08-03 11:03:33.217 INFO Start timestep 2013-11-23 00:00:00+00:00 -> 2013-12-23 00:00:00+00:00
2026-08-03 11:03:55.858 INFO DuckDB memory logs:
  database_name database_size  block_size  ...  wal_size  memory_usage  memory_limit
0   postgres_db       6.2 TiB           0  ...   0 bytes       3.1 GiB     228.8 GiB
1        memory       0 bytes           0  ...   0 bytes       3.1 GiB     228.8 GiB

[2 rows x 9 columns]
2026-08-03 11:03:55.859 INFO Loading data (2013-11-23 00:00:00+00:00 -> 2013-12-23 00:00:00+00:00) done in 22.64s (real) and 15.50s (process)
2026-08-03 11:03:55.859 INFO Memory usage (start of timestep, peak): 5.74 GiB
2026-08-03 11:03:55.859 INFO Memory usage (start of timestep, current): 3.38 GiB
2026-08-03 11:03:55.859 INFO Calculating metrics
2026-08-03 11:03:55.859 INFO Calculating metric: data_age_at_insertion
2026-08-03 11:03:59.355 INFO [data_age_at_insertion] Memory snapshot — total: 2.48 MB
  active_by_value_id: 2.47 MB (2406 entries)
  property_totals: 0.00 MB (10 entries)
  global_totals: 0.00 MB (N/A entries)
  latest_result: 0.00 MB (10 entries)
  latest_statement_average_score: 0.00 MB (N/A entries)
2026-08-03 11:03:59.355 INFO Memory usage (end of timestep, peak): 5.74 GiB
2026-08-03 11:03:59.355 INFO Memory usage (end of timestep, current): 3.38 GiB
2026-08-03 11:03:59.355 INFO (Iteration 13) data_age_at_insertion: real 3.50s | cpu 3.60s
2026-08-03 11:03:59.355 INFO Iteration 13 finished in 26.14s (real) and 19.10s (process)
2026-08-03 11:03:59.355 INFO Start timestep 2013-12-23 00:00:00+00:00 -> 2014-01-22 00:00:00+00:00
2026-08-03 11:04:22.068 INFO DuckDB memory logs:
  database_name database_size  block_size  ...  wal_size  memory_usage  memory_limit
0   postgres_db       6.2 TiB           0  ...   0 bytes       3.0 GiB     228.8 GiB
1        memory       0 bytes           0  ...   0 bytes       3.0 GiB     228.8 GiB

[2 rows x 9 columns]
2026-08-03 11:04:22.068 INFO Loading data (2013-12-23 00:00:00+00:00 -> 2014-01-22 00:00:00+00:00) done in 22.71s (real) and 15.90s (process)
2026-08-03 11:04:22.068 INFO Memory usage (start of timestep, peak): 5.74 GiB
2026-08-03 11:04:22.068 INFO Memory usage (start of timestep, current): 3.26 GiB
2026-08-03 11:04:22.068 INFO Calculating metrics
2026-08-03 11:04:22.069 INFO Calculating metric: data_age_at_insertion
2026-08-03 11:04:36.462 INFO [data_age_at_insertion] Memory snapshot — total: 1.33 MB
  active_by_value_id: 1.32 MB (1237 entries)
  property_totals: 0.00 MB (10 entries)
  global_totals: 0.00 MB (N/A entries)
  latest_result: 0.00 MB (10 entries)
  latest_statement_average_score: 0.00 MB (N/A entries)
2026-08-03 11:04:36.462 INFO Memory usage (end of timestep, peak): 5.74 GiB
2026-08-03 11:04:36.462 INFO Memory usage (end of timestep, current): 3.27 GiB
2026-08-03 11:04:36.462 INFO (Iteration 14) data_age_at_insertion: real 14.39s | cpu 14.41s
2026-08-03 11:04:36.462 INFO Iteration 14 finished in 37.11s (real) and 30.31s (process)
2026-08-03 11:04:36.462 INFO Start timestep 2014-01-22 00:00:00+00:00 -> 2014-02-21 00:00:00+00:00
2026-08-03 11:04:58.819 INFO DuckDB memory logs:
  database_name database_size  block_size  ...  wal_size  memory_usage  memory_limit
0   postgres_db       6.2 TiB           0  ...   0 bytes       2.8 GiB     228.8 GiB
1        memory       0 bytes           0  ...   0 bytes       2.8 GiB     228.8 GiB

[2 rows x 9 columns]
2026-08-03 11:04:58.819 INFO Loading data (2014-01-22 00:00:00+00:00 -> 2014-02-21 00:00:00+00:00) done in 22.36s (real) and 24.03s (process)
2026-08-03 11:04:58.819 INFO Memory usage (start of timestep, peak): 5.74 GiB
2026-08-03 11:04:58.820 INFO Memory usage (start of timestep, current): 3.91 GiB
2026-08-03 11:04:58.820 INFO Calculating metrics
2026-08-03 11:04:58.820 INFO Calculating metric: data_age_at_insertion
2026-08-03 11:06:22.050 INFO [data_age_at_insertion] Memory snapshot — total: 3.18 MB
  active_by_value_id: 3.18 MB (3032 entries)
  property_totals: 0.00 MB (11 entries)
  global_totals: 0.00 MB (N/A entries)
  latest_result: 0.00 MB (11 entries)
  latest_statement_average_score: 0.00 MB (N/A entries)
2026-08-03 11:06:22.050 INFO Memory usage (end of timestep, peak): 5.74 GiB
2026-08-03 11:06:22.050 INFO Memory usage (end of timestep, current): 3.94 GiB
2026-08-03 11:06:22.050 INFO (Iteration 15) data_age_at_insertion: real 83.23s | cpu 83.45s
2026-08-03 11:06:22.050 INFO Iteration 15 finished in 105.59s (real) and 107.48s (process)
2026-08-03 11:06:22.050 INFO Start timestep 2014-02-21 00:00:00+00:00 -> 2014-03-23 00:00:00+00:00
2026-08-03 11:06:45.577 INFO DuckDB memory logs:
  database_name database_size  block_size  ...  wal_size  memory_usage  memory_limit
0   postgres_db       6.2 TiB           0  ...   0 bytes       3.2 GiB     228.8 GiB
1        memory       0 bytes           0  ...   0 bytes       3.2 GiB     228.8 GiB

[2 rows x 9 columns]
2026-08-03 11:06:45.578 INFO Loading data (2014-02-21 00:00:00+00:00 -> 2014-03-23 00:00:00+00:00) done in 23.53s (real) and 15.44s (process)
2026-08-03 11:06:45.578 INFO Memory usage (start of timestep, peak): 5.74 GiB
2026-08-03 11:06:45.578 INFO Memory usage (start of timestep, current): 3.57 GiB
2026-08-03 11:06:45.578 INFO Calculating metrics
2026-08-03 11:06:45.579 INFO Calculating metric: data_age_at_insertion
2026-08-03 11:08:38.738 INFO [data_age_at_insertion] Memory snapshot — total: 3.68 MB
  active_by_value_id: 3.67 MB (3538 entries)
  property_totals: 0.01 MB (13 entries)
  global_totals: 0.00 MB (N/A entries)
  latest_result: 0.00 MB (13 entries)
  latest_statement_average_score: 0.00 MB (N/A entries)
2026-08-03 11:08:38.739 INFO Memory usage (end of timestep, peak): 5.74 GiB
2026-08-03 11:08:38.739 INFO Memory usage (end of timestep, current): 3.53 GiB
2026-08-03 11:08:38.739 INFO (Iteration 16) data_age_at_insertion: real 113.16s | cpu 113.25s
2026-08-03 11:08:38.739 INFO Iteration 16 finished in 136.69s (real) and 128.70s (process)
2026-08-03 11:08:38.739 INFO Start timestep 2014-03-23 00:00:00+00:00 -> 2014-04-22 00:00:00+00:00
2026-08-03 11:08:56.144 INFO DuckDB memory logs:
  database_name database_size  block_size  ...  wal_size  memory_usage  memory_limit
0   postgres_db       6.2 TiB           0  ...   0 bytes       2.1 GiB     228.8 GiB
1        memory       0 bytes           0  ...   0 bytes       2.1 GiB     228.8 GiB

[2 rows x 9 columns]
2026-08-03 11:08:56.145 INFO Loading data (2014-03-23 00:00:00+00:00 -> 2014-04-22 00:00:00+00:00) done in 17.41s (real) and 11.96s (process)
2026-08-03 11:08:56.145 INFO Memory usage (start of timestep, peak): 5.74 GiB
2026-08-03 11:08:56.145 INFO Memory usage (start of timestep, current): 2.48 GiB
2026-08-03 11:08:56.145 INFO Calculating metrics
2026-08-03 11:08:56.145 INFO Calculating metric: data_age_at_insertion
2026-08-03 11:09:18.983 INFO [data_age_at_insertion] Memory snapshot — total: 7.07 MB
  active_by_value_id: 7.06 MB (6954 entries)
  property_totals: 0.01 MB (14 entries)
  global_totals: 0.00 MB (N/A entries)
  latest_result: 0.00 MB (14 entries)
  latest_statement_average_score: 0.00 MB (N/A entries)
2026-08-03 11:09:18.983 INFO Memory usage (end of timestep, peak): 5.74 GiB
2026-08-03 11:09:18.983 INFO Memory usage (end of timestep, current): 2.49 GiB
2026-08-03 11:09:18.983 INFO (Iteration 17) data_age_at_insertion: real 22.84s | cpu 22.63s
2026-08-03 11:09:18.983 INFO Iteration 17 finished in 40.24s (real) and 34.59s (process)
2026-08-03 11:09:18.983 INFO Start timestep 2014-04-22 00:00:00+00:00 -> 2014-05-22 00:00:00+00:00
2026-08-03 11:09:51.734 INFO DuckDB memory logs:
  database_name database_size  block_size  ...  wal_size  memory_usage  memory_limit
0   postgres_db       6.2 TiB           0  ...   0 bytes       4.3 GiB     228.8 GiB
1        memory       0 bytes           0  ...   0 bytes       4.3 GiB     228.8 GiB

[2 rows x 9 columns]
2026-08-03 11:09:51.734 INFO Loading data (2014-04-22 00:00:00+00:00 -> 2014-05-22 00:00:00+00:00) done in 32.75s (real) and 21.43s (process)
2026-08-03 11:09:51.734 INFO Memory usage (start of timestep, peak): 5.74 GiB
2026-08-03 11:09:51.734 INFO Memory usage (start of timestep, current): 4.57 GiB
2026-08-03 11:09:51.734 INFO Calculating metrics
2026-08-03 11:09:51.734 INFO Calculating metric: data_age_at_insertion
2026-08-03 11:10:33.710 INFO [data_age_at_insertion] Memory snapshot — total: 7.12 MB
  active_by_value_id: 7.10 MB (6976 entries)
  property_totals: 0.01 MB (15 entries)
  global_totals: 0.00 MB (N/A entries)
  latest_result: 0.00 MB (15 entries)
  latest_statement_average_score: 0.00 MB (N/A entries)
2026-08-03 11:10:33.710 INFO Memory usage (end of timestep, peak): 5.74 GiB
2026-08-03 11:10:33.710 INFO Memory usage (end of timestep, current): 4.59 GiB
2026-08-03 11:10:33.710 INFO (Iteration 18) data_age_at_insertion: real 41.98s | cpu 42.02s
2026-08-03 11:10:33.710 INFO Iteration 18 finished in 74.73s (real) and 63.45s (process)
2026-08-03 11:10:33.710 INFO Start timestep 2014-05-22 00:00:00+00:00 -> 2014-06-21 00:00:00+00:00
2026-08-03 11:10:57.368 INFO DuckDB memory logs:
  database_name database_size  block_size  ...  wal_size  memory_usage  memory_limit
0   postgres_db       6.2 TiB           0  ...   0 bytes       2.7 GiB     228.8 GiB
1        memory       0 bytes           0  ...   0 bytes       2.7 GiB     228.8 GiB

[2 rows x 9 columns]
2026-08-03 11:10:57.369 INFO Loading data (2014-05-22 00:00:00+00:00 -> 2014-06-21 00:00:00+00:00) done in 23.66s (real) and 15.87s (process)
2026-08-03 11:10:57.369 INFO Memory usage (start of timestep, peak): 5.74 GiB
2026-08-03 11:10:57.369 INFO Memory usage (start of timestep, current): 3.07 GiB
2026-08-03 11:10:57.369 INFO Calculating metrics
2026-08-03 11:10:57.369 INFO Calculating metric: data_age_at_insertion
2026-08-03 11:12:19.094 INFO [data_age_at_insertion] Memory snapshot — total: 9.51 MB
  active_by_value_id: 9.50 MB (9205 entries)
  property_totals: 0.01 MB (15 entries)
  global_totals: 0.00 MB (N/A entries)
  latest_result: 0.00 MB (15 entries)
  latest_statement_average_score: 0.00 MB (N/A entries)
2026-08-03 11:12:19.095 INFO Memory usage (end of timestep, peak): 5.74 GiB
2026-08-03 11:12:19.095 INFO Memory usage (end of timestep, current): 3.08 GiB
2026-08-03 11:12:19.095 INFO (Iteration 19) data_age_at_insertion: real 81.73s | cpu 81.79s
2026-08-03 11:12:19.095 INFO Iteration 19 finished in 105.38s (real) and 97.66s (process)
2026-08-03 11:12:19.095 INFO Start timestep 2014-06-21 00:00:00+00:00 -> 2014-07-21 00:00:00+00:00
2026-08-03 11:12:36.194 INFO DuckDB memory logs:
  database_name database_size  block_size  ...  wal_size  memory_usage  memory_limit
0   postgres_db       6.2 TiB           0  ...   0 bytes       2.2 GiB     228.8 GiB
1        memory       0 bytes           0  ...   0 bytes       2.2 GiB     228.8 GiB

[2 rows x 9 columns]
2026-08-03 11:12:36.194 INFO Loading data (2014-06-21 00:00:00+00:00 -> 2014-07-21 00:00:00+00:00) done in 17.10s (real) and 20.32s (process)
2026-08-03 11:12:36.194 INFO Memory usage (start of timestep, peak): 5.74 GiB
2026-08-03 11:12:36.194 INFO Memory usage (start of timestep, current): 4.14 GiB
2026-08-03 11:12:36.194 INFO Calculating metrics
2026-08-03 11:12:36.194 INFO Calculating metric: data_age_at_insertion
2026-08-03 11:14:39.974 INFO [data_age_at_insertion] Memory snapshot — total: 8.35 MB
  active_by_value_id: 8.34 MB (8052 entries)
  property_totals: 0.01 MB (15 entries)
  global_totals: 0.00 MB (N/A entries)
  latest_result: 0.00 MB (15 entries)
  latest_statement_average_score: 0.00 MB (N/A entries)
2026-08-03 11:14:39.975 INFO Memory usage (end of timestep, peak): 5.74 GiB
2026-08-03 11:14:39.975 INFO Memory usage (end of timestep, current): 3.94 GiB
2026-08-03 11:14:39.975 INFO (Iteration 20) data_age_at_insertion: real 123.78s | cpu 123.72s
2026-08-03 11:14:39.975 INFO Iteration 20 finished in 140.88s (real) and 144.04s (process)
2026-08-03 11:14:39.975 INFO Start timestep 2014-07-21 00:00:00+00:00 -> 2014-08-20 00:00:00+00:00
2026-08-03 11:14:54.372 INFO DuckDB memory logs:
  database_name database_size  block_size  ...  wal_size  memory_usage  memory_limit
0   postgres_db       6.2 TiB           0  ...   0 bytes       1.9 GiB     228.8 GiB
1        memory       0 bytes           0  ...   0 bytes       1.9 GiB     228.8 GiB

[2 rows x 9 columns]
2026-08-03 11:14:54.372 INFO Loading data (2014-07-21 00:00:00+00:00 -> 2014-08-20 00:00:00+00:00) done in 14.40s (real) and 14.31s (process)
2026-08-03 11:14:54.372 INFO Memory usage (start of timestep, peak): 5.74 GiB
2026-08-03 11:14:54.372 INFO Memory usage (start of timestep, current): 2.23 GiB
2026-08-03 11:14:54.372 INFO Calculating metrics
2026-08-03 11:14:54.372 INFO Calculating metric: data_age_at_insertion
2026-08-03 11:16:53.255 INFO [data_age_at_insertion] Memory snapshot — total: 9.64 MB
  active_by_value_id: 9.63 MB (9375 entries)
  property_totals: 0.01 MB (16 entries)
  global_totals: 0.00 MB (N/A entries)
  latest_result: 0.00 MB (16 entries)
  latest_statement_average_score: 0.00 MB (N/A entries)
2026-08-03 11:16:53.255 INFO Memory usage (end of timestep, peak): 5.74 GiB
2026-08-03 11:16:53.255 INFO Memory usage (end of timestep, current): 2.26 GiB
2026-08-03 11:16:53.255 INFO (Iteration 21) data_age_at_insertion: real 118.88s | cpu 118.73s
2026-08-03 11:16:53.256 INFO Iteration 21 finished in 133.28s (real) and 133.04s (process)
2026-08-03 11:16:53.256 INFO Start timestep 2014-08-20 00:00:00+00:00 -> 2014-09-19 00:00:00+00:00
2026-08-03 11:17:11.037 INFO DuckDB memory logs:
  database_name database_size  block_size  ...  wal_size  memory_usage  memory_limit
0   postgres_db       6.2 TiB           0  ...   0 bytes       2.1 GiB     228.8 GiB
1        memory       0 bytes           0  ...   0 bytes       2.1 GiB     228.8 GiB

[2 rows x 9 columns]
2026-08-03 11:17:11.037 INFO Loading data (2014-08-20 00:00:00+00:00 -> 2014-09-19 00:00:00+00:00) done in 17.78s (real) and 17.67s (process)
2026-08-03 11:17:11.037 INFO Memory usage (start of timestep, peak): 5.74 GiB
2026-08-03 11:17:11.037 INFO Memory usage (start of timestep, current): 2.48 GiB
2026-08-03 11:17:11.037 INFO Calculating metrics
2026-08-03 11:17:11.037 INFO Calculating metric: data_age_at_insertion
2026-08-03 11:18:08.807 INFO [data_age_at_insertion] Memory snapshot — total: 10.41 MB
  active_by_value_id: 10.40 MB (10166 entries)
  property_totals: 0.01 MB (16 entries)
  global_totals: 0.00 MB (N/A entries)
  latest_result: 0.00 MB (16 entries)
  latest_statement_average_score: 0.00 MB (N/A entries)
2026-08-03 11:18:08.807 INFO Memory usage (end of timestep, peak): 5.74 GiB
2026-08-03 11:18:08.807 INFO Memory usage (end of timestep, current): 2.49 GiB
2026-08-03 11:18:08.807 INFO (Iteration 22) data_age_at_insertion: real 57.77s | cpu 57.58s
2026-08-03 11:18:08.807 INFO Iteration 22 finished in 75.55s (real) and 75.25s (process)
2026-08-03 11:18:08.808 INFO Start timestep 2014-09-19 00:00:00+00:00 -> 2014-10-19 00:00:00+00:00
2026-08-03 11:18:29.501 INFO DuckDB memory logs:
  database_name database_size  block_size  ...  wal_size  memory_usage  memory_limit
0   postgres_db       6.2 TiB           0  ...   0 bytes       2.5 GiB     228.8 GiB
1        memory       0 bytes           0  ...   0 bytes       2.5 GiB     228.8 GiB

[2 rows x 9 columns]
2026-08-03 11:18:29.501 INFO Loading data (2014-09-19 00:00:00+00:00 -> 2014-10-19 00:00:00+00:00) done in 20.69s (real) and 14.70s (process)
2026-08-03 11:18:29.501 INFO Memory usage (start of timestep, peak): 5.74 GiB
2026-08-03 11:18:29.502 INFO Memory usage (start of timestep, current): 2.90 GiB
2026-08-03 11:18:29.502 INFO Calculating metrics
2026-08-03 11:18:29.502 INFO Calculating metric: data_age_at_insertion
2026-08-03 11:19:00.661 INFO [data_age_at_insertion] Memory snapshot — total: 9.52 MB
  active_by_value_id: 9.51 MB (9267 entries)
  property_totals: 0.01 MB (18 entries)
  global_totals: 0.00 MB (N/A entries)
  latest_result: 0.00 MB (18 entries)
  latest_statement_average_score: 0.00 MB (N/A entries)
2026-08-03 11:19:00.661 INFO Memory usage (end of timestep, peak): 5.74 GiB
2026-08-03 11:19:00.661 INFO Memory usage (end of timestep, current): 2.93 GiB
2026-08-03 11:19:00.661 INFO (Iteration 23) data_age_at_insertion: real 31.16s | cpu 30.93s
2026-08-03 11:19:00.661 INFO Iteration 23 finished in 51.85s (real) and 45.63s (process)
2026-08-03 11:19:00.661 INFO Start timestep 2014-10-19 00:00:00+00:00 -> 2014-11-18 00:00:00+00:00
2026-08-03 11:19:30.979 INFO DuckDB memory logs:
  database_name database_size  block_size  ...  wal_size  memory_usage  memory_limit
0   postgres_db       6.2 TiB           0  ...   0 bytes       3.6 GiB     228.8 GiB
1        memory       0 bytes           0  ...   0 bytes       3.6 GiB     228.8 GiB

[2 rows x 9 columns]
2026-08-03 11:19:30.979 INFO Loading data (2014-10-19 00:00:00+00:00 -> 2014-11-18 00:00:00+00:00) done in 30.32s (real) and 20.42s (process)
2026-08-03 11:19:30.979 INFO Memory usage (start of timestep, peak): 5.74 GiB
2026-08-03 11:19:30.979 INFO Memory usage (start of timestep, current): 3.92 GiB
2026-08-03 11:19:30.979 INFO Calculating metrics
2026-08-03 11:19:30.979 INFO Calculating metric: data_age_at_insertion
2026-08-03 11:20:06.440 INFO [data_age_at_insertion] Memory snapshot — total: 8.21 MB
  active_by_value_id: 8.20 MB (7917 entries)
  property_totals: 0.01 MB (16 entries)
  global_totals: 0.00 MB (N/A entries)
  latest_result: 0.00 MB (16 entries)
  latest_statement_average_score: 0.00 MB (N/A entries)
2026-08-03 11:20:06.440 INFO Memory usage (end of timestep, peak): 5.74 GiB
2026-08-03 11:20:06.441 INFO Memory usage (end of timestep, current): 3.93 GiB
2026-08-03 11:20:06.441 INFO (Iteration 24) data_age_at_insertion: real 35.46s | cpu 35.39s
2026-08-03 11:20:06.441 INFO Iteration 24 finished in 65.78s (real) and 55.82s (process)
2026-08-03 11:20:06.441 INFO Start timestep 2014-11-18 00:00:00+00:00 -> 2014-12-18 00:00:00+00:00
2026-08-03 11:20:30.589 INFO DuckDB memory logs:
  database_name database_size  block_size  ...  wal_size  memory_usage  memory_limit
0   postgres_db       6.2 TiB           0  ...   0 bytes       2.2 GiB     228.8 GiB
1        memory       0 bytes           0  ...   0 bytes       2.2 GiB     228.8 GiB

[2 rows x 9 columns]
2026-08-03 11:20:30.590 INFO Loading data (2014-11-18 00:00:00+00:00 -> 2014-12-18 00:00:00+00:00) done in 24.15s (real) and 22.66s (process)
2026-08-03 11:20:30.590 INFO Memory usage (start of timestep, peak): 5.74 GiB
2026-08-03 11:20:30.590 INFO Memory usage (start of timestep, current): 2.56 GiB
2026-08-03 11:20:30.590 INFO Calculating metrics
2026-08-03 11:20:30.590 INFO Calculating metric: data_age_at_insertion
2026-08-03 11:20:52.354 INFO [data_age_at_insertion] Memory snapshot — total: 6.33 MB
  active_by_value_id: 6.32 MB (5993 entries)
  property_totals: 0.01 MB (16 entries)
  global_totals: 0.00 MB (N/A entries)
  latest_result: 0.00 MB (16 entries)
  latest_statement_average_score: 0.00 MB (N/A entries)
2026-08-03 11:20:52.354 INFO Memory usage (end of timestep, peak): 5.74 GiB
2026-08-03 11:20:52.355 INFO Memory usage (end of timestep, current): 2.56 GiB
2026-08-03 11:20:52.355 INFO (Iteration 25) data_age_at_insertion: real 21.76s | cpu 21.67s
2026-08-03 11:20:52.355 INFO Iteration 25 finished in 45.91s (real) and 44.33s (process)
2026-08-03 11:20:52.355 INFO Start timestep 2014-12-18 00:00:00+00:00 -> 2015-01-17 00:00:00+00:00
2026-08-03 11:21:07.651 INFO DuckDB memory logs:
  database_name database_size  block_size  ...  wal_size  memory_usage  memory_limit
0   postgres_db       6.2 TiB           0  ...   0 bytes       2.0 GiB     228.8 GiB
1        memory       0 bytes           0  ...   0 bytes       2.0 GiB     228.8 GiB

[2 rows x 9 columns]
2026-08-03 11:21:07.652 INFO Loading data (2014-12-18 00:00:00+00:00 -> 2015-01-17 00:00:00+00:00) done in 15.30s (real) and 11.02s (process)
2026-08-03 11:21:07.652 INFO Memory usage (start of timestep, peak): 5.74 GiB
2026-08-03 11:21:07.652 INFO Memory usage (start of timestep, current): 2.33 GiB
2026-08-03 11:21:07.652 INFO Calculating metrics
2026-08-03 11:21:07.652 INFO Calculating metric: data_age_at_insertion
2026-08-03 11:21:26.973 INFO [data_age_at_insertion] Memory snapshot — total: 6.44 MB
  active_by_value_id: 6.43 MB (6108 entries)
  property_totals: 0.01 MB (15 entries)
  global_totals: 0.00 MB (N/A entries)
  latest_result: 0.00 MB (15 entries)
  latest_statement_average_score: 0.00 MB (N/A entries)
2026-08-03 11:21:26.973 INFO Memory usage (end of timestep, peak): 5.74 GiB
2026-08-03 11:21:26.973 INFO Memory usage (end of timestep, current): 2.34 GiB
2026-08-03 11:21:26.973 INFO (Iteration 26) data_age_at_insertion: real 19.32s | cpu 19.02s
2026-08-03 11:21:26.974 INFO Iteration 26 finished in 34.62s (real) and 30.04s (process)
2026-08-03 11:21:26.974 INFO Start timestep 2015-01-17 00:00:00+00:00 -> 2015-02-16 00:00:00+00:00
2026-08-03 11:21:52.565 INFO DuckDB memory logs:
  database_name database_size  block_size  ...  wal_size  memory_usage  memory_limit
0   postgres_db       6.2 TiB           0  ...   0 bytes       3.0 GiB     228.8 GiB
1        memory       0 bytes           0  ...   0 bytes       3.0 GiB     228.8 GiB

[2 rows x 9 columns]
2026-08-03 11:21:52.565 INFO Loading data (2015-01-17 00:00:00+00:00 -> 2015-02-16 00:00:00+00:00) done in 25.59s (real) and 17.77s (process)
2026-08-03 11:21:52.565 INFO Memory usage (start of timestep, peak): 5.74 GiB
2026-08-03 11:21:52.566 INFO Memory usage (start of timestep, current): 3.40 GiB
2026-08-03 11:21:52.566 INFO Calculating metrics
2026-08-03 11:21:52.566 INFO Calculating metric: data_age_at_insertion
2026-08-03 11:22:46.092 INFO [data_age_at_insertion] Memory snapshot — total: 7.27 MB
  active_by_value_id: 7.26 MB (6945 entries)
  property_totals: 0.01 MB (14 entries)
  global_totals: 0.00 MB (N/A entries)
  latest_result: 0.00 MB (14 entries)
  latest_statement_average_score: 0.00 MB (N/A entries)
2026-08-03 11:22:46.092 INFO Memory usage (end of timestep, peak): 5.74 GiB
2026-08-03 11:22:46.092 INFO Memory usage (end of timestep, current): 3.40 GiB
2026-08-03 11:22:46.092 INFO (Iteration 27) data_age_at_insertion: real 53.53s | cpu 53.53s
2026-08-03 11:22:46.092 INFO Iteration 27 finished in 79.12s (real) and 71.31s (process)
2026-08-03 11:22:46.092 INFO Start timestep 2015-02-16 00:00:00+00:00 -> 2015-03-18 00:00:00+00:00
2026-08-03 11:23:07.901 INFO DuckDB memory logs:
  database_name database_size  block_size  ...  wal_size  memory_usage  memory_limit
0   postgres_db       6.2 TiB           0  ...   0 bytes       2.7 GiB     228.8 GiB
1        memory       0 bytes           0  ...   0 bytes       2.7 GiB     228.8 GiB

[2 rows x 9 columns]
2026-08-03 11:23:07.902 INFO Loading data (2015-02-16 00:00:00+00:00 -> 2015-03-18 00:00:00+00:00) done in 21.81s (real) and 15.53s (process)
2026-08-03 11:23:07.902 INFO Memory usage (start of timestep, peak): 5.74 GiB
2026-08-03 11:23:07.902 INFO Memory usage (start of timestep, current): 3.03 GiB
2026-08-03 11:23:07.902 INFO Calculating metrics
2026-08-03 11:23:07.902 INFO Calculating metric: data_age_at_insertion
2026-08-03 11:23:49.390 INFO [data_age_at_insertion] Memory snapshot — total: 7.60 MB
  active_by_value_id: 7.59 MB (7281 entries)
  property_totals: 0.01 MB (14 entries)
  global_totals: 0.00 MB (N/A entries)
  latest_result: 0.00 MB (14 entries)
  latest_statement_average_score: 0.00 MB (N/A entries)
2026-08-03 11:23:49.390 INFO Memory usage (end of timestep, peak): 5.74 GiB
2026-08-03 11:23:49.390 INFO Memory usage (end of timestep, current): 3.07 GiB
2026-08-03 11:23:49.390 INFO (Iteration 28) data_age_at_insertion: real 41.49s | cpu 41.28s
2026-08-03 11:23:49.390 INFO Iteration 28 finished in 63.30s (real) and 56.81s (process)
2026-08-03 11:23:49.390 INFO Start timestep 2015-03-18 00:00:00+00:00 -> 2015-04-17 00:00:00+00:00
2026-08-03 11:24:10.804 INFO DuckDB memory logs:
  database_name database_size  block_size  ...  wal_size  memory_usage  memory_limit
0   postgres_db       6.2 TiB           0  ...   0 bytes       2.4 GiB     228.8 GiB
1        memory       0 bytes           0  ...   0 bytes       2.4 GiB     228.8 GiB

[2 rows x 9 columns]
2026-08-03 11:24:10.804 INFO Loading data (2015-03-18 00:00:00+00:00 -> 2015-04-17 00:00:00+00:00) done in 21.41s (real) and 27.41s (process)
2026-08-03 11:24:10.804 INFO Memory usage (start of timestep, peak): 5.74 GiB
2026-08-03 11:24:10.804 INFO Memory usage (start of timestep, current): 4.19 GiB
2026-08-03 11:24:10.804 INFO Calculating metrics
2026-08-03 11:24:10.805 INFO Calculating metric: data_age_at_insertion
2026-08-03 11:24:32.213 INFO [data_age_at_insertion] Memory snapshot — total: 7.72 MB
  active_by_value_id: 7.71 MB (7407 entries)
  property_totals: 0.01 MB (15 entries)
  global_totals: 0.00 MB (N/A entries)
  latest_result: 0.00 MB (15 entries)
  latest_statement_average_score: 0.00 MB (N/A entries)
2026-08-03 11:24:32.214 INFO Memory usage (end of timestep, peak): 5.74 GiB
2026-08-03 11:24:32.214 INFO Memory usage (end of timestep, current): 4.20 GiB
2026-08-03 11:24:32.214 INFO (Iteration 29) data_age_at_insertion: real 21.41s | cpu 21.02s
2026-08-03 11:24:32.214 INFO Iteration 29 finished in 42.82s (real) and 48.43s (process)
2026-08-03 11:24:32.214 INFO Start timestep 2015-04-17 00:00:00+00:00 -> 2015-05-17 00:00:00+00:00
2026-08-03 11:25:09.459 INFO DuckDB memory logs:
  database_name database_size  block_size  ...  wal_size  memory_usage  memory_limit
0   postgres_db       6.2 TiB           0  ...   0 bytes       2.2 GiB     228.8 GiB
1        memory       0 bytes           0  ...   0 bytes       2.2 GiB     228.8 GiB

[2 rows x 9 columns]
2026-08-03 11:25:09.460 INFO Loading data (2015-04-17 00:00:00+00:00 -> 2015-05-17 00:00:00+00:00) done in 37.25s (real) and 16.92s (process)
2026-08-03 11:25:09.460 INFO Memory usage (start of timestep, peak): 5.74 GiB
2026-08-03 11:25:09.460 INFO Memory usage (start of timestep, current): 2.56 GiB
2026-08-03 11:25:09.460 INFO Calculating metrics
2026-08-03 11:25:09.460 INFO Calculating metric: data_age_at_insertion
2026-08-03 11:25:23.992 INFO [data_age_at_insertion] Memory snapshot — total: 5.79 MB
  active_by_value_id: 5.78 MB (5440 entries)
  property_totals: 0.01 MB (16 entries)
  global_totals: 0.00 MB (N/A entries)
  latest_result: 0.00 MB (16 entries)
  latest_statement_average_score: 0.00 MB (N/A entries)
2026-08-03 11:25:23.993 INFO Memory usage (end of timestep, peak): 5.74 GiB
2026-08-03 11:25:23.993 INFO Memory usage (end of timestep, current): 2.57 GiB
2026-08-03 11:25:23.993 INFO (Iteration 30) data_age_at_insertion: real 14.53s | cpu 14.40s
2026-08-03 11:25:23.993 INFO Iteration 30 finished in 51.78s (real) and 31.31s (process)
2026-08-03 11:25:23.993 INFO Start timestep 2015-05-17 00:00:00+00:00 -> 2015-06-16 00:00:00+00:00
2026-08-03 11:26:01.347 INFO DuckDB memory logs:
  database_name database_size  block_size  ...  wal_size  memory_usage  memory_limit
0   postgres_db       6.2 TiB           0  ...   0 bytes       4.1 GiB     228.8 GiB
1        memory       0 bytes           0  ...   0 bytes       4.1 GiB     228.8 GiB

[2 rows x 9 columns]
2026-08-03 11:26:01.348 INFO Loading data (2015-05-17 00:00:00+00:00 -> 2015-06-16 00:00:00+00:00) done in 37.35s (real) and 39.71s (process)
2026-08-03 11:26:01.348 INFO Memory usage (start of timestep, peak): 5.74 GiB
2026-08-03 11:26:01.348 INFO Memory usage (start of timestep, current): 4.98 GiB
2026-08-03 11:26:01.348 INFO Calculating metrics
2026-08-03 11:26:01.348 INFO Calculating metric: data_age_at_insertion
2026-08-03 11:26:15.813 INFO [data_age_at_insertion] Memory snapshot — total: 5.63 MB
  active_by_value_id: 5.61 MB (5271 entries)
  property_totals: 0.01 MB (15 entries)
  global_totals: 0.00 MB (N/A entries)
  latest_result: 0.00 MB (15 entries)
  latest_statement_average_score: 0.00 MB (N/A entries)
2026-08-03 11:26:15.813 INFO Memory usage (end of timestep, peak): 5.74 GiB
2026-08-03 11:26:15.813 INFO Memory usage (end of timestep, current): 4.98 GiB
2026-08-03 11:26:15.813 INFO (Iteration 31) data_age_at_insertion: real 14.46s | cpu 14.38s
2026-08-03 11:26:15.813 INFO Iteration 31 finished in 51.82s (real) and 54.09s (process)
2026-08-03 11:26:15.813 INFO Start timestep 2015-06-16 00:00:00+00:00 -> 2015-07-16 00:00:00+00:00
2026-08-03 11:26:45.688 INFO DuckDB memory logs:
  database_name database_size  block_size  ...  wal_size  memory_usage  memory_limit
0   postgres_db       6.2 TiB           0  ...   0 bytes       3.4 GiB     228.8 GiB
1        memory       0 bytes           0  ...   0 bytes       3.4 GiB     228.8 GiB

[2 rows x 9 columns]
2026-08-03 11:26:45.688 INFO Loading data (2015-06-16 00:00:00+00:00 -> 2015-07-16 00:00:00+00:00) done in 29.87s (real) and 20.76s (process)
2026-08-03 11:26:45.688 INFO Memory usage (start of timestep, peak): 5.74 GiB
2026-08-03 11:26:45.689 INFO Memory usage (start of timestep, current): 5.03 GiB
2026-08-03 11:26:45.689 INFO Calculating metrics
2026-08-03 11:26:45.689 INFO Calculating metric: data_age_at_insertion
2026-08-03 11:27:15.538 INFO [data_age_at_insertion] Memory snapshot — total: 6.47 MB
  active_by_value_id: 6.45 MB (6123 entries)
  property_totals: 0.01 MB (17 entries)
  global_totals: 0.00 MB (N/A entries)
  latest_result: 0.00 MB (17 entries)
  latest_statement_average_score: 0.00 MB (N/A entries)
2026-08-03 11:27:15.538 INFO Memory usage (end of timestep, peak): 5.74 GiB
2026-08-03 11:27:15.538 INFO Memory usage (end of timestep, current): 3.79 GiB
2026-08-03 11:27:15.538 INFO (Iteration 32) data_age_at_insertion: real 29.85s | cpu 29.93s
2026-08-03 11:27:15.538 INFO Iteration 32 finished in 59.72s (real) and 50.70s (process)
2026-08-03 11:27:15.538 INFO Start timestep 2015-07-16 00:00:00+00:00 -> 2015-08-15 00:00:00+00:00
2026-08-03 11:28:01.039 INFO DuckDB memory logs:
  database_name database_size  block_size  ...  wal_size  memory_usage  memory_limit
0   postgres_db       6.2 TiB           0  ...   0 bytes       4.4 GiB     228.8 GiB
1        memory       0 bytes           0  ...   0 bytes       4.4 GiB     228.8 GiB

[2 rows x 9 columns]
2026-08-03 11:28:01.039 INFO Loading data (2015-07-16 00:00:00+00:00 -> 2015-08-15 00:00:00+00:00) done in 45.50s (real) and 29.29s (process)
2026-08-03 11:28:01.039 INFO Memory usage (start of timestep, peak): 5.74 GiB
2026-08-03 11:28:01.039 INFO Memory usage (start of timestep, current): 4.75 GiB
2026-08-03 11:28:01.039 INFO Calculating metrics
2026-08-03 11:28:01.039 INFO Calculating metric: data_age_at_insertion
2026-08-03 11:28:24.524 INFO [data_age_at_insertion] Memory snapshot — total: 9.51 MB
  active_by_value_id: 9.50 MB (9230 entries)
  property_totals: 0.01 MB (19 entries)
  global_totals: 0.00 MB (N/A entries)
  latest_result: 0.00 MB (19 entries)
  latest_statement_average_score: 0.00 MB (N/A entries)
2026-08-03 11:28:24.526 INFO Memory usage (end of timestep, peak): 5.74 GiB
2026-08-03 11:28:24.526 INFO Memory usage (end of timestep, current): 4.76 GiB
2026-08-03 11:28:24.526 INFO (Iteration 33) data_age_at_insertion: real 23.49s | cpu 23.44s
2026-08-03 11:28:24.526 INFO Iteration 33 finished in 68.99s (real) and 52.73s (process)
2026-08-03 11:28:24.526 INFO Start timestep 2015-08-15 00:00:00+00:00 -> 2015-09-14 00:00:00+00:00
2026-08-03 11:29:04.801 INFO DuckDB memory logs:
  database_name database_size  block_size  ...  wal_size  memory_usage  memory_limit
0   postgres_db       6.2 TiB           0  ...   0 bytes       4.7 GiB     228.8 GiB
1        memory       0 bytes           0  ...   0 bytes       4.7 GiB     228.8 GiB

[2 rows x 9 columns]
2026-08-03 11:29:04.802 INFO Loading data (2015-08-15 00:00:00+00:00 -> 2015-09-14 00:00:00+00:00) done in 40.28s (real) and 47.32s (process)
2026-08-03 11:29:04.802 INFO Memory usage (start of timestep, peak): 5.74 GiB
2026-08-03 11:29:04.802 INFO Memory usage (start of timestep, current): 5.60 GiB
2026-08-03 11:29:04.802 INFO Calculating metrics
2026-08-03 11:29:04.802 INFO Calculating metric: data_age_at_insertion
2026-08-03 11:29:29.726 INFO [data_age_at_insertion] Memory snapshot — total: 10.51 MB
  active_by_value_id: 10.49 MB (10254 entries)
  property_totals: 0.01 MB (18 entries)
  global_totals: 0.00 MB (N/A entries)
  latest_result: 0.00 MB (18 entries)
  latest_statement_average_score: 0.00 MB (N/A entries)
2026-08-03 11:29:29.726 INFO Memory usage (end of timestep, peak): 5.74 GiB
2026-08-03 11:29:29.726 INFO Memory usage (end of timestep, current): 5.48 GiB
2026-08-03 11:29:29.726 INFO (Iteration 34) data_age_at_insertion: real 24.92s | cpu 24.94s
2026-08-03 11:29:29.726 INFO Iteration 34 finished in 65.20s (real) and 72.26s (process)
2026-08-03 11:29:29.726 INFO Start timestep 2015-09-14 00:00:00+00:00 -> 2015-10-14 00:00:00+00:00
2026-08-03 11:31:07.298 INFO DuckDB memory logs:
  database_name database_size  block_size  ...  wal_size  memory_usage  memory_limit
0   postgres_db       6.2 TiB           0  ...   0 bytes      10.5 GiB     228.8 GiB
1        memory       0 bytes           0  ...   0 bytes      10.5 GiB     228.8 GiB

[2 rows x 9 columns]
2026-08-03 11:31:07.299 INFO Loading data (2015-09-14 00:00:00+00:00 -> 2015-10-14 00:00:00+00:00) done in 97.57s (real) and 134.41s (process)
2026-08-03 11:31:07.299 INFO Memory usage (start of timestep, peak): 12.95 GiB
2026-08-03 11:31:07.299 INFO Memory usage (start of timestep, current): 10.72 GiB
2026-08-03 11:31:07.299 INFO Calculating metrics
2026-08-03 11:31:07.300 INFO Calculating metric: data_age_at_insertion
2026-08-03 11:31:29.975 INFO [data_age_at_insertion] Memory snapshot — total: 11.33 MB
  active_by_value_id: 11.32 MB (11099 entries)
  property_totals: 0.01 MB (17 entries)
  global_totals: 0.00 MB (N/A entries)
  latest_result: 0.00 MB (17 entries)
  latest_statement_average_score: 0.00 MB (N/A entries)
2026-08-03 11:31:29.975 INFO Memory usage (end of timestep, peak): 12.95 GiB
2026-08-03 11:31:29.975 INFO Memory usage (end of timestep, current): 10.73 GiB
2026-08-03 11:31:29.975 INFO (Iteration 35) data_age_at_insertion: real 22.68s | cpu 22.61s
2026-08-03 11:31:29.975 INFO Iteration 35 finished in 120.25s (real) and 157.03s (process)
2026-08-03 11:31:29.975 INFO Start timestep 2015-10-14 00:00:00+00:00 -> 2015-11-13 00:00:00+00:00
2026-08-03 11:33:08.370 INFO DuckDB memory logs:
  database_name database_size  block_size  ...  wal_size  memory_usage  memory_limit
0   postgres_db       6.2 TiB           0  ...   0 bytes      12.3 GiB     228.8 GiB
1        memory       0 bytes           0  ...   0 bytes      12.3 GiB     228.8 GiB

[2 rows x 9 columns]
2026-08-03 11:33:08.371 INFO Loading data (2015-10-14 00:00:00+00:00 -> 2015-11-13 00:00:00+00:00) done in 98.40s (real) and 81.98s (process)
2026-08-03 11:33:08.372 INFO Memory usage (start of timestep, peak): 12.95 GiB
2026-08-03 11:33:08.372 INFO Memory usage (start of timestep, current): 12.43 GiB
2026-08-03 11:33:08.372 INFO Calculating metrics
2026-08-03 11:33:08.372 INFO Calculating metric: data_age_at_insertion
2026-08-03 11:34:12.232 INFO [data_age_at_insertion] Memory snapshot — total: 10.17 MB
  active_by_value_id: 10.16 MB (9919 entries)
  property_totals: 0.01 MB (17 entries)
  global_totals: 0.00 MB (N/A entries)
  latest_result: 0.00 MB (17 entries)
  latest_statement_average_score: 0.00 MB (N/A entries)
2026-08-03 11:34:12.232 INFO Memory usage (end of timestep, peak): 12.95 GiB
2026-08-03 11:34:12.232 INFO Memory usage (end of timestep, current): 12.45 GiB
2026-08-03 11:34:12.232 INFO (Iteration 36) data_age_at_insertion: real 63.86s | cpu 64.04s
2026-08-03 11:34:12.232 INFO Iteration 36 finished in 162.26s (real) and 146.03s (process)
2026-08-03 11:34:12.233 INFO Start timestep 2015-11-13 00:00:00+00:00 -> 2015-12-13 00:00:00+00:00
2026-08-03 11:35:41.833 INFO DuckDB memory logs:
  database_name database_size  block_size  ...  wal_size  memory_usage  memory_limit
0   postgres_db       6.2 TiB           0  ...   0 bytes      10.9 GiB     228.8 GiB
1        memory       0 bytes           0  ...   0 bytes      10.9 GiB     228.8 GiB

[2 rows x 9 columns]
2026-08-03 11:35:41.833 INFO Loading data (2015-11-13 00:00:00+00:00 -> 2015-12-13 00:00:00+00:00) done in 89.60s (real) and 62.40s (process)
2026-08-03 11:35:41.833 INFO Memory usage (start of timestep, peak): 13.61 GiB
2026-08-03 11:35:41.833 INFO Memory usage (start of timestep, current): 11.02 GiB
2026-08-03 11:35:41.833 INFO Calculating metrics
2026-08-03 11:35:41.833 INFO Calculating metric: data_age_at_insertion
2026-08-03 11:36:17.775 INFO [data_age_at_insertion] Memory snapshot — total: 10.00 MB
  active_by_value_id: 9.99 MB (9740 entries)
  property_totals: 0.01 MB (17 entries)
  global_totals: 0.00 MB (N/A entries)
  latest_result: 0.00 MB (17 entries)
  latest_statement_average_score: 0.00 MB (N/A entries)
2026-08-03 11:36:17.775 INFO Memory usage (end of timestep, peak): 13.61 GiB
2026-08-03 11:36:17.775 INFO Memory usage (end of timestep, current): 11.02 GiB
2026-08-03 11:36:17.775 INFO (Iteration 37) data_age_at_insertion: real 35.94s | cpu 35.97s
2026-08-03 11:36:17.775 INFO Iteration 37 finished in 125.54s (real) and 98.37s (process)
2026-08-03 11:36:17.775 INFO Start timestep 2015-12-13 00:00:00+00:00 -> 2016-01-12 00:00:00+00:00
2026-08-03 11:38:15.083 INFO DuckDB memory logs:
  database_name database_size  block_size  ...  wal_size  memory_usage  memory_limit
0   postgres_db       6.2 TiB           0  ...   0 bytes      14.5 GiB     228.8 GiB
1        memory       0 bytes           0  ...   0 bytes      14.5 GiB     228.8 GiB

[2 rows x 9 columns]
2026-08-03 11:38:15.083 INFO Loading data (2015-12-13 00:00:00+00:00 -> 2016-01-12 00:00:00+00:00) done in 117.31s (real) and 81.53s (process)
2026-08-03 11:38:15.084 INFO Memory usage (start of timestep, peak): 15.17 GiB
2026-08-03 11:38:15.084 INFO Memory usage (start of timestep, current): 14.56 GiB
2026-08-03 11:38:15.084 INFO Calculating metrics
2026-08-03 11:38:15.084 INFO Calculating metric: data_age_at_insertion
2026-08-03 11:38:31.790 INFO [data_age_at_insertion] Memory snapshot — total: 10.38 MB
  active_by_value_id: 10.37 MB (10120 entries)
  property_totals: 0.01 MB (19 entries)
  global_totals: 0.00 MB (N/A entries)
  latest_result: 0.00 MB (19 entries)
  latest_statement_average_score: 0.00 MB (N/A entries)
2026-08-03 11:38:31.790 INFO Memory usage (end of timestep, peak): 15.17 GiB
2026-08-03 11:38:31.790 INFO Memory usage (end of timestep, current): 14.59 GiB
2026-08-03 11:38:31.790 INFO (Iteration 38) data_age_at_insertion: real 16.71s | cpu 16.50s
2026-08-03 11:38:31.790 INFO Iteration 38 finished in 134.01s (real) and 98.03s (process)
2026-08-03 11:38:31.790 INFO Start timestep 2016-01-12 00:00:00+00:00 -> 2016-02-11 00:00:00+00:00
2026-08-03 11:39:46.058 INFO DuckDB memory logs:
  database_name database_size  block_size  ...  wal_size  memory_usage  memory_limit
0   postgres_db       6.2 TiB           0  ...   0 bytes       8.9 GiB     228.8 GiB
1        memory       0 bytes           0  ...   0 bytes       8.9 GiB     228.8 GiB

[2 rows x 9 columns]
2026-08-03 11:39:46.058 INFO Loading data (2016-01-12 00:00:00+00:00 -> 2016-02-11 00:00:00+00:00) done in 74.27s (real) and 51.75s (process)
2026-08-03 11:39:46.059 INFO Memory usage (start of timestep, peak): 15.17 GiB
2026-08-03 11:39:46.059 INFO Memory usage (start of timestep, current): 9.12 GiB
2026-08-03 11:39:46.059 INFO Calculating metrics
2026-08-03 11:39:46.059 INFO Calculating metric: data_age_at_insertion
2026-08-03 11:40:28.048 INFO [data_age_at_insertion] Memory snapshot — total: 12.95 MB
  active_by_value_id: 12.94 MB (12701 entries)
  property_totals: 0.01 MB (18 entries)
  global_totals: 0.00 MB (N/A entries)
  latest_result: 0.00 MB (18 entries)
  latest_statement_average_score: 0.00 MB (N/A entries)
2026-08-03 11:40:28.048 INFO Memory usage (end of timestep, peak): 15.17 GiB
2026-08-03 11:40:28.048 INFO Memory usage (end of timestep, current): 9.13 GiB
2026-08-03 11:40:28.048 INFO (Iteration 39) data_age_at_insertion: real 41.99s | cpu 41.87s
2026-08-03 11:40:28.049 INFO Iteration 39 finished in 116.26s (real) and 93.62s (process)
2026-08-03 11:40:28.049 INFO Start timestep 2016-02-11 00:00:00+00:00 -> 2016-03-12 00:00:00+00:00
2026-08-03 11:42:12.871 INFO DuckDB memory logs:
  database_name database_size  block_size  ...  wal_size  memory_usage  memory_limit
0   postgres_db       6.2 TiB           0  ...   0 bytes      12.0 GiB     228.8 GiB
1        memory       0 bytes           0  ...   0 bytes      12.0 GiB     228.8 GiB

[2 rows x 9 columns]
2026-08-03 11:42:12.872 INFO Loading data (2016-02-11 00:00:00+00:00 -> 2016-03-12 00:00:00+00:00) done in 104.82s (real) and 71.64s (process)
2026-08-03 11:42:12.872 INFO Memory usage (start of timestep, peak): 15.17 GiB
2026-08-03 11:42:12.872 INFO Memory usage (start of timestep, current): 12.16 GiB
2026-08-03 11:42:12.872 INFO Calculating metrics
2026-08-03 11:42:12.872 INFO Calculating metric: data_age_at_insertion
2026-08-03 11:42:39.561 INFO [data_age_at_insertion] Memory snapshot — total: 15.67 MB
  active_by_value_id: 15.66 MB (14942 entries)
  property_totals: 0.01 MB (17 entries)
  global_totals: 0.00 MB (N/A entries)
  latest_result: 0.00 MB (17 entries)
  latest_statement_average_score: 0.00 MB (N/A entries)
2026-08-03 11:42:39.561 INFO Memory usage (end of timestep, peak): 15.17 GiB
2026-08-03 11:42:39.561 INFO Memory usage (end of timestep, current): 12.21 GiB
2026-08-03 11:42:39.561 INFO (Iteration 40) data_age_at_insertion: real 26.69s | cpu 26.45s
2026-08-03 11:42:39.561 INFO Iteration 40 finished in 131.51s (real) and 98.09s (process)
2026-08-03 11:42:39.561 INFO Start timestep 2016-03-12 00:00:00+00:00 -> 2016-04-11 00:00:00+00:00
2026-08-03 11:44:50.946 INFO DuckDB memory logs:
  database_name database_size  block_size  ...  wal_size  memory_usage  memory_limit
0   postgres_db       6.2 TiB           0  ...   0 bytes      15.8 GiB     228.8 GiB
1        memory       0 bytes           0  ...   0 bytes      15.8 GiB     228.8 GiB

[2 rows x 9 columns]
2026-08-03 11:44:50.947 INFO Loading data (2016-03-12 00:00:00+00:00 -> 2016-04-11 00:00:00+00:00) done in 131.39s (real) and 91.73s (process)
2026-08-03 11:44:50.948 INFO Memory usage (start of timestep, peak): 16.01 GiB
2026-08-03 11:44:50.948 INFO Memory usage (start of timestep, current): 15.90 GiB
2026-08-03 11:44:50.948 INFO Calculating metrics
2026-08-03 11:44:50.948 INFO Calculating metric: data_age_at_insertion
2026-08-03 11:45:21.226 INFO [data_age_at_insertion] Memory snapshot — total: 17.46 MB
  active_by_value_id: 17.45 MB (16768 entries)
  property_totals: 0.01 MB (17 entries)
  global_totals: 0.00 MB (N/A entries)
  latest_result: 0.00 MB (17 entries)
  latest_statement_average_score: 0.00 MB (N/A entries)
2026-08-03 11:45:21.226 INFO Memory usage (end of timestep, peak): 16.01 GiB
2026-08-03 11:45:21.227 INFO Memory usage (end of timestep, current): 15.92 GiB
2026-08-03 11:45:21.227 INFO (Iteration 41) data_age_at_insertion: real 30.28s | cpu 30.03s
2026-08-03 11:45:21.227 INFO Iteration 41 finished in 161.67s (real) and 121.76s (process)
2026-08-03 11:45:21.227 INFO Start timestep 2016-04-11 00:00:00+00:00 -> 2016-05-11 00:00:00+00:00
2026-08-03 11:46:19.417 INFO DuckDB memory logs:
  database_name database_size  block_size  ...  wal_size  memory_usage  memory_limit
0   postgres_db       6.2 TiB           0  ...   0 bytes       7.3 GiB     228.8 GiB
1        memory       0 bytes           0  ...   0 bytes       7.3 GiB     228.8 GiB

[2 rows x 9 columns]
2026-08-03 11:46:19.417 INFO Loading data (2016-04-11 00:00:00+00:00 -> 2016-05-11 00:00:00+00:00) done in 58.19s (real) and 41.73s (process)
2026-08-03 11:46:19.417 INFO Memory usage (start of timestep, peak): 16.01 GiB
2026-08-03 11:46:19.417 INFO Memory usage (start of timestep, current): 7.58 GiB
2026-08-03 11:46:19.418 INFO Calculating metrics
2026-08-03 11:46:19.418 INFO Calculating metric: data_age_at_insertion
2026-08-03 11:46:51.155 INFO [data_age_at_insertion] Memory snapshot — total: 15.87 MB
  active_by_value_id: 15.86 MB (15182 entries)
  property_totals: 0.01 MB (19 entries)
  global_totals: 0.00 MB (N/A entries)
  latest_result: 0.00 MB (19 entries)
  latest_statement_average_score: 0.00 MB (N/A entries)
2026-08-03 11:46:51.156 INFO Memory usage (end of timestep, peak): 16.01 GiB
2026-08-03 11:46:51.156 INFO Memory usage (end of timestep, current): 7.64 GiB
2026-08-03 11:46:51.156 INFO (Iteration 42) data_age_at_insertion: real 31.74s | cpu 31.41s
2026-08-03 11:46:51.156 INFO Iteration 42 finished in 89.93s (real) and 73.15s (process)
2026-08-03 11:46:51.156 INFO Start timestep 2016-05-11 00:00:00+00:00 -> 2016-06-10 00:00:00+00:00
2026-08-03 11:49:37.557 INFO DuckDB memory logs:
  database_name database_size  block_size  ...  wal_size  memory_usage  memory_limit
0   postgres_db       6.2 TiB           0  ...   0 bytes      20.4 GiB     228.8 GiB
1        memory       0 bytes           0  ...   0 bytes      20.4 GiB     228.8 GiB

[2 rows x 9 columns]
2026-08-03 11:49:37.557 INFO Loading data (2016-05-11 00:00:00+00:00 -> 2016-06-10 00:00:00+00:00) done in 166.40s (real) and 115.41s (process)
2026-08-03 11:49:37.558 INFO Memory usage (start of timestep, peak): 20.55 GiB
2026-08-03 11:49:37.558 INFO Memory usage (start of timestep, current): 20.40 GiB
2026-08-03 11:49:37.558 INFO Calculating metrics
2026-08-03 11:49:37.558 INFO Calculating metric: data_age_at_insertion
2026-08-03 11:50:05.298 INFO [data_age_at_insertion] Memory snapshot — total: 21.14 MB
  active_by_value_id: 21.12 MB (20559 entries)
  property_totals: 0.01 MB (20 entries)
  global_totals: 0.00 MB (N/A entries)
  latest_result: 0.00 MB (20 entries)
  latest_statement_average_score: 0.00 MB (N/A entries)
2026-08-03 11:50:05.298 INFO Memory usage (end of timestep, peak): 20.55 GiB
2026-08-03 11:50:05.298 INFO Memory usage (end of timestep, current): 20.43 GiB
2026-08-03 11:50:05.298 INFO (Iteration 43) data_age_at_insertion: real 27.74s | cpu 27.40s
2026-08-03 11:50:05.298 INFO Iteration 43 finished in 194.14s (real) and 142.82s (process)
2026-08-03 11:50:05.298 INFO Start timestep 2016-06-10 00:00:00+00:00 -> 2016-07-10 00:00:00+00:00
2026-08-03 11:50:53.642 INFO DuckDB memory logs:
  database_name database_size  block_size  ...  wal_size  memory_usage  memory_limit
0   postgres_db       6.2 TiB           0  ...   0 bytes       5.6 GiB     228.8 GiB
1        memory       0 bytes           0  ...   0 bytes       5.6 GiB     228.8 GiB

[2 rows x 9 columns]
2026-08-03 11:50:53.643 INFO Loading data (2016-06-10 00:00:00+00:00 -> 2016-07-10 00:00:00+00:00) done in 48.34s (real) and 33.68s (process)
2026-08-03 11:50:53.643 INFO Memory usage (start of timestep, peak): 20.55 GiB
2026-08-03 11:50:53.643 INFO Memory usage (start of timestep, current): 5.99 GiB
2026-08-03 11:50:53.643 INFO Calculating metrics
2026-08-03 11:50:53.643 INFO Calculating metric: data_age_at_insertion
2026-08-03 11:51:19.035 INFO [data_age_at_insertion] Memory snapshot — total: 19.00 MB
  active_by_value_id: 18.98 MB (18367 entries)
  property_totals: 0.01 MB (22 entries)
  global_totals: 0.00 MB (N/A entries)
  latest_result: 0.01 MB (22 entries)
  latest_statement_average_score: 0.00 MB (N/A entries)
2026-08-03 11:51:19.036 INFO Memory usage (end of timestep, peak): 20.55 GiB
2026-08-03 11:51:19.036 INFO Memory usage (end of timestep, current): 6.02 GiB
2026-08-03 11:51:19.036 INFO (Iteration 44) data_age_at_insertion: real 25.39s | cpu 25.12s
2026-08-03 11:51:19.036 INFO Iteration 44 finished in 73.74s (real) and 58.80s (process)
2026-08-03 11:51:19.037 INFO Start timestep 2016-07-10 00:00:00+00:00 -> 2016-08-09 00:00:00+00:00
2026-08-03 11:51:54.889 INFO DuckDB memory logs:
  database_name database_size  block_size  ...  wal_size  memory_usage  memory_limit
0   postgres_db       6.2 TiB           0  ...   0 bytes       3.9 GiB     228.8 GiB
1        memory       0 bytes           0  ...   0 bytes       3.9 GiB     228.8 GiB

[2 rows x 9 columns]
2026-08-03 11:51:54.889 INFO Loading data (2016-07-10 00:00:00+00:00 -> 2016-08-09 00:00:00+00:00) done in 35.85s (real) and 23.86s (process)
2026-08-03 11:51:54.889 INFO Memory usage (start of timestep, peak): 20.55 GiB
2026-08-03 11:51:54.890 INFO Memory usage (start of timestep, current): 4.29 GiB
2026-08-03 11:51:54.890 INFO Calculating metrics
2026-08-03 11:51:54.890 INFO Calculating metric: data_age_at_insertion
2026-08-03 11:52:15.429 INFO [data_age_at_insertion] Memory snapshot — total: 18.05 MB
  active_by_value_id: 18.04 MB (17405 entries)
  property_totals: 0.01 MB (21 entries)
  global_totals: 0.00 MB (N/A entries)
  latest_result: 0.00 MB (21 entries)
  latest_statement_average_score: 0.00 MB (N/A entries)
2026-08-03 11:52:15.429 INFO Memory usage (end of timestep, peak): 20.55 GiB
2026-08-03 11:52:15.429 INFO Memory usage (end of timestep, current): 4.32 GiB
2026-08-03 11:52:15.430 INFO (Iteration 45) data_age_at_insertion: real 20.54s | cpu 20.09s
2026-08-03 11:52:15.430 INFO Iteration 45 finished in 56.39s (real) and 43.95s (process)
2026-08-03 11:52:15.430 INFO Start timestep 2016-08-09 00:00:00+00:00 -> 2016-09-08 00:00:00+00:00
2026-08-03 11:53:28.825 INFO DuckDB memory logs:
  database_name database_size  block_size  ...  wal_size  memory_usage  memory_limit
0   postgres_db       6.2 TiB           0  ...   0 bytes       9.0 GiB     228.8 GiB
1        memory       0 bytes           0  ...   0 bytes       9.0 GiB     228.8 GiB

[2 rows x 9 columns]
2026-08-03 11:53:28.826 INFO Loading data (2016-08-09 00:00:00+00:00 -> 2016-09-08 00:00:00+00:00) done in 73.40s (real) and 116.74s (process)
2026-08-03 11:53:28.826 INFO Memory usage (start of timestep, peak): 20.55 GiB
2026-08-03 11:53:28.827 INFO Memory usage (start of timestep, current): 11.03 GiB
2026-08-03 11:53:28.827 INFO Calculating metrics
2026-08-03 11:53:28.827 INFO Calculating metric: data_age_at_insertion
2026-08-03 11:53:55.653 INFO [data_age_at_insertion] Memory snapshot — total: 20.28 MB
  active_by_value_id: 20.27 MB (19688 entries)
  property_totals: 0.01 MB (20 entries)
  global_totals: 0.00 MB (N/A entries)
  latest_result: 0.00 MB (20 entries)
  latest_statement_average_score: 0.00 MB (N/A entries)
2026-08-03 11:53:55.653 INFO Memory usage (end of timestep, peak): 20.55 GiB
2026-08-03 11:53:55.653 INFO Memory usage (end of timestep, current): 10.25 GiB
2026-08-03 11:53:55.653 INFO (Iteration 46) data_age_at_insertion: real 26.83s | cpu 26.51s
2026-08-03 11:53:55.653 INFO Iteration 46 finished in 100.22s (real) and 143.26s (process)
2026-08-03 11:53:55.653 INFO Start timestep 2016-09-08 00:00:00+00:00 -> 2016-10-08 00:00:00+00:00
2026-08-03 11:55:32.538 INFO DuckDB memory logs:
  database_name database_size  block_size  ...  wal_size  memory_usage  memory_limit
0   postgres_db       6.2 TiB           0  ...   0 bytes      12.5 GiB     228.8 GiB
1        memory       0 bytes           0  ...   0 bytes      12.5 GiB     228.8 GiB

[2 rows x 9 columns]
2026-08-03 11:55:32.539 INFO Loading data (2016-09-08 00:00:00+00:00 -> 2016-10-08 00:00:00+00:00) done in 96.89s (real) and 68.78s (process)
2026-08-03 11:55:32.539 INFO Memory usage (start of timestep, peak): 20.55 GiB
2026-08-03 11:55:32.539 INFO Memory usage (start of timestep, current): 15.84 GiB
2026-08-03 11:55:32.539 INFO Calculating metrics
2026-08-03 11:55:32.540 INFO Calculating metric: data_age_at_insertion
2026-08-03 11:56:14.748 INFO [data_age_at_insertion] Memory snapshot — total: 27.50 MB
  active_by_value_id: 27.48 MB (26117 entries)
  property_totals: 0.01 MB (23 entries)
  global_totals: 0.00 MB (N/A entries)
  latest_result: 0.01 MB (23 entries)
  latest_statement_average_score: 0.00 MB (N/A entries)
2026-08-03 11:56:14.748 INFO Memory usage (end of timestep, peak): 20.55 GiB
2026-08-03 11:56:14.748 INFO Memory usage (end of timestep, current): 12.72 GiB
2026-08-03 11:56:14.748 INFO (Iteration 47) data_age_at_insertion: real 42.21s | cpu 41.86s
2026-08-03 11:56:14.748 INFO Iteration 47 finished in 139.09s (real) and 110.65s (process)
2026-08-03 11:56:14.748 INFO Start timestep 2016-10-08 00:00:00+00:00 -> 2016-11-07 00:00:00+00:00
2026-08-03 11:59:47.606 INFO DuckDB memory logs:
  database_name database_size  block_size  ...  wal_size  memory_usage  memory_limit
0   postgres_db       6.2 TiB           0  ...   0 bytes      27.8 GiB     228.8 GiB
1        memory       0 bytes           0  ...   0 bytes      27.8 GiB     228.8 GiB

[2 rows x 9 columns]
2026-08-03 11:59:47.607 INFO Loading data (2016-10-08 00:00:00+00:00 -> 2016-11-07 00:00:00+00:00) done in 212.86s (real) and 151.75s (process)
2026-08-03 11:59:47.607 INFO Memory usage (start of timestep, peak): 27.74 GiB
2026-08-03 11:59:47.607 INFO Memory usage (start of timestep, current): 27.76 GiB
2026-08-03 11:59:47.607 INFO Calculating metrics
2026-08-03 11:59:47.607 INFO Calculating metric: data_age_at_insertion
2026-08-03 12:00:25.228 INFO [data_age_at_insertion] Memory snapshot — total: 35.89 MB
  active_by_value_id: 35.88 MB (34690 entries)
  property_totals: 0.01 MB (24 entries)
  global_totals: 0.00 MB (N/A entries)
  latest_result: 0.01 MB (24 entries)
  latest_statement_average_score: 0.00 MB (N/A entries)
2026-08-03 12:00:25.228 INFO Memory usage (end of timestep, peak): 27.85 GiB
2026-08-03 12:00:25.228 INFO Memory usage (end of timestep, current): 27.81 GiB
2026-08-03 12:00:25.229 INFO (Iteration 48) data_age_at_insertion: real 37.62s | cpu 37.22s
2026-08-03 12:00:25.229 INFO Iteration 48 finished in 250.48s (real) and 188.97s (process)
2026-08-03 12:00:25.229 INFO Start timestep 2016-11-07 00:00:00+00:00 -> 2016-12-07 00:00:00+00:00
2026-08-03 12:04:02.381 INFO DuckDB memory logs:
  database_name database_size  block_size  ...  wal_size  memory_usage  memory_limit
0   postgres_db       6.2 TiB           0  ...   0 bytes      27.5 GiB     228.8 GiB
1        memory       0 bytes           0  ...   0 bytes      27.5 GiB     228.8 GiB

[2 rows x 9 columns]
2026-08-03 12:04:02.382 INFO Loading data (2016-11-07 00:00:00+00:00 -> 2016-12-07 00:00:00+00:00) done in 217.15s (real) and 152.82s (process)
2026-08-03 12:04:02.382 INFO Memory usage (start of timestep, peak): 28.42 GiB
2026-08-03 12:04:02.382 INFO Memory usage (start of timestep, current): 27.50 GiB
2026-08-03 12:04:02.382 INFO Calculating metrics
2026-08-03 12:04:02.383 INFO Calculating metric: data_age_at_insertion
2026-08-03 12:04:26.108 INFO [data_age_at_insertion] Memory snapshot — total: 28.41 MB
  active_by_value_id: 28.40 MB (27052 entries)
  property_totals: 0.01 MB (24 entries)
  global_totals: 0.00 MB (N/A entries)
  latest_result: 0.01 MB (24 entries)
  latest_statement_average_score: 0.00 MB (N/A entries)
2026-08-03 12:04:26.108 INFO Memory usage (end of timestep, peak): 28.42 GiB
2026-08-03 12:04:26.108 INFO Memory usage (end of timestep, current): 27.56 GiB
2026-08-03 12:04:26.108 INFO (Iteration 49) data_age_at_insertion: real 23.73s | cpu 23.24s
2026-08-03 12:04:26.108 INFO Iteration 49 finished in 240.88s (real) and 176.06s (process)
2026-08-03 12:04:26.108 INFO Start timestep 2016-12-07 00:00:00+00:00 -> 2017-01-06 00:00:00+00:00
2026-08-03 12:07:20.358 INFO DuckDB memory logs:
  database_name database_size  block_size  ...  wal_size  memory_usage  memory_limit
0   postgres_db       6.2 TiB           0  ...   0 bytes      21.5 GiB     228.8 GiB
1        memory       0 bytes           0  ...   0 bytes      21.5 GiB     228.8 GiB

[2 rows x 9 columns]
2026-08-03 12:07:20.358 INFO Loading data (2016-12-07 00:00:00+00:00 -> 2017-01-06 00:00:00+00:00) done in 174.25s (real) and 121.72s (process)
2026-08-03 12:07:20.358 INFO Memory usage (start of timestep, peak): 28.42 GiB
2026-08-03 12:07:20.358 INFO Memory usage (start of timestep, current): 21.59 GiB
2026-08-03 12:07:20.358 INFO Calculating metrics
2026-08-03 12:07:20.359 INFO Calculating metric: data_age_at_insertion
2026-08-03 12:07:50.410 INFO [data_age_at_insertion] Memory snapshot — total: 31.96 MB
  active_by_value_id: 31.95 MB (30626 entries)
  property_totals: 0.01 MB (21 entries)
  global_totals: 0.00 MB (N/A entries)
  latest_result: 0.01 MB (21 entries)
  latest_statement_average_score: 0.00 MB (N/A entries)
2026-08-03 12:07:50.410 INFO Memory usage (end of timestep, peak): 28.42 GiB
2026-08-03 12:07:50.410 INFO Memory usage (end of timestep, current): 21.64 GiB
2026-08-03 12:07:50.410 INFO (Iteration 50) data_age_at_insertion: real 30.05s | cpu 29.26s
2026-08-03 12:07:50.410 INFO Iteration 50 finished in 204.30s (real) and 150.99s (process)
2026-08-03 12:07:50.410 INFO Start timestep 2017-01-06 00:00:00+00:00 -> 2017-02-05 00:00:00+00:00
2026-08-03 12:11:41.690 INFO DuckDB memory logs:
  database_name database_size  block_size  ...  wal_size  memory_usage  memory_limit
0   postgres_db       6.2 TiB           0  ...   0 bytes      30.0 GiB     228.8 GiB
1        memory       0 bytes           0  ...   0 bytes      30.0 GiB     228.8 GiB

[2 rows x 9 columns]
2026-08-03 12:11:41.691 INFO Loading data (2017-01-06 00:00:00+00:00 -> 2017-02-05 00:00:00+00:00) done in 231.28s (real) and 185.90s (process)
2026-08-03 12:11:41.691 INFO Memory usage (start of timestep, peak): 30.12 GiB
2026-08-03 12:11:41.692 INFO Memory usage (start of timestep, current): 30.13 GiB
2026-08-03 12:11:41.692 INFO Calculating metrics
2026-08-03 12:11:41.692 INFO Calculating metric: data_age_at_insertion
2026-08-03 12:12:42.918 INFO [data_age_at_insertion] Memory snapshot — total: 38.12 MB
  active_by_value_id: 38.10 MB (36913 entries)
  property_totals: 0.01 MB (23 entries)
  global_totals: 0.00 MB (N/A entries)
  latest_result: 0.01 MB (23 entries)
  latest_statement_average_score: 0.00 MB (N/A entries)
2026-08-03 12:12:42.918 INFO Memory usage (end of timestep, peak): 30.35 GiB
2026-08-03 12:12:42.918 INFO Memory usage (end of timestep, current): 30.23 GiB
2026-08-03 12:12:42.918 INFO (Iteration 51) data_age_at_insertion: real 61.23s | cpu 61.00s
2026-08-03 12:12:42.918 INFO Iteration 51 finished in 292.51s (real) and 246.91s (process)
2026-08-03 12:12:42.918 INFO Start timestep 2017-02-05 00:00:00+00:00 -> 2017-03-07 00:00:00+00:00
2026-08-03 12:14:43.129 INFO DuckDB memory logs:
  database_name database_size  block_size  ...  wal_size  memory_usage  memory_limit
0   postgres_db       6.2 TiB           0  ...   0 bytes      15.4 GiB     228.8 GiB
1        memory       0 bytes           0  ...   0 bytes      15.4 GiB     228.8 GiB

[2 rows x 9 columns]
2026-08-03 12:14:43.130 INFO Loading data (2017-02-05 00:00:00+00:00 -> 2017-03-07 00:00:00+00:00) done in 120.21s (real) and 178.52s (process)
2026-08-03 12:14:43.130 INFO Memory usage (start of timestep, peak): 30.35 GiB
2026-08-03 12:14:43.130 INFO Memory usage (start of timestep, current): 15.69 GiB
2026-08-03 12:14:43.130 INFO Calculating metrics
2026-08-03 12:14:43.130 INFO Calculating metric: data_age_at_insertion
2026-08-03 12:15:16.933 INFO [data_age_at_insertion] Memory snapshot — total: 47.98 MB
  active_by_value_id: 47.97 MB (45115 entries)
  property_totals: 0.01 MB (23 entries)
  global_totals: 0.00 MB (N/A entries)
  latest_result: 0.01 MB (23 entries)
  latest_statement_average_score: 0.00 MB (N/A entries)
2026-08-03 12:15:16.933 INFO Memory usage (end of timestep, peak): 30.35 GiB
2026-08-03 12:15:16.934 INFO Memory usage (end of timestep, current): 15.73 GiB
2026-08-03 12:15:16.934 INFO (Iteration 52) data_age_at_insertion: real 33.80s | cpu 32.82s
2026-08-03 12:15:16.934 INFO Iteration 52 finished in 154.02s (real) and 211.35s (process)
2026-08-03 12:15:16.934 INFO Start timestep 2017-03-07 00:00:00+00:00 -> 2017-04-06 00:00:00+00:00
2026-08-03 12:16:30.880 INFO DuckDB memory logs:
  database_name database_size  block_size  ...  wal_size  memory_usage  memory_limit
0   postgres_db       6.2 TiB           0  ...   0 bytes       9.2 GiB     228.8 GiB
1        memory       0 bytes           0  ...   0 bytes       9.2 GiB     228.8 GiB

[2 rows x 9 columns]
2026-08-03 12:16:30.880 INFO Loading data (2017-03-07 00:00:00+00:00 -> 2017-04-06 00:00:00+00:00) done in 73.95s (real) and 52.86s (process)
2026-08-03 12:16:30.881 INFO Memory usage (start of timestep, peak): 30.35 GiB
2026-08-03 12:16:30.881 INFO Memory usage (start of timestep, current): 9.58 GiB
2026-08-03 12:16:30.881 INFO Calculating metrics
2026-08-03 12:16:30.881 INFO Calculating metric: data_age_at_insertion
2026-08-03 12:16:55.924 INFO [data_age_at_insertion] Memory snapshot — total: 47.41 MB
  active_by_value_id: 47.40 MB (44576 entries)
  property_totals: 0.01 MB (24 entries)
  global_totals: 0.00 MB (N/A entries)
  latest_result: 0.01 MB (24 entries)
  latest_statement_average_score: 0.00 MB (N/A entries)
2026-08-03 12:16:55.925 INFO Memory usage (end of timestep, peak): 30.35 GiB
2026-08-03 12:16:55.925 INFO Memory usage (end of timestep, current): 9.65 GiB
2026-08-03 12:16:55.925 INFO (Iteration 53) data_age_at_insertion: real 25.04s | cpu 23.75s
2026-08-03 12:16:55.925 INFO Iteration 53 finished in 98.99s (real) and 76.61s (process)
2026-08-03 12:16:55.925 INFO Start timestep 2017-04-06 00:00:00+00:00 -> 2017-05-06 00:00:00+00:00
2026-08-03 12:18:37.110 INFO DuckDB memory logs:
  database_name database_size  block_size  ...  wal_size  memory_usage  memory_limit
0   postgres_db       6.2 TiB           0  ...   0 bytes      13.2 GiB     228.8 GiB
1        memory       0 bytes           0  ...   0 bytes      13.2 GiB     228.8 GiB

[2 rows x 9 columns]
2026-08-03 12:18:37.113 INFO Loading data (2017-04-06 00:00:00+00:00 -> 2017-05-06 00:00:00+00:00) done in 101.19s (real) and 72.55s (process)
2026-08-03 12:18:37.113 INFO Memory usage (start of timestep, peak): 30.35 GiB
2026-08-03 12:18:37.113 INFO Memory usage (start of timestep, current): 13.51 GiB
2026-08-03 12:18:37.114 INFO Calculating metrics
2026-08-03 12:18:37.114 INFO Calculating metric: data_age_at_insertion
2026-08-03 12:19:07.848 INFO [data_age_at_insertion] Memory snapshot — total: 44.63 MB
  active_by_value_id: 44.61 MB (41733 entries)
  property_totals: 0.01 MB (27 entries)
  global_totals: 0.00 MB (N/A entries)
  latest_result: 0.01 MB (27 entries)
  latest_statement_average_score: 0.00 MB (N/A entries)
2026-08-03 12:19:07.848 INFO Memory usage (end of timestep, peak): 30.35 GiB
2026-08-03 12:19:07.848 INFO Memory usage (end of timestep, current): 13.58 GiB
2026-08-03 12:19:07.849 INFO (Iteration 54) data_age_at_insertion: real 30.73s | cpu 29.77s
2026-08-03 12:19:07.849 INFO Iteration 54 finished in 131.92s (real) and 102.32s (process)
2026-08-03 12:19:07.849 INFO Start timestep 2017-05-06 00:00:00+00:00 -> 2017-06-05 00:00:00+00:00
2026-08-03 12:21:24.374 INFO DuckDB memory logs:
  database_name database_size  block_size  ...  wal_size  memory_usage  memory_limit
0   postgres_db       6.2 TiB           0  ...   0 bytes      17.4 GiB     228.8 GiB
1        memory       0 bytes           0  ...   0 bytes      17.4 GiB     228.8 GiB

[2 rows x 9 columns]
2026-08-03 12:21:24.376 INFO Loading data (2017-05-06 00:00:00+00:00 -> 2017-06-05 00:00:00+00:00) done in 136.53s (real) and 108.33s (process)
2026-08-03 12:21:24.376 INFO Memory usage (start of timestep, peak): 30.35 GiB
2026-08-03 12:21:24.376 INFO Memory usage (start of timestep, current): 17.64 GiB
2026-08-03 12:21:24.376 INFO Calculating metrics
2026-08-03 12:21:24.376 INFO Calculating metric: data_age_at_insertion
2026-08-03 12:22:04.629 INFO [data_age_at_insertion] Memory snapshot — total: 38.84 MB
  active_by_value_id: 38.82 MB (35816 entries)
  property_totals: 0.01 MB (26 entries)
  global_totals: 0.00 MB (N/A entries)
  latest_result: 0.01 MB (26 entries)
  latest_statement_average_score: 0.00 MB (N/A entries)
2026-08-03 12:22:04.629 INFO Memory usage (end of timestep, peak): 30.35 GiB
2026-08-03 12:22:04.629 INFO Memory usage (end of timestep, current): 17.70 GiB
2026-08-03 12:22:04.629 INFO (Iteration 55) data_age_at_insertion: real 40.25s | cpu 39.61s
2026-08-03 12:22:04.629 INFO Iteration 55 finished in 176.78s (real) and 147.94s (process)
2026-08-03 12:22:04.629 INFO Start timestep 2017-06-05 00:00:00+00:00 -> 2017-07-05 00:00:00+00:00
2026-08-03 12:26:16.226 INFO DuckDB memory logs:
  database_name database_size  block_size  ...  wal_size  memory_usage  memory_limit
0   postgres_db       6.2 TiB           0  ...   0 bytes      30.7 GiB     228.8 GiB
1        memory       0 bytes           0  ...   0 bytes      30.7 GiB     228.8 GiB

[2 rows x 9 columns]
2026-08-03 12:26:16.227 INFO Loading data (2017-06-05 00:00:00+00:00 -> 2017-07-05 00:00:00+00:00) done in 251.60s (real) and 175.84s (process)
2026-08-03 12:26:16.227 INFO Memory usage (start of timestep, peak): 30.64 GiB
2026-08-03 12:26:16.227 INFO Memory usage (start of timestep, current): 30.65 GiB
2026-08-03 12:26:16.227 INFO Calculating metrics
2026-08-03 12:26:16.227 INFO Calculating metric: data_age_at_insertion
2026-08-03 12:30:01.150 INFO [data_age_at_insertion] Memory snapshot — total: 198.22 MB
  active_by_value_id: 198.20 MB (195183 entries)
  property_totals: 0.01 MB (27 entries)
  global_totals: 0.00 MB (N/A entries)
  latest_result: 0.01 MB (27 entries)
  latest_statement_average_score: 0.00 MB (N/A entries)
2026-08-03 12:30:01.151 INFO Memory usage (end of timestep, peak): 31.10 GiB
2026-08-03 12:30:01.151 INFO Memory usage (end of timestep, current): 31.11 GiB
2026-08-03 12:30:01.151 INFO (Iteration 56) data_age_at_insertion: real 224.92s | cpu 220.31s
2026-08-03 12:30:01.151 INFO Iteration 56 finished in 476.52s (real) and 396.16s (process)
2026-08-03 12:30:01.151 INFO Start timestep 2017-07-05 00:00:00+00:00 -> 2017-08-04 00:00:00+00:00
2026-08-03 12:35:55.779 INFO DuckDB memory logs:
  database_name database_size  block_size  ...  wal_size  memory_usage  memory_limit
0   postgres_db       6.2 TiB           0  ...   0 bytes      43.6 GiB     228.8 GiB
1        memory       0 bytes           0  ...   0 bytes      43.6 GiB     228.8 GiB

[2 rows x 9 columns]
2026-08-03 12:35:55.780 INFO Loading data (2017-07-05 00:00:00+00:00 -> 2017-08-04 00:00:00+00:00) done in 354.63s (real) and 249.17s (process)
2026-08-03 12:35:55.780 INFO Memory usage (start of timestep, peak): 43.34 GiB
2026-08-03 12:35:55.780 INFO Memory usage (start of timestep, current): 43.36 GiB
2026-08-03 12:35:55.780 INFO Calculating metrics
2026-08-03 12:35:55.780 INFO Calculating metric: data_age_at_insertion
2026-08-03 12:45:17.587 INFO [data_age_at_insertion] Memory snapshot — total: 453.26 MB
  active_by_value_id: 453.25 MB (448232 entries)
  property_totals: 0.01 MB (24 entries)
  global_totals: 0.00 MB (N/A entries)
  latest_result: 0.01 MB (24 entries)
  latest_statement_average_score: 0.00 MB (N/A entries)
2026-08-03 12:45:17.588 INFO Memory usage (end of timestep, peak): 44.80 GiB
2026-08-03 12:45:17.588 INFO Memory usage (end of timestep, current): 44.50 GiB
2026-08-03 12:45:17.588 INFO (Iteration 57) data_age_at_insertion: real 561.81s | cpu 550.40s
2026-08-03 12:45:17.589 INFO Iteration 57 finished in 916.44s (real) and 799.57s (process)
2026-08-03 12:45:17.589 INFO Start timestep 2017-08-04 00:00:00+00:00 -> 2017-09-03 00:00:00+00:00
2026-08-03 12:55:53.199 INFO DuckDB memory logs:
  database_name database_size  block_size  ...  wal_size  memory_usage  memory_limit
0   postgres_db       6.2 TiB           0  ...   0 bytes      79.4 GiB     228.8 GiB
1        memory       0 bytes           0  ...   0 bytes      79.4 GiB     228.8 GiB

[2 rows x 9 columns]
2026-08-03 12:55:53.199 INFO Loading data (2017-08-04 00:00:00+00:00 -> 2017-09-03 00:00:00+00:00) done in 635.61s (real) and 465.15s (process)
2026-08-03 12:55:53.199 INFO Memory usage (start of timestep, peak): 80.45 GiB
2026-08-03 12:55:53.200 INFO Memory usage (start of timestep, current): 80.46 GiB
2026-08-03 12:55:53.200 INFO Calculating metrics
2026-08-03 12:55:53.200 INFO Calculating metric: data_age_at_insertion
2026-08-03 13:16:39.246 INFO [data_age_at_insertion] Memory snapshot — total: 1534.95 MB
  active_by_value_id: 1534.94 MB (1510652 entries)
  property_totals: 0.01 MB (22 entries)
  global_totals: 0.00 MB (N/A entries)
  latest_result: 0.01 MB (22 entries)
  latest_statement_average_score: 0.00 MB (N/A entries)
2026-08-03 13:16:39.247 INFO Memory usage (end of timestep, peak): 83.04 GiB
2026-08-03 13:16:39.248 INFO Memory usage (end of timestep, current): 82.50 GiB
2026-08-03 13:16:39.248 INFO (Iteration 58) data_age_at_insertion: real 1246.05s | cpu 1208.48s
2026-08-03 13:16:39.248 INFO Iteration 58 finished in 1881.66s (real) and 1673.64s (process)
2026-08-03 13:16:39.248 INFO Start timestep 2017-09-03 00:00:00+00:00 -> 2017-10-03 00:00:00+00:00
2026-08-03 13:33:38.338 INFO DuckDB memory logs:
  database_name database_size  block_size  ...  wal_size  memory_usage  memory_limit
0   postgres_db       6.2 TiB           0  ...   0 bytes     132.1 GiB     228.8 GiB
1        memory       0 bytes           0  ...   0 bytes     132.1 GiB     228.8 GiB

[2 rows x 9 columns]
2026-08-03 13:33:38.338 INFO Loading data (2017-09-03 00:00:00+00:00 -> 2017-10-03 00:00:00+00:00) done in 1019.09s (real) and 711.23s (process)
2026-08-03 13:33:38.339 INFO Memory usage (start of timestep, peak): 132.43 GiB
2026-08-03 13:33:38.339 INFO Memory usage (start of timestep, current): 132.44 GiB
2026-08-03 13:33:38.339 INFO Calculating metrics
2026-08-03 13:33:38.339 INFO Calculating metric: data_age_at_insertion
2026-08-03 13:56:11.581 INFO [data_age_at_insertion] Memory snapshot — total: 2327.42 MB
  active_by_value_id: 2327.41 MB (2320152 entries)
  property_totals: 0.01 MB (22 entries)
  global_totals: 0.00 MB (N/A entries)
  latest_result: 0.01 MB (22 entries)
  latest_statement_average_score: 0.00 MB (N/A entries)
2026-08-03 13:56:11.582 INFO Memory usage (end of timestep, peak): 137.48 GiB
2026-08-03 13:56:11.583 INFO Memory usage (end of timestep, current): 136.67 GiB
2026-08-03 13:56:11.583 INFO (Iteration 59) data_age_at_insertion: real 1353.24s | cpu 1286.09s
2026-08-03 13:56:11.583 INFO Iteration 59 finished in 2372.33s (real) and 1997.33s (process)
2026-08-03 13:56:11.584 INFO Start timestep 2017-10-03 00:00:00+00:00 -> 2017-11-02 00:00:00+00:00
2026-08-03 14:00:17.885 INFO DuckDB memory logs:
  database_name database_size  block_size  ...  wal_size  memory_usage  memory_limit
0   postgres_db       6.2 TiB           0  ...   0 bytes      30.4 GiB     228.8 GiB
1        memory       0 bytes           0  ...   0 bytes      30.4 GiB     228.8 GiB

[2 rows x 9 columns]
2026-08-03 14:00:17.885 INFO Loading data (2017-10-03 00:00:00+00:00 -> 2017-11-02 00:00:00+00:00) done in 246.30s (real) and 174.64s (process)
2026-08-03 14:00:17.886 INFO Memory usage (start of timestep, peak): 137.48 GiB
2026-08-03 14:00:17.886 INFO Memory usage (start of timestep, current): 34.12 GiB
2026-08-03 14:00:17.886 INFO Calculating metrics
2026-08-03 14:00:17.886 INFO Calculating metric: data_age_at_insertion
2026-08-03 14:10:44.111 INFO [data_age_at_insertion] Memory snapshot — total: 2298.10 MB
  active_by_value_id: 2298.09 MB (2290112 entries)
  property_totals: 0.01 MB (22 entries)
  global_totals: 0.00 MB (N/A entries)
  latest_result: 0.01 MB (22 entries)
  latest_statement_average_score: 0.00 MB (N/A entries)
2026-08-03 14:10:44.112 INFO Memory usage (end of timestep, peak): 137.48 GiB
2026-08-03 14:10:44.112 INFO Memory usage (end of timestep, current): 37.29 GiB
2026-08-03 14:10:44.112 INFO (Iteration 60) data_age_at_insertion: real 626.23s | cpu 551.96s
2026-08-03 14:10:44.112 INFO Iteration 60 finished in 872.53s (real) and 726.60s (process)
2026-08-03 14:10:44.114 INFO Start timestep 2017-11-02 00:00:00+00:00 -> 2017-12-02 00:00:00+00:00
2026-08-03 14:16:04.758 INFO DuckDB memory logs:
  database_name database_size  block_size  ...  wal_size  memory_usage  memory_limit
0   postgres_db       6.2 TiB           0  ...   0 bytes      39.3 GiB     228.8 GiB
1        memory       0 bytes           0  ...   0 bytes      39.3 GiB     228.8 GiB

[2 rows x 9 columns]
2026-08-03 14:16:04.759 INFO Loading data (2017-11-02 00:00:00+00:00 -> 2017-12-02 00:00:00+00:00) done in 320.64s (real) and 221.91s (process)
2026-08-03 14:16:04.759 INFO Memory usage (start of timestep, peak): 137.48 GiB
2026-08-03 14:16:04.760 INFO Memory usage (start of timestep, current): 42.78 GiB
2026-08-03 14:16:04.760 INFO Calculating metrics
2026-08-03 14:16:04.760 INFO Calculating metric: data_age_at_insertion
2026-08-03 14:27:58.173 INFO [data_age_at_insertion] Memory snapshot — total: 1526.40 MB
  active_by_value_id: 1526.39 MB (1439743 entries)
  property_totals: 0.01 MB (25 entries)
  global_totals: 0.00 MB (N/A entries)
  latest_result: 0.01 MB (25 entries)
  latest_statement_average_score: 0.00 MB (N/A entries)
2026-08-03 14:27:58.174 INFO Memory usage (end of timestep, peak): 137.48 GiB
2026-08-03 14:27:58.175 INFO Memory usage (end of timestep, current): 45.45 GiB
2026-08-03 14:27:58.175 INFO (Iteration 61) data_age_at_insertion: real 713.41s | cpu 669.40s
2026-08-03 14:27:58.175 INFO Iteration 61 finished in 1034.06s (real) and 891.32s (process)
2026-08-03 14:27:58.176 INFO Start timestep 2017-12-02 00:00:00+00:00 -> 2018-01-01 00:00:00+00:00
2026-08-03 14:35:06.913 INFO DuckDB memory logs:
  database_name database_size  block_size  ...  wal_size  memory_usage  memory_limit
0   postgres_db       6.2 TiB           0  ...   0 bytes      54.6 GiB     228.8 GiB
1        memory       0 bytes           0  ...   0 bytes      54.6 GiB     228.8 GiB

[2 rows x 9 columns]
2026-08-03 14:35:06.915 INFO Loading data (2017-12-02 00:00:00+00:00 -> 2018-01-01 00:00:00+00:00) done in 428.74s (real) and 299.23s (process)
2026-08-03 14:35:06.915 INFO Memory usage (start of timestep, peak): 137.48 GiB
2026-08-03 14:35:06.915 INFO Memory usage (start of timestep, current): 57.69 GiB
2026-08-03 14:35:06.915 INFO Calculating metrics
2026-08-03 14:35:06.915 INFO Calculating metric: data_age_at_insertion
2026-08-03 14:49:41.510 INFO [data_age_at_insertion] Memory snapshot — total: 972.32 MB
  active_by_value_id: 972.31 MB (873717 entries)
  property_totals: 0.01 MB (28 entries)
  global_totals: 0.00 MB (N/A entries)
  latest_result: 0.01 MB (28 entries)
  latest_statement_average_score: 0.00 MB (N/A entries)
2026-08-03 14:49:41.511 INFO Memory usage (end of timestep, peak): 137.48 GiB
2026-08-03 14:49:41.512 INFO Memory usage (end of timestep, current): 59.92 GiB
2026-08-03 14:49:41.512 INFO (Iteration 62) data_age_at_insertion: real 874.60s | cpu 850.23s
2026-08-03 14:49:41.512 INFO Iteration 62 finished in 1303.34s (real) and 1149.46s (process)
2026-08-03 14:49:41.513 INFO Start timestep 2018-01-01 00:00:00+00:00 -> 2018-01-31 00:00:00+00:00
2026-08-03 14:52:00.443 INFO DuckDB memory logs:
  database_name database_size  block_size  ...  wal_size  memory_usage  memory_limit
0   postgres_db       6.2 TiB           0  ...   0 bytes      16.9 GiB     228.8 GiB
1        memory       0 bytes           0  ...   0 bytes      16.9 GiB     228.8 GiB

[2 rows x 9 columns]
2026-08-03 14:52:00.445 INFO Loading data (2018-01-01 00:00:00+00:00 -> 2018-01-31 00:00:00+00:00) done in 138.93s (real) and 98.54s (process)
2026-08-03 14:52:00.445 INFO Memory usage (start of timestep, peak): 137.48 GiB
2026-08-03 14:52:00.445 INFO Memory usage (start of timestep, current): 20.91 GiB
2026-08-03 14:52:00.445 INFO Calculating metrics
2026-08-03 14:52:00.445 INFO Calculating metric: data_age_at_insertion
2026-08-03 14:56:10.730 INFO [data_age_at_insertion] Memory snapshot — total: 893.69 MB
  active_by_value_id: 893.67 MB (792021 entries)
  property_totals: 0.01 MB (28 entries)
  global_totals: 0.00 MB (N/A entries)
  latest_result: 0.01 MB (28 entries)
  latest_statement_average_score: 0.00 MB (N/A entries)
2026-08-03 14:56:10.731 INFO Memory usage (end of timestep, peak): 137.48 GiB
2026-08-03 14:56:10.731 INFO Memory usage (end of timestep, current): 22.18 GiB
2026-08-03 14:56:10.731 INFO (Iteration 63) data_age_at_insertion: real 250.29s | cpu 227.71s
2026-08-03 14:56:10.731 INFO Iteration 63 finished in 389.22s (real) and 326.26s (process)
2026-08-03 14:56:10.732 INFO Start timestep 2018-01-31 00:00:00+00:00 -> 2018-03-02 00:00:00+00:00
2026-08-03 15:03:13.218 INFO DuckDB memory logs:
  database_name database_size  block_size  ...  wal_size  memory_usage  memory_limit
0   postgres_db       6.2 TiB           0  ...   0 bytes      53.1 GiB     228.8 GiB
1        memory       0 bytes           0  ...   0 bytes      53.1 GiB     228.8 GiB

[2 rows x 9 columns]
2026-08-03 15:03:13.219 INFO Loading data (2018-01-31 00:00:00+00:00 -> 2018-03-02 00:00:00+00:00) done in 422.49s (real) and 353.71s (process)
2026-08-03 15:03:13.219 INFO Memory usage (start of timestep, peak): 137.48 GiB
2026-08-03 15:03:13.219 INFO Memory usage (start of timestep, current): 56.17 GiB
2026-08-03 15:03:13.219 INFO Calculating metrics
2026-08-03 15:03:13.219 INFO Calculating metric: data_age_at_insertion
2026-08-03 15:16:50.071 INFO [data_age_at_insertion] Memory snapshot — total: 1345.00 MB
  active_by_value_id: 1344.98 MB (1250378 entries)
  property_totals: 0.01 MB (28 entries)
  global_totals: 0.00 MB (N/A entries)
  latest_result: 0.01 MB (28 entries)
  latest_statement_average_score: 0.00 MB (N/A entries)
2026-08-03 15:16:50.072 INFO Memory usage (end of timestep, peak): 137.48 GiB
2026-08-03 15:16:50.073 INFO Memory usage (end of timestep, current): 58.41 GiB
2026-08-03 15:16:50.073 INFO (Iteration 64) data_age_at_insertion: real 816.85s | cpu 781.57s
2026-08-03 15:16:50.073 INFO Iteration 64 finished in 1239.34s (real) and 1135.29s (process)
2026-08-03 15:16:50.074 INFO Start timestep 2018-03-02 00:00:00+00:00 -> 2018-04-01 00:00:00+00:00
2026-08-03 15:22:51.528 INFO DuckDB memory logs:
  database_name database_size  block_size  ...  wal_size  memory_usage  memory_limit
0   postgres_db       6.2 TiB           0  ...   0 bytes      42.0 GiB     228.8 GiB
1        memory       0 bytes           0  ...   0 bytes      42.0 GiB     228.8 GiB

[2 rows x 9 columns]
2026-08-03 15:22:51.529 INFO Loading data (2018-03-02 00:00:00+00:00 -> 2018-04-01 00:00:00+00:00) done in 361.45s (real) and 262.36s (process)
2026-08-03 15:22:51.529 INFO Memory usage (start of timestep, peak): 137.48 GiB
2026-08-03 15:22:51.529 INFO Memory usage (start of timestep, current): 45.84 GiB
2026-08-03 15:22:51.529 INFO Calculating metrics
2026-08-03 15:22:51.529 INFO Calculating metric: data_age_at_insertion
2026-08-03 15:29:10.528 INFO [data_age_at_insertion] Memory snapshot — total: 1150.31 MB
  active_by_value_id: 1150.30 MB (1051598 entries)
  property_totals: 0.01 MB (27 entries)
  global_totals: 0.00 MB (N/A entries)
  latest_result: 0.01 MB (27 entries)
  latest_statement_average_score: 0.00 MB (N/A entries)
2026-08-03 15:29:10.529 INFO Memory usage (end of timestep, peak): 137.48 GiB
2026-08-03 15:29:10.529 INFO Memory usage (end of timestep, current): 48.08 GiB
2026-08-03 15:29:10.530 INFO (Iteration 65) data_age_at_insertion: real 379.00s | cpu 345.53s
2026-08-03 15:29:10.530 INFO Iteration 65 finished in 740.46s (real) and 607.90s (process)
2026-08-03 15:29:10.530 INFO Start timestep 2018-04-01 00:00:00+00:00 -> 2018-05-01 00:00:00+00:00
2026-08-03 15:33:16.852 INFO DuckDB memory logs:
  database_name database_size  block_size  ...  wal_size  memory_usage  memory_limit
0   postgres_db       6.2 TiB           0  ...   0 bytes      29.7 GiB     228.8 GiB
1        memory       0 bytes           0  ...   0 bytes      29.7 GiB     228.8 GiB

[2 rows x 9 columns]
2026-08-03 15:33:16.854 INFO Loading data (2018-04-01 00:00:00+00:00 -> 2018-05-01 00:00:00+00:00) done in 246.32s (real) and 172.96s (process)
2026-08-03 15:33:16.854 INFO Memory usage (start of timestep, peak): 137.48 GiB
2026-08-03 15:33:16.854 INFO Memory usage (start of timestep, current): 33.43 GiB
2026-08-03 15:33:16.854 INFO Calculating metrics
2026-08-03 15:33:16.854 INFO Calculating metric: data_age_at_insertion
2026-08-03 15:41:31.533 INFO [data_age_at_insertion] Memory snapshot — total: 1142.83 MB
  active_by_value_id: 1142.81 MB (1045230 entries)
  property_totals: 0.01 MB (27 entries)
  global_totals: 0.00 MB (N/A entries)
  latest_result: 0.01 MB (27 entries)
  latest_statement_average_score: 0.00 MB (N/A entries)
2026-08-03 15:41:31.534 INFO Memory usage (end of timestep, peak): 137.48 GiB
2026-08-03 15:41:31.534 INFO Memory usage (end of timestep, current): 35.70 GiB
2026-08-03 15:41:31.535 INFO (Iteration 66) data_age_at_insertion: real 494.68s | cpu 470.22s
2026-08-03 15:41:31.535 INFO Iteration 66 finished in 741.00s (real) and 643.18s (process)
2026-08-03 15:41:31.535 INFO Start timestep 2018-05-01 00:00:00+00:00 -> 2018-05-31 00:00:00+00:00
2026-08-03 15:48:28.634 INFO DuckDB memory logs:
  database_name database_size  block_size  ...  wal_size  memory_usage  memory_limit
0   postgres_db       6.2 TiB           0  ...   0 bytes      50.2 GiB     228.8 GiB
1        memory       0 bytes           0  ...   0 bytes      50.2 GiB     228.8 GiB

[2 rows x 9 columns]
2026-08-03 15:48:28.636 INFO Loading data (2018-05-01 00:00:00+00:00 -> 2018-05-31 00:00:00+00:00) done in 417.10s (real) and 307.90s (process)
2026-08-03 15:48:28.636 INFO Memory usage (start of timestep, peak): 137.48 GiB
2026-08-03 15:48:28.636 INFO Memory usage (start of timestep, current): 53.78 GiB
2026-08-03 15:48:28.636 INFO Calculating metrics
2026-08-03 15:48:28.636 INFO Calculating metric: data_age_at_insertion
2026-08-03 15:57:58.930 INFO [data_age_at_insertion] Memory snapshot — total: 830.77 MB
  active_by_value_id: 830.75 MB (727960 entries)
  property_totals: 0.01 MB (29 entries)
  global_totals: 0.00 MB (N/A entries)
  latest_result: 0.01 MB (29 entries)
  latest_statement_average_score: 0.00 MB (N/A entries)
2026-08-03 15:57:58.932 INFO Memory usage (end of timestep, peak): 137.48 GiB
2026-08-03 15:57:58.932 INFO Memory usage (end of timestep, current): 54.90 GiB
2026-08-03 15:57:58.932 INFO (Iteration 67) data_age_at_insertion: real 570.30s | cpu 549.32s
2026-08-03 15:57:58.932 INFO Iteration 67 finished in 987.40s (real) and 857.22s (process)
2026-08-03 15:57:58.933 INFO Start timestep 2018-05-31 00:00:00+00:00 -> 2018-06-30 00:00:00+00:00
2026-08-03 16:04:56.518 INFO DuckDB memory logs:
  database_name database_size  block_size  ...  wal_size  memory_usage  memory_limit
0   postgres_db       6.2 TiB           0  ...   0 bytes      46.9 GiB     228.8 GiB
1        memory       0 bytes           0  ...   0 bytes      46.9 GiB     228.8 GiB

[2 rows x 9 columns]
2026-08-03 16:04:56.519 INFO Loading data (2018-05-31 00:00:00+00:00 -> 2018-06-30 00:00:00+00:00) done in 417.59s (real) and 284.62s (process)
2026-08-03 16:04:56.519 INFO Memory usage (start of timestep, peak): 137.48 GiB
2026-08-03 16:04:56.519 INFO Memory usage (start of timestep, current): 50.24 GiB
2026-08-03 16:04:56.519 INFO Calculating metrics
2026-08-03 16:04:56.519 INFO Calculating metric: data_age_at_insertion
2026-08-03 16:08:21.907 INFO [data_age_at_insertion] Memory snapshot — total: 711.50 MB
  active_by_value_id: 711.48 MB (605318 entries)
  property_totals: 0.01 MB (29 entries)
  global_totals: 0.00 MB (N/A entries)
  latest_result: 0.01 MB (29 entries)
  latest_statement_average_score: 0.00 MB (N/A entries)
2026-08-03 16:08:21.908 INFO Memory usage (end of timestep, peak): 137.48 GiB
2026-08-03 16:08:21.908 INFO Memory usage (end of timestep, current): 51.47 GiB
2026-08-03 16:08:21.908 INFO (Iteration 68) data_age_at_insertion: real 205.39s | cpu 187.17s
2026-08-03 16:08:21.908 INFO Iteration 68 finished in 622.98s (real) and 471.79s (process)
2026-08-03 16:08:21.909 INFO Start timestep 2018-06-30 00:00:00+00:00 -> 2018-07-30 00:00:00+00:00
2026-08-03 16:17:20.477 INFO DuckDB memory logs:
  database_name database_size  block_size  ...  wal_size  memory_usage  memory_limit
0   postgres_db       6.2 TiB           0  ...   0 bytes      58.1 GiB     228.8 GiB
1        memory       0 bytes           0  ...   0 bytes      58.1 GiB     228.8 GiB

[2 rows x 9 columns]
2026-08-03 16:17:20.478 INFO Loading data (2018-06-30 00:00:00+00:00 -> 2018-07-30 00:00:00+00:00) done in 538.57s (real) and 360.20s (process)
2026-08-03 16:17:20.478 INFO Memory usage (start of timestep, peak): 137.48 GiB
2026-08-03 16:17:20.478 INFO Memory usage (start of timestep, current): 61.36 GiB
2026-08-03 16:17:20.478 INFO Calculating metrics
2026-08-03 16:17:20.479 INFO Calculating metric: data_age_at_insertion
2026-08-03 16:20:07.387 INFO [data_age_at_insertion] Memory snapshot — total: 635.28 MB
  active_by_value_id: 635.27 MB (527100 entries)
  property_totals: 0.01 MB (26 entries)
  global_totals: 0.00 MB (N/A entries)
  latest_result: 0.01 MB (26 entries)
  latest_statement_average_score: 0.00 MB (N/A entries)
2026-08-03 16:20:07.389 INFO Memory usage (end of timestep, peak): 137.48 GiB
2026-08-03 16:20:07.389 INFO Memory usage (end of timestep, current): 62.58 GiB
2026-08-03 16:20:07.389 INFO (Iteration 69) data_age_at_insertion: real 166.91s | cpu 152.09s
2026-08-03 16:20:07.389 INFO Iteration 69 finished in 705.48s (real) and 512.30s (process)
2026-08-03 16:20:07.390 INFO Start timestep 2018-07-30 00:00:00+00:00 -> 2018-08-29 00:00:00+00:00
2026-08-03 16:25:54.103 INFO DuckDB memory logs:
  database_name database_size  block_size  ...  wal_size  memory_usage  memory_limit
0   postgres_db       6.2 TiB           0  ...   0 bytes      42.7 GiB     228.8 GiB
1        memory       0 bytes           0  ...   0 bytes      42.7 GiB     228.8 GiB

[2 rows x 9 columns]
2026-08-03 16:25:54.103 INFO Loading data (2018-07-30 00:00:00+00:00 -> 2018-08-29 00:00:00+00:00) done in 346.71s (real) and 287.20s (process)
2026-08-03 16:25:54.103 INFO Memory usage (start of timestep, peak): 137.48 GiB
2026-08-03 16:25:54.104 INFO Memory usage (start of timestep, current): 46.18 GiB
2026-08-03 16:25:54.104 INFO Calculating metrics
2026-08-03 16:25:54.104 INFO Calculating metric: data_age_at_insertion
2026-08-03 16:27:27.705 INFO [data_age_at_insertion] Memory snapshot — total: 299.26 MB
  active_by_value_id: 299.24 MB (184726 entries)
  property_totals: 0.01 MB (28 entries)
  global_totals: 0.00 MB (N/A entries)
  latest_result: 0.01 MB (28 entries)
  latest_statement_average_score: 0.00 MB (N/A entries)
2026-08-03 16:27:27.705 INFO Memory usage (end of timestep, peak): 137.48 GiB
2026-08-03 16:27:27.706 INFO Memory usage (end of timestep, current): 46.45 GiB
2026-08-03 16:27:27.706 INFO (Iteration 70) data_age_at_insertion: real 93.60s | cpu 88.84s
2026-08-03 16:27:27.706 INFO Iteration 70 finished in 440.32s (real) and 376.05s (process)
2026-08-03 16:27:27.706 INFO Start timestep 2018-08-29 00:00:00+00:00 -> 2018-09-28 00:00:00+00:00
2026-08-03 16:34:40.473 INFO DuckDB memory logs:
  database_name database_size  block_size  ...  wal_size  memory_usage  memory_limit
0   postgres_db       6.2 TiB           0  ...   0 bytes      53.6 GiB     228.8 GiB
1        memory       0 bytes           0  ...   0 bytes      53.6 GiB     228.8 GiB

[2 rows x 9 columns]
2026-08-03 16:34:40.474 INFO Loading data (2018-08-29 00:00:00+00:00 -> 2018-09-28 00:00:00+00:00) done in 432.77s (real) and 307.47s (process)
2026-08-03 16:34:40.474 INFO Memory usage (start of timestep, peak): 137.48 GiB
2026-08-03 16:34:40.474 INFO Memory usage (start of timestep, current): 56.70 GiB
2026-08-03 16:34:40.474 INFO Calculating metrics
2026-08-03 16:34:40.474 INFO Calculating metric: data_age_at_insertion
2026-08-03 16:35:41.110 INFO [data_age_at_insertion] Memory snapshot — total: 237.86 MB
  active_by_value_id: 237.84 MB (122481 entries)
  property_totals: 0.01 MB (29 entries)
  global_totals: 0.00 MB (N/A entries)
  latest_result: 0.01 MB (29 entries)
  latest_statement_average_score: 0.00 MB (N/A entries)
2026-08-03 16:35:41.110 INFO Memory usage (end of timestep, peak): 137.48 GiB
2026-08-03 16:35:41.110 INFO Memory usage (end of timestep, current): 56.97 GiB
2026-08-03 16:35:41.110 INFO (Iteration 71) data_age_at_insertion: real 60.64s | cpu 59.78s
2026-08-03 16:35:41.110 INFO Iteration 71 finished in 493.40s (real) and 367.25s (process)
2026-08-03 16:35:41.110 INFO Start timestep 2018-09-28 00:00:00+00:00 -> 2018-10-28 00:00:00+00:00
2026-08-03 16:47:26.467 INFO DuckDB memory logs:
  database_name database_size  block_size  ...  wal_size  memory_usage  memory_limit
0   postgres_db       6.2 TiB           0  ...   0 bytes      85.1 GiB     228.8 GiB
1        memory       0 bytes           0  ...   0 bytes      85.1 GiB     228.8 GiB

[2 rows x 9 columns]
2026-08-03 16:47:26.470 INFO Loading data (2018-09-28 00:00:00+00:00 -> 2018-10-28 00:00:00+00:00) done in 705.36s (real) and 490.47s (process)
2026-08-03 16:47:26.472 INFO Memory usage (start of timestep, peak): 137.48 GiB
2026-08-03 16:47:26.472 INFO Memory usage (start of timestep, current): 87.40 GiB
2026-08-03 16:47:26.472 INFO Calculating metrics
2026-08-03 16:47:26.473 INFO Calculating metric: data_age_at_insertion
2026-08-03 16:50:43.637 INFO [data_age_at_insertion] Memory snapshot — total: 385.17 MB
  active_by_value_id: 385.15 MB (271690 entries)
  property_totals: 0.01 MB (29 entries)
  global_totals: 0.00 MB (N/A entries)
  latest_result: 0.01 MB (29 entries)
  latest_statement_average_score: 0.00 MB (N/A entries)
2026-08-03 16:50:43.638 INFO Memory usage (end of timestep, peak): 137.48 GiB
2026-08-03 16:50:43.638 INFO Memory usage (end of timestep, current): 88.07 GiB
2026-08-03 16:50:43.639 INFO (Iteration 72) data_age_at_insertion: real 197.17s | cpu 197.58s
2026-08-03 16:50:43.639 INFO Iteration 72 finished in 902.53s (real) and 688.05s (process)
2026-08-03 16:50:43.639 INFO Start timestep 2018-10-28 00:00:00+00:00 -> 2018-11-27 00:00:00+00:00
2026-08-03 16:55:20.582 INFO DuckDB memory logs:
  database_name database_size  block_size  ...  wal_size  memory_usage  memory_limit
0   postgres_db       6.2 TiB           0  ...   0 bytes      36.0 GiB     228.8 GiB
1        memory       0 bytes           0  ...   0 bytes      36.0 GiB     228.8 GiB

[2 rows x 9 columns]
2026-08-03 16:55:20.583 INFO Loading data (2018-10-28 00:00:00+00:00 -> 2018-11-27 00:00:00+00:00) done in 276.94s (real) and 195.73s (process)
2026-08-03 16:55:20.583 INFO Memory usage (start of timestep, peak): 137.48 GiB
2026-08-03 16:55:20.583 INFO Memory usage (start of timestep, current): 39.45 GiB
2026-08-03 16:55:20.583 INFO Calculating metrics
2026-08-03 16:55:20.583 INFO Calculating metric: data_age_at_insertion
2026-08-03 16:59:13.965 INFO [data_age_at_insertion] Memory snapshot — total: 551.01 MB
  active_by_value_id: 551.00 MB (440570 entries)
  property_totals: 0.01 MB (28 entries)
  global_totals: 0.00 MB (N/A entries)
  latest_result: 0.01 MB (28 entries)
  latest_statement_average_score: 0.00 MB (N/A entries)
2026-08-03 16:59:13.966 INFO Memory usage (end of timestep, peak): 137.48 GiB
2026-08-03 16:59:13.966 INFO Memory usage (end of timestep, current): 40.67 GiB
2026-08-03 16:59:13.966 INFO (Iteration 73) data_age_at_insertion: real 233.38s | cpu 228.52s
2026-08-03 16:59:13.967 INFO Iteration 73 finished in 510.33s (real) and 424.25s (process)
2026-08-03 16:59:13.967 INFO Start timestep 2018-11-27 00:00:00+00:00 -> 2018-12-27 00:00:00+00:00
2026-08-03 17:03:49.250 INFO DuckDB memory logs:
  database_name database_size  block_size  ...  wal_size  memory_usage  memory_limit
0   postgres_db       6.2 TiB           0  ...   0 bytes      36.3 GiB     228.8 GiB
1        memory       0 bytes           0  ...   0 bytes      36.3 GiB     228.8 GiB

[2 rows x 9 columns]
2026-08-03 17:03:49.251 INFO Loading data (2018-11-27 00:00:00+00:00 -> 2018-12-27 00:00:00+00:00) done in 275.28s (real) and 197.07s (process)
2026-08-03 17:03:49.251 INFO Memory usage (start of timestep, peak): 137.48 GiB
2026-08-03 17:03:49.252 INFO Memory usage (start of timestep, current): 39.66 GiB
2026-08-03 17:03:49.252 INFO Calculating metrics
2026-08-03 17:03:49.252 INFO Calculating metric: data_age_at_insertion
2026-08-03 17:06:57.354 INFO [data_age_at_insertion] Memory snapshot — total: 646.37 MB
  active_by_value_id: 646.35 MB (537856 entries)
  property_totals: 0.01 MB (28 entries)
  global_totals: 0.00 MB (N/A entries)
  latest_result: 0.01 MB (28 entries)
  latest_statement_average_score: 0.00 MB (N/A entries)
2026-08-03 17:06:57.354 INFO Memory usage (end of timestep, peak): 137.48 GiB
2026-08-03 17:06:57.355 INFO Memory usage (end of timestep, current): 40.89 GiB
2026-08-03 17:06:57.356 INFO (Iteration 74) data_age_at_insertion: real 188.10s | cpu 177.76s
2026-08-03 17:06:57.356 INFO Iteration 74 finished in 463.39s (real) and 374.83s (process)
2026-08-03 17:06:57.357 INFO Start timestep 2018-12-27 00:00:00+00:00 -> 2019-01-26 00:00:00+00:00
2026-08-03 17:09:59.129 INFO DuckDB memory logs:
  database_name database_size  block_size  ...  wal_size  memory_usage  memory_limit
0   postgres_db       6.2 TiB           0  ...   0 bytes      23.4 GiB     228.8 GiB
1        memory       0 bytes           0  ...   0 bytes      23.4 GiB     228.8 GiB

[2 rows x 9 columns]
2026-08-03 17:09:59.130 INFO Loading data (2018-12-27 00:00:00+00:00 -> 2019-01-26 00:00:00+00:00) done in 181.77s (real) and 127.97s (process)
2026-08-03 17:09:59.130 INFO Memory usage (start of timestep, peak): 137.48 GiB
2026-08-03 17:09:59.131 INFO Memory usage (start of timestep, current): 27.03 GiB
2026-08-03 17:09:59.131 INFO Calculating metrics
2026-08-03 17:09:59.131 INFO Calculating metric: data_age_at_insertion
2026-08-03 17:12:40.829 INFO [data_age_at_insertion] Memory snapshot — total: 511.24 MB
  active_by_value_id: 511.23 MB (401053 entries)
  property_totals: 0.01 MB (29 entries)
  global_totals: 0.00 MB (N/A entries)
  latest_result: 0.01 MB (29 entries)
  latest_statement_average_score: 0.00 MB (N/A entries)
2026-08-03 17:12:40.829 INFO Memory usage (end of timestep, peak): 137.48 GiB
2026-08-03 17:12:40.830 INFO Memory usage (end of timestep, current): 27.81 GiB
2026-08-03 17:12:40.830 INFO (Iteration 75) data_age_at_insertion: real 161.70s | cpu 149.78s
2026-08-03 17:12:40.830 INFO Iteration 75 finished in 343.47s (real) and 277.75s (process)
2026-08-03 17:12:40.831 INFO Start timestep 2019-01-26 00:00:00+00:00 -> 2019-02-25 00:00:00+00:00
2026-08-03 17:14:50.979 INFO DuckDB memory logs:
  database_name database_size  block_size  ...  wal_size  memory_usage  memory_limit
0   postgres_db       6.2 TiB           0  ...   0 bytes      16.1 GiB     228.8 GiB
1        memory       0 bytes           0  ...   0 bytes      16.1 GiB     228.8 GiB

[2 rows x 9 columns]
2026-08-03 17:14:50.983 INFO Loading data (2019-01-26 00:00:00+00:00 -> 2019-02-25 00:00:00+00:00) done in 130.15s (real) and 92.93s (process)
2026-08-03 17:14:50.983 INFO Memory usage (start of timestep, peak): 137.48 GiB
2026-08-03 17:14:50.984 INFO Memory usage (start of timestep, current): 19.88 GiB
2026-08-03 17:14:50.984 INFO Calculating metrics
2026-08-03 17:14:50.984 INFO Calculating metric: data_age_at_insertion
2026-08-03 17:16:41.860 INFO [data_age_at_insertion] Memory snapshot — total: 353.11 MB
  active_by_value_id: 353.10 MB (240197 entries)
  property_totals: 0.01 MB (27 entries)
  global_totals: 0.00 MB (N/A entries)
  latest_result: 0.01 MB (27 entries)
  latest_statement_average_score: 0.00 MB (N/A entries)
2026-08-03 17:16:41.861 INFO Memory usage (end of timestep, peak): 137.48 GiB
2026-08-03 17:16:41.861 INFO Memory usage (end of timestep, current): 20.47 GiB
2026-08-03 17:16:41.861 INFO (Iteration 76) data_age_at_insertion: real 110.88s | cpu 105.25s
2026-08-03 17:16:41.861 INFO Iteration 76 finished in 241.03s (real) and 198.18s (process)
2026-08-03 17:16:41.861 INFO Start timestep 2019-02-25 00:00:00+00:00 -> 2019-03-27 00:00:00+00:00
2026-08-03 17:20:56.581 INFO DuckDB memory logs:
  database_name database_size  block_size  ...  wal_size  memory_usage  memory_limit
0   postgres_db       6.2 TiB           0  ...   0 bytes      33.0 GiB     228.8 GiB
1        memory       0 bytes           0  ...   0 bytes      33.0 GiB     228.8 GiB

[2 rows x 9 columns]
2026-08-03 17:20:56.581 INFO Loading data (2019-02-25 00:00:00+00:00 -> 2019-03-27 00:00:00+00:00) done in 254.72s (real) and 178.87s (process)
2026-08-03 17:20:56.582 INFO Memory usage (start of timestep, peak): 137.48 GiB
2026-08-03 17:20:56.582 INFO Memory usage (start of timestep, current): 36.34 GiB
2026-08-03 17:20:56.582 INFO Calculating metrics
2026-08-03 17:20:56.582 INFO Calculating metric: data_age_at_insertion
2026-08-03 17:23:33.863 INFO [data_age_at_insertion] Memory snapshot — total: 314.33 MB
  active_by_value_id: 314.31 MB (200818 entries)
  property_totals: 0.01 MB (29 entries)
  global_totals: 0.00 MB (N/A entries)
  latest_result: 0.01 MB (29 entries)
  latest_statement_average_score: 0.00 MB (N/A entries)
2026-08-03 17:23:33.863 INFO Memory usage (end of timestep, peak): 137.48 GiB
2026-08-03 17:23:33.864 INFO Memory usage (end of timestep, current): 36.64 GiB
2026-08-03 17:23:33.864 INFO (Iteration 77) data_age_at_insertion: real 157.28s | cpu 152.78s
2026-08-03 17:23:33.864 INFO Iteration 77 finished in 412.00s (real) and 331.65s (process)
2026-08-03 17:23:33.864 INFO Start timestep 2019-03-27 00:00:00+00:00 -> 2019-04-26 00:00:00+00:00
2026-08-03 17:27:56.284 INFO DuckDB memory logs:
  database_name database_size  block_size  ...  wal_size  memory_usage  memory_limit
0   postgres_db       6.2 TiB           0  ...   0 bytes      31.5 GiB     228.8 GiB
1        memory       0 bytes           0  ...   0 bytes      31.5 GiB     228.8 GiB

[2 rows x 9 columns]
2026-08-03 17:27:56.286 INFO Loading data (2019-03-27 00:00:00+00:00 -> 2019-04-26 00:00:00+00:00) done in 262.42s (real) and 183.66s (process)
2026-08-03 17:27:56.286 INFO Memory usage (start of timestep, peak): 137.48 GiB
2026-08-03 17:27:56.286 INFO Memory usage (start of timestep, current): 34.81 GiB
2026-08-03 17:27:56.286 INFO Calculating metrics
2026-08-03 17:27:56.286 INFO Calculating metric: data_age_at_insertion
2026-08-03 17:30:07.850 INFO [data_age_at_insertion] Memory snapshot — total: 312.28 MB
  active_by_value_id: 312.26 MB (198952 entries)
  property_totals: 0.01 MB (27 entries)
  global_totals: 0.00 MB (N/A entries)
  latest_result: 0.01 MB (27 entries)
  latest_statement_average_score: 0.00 MB (N/A entries)
2026-08-03 17:30:07.851 INFO Memory usage (end of timestep, peak): 137.48 GiB
2026-08-03 17:30:07.851 INFO Memory usage (end of timestep, current): 35.17 GiB
2026-08-03 17:30:07.851 INFO (Iteration 78) data_age_at_insertion: real 131.56s | cpu 127.07s
2026-08-03 17:30:07.851 INFO Iteration 78 finished in 393.99s (real) and 310.72s (process)
2026-08-03 17:30:07.852 INFO Start timestep 2019-04-26 00:00:00+00:00 -> 2019-05-26 00:00:00+00:00
2026-08-03 17:33:25.191 INFO DuckDB memory logs:
  database_name database_size  block_size  ...  wal_size  memory_usage  memory_limit
0   postgres_db       6.2 TiB           0  ...   0 bytes      24.5 GiB     228.8 GiB
1        memory       0 bytes           0  ...   0 bytes      24.5 GiB     228.8 GiB

[2 rows x 9 columns]
2026-08-03 17:33:25.192 INFO Loading data (2019-04-26 00:00:00+00:00 -> 2019-05-26 00:00:00+00:00) done in 197.34s (real) and 137.63s (process)
2026-08-03 17:33:25.192 INFO Memory usage (start of timestep, peak): 137.48 GiB
2026-08-03 17:33:25.192 INFO Memory usage (start of timestep, current): 28.04 GiB
2026-08-03 17:33:25.192 INFO Calculating metrics
2026-08-03 17:33:25.192 INFO Calculating metric: data_age_at_insertion
2026-08-03 17:36:57.921 INFO [data_age_at_insertion] Memory snapshot — total: 395.46 MB
  active_by_value_id: 395.44 MB (284229 entries)
  property_totals: 0.01 MB (26 entries)
  global_totals: 0.00 MB (N/A entries)
  latest_result: 0.01 MB (26 entries)
  latest_statement_average_score: 0.00 MB (N/A entries)
2026-08-03 17:36:57.922 INFO Memory usage (end of timestep, peak): 137.48 GiB
2026-08-03 17:36:57.922 INFO Memory usage (end of timestep, current): 28.74 GiB
2026-08-03 17:36:57.922 INFO (Iteration 79) data_age_at_insertion: real 212.73s | cpu 206.10s
2026-08-03 17:36:57.922 INFO Iteration 79 finished in 410.07s (real) and 343.72s (process)
2026-08-03 17:36:57.922 INFO Start timestep 2019-05-26 00:00:00+00:00 -> 2019-06-25 00:00:00+00:00
2026-08-03 17:39:02.481 INFO DuckDB memory logs:
  database_name database_size  block_size  ...  wal_size  memory_usage  memory_limit
0   postgres_db       6.2 TiB           0  ...   0 bytes      13.8 GiB     228.8 GiB
1        memory       0 bytes           0  ...   0 bytes      13.8 GiB     228.8 GiB

[2 rows x 9 columns]
2026-08-03 17:39:02.482 INFO Loading data (2019-05-26 00:00:00+00:00 -> 2019-06-25 00:00:00+00:00) done in 124.56s (real) and 101.39s (process)
2026-08-03 17:39:02.482 INFO Memory usage (start of timestep, peak): 137.48 GiB
2026-08-03 17:39:02.482 INFO Memory usage (start of timestep, current): 17.57 GiB
2026-08-03 17:39:02.482 INFO Calculating metrics
2026-08-03 17:39:02.483 INFO Calculating metric: data_age_at_insertion
2026-08-03 17:42:57.704 INFO [data_age_at_insertion] Memory snapshot — total: 496.52 MB
  active_by_value_id: 496.50 MB (386929 entries)
  property_totals: 0.01 MB (26 entries)
  global_totals: 0.00 MB (N/A entries)
  latest_result: 0.01 MB (26 entries)
  latest_statement_average_score: 0.00 MB (N/A entries)
2026-08-03 17:42:57.704 INFO Memory usage (end of timestep, peak): 137.48 GiB
2026-08-03 17:42:57.705 INFO Memory usage (end of timestep, current): 18.38 GiB
2026-08-03 17:42:57.705 INFO (Iteration 80) data_age_at_insertion: real 235.22s | cpu 224.28s
2026-08-03 17:42:57.705 INFO Iteration 80 finished in 359.78s (real) and 325.66s (process)
2026-08-03 17:42:57.705 INFO Start timestep 2019-06-25 00:00:00+00:00 -> 2019-07-25 00:00:00+00:00
2026-08-03 17:46:10.014 INFO DuckDB memory logs:
  database_name database_size  block_size  ...  wal_size  memory_usage  memory_limit
0   postgres_db       6.2 TiB           0  ...   0 bytes      23.6 GiB     228.8 GiB
1        memory       0 bytes           0  ...   0 bytes      23.6 GiB     228.8 GiB

[2 rows x 9 columns]
2026-08-03 17:46:10.015 INFO Loading data (2019-06-25 00:00:00+00:00 -> 2019-07-25 00:00:00+00:00) done in 192.31s (real) and 120.40s (process)
2026-08-03 17:46:10.015 INFO Memory usage (start of timestep, peak): 137.48 GiB
2026-08-03 17:46:10.015 INFO Memory usage (start of timestep, current): 27.15 GiB
2026-08-03 17:46:10.015 INFO Calculating metrics
2026-08-03 17:46:10.015 INFO Calculating metric: data_age_at_insertion
2026-08-03 17:49:38.939 INFO [data_age_at_insertion] Memory snapshot — total: 553.37 MB
  active_by_value_id: 553.35 MB (444772 entries)
  property_totals: 0.01 MB (29 entries)
  global_totals: 0.00 MB (N/A entries)
  latest_result: 0.01 MB (29 entries)
  latest_statement_average_score: 0.00 MB (N/A entries)
2026-08-03 17:49:38.939 INFO Memory usage (end of timestep, peak): 137.48 GiB
2026-08-03 17:49:38.940 INFO Memory usage (end of timestep, current): 28.30 GiB
2026-08-03 17:49:38.940 INFO (Iteration 81) data_age_at_insertion: real 208.92s | cpu 197.72s
2026-08-03 17:49:38.940 INFO Iteration 81 finished in 401.23s (real) and 318.12s (process)
2026-08-03 17:49:38.940 INFO Start timestep 2019-07-25 00:00:00+00:00 -> 2019-08-24 00:00:00+00:00
2026-08-03 17:51:26.106 INFO DuckDB memory logs:
  database_name database_size  block_size  ...  wal_size  memory_usage  memory_limit
0   postgres_db       6.2 TiB           0  ...   0 bytes      13.9 GiB     228.8 GiB
1        memory       0 bytes           0  ...   0 bytes      13.9 GiB     228.8 GiB

[2 rows x 9 columns]
2026-08-03 17:51:26.108 INFO Loading data (2019-07-25 00:00:00+00:00 -> 2019-08-24 00:00:00+00:00) done in 107.17s (real) and 67.63s (process)
2026-08-03 17:51:26.108 INFO Memory usage (start of timestep, peak): 137.48 GiB
2026-08-03 17:51:26.108 INFO Memory usage (start of timestep, current): 17.62 GiB
2026-08-03 17:51:26.108 INFO Calculating metrics
2026-08-03 17:51:26.108 INFO Calculating metric: data_age_at_insertion
2026-08-03 17:55:06.665 INFO [data_age_at_insertion] Memory snapshot — total: 482.67 MB
  active_by_value_id: 482.65 MB (462573 entries)
  property_totals: 0.01 MB (30 entries)
  global_totals: 0.00 MB (N/A entries)
  latest_result: 0.01 MB (30 entries)
  latest_statement_average_score: 0.00 MB (N/A entries)
2026-08-03 17:55:06.666 INFO Memory usage (end of timestep, peak): 137.48 GiB
2026-08-03 17:55:06.666 INFO Memory usage (end of timestep, current): 18.82 GiB
2026-08-03 17:55:06.666 INFO (Iteration 82) data_age_at_insertion: real 220.56s | cpu 207.90s
2026-08-03 17:55:06.666 INFO Iteration 82 finished in 327.73s (real) and 275.53s (process)
2026-08-03 17:55:06.666 INFO Start timestep 2019-08-24 00:00:00+00:00 -> 2019-09-23 00:00:00+00:00
2026-08-03 17:59:57.338 INFO DuckDB memory logs:
  database_name database_size  block_size  ...  wal_size  memory_usage  memory_limit
0   postgres_db       6.2 TiB           0  ...   0 bytes      35.0 GiB     228.8 GiB
1        memory       0 bytes           0  ...   0 bytes      35.0 GiB     228.8 GiB

[2 rows x 9 columns]
2026-08-03 17:59:57.340 INFO Loading data (2019-08-24 00:00:00+00:00 -> 2019-09-23 00:00:00+00:00) done in 290.67s (real) and 180.47s (process)
2026-08-03 17:59:57.340 INFO Memory usage (start of timestep, peak): 137.48 GiB
2026-08-03 17:59:57.340 INFO Memory usage (start of timestep, current): 38.13 GiB
2026-08-03 17:59:57.340 INFO Calculating metrics
2026-08-03 17:59:57.340 INFO Calculating metric: data_age_at_insertion
2026-08-03 18:07:52.351 INFO [data_age_at_insertion] Memory snapshot — total: 351.03 MB
  active_by_value_id: 351.01 MB (328636 entries)
  property_totals: 0.01 MB (31 entries)
  global_totals: 0.00 MB (N/A entries)
  latest_result: 0.01 MB (31 entries)
  latest_statement_average_score: 0.00 MB (N/A entries)
2026-08-03 18:07:52.352 INFO Memory usage (end of timestep, peak): 137.48 GiB
2026-08-03 18:07:52.352 INFO Memory usage (end of timestep, current): 38.94 GiB
2026-08-03 18:07:52.352 INFO (Iteration 83) data_age_at_insertion: real 475.01s | cpu 467.34s
2026-08-03 18:07:52.352 INFO Iteration 83 finished in 765.69s (real) and 647.82s (process)
2026-08-03 18:07:52.352 INFO Start timestep 2019-09-23 00:00:00+00:00 -> 2019-10-23 00:00:00+00:00
2026-08-03 18:29:12.424 INFO DuckDB memory logs:
  database_name database_size  block_size  ...  wal_size  memory_usage  memory_limit
0   postgres_db       6.2 TiB           0  ...   0 bytes      92.5 GiB     228.8 GiB
1        memory       0 bytes           0  ...   0 bytes      92.5 GiB     228.8 GiB

[2 rows x 9 columns]
2026-08-03 18:29:12.425 INFO Loading data (2019-09-23 00:00:00+00:00 -> 2019-10-23 00:00:00+00:00) done in 1280.07s (real) and 613.26s (process)
2026-08-03 18:29:12.425 INFO Memory usage (start of timestep, peak): 137.48 GiB
2026-08-03 18:29:12.425 INFO Memory usage (start of timestep, current): 94.18 GiB
2026-08-03 18:29:12.425 INFO Calculating metrics
2026-08-03 18:29:12.425 INFO Calculating metric: data_age_at_insertion
2026-08-03 18:51:13.924 INFO [data_age_at_insertion] Memory snapshot — total: 329.33 MB
  active_by_value_id: 329.31 MB (306837 entries)
  property_totals: 0.01 MB (31 entries)
  global_totals: 0.00 MB (N/A entries)
  latest_result: 0.01 MB (31 entries)
  latest_statement_average_score: 0.00 MB (N/A entries)
2026-08-03 18:51:13.925 INFO Memory usage (end of timestep, peak): 137.48 GiB
2026-08-03 18:51:13.925 INFO Memory usage (end of timestep, current): 95.37 GiB
2026-08-03 18:51:13.925 INFO (Iteration 84) data_age_at_insertion: real 1321.50s | cpu 1319.59s
2026-08-03 18:51:13.925 INFO Iteration 84 finished in 2601.57s (real) and 1932.85s (process)
2026-08-03 18:51:13.925 INFO Start timestep 2019-10-23 00:00:00+00:00 -> 2019-11-22 00:00:00+00:00
2026-08-03 19:04:36.977 INFO DuckDB memory logs:
  database_name database_size  block_size  ...  wal_size  memory_usage  memory_limit
0   postgres_db       6.2 TiB           0  ...   0 bytes      87.8 GiB     228.8 GiB
1        memory       0 bytes           0  ...   0 bytes      87.8 GiB     228.8 GiB

[2 rows x 9 columns]
2026-08-03 19:04:36.977 INFO Loading data (2019-10-23 00:00:00+00:00 -> 2019-11-22 00:00:00+00:00) done in 803.05s (real) and 478.19s (process)
2026-08-03 19:04:36.977 INFO Memory usage (start of timestep, peak): 137.48 GiB
2026-08-03 19:04:36.978 INFO Memory usage (start of timestep, current): 89.60 GiB
2026-08-03 19:04:36.978 INFO Calculating metrics
2026-08-03 19:04:36.978 INFO Calculating metric: data_age_at_insertion
2026-08-03 19:21:17.126 INFO [data_age_at_insertion] Memory snapshot — total: 224.40 MB
  active_by_value_id: 224.38 MB (199410 entries)
  property_totals: 0.01 MB (32 entries)
  global_totals: 0.00 MB (N/A entries)
  latest_result: 0.01 MB (32 entries)
  latest_statement_average_score: 0.00 MB (N/A entries)
2026-08-03 19:21:17.127 INFO Memory usage (end of timestep, peak): 137.48 GiB
2026-08-03 19:21:17.127 INFO Memory usage (end of timestep, current): 90.65 GiB
2026-08-03 19:21:17.127 INFO (Iteration 85) data_age_at_insertion: real 1000.15s | cpu 1002.67s
2026-08-03 19:21:17.127 INFO Iteration 85 finished in 1803.20s (real) and 1480.86s (process)
2026-08-03 19:21:17.128 INFO Start timestep 2019-11-22 00:00:00+00:00 -> 2019-12-22 00:00:00+00:00
2026-08-03 19:28:36.082 INFO DuckDB memory logs:
  database_name database_size  block_size  ...  wal_size  memory_usage  memory_limit
0   postgres_db       6.2 TiB           0  ...   0 bytes      59.3 GiB     228.8 GiB
1        memory       0 bytes           0  ...   0 bytes      59.3 GiB     228.8 GiB

[2 rows x 9 columns]
2026-08-03 19:28:36.083 INFO Loading data (2019-11-22 00:00:00+00:00 -> 2019-12-22 00:00:00+00:00) done in 438.96s (real) and 274.27s (process)
2026-08-03 19:28:36.083 INFO Memory usage (start of timestep, peak): 137.48 GiB
2026-08-03 19:28:36.083 INFO Memory usage (start of timestep, current): 61.71 GiB
2026-08-03 19:28:36.083 INFO Calculating metrics
2026-08-03 19:28:36.083 INFO Calculating metric: data_age_at_insertion
2026-08-03 19:40:23.293 INFO [data_age_at_insertion] Memory snapshot — total: 194.98 MB
  active_by_value_id: 194.96 MB (169257 entries)
  property_totals: 0.01 MB (34 entries)
  global_totals: 0.00 MB (N/A entries)
  latest_result: 0.01 MB (34 entries)
  latest_statement_average_score: 0.00 MB (N/A entries)
2026-08-03 19:40:23.293 INFO Memory usage (end of timestep, peak): 137.48 GiB
2026-08-03 19:40:23.294 INFO Memory usage (end of timestep, current): 62.42 GiB
2026-08-03 19:40:23.294 INFO (Iteration 86) data_age_at_insertion: real 707.21s | cpu 709.27s
2026-08-03 19:40:23.294 INFO Iteration 86 finished in 1146.17s (real) and 983.54s (process)
2026-08-03 19:40:23.295 INFO Start timestep 2019-12-22 00:00:00+00:00 -> 2020-01-21 00:00:00+00:00
2026-08-03 19:51:03.556 INFO DuckDB memory logs:
  database_name database_size  block_size  ...  wal_size  memory_usage  memory_limit
0   postgres_db       6.2 TiB           0  ...   0 bytes      86.6 GiB     228.8 GiB
1        memory       0 bytes           0  ...   0 bytes      86.6 GiB     228.8 GiB

[2 rows x 9 columns]
2026-08-03 19:51:03.557 INFO Loading data (2019-12-22 00:00:00+00:00 -> 2020-01-21 00:00:00+00:00) done in 640.26s (real) and 408.39s (process)
2026-08-03 19:51:03.557 INFO Memory usage (start of timestep, peak): 137.48 GiB
2026-08-03 19:51:03.557 INFO Memory usage (start of timestep, current): 88.48 GiB
2026-08-03 19:51:03.557 INFO Calculating metrics
2026-08-03 19:51:03.557 INFO Calculating metric: data_age_at_insertion
2026-08-03 20:01:07.156 INFO [data_age_at_insertion] Memory snapshot — total: 117.20 MB
  active_by_value_id: 117.18 MB (89619 entries)
  property_totals: 0.01 MB (32 entries)
  global_totals: 0.00 MB (N/A entries)
  latest_result: 0.01 MB (32 entries)
  latest_statement_average_score: 0.00 MB (N/A entries)
2026-08-03 20:01:07.156 INFO Memory usage (end of timestep, peak): 137.48 GiB
2026-08-03 20:01:07.156 INFO Memory usage (end of timestep, current): 89.09 GiB
2026-08-03 20:01:07.156 INFO (Iteration 87) data_age_at_insertion: real 603.60s | cpu 608.44s
2026-08-03 20:01:07.156 INFO Iteration 87 finished in 1243.86s (real) and 1016.83s (process)
2026-08-03 20:01:07.156 INFO Start timestep 2020-01-21 00:00:00+00:00 -> 2020-02-20 00:00:00+00:00
2026-08-03 20:08:19.551 INFO DuckDB memory logs:
  database_name database_size  block_size  ...  wal_size  memory_usage  memory_limit
0   postgres_db       6.2 TiB           0  ...   0 bytes      60.1 GiB     228.8 GiB
1        memory       0 bytes           0  ...   0 bytes      60.1 GiB     228.8 GiB

[2 rows x 9 columns]
2026-08-03 20:08:19.552 INFO Loading data (2020-01-21 00:00:00+00:00 -> 2020-02-20 00:00:00+00:00) done in 432.40s (real) and 290.99s (process)
2026-08-03 20:08:19.552 INFO Memory usage (start of timestep, peak): 137.48 GiB
2026-08-03 20:08:19.552 INFO Memory usage (start of timestep, current): 62.62 GiB
2026-08-03 20:08:19.552 INFO Calculating metrics
2026-08-03 20:08:19.552 INFO Calculating metric: data_age_at_insertion
2026-08-03 20:14:11.311 INFO [data_age_at_insertion] Memory snapshot — total: 156.58 MB
  active_by_value_id: 156.55 MB (129990 entries)
  property_totals: 0.01 MB (35 entries)
  global_totals: 0.00 MB (N/A entries)
  latest_result: 0.01 MB (35 entries)
  latest_statement_average_score: 0.00 MB (N/A entries)
2026-08-03 20:14:11.312 INFO Memory usage (end of timestep, peak): 137.48 GiB
2026-08-03 20:14:11.312 INFO Memory usage (end of timestep, current): 63.10 GiB
2026-08-03 20:14:11.312 INFO (Iteration 88) data_age_at_insertion: real 351.76s | cpu 353.19s
2026-08-03 20:14:11.312 INFO Iteration 88 finished in 784.16s (real) and 644.19s (process)
2026-08-03 20:14:11.312 INFO Start timestep 2020-02-20 00:00:00+00:00 -> 2020-03-21 00:00:00+00:00
2026-08-03 20:23:02.763 INFO DuckDB memory logs:
  database_name database_size  block_size  ...  wal_size  memory_usage  memory_limit
0   postgres_db       6.2 TiB           0  ...   0 bytes      73.5 GiB     228.8 GiB
1        memory       0 bytes           0  ...   0 bytes      73.5 GiB     228.8 GiB

[2 rows x 9 columns]
2026-08-03 20:23:02.764 INFO Loading data (2020-02-20 00:00:00+00:00 -> 2020-03-21 00:00:00+00:00) done in 531.45s (real) and 335.31s (process)
2026-08-03 20:23:02.764 INFO Memory usage (start of timestep, peak): 137.48 GiB
2026-08-03 20:23:02.765 INFO Memory usage (start of timestep, current): 75.63 GiB
2026-08-03 20:23:02.765 INFO Calculating metrics
2026-08-03 20:23:02.765 INFO Calculating metric: data_age_at_insertion
2026-08-03 20:29:33.813 INFO [data_age_at_insertion] Memory snapshot — total: 666.72 MB
  active_by_value_id: 666.70 MB (652324 entries)
  property_totals: 0.01 MB (34 entries)
  global_totals: 0.00 MB (N/A entries)
  latest_result: 0.01 MB (34 entries)
  latest_statement_average_score: 0.00 MB (N/A entries)
2026-08-03 20:29:33.817 INFO Memory usage (end of timestep, peak): 137.48 GiB
2026-08-03 20:29:33.817 INFO Memory usage (end of timestep, current): 76.92 GiB
2026-08-03 20:29:33.817 INFO (Iteration 89) data_age_at_insertion: real 391.05s | cpu 374.96s
2026-08-03 20:29:33.818 INFO Iteration 89 finished in 922.51s (real) and 710.27s (process)
2026-08-03 20:29:33.821 INFO Start timestep 2020-03-21 00:00:00+00:00 -> 2020-04-20 00:00:00+00:00
2026-08-03 20:39:27.103 INFO DuckDB memory logs:
  database_name database_size  block_size  ...  wal_size  memory_usage  memory_limit
0   postgres_db       6.2 TiB           0  ...   0 bytes      71.8 GiB     228.8 GiB
1        memory       0 bytes           0  ...   0 bytes      71.8 GiB     228.8 GiB

[2 rows x 9 columns]
2026-08-03 20:39:27.104 INFO Loading data (2020-03-21 00:00:00+00:00 -> 2020-04-20 00:00:00+00:00) done in 593.28s (real) and 821.97s (process)
2026-08-03 20:39:27.104 INFO Memory usage (start of timestep, peak): 137.48 GiB
2026-08-03 20:39:27.104 INFO Memory usage (start of timestep, current): 74.39 GiB
2026-08-03 20:39:27.105 INFO Calculating metrics
2026-08-03 20:39:27.105 INFO Calculating metric: data_age_at_insertion
2026-08-03 20:51:29.458 INFO [data_age_at_insertion] Memory snapshot — total: 1761.24 MB
  active_by_value_id: 1761.22 MB (1738326 entries)
  property_totals: 0.01 MB (33 entries)
  global_totals: 0.00 MB (N/A entries)
  latest_result: 0.01 MB (33 entries)
  latest_statement_average_score: 0.00 MB (N/A entries)
2026-08-03 20:51:29.459 INFO Memory usage (end of timestep, peak): 137.48 GiB
2026-08-03 20:51:29.459 INFO Memory usage (end of timestep, current): 77.22 GiB
2026-08-03 20:51:29.459 INFO (Iteration 90) data_age_at_insertion: real 722.35s | cpu 670.88s
2026-08-03 20:51:29.459 INFO Iteration 90 finished in 1315.64s (real) and 1492.86s (process)
2026-08-03 20:51:29.460 INFO Start timestep 2020-04-20 00:00:00+00:00 -> 2020-05-20 00:00:00+00:00
2026-08-03 21:02:31.771 INFO DuckDB memory logs:
  database_name database_size  block_size  ...  wal_size  memory_usage  memory_limit
0   postgres_db       6.2 TiB           0  ...   0 bytes      80.9 GiB     228.8 GiB
1        memory       0 bytes           0  ...   0 bytes      80.9 GiB     228.8 GiB

[2 rows x 9 columns]
2026-08-03 21:02:31.772 INFO Loading data (2020-04-20 00:00:00+00:00 -> 2020-05-20 00:00:00+00:00) done in 662.31s (real) and 439.24s (process)
2026-08-03 21:02:31.772 INFO Memory usage (start of timestep, peak): 137.48 GiB
2026-08-03 21:02:31.772 INFO Memory usage (start of timestep, current): 82.87 GiB
2026-08-03 21:02:31.772 INFO Calculating metrics
2026-08-03 21:02:31.772 INFO Calculating metric: data_age_at_insertion
2026-08-03 21:23:11.727 INFO [data_age_at_insertion] Memory snapshot — total: 3124.56 MB
  active_by_value_id: 3124.54 MB (3070436 entries)
  property_totals: 0.01 MB (34 entries)
  global_totals: 0.00 MB (N/A entries)
  latest_result: 0.01 MB (34 entries)
  latest_statement_average_score: 0.00 MB (N/A entries)
2026-08-03 21:23:11.727 INFO Memory usage (end of timestep, peak): 137.48 GiB
2026-08-03 21:23:11.728 INFO Memory usage (end of timestep, current): 88.13 GiB
2026-08-03 21:23:11.728 INFO (Iteration 91) data_age_at_insertion: real 1239.95s | cpu 1146.45s
2026-08-03 21:23:11.728 INFO Iteration 91 finished in 1902.27s (real) and 1585.70s (process)
2026-08-03 21:23:11.729 INFO Start timestep 2020-05-20 00:00:00+00:00 -> 2020-06-19 00:00:00+00:00
2026-08-03 21:28:47.779 INFO DuckDB memory logs:
  database_name database_size  block_size  ...  wal_size  memory_usage  memory_limit
0   postgres_db       6.2 TiB           0  ...   0 bytes      46.1 GiB     228.8 GiB
1        memory       0 bytes           0  ...   0 bytes      46.1 GiB     228.8 GiB

[2 rows x 9 columns]
2026-08-03 21:28:47.779 INFO Loading data (2020-05-20 00:00:00+00:00 -> 2020-06-19 00:00:00+00:00) done in 336.05s (real) and 226.78s (process)
2026-08-03 21:28:47.780 INFO Memory usage (start of timestep, peak): 137.48 GiB
2026-08-03 21:28:47.780 INFO Memory usage (start of timestep, current): 50.70 GiB
2026-08-03 21:28:47.780 INFO Calculating metrics
2026-08-03 21:28:47.780 INFO Calculating metric: data_age_at_insertion
2026-08-03 21:39:21.043 INFO [data_age_at_insertion] Memory snapshot — total: 2870.71 MB
  active_by_value_id: 2870.69 MB (2807745 entries)
  property_totals: 0.01 MB (33 entries)
  global_totals: 0.00 MB (N/A entries)
  latest_result: 0.01 MB (33 entries)
  latest_statement_average_score: 0.00 MB (N/A entries)
2026-08-03 21:39:21.044 INFO Memory usage (end of timestep, peak): 137.48 GiB
2026-08-03 21:39:21.045 INFO Memory usage (end of timestep, current): 54.42 GiB
2026-08-03 21:39:21.045 INFO (Iteration 92) data_age_at_insertion: real 633.26s | cpu 541.59s
2026-08-03 21:39:21.045 INFO Iteration 92 finished in 969.32s (real) and 768.37s (process)
2026-08-03 21:39:21.045 INFO Start timestep 2020-06-19 00:00:00+00:00 -> 2020-07-19 00:00:00+00:00
2026-08-03 21:41:22.275 INFO DuckDB memory logs:
  database_name database_size  block_size  ...  wal_size  memory_usage  memory_limit
0   postgres_db       6.2 TiB           0  ...   0 bytes      15.3 GiB     228.8 GiB
1        memory       0 bytes           0  ...   0 bytes      15.3 GiB     228.8 GiB

[2 rows x 9 columns]
2026-08-03 21:41:22.276 INFO Loading data (2020-06-19 00:00:00+00:00 -> 2020-07-19 00:00:00+00:00) done in 121.23s (real) and 79.44s (process)
2026-08-03 21:41:22.276 INFO Memory usage (start of timestep, peak): 137.48 GiB
2026-08-03 21:41:22.276 INFO Memory usage (start of timestep, current): 20.62 GiB
2026-08-03 21:41:22.276 INFO Calculating metrics
2026-08-03 21:41:22.277 INFO Calculating metric: data_age_at_insertion
2026-08-03 21:46:20.991 INFO [data_age_at_insertion] Memory snapshot — total: 1905.27 MB
  active_by_value_id: 1905.25 MB (1821754 entries)
  property_totals: 0.01 MB (33 entries)
  global_totals: 0.00 MB (N/A entries)
  latest_result: 0.01 MB (33 entries)
  latest_statement_average_score: 0.00 MB (N/A entries)
2026-08-03 21:46:20.992 INFO Memory usage (end of timestep, peak): 137.48 GiB
2026-08-03 21:46:20.992 INFO Memory usage (end of timestep, current): 23.49 GiB
2026-08-03 21:46:20.993 INFO (Iteration 93) data_age_at_insertion: real 298.72s | cpu 241.83s
2026-08-03 21:46:20.993 INFO Iteration 93 finished in 419.95s (real) and 321.27s (process)
2026-08-03 21:46:20.994 INFO Start timestep 2020-07-19 00:00:00+00:00 -> 2020-08-18 00:00:00+00:00
2026-08-03 21:48:57.044 INFO DuckDB memory logs:
  database_name database_size  block_size  ...  wal_size  memory_usage  memory_limit
0   postgres_db       6.2 TiB           0  ...   0 bytes      20.9 GiB     228.8 GiB
1        memory       0 bytes           0  ...   0 bytes      20.9 GiB     228.8 GiB

[2 rows x 9 columns]
2026-08-03 21:48:57.045 INFO Loading data (2020-07-19 00:00:00+00:00 -> 2020-08-18 00:00:00+00:00) done in 156.05s (real) and 99.31s (process)
2026-08-03 21:48:57.045 INFO Memory usage (start of timestep, peak): 137.48 GiB
2026-08-03 21:48:57.045 INFO Memory usage (start of timestep, current): 26.04 GiB
2026-08-03 21:48:57.045 INFO Calculating metrics
2026-08-03 21:48:57.045 INFO Calculating metric: data_age_at_insertion
2026-08-03 21:53:27.450 INFO [data_age_at_insertion] Memory snapshot — total: 714.29 MB
  active_by_value_id: 714.27 MB (602934 entries)
  property_totals: 0.01 MB (30 entries)
  global_totals: 0.00 MB (N/A entries)
  latest_result: 0.01 MB (30 entries)
  latest_statement_average_score: 0.00 MB (N/A entries)
2026-08-03 21:53:27.451 INFO Memory usage (end of timestep, peak): 137.48 GiB
2026-08-03 21:53:27.451 INFO Memory usage (end of timestep, current): 27.13 GiB
2026-08-03 21:53:27.452 INFO (Iteration 94) data_age_at_insertion: real 270.41s | cpu 253.33s
2026-08-03 21:53:27.452 INFO Iteration 94 finished in 426.46s (real) and 352.65s (process)
2026-08-03 21:53:27.452 INFO Start timestep 2020-08-18 00:00:00+00:00 -> 2020-09-17 00:00:00+00:00
2026-08-03 21:55:08.223 INFO DuckDB memory logs:
  database_name database_size  block_size  ...  wal_size  memory_usage  memory_limit
0   postgres_db       6.2 TiB           0  ...   0 bytes      13.4 GiB     228.8 GiB
1        memory       0 bytes           0  ...   0 bytes      13.4 GiB     228.8 GiB

[2 rows x 9 columns]
2026-08-03 21:55:08.224 INFO Loading data (2020-08-18 00:00:00+00:00 -> 2020-09-17 00:00:00+00:00) done in 100.77s (real) and 87.45s (process)
2026-08-03 21:55:08.224 INFO Memory usage (start of timestep, peak): 137.48 GiB
2026-08-03 21:55:08.224 INFO Memory usage (start of timestep, current): 18.53 GiB
2026-08-03 21:55:08.224 INFO Calculating metrics
2026-08-03 21:55:08.225 INFO Calculating metric: data_age_at_insertion
2026-08-03 21:59:07.005 INFO [data_age_at_insertion] Memory snapshot — total: 613.90 MB
  active_by_value_id: 613.88 MB (500411 entries)
  property_totals: 0.01 MB (31 entries)
  global_totals: 0.00 MB (N/A entries)
  latest_result: 0.01 MB (31 entries)
  latest_statement_average_score: 0.00 MB (N/A entries)
2026-08-03 21:59:07.006 INFO Memory usage (end of timestep, peak): 137.48 GiB
2026-08-03 21:59:07.007 INFO Memory usage (end of timestep, current): 19.72 GiB
2026-08-03 21:59:07.007 INFO (Iteration 95) data_age_at_insertion: real 238.78s | cpu 223.37s
2026-08-03 21:59:07.007 INFO Iteration 95 finished in 339.55s (real) and 310.83s (process)
2026-08-03 21:59:07.008 INFO Start timestep 2020-09-17 00:00:00+00:00 -> 2020-10-17 00:00:00+00:00
2026-08-03 22:01:36.016 INFO DuckDB memory logs:
  database_name database_size  block_size  ...  wal_size  memory_usage  memory_limit
0   postgres_db       6.2 TiB           0  ...   0 bytes      13.0 GiB     228.8 GiB
1        memory       0 bytes           0  ...   0 bytes      13.0 GiB     228.8 GiB

[2 rows x 9 columns]
2026-08-03 22:01:36.017 INFO Loading data (2020-09-17 00:00:00+00:00 -> 2020-10-17 00:00:00+00:00) done in 149.01s (real) and 95.87s (process)
2026-08-03 22:01:36.018 INFO Memory usage (start of timestep, peak): 137.48 GiB
2026-08-03 22:01:36.018 INFO Memory usage (start of timestep, current): 19.81 GiB
2026-08-03 22:01:36.018 INFO Calculating metrics
2026-08-03 22:01:36.018 INFO Calculating metric: data_age_at_insertion
2026-08-03 22:04:43.073 INFO [data_age_at_insertion] Memory snapshot — total: 649.01 MB
  active_by_value_id: 648.98 MB (536174 entries)
  property_totals: 0.01 MB (34 entries)
  global_totals: 0.00 MB (N/A entries)
  latest_result: 0.01 MB (34 entries)
  latest_statement_average_score: 0.00 MB (N/A entries)
2026-08-03 22:04:43.074 INFO Memory usage (end of timestep, peak): 137.48 GiB
2026-08-03 22:04:43.074 INFO Memory usage (end of timestep, current): 20.97 GiB
2026-08-03 22:04:43.074 INFO (Iteration 96) data_age_at_insertion: real 187.06s | cpu 172.30s
2026-08-03 22:04:43.074 INFO Iteration 96 finished in 336.07s (real) and 268.17s (process)
2026-08-03 22:04:43.074 INFO Start timestep 2020-10-17 00:00:00+00:00 -> 2020-11-16 00:00:00+00:00
2026-08-03 22:06:25.119 INFO DuckDB memory logs:
  database_name database_size  block_size  ...  wal_size  memory_usage  memory_limit
0   postgres_db       6.2 TiB           0  ...   0 bytes      13.9 GiB     228.8 GiB
1        memory       0 bytes           0  ...   0 bytes      13.9 GiB     228.8 GiB

[2 rows x 9 columns]
2026-08-03 22:06:25.119 INFO Loading data (2020-10-17 00:00:00+00:00 -> 2020-11-16 00:00:00+00:00) done in 102.04s (real) and 67.11s (process)
2026-08-03 22:06:25.120 INFO Memory usage (start of timestep, peak): 137.48 GiB
2026-08-03 22:06:25.120 INFO Memory usage (start of timestep, current): 20.85 GiB
2026-08-03 22:06:25.120 INFO Calculating metrics
2026-08-03 22:06:25.120 INFO Calculating metric: data_age_at_insertion
2026-08-03 22:09:17.405 INFO [data_age_at_insertion] Memory snapshot — total: 624.09 MB
  active_by_value_id: 624.07 MB (510450 entries)
  property_totals: 0.01 MB (36 entries)
  global_totals: 0.00 MB (N/A entries)
  latest_result: 0.01 MB (36 entries)
  latest_statement_average_score: 0.00 MB (N/A entries)
2026-08-03 22:09:17.406 INFO Memory usage (end of timestep, peak): 137.48 GiB
2026-08-03 22:09:17.406 INFO Memory usage (end of timestep, current): 19.85 GiB
2026-08-03 22:09:17.406 INFO (Iteration 97) data_age_at_insertion: real 172.29s | cpu 156.92s
2026-08-03 22:09:17.406 INFO Iteration 97 finished in 274.33s (real) and 224.03s (process)
2026-08-03 22:09:17.407 INFO Start timestep 2020-11-16 00:00:00+00:00 -> 2020-12-16 00:00:00+00:00
2026-08-03 22:10:58.583 INFO DuckDB memory logs:
  database_name database_size  block_size  ...  wal_size  memory_usage  memory_limit
0   postgres_db       6.2 TiB           0  ...   0 bytes      13.9 GiB     228.8 GiB
1        memory       0 bytes           0  ...   0 bytes      13.9 GiB     228.8 GiB

[2 rows x 9 columns]
2026-08-03 22:10:58.583 INFO Loading data (2020-11-16 00:00:00+00:00 -> 2020-12-16 00:00:00+00:00) done in 101.18s (real) and 67.36s (process)
2026-08-03 22:10:58.584 INFO Memory usage (start of timestep, peak): 137.48 GiB
2026-08-03 22:10:58.584 INFO Memory usage (start of timestep, current): 18.60 GiB
2026-08-03 22:10:58.584 INFO Calculating metrics
2026-08-03 22:10:58.584 INFO Calculating metric: data_age_at_insertion
2026-08-03 22:14:40.052 INFO [data_age_at_insertion] Memory snapshot — total: 686.66 MB
  active_by_value_id: 686.64 MB (574575 entries)
  property_totals: 0.01 MB (35 entries)
  global_totals: 0.00 MB (N/A entries)
  latest_result: 0.01 MB (35 entries)
  latest_statement_average_score: 0.00 MB (N/A entries)
2026-08-03 22:14:40.053 INFO Memory usage (end of timestep, peak): 137.48 GiB
2026-08-03 22:14:40.053 INFO Memory usage (end of timestep, current): 19.92 GiB
2026-08-03 22:14:40.053 INFO (Iteration 98) data_age_at_insertion: real 221.47s | cpu 203.41s
2026-08-03 22:14:40.053 INFO Iteration 98 finished in 322.65s (real) and 270.76s (process)
2026-08-03 22:14:40.054 INFO Start timestep 2020-12-16 00:00:00+00:00 -> 2021-01-15 00:00:00+00:00
2026-08-03 22:16:20.348 INFO DuckDB memory logs:
  database_name database_size  block_size  ...  wal_size  memory_usage  memory_limit
0   postgres_db       6.2 TiB           0  ...   0 bytes      14.4 GiB     228.8 GiB
1        memory       0 bytes           0  ...   0 bytes      14.4 GiB     228.8 GiB

[2 rows x 9 columns]
2026-08-03 22:16:20.349 INFO Loading data (2020-12-16 00:00:00+00:00 -> 2021-01-15 00:00:00+00:00) done in 100.29s (real) and 68.74s (process)
2026-08-03 22:16:20.349 INFO Memory usage (start of timestep, peak): 137.48 GiB
2026-08-03 22:16:20.349 INFO Memory usage (start of timestep, current): 19.01 GiB
2026-08-03 22:16:20.349 INFO Calculating metrics
2026-08-03 22:16:20.349 INFO Calculating metric: data_age_at_insertion
2026-08-03 22:19:27.800 INFO [data_age_at_insertion] Memory snapshot — total: 667.95 MB
  active_by_value_id: 667.93 MB (555438 entries)
  property_totals: 0.01 MB (32 entries)
  global_totals: 0.00 MB (N/A entries)
  latest_result: 0.01 MB (32 entries)
  latest_statement_average_score: 0.00 MB (N/A entries)
2026-08-03 22:19:27.801 INFO Memory usage (end of timestep, peak): 137.48 GiB
2026-08-03 22:19:27.801 INFO Memory usage (end of timestep, current): 20.33 GiB
2026-08-03 22:19:27.801 INFO (Iteration 99) data_age_at_insertion: real 187.45s | cpu 171.56s
2026-08-03 22:19:27.801 INFO Iteration 99 finished in 287.75s (real) and 240.30s (process)
2026-08-03 22:19:27.802 INFO Start timestep 2021-01-15 00:00:00+00:00 -> 2021-02-14 00:00:00+00:00
2026-08-03 22:21:42.189 INFO DuckDB memory logs:
  database_name database_size  block_size  ...  wal_size  memory_usage  memory_limit
0   postgres_db       6.2 TiB           0  ...   0 bytes      18.2 GiB     228.8 GiB
1        memory       0 bytes           0  ...   0 bytes      18.2 GiB     228.8 GiB

[2 rows x 9 columns]
2026-08-03 22:21:42.190 INFO Loading data (2021-01-15 00:00:00+00:00 -> 2021-02-14 00:00:00+00:00) done in 134.39s (real) and 203.81s (process)
2026-08-03 22:21:42.190 INFO Memory usage (start of timestep, peak): 137.48 GiB
2026-08-03 22:21:42.190 INFO Memory usage (start of timestep, current): 22.78 GiB
2026-08-03 22:21:42.190 INFO Calculating metrics
2026-08-03 22:21:42.190 INFO Calculating metric: data_age_at_insertion
2026-08-03 22:23:59.681 INFO [data_age_at_insertion] Memory snapshot — total: 520.79 MB
  active_by_value_id: 520.77 MB (408089 entries)
  property_totals: 0.01 MB (32 entries)
  global_totals: 0.00 MB (N/A entries)
  latest_result: 0.01 MB (32 entries)
  latest_statement_average_score: 0.00 MB (N/A entries)
2026-08-03 22:23:59.682 INFO Memory usage (end of timestep, peak): 137.48 GiB
2026-08-03 22:23:59.682 INFO Memory usage (end of timestep, current): 23.51 GiB
2026-08-03 22:23:59.682 INFO (Iteration 100) data_age_at_insertion: real 137.49s | cpu 125.54s
2026-08-03 22:23:59.682 INFO Iteration 100 finished in 271.88s (real) and 329.35s (process)
2026-08-03 22:23:59.683 INFO Start timestep 2021-02-14 00:00:00+00:00 -> 2021-03-16 00:00:00+00:00
2026-08-03 22:30:47.665 INFO DuckDB memory logs:
  database_name database_size  block_size  ...  wal_size  memory_usage  memory_limit
0   postgres_db       6.2 TiB           0  ...   0 bytes      57.3 GiB     228.8 GiB
1        memory       0 bytes           0  ...   0 bytes      57.3 GiB     228.8 GiB

[2 rows x 9 columns]
2026-08-03 22:30:47.666 INFO Loading data (2021-02-14 00:00:00+00:00 -> 2021-03-16 00:00:00+00:00) done in 407.98s (real) and 269.11s (process)
2026-08-03 22:30:47.666 INFO Memory usage (start of timestep, peak): 137.48 GiB
2026-08-03 22:30:47.666 INFO Memory usage (start of timestep, current): 61.01 GiB
2026-08-03 22:30:47.666 INFO Calculating metrics
2026-08-03 22:30:47.666 INFO Calculating metric: data_age_at_insertion
2026-08-03 22:32:21.032 INFO [data_age_at_insertion] Memory snapshot — total: 295.34 MB
  active_by_value_id: 295.32 MB (179642 entries)
  property_totals: 0.01 MB (30 entries)
  global_totals: 0.00 MB (N/A entries)
  latest_result: 0.01 MB (30 entries)
  latest_statement_average_score: 0.00 MB (N/A entries)
2026-08-03 22:32:21.032 INFO Memory usage (end of timestep, peak): 137.48 GiB
2026-08-03 22:32:21.033 INFO Memory usage (end of timestep, current): 61.40 GiB
2026-08-03 22:32:21.033 INFO (Iteration 101) data_age_at_insertion: real 93.37s | cpu 91.04s
2026-08-03 22:32:21.033 INFO Iteration 101 finished in 501.35s (real) and 360.15s (process)
2026-08-03 22:32:21.034 INFO Start timestep 2021-03-16 00:00:00+00:00 -> 2021-04-15 00:00:00+00:00
2026-08-03 22:38:36.502 INFO DuckDB memory logs:
  database_name database_size  block_size  ...  wal_size  memory_usage  memory_limit
0   postgres_db       6.2 TiB           0  ...   0 bytes      50.8 GiB     228.8 GiB
1        memory       0 bytes           0  ...   0 bytes      50.8 GiB     228.8 GiB

[2 rows x 9 columns]
2026-08-03 22:38:36.503 INFO Loading data (2021-03-16 00:00:00+00:00 -> 2021-04-15 00:00:00+00:00) done in 375.47s (real) and 241.54s (process)
2026-08-03 22:38:36.503 INFO Memory usage (start of timestep, peak): 137.48 GiB
2026-08-03 22:38:36.503 INFO Memory usage (start of timestep, current): 54.65 GiB
2026-08-03 22:38:36.503 INFO Calculating metrics
2026-08-03 22:38:36.503 INFO Calculating metric: data_age_at_insertion
2026-08-03 22:40:16.060 INFO [data_age_at_insertion] Memory snapshot — total: 199.65 MB
  active_by_value_id: 199.63 MB (83925 entries)
  property_totals: 0.01 MB (32 entries)
  global_totals: 0.00 MB (N/A entries)
  latest_result: 0.01 MB (32 entries)
  latest_statement_average_score: 0.00 MB (N/A entries)
2026-08-03 22:40:16.061 INFO Memory usage (end of timestep, peak): 137.48 GiB
2026-08-03 22:40:16.061 INFO Memory usage (end of timestep, current): 54.83 GiB
2026-08-03 22:40:16.061 INFO (Iteration 102) data_age_at_insertion: real 99.56s | cpu 100.39s
2026-08-03 22:40:16.061 INFO Iteration 102 finished in 475.03s (real) and 341.94s (process)
2026-08-03 22:40:16.061 INFO Start timestep 2021-04-15 00:00:00+00:00 -> 2021-05-15 00:00:00+00:00
2026-08-03 22:45:55.785 INFO DuckDB memory logs:
  database_name database_size  block_size  ...  wal_size  memory_usage  memory_limit
0   postgres_db       6.2 TiB           0  ...   0 bytes      47.5 GiB     228.8 GiB
1        memory       0 bytes           0  ...   0 bytes      47.5 GiB     228.8 GiB

[2 rows x 9 columns]
2026-08-03 22:45:55.786 INFO Loading data (2021-04-15 00:00:00+00:00 -> 2021-05-15 00:00:00+00:00) done in 339.72s (real) and 213.53s (process)
2026-08-03 22:45:55.786 INFO Memory usage (start of timestep, peak): 137.48 GiB
2026-08-03 22:45:55.786 INFO Memory usage (start of timestep, current): 51.42 GiB
2026-08-03 22:45:55.786 INFO Calculating metrics
2026-08-03 22:45:55.786 INFO Calculating metric: data_age_at_insertion
2026-08-03 22:47:00.039 INFO [data_age_at_insertion] Memory snapshot — total: 205.68 MB
  active_by_value_id: 205.66 MB (90077 entries)
  property_totals: 0.01 MB (34 entries)
  global_totals: 0.00 MB (N/A entries)
  latest_result: 0.01 MB (34 entries)
  latest_statement_average_score: 0.00 MB (N/A entries)
2026-08-03 22:47:00.040 INFO Memory usage (end of timestep, peak): 137.48 GiB
2026-08-03 22:47:00.040 INFO Memory usage (end of timestep, current): 51.55 GiB
2026-08-03 22:47:00.040 INFO (Iteration 103) data_age_at_insertion: real 64.25s | cpu 64.36s
2026-08-03 22:47:00.040 INFO Iteration 103 finished in 403.98s (real) and 277.89s (process)
2026-08-03 22:47:00.040 INFO Start timestep 2021-05-15 00:00:00+00:00 -> 2021-06-14 00:00:00+00:00
2026-08-03 22:48:59.215 INFO DuckDB memory logs:
  database_name database_size  block_size  ...  wal_size  memory_usage  memory_limit
0   postgres_db       6.2 TiB           0  ...   0 bytes      16.4 GiB     228.8 GiB
1        memory       0 bytes           0  ...   0 bytes      16.4 GiB     228.8 GiB

[2 rows x 9 columns]
2026-08-03 22:48:59.216 INFO Loading data (2021-05-15 00:00:00+00:00 -> 2021-06-14 00:00:00+00:00) done in 119.18s (real) and 76.46s (process)
2026-08-03 22:48:59.216 INFO Memory usage (start of timestep, peak): 137.48 GiB
2026-08-03 22:48:59.216 INFO Memory usage (start of timestep, current): 20.81 GiB
2026-08-03 22:48:59.216 INFO Calculating metrics
2026-08-03 22:48:59.216 INFO Calculating metric: data_age_at_insertion
2026-08-03 22:49:52.334 INFO [data_age_at_insertion] Memory snapshot — total: 204.35 MB
  active_by_value_id: 204.32 MB (88741 entries)
  property_totals: 0.01 MB (35 entries)
  global_totals: 0.00 MB (N/A entries)
  latest_result: 0.01 MB (35 entries)
  latest_statement_average_score: 0.00 MB (N/A entries)
2026-08-03 22:49:52.334 INFO Memory usage (end of timestep, peak): 137.48 GiB
2026-08-03 22:49:52.334 INFO Memory usage (end of timestep, current): 20.94 GiB
2026-08-03 22:49:52.334 INFO (Iteration 104) data_age_at_insertion: real 53.12s | cpu 51.59s
2026-08-03 22:49:52.334 INFO Iteration 104 finished in 172.29s (real) and 128.05s (process)
2026-08-03 22:49:52.334 INFO Start timestep 2021-06-14 00:00:00+00:00 -> 2021-07-14 00:00:00+00:00
2026-08-03 22:53:26.497 INFO DuckDB memory logs:
  database_name database_size  block_size  ...  wal_size  memory_usage  memory_limit
0   postgres_db       6.2 TiB           0  ...   0 bytes      29.7 GiB     228.8 GiB
1        memory       0 bytes           0  ...   0 bytes      29.7 GiB     228.8 GiB

[2 rows x 9 columns]
2026-08-03 22:53:26.498 INFO Loading data (2021-06-14 00:00:00+00:00 -> 2021-07-14 00:00:00+00:00) done in 214.16s (real) and 178.67s (process)
2026-08-03 22:53:26.498 INFO Memory usage (start of timestep, peak): 137.48 GiB
2026-08-03 22:53:26.498 INFO Memory usage (start of timestep, current): 33.87 GiB
2026-08-03 22:53:26.498 INFO Calculating metrics
2026-08-03 22:53:26.498 INFO Calculating metric: data_age_at_insertion
2026-08-03 22:54:07.009 INFO [data_age_at_insertion] Memory snapshot — total: 188.49 MB
  active_by_value_id: 188.47 MB (72526 entries)
  property_totals: 0.01 MB (34 entries)
  global_totals: 0.00 MB (N/A entries)
  latest_result: 0.01 MB (34 entries)
  latest_statement_average_score: 0.00 MB (N/A entries)
2026-08-03 22:54:07.009 INFO Memory usage (end of timestep, peak): 137.48 GiB
2026-08-03 22:54:07.009 INFO Memory usage (end of timestep, current): 34.03 GiB
2026-08-03 22:54:07.009 INFO (Iteration 105) data_age_at_insertion: real 40.51s | cpu 39.50s
2026-08-03 22:54:07.009 INFO Iteration 105 finished in 254.67s (real) and 218.17s (process)
2026-08-03 22:54:07.009 INFO Start timestep 2021-07-14 00:00:00+00:00 -> 2021-08-13 00:00:00+00:00
2026-08-03 22:56:58.273 INFO DuckDB memory logs:
  database_name database_size  block_size  ...  wal_size  memory_usage  memory_limit
0   postgres_db       6.2 TiB           0  ...   0 bytes      24.1 GiB     228.8 GiB
1        memory       0 bytes           0  ...   0 bytes      24.1 GiB     228.8 GiB

[2 rows x 9 columns]
2026-08-03 22:56:58.275 INFO Loading data (2021-07-14 00:00:00+00:00 -> 2021-08-13 00:00:00+00:00) done in 171.27s (real) and 146.24s (process)
2026-08-03 22:56:58.275 INFO Memory usage (start of timestep, peak): 137.48 GiB
2026-08-03 22:56:58.275 INFO Memory usage (start of timestep, current): 28.40 GiB
2026-08-03 22:56:58.275 INFO Calculating metrics
2026-08-03 22:56:58.275 INFO Calculating metric: data_age_at_insertion
2026-08-03 22:57:46.734 INFO [data_age_at_insertion] Memory snapshot — total: 172.01 MB
  active_by_value_id: 171.98 MB (55686 entries)
  property_totals: 0.01 MB (36 entries)
  global_totals: 0.00 MB (N/A entries)
  latest_result: 0.01 MB (36 entries)
  latest_statement_average_score: 0.00 MB (N/A entries)
2026-08-03 22:57:46.735 INFO Memory usage (end of timestep, peak): 137.48 GiB
2026-08-03 22:57:46.735 INFO Memory usage (end of timestep, current): 28.55 GiB
2026-08-03 22:57:46.735 INFO (Iteration 106) data_age_at_insertion: real 48.46s | cpu 47.98s
2026-08-03 22:57:46.735 INFO Iteration 106 finished in 219.73s (real) and 194.22s (process)
2026-08-03 22:57:46.735 INFO Start timestep 2021-08-13 00:00:00+00:00 -> 2021-09-12 00:00:00+00:00
2026-08-03 23:02:11.962 INFO DuckDB memory logs:
  database_name database_size  block_size  ...  wal_size  memory_usage  memory_limit
0   postgres_db       6.2 TiB           0  ...   0 bytes      37.4 GiB     228.8 GiB
1        memory       0 bytes           0  ...   0 bytes      37.4 GiB     228.8 GiB

[2 rows x 9 columns]
2026-08-03 23:02:11.963 INFO Loading data (2021-08-13 00:00:00+00:00 -> 2021-09-12 00:00:00+00:00) done in 265.23s (real) and 184.16s (process)
2026-08-03 23:02:11.963 INFO Memory usage (start of timestep, peak): 137.48 GiB
2026-08-03 23:02:11.963 INFO Memory usage (start of timestep, current): 41.37 GiB
2026-08-03 23:02:11.964 INFO Calculating metrics
2026-08-03 23:02:11.964 INFO Calculating metric: data_age_at_insertion
2026-08-03 23:03:55.537 INFO [data_age_at_insertion] Memory snapshot — total: 190.58 MB
  active_by_value_id: 190.55 MB (74745 entries)
  property_totals: 0.01 MB (35 entries)
  global_totals: 0.00 MB (N/A entries)
  latest_result: 0.01 MB (35 entries)
  latest_statement_average_score: 0.00 MB (N/A entries)
2026-08-03 23:03:55.538 INFO Memory usage (end of timestep, peak): 137.48 GiB
2026-08-03 23:03:55.538 INFO Memory usage (end of timestep, current): 41.59 GiB
2026-08-03 23:03:55.538 INFO (Iteration 107) data_age_at_insertion: real 103.57s | cpu 103.09s
2026-08-03 23:03:55.538 INFO Iteration 107 finished in 368.80s (real) and 287.25s (process)
2026-08-03 23:03:55.539 INFO Start timestep 2021-09-12 00:00:00+00:00 -> 2021-10-12 00:00:00+00:00
2026-08-03 23:05:01.682 INFO DuckDB memory logs:
  database_name database_size  block_size  ...  wal_size  memory_usage  memory_limit
0   postgres_db       6.2 TiB           0  ...   0 bytes       9.2 GiB     228.8 GiB
1        memory       0 bytes           0  ...   0 bytes       9.2 GiB     228.8 GiB

[2 rows x 9 columns]
2026-08-03 23:05:01.683 INFO Loading data (2021-09-12 00:00:00+00:00 -> 2021-10-12 00:00:00+00:00) done in 66.14s (real) and 46.58s (process)
2026-08-03 23:05:01.683 INFO Memory usage (start of timestep, peak): 137.48 GiB
2026-08-03 23:05:01.683 INFO Memory usage (start of timestep, current): 13.73 GiB
2026-08-03 23:05:01.683 INFO Calculating metrics
2026-08-03 23:05:01.683 INFO Calculating metric: data_age_at_insertion
2026-08-03 23:05:51.412 INFO [data_age_at_insertion] Memory snapshot — total: 187.87 MB
  active_by_value_id: 187.85 MB (71968 entries)
  property_totals: 0.01 MB (34 entries)
  global_totals: 0.00 MB (N/A entries)
  latest_result: 0.01 MB (34 entries)
  latest_statement_average_score: 0.00 MB (N/A entries)
2026-08-03 23:05:51.412 INFO Memory usage (end of timestep, peak): 137.48 GiB
2026-08-03 23:05:51.412 INFO Memory usage (end of timestep, current): 13.89 GiB
2026-08-03 23:05:51.412 INFO (Iteration 108) data_age_at_insertion: real 49.73s | cpu 48.22s
2026-08-03 23:05:51.412 INFO Iteration 108 finished in 115.87s (real) and 94.80s (process)
2026-08-03 23:05:51.412 INFO Start timestep 2021-10-12 00:00:00+00:00 -> 2021-11-11 00:00:00+00:00
2026-08-03 23:07:26.464 INFO DuckDB memory logs:
  database_name database_size  block_size  ...  wal_size  memory_usage  memory_limit
0   postgres_db       6.2 TiB           0  ...   0 bytes      13.4 GiB     228.8 GiB
1        memory       0 bytes           0  ...   0 bytes      13.4 GiB     228.8 GiB

[2 rows x 9 columns]
2026-08-03 23:07:26.465 INFO Loading data (2021-10-12 00:00:00+00:00 -> 2021-11-11 00:00:00+00:00) done in 95.05s (real) and 64.09s (process)
2026-08-03 23:07:26.465 INFO Memory usage (start of timestep, peak): 137.48 GiB
2026-08-03 23:07:26.465 INFO Memory usage (start of timestep, current): 17.81 GiB
2026-08-03 23:07:26.465 INFO Calculating metrics
2026-08-03 23:07:26.465 INFO Calculating metric: data_age_at_insertion
2026-08-03 23:08:17.041 INFO [data_age_at_insertion] Memory snapshot — total: 199.76 MB
  active_by_value_id: 199.74 MB (84127 entries)
  property_totals: 0.01 MB (34 entries)
  global_totals: 0.00 MB (N/A entries)
  latest_result: 0.01 MB (34 entries)
  latest_statement_average_score: 0.00 MB (N/A entries)
2026-08-03 23:08:17.041 INFO Memory usage (end of timestep, peak): 137.48 GiB
2026-08-03 23:08:17.041 INFO Memory usage (end of timestep, current): 17.99 GiB
2026-08-03 23:08:17.041 INFO (Iteration 109) data_age_at_insertion: real 50.58s | cpu 49.18s
2026-08-03 23:08:17.041 INFO Iteration 109 finished in 145.63s (real) and 113.27s (process)
2026-08-03 23:08:17.041 INFO Start timestep 2021-11-11 00:00:00+00:00 -> 2021-12-11 00:00:00+00:00
2026-08-03 23:09:25.598 INFO DuckDB memory logs:
  database_name database_size  block_size  ...  wal_size  memory_usage  memory_limit
0   postgres_db       6.2 TiB           0  ...   0 bytes       9.5 GiB     228.8 GiB
1        memory       0 bytes           0  ...   0 bytes       9.5 GiB     228.8 GiB

[2 rows x 9 columns]
2026-08-03 23:09:25.599 INFO Loading data (2021-11-11 00:00:00+00:00 -> 2021-12-11 00:00:00+00:00) done in 68.56s (real) and 47.11s (process)
2026-08-03 23:09:25.599 INFO Memory usage (start of timestep, peak): 137.48 GiB
2026-08-03 23:09:25.599 INFO Memory usage (start of timestep, current): 13.98 GiB
2026-08-03 23:09:25.599 INFO Calculating metrics
2026-08-03 23:09:25.599 INFO Calculating metric: data_age_at_insertion
2026-08-03 23:10:30.841 INFO [data_age_at_insertion] Memory snapshot — total: 180.67 MB
  active_by_value_id: 180.64 MB (64560 entries)
  property_totals: 0.01 MB (35 entries)
  global_totals: 0.00 MB (N/A entries)
  latest_result: 0.01 MB (35 entries)
  latest_statement_average_score: 0.00 MB (N/A entries)
2026-08-03 23:10:30.842 INFO Memory usage (end of timestep, peak): 137.48 GiB
2026-08-03 23:10:30.842 INFO Memory usage (end of timestep, current): 14.15 GiB
2026-08-03 23:10:30.842 INFO (Iteration 110) data_age_at_insertion: real 65.24s | cpu 64.40s
2026-08-03 23:10:30.842 INFO Iteration 110 finished in 133.80s (real) and 111.51s (process)
2026-08-03 23:10:30.842 INFO Start timestep 2021-12-11 00:00:00+00:00 -> 2022-01-10 00:00:00+00:00
2026-08-03 23:11:44.092 INFO DuckDB memory logs:
  database_name database_size  block_size  ...  wal_size  memory_usage  memory_limit
0   postgres_db       6.2 TiB           0  ...   0 bytes      10.2 GiB     228.8 GiB
1        memory       0 bytes           0  ...   0 bytes      10.2 GiB     228.8 GiB

[2 rows x 9 columns]
2026-08-03 23:11:44.093 INFO Loading data (2021-12-11 00:00:00+00:00 -> 2022-01-10 00:00:00+00:00) done in 73.25s (real) and 51.40s (process)
2026-08-03 23:11:44.093 INFO Memory usage (start of timestep, peak): 137.48 GiB
2026-08-03 23:11:44.093 INFO Memory usage (start of timestep, current): 14.67 GiB
2026-08-03 23:11:44.093 INFO Calculating metrics
2026-08-03 23:11:44.093 INFO Calculating metric: data_age_at_insertion
2026-08-03 23:12:47.845 INFO [data_age_at_insertion] Memory snapshot — total: 184.54 MB
  active_by_value_id: 184.52 MB (68531 entries)
  property_totals: 0.01 MB (36 entries)
  global_totals: 0.00 MB (N/A entries)
  latest_result: 0.01 MB (36 entries)
  latest_statement_average_score: 0.00 MB (N/A entries)
2026-08-03 23:12:47.845 INFO Memory usage (end of timestep, peak): 137.48 GiB
2026-08-03 23:12:47.845 INFO Memory usage (end of timestep, current): 14.85 GiB
2026-08-03 23:12:47.845 INFO (Iteration 111) data_age_at_insertion: real 63.75s | cpu 62.04s
2026-08-03 23:12:47.845 INFO Iteration 111 finished in 137.00s (real) and 113.45s (process)
2026-08-03 23:12:47.845 INFO Start timestep 2022-01-10 00:00:00+00:00 -> 2022-02-09 00:00:00+00:00
2026-08-03 23:13:52.618 INFO DuckDB memory logs:
  database_name database_size  block_size  ...  wal_size  memory_usage  memory_limit
0   postgres_db       6.2 TiB           0  ...   0 bytes       8.5 GiB     228.8 GiB
1        memory       0 bytes           0  ...   0 bytes       8.5 GiB     228.8 GiB

[2 rows x 9 columns]
2026-08-03 23:13:52.618 INFO Loading data (2022-01-10 00:00:00+00:00 -> 2022-02-09 00:00:00+00:00) done in 64.77s (real) and 55.32s (process)
2026-08-03 23:13:52.618 INFO Memory usage (start of timestep, peak): 137.48 GiB
2026-08-03 23:13:52.619 INFO Memory usage (start of timestep, current): 13.03 GiB
2026-08-03 23:13:52.619 INFO Calculating metrics
2026-08-03 23:13:52.619 INFO Calculating metric: data_age_at_insertion
2026-08-03 23:14:46.582 INFO [data_age_at_insertion] Memory snapshot — total: 198.95 MB
  active_by_value_id: 198.93 MB (83198 entries)
  property_totals: 0.01 MB (38 entries)
  global_totals: 0.00 MB (N/A entries)
  latest_result: 0.01 MB (38 entries)
  latest_statement_average_score: 0.00 MB (N/A entries)
2026-08-03 23:14:46.582 INFO Memory usage (end of timestep, peak): 137.48 GiB
2026-08-03 23:14:46.583 INFO Memory usage (end of timestep, current): 13.08 GiB
2026-08-03 23:14:46.583 INFO (Iteration 112) data_age_at_insertion: real 53.96s | cpu 51.92s
2026-08-03 23:14:46.583 INFO Iteration 112 finished in 118.74s (real) and 107.24s (process)
2026-08-03 23:14:46.583 INFO Start timestep 2022-02-09 00:00:00+00:00 -> 2022-03-11 00:00:00+00:00
2026-08-03 23:16:03.993 INFO DuckDB memory logs:
  database_name database_size  block_size  ...  wal_size  memory_usage  memory_limit
0   postgres_db       6.2 TiB           0  ...   0 bytes      10.8 GiB     228.8 GiB
1        memory       0 bytes           0  ...   0 bytes      10.8 GiB     228.8 GiB

[2 rows x 9 columns]
2026-08-03 23:16:03.994 INFO Loading data (2022-02-09 00:00:00+00:00 -> 2022-03-11 00:00:00+00:00) done in 77.41s (real) and 51.33s (process)
2026-08-03 23:16:03.994 INFO Memory usage (start of timestep, peak): 137.48 GiB
2026-08-03 23:16:03.994 INFO Memory usage (start of timestep, current): 15.16 GiB
2026-08-03 23:16:03.994 INFO Calculating metrics
2026-08-03 23:16:03.994 INFO Calculating metric: data_age_at_insertion
2026-08-03 23:16:49.591 INFO [data_age_at_insertion] Memory snapshot — total: 206.36 MB
  active_by_value_id: 206.33 MB (90760 entries)
  property_totals: 0.01 MB (38 entries)
  global_totals: 0.00 MB (N/A entries)
  latest_result: 0.01 MB (38 entries)
  latest_statement_average_score: 0.00 MB (N/A entries)
2026-08-03 23:16:49.591 INFO Memory usage (end of timestep, peak): 137.48 GiB
2026-08-03 23:16:49.591 INFO Memory usage (end of timestep, current): 15.35 GiB
2026-08-03 23:16:49.591 INFO (Iteration 113) data_age_at_insertion: real 45.60s | cpu 43.22s
2026-08-03 23:16:49.591 INFO Iteration 113 finished in 123.01s (real) and 94.55s (process)
2026-08-03 23:16:49.591 INFO Start timestep 2022-03-11 00:00:00+00:00 -> 2022-04-10 00:00:00+00:00
2026-08-03 23:17:57.210 INFO DuckDB memory logs:
  database_name database_size  block_size  ...  wal_size  memory_usage  memory_limit
0   postgres_db       6.2 TiB           0  ...   0 bytes       9.6 GiB     228.8 GiB
1        memory       0 bytes           0  ...   0 bytes       9.6 GiB     228.8 GiB

[2 rows x 9 columns]
2026-08-03 23:17:57.211 INFO Loading data (2022-03-11 00:00:00+00:00 -> 2022-04-10 00:00:00+00:00) done in 67.62s (real) and 79.51s (process)
2026-08-03 23:17:57.211 INFO Memory usage (start of timestep, peak): 137.48 GiB
2026-08-03 23:17:57.211 INFO Memory usage (start of timestep, current): 13.98 GiB
2026-08-03 23:17:57.211 INFO Calculating metrics
2026-08-03 23:17:57.211 INFO Calculating metric: data_age_at_insertion
2026-08-03 23:19:03.922 INFO [data_age_at_insertion] Memory snapshot — total: 216.22 MB
  active_by_value_id: 216.20 MB (100825 entries)
  property_totals: 0.01 MB (39 entries)
  global_totals: 0.00 MB (N/A entries)
  latest_result: 0.01 MB (39 entries)
  latest_statement_average_score: 0.00 MB (N/A entries)
2026-08-03 23:19:03.923 INFO Memory usage (end of timestep, peak): 137.48 GiB
2026-08-03 23:19:03.923 INFO Memory usage (end of timestep, current): 14.20 GiB
2026-08-03 23:19:03.924 INFO (Iteration 114) data_age_at_insertion: real 66.71s | cpu 64.15s
2026-08-03 23:19:03.924 INFO Iteration 114 finished in 134.33s (real) and 143.66s (process)
2026-08-03 23:19:03.924 INFO Start timestep 2022-04-10 00:00:00+00:00 -> 2022-05-10 00:00:00+00:00
2026-08-03 23:20:39.504 INFO DuckDB memory logs:
  database_name database_size  block_size  ...  wal_size  memory_usage  memory_limit
0   postgres_db       6.2 TiB           0  ...   0 bytes      13.8 GiB     228.8 GiB
1        memory       0 bytes           0  ...   0 bytes      13.8 GiB     228.8 GiB

[2 rows x 9 columns]
2026-08-03 23:20:39.505 INFO Loading data (2022-04-10 00:00:00+00:00 -> 2022-05-10 00:00:00+00:00) done in 95.58s (real) and 65.80s (process)
2026-08-03 23:20:39.505 INFO Memory usage (start of timestep, peak): 137.48 GiB
2026-08-03 23:20:39.505 INFO Memory usage (start of timestep, current): 18.11 GiB
2026-08-03 23:20:39.505 INFO Calculating metrics
2026-08-03 23:20:39.505 INFO Calculating metric: data_age_at_insertion
2026-08-03 23:21:33.936 INFO [data_age_at_insertion] Memory snapshot — total: 206.38 MB
  active_by_value_id: 206.36 MB (90792 entries)
  property_totals: 0.01 MB (38 entries)
  global_totals: 0.00 MB (N/A entries)
  latest_result: 0.01 MB (38 entries)
  latest_statement_average_score: 0.00 MB (N/A entries)
2026-08-03 23:21:33.937 INFO Memory usage (end of timestep, peak): 137.48 GiB
2026-08-03 23:21:33.937 INFO Memory usage (end of timestep, current): 18.28 GiB
2026-08-03 23:21:33.937 INFO (Iteration 115) data_age_at_insertion: real 54.43s | cpu 52.01s
2026-08-03 23:21:33.937 INFO Iteration 115 finished in 150.01s (real) and 117.82s (process)
2026-08-03 23:21:33.937 INFO Start timestep 2022-05-10 00:00:00+00:00 -> 2022-06-09 00:00:00+00:00
2026-08-03 23:22:57.284 INFO DuckDB memory logs:
  database_name database_size  block_size  ...  wal_size  memory_usage  memory_limit
0   postgres_db       6.2 TiB           0  ...   0 bytes      12.3 GiB     228.8 GiB
1        memory       0 bytes           0  ...   0 bytes      12.3 GiB     228.8 GiB

[2 rows x 9 columns]
2026-08-03 23:22:57.285 INFO Loading data (2022-05-10 00:00:00+00:00 -> 2022-06-09 00:00:00+00:00) done in 83.35s (real) and 56.82s (process)
2026-08-03 23:22:57.285 INFO Memory usage (start of timestep, peak): 137.48 GiB
2026-08-03 23:22:57.285 INFO Memory usage (start of timestep, current): 16.61 GiB
2026-08-03 23:22:57.285 INFO Calculating metrics
2026-08-03 23:22:57.285 INFO Calculating metric: data_age_at_insertion
2026-08-03 23:24:00.335 INFO [data_age_at_insertion] Memory snapshot — total: 224.23 MB
  active_by_value_id: 224.20 MB (108983 entries)
  property_totals: 0.01 MB (37 entries)
  global_totals: 0.00 MB (N/A entries)
  latest_result: 0.01 MB (37 entries)
  latest_statement_average_score: 0.00 MB (N/A entries)
2026-08-03 23:24:00.335 INFO Memory usage (end of timestep, peak): 137.48 GiB
2026-08-03 23:24:00.335 INFO Memory usage (end of timestep, current): 16.92 GiB
2026-08-03 23:24:00.335 INFO (Iteration 116) data_age_at_insertion: real 63.05s | cpu 60.69s
2026-08-03 23:24:00.335 INFO Iteration 116 finished in 146.40s (real) and 117.51s (process)
2026-08-03 23:24:00.335 INFO Start timestep 2022-06-09 00:00:00+00:00 -> 2022-07-09 00:00:00+00:00
2026-08-03 23:26:20.285 INFO DuckDB memory logs:
  database_name database_size  block_size  ...  wal_size  memory_usage  memory_limit
0   postgres_db       6.2 TiB           0  ...   0 bytes      20.0 GiB     228.8 GiB
1        memory       0 bytes           0  ...   0 bytes      20.0 GiB     228.8 GiB

[2 rows x 9 columns]
2026-08-03 23:26:20.286 INFO Loading data (2022-06-09 00:00:00+00:00 -> 2022-07-09 00:00:00+00:00) done in 139.95s (real) and 89.61s (process)
2026-08-03 23:26:20.286 INFO Memory usage (start of timestep, peak): 137.48 GiB
2026-08-03 23:26:20.286 INFO Memory usage (start of timestep, current): 24.23 GiB
2026-08-03 23:26:20.286 INFO Calculating metrics
2026-08-03 23:26:20.286 INFO Calculating metric: data_age_at_insertion
2026-08-03 23:28:02.651 INFO [data_age_at_insertion] Memory snapshot — total: 300.10 MB
  active_by_value_id: 300.08 MB (186466 entries)
  property_totals: 0.01 MB (38 entries)
  global_totals: 0.00 MB (N/A entries)
  latest_result: 0.01 MB (38 entries)
  latest_statement_average_score: 0.00 MB (N/A entries)
2026-08-03 23:28:02.653 INFO Memory usage (end of timestep, peak): 137.48 GiB
2026-08-03 23:28:02.653 INFO Memory usage (end of timestep, current): 24.61 GiB
2026-08-03 23:28:02.653 INFO (Iteration 117) data_age_at_insertion: real 102.37s | cpu 98.00s
2026-08-03 23:28:02.653 INFO Iteration 117 finished in 242.32s (real) and 187.60s (process)
2026-08-03 23:28:02.653 INFO Start timestep 2022-07-09 00:00:00+00:00 -> 2022-08-08 00:00:00+00:00
2026-08-03 23:30:57.707 INFO DuckDB memory logs:
  database_name database_size  block_size  ...  wal_size  memory_usage  memory_limit
0   postgres_db       6.2 TiB           0  ...   0 bytes      23.3 GiB     228.8 GiB
1        memory       0 bytes           0  ...   0 bytes      23.3 GiB     228.8 GiB

[2 rows x 9 columns]
2026-08-03 23:30:57.708 INFO Loading data (2022-07-09 00:00:00+00:00 -> 2022-08-08 00:00:00+00:00) done in 175.06s (real) and 139.52s (process)
2026-08-03 23:30:57.708 INFO Memory usage (start of timestep, peak): 137.48 GiB
2026-08-03 23:30:57.709 INFO Memory usage (start of timestep, current): 29.35 GiB
2026-08-03 23:30:57.709 INFO Calculating metrics
2026-08-03 23:30:57.709 INFO Calculating metric: data_age_at_insertion
2026-08-03 23:34:09.154 INFO [data_age_at_insertion] Memory snapshot — total: 406.24 MB
  active_by_value_id: 406.22 MB (294806 entries)
  property_totals: 0.01 MB (41 entries)
  global_totals: 0.00 MB (N/A entries)
  latest_result: 0.01 MB (41 entries)
  latest_statement_average_score: 0.00 MB (N/A entries)
2026-08-03 23:34:09.158 INFO Memory usage (end of timestep, peak): 137.48 GiB
2026-08-03 23:34:09.158 INFO Memory usage (end of timestep, current): 29.93 GiB
2026-08-03 23:34:09.158 INFO (Iteration 118) data_age_at_insertion: real 191.45s | cpu 184.78s
2026-08-03 23:34:09.158 INFO Iteration 118 finished in 366.50s (real) and 324.30s (process)
2026-08-03 23:34:09.158 INFO Start timestep 2022-08-08 00:00:00+00:00 -> 2022-09-07 00:00:00+00:00
2026-08-03 23:36:06.890 INFO DuckDB memory logs:
  database_name database_size  block_size  ...  wal_size  memory_usage  memory_limit
0   postgres_db       6.2 TiB           0  ...   0 bytes      17.1 GiB     228.8 GiB
1        memory       0 bytes           0  ...   0 bytes      17.1 GiB     228.8 GiB

[2 rows x 9 columns]
2026-08-03 23:36:06.891 INFO Loading data (2022-08-08 00:00:00+00:00 -> 2022-09-07 00:00:00+00:00) done in 117.73s (real) and 80.64s (process)
2026-08-03 23:36:06.891 INFO Memory usage (start of timestep, peak): 137.48 GiB
2026-08-03 23:36:06.891 INFO Memory usage (start of timestep, current): 23.93 GiB
2026-08-03 23:36:06.891 INFO Calculating metrics
2026-08-03 23:36:06.891 INFO Calculating metric: data_age_at_insertion
2026-08-03 23:37:59.283 INFO [data_age_at_insertion] Memory snapshot — total: 394.78 MB
  active_by_value_id: 394.76 MB (282968 entries)
  property_totals: 0.01 MB (41 entries)
  global_totals: 0.00 MB (N/A entries)
  latest_result: 0.01 MB (41 entries)
  latest_statement_average_score: 0.00 MB (N/A entries)
2026-08-03 23:37:59.284 INFO Memory usage (end of timestep, peak): 137.48 GiB
2026-08-03 23:37:59.284 INFO Memory usage (end of timestep, current): 22.01 GiB
2026-08-03 23:37:59.285 INFO (Iteration 119) data_age_at_insertion: real 112.39s | cpu 106.02s
2026-08-03 23:37:59.285 INFO Iteration 119 finished in 230.13s (real) and 186.66s (process)
2026-08-03 23:37:59.285 INFO Start timestep 2022-09-07 00:00:00+00:00 -> 2022-10-07 00:00:00+00:00
2026-08-03 23:40:17.096 INFO DuckDB memory logs:
  database_name database_size  block_size  ...  wal_size  memory_usage  memory_limit
0   postgres_db       6.2 TiB           0  ...   0 bytes      20.7 GiB     228.8 GiB
1        memory       0 bytes           0  ...   0 bytes      20.7 GiB     228.8 GiB

[2 rows x 9 columns]
2026-08-03 23:40:17.098 INFO Loading data (2022-09-07 00:00:00+00:00 -> 2022-10-07 00:00:00+00:00) done in 137.81s (real) and 89.12s (process)
2026-08-03 23:40:17.098 INFO Memory usage (start of timestep, peak): 137.48 GiB
2026-08-03 23:40:17.098 INFO Memory usage (start of timestep, current): 24.85 GiB
2026-08-03 23:40:17.098 INFO Calculating metrics
2026-08-03 23:40:17.098 INFO Calculating metric: data_age_at_insertion
2026-08-03 23:44:20.596 INFO [data_age_at_insertion] Memory snapshot — total: 497.88 MB
  active_by_value_id: 497.85 MB (477357 entries)
  property_totals: 0.01 MB (41 entries)
  global_totals: 0.00 MB (N/A entries)
  latest_result: 0.01 MB (41 entries)
  latest_statement_average_score: 0.00 MB (N/A entries)
2026-08-03 23:44:20.598 INFO Memory usage (end of timestep, peak): 137.48 GiB
2026-08-03 23:44:20.598 INFO Memory usage (end of timestep, current): 26.09 GiB
2026-08-03 23:44:20.598 INFO (Iteration 120) data_age_at_insertion: real 243.50s | cpu 230.60s
2026-08-03 23:44:20.598 INFO Iteration 120 finished in 381.31s (real) and 319.72s (process)
2026-08-03 23:44:20.598 INFO Start timestep 2022-10-07 00:00:00+00:00 -> 2022-11-06 00:00:00+00:00
2026-08-03 23:46:31.592 INFO DuckDB memory logs:
  database_name database_size  block_size  ...  wal_size  memory_usage  memory_limit
0   postgres_db       6.2 TiB           0  ...   0 bytes      19.0 GiB     228.8 GiB
1        memory       0 bytes           0  ...   0 bytes      19.0 GiB     228.8 GiB

[2 rows x 9 columns]
2026-08-03 23:46:31.592 INFO Loading data (2022-10-07 00:00:00+00:00 -> 2022-11-06 00:00:00+00:00) done in 130.99s (real) and 88.14s (process)
2026-08-03 23:46:31.593 INFO Memory usage (start of timestep, peak): 137.48 GiB
2026-08-03 23:46:31.593 INFO Memory usage (start of timestep, current): 23.11 GiB
2026-08-03 23:46:31.593 INFO Calculating metrics
2026-08-03 23:46:31.593 INFO Calculating metric: data_age_at_insertion
2026-08-03 23:50:18.685 INFO [data_age_at_insertion] Memory snapshot — total: 544.95 MB
  active_by_value_id: 544.92 MB (525562 entries)
  property_totals: 0.01 MB (44 entries)
  global_totals: 0.00 MB (N/A entries)
  latest_result: 0.01 MB (44 entries)
  latest_statement_average_score: 0.00 MB (N/A entries)
2026-08-03 23:50:18.686 INFO Memory usage (end of timestep, peak): 137.48 GiB
2026-08-03 23:50:18.686 INFO Memory usage (end of timestep, current): 24.37 GiB
2026-08-03 23:50:18.686 INFO (Iteration 121) data_age_at_insertion: real 227.09s | cpu 212.49s
2026-08-03 23:50:18.686 INFO Iteration 121 finished in 358.09s (real) and 300.64s (process)
2026-08-03 23:50:18.686 INFO Start timestep 2022-11-06 00:00:00+00:00 -> 2022-12-06 00:00:00+00:00
2026-08-03 23:52:05.549 INFO DuckDB memory logs:
  database_name database_size  block_size  ...  wal_size  memory_usage  memory_limit
0   postgres_db       6.2 TiB           0  ...   0 bytes      15.6 GiB     228.8 GiB
1        memory       0 bytes           0  ...   0 bytes      15.6 GiB     228.8 GiB

[2 rows x 9 columns]
2026-08-03 23:52:05.550 INFO Loading data (2022-11-06 00:00:00+00:00 -> 2022-12-06 00:00:00+00:00) done in 106.86s (real) and 68.42s (process)
2026-08-03 23:52:05.550 INFO Memory usage (start of timestep, peak): 137.48 GiB
2026-08-03 23:52:05.550 INFO Memory usage (start of timestep, current): 19.75 GiB
2026-08-03 23:52:05.550 INFO Calculating metrics
2026-08-03 23:52:05.550 INFO Calculating metric: data_age_at_insertion
2026-08-03 23:55:07.230 INFO [data_age_at_insertion] Memory snapshot — total: 629.18 MB
  active_by_value_id: 629.16 MB (611874 entries)
  property_totals: 0.01 MB (42 entries)
  global_totals: 0.00 MB (N/A entries)
  latest_result: 0.01 MB (42 entries)
  latest_statement_average_score: 0.00 MB (N/A entries)
2026-08-03 23:55:07.230 INFO Memory usage (end of timestep, peak): 137.48 GiB
2026-08-03 23:55:07.231 INFO Memory usage (end of timestep, current): 21.08 GiB
2026-08-03 23:55:07.231 INFO (Iteration 122) data_age_at_insertion: real 181.68s | cpu 162.95s
2026-08-03 23:55:07.231 INFO Iteration 122 finished in 288.54s (real) and 231.37s (process)
2026-08-03 23:55:07.232 INFO Start timestep 2022-12-06 00:00:00+00:00 -> 2023-01-05 00:00:00+00:00
2026-08-03 23:56:25.729 INFO DuckDB memory logs:
  database_name database_size  block_size  ...  wal_size  memory_usage  memory_limit
0   postgres_db       6.2 TiB           0  ...   0 bytes      11.6 GiB     228.8 GiB
1        memory       0 bytes           0  ...   0 bytes      11.6 GiB     228.8 GiB

[2 rows x 9 columns]
2026-08-03 23:56:25.729 INFO Loading data (2022-12-06 00:00:00+00:00 -> 2023-01-05 00:00:00+00:00) done in 78.50s (real) and 52.71s (process)
2026-08-03 23:56:25.729 INFO Memory usage (start of timestep, peak): 137.48 GiB
2026-08-03 23:56:25.730 INFO Memory usage (start of timestep, current): 15.89 GiB
2026-08-03 23:56:25.730 INFO Calculating metrics
2026-08-03 23:56:25.730 INFO Calculating metric: data_age_at_insertion
2026-08-03 23:58:24.739 INFO [data_age_at_insertion] Memory snapshot — total: 369.82 MB
  active_by_value_id: 369.79 MB (347801 entries)
  property_totals: 0.01 MB (42 entries)
  global_totals: 0.00 MB (N/A entries)
  latest_result: 0.01 MB (42 entries)
  latest_statement_average_score: 0.00 MB (N/A entries)
2026-08-03 23:58:24.740 INFO Memory usage (end of timestep, peak): 137.48 GiB
2026-08-03 23:58:24.740 INFO Memory usage (end of timestep, current): 16.63 GiB
2026-08-03 23:58:24.740 INFO (Iteration 123) data_age_at_insertion: real 119.01s | cpu 108.33s
2026-08-03 23:58:24.740 INFO Iteration 123 finished in 197.51s (real) and 161.04s (process)
2026-08-03 23:58:24.740 INFO Start timestep 2023-01-05 00:00:00+00:00 -> 2023-02-04 00:00:00+00:00
2026-08-04 00:00:16.050 INFO DuckDB memory logs:
  database_name database_size  block_size  ...  wal_size  memory_usage  memory_limit
0   postgres_db       6.2 TiB           0  ...   0 bytes      15.5 GiB     228.8 GiB
1        memory       0 bytes           0  ...   0 bytes      15.5 GiB     228.8 GiB

[2 rows x 9 columns]
2026-08-04 00:00:16.052 INFO Loading data (2023-01-05 00:00:00+00:00 -> 2023-02-04 00:00:00+00:00) done in 111.31s (real) and 74.04s (process)
2026-08-04 00:00:16.052 INFO Memory usage (start of timestep, peak): 137.48 GiB
2026-08-04 00:00:16.052 INFO Memory usage (start of timestep, current): 19.64 GiB
2026-08-04 00:00:16.052 INFO Calculating metrics
2026-08-04 00:00:16.052 INFO Calculating metric: data_age_at_insertion
2026-08-04 00:01:29.959 INFO [data_age_at_insertion] Memory snapshot — total: 217.92 MB
  active_by_value_id: 217.89 MB (192640 entries)
  property_totals: 0.01 MB (39 entries)
  global_totals: 0.00 MB (N/A entries)
  latest_result: 0.01 MB (39 entries)
  latest_statement_average_score: 0.00 MB (N/A entries)
2026-08-04 00:01:29.959 INFO Memory usage (end of timestep, peak): 137.48 GiB
2026-08-04 00:01:29.959 INFO Memory usage (end of timestep, current): 20.02 GiB
2026-08-04 00:01:29.959 INFO (Iteration 124) data_age_at_insertion: real 73.91s | cpu 69.14s
2026-08-04 00:01:29.959 INFO Iteration 124 finished in 185.22s (real) and 143.18s (process)
2026-08-04 00:01:29.959 INFO Start timestep 2023-02-04 00:00:00+00:00 -> 2023-03-06 00:00:00+00:00
2026-08-04 00:03:20.680 INFO DuckDB memory logs:
  database_name database_size  block_size  ...  wal_size  memory_usage  memory_limit
0   postgres_db       6.2 TiB           0  ...   0 bytes      14.4 GiB     228.8 GiB
1        memory       0 bytes           0  ...   0 bytes      14.4 GiB     228.8 GiB

[2 rows x 9 columns]
2026-08-04 00:03:20.680 INFO Loading data (2023-02-04 00:00:00+00:00 -> 2023-03-06 00:00:00+00:00) done in 110.72s (real) and 91.47s (process)
2026-08-04 00:03:20.680 INFO Memory usage (start of timestep, peak): 137.48 GiB
2026-08-04 00:03:20.681 INFO Memory usage (start of timestep, current): 18.54 GiB
2026-08-04 00:03:20.681 INFO Calculating metrics
2026-08-04 00:03:20.681 INFO Calculating metric: data_age_at_insertion
2026-08-04 00:04:21.590 INFO [data_age_at_insertion] Memory snapshot — total: 119.97 MB
  active_by_value_id: 119.95 MB (92481 entries)
  property_totals: 0.01 MB (39 entries)
  global_totals: 0.00 MB (N/A entries)
  latest_result: 0.01 MB (39 entries)
  latest_statement_average_score: 0.00 MB (N/A entries)
2026-08-04 00:04:21.590 INFO Memory usage (end of timestep, peak): 137.48 GiB
2026-08-04 00:04:21.590 INFO Memory usage (end of timestep, current): 18.71 GiB
2026-08-04 00:04:21.590 INFO (Iteration 125) data_age_at_insertion: real 60.91s | cpu 58.88s
2026-08-04 00:04:21.590 INFO Iteration 125 finished in 171.63s (real) and 150.35s (process)
2026-08-04 00:04:21.590 INFO Start timestep 2023-03-06 00:00:00+00:00 -> 2023-04-05 00:00:00+00:00
2026-08-04 00:05:58.202 INFO DuckDB memory logs:
  database_name database_size  block_size  ...  wal_size  memory_usage  memory_limit
0   postgres_db       6.2 TiB           0  ...   0 bytes      13.7 GiB     228.8 GiB
1        memory       0 bytes           0  ...   0 bytes      13.7 GiB     228.8 GiB

[2 rows x 9 columns]
2026-08-04 00:05:58.203 INFO Loading data (2023-03-06 00:00:00+00:00 -> 2023-04-05 00:00:00+00:00) done in 96.61s (real) and 61.00s (process)
2026-08-04 00:05:58.203 INFO Memory usage (start of timestep, peak): 137.48 GiB
2026-08-04 00:05:58.203 INFO Memory usage (start of timestep, current): 17.77 GiB
2026-08-04 00:05:58.203 INFO Calculating metrics
2026-08-04 00:05:58.203 INFO Calculating metric: data_age_at_insertion
2026-08-04 00:07:05.355 INFO [data_age_at_insertion] Memory snapshot — total: 103.30 MB
  active_by_value_id: 103.28 MB (75394 entries)
  property_totals: 0.01 MB (41 entries)
  global_totals: 0.00 MB (N/A entries)
  latest_result: 0.01 MB (41 entries)
  latest_statement_average_score: 0.00 MB (N/A entries)
2026-08-04 00:07:05.355 INFO Memory usage (end of timestep, peak): 137.48 GiB
2026-08-04 00:07:05.355 INFO Memory usage (end of timestep, current): 17.88 GiB
2026-08-04 00:07:05.355 INFO (Iteration 126) data_age_at_insertion: real 67.15s | cpu 65.58s
2026-08-04 00:07:05.355 INFO Iteration 126 finished in 163.77s (real) and 126.59s (process)
2026-08-04 00:07:05.355 INFO Start timestep 2023-04-05 00:00:00+00:00 -> 2023-05-05 00:00:00+00:00
2026-08-04 00:08:29.463 INFO DuckDB memory logs:
  database_name database_size  block_size  ...  wal_size  memory_usage  memory_limit
0   postgres_db       6.2 TiB           0  ...   0 bytes      12.3 GiB     228.8 GiB
1        memory       0 bytes           0  ...   0 bytes      12.3 GiB     228.8 GiB

[2 rows x 9 columns]
2026-08-04 00:08:29.464 INFO Loading data (2023-04-05 00:00:00+00:00 -> 2023-05-05 00:00:00+00:00) done in 84.11s (real) and 53.37s (process)
2026-08-04 00:08:29.464 INFO Memory usage (start of timestep, peak): 137.48 GiB
2026-08-04 00:08:29.464 INFO Memory usage (start of timestep, current): 16.33 GiB
2026-08-04 00:08:29.464 INFO Calculating metrics
2026-08-04 00:08:29.464 INFO Calculating metric: data_age_at_insertion
2026-08-04 00:09:21.803 INFO [data_age_at_insertion] Memory snapshot — total: 106.25 MB
  active_by_value_id: 106.23 MB (78407 entries)
  property_totals: 0.01 MB (40 entries)
  global_totals: 0.00 MB (N/A entries)
  latest_result: 0.01 MB (40 entries)
  latest_statement_average_score: 0.00 MB (N/A entries)
2026-08-04 00:09:21.803 INFO Memory usage (end of timestep, peak): 137.48 GiB
2026-08-04 00:09:21.803 INFO Memory usage (end of timestep, current): 16.48 GiB
2026-08-04 00:09:21.803 INFO (Iteration 127) data_age_at_insertion: real 52.34s | cpu 50.77s
2026-08-04 00:09:21.803 INFO Iteration 127 finished in 136.45s (real) and 104.14s (process)
2026-08-04 00:09:21.803 INFO Start timestep 2023-05-05 00:00:00+00:00 -> 2023-06-04 00:00:00+00:00
2026-08-04 00:11:30.496 INFO DuckDB memory logs:
  database_name database_size  block_size  ...  wal_size  memory_usage  memory_limit
0   postgres_db       6.2 TiB           0  ...   0 bytes      18.8 GiB     228.8 GiB
1        memory       0 bytes           0  ...   0 bytes      18.8 GiB     228.8 GiB

[2 rows x 9 columns]
2026-08-04 00:11:30.496 INFO Loading data (2023-05-05 00:00:00+00:00 -> 2023-06-04 00:00:00+00:00) done in 128.69s (real) and 81.68s (process)
2026-08-04 00:11:30.497 INFO Memory usage (start of timestep, peak): 137.48 GiB
2026-08-04 00:11:30.497 INFO Memory usage (start of timestep, current): 22.63 GiB
2026-08-04 00:11:30.497 INFO Calculating metrics
2026-08-04 00:11:30.497 INFO Calculating metric: data_age_at_insertion
2026-08-04 00:16:06.319 INFO [data_age_at_insertion] Memory snapshot — total: 330.10 MB
  active_by_value_id: 330.07 MB (307623 entries)
  property_totals: 0.01 MB (38 entries)
  global_totals: 0.00 MB (N/A entries)
  latest_result: 0.01 MB (38 entries)
  latest_statement_average_score: 0.00 MB (N/A entries)
2026-08-04 00:16:06.320 INFO Memory usage (end of timestep, peak): 137.48 GiB
2026-08-04 00:16:06.320 INFO Memory usage (end of timestep, current): 23.33 GiB
2026-08-04 00:16:06.320 INFO (Iteration 128) data_age_at_insertion: real 275.82s | cpu 266.82s
2026-08-04 00:16:06.320 INFO Iteration 128 finished in 404.52s (real) and 348.50s (process)
2026-08-04 00:16:06.320 INFO Start timestep 2023-06-04 00:00:00+00:00 -> 2023-07-04 00:00:00+00:00
2026-08-04 00:18:44.163 INFO DuckDB memory logs:
  database_name database_size  block_size  ...  wal_size  memory_usage  memory_limit
0   postgres_db       6.2 TiB           0  ...   0 bytes      22.9 GiB     228.8 GiB
1        memory       0 bytes           0  ...   0 bytes      22.9 GiB     228.8 GiB

[2 rows x 9 columns]
2026-08-04 00:18:44.164 INFO Loading data (2023-06-04 00:00:00+00:00 -> 2023-07-04 00:00:00+00:00) done in 157.84s (real) and 105.47s (process)
2026-08-04 00:18:44.164 INFO Memory usage (start of timestep, peak): 137.48 GiB
2026-08-04 00:18:44.164 INFO Memory usage (start of timestep, current): 26.69 GiB
2026-08-04 00:18:44.164 INFO Calculating metrics
2026-08-04 00:18:44.164 INFO Calculating metric: data_age_at_insertion
2026-08-04 00:24:22.381 INFO [data_age_at_insertion] Memory snapshot — total: 495.37 MB
  active_by_value_id: 495.35 MB (476877 entries)
  property_totals: 0.01 MB (38 entries)
  global_totals: 0.00 MB (N/A entries)
  latest_result: 0.01 MB (38 entries)
  latest_statement_average_score: 0.00 MB (N/A entries)
2026-08-04 00:24:22.382 INFO Memory usage (end of timestep, peak): 137.48 GiB
2026-08-04 00:24:22.382 INFO Memory usage (end of timestep, current): 27.99 GiB
2026-08-04 00:24:22.382 INFO (Iteration 129) data_age_at_insertion: real 338.22s | cpu 325.82s
2026-08-04 00:24:22.382 INFO Iteration 129 finished in 496.06s (real) and 431.29s (process)
2026-08-04 00:24:22.382 INFO Start timestep 2023-07-04 00:00:00+00:00 -> 2023-08-03 00:00:00+00:00
2026-08-04 00:26:29.625 INFO DuckDB memory logs:
  database_name database_size  block_size  ...  wal_size  memory_usage  memory_limit
0   postgres_db       6.2 TiB           0  ...   0 bytes      17.1 GiB     228.8 GiB
1        memory       0 bytes           0  ...   0 bytes      17.1 GiB     228.8 GiB

[2 rows x 9 columns]
2026-08-04 00:26:29.626 INFO Loading data (2023-07-04 00:00:00+00:00 -> 2023-08-03 00:00:00+00:00) done in 127.24s (real) and 81.12s (process)
2026-08-04 00:26:29.626 INFO Memory usage (start of timestep, peak): 137.48 GiB
2026-08-04 00:26:29.626 INFO Memory usage (start of timestep, current): 21.04 GiB
2026-08-04 00:26:29.626 INFO Calculating metrics
2026-08-04 00:26:29.626 INFO Calculating metric: data_age_at_insertion
2026-08-04 00:31:38.049 INFO [data_age_at_insertion] Memory snapshot — total: 642.55 MB
  active_by_value_id: 642.53 MB (627508 entries)
  property_totals: 0.01 MB (36 entries)
  global_totals: 0.00 MB (N/A entries)
  latest_result: 0.01 MB (36 entries)
  latest_statement_average_score: 0.00 MB (N/A entries)
2026-08-04 00:31:38.049 INFO Memory usage (end of timestep, peak): 137.48 GiB
2026-08-04 00:31:38.050 INFO Memory usage (end of timestep, current): 22.39 GiB
2026-08-04 00:31:38.050 INFO (Iteration 130) data_age_at_insertion: real 308.42s | cpu 289.31s
2026-08-04 00:31:38.050 INFO Iteration 130 finished in 435.67s (real) and 370.42s (process)
2026-08-04 00:31:38.050 INFO Start timestep 2023-08-03 00:00:00+00:00 -> 2023-09-02 00:00:00+00:00
2026-08-04 00:34:08.987 INFO DuckDB memory logs:
  database_name database_size  block_size  ...  wal_size  memory_usage  memory_limit
0   postgres_db       6.2 TiB           0  ...   0 bytes      22.3 GiB     228.8 GiB
1        memory       0 bytes           0  ...   0 bytes      22.3 GiB     228.8 GiB

[2 rows x 9 columns]
2026-08-04 00:34:08.988 INFO Loading data (2023-08-03 00:00:00+00:00 -> 2023-09-02 00:00:00+00:00) done in 150.94s (real) and 129.76s (process)
2026-08-04 00:34:08.988 INFO Memory usage (start of timestep, peak): 137.48 GiB
2026-08-04 00:34:08.988 INFO Memory usage (start of timestep, current): 26.12 GiB
2026-08-04 00:34:08.988 INFO Calculating metrics
2026-08-04 00:34:08.988 INFO Calculating metric: data_age_at_insertion
2026-08-04 00:39:19.128 INFO [data_age_at_insertion] Memory snapshot — total: 578.63 MB
  active_by_value_id: 578.61 MB (561992 entries)
  property_totals: 0.01 MB (37 entries)
  global_totals: 0.00 MB (N/A entries)
  latest_result: 0.01 MB (37 entries)
  latest_statement_average_score: 0.00 MB (N/A entries)
2026-08-04 00:39:19.129 INFO Memory usage (end of timestep, peak): 137.48 GiB
2026-08-04 00:39:19.129 INFO Memory usage (end of timestep, current): 27.41 GiB
2026-08-04 00:39:19.129 INFO (Iteration 131) data_age_at_insertion: real 310.14s | cpu 293.04s
2026-08-04 00:39:19.129 INFO Iteration 131 finished in 461.08s (real) and 422.80s (process)
2026-08-04 00:39:19.129 INFO Start timestep 2023-09-02 00:00:00+00:00 -> 2023-10-02 00:00:00+00:00
2026-08-04 00:40:54.850 INFO DuckDB memory logs:
  database_name database_size  block_size  ...  wal_size  memory_usage  memory_limit
0   postgres_db       6.2 TiB           0  ...   0 bytes      14.0 GiB     228.8 GiB
1        memory       0 bytes           0  ...   0 bytes      14.0 GiB     228.8 GiB

[2 rows x 9 columns]
2026-08-04 00:40:54.851 INFO Loading data (2023-09-02 00:00:00+00:00 -> 2023-10-02 00:00:00+00:00) done in 95.72s (real) and 65.94s (process)
2026-08-04 00:40:54.851 INFO Memory usage (start of timestep, peak): 137.48 GiB
2026-08-04 00:40:54.851 INFO Memory usage (start of timestep, current): 18.03 GiB
2026-08-04 00:40:54.851 INFO Calculating metrics
2026-08-04 00:40:54.852 INFO Calculating metric: data_age_at_insertion
2026-08-04 00:43:50.405 INFO [data_age_at_insertion] Memory snapshot — total: 498.67 MB
  active_by_value_id: 498.65 MB (480046 entries)
  property_totals: 0.01 MB (37 entries)
  global_totals: 0.00 MB (N/A entries)
  latest_result: 0.01 MB (37 entries)
  latest_statement_average_score: 0.00 MB (N/A entries)
2026-08-04 00:43:50.406 INFO Memory usage (end of timestep, peak): 137.48 GiB
2026-08-04 00:43:50.407 INFO Memory usage (end of timestep, current): 19.24 GiB
2026-08-04 00:43:50.407 INFO (Iteration 132) data_age_at_insertion: real 175.55s | cpu 161.02s
2026-08-04 00:43:50.407 INFO Iteration 132 finished in 271.28s (real) and 226.95s (process)
2026-08-04 00:43:50.407 INFO Start timestep 2023-10-02 00:00:00+00:00 -> 2023-11-01 00:00:00+00:00
2026-08-04 00:45:02.509 INFO DuckDB memory logs:
  database_name database_size  block_size  ...  wal_size  memory_usage  memory_limit
0   postgres_db       6.2 TiB           0  ...   0 bytes      10.2 GiB     228.8 GiB
1        memory       0 bytes           0  ...   0 bytes      10.2 GiB     228.8 GiB

[2 rows x 9 columns]
2026-08-04 00:45:02.509 INFO Loading data (2023-10-02 00:00:00+00:00 -> 2023-11-01 00:00:00+00:00) done in 72.10s (real) and 48.56s (process)
2026-08-04 00:45:02.509 INFO Memory usage (start of timestep, peak): 137.48 GiB
2026-08-04 00:45:02.509 INFO Memory usage (start of timestep, current): 14.29 GiB
2026-08-04 00:45:02.509 INFO Calculating metrics
2026-08-04 00:45:02.509 INFO Calculating metric: data_age_at_insertion
2026-08-04 00:46:39.589 INFO [data_age_at_insertion] Memory snapshot — total: 371.07 MB
  active_by_value_id: 371.05 MB (349447 entries)
  property_totals: 0.01 MB (38 entries)
  global_totals: 0.00 MB (N/A entries)
  latest_result: 0.01 MB (38 entries)
  latest_statement_average_score: 0.00 MB (N/A entries)
2026-08-04 00:46:39.590 INFO Memory usage (end of timestep, peak): 137.48 GiB
2026-08-04 00:46:39.590 INFO Memory usage (end of timestep, current): 15.03 GiB
2026-08-04 00:46:39.590 INFO (Iteration 133) data_age_at_insertion: real 97.08s | cpu 86.61s
2026-08-04 00:46:39.590 INFO Iteration 133 finished in 169.18s (real) and 135.18s (process)
2026-08-04 00:46:39.591 INFO Start timestep 2023-11-01 00:00:00+00:00 -> 2023-12-01 00:00:00+00:00
2026-08-04 00:47:50.180 INFO DuckDB memory logs:
  database_name database_size  block_size  ...  wal_size  memory_usage  memory_limit
0   postgres_db       6.2 TiB           0  ...   0 bytes       9.9 GiB     228.8 GiB
1        memory       0 bytes           0  ...   0 bytes       9.9 GiB     228.8 GiB

[2 rows x 9 columns]
2026-08-04 00:47:50.180 INFO Loading data (2023-11-01 00:00:00+00:00 -> 2023-12-01 00:00:00+00:00) done in 70.59s (real) and 47.30s (process)
2026-08-04 00:47:50.180 INFO Memory usage (start of timestep, peak): 137.48 GiB
2026-08-04 00:47:50.180 INFO Memory usage (start of timestep, current): 13.95 GiB
2026-08-04 00:47:50.180 INFO Calculating metrics
2026-08-04 00:47:50.181 INFO Calculating metric: data_age_at_insertion
2026-08-04 00:49:27.142 INFO [data_age_at_insertion] Memory snapshot — total: 238.24 MB
  active_by_value_id: 238.22 MB (213477 entries)
  property_totals: 0.01 MB (37 entries)
  global_totals: 0.00 MB (N/A entries)
  latest_result: 0.01 MB (37 entries)
  latest_statement_average_score: 0.00 MB (N/A entries)
2026-08-04 00:49:27.142 INFO Memory usage (end of timestep, peak): 137.48 GiB
2026-08-04 00:49:27.142 INFO Memory usage (end of timestep, current): 14.41 GiB
2026-08-04 00:49:27.142 INFO (Iteration 134) data_age_at_insertion: real 96.96s | cpu 90.87s
2026-08-04 00:49:27.142 INFO Iteration 134 finished in 167.55s (real) and 138.17s (process)
2026-08-04 00:49:27.142 INFO Start timestep 2023-12-01 00:00:00+00:00 -> 2023-12-31 00:00:00+00:00
2026-08-04 00:50:37.717 INFO DuckDB memory logs:
  database_name database_size  block_size  ...  wal_size  memory_usage  memory_limit
0   postgres_db       6.2 TiB           0  ...   0 bytes      10.4 GiB     228.8 GiB
1        memory       0 bytes           0  ...   0 bytes      10.4 GiB     228.8 GiB

[2 rows x 9 columns]
2026-08-04 00:50:37.718 INFO Loading data (2023-12-01 00:00:00+00:00 -> 2023-12-31 00:00:00+00:00) done in 70.58s (real) and 83.24s (process)
2026-08-04 00:50:37.718 INFO Memory usage (start of timestep, peak): 137.48 GiB
2026-08-04 00:50:37.718 INFO Memory usage (start of timestep, current): 14.43 GiB
2026-08-04 00:50:37.718 INFO Calculating metrics
2026-08-04 00:50:37.718 INFO Calculating metric: data_age_at_insertion
2026-08-04 00:51:50.540 INFO [data_age_at_insertion] Memory snapshot — total: 164.03 MB
  active_by_value_id: 164.01 MB (137490 entries)
  property_totals: 0.01 MB (36 entries)
  global_totals: 0.00 MB (N/A entries)
  latest_result: 0.01 MB (36 entries)
  latest_statement_average_score: 0.00 MB (N/A entries)
2026-08-04 00:51:50.541 INFO Memory usage (end of timestep, peak): 137.48 GiB
2026-08-04 00:51:50.541 INFO Memory usage (end of timestep, current): 14.76 GiB
2026-08-04 00:51:50.541 INFO (Iteration 135) data_age_at_insertion: real 72.82s | cpu 69.17s
2026-08-04 00:51:50.541 INFO Iteration 135 finished in 143.40s (real) and 152.42s (process)
2026-08-04 00:51:50.541 INFO Start timestep 2023-12-31 00:00:00+00:00 -> 2024-01-30 00:00:00+00:00
2026-08-04 00:53:19.779 INFO DuckDB memory logs:
  database_name database_size  block_size  ...  wal_size  memory_usage  memory_limit
0   postgres_db       6.2 TiB           0  ...   0 bytes      12.7 GiB     228.8 GiB
1        memory       0 bytes           0  ...   0 bytes      12.7 GiB     228.8 GiB

[2 rows x 9 columns]
2026-08-04 00:53:19.779 INFO Loading data (2023-12-31 00:00:00+00:00 -> 2024-01-30 00:00:00+00:00) done in 89.24s (real) and 58.70s (process)
2026-08-04 00:53:19.779 INFO Memory usage (start of timestep, peak): 137.48 GiB
2026-08-04 00:53:19.779 INFO Memory usage (start of timestep, current): 16.69 GiB
2026-08-04 00:53:19.779 INFO Calculating metrics
2026-08-04 00:53:19.779 INFO Calculating metric: data_age_at_insertion
2026-08-04 00:54:17.895 INFO [data_age_at_insertion] Memory snapshot — total: 139.58 MB
  active_by_value_id: 139.55 MB (112473 entries)
  property_totals: 0.01 MB (37 entries)
  global_totals: 0.00 MB (N/A entries)
  latest_result: 0.01 MB (37 entries)
  latest_statement_average_score: 0.00 MB (N/A entries)
2026-08-04 00:54:17.895 INFO Memory usage (end of timestep, peak): 137.48 GiB
2026-08-04 00:54:17.895 INFO Memory usage (end of timestep, current): 16.99 GiB
2026-08-04 00:54:17.895 INFO (Iteration 136) data_age_at_insertion: real 58.12s | cpu 55.20s
2026-08-04 00:54:17.895 INFO Iteration 136 finished in 147.35s (real) and 113.91s (process)
2026-08-04 00:54:17.895 INFO Start timestep 2024-01-30 00:00:00+00:00 -> 2024-02-29 00:00:00+00:00
2026-08-04 00:55:36.652 INFO DuckDB memory logs:
  database_name database_size  block_size  ...  wal_size  memory_usage  memory_limit
0   postgres_db       6.2 TiB           0  ...   0 bytes      11.3 GiB     228.8 GiB
1        memory       0 bytes           0  ...   0 bytes      11.3 GiB     228.8 GiB

[2 rows x 9 columns]
2026-08-04 00:55:36.652 INFO Loading data (2024-01-30 00:00:00+00:00 -> 2024-02-29 00:00:00+00:00) done in 78.76s (real) and 105.62s (process)
2026-08-04 00:55:36.652 INFO Memory usage (start of timestep, peak): 137.48 GiB
2026-08-04 00:55:36.652 INFO Memory usage (start of timestep, current): 15.30 GiB
2026-08-04 00:55:36.652 INFO Calculating metrics
2026-08-04 00:55:36.653 INFO Calculating metric: data_age_at_insertion
2026-08-04 00:56:25.438 INFO [data_age_at_insertion] Memory snapshot — total: 118.19 MB
  active_by_value_id: 118.17 MB (90589 entries)
  property_totals: 0.01 MB (39 entries)
  global_totals: 0.00 MB (N/A entries)
  latest_result: 0.01 MB (39 entries)
  latest_statement_average_score: 0.00 MB (N/A entries)
2026-08-04 00:56:25.438 INFO Memory usage (end of timestep, peak): 137.48 GiB
2026-08-04 00:56:25.438 INFO Memory usage (end of timestep, current): 15.46 GiB
2026-08-04 00:56:25.438 INFO (Iteration 137) data_age_at_insertion: real 48.79s | cpu 46.61s
2026-08-04 00:56:25.438 INFO Iteration 137 finished in 127.54s (real) and 152.23s (process)
2026-08-04 00:56:25.438 INFO Start timestep 2024-02-29 00:00:00+00:00 -> 2024-03-30 00:00:00+00:00
2026-08-04 00:58:06.164 INFO DuckDB memory logs:
  database_name database_size  block_size  ...  wal_size  memory_usage  memory_limit
0   postgres_db       6.2 TiB           0  ...   0 bytes      14.6 GiB     228.8 GiB
1        memory       0 bytes           0  ...   0 bytes      14.6 GiB     228.8 GiB

[2 rows x 9 columns]
2026-08-04 00:58:06.165 INFO Loading data (2024-02-29 00:00:00+00:00 -> 2024-03-30 00:00:00+00:00) done in 100.73s (real) and 85.69s (process)
2026-08-04 00:58:06.165 INFO Memory usage (start of timestep, peak): 137.48 GiB
2026-08-04 00:58:06.166 INFO Memory usage (start of timestep, current): 21.02 GiB
2026-08-04 00:58:06.166 INFO Calculating metrics
2026-08-04 00:58:06.166 INFO Calculating metric: data_age_at_insertion
2026-08-04 00:59:20.618 INFO [data_age_at_insertion] Memory snapshot — total: 136.40 MB
  active_by_value_id: 136.38 MB (109290 entries)
  property_totals: 0.01 MB (38 entries)
  global_totals: 0.00 MB (N/A entries)
  latest_result: 0.01 MB (38 entries)
  latest_statement_average_score: 0.00 MB (N/A entries)
2026-08-04 00:59:20.619 INFO Memory usage (end of timestep, peak): 137.48 GiB
2026-08-04 00:59:20.619 INFO Memory usage (end of timestep, current): 18.79 GiB
2026-08-04 00:59:20.619 INFO (Iteration 138) data_age_at_insertion: real 74.45s | cpu 72.02s
2026-08-04 00:59:20.619 INFO Iteration 138 finished in 175.18s (real) and 157.72s (process)
2026-08-04 00:59:20.619 INFO Start timestep 2024-03-30 00:00:00+00:00 -> 2024-04-29 00:00:00+00:00
2026-08-04 01:01:06.398 INFO DuckDB memory logs:
  database_name database_size  block_size  ...  wal_size  memory_usage  memory_limit
0   postgres_db       6.2 TiB           0  ...   0 bytes      15.1 GiB     228.8 GiB
1        memory       0 bytes           0  ...   0 bytes      15.1 GiB     228.8 GiB

[2 rows x 9 columns]
2026-08-04 01:01:06.399 INFO Loading data (2024-03-30 00:00:00+00:00 -> 2024-04-29 00:00:00+00:00) done in 105.78s (real) and 91.26s (process)
2026-08-04 01:01:06.399 INFO Memory usage (start of timestep, peak): 137.48 GiB
2026-08-04 01:01:06.399 INFO Memory usage (start of timestep, current): 21.39 GiB
2026-08-04 01:01:06.399 INFO Calculating metrics
2026-08-04 01:01:06.399 INFO Calculating metric: data_age_at_insertion
2026-08-04 01:02:33.507 INFO [data_age_at_insertion] Memory snapshot — total: 179.01 MB
  active_by_value_id: 178.98 MB (152894 entries)
  property_totals: 0.01 MB (39 entries)
  global_totals: 0.00 MB (N/A entries)
  latest_result: 0.01 MB (39 entries)
  latest_statement_average_score: 0.00 MB (N/A entries)
2026-08-04 01:02:33.507 INFO Memory usage (end of timestep, peak): 137.48 GiB
2026-08-04 01:02:33.507 INFO Memory usage (end of timestep, current): 21.67 GiB
2026-08-04 01:02:33.507 INFO (Iteration 139) data_age_at_insertion: real 87.11s | cpu 83.19s
2026-08-04 01:02:33.507 INFO Iteration 139 finished in 192.89s (real) and 174.45s (process)
2026-08-04 01:02:33.507 INFO Start timestep 2024-04-29 00:00:00+00:00 -> 2024-05-29 00:00:00+00:00
2026-08-04 01:04:39.312 INFO DuckDB memory logs:
  database_name database_size  block_size  ...  wal_size  memory_usage  memory_limit
0   postgres_db       6.2 TiB           0  ...   0 bytes      18.3 GiB     228.8 GiB
1        memory       0 bytes           0  ...   0 bytes      18.3 GiB     228.8 GiB

[2 rows x 9 columns]
2026-08-04 01:04:39.313 INFO Loading data (2024-04-29 00:00:00+00:00 -> 2024-05-29 00:00:00+00:00) done in 125.81s (real) and 84.64s (process)
2026-08-04 01:04:39.313 INFO Memory usage (start of timestep, peak): 137.48 GiB
2026-08-04 01:04:39.314 INFO Memory usage (start of timestep, current): 22.05 GiB
2026-08-04 01:04:39.314 INFO Calculating metrics
2026-08-04 01:04:39.314 INFO Calculating metric: data_age_at_insertion
2026-08-04 01:06:59.980 INFO [data_age_at_insertion] Memory snapshot — total: 239.78 MB
  active_by_value_id: 239.76 MB (230147 entries)
  property_totals: 0.01 MB (37 entries)
  global_totals: 0.00 MB (N/A entries)
  latest_result: 0.01 MB (37 entries)
  latest_statement_average_score: 0.00 MB (N/A entries)
2026-08-04 01:06:59.981 INFO Memory usage (end of timestep, peak): 137.48 GiB
2026-08-04 01:06:59.982 INFO Memory usage (end of timestep, current): 22.71 GiB
2026-08-04 01:06:59.982 INFO (Iteration 140) data_age_at_insertion: real 140.67s | cpu 134.43s
2026-08-04 01:06:59.982 INFO Iteration 140 finished in 266.47s (real) and 219.07s (process)
2026-08-04 01:06:59.982 INFO Start timestep 2024-05-29 00:00:00+00:00 -> 2024-06-28 00:00:00+00:00
2026-08-04 01:09:12.287 INFO DuckDB memory logs:
  database_name database_size  block_size  ...  wal_size  memory_usage  memory_limit
0   postgres_db       6.2 TiB           0  ...   0 bytes      19.0 GiB     228.8 GiB
1        memory       0 bytes           0  ...   0 bytes      19.0 GiB     228.8 GiB

[2 rows x 9 columns]
2026-08-04 01:09:12.290 INFO Loading data (2024-05-29 00:00:00+00:00 -> 2024-06-28 00:00:00+00:00) done in 132.31s (real) and 88.31s (process)
2026-08-04 01:09:12.290 INFO Memory usage (start of timestep, peak): 137.48 GiB
2026-08-04 01:09:12.291 INFO Memory usage (start of timestep, current): 22.76 GiB
2026-08-04 01:09:12.291 INFO Calculating metrics
2026-08-04 01:09:12.291 INFO Calculating metric: data_age_at_insertion
2026-08-04 01:11:45.499 INFO [data_age_at_insertion] Memory snapshot — total: 339.64 MB
  active_by_value_id: 339.62 MB (332356 entries)
  property_totals: 0.01 MB (37 entries)
  global_totals: 0.00 MB (N/A entries)
  latest_result: 0.01 MB (37 entries)
  latest_statement_average_score: 0.00 MB (N/A entries)
2026-08-04 01:11:45.500 INFO Memory usage (end of timestep, peak): 137.48 GiB
2026-08-04 01:11:45.500 INFO Memory usage (end of timestep, current): 23.56 GiB
2026-08-04 01:11:45.500 INFO (Iteration 141) data_age_at_insertion: real 153.21s | cpu 144.30s
2026-08-04 01:11:45.500 INFO Iteration 141 finished in 285.52s (real) and 232.61s (process)
2026-08-04 01:11:45.500 INFO Start timestep 2024-06-28 00:00:00+00:00 -> 2024-07-28 00:00:00+00:00
2026-08-04 01:14:14.566 INFO DuckDB memory logs:
  database_name database_size  block_size  ...  wal_size  memory_usage  memory_limit
0   postgres_db       6.2 TiB           0  ...   0 bytes      21.0 GiB     228.8 GiB
1        memory       0 bytes           0  ...   0 bytes      21.0 GiB     228.8 GiB

[2 rows x 9 columns]
2026-08-04 01:14:14.568 INFO Loading data (2024-06-28 00:00:00+00:00 -> 2024-07-28 00:00:00+00:00) done in 149.07s (real) and 160.45s (process)
2026-08-04 01:14:14.568 INFO Memory usage (start of timestep, peak): 137.48 GiB
2026-08-04 01:14:14.568 INFO Memory usage (start of timestep, current): 25.04 GiB
2026-08-04 01:14:14.568 INFO Calculating metrics
2026-08-04 01:14:14.569 INFO Calculating metric: data_age_at_insertion
2026-08-04 01:18:19.370 INFO [data_age_at_insertion] Memory snapshot — total: 565.47 MB
  active_by_value_id: 565.45 MB (563634 entries)
  property_totals: 0.01 MB (37 entries)
  global_totals: 0.00 MB (N/A entries)
  latest_result: 0.01 MB (37 entries)
  latest_statement_average_score: 0.00 MB (N/A entries)
2026-08-04 01:18:19.371 INFO Memory usage (end of timestep, peak): 137.48 GiB
2026-08-04 01:18:19.371 INFO Memory usage (end of timestep, current): 26.19 GiB
2026-08-04 01:18:19.371 INFO (Iteration 142) data_age_at_insertion: real 244.80s | cpu 228.47s
2026-08-04 01:18:19.371 INFO Iteration 142 finished in 393.87s (real) and 388.92s (process)
2026-08-04 01:18:19.371 INFO Start timestep 2024-07-28 00:00:00+00:00 -> 2024-08-27 00:00:00+00:00
2026-08-04 01:20:55.609 INFO DuckDB memory logs:
  database_name database_size  block_size  ...  wal_size  memory_usage  memory_limit
0   postgres_db       6.2 TiB           0  ...   0 bytes      22.1 GiB     228.8 GiB
1        memory       0 bytes           0  ...   0 bytes      22.1 GiB     228.8 GiB

[2 rows x 9 columns]
2026-08-04 01:20:55.610 INFO Loading data (2024-07-28 00:00:00+00:00 -> 2024-08-27 00:00:00+00:00) done in 156.24s (real) and 109.49s (process)
2026-08-04 01:20:55.610 INFO Memory usage (start of timestep, peak): 137.48 GiB
2026-08-04 01:20:55.610 INFO Memory usage (start of timestep, current): 28.26 GiB
2026-08-04 01:20:55.610 INFO Calculating metrics
2026-08-04 01:20:55.610 INFO Calculating metric: data_age_at_insertion
2026-08-04 01:30:05.072 INFO [data_age_at_insertion] Memory snapshot — total: 1224.71 MB
  active_by_value_id: 1224.69 MB (1223674 entries)
  property_totals: 0.01 MB (37 entries)
  global_totals: 0.00 MB (N/A entries)
  latest_result: 0.01 MB (37 entries)
  latest_statement_average_score: 0.00 MB (N/A entries)
2026-08-04 01:30:05.073 INFO Memory usage (end of timestep, peak): 137.48 GiB
2026-08-04 01:30:05.073 INFO Memory usage (end of timestep, current): 28.32 GiB
2026-08-04 01:30:05.073 INFO (Iteration 143) data_age_at_insertion: real 549.46s | cpu 513.03s
2026-08-04 01:30:05.073 INFO Iteration 143 finished in 705.70s (real) and 622.52s (process)
2026-08-04 01:30:05.074 INFO Start timestep 2024-08-27 00:00:00+00:00 -> 2024-09-26 00:00:00+00:00
2026-08-04 01:31:24.513 INFO DuckDB memory logs:
  database_name database_size  block_size  ...  wal_size  memory_usage  memory_limit
0   postgres_db       6.2 TiB           0  ...   0 bytes      11.4 GiB     228.8 GiB
1        memory       0 bytes           0  ...   0 bytes      11.4 GiB     228.8 GiB

[2 rows x 9 columns]
2026-08-04 01:31:24.513 INFO Loading data (2024-08-27 00:00:00+00:00 -> 2024-09-26 00:00:00+00:00) done in 79.44s (real) and 53.64s (process)
2026-08-04 01:31:24.513 INFO Memory usage (start of timestep, peak): 137.48 GiB
2026-08-04 01:31:24.513 INFO Memory usage (start of timestep, current): 15.31 GiB
2026-08-04 01:31:24.513 INFO Calculating metrics
2026-08-04 01:31:24.513 INFO Calculating metric: data_age_at_insertion
2026-08-04 01:35:19.069 INFO [data_age_at_insertion] Memory snapshot — total: 1252.99 MB
  active_by_value_id: 1252.96 MB (1222655 entries)
  property_totals: 0.01 MB (38 entries)
  global_totals: 0.00 MB (N/A entries)
  latest_result: 0.01 MB (38 entries)
  latest_statement_average_score: 0.00 MB (N/A entries)
2026-08-04 01:35:19.069 INFO Memory usage (end of timestep, peak): 137.48 GiB
2026-08-04 01:35:19.070 INFO Memory usage (end of timestep, current): 17.84 GiB
2026-08-04 01:35:19.070 INFO (Iteration 144) data_age_at_insertion: real 234.56s | cpu 196.57s
2026-08-04 01:35:19.070 INFO Iteration 144 finished in 314.00s (real) and 250.20s (process)
2026-08-04 01:35:19.070 INFO Start timestep 2024-09-26 00:00:00+00:00 -> 2024-10-26 00:00:00+00:00
2026-08-04 01:36:28.119 INFO DuckDB memory logs:
  database_name database_size  block_size  ...  wal_size  memory_usage  memory_limit
0   postgres_db       6.2 TiB           0  ...   0 bytes       8.8 GiB     228.8 GiB
1        memory       0 bytes           0  ...   0 bytes       8.8 GiB     228.8 GiB

[2 rows x 9 columns]
2026-08-04 01:36:28.119 INFO Loading data (2024-09-26 00:00:00+00:00 -> 2024-10-26 00:00:00+00:00) done in 69.05s (real) and 44.76s (process)
2026-08-04 01:36:28.120 INFO Memory usage (start of timestep, peak): 137.48 GiB
2026-08-04 01:36:28.120 INFO Memory usage (start of timestep, current): 12.87 GiB
2026-08-04 01:36:28.120 INFO Calculating metrics
2026-08-04 01:36:28.120 INFO Calculating metric: data_age_at_insertion
2026-08-04 01:39:37.294 INFO [data_age_at_insertion] Memory snapshot — total: 1010.99 MB
  active_by_value_id: 1010.96 MB (974770 entries)
  property_totals: 0.01 MB (38 entries)
  global_totals: 0.00 MB (N/A entries)
  latest_result: 0.01 MB (38 entries)
  latest_statement_average_score: 0.00 MB (N/A entries)
2026-08-04 01:39:37.295 INFO Memory usage (end of timestep, peak): 137.48 GiB
2026-08-04 01:39:37.295 INFO Memory usage (end of timestep, current): 15.09 GiB
2026-08-04 01:39:37.295 INFO (Iteration 145) data_age_at_insertion: real 189.17s | cpu 157.49s
2026-08-04 01:39:37.295 INFO Iteration 145 finished in 258.22s (real) and 202.26s (process)
2026-08-04 01:39:37.296 INFO Start timestep 2024-10-26 00:00:00+00:00 -> 2024-11-25 00:00:00+00:00
2026-08-04 01:42:04.521 INFO DuckDB memory logs:
  database_name database_size  block_size  ...  wal_size  memory_usage  memory_limit
0   postgres_db       6.2 TiB           0  ...   0 bytes      18.7 GiB     228.8 GiB
1        memory       0 bytes           0  ...   0 bytes      18.7 GiB     228.8 GiB

[2 rows x 9 columns]
2026-08-04 01:42:04.522 INFO Loading data (2024-10-26 00:00:00+00:00 -> 2024-11-25 00:00:00+00:00) done in 147.23s (real) and 95.82s (process)
2026-08-04 01:42:04.522 INFO Memory usage (start of timestep, peak): 137.48 GiB
2026-08-04 01:42:04.522 INFO Memory usage (start of timestep, current): 22.50 GiB
2026-08-04 01:42:04.522 INFO Calculating metrics
2026-08-04 01:42:04.522 INFO Calculating metric: data_age_at_insertion
2026-08-04 01:45:30.801 INFO [data_age_at_insertion] Memory snapshot — total: 406.12 MB
  active_by_value_id: 406.10 MB (355242 entries)
  property_totals: 0.01 MB (38 entries)
  global_totals: 0.00 MB (N/A entries)
  latest_result: 0.01 MB (38 entries)
  latest_statement_average_score: 0.00 MB (N/A entries)
2026-08-04 01:45:30.801 INFO Memory usage (end of timestep, peak): 137.48 GiB
2026-08-04 01:45:30.802 INFO Memory usage (end of timestep, current): 23.31 GiB
2026-08-04 01:45:30.802 INFO (Iteration 146) data_age_at_insertion: real 206.28s | cpu 196.51s
2026-08-04 01:45:30.802 INFO Iteration 146 finished in 353.51s (real) and 292.33s (process)
2026-08-04 01:45:30.802 INFO Start timestep 2024-11-25 00:00:00+00:00 -> 2024-12-25 00:00:00+00:00
2026-08-04 01:49:31.750 INFO DuckDB memory logs:
  database_name database_size  block_size  ...  wal_size  memory_usage  memory_limit
0   postgres_db       6.2 TiB           0  ...   0 bytes      29.7 GiB     228.8 GiB
1        memory       0 bytes           0  ...   0 bytes      29.7 GiB     228.8 GiB

[2 rows x 9 columns]
2026-08-04 01:49:31.751 INFO Loading data (2024-11-25 00:00:00+00:00 -> 2024-12-25 00:00:00+00:00) done in 240.95s (real) and 154.17s (process)
2026-08-04 01:49:31.751 INFO Memory usage (start of timestep, peak): 137.48 GiB
2026-08-04 01:49:31.751 INFO Memory usage (start of timestep, current): 33.16 GiB
2026-08-04 01:49:31.751 INFO Calculating metrics
2026-08-04 01:49:31.751 INFO Calculating metric: data_age_at_insertion
2026-08-04 01:52:43.764 INFO [data_age_at_insertion] Memory snapshot — total: 276.96 MB
  active_by_value_id: 276.94 MB (222990 entries)
  property_totals: 0.01 MB (37 entries)
  global_totals: 0.00 MB (N/A entries)
  latest_result: 0.01 MB (37 entries)
  latest_statement_average_score: 0.00 MB (N/A entries)
2026-08-04 01:52:43.765 INFO Memory usage (end of timestep, peak): 137.48 GiB
2026-08-04 01:52:43.765 INFO Memory usage (end of timestep, current): 33.78 GiB
2026-08-04 01:52:43.765 INFO (Iteration 147) data_age_at_insertion: real 192.01s | cpu 186.92s
2026-08-04 01:52:43.765 INFO Iteration 147 finished in 432.96s (real) and 341.09s (process)
2026-08-04 01:52:43.766 INFO Start timestep 2024-12-25 00:00:00+00:00 -> 2025-01-24 00:00:00+00:00
2026-08-04 01:56:44.605 INFO DuckDB memory logs:
  database_name database_size  block_size  ...  wal_size  memory_usage  memory_limit
0   postgres_db       6.2 TiB           0  ...   0 bytes      29.7 GiB     228.8 GiB
1        memory       0 bytes           0  ...   0 bytes      29.7 GiB     228.8 GiB

[2 rows x 9 columns]
2026-08-04 01:56:44.606 INFO Loading data (2024-12-25 00:00:00+00:00 -> 2025-01-24 00:00:00+00:00) done in 240.84s (real) and 166.96s (process)
2026-08-04 01:56:44.606 INFO Memory usage (start of timestep, peak): 137.48 GiB
2026-08-04 01:56:44.606 INFO Memory usage (start of timestep, current): 33.24 GiB
2026-08-04 01:56:44.606 INFO Calculating metrics
2026-08-04 01:56:44.606 INFO Calculating metric: data_age_at_insertion
2026-08-04 02:00:29.022 INFO [data_age_at_insertion] Memory snapshot — total: 317.71 MB
  active_by_value_id: 317.69 MB (264766 entries)
  property_totals: 0.01 MB (37 entries)
  global_totals: 0.00 MB (N/A entries)
  latest_result: 0.01 MB (37 entries)
  latest_statement_average_score: 0.00 MB (N/A entries)
2026-08-04 02:00:29.023 INFO Memory usage (end of timestep, peak): 137.48 GiB
2026-08-04 02:00:29.023 INFO Memory usage (end of timestep, current): 33.92 GiB
2026-08-04 02:00:29.023 INFO (Iteration 148) data_age_at_insertion: real 224.42s | cpu 217.82s
2026-08-04 02:00:29.023 INFO Iteration 148 finished in 465.26s (real) and 384.79s (process)
2026-08-04 02:00:29.023 INFO Start timestep 2025-01-24 00:00:00+00:00 -> 2025-02-23 00:00:00+00:00
2026-08-04 02:03:38.572 INFO DuckDB memory logs:
  database_name database_size  block_size  ...  wal_size  memory_usage  memory_limit
0   postgres_db       6.2 TiB           0  ...   0 bytes      24.3 GiB     228.8 GiB
1        memory       0 bytes           0  ...   0 bytes      24.3 GiB     228.8 GiB

[2 rows x 9 columns]
2026-08-04 02:03:38.573 INFO Loading data (2025-01-24 00:00:00+00:00 -> 2025-02-23 00:00:00+00:00) done in 189.55s (real) and 130.47s (process)
2026-08-04 02:03:38.573 INFO Memory usage (start of timestep, peak): 137.48 GiB
2026-08-04 02:03:38.574 INFO Memory usage (start of timestep, current): 27.94 GiB
2026-08-04 02:03:38.574 INFO Calculating metrics
2026-08-04 02:03:38.574 INFO Calculating metric: data_age_at_insertion
2026-08-04 02:07:04.162 INFO [data_age_at_insertion] Memory snapshot — total: 383.12 MB
  active_by_value_id: 383.09 MB (331852 entries)
  property_totals: 0.01 MB (36 entries)
  global_totals: 0.00 MB (N/A entries)
  latest_result: 0.01 MB (36 entries)
  latest_statement_average_score: 0.00 MB (N/A entries)
2026-08-04 02:07:04.163 INFO Memory usage (end of timestep, peak): 137.48 GiB
2026-08-04 02:07:04.164 INFO Memory usage (end of timestep, current): 28.71 GiB
2026-08-04 02:07:04.164 INFO (Iteration 149) data_age_at_insertion: real 205.59s | cpu 196.91s
2026-08-04 02:07:04.164 INFO Iteration 149 finished in 395.14s (real) and 327.39s (process)
2026-08-04 02:07:04.164 INFO Start timestep 2025-02-23 00:00:00+00:00 -> 2025-03-25 00:00:00+00:00
2026-08-04 02:08:32.983 INFO DuckDB memory logs:
  database_name database_size  block_size  ...  wal_size  memory_usage  memory_limit
0   postgres_db       6.2 TiB           0  ...   0 bytes      11.3 GiB     228.8 GiB
1        memory       0 bytes           0  ...   0 bytes      11.3 GiB     228.8 GiB

[2 rows x 9 columns]
2026-08-04 02:08:32.983 INFO Loading data (2025-02-23 00:00:00+00:00 -> 2025-03-25 00:00:00+00:00) done in 88.82s (real) and 60.01s (process)
2026-08-04 02:08:32.983 INFO Memory usage (start of timestep, peak): 137.48 GiB
2026-08-04 02:08:32.984 INFO Memory usage (start of timestep, current): 15.16 GiB
2026-08-04 02:08:32.984 INFO Calculating metrics
2026-08-04 02:08:32.984 INFO Calculating metric: data_age_at_insertion
2026-08-04 02:09:52.837 INFO [data_age_at_insertion] Memory snapshot — total: 383.62 MB
  active_by_value_id: 383.59 MB (332373 entries)
  property_totals: 0.01 MB (36 entries)
  global_totals: 0.00 MB (N/A entries)
  latest_result: 0.01 MB (36 entries)
  latest_statement_average_score: 0.00 MB (N/A entries)
2026-08-04 02:09:52.838 INFO Memory usage (end of timestep, peak): 137.48 GiB
2026-08-04 02:09:52.838 INFO Memory usage (end of timestep, current): 15.93 GiB
2026-08-04 02:09:52.838 INFO (Iteration 150) data_age_at_insertion: real 79.85s | cpu 70.44s
2026-08-04 02:09:52.838 INFO Iteration 150 finished in 168.67s (real) and 130.45s (process)
2026-08-04 02:09:52.838 INFO Start timestep 2025-03-25 00:00:00+00:00 -> 2025-04-24 00:00:00+00:00
2026-08-04 02:10:47.049 INFO DuckDB memory logs:
  database_name database_size  block_size  ...  wal_size  memory_usage  memory_limit
0   postgres_db       6.2 TiB           0  ...   0 bytes       7.2 GiB     228.8 GiB
1        memory       0 bytes           0  ...   0 bytes       7.2 GiB     228.8 GiB

[2 rows x 9 columns]
2026-08-04 02:10:47.049 INFO Loading data (2025-03-25 00:00:00+00:00 -> 2025-04-24 00:00:00+00:00) done in 54.21s (real) and 37.64s (process)
2026-08-04 02:10:47.049 INFO Memory usage (start of timestep, peak): 137.48 GiB
2026-08-04 02:10:47.049 INFO Memory usage (start of timestep, current): 11.18 GiB
2026-08-04 02:10:47.049 INFO Calculating metrics
2026-08-04 02:10:47.049 INFO Calculating metric: data_age_at_insertion
2026-08-04 02:11:59.025 INFO [data_age_at_insertion] Memory snapshot — total: 319.89 MB
  active_by_value_id: 319.87 MB (267124 entries)
  property_totals: 0.01 MB (38 entries)
  global_totals: 0.00 MB (N/A entries)
  latest_result: 0.01 MB (38 entries)
  latest_statement_average_score: 0.00 MB (N/A entries)
2026-08-04 02:11:59.026 INFO Memory usage (end of timestep, peak): 137.48 GiB
2026-08-04 02:11:59.026 INFO Memory usage (end of timestep, current): 11.88 GiB
2026-08-04 02:11:59.026 INFO (Iteration 151) data_age_at_insertion: real 71.98s | cpu 63.76s
2026-08-04 02:11:59.026 INFO Iteration 151 finished in 126.19s (real) and 101.40s (process)
2026-08-04 02:11:59.026 INFO Start timestep 2025-04-24 00:00:00+00:00 -> 2025-05-24 00:00:00+00:00
2026-08-04 02:13:32.324 INFO DuckDB memory logs:
  database_name database_size  block_size  ...  wal_size  memory_usage  memory_limit
0   postgres_db       6.2 TiB           0  ...   0 bytes      13.1 GiB     228.8 GiB
1        memory       0 bytes           0  ...   0 bytes      13.1 GiB     228.8 GiB

[2 rows x 9 columns]
2026-08-04 02:13:32.326 INFO Loading data (2025-04-24 00:00:00+00:00 -> 2025-05-24 00:00:00+00:00) done in 93.30s (real) and 62.29s (process)
2026-08-04 02:13:32.326 INFO Memory usage (start of timestep, peak): 137.48 GiB
2026-08-04 02:13:32.326 INFO Memory usage (start of timestep, current): 16.91 GiB
2026-08-04 02:13:32.326 INFO Calculating metrics
2026-08-04 02:13:32.326 INFO Calculating metric: data_age_at_insertion
2026-08-04 02:15:19.777 INFO [data_age_at_insertion] Memory snapshot — total: 212.95 MB
  active_by_value_id: 212.92 MB (157626 entries)
  property_totals: 0.01 MB (40 entries)
  global_totals: 0.00 MB (N/A entries)
  latest_result: 0.01 MB (40 entries)
  latest_statement_average_score: 0.00 MB (N/A entries)
2026-08-04 02:15:19.777 INFO Memory usage (end of timestep, peak): 137.48 GiB
2026-08-04 02:15:19.778 INFO Memory usage (end of timestep, current): 17.29 GiB
2026-08-04 02:15:19.778 INFO (Iteration 152) data_age_at_insertion: real 107.45s | cpu 103.14s
2026-08-04 02:15:19.778 INFO Iteration 152 finished in 200.75s (real) and 165.43s (process)
2026-08-04 02:15:19.778 INFO Start timestep 2025-05-24 00:00:00+00:00 -> 2025-06-23 00:00:00+00:00
2026-08-04 02:15:49.222 INFO DuckDB memory logs:
  database_name database_size  block_size  ...  wal_size  memory_usage  memory_limit
0   postgres_db       6.2 TiB           0  ...   0 bytes       4.1 GiB     228.8 GiB
1        memory       0 bytes           0  ...   0 bytes       4.1 GiB     228.8 GiB

[2 rows x 9 columns]
2026-08-04 02:15:49.222 INFO Loading data (2025-05-24 00:00:00+00:00 -> 2025-06-23 00:00:00+00:00) done in 29.44s (real) and 23.48s (process)
2026-08-04 02:15:49.222 INFO Memory usage (start of timestep, peak): 137.48 GiB
2026-08-04 02:15:49.222 INFO Memory usage (start of timestep, current): 8.84 GiB
2026-08-04 02:15:49.223 INFO Calculating metrics
2026-08-04 02:15:49.223 INFO Calculating metric: data_age_at_insertion
2026-08-04 02:17:08.256 INFO [data_age_at_insertion] Memory snapshot — total: 246.84 MB
  active_by_value_id: 246.81 MB (192376 entries)
  property_totals: 0.01 MB (40 entries)
  global_totals: 0.00 MB (N/A entries)
  latest_result: 0.01 MB (40 entries)
  latest_statement_average_score: 0.00 MB (N/A entries)
2026-08-04 02:17:08.257 INFO Memory usage (end of timestep, peak): 137.48 GiB
2026-08-04 02:17:08.257 INFO Memory usage (end of timestep, current): 9.24 GiB
2026-08-04 02:17:08.257 INFO (Iteration 153) data_age_at_insertion: real 79.03s | cpu 72.85s
2026-08-04 02:17:08.257 INFO Iteration 153 finished in 108.48s (real) and 96.33s (process)
2026-08-04 02:17:08.258 INFO Start timestep 2025-06-23 00:00:00+00:00 -> 2025-07-23 00:00:00+00:00
2026-08-04 02:17:08.622 INFO DuckDB memory logs:
  database_name database_size  block_size  ...  wal_size  memory_usage  memory_limit
0   postgres_db       6.2 TiB           0  ...   0 bytes       0 bytes     228.8 GiB
1        memory       0 bytes           0  ...   0 bytes       0 bytes     228.8 GiB

[2 rows x 9 columns]
2026-08-04 02:17:08.622 INFO Loading data (2025-06-23 00:00:00+00:00 -> 2025-07-23 00:00:00+00:00) done in 0.36s (real) and 0.20s (process)
2026-08-04 02:17:08.622 INFO Memory usage (start of timestep, peak): 137.48 GiB
2026-08-04 02:17:08.622 INFO Memory usage (start of timestep, current): 7.33 GiB
2026-08-04 02:17:08.622 INFO Calculating metrics
2026-08-04 02:17:08.623 INFO Calculating metric: data_age_at_insertion
2026-08-04 02:17:29.017 INFO [data_age_at_insertion] Memory snapshot — total: 212.79 MB
  active_by_value_id: 212.77 MB (157627 entries)
  property_totals: 0.01 MB (37 entries)
  global_totals: 0.00 MB (N/A entries)
  latest_result: 0.01 MB (37 entries)
  latest_statement_average_score: 0.00 MB (N/A entries)
2026-08-04 02:17:29.017 INFO Memory usage (end of timestep, peak): 137.48 GiB
2026-08-04 02:17:29.017 INFO Memory usage (end of timestep, current): 6.38 GiB
2026-08-04 02:17:29.017 INFO (Iteration 154) data_age_at_insertion: real 20.39s | cpu 14.96s
2026-08-04 02:17:29.017 INFO Iteration 154 finished in 20.76s (real) and 15.16s (process)
2026-08-04 02:17:29.017 INFO Start timestep 2025-07-23 00:00:00+00:00 -> 2025-08-22 00:00:00+00:00
2026-08-04 02:17:29.242 INFO DuckDB memory logs:
  database_name database_size  block_size  ...  wal_size  memory_usage  memory_limit
0   postgres_db       6.2 TiB           0  ...   0 bytes       0 bytes     228.8 GiB
1        memory       0 bytes           0  ...   0 bytes       0 bytes     228.8 GiB

[2 rows x 9 columns]
2026-08-04 02:17:29.242 INFO Loading data (2025-07-23 00:00:00+00:00 -> 2025-08-22 00:00:00+00:00) done in 0.22s (real) and 0.02s (process)
2026-08-04 02:17:29.242 INFO Memory usage (start of timestep, peak): 137.48 GiB
2026-08-04 02:17:29.242 INFO Memory usage (start of timestep, current): 6.38 GiB
2026-08-04 02:17:29.242 INFO Calculating metrics
2026-08-04 02:17:29.242 INFO Calculating metric: data_age_at_insertion
2026-08-04 02:17:38.106 INFO [data_age_at_insertion] Memory snapshot — total: 117.60 MB
  active_by_value_id: 117.58 MB (60287 entries)
  property_totals: 0.01 MB (32 entries)
  global_totals: 0.00 MB (N/A entries)
  latest_result: 0.01 MB (32 entries)
  latest_statement_average_score: 0.00 MB (N/A entries)
2026-08-04 02:17:38.106 INFO Memory usage (end of timestep, peak): 137.48 GiB
2026-08-04 02:17:38.107 INFO Memory usage (end of timestep, current): 5.85 GiB
2026-08-04 02:17:38.107 INFO (Iteration 155) data_age_at_insertion: real 8.86s | cpu 6.55s
2026-08-04 02:17:38.107 INFO Iteration 155 finished in 9.09s (real) and 6.58s (process)
2026-08-04 02:17:43.904 INFO finished
2026-08-04 02:17:43.904 INFO TOTAL data_age_at_insertion: real 28863.84s | cpu 27501.93s

--- Metric Name to ID Mapping ---
'subject_constraint_violation_count': 96
'easy_subject_constraint_violation_count': 97
'symmetric_inverse_constraint_violation_count': 98
'subject_constraint_violation_ratio': 99
'easy_subject_constraint_violation_ratio': 100
'symmetric_inverse_violation_ratio': 101
'general_constraint_violation_ratio': 102
'range_constraint_violation_ratio': 103
'currency_per_statement': 104
'currency_per_property': 105
'range_constraint_violation_count': 106
'completeness_currency': 107
'subject_constraint_completeness': 108
'range_constraint_completeness': 109
'range_constraint_violation_count_mandatory': 110
'range_constraint_violation_count_regular': 111
'range_constraint_violation_count_suggestion': 112
'statement_count_property_range_all': 113
'statement_count_property_range_mandatory': 114
'statement_count_property_range_regular': 115
'statement_count_property_range_suggestion': 116
'range_constraint_violation_total_all': 117
'range_constraint_violation_total_mandatory': 118
'range_constraint_violation_total_regular': 119
'range_constraint_violation_total_suggestion': 120
'range_constraint_completeness_mandatory': 121
'range_constraint_completeness_regular': 122
'range_constraint_completeness_suggestion': 123
'range_constraint_violation_ratio_regular': 124
'currency_global': 125
'currency_per_property_exp': 126
'currency_global_exp': 127
'range_constraint_violation_ratio_mandatory': 128
'range_constraint_violation_ratio_suggestion': 129
'reference_counts_per_domain_total_reference_count': 131
'reference_counts_per_domain_tail_count': 132
'reference_counts_per_domain_tail_accounts_for_fraction': 133
'reference_replacements_simple_with_path_discard_edge_heuristic_dominated': 134
'reference_replacements_simple_with_path_discard_edge_heuristic_dominating': 135
'reference_replacements_simple_with_path_discard_edge_heuristic_contested': 136
'reference_replacements_weight_flow_keep_all_edges_dominated': 137
'reference_replacements_weight_flow_keep_all_edges_dominating': 138
'reference_replacements_weight_flow_keep_all_edges_contested': 139
'reference_counts_per_domain': 140
'reference_counts_per_domain_fractions': 141
'reference_replacements_weight_flow_keep_all_edges_domain_classification': 142
'reference_replacements_simple_with_path_discard_edge_heuristic_domain_classification': 143
'entity_count': 66
'description_count': 67
'label_count': 68
'property_count': 69
'statement_count': 70
'subclass_count': 71
'revision_count': 72
'reference_existence_per_statement_count_dict': 73
'reference_existence_per_statement_count_df': 74
'reference_count': 75
'statement_count_property_range': 76
'statement_count_property_subject': 77
'statement_count_property_sym_inv': 78
'Has_descript_label': 79
'avg_properties_per_entity': 80
'avg_statements_per_entity': 81
'reference_completeness_dict': 82
'reference_completeness_df': 83
'subject_constraint_violation_total': 84
'range_constraint_violation_total': 85
'total_statement_count_property': 86
'easy_subject_constraint_violation_total': 87
'symmetric_inverse_violation_total': 88
'schema_property_occurrence': 89
'schema_fulfillment': 90
'schema_fulfillment_optional': 91
'schema_fulfillment_per_schema': 92
'schema_fulfillment_per_schema_optional': 93
'total_constraint_violations': 94
'property_constraint_completeness': 95
'reference_replacements_simple_with_path_discard_edge_heuristic_contracted_mass_total': 144
'reference_replacements_simple_with_path_discard_edge_heuristic_contracted_mass_step': 145
'reference_replacements_weight_flow_keep_all_edges_contracted_mass_total': 146
'reference_replacements_weight_flow_keep_all_edges_contracted_mass_step': 147
'reference_replacements_simple_with_path_discard_edge_heuristic_dis_5pct_dominated': 148
'reference_replacements_simple_with_path_discard_edge_heuristic_dis_5pct_dominating': 149
'reference_replacements_simple_with_path_discard_edge_heuristic_dis_5pct_contested': 150
'reference_replacements_simple_with_path_discard_edge_heuristic_dis_5pct_contracted_mass_total': 151
'reference_replacements_simple_with_path_discard_edge_heuristic_dis_5pct_contracted_mass_step': 152
'reference_replacements_weight_flow_keep_all_edges_dis_5pct_dominated': 153
'reference_replacements_weight_flow_keep_all_edges_dis_5pct_dominating': 154
'reference_replacements_weight_flow_keep_all_edges_dis_5pct_contested': 155
'reference_replacements_weight_flow_keep_all_edges_dis_5pct_contracted_mass_total': 156
'reference_replacements_weight_flow_keep_all_edges_dis_5pct_contracted_mass_step': 157
'reference_replacements_weight_flow_keep_all_edges_dis_5pct_domain_classification': 158
'reference_replacements_simple_with_path_discard_edge_heuristic_dis_5pct_domain_classification': 159
'reference_replacements_simple_with_path_discard_edge_heuristic_dis_5pct_graph_edge_density': 160
'reference_replacements_simple_with_path_discard_edge_heuristic_dis_5pct_graph_average_degree': 161
'reference_replacements_simple_with_path_discard_edge_heuristic_dis_5pct_recycled_mass_total': 162
'reference_replacements_simple_with_path_discard_edge_heuristic_dis_5pct_recycled_mass_step': 163
'reference_replacements_simple_with_path_discard_edge_heuristic_dis_5pct_tombstoned_domains_step': 164
'data_age_at_insertion_scaled_score': 165
'data_age_at_insertion_avg_delay_days': 166
'data_age_at_insertion_late_statement_count': 167
'data_age_at_insertion_too_old_statement_count': 168
'data_age_at_insertion_future_dated_statement_count': 170
'data_age_at_insertion_statement_count': 171
'data_age_at_insertion_future_statement_count': 172
'data_age_at_insertion_statement_average_scaled_score': 173
-------------------------------------

Run ID: 2399001
