entity_schema_id;property_id;min;max;value_constraint
10;21;0;1;"{""type"": ""NodeConstraint"", ""values"": [""http://www.wikidata.org/entity/Q48270"", ""http://www.wikidata.org/entity/Q48279"", ""http://www.wikidata.org/entity/Q179294"", ""http://www.wikidata.org/entity/Q189125"", ""http://www.wikidata.org/entity/Q207959"", ""http://www.wikidata.org/entity/Q301702"", ""http://www.wikidata.org/entity/Q350374"", ""http://www.wikidata.org/entity/Q505371"", ""http://www.wikidata.org/entity/Q660882"", ""http://www.wikidata.org/entity/Q746411"", ""http://www.wikidata.org/entity/Q859614"", ""http://www.wikidata.org/entity/Q1052281"", ""http://www.wikidata.org/entity/Q1097630"", ""http://www.wikidata.org/entity/Q1289754"", ""http://www.wikidata.org/entity/Q1399232"", ""http://www.wikidata.org/entity/Q2449503"", ""http://www.wikidata.org/entity/Q3177577"", ""http://www.wikidata.org/entity/Q3277905"", ""http://www.wikidata.org/entity/Q6581072"", ""http://www.wikidata.org/entity/Q6581097"", ""http://www.wikidata.org/entity/Q7130936"", ""http://www.wikidata.org/entity/Q12964198"", ""http://www.wikidata.org/entity/Q15145778"", ""http://www.wikidata.org/entity/Q15145779"", ""http://www.wikidata.org/entity/Q18116794"", ""http://www.wikidata.org/entity/Q27679684"", ""http://www.wikidata.org/entity/Q27679766"", ""http://www.wikidata.org/entity/Q52261234"", ""http://www.wikidata.org/entity/Q93954933"", ""http://www.wikidata.org/entity/Q93955709"", ""http://www.wikidata.org/entity/Q96000630"", ""http://www.wikidata.org/entity/Q25388691"", ""http://www.wikidata.org/entity/Q56315990""]}"
10;19;0;1;
10;20;0;1;
10;119;0;1;
10;1442;0;1;
10;569;0;1;
10;570;0;1;
10;1559;0;1;
10;-1;1;;"{""type"": ""NodeConstraint"", ""datatype"": ""http://www.w3.org/1999/02/22-rdf-syntax-ns#langString""}"
101;1182;1;1;"{""type"": ""NodeConstraint"", ""nodeKind"": ""literal""}"
101;5587;1;1;"{""type"": ""NodeConstraint"", ""nodeKind"": ""literal""}"
101;1476;1;1;"{""type"": ""NodeConstraint"", ""nodeKind"": ""literal""}"
101;577;1;1;"{""type"": ""NodeConstraint"", ""datatype"": ""http://www.w3.org/2001/XMLSchema#dateTime""}"
101;291;1;;"{""type"": ""NodeConstraint"", ""nodeKind"": ""iri""}"
101;123;1;;"{""type"": ""NodeConstraint"", ""nodeKind"": ""iri""}"
101;407;1;;"{""type"": ""NodeConstraint"", ""nodeKind"": ""iri""}"
101;-1;1;;"{""type"": ""NodeConstraint"", ""datatype"": ""http://www.w3.org/1999/02/22-rdf-syntax-ns#langString""}"
102;31;1;1;"{""type"": ""Shape"", ""expression"": {""type"": ""TripleConstraint"", ""predicate"": ""http://www.wikidata.org/prop/statement/P31"", ""valueExpr"": {""type"": ""Shape"", ""expression"": {""type"": ""TripleConstraint"", ""predicate"": ""http://www.wikidata.org/prop/P279"", ""valueExpr"": {""type"": ""Shape"", ""expression"": {""type"": ""TripleConstraint"", ""predicate"": ""http://www.wikidata.org/prop/statement/P279"", ""valueExpr"": {""type"": ""NodeConstraint"", ""values"": [""http://www.wikidata.org/entity/Q9135""]}}}, ""min"": 1, ""max"": -1}}}}"
102;275;1;1;"{""type"": ""Shape"", ""expression"": {""type"": ""TripleConstraint"", ""predicate"": ""http://www.wikidata.org/prop/statement/P275"", ""valueExpr"": {""type"": ""NodeConstraint"", ""nodeKind"": ""iri""}, ""min"": 1, ""max"": -1}}"
102;178;0;1;"{""type"": ""Shape"", ""expression"": {""type"": ""TripleConstraint"", ""predicate"": ""http://www.wikidata.org/prop/statement/P178"", ""valueExpr"": {""type"": ""NodeConstraint"", ""nodeKind"": ""iri""}}}"
102;176;0;1;"{""type"": ""Shape"", ""expression"": {""type"": ""TripleConstraint"", ""predicate"": ""http://www.wikidata.org/prop/statement/P176"", ""valueExpr"": {""type"": ""NodeConstraint"", ""nodeKind"": ""iri""}}}"
102;910;0;1;"{""type"": ""Shape"", ""expression"": {""type"": ""TripleConstraint"", ""predicate"": ""http://www.wikidata.org/prop/statement/P910"", ""valueExpr"": {""type"": ""NodeConstraint"", ""nodeKind"": ""iri""}}}"
102;373;0;1;"{""type"": ""Shape"", ""expression"": {""type"": ""TripleConstraint"", ""predicate"": ""http://www.wikidata.org/prop/statement/P373"", ""valueExpr"": {""type"": ""NodeConstraint"", ""datatype"": ""http://www.w3.org/2001/XMLSchema#string""}, ""min"": 0, ""max"": -1}}"
102;5795;0;1;"{""type"": ""Shape"", ""expression"": {""type"": ""TripleConstraint"", ""predicate"": ""http://www.wikidata.org/prop/statement/P5795"", ""valueExpr"": {""type"": ""NodeConstraint"", ""datatype"": ""http://www.w3.org/2001/XMLSchema#string""}, ""min"": 0, ""max"": -1}}"
102;5868;0;1;"{""type"": ""Shape"", ""expression"": {""type"": ""TripleConstraint"", ""predicate"": ""http://www.wikidata.org/prop/statement/P5868"", ""valueExpr"": {""type"": ""NodeConstraint"", ""datatype"": ""http://www.w3.org/2001/XMLSchema#string""}, ""min"": 0, ""max"": -1}}"
102;268;0;1;"{""type"": ""Shape"", ""expression"": {""type"": ""TripleConstraint"", ""predicate"": ""http://www.wikidata.org/prop/statement/P268"", ""valueExpr"": {""type"": ""NodeConstraint"", ""datatype"": ""http://www.w3.org/2001/XMLSchema#string""}, ""min"": 0, ""max"": -1}}"
104;31;1;1;"{""type"": ""NodeConstraint"", ""values"": [""http://www.wikidata.org/entity/Q525504""]}"
104;17;1;1;"{""type"": ""NodeConstraint"", ""values"": [""http://www.wikidata.org/entity/Q38""]}"
104;131;1;1;"{""type"": ""NodeConstraint"", ""values"": [""http://www.wikidata.org/entity/Q3940419""]}"
104;571;1;1;"{""type"": ""NodeConstraint"", ""values"": [""http://www.wikidata.org/prop/statement/value/P571"", {""value"": ""+2013-03-11T00:00:00Z"", ""type"": ""http://www.w3.org/2001/XMLSchema#dateTime""}]}"
104;1448;1;;
104;2046;1;;
104;1082;1;;
104;421;1;1;"{""type"": ""NodeConstraint"", ""values"": [""http://www.wikidata.org/entity/Q6655"", ""http://www.wikidata.org/entity/Q6723""]}"
105;570;1;1;
105;569;0;1;
105;27;1;;
106;138;1;1;"{""type"": ""NodeConstraint"", ""nodeKind"": ""iri""}"
106;276;1;1;"{""type"": ""NodeConstraint"", ""nodeKind"": ""iri""}"
106;18;1;;"{""type"": ""NodeConstraint"", ""nodeKind"": ""iri""}"
106;376;1;1;"{""type"": ""NodeConstraint"", ""nodeKind"": ""iri""}"
106;625;1;1;"{""type"": ""Shape"", ""expression"": {""type"": ""TripleConstraint"", ""predicate"": ""http://www.wikidata.org/prop/statement/P625"", ""valueExpr"": {""type"": ""NodeConstraint"", ""datatype"": ""http://www.opengis.net/ont/geosparql#wktLiteral""}}}"
106;2386;1;1;"{""type"": ""Shape"", ""expression"": {""type"": ""TripleConstraint"", ""predicate"": ""http://www.wikidata.org/prop/statement/P2386"", ""valueExpr"": {""type"": ""NodeConstraint"", ""datatype"": ""http://www.w3.org/2001/XMLSchema#decimal""}}}"
106;2824;1;1;"{""type"": ""NodeConstraint"", ""datatype"": ""http://www.w3.org/2001/XMLSchema#string""}"
107;31;1;1;"{""type"": ""Shape"", ""expression"": {""type"": ""TripleConstraint"", ""predicate"": ""http://www.wikidata.org/prop/statement/P31"", ""valueExpr"": {""type"": ""NodeConstraint"", ""values"": [""http://www.wikidata.org/entity/Q37748""]}}}"
107;156;1;1;"{""type"": ""Shape"", ""expression"": {""type"": ""TripleConstraint"", ""predicate"": ""http://www.wikidata.org/prop/statement/P156"", ""valueExpr"": {""type"": ""NodeConstraint"", ""values"": [{""type"": ""IriStem"", ""stem"": ""http://www.wikidata.org/entity""}]}}}"
107;1813;1;1;"{""type"": ""Shape"", ""expression"": {""type"": ""TripleConstraint"", ""predicate"": ""http://www.wikidata.org/prop/statement/P1813"", ""valueExpr"": {""type"": ""NodeConstraint"", ""datatype"": ""http://www.w3.org/1999/02/22-rdf-syntax-ns#langString""}}}"
107;2043;1;1;"{""type"": ""Shape"", ""expression"": {""type"": ""EachOf"", ""expressions"": [{""type"": ""TripleConstraint"", ""predicate"": ""http://www.wikidata.org/prop/statement/value/P2043"", ""valueExpr"": {""type"": ""NodeConstraint"", ""values"": [{""type"": ""IriStem"", ""stem"": ""http://www.wikidata.org/value""}]}}, {""type"": ""TripleConstraint"", ""predicate"": ""http://www.wikidata.org/prop/statement/P2043"", ""valueExpr"": {""type"": ""NodeConstraint"", ""datatype"": ""http://www.w3.org/2001/XMLSchema#decimal""}}, {""type"": ""TripleConstraint"", ""predicate"": ""http://www.wikidata.org/prop/qualifier/P659"", ""valueExpr"": ""https://www.wikidata.org/wiki/Special:EntitySchemaText/E108#sequence_assembly""}]}}"
107;373;1;1;"{""type"": ""Shape"", ""expression"": {""type"": ""TripleConstraint"", ""predicate"": ""http://www.wikidata.org/prop/statement/P373"", ""valueExpr"": {""type"": ""NodeConstraint"", ""datatype"": ""http://www.w3.org/2001/XMLSchema#string""}}}"
107;486;1;1;"{""type"": ""Shape"", ""expression"": {""type"": ""EachOf"", ""expressions"": [{""type"": ""TripleConstraint"", ""predicate"": ""http://www.wikidata.org/prop/statement/value-normalized/P486"", ""valueExpr"": {""type"": ""NodeConstraint"", ""values"": [{""type"": ""IriStem"", ""stem"": ""http://id.nlm.nih.gov/mesh""}]}}, {""type"": ""TripleConstraint"", ""predicate"": ""http://www.wikidata.org/prop/statement/P486"", ""valueExpr"": {""type"": ""NodeConstraint"", ""datatype"": ""http://www.w3.org/2001/XMLSchema#string""}}]}}"
107;2249;1;1;"{""type"": ""Shape"", ""expression"": {""type"": ""TripleConstraint"", ""predicate"": ""http://www.wikidata.org/prop/statement/P2249"", ""valueExpr"": {""type"": ""NodeConstraint"", ""datatype"": ""http://www.w3.org/2001/XMLSchema#string""}}}"
11;571;1;;
11;276;1;;
11;2257;1;;
11;856;1;;
11;1705;1;;
110;2479;0;;"{""type"": ""NodeConstraint"", ""datatype"": ""http://www.w3.org/2001/XMLSchema#string""}"
110;790;0;;"{""type"": ""NodeConstraint"", ""nodeKind"": ""iri""}"
110;244;0;1;"{""type"": ""NodeConstraint"", ""datatype"": ""http://www.w3.org/2001/XMLSchema#string""}"
110;3827;0;1;"{""type"": ""NodeConstraint"", ""datatype"": ""http://www.w3.org/2001/XMLSchema#string""}"
110;4746;0;1;"{""type"": ""NodeConstraint"", ""datatype"": ""http://www.w3.org/2001/XMLSchema#string""}"
110;5250;0;1;"{""type"": ""NodeConstraint"", ""datatype"": ""http://www.w3.org/2001/XMLSchema#string""}"
110;5398;0;1;"{""type"": ""NodeConstraint"", ""datatype"": ""http://www.w3.org/2001/XMLSchema#string""}"
111;856;0;1;"{""type"": ""NodeConstraint"", ""nodeKind"": ""iri""}"
111;2067;0;;"{""type"": ""NodeConstraint"", ""datatype"": ""http://www.w3.org/2001/XMLSchema#decimal""}"
111;5307;0;;"{""type"": ""NodeConstraint"", ""nodeKind"": ""iri""}"
111;176;0;;"{""type"": ""NodeConstraint"", ""nodeKind"": ""iri""}"
111;2284;0;;"{""type"": ""NodeConstraint"", ""datatype"": ""http://www.w3.org/2001/XMLSchema#decimal""}"
111;577;0;;"{""type"": ""NodeConstraint"", ""datatype"": ""http://www.w3.org/2001/XMLSchema#dateTime""}"
111;3984;0;;"{""type"": ""NodeConstraint"", ""datatype"": ""http://www.w3.org/2001/XMLSchema#string""}"
112;856;0;;"{""type"": ""NodeConstraint"", ""nodeKind"": ""iri""}"
112;577;0;1;"{""type"": ""NodeConstraint"", ""datatype"": ""http://www.w3.org/2001/XMLSchema#dateTime""}"
112;17;0;;"{""type"": ""NodeConstraint"", ""nodeKind"": ""iri""}"
112;275;0;;"{""type"": ""NodeConstraint"", ""nodeKind"": ""iri""}"
112;407;0;;"{""type"": ""NodeConstraint"", ""nodeKind"": ""iri""}"
112;123;0;;"{""type"": ""NodeConstraint"", ""nodeKind"": ""iri""}"
112;571;0;1;"{""type"": ""NodeConstraint"", ""datatype"": ""http://www.w3.org/2001/XMLSchema#dateTime""}"
112;2666;0;1;"{""type"": ""NodeConstraint"", ""datatype"": ""http://www.w3.org/2001/XMLSchema#string""}"
112;2689;0;1;"{""type"": ""NodeConstraint"", ""datatype"": ""http://www.w3.org/2001/XMLSchema#string""}"
112;6526;0;1;"{""type"": ""NodeConstraint"", ""datatype"": ""http://www.w3.org/2001/XMLSchema#string""}"
112;5305;0;1;"{""type"": ""NodeConstraint"", ""nodeKind"": ""iri""}"
112;2896;0;1;"{""type"": ""NodeConstraint"", ""datatype"": ""http://www.w3.org/2001/XMLSchema#decimal""}"
112;921;0;1;"{""type"": ""NodeConstraint"", ""nodeKind"": ""iri""}"
113;699;1;1;
113;5270;1;1;
114;17;0;;"{""type"": ""NodeConstraint"", ""nodeKind"": ""iri""}"
114;131;0;;"{""type"": ""NodeConstraint"", ""nodeKind"": ""iri""}"
114;373;0;1;"{""type"": ""NodeConstraint"", ""datatype"": ""http://www.w3.org/2001/XMLSchema#string""}"
114;625;0;1;"{""type"": ""NodeConstraint"", ""datatype"": ""http://www.opengis.net/ont/geosparql#wktLiteral""}"
114;18;0;1;"{""type"": ""NodeConstraint"", ""values"": [{""type"": ""IriStem"", ""stem"": ""http://commons.wikimedia.org/wiki/Special:FilePath""}]}"
114;3018;0;;"{""type"": ""NodeConstraint"", ""nodeKind"": ""iri""}"
114;138;0;1;"{""type"": ""NodeConstraint"", ""nodeKind"": ""iri""}"
114;571;0;1;"{""type"": ""NodeConstraint"", ""datatype"": ""http://www.w3.org/2001/XMLSchema#dateTime""}"
114;242;0;1;"{""type"": ""NodeConstraint"", ""values"": [{""type"": ""IriStem"", ""stem"": ""http://commons.wikimedia.org/wiki/Special:FilePath""}]}"
114;402;0;1;"{""type"": ""NodeConstraint"", ""datatype"": ""http://www.w3.org/2001/XMLSchema#string""}"
114;4552;0;1;"{""type"": ""NodeConstraint"", ""nodeKind"": ""iri""}"
114;3173;0;1;"{""type"": ""NodeConstraint"", ""nodeKind"": ""iri""}"
114;610;0;1;"{""type"": ""NodeConstraint"", ""nodeKind"": ""iri""}"
114;3353;0;1;"{""type"": ""NodeConstraint"", ""datatype"": ""http://www.w3.org/2001/XMLSchema#string""}"
114;7127;0;1;"{""type"": ""NodeConstraint"", ""datatype"": ""http://www.w3.org/2001/XMLSchema#string""}"
114;7116;0;1;"{""type"": ""NodeConstraint"", ""datatype"": ""http://www.w3.org/2001/XMLSchema#string""}"
11424;1476;1;;
11424;577;1;;
11424;364;1;;
11424;136;1;;
11424;57;1;;
11424;161;5;;
11424;344;1;;
11424;58;1;;
11424;1040;1;;
11424;2047;0;1;
115;31;1;;"{""type"": ""Shape"", ""expression"": {""type"": ""TripleConstraint"", ""predicate"": ""http://www.wikidata.org/prop/statement/P31"", ""valueExpr"": {""type"": ""NodeConstraint"", ""values"": [""http://www.wikidata.org/entity/Q8070""]}}}"
115;279;0;1;"{""type"": ""Shape"", ""expression"": {""type"": ""TripleConstraint"", ""predicate"": ""http://www.wikidata.org/prop/statement/P279"", ""valueExpr"": {""type"": ""NodeConstraint"", ""values"": [{""type"": ""IriStem"", ""stem"": ""http://www.wikidata.org/entity/""}]}}}"
115;585;0;1;"{""type"": ""Shape"", ""expression"": {""type"": ""EachOf"", ""expressions"": [{""type"": ""TripleConstraint"", ""predicate"": ""http://www.wikidata.org/prop/statement/value/P585"", ""valueExpr"": {""type"": ""NodeConstraint"", ""values"": [{""type"": ""IriStem"", ""stem"": ""http://www.wikidata.org/entity/""}]}}, {""type"": ""TripleConstraint"", ""predicate"": ""http://www.wikidata.org/prop/statement/P585"", ""valueExpr"": {""type"": ""NodeConstraint"", ""datatype"": ""http://www.w3.org/2001/XMLSchema#dateTime""}}]}}"
115;625;0;;"{""type"": ""Shape"", ""expression"": {""type"": ""EachOf"", ""expressions"": [{""type"": ""TripleConstraint"", ""predicate"": ""http://www.wikidata.org/prop/statement/value/P625"", ""valueExpr"": {""type"": ""NodeConstraint"", ""values"": [{""type"": ""IriStem"", ""stem"": ""http://www.wikidata.org/entity/""}]}}, {""type"": ""TripleConstraint"", ""predicate"": ""http://www.wikidata.org/prop/statement/P625"", ""valueExpr"": {""type"": ""NodeConstraint"", ""datatype"": ""http://www.opengis.net/ont/geosparql#wktLiteral""}}]}}"
115;17;0;;"{""type"": ""Shape"", ""expression"": {""type"": ""TripleConstraint"", ""predicate"": ""http://www.wikidata.org/prop/statement/P17"", ""valueExpr"": {""type"": ""NodeConstraint"", ""values"": [{""type"": ""IriStem"", ""stem"": ""http://www.wikidata.org/entity/""}]}}}"
115;1120;0;;"{""type"": ""Shape"", ""expression"": {""type"": ""EachOf"", ""expressions"": [{""type"": ""TripleConstraint"", ""predicate"": ""http://www.wikidata.org/prop/statement/value/P1120"", ""valueExpr"": {""type"": ""NodeConstraint"", ""values"": [{""type"": ""IriStem"", ""stem"": ""http://www.wikidata.org/value""}]}}, {""type"": ""TripleConstraint"", ""predicate"": ""http://www.wikidata.org/prop/statement/P1120"", ""valueExpr"": {""type"": ""NodeConstraint"", ""datatype"": ""http://www.w3.org/2001/XMLSchema#decimal""}}]}}"
115;373;0;1;"{""type"": ""Shape"", ""expression"": {""type"": ""TripleConstraint"", ""predicate"": ""http://www.wikidata.org/prop/statement/P373"", ""valueExpr"": {""type"": ""NodeConstraint"", ""datatype"": ""http://www.w3.org/2001/XMLSchema#string""}}}"
115;18;0;1;"{""type"": ""Shape"", ""expression"": {""type"": ""TripleConstraint"", ""predicate"": ""http://www.wikidata.org/prop/statement/P18"", ""valueExpr"": {""type"": ""NodeConstraint"", ""values"": [{""type"": ""IriStem"", ""stem"": ""http://commons.wikimedia.org/wiki/Special:FilePath""}]}}}"
115;276;0;;"{""type"": ""Shape"", ""expression"": {""type"": ""TripleConstraint"", ""predicate"": ""http://www.wikidata.org/prop/statement/P276"", ""valueExpr"": {""type"": ""NodeConstraint"", ""values"": [{""type"": ""IriStem"", ""stem"": ""http://www.wikidata.org/entity/""}]}}}"
115;131;0;;"{""type"": ""Shape"", ""expression"": {""type"": ""TripleConstraint"", ""predicate"": ""http://www.wikidata.org/prop/statement/P131"", ""valueExpr"": {""type"": ""NodeConstraint"", ""values"": [{""type"": ""IriStem"", ""stem"": ""http://www.wikidata.org/entity/""}]}}}"
115;1339;0;;"{""type"": ""Shape"", ""expression"": {""type"": ""EachOf"", ""expressions"": [{""type"": ""TripleConstraint"", ""predicate"": ""http://www.wikidata.org/prop/statement/value/P1339"", ""valueExpr"": {""type"": ""NodeConstraint"", ""values"": [{""type"": ""IriStem"", ""stem"": ""http://www.wikidata.org/entity/""}]}}, {""type"": ""TripleConstraint"", ""predicate"": ""http://www.wikidata.org/prop/statement/P1339"", ""valueExpr"": {""type"": ""NodeConstraint"", ""datatype"": ""http://www.w3.org/2001/XMLSchema#decimal""}}]}}"
115;4511;0;;"{""type"": ""Shape"", ""expression"": {""type"": ""EachOf"", ""expressions"": [{""type"": ""TripleConstraint"", ""predicate"": ""http://www.wikidata.org/prop/statement/value/P4511"", ""valueExpr"": {""type"": ""NodeConstraint"", ""values"": [{""type"": ""IriStem"", ""stem"": ""http://www.wikidata.org/value""}]}}, {""type"": ""TripleConstraint"", ""predicate"": ""http://www.wikidata.org/prop/statement/value-normalized/P4511"", ""valueExpr"": {""type"": ""NodeConstraint"", ""values"": [{""type"": ""IriStem"", ""stem"": ""http://www.wikidata.org/value""}]}}, {""type"": ""TripleConstraint"", ""predicate"": ""http://www.wikidata.org/prop/statement/P4511"", ""valueExpr"": {""type"": ""NodeConstraint"", ""datatype"": ""http://www.w3.org/2001/XMLSchema#decimal""}}]}}"
115;910;0;1;"{""type"": ""Shape"", ""expression"": {""type"": ""TripleConstraint"", ""predicate"": ""http://www.wikidata.org/prop/statement/P910"", ""valueExpr"": {""type"": ""NodeConstraint"", ""values"": [{""type"": ""IriStem"", ""stem"": ""http://www.wikidata.org/entity/""}]}}}"
115;2528;0;1;"{""type"": ""Shape"", ""expression"": {""type"": ""EachOf"", ""expressions"": [{""type"": ""TripleConstraint"", ""predicate"": ""http://www.wikidata.org/prop/statement/value/P2528"", ""valueExpr"": {""type"": ""NodeConstraint"", ""values"": [{""type"": ""IriStem"", ""stem"": ""http://www.wikidata.org/entity/""}]}}, {""type"": ""TripleConstraint"", ""predicate"": ""http://www.wikidata.org/prop/statement/P2528"", ""valueExpr"": {""type"": ""NodeConstraint"", ""datatype"": ""http://www.w3.org/2001/XMLSchema#decimal""}}]}}"
115;2527;0;;"{""type"": ""Shape"", ""expression"": {""type"": ""EachOf"", ""expressions"": [{""type"": ""TripleConstraint"", ""predicate"": ""http://www.wikidata.org/prop/statement/value/P2527"", ""valueExpr"": {""type"": ""NodeConstraint"", ""values"": [{""type"": ""IriStem"", ""stem"": ""http://www.wikidata.org/entity/""}]}}, {""type"": ""TripleConstraint"", ""predicate"": ""http://www.wikidata.org/prop/statement/P2527"", ""valueExpr"": {""type"": ""NodeConstraint"", ""datatype"": ""http://www.w3.org/2001/XMLSchema#decimal""}}]}}"
115;5182;0;1;"{""type"": ""Shape"", ""expression"": {""type"": ""TripleConstraint"", ""predicate"": ""http://www.wikidata.org/prop/statement/P5182"", ""valueExpr"": {""type"": ""NodeConstraint"", ""datatype"": ""http://www.w3.org/2001/XMLSchema#string""}}}"
115;5386;0;1;"{""type"": ""Shape"", ""expression"": {""type"": ""TripleConstraint"", ""predicate"": ""http://www.wikidata.org/prop/statement/P5386"", ""valueExpr"": {""type"": ""NodeConstraint"", ""values"": [{""type"": ""IriStem"", ""stem"": ""http://www.wikidata.org/entity/""}]}}}"
115;5900;0;1;"{""type"": ""Shape"", ""expression"": {""type"": ""EachOf"", ""expressions"": [{""type"": ""TripleConstraint"", ""predicate"": ""http://www.wikidata.org/prop/statement/value/P5900"", ""valueExpr"": {""type"": ""NodeConstraint"", ""values"": [{""type"": ""IriStem"", ""stem"": ""http://www.wikidata.org/entity/""}]}}, {""type"": ""TripleConstraint"", ""predicate"": ""http://www.wikidata.org/prop/statement/P5900"", ""valueExpr"": {""type"": ""NodeConstraint"", ""datatype"": ""http://www.w3.org/2001/XMLSchema#decimal""}}]}}"
115;242;0;;"{""type"": ""Shape"", ""expression"": {""type"": ""TripleConstraint"", ""predicate"": ""http://www.wikidata.org/prop/statement/P242"", ""valueExpr"": {""type"": ""NodeConstraint"", ""values"": [{""type"": ""IriStem"", ""stem"": ""http://commons.wikimedia.org/wiki/Special:FilePath""}]}}}"
115;2047;0;1;"{""type"": ""Shape"", ""expression"": {""type"": ""EachOf"", ""expressions"": [{""type"": ""TripleConstraint"", ""predicate"": ""http://www.wikidata.org/prop/statement/value/P2047"", ""valueExpr"": {""type"": ""NodeConstraint"", ""values"": [{""type"": ""IriStem"", ""stem"": ""http://www.wikidata.org/entity/""}]}}, {""type"": ""TripleConstraint"", ""predicate"": ""http://www.wikidata.org/prop/statement/value-normalized/P2047"", ""valueExpr"": {""type"": ""NodeConstraint"", ""values"": [{""type"": ""IriStem"", ""stem"": ""http://www.wikidata.org/entity/""}]}}, {""type"": ""TripleConstraint"", ""predicate"": ""http://www.wikidata.org/prop/statement/P2047"", ""valueExpr"": {""type"": ""NodeConstraint"", ""datatype"": ""http://www.w3.org/2001/XMLSchema#decimal""}}]}}"
115;1446;0;;"{""type"": ""Shape"", ""expression"": {""type"": ""EachOf"", ""expressions"": [{""type"": ""TripleConstraint"", ""predicate"": ""http://www.wikidata.org/prop/statement/value/P1446"", ""valueExpr"": {""type"": ""NodeConstraint"", ""values"": [{""type"": ""IriStem"", ""stem"": ""http://www.wikidata.org/entity/""}]}}, {""type"": ""TripleConstraint"", ""predicate"": ""http://www.wikidata.org/prop/statement/P1446"", ""valueExpr"": {""type"": ""NodeConstraint"", ""datatype"": ""http://www.w3.org/2001/XMLSchema#decimal""}}]}}"
115;935;0;1;"{""type"": ""Shape"", ""expression"": {""type"": ""TripleConstraint"", ""predicate"": ""http://www.wikidata.org/prop/statement/P935"", ""valueExpr"": {""type"": ""NodeConstraint"", ""datatype"": ""http://www.w3.org/2001/XMLSchema#string""}}}"
115;828;0;;"{""type"": ""Shape"", ""expression"": {""type"": ""TripleConstraint"", ""predicate"": ""http://www.wikidata.org/prop/statement/P828"", ""valueExpr"": {""type"": ""NodeConstraint"", ""values"": [{""type"": ""IriStem"", ""stem"": ""http://www.wikidata.org/entity/""}]}}}"
115;361;0;1;"{""type"": ""Shape"", ""expression"": {""type"": ""TripleConstraint"", ""predicate"": ""http://www.wikidata.org/prop/statement/P361"", ""valueExpr"": {""type"": ""NodeConstraint"", ""values"": [{""type"": ""IriStem"", ""stem"": ""http://www.wikidata.org/entity/""}]}}}"
115;1448;0;1;"{""type"": ""Shape"", ""expression"": {""type"": ""TripleConstraint"", ""predicate"": ""http://www.wikidata.org/prop/statement/P1448"", ""valueExpr"": {""type"": ""NodeConstraint"", ""datatype"": ""http://www.w3.org/1999/02/22-rdf-syntax-ns#langString""}}}"
115;1542;0;;"{""type"": ""Shape"", ""expression"": {""type"": ""TripleConstraint"", ""predicate"": ""http://www.wikidata.org/prop/statement/P1542"", ""valueExpr"": {""type"": ""NodeConstraint"", ""values"": [{""type"": ""IriStem"", ""stem"": ""http://www.wikidata.org/entity/""}]}}}"
115;2320;0;1;"{""type"": ""Shape"", ""expression"": {""type"": ""EachOf"", ""expressions"": [{""type"": ""TripleConstraint"", ""predicate"": ""http://www.wikidata.org/prop/statement/value/P2320"", ""valueExpr"": {""type"": ""NodeConstraint"", ""values"": [{""type"": ""IriStem"", ""stem"": ""http://www.wikidata.org/entity/""}]}}, {""type"": ""TripleConstraint"", ""predicate"": ""http://www.wikidata.org/prop/statement/P2320"", ""valueExpr"": {""type"": ""NodeConstraint"", ""datatype"": ""http://www.w3.org/2001/XMLSchema#decimal""}}]}}"
115;2630;0;;"{""type"": ""Shape"", ""expression"": {""type"": ""EachOf"", ""expressions"": [{""type"": ""TripleConstraint"", ""predicate"": ""http://www.wikidata.org/prop/statement/value/P2630"", ""valueExpr"": {""type"": ""NodeConstraint"", ""values"": [{""type"": ""IriStem"", ""stem"": ""http://www.wikidata.org/entity/""}]}}, {""type"": ""TripleConstraint"", ""predicate"": ""http://www.wikidata.org/prop/statement/P2630"", ""valueExpr"": {""type"": ""NodeConstraint"", ""datatype"": ""http://www.w3.org/2001/XMLSchema#decimal""}}]}}"
115;2784;0;1;"{""type"": ""Shape"", ""expression"": {""type"": ""TripleConstraint"", ""predicate"": ""http://www.wikidata.org/prop/statement/P2784"", ""valueExpr"": {""type"": ""NodeConstraint"", ""values"": [{""type"": ""IriStem"", ""stem"": ""http://www.wikidata.org/entity/""}]}}}"
115;3081;0;1;"{""type"": ""Shape"", ""expression"": {""type"": ""TripleConstraint"", ""predicate"": ""http://www.wikidata.org/prop/statement/P3081"", ""valueExpr"": {""type"": ""NodeConstraint"", ""values"": [{""type"": ""IriStem"", ""stem"": ""http://www.wikidata.org/entity/""}]}}}"
115;3082;0;1;"{""type"": ""Shape"", ""expression"": {""type"": ""TripleConstraint"", ""predicate"": ""http://www.wikidata.org/prop/statement/P3082"", ""valueExpr"": {""type"": ""NodeConstraint"", ""values"": [{""type"": ""IriStem"", ""stem"": ""http://www.wikidata.org/entity/""}]}}}"
115;5092;0;1;"{""type"": ""Shape"", ""expression"": {""type"": ""TripleConstraint"", ""predicate"": ""http://www.wikidata.org/prop/statement/P5092"", ""valueExpr"": {""type"": ""NodeConstraint"", ""datatype"": ""http://www.w3.org/2001/XMLSchema#string""}}}"
115;3196;0;1;"{""type"": ""Shape"", ""expression"": {""type"": ""TripleConstraint"", ""predicate"": ""http://www.wikidata.org/prop/statement/P3196"", ""valueExpr"": {""type"": ""NodeConstraint"", ""datatype"": ""http://www.w3.org/2001/XMLSchema#string""}}}"
115;1417;0;1;"{""type"": ""Shape"", ""expression"": {""type"": ""TripleConstraint"", ""predicate"": ""http://www.wikidata.org/prop/statement/P1417"", ""valueExpr"": {""type"": ""NodeConstraint"", ""datatype"": ""http://www.w3.org/2001/XMLSchema#string""}}}"
115;3417;0;1;"{""type"": ""Shape"", ""expression"": {""type"": ""TripleConstraint"", ""predicate"": ""http://www.wikidata.org/prop/statement/P3417"", ""valueExpr"": {""type"": ""NodeConstraint"", ""datatype"": ""http://www.w3.org/2001/XMLSchema#string""}}}"
115;6419;0;1;"{""type"": ""Shape"", ""expression"": {""type"": ""TripleConstraint"", ""predicate"": ""http://www.wikidata.org/prop/statement/P6419"", ""valueExpr"": {""type"": ""NodeConstraint"", ""datatype"": ""http://www.w3.org/2001/XMLSchema#string""}}}"
115;244;0;1;"{""type"": ""Shape"", ""expression"": {""type"": ""EachOf"", ""expressions"": [{""type"": ""TripleConstraint"", ""predicate"": ""http://www.wikidata.org/prop/statement/value-normalized/P244"", ""valueExpr"": {""type"": ""NodeConstraint"", ""values"": [{""type"": ""IriStem"", ""stem"": ""http://id.loc.gov/authorities/names""}]}}, {""type"": ""TripleConstraint"", ""predicate"": ""http://www.wikidata.org/prop/statement/P244"", ""valueExpr"": {""type"": ""NodeConstraint"", ""datatype"": ""http://www.w3.org/2001/XMLSchema#string""}}]}}"
115;3219;0;1;"{""type"": ""Shape"", ""expression"": {""type"": ""TripleConstraint"", ""predicate"": ""http://www.wikidata.org/prop/statement/P3219"", ""valueExpr"": {""type"": ""NodeConstraint"", ""datatype"": ""http://www.w3.org/2001/XMLSchema#string""}}}"
115;6081;0;1;"{""type"": ""Shape"", ""expression"": {""type"": ""TripleConstraint"", ""predicate"": ""http://www.wikidata.org/prop/statement/P6081"", ""valueExpr"": {""type"": ""NodeConstraint"", ""datatype"": ""http://www.w3.org/2001/XMLSchema#string""}}}"
115;902;0;1;"{""type"": ""Shape"", ""expression"": {""type"": ""TripleConstraint"", ""predicate"": ""http://www.wikidata.org/prop/statement/P902"", ""valueExpr"": {""type"": ""NodeConstraint"", ""datatype"": ""http://www.w3.org/2001/XMLSchema#string""}}}"
115;1936;0;1;"{""type"": ""Shape"", ""expression"": {""type"": ""EachOf"", ""expressions"": [{""type"": ""TripleConstraint"", ""predicate"": ""http://www.wikidata.org/prop/statement/value-normalized/P1936"", ""valueExpr"": {""type"": ""NodeConstraint"", ""values"": [{""type"": ""IriStem"", ""stem"": ""http://dare.ht.lu.se/places""}]}}, {""type"": ""TripleConstraint"", ""predicate"": ""http://www.wikidata.org/prop/statement/P1936"", ""valueExpr"": {""type"": ""NodeConstraint"", ""datatype"": ""http://www.w3.org/2001/XMLSchema#string""}}]}}"
115;2581;0;1;"{""type"": ""Shape"", ""expression"": {""type"": ""EachOf"", ""expressions"": [{""type"": ""TripleConstraint"", ""predicate"": ""http://www.wikidata.org/prop/statement/value-normalized/P2581"", ""valueExpr"": {""type"": ""NodeConstraint"", ""values"": [{""type"": ""IriStem"", ""stem"": ""http://babelnet.org/rdf""}]}}, {""type"": ""TripleConstraint"", ""predicate"": ""http://www.wikidata.org/prop/statement/P2581"", ""valueExpr"": {""type"": ""NodeConstraint"", ""datatype"": ""http://www.w3.org/2001/XMLSchema#string""}}]}}"
115;3509;0;1;"{""type"": ""Shape"", ""expression"": {""type"": ""TripleConstraint"", ""predicate"": ""http://www.wikidata.org/prop/statement/P3509"", ""valueExpr"": {""type"": ""NodeConstraint"", ""datatype"": ""http://www.w3.org/2001/XMLSchema#string""}}}"
117;31;1;;"{""type"": ""NodeConstraint"", ""values"": [""http://www.wikidata.org/entity/Q11032""]}"
117;407;0;;"{""type"": ""NodeConstraint"", ""values"": [{""type"": ""IriStem"", ""stem"": ""http://www.wikidata.org/entity""}]}"
117;571;0;1;"{""type"": ""NodeConstraint"", ""datatype"": ""http://www.w3.org/2001/XMLSchema#dateTime""}"
117;1476;0;1;"{""type"": ""NodeConstraint"", ""datatype"": ""http://www.w3.org/1999/02/22-rdf-syntax-ns#langString""}"
117;856;0;1;"{""type"": ""NodeConstraint"", ""nodeKind"": ""iri""}"
117;495;0;1;"{""type"": ""NodeConstraint"", ""values"": [{""type"": ""IriStem"", ""stem"": ""http://www.wikidata.org/entity""}]}"
117;17;0;1;"{""type"": ""NodeConstraint"", ""values"": [{""type"": ""IriStem"", ""stem"": ""http://www.wikidata.org/entity""}]}"
117;154;0;1;"{""type"": ""NodeConstraint"", ""values"": [{""type"": ""IriStem"", ""stem"": ""http://commons.wikimedia.org/wiki/Special:FilePath""}]}"
117;159;0;1;"{""type"": ""NodeConstraint"", ""values"": [{""type"": ""IriStem"", ""stem"": ""http://www.wikidata.org/entity""}]}"
117;291;0;1;"{""type"": ""NodeConstraint"", ""values"": [{""type"": ""IriStem"", ""stem"": ""http://www.wikidata.org/entity""}]}"
117;576;0;1;"{""type"": ""NodeConstraint"", ""datatype"": ""http://www.w3.org/2001/XMLSchema#dateTime""}"
117;373;0;1;"{""type"": ""NodeConstraint"", ""datatype"": ""http://www.w3.org/2001/XMLSchema#string""}"
117;112;0;1;"{""type"": ""NodeConstraint"", ""values"": [{""type"": ""IriStem"", ""stem"": ""http://www.wikidata.org/entity""}]}"
117;127;0;1;"{""type"": ""NodeConstraint"", ""values"": [{""type"": ""IriStem"", ""stem"": ""http://www.wikidata.org/entity""}]}"
117;166;0;1;"{""type"": ""NodeConstraint"", ""values"": [{""type"": ""IriStem"", ""stem"": ""http://www.wikidata.org/entity""}]}"
117;3912;0;1;"{""type"": ""NodeConstraint"", ""values"": [{""type"": ""IriStem"", ""stem"": ""http://www.wikidata.org/entity""}]}"
117;18;0;1;"{""type"": ""NodeConstraint"", ""values"": [{""type"": ""IriStem"", ""stem"": ""http://commons.wikimedia.org/wiki/Special:FilePath""}]}"
117;1813;0;1;"{""type"": ""NodeConstraint"", ""datatype"": ""http://www.w3.org/1999/02/22-rdf-syntax-ns#langString""}"
117;98;0;1;"{""type"": ""NodeConstraint"", ""values"": [{""type"": ""IriStem"", ""stem"": ""http://www.wikidata.org/entity""}]}"
117;123;0;1;"{""type"": ""NodeConstraint"", ""values"": [{""type"": ""IriStem"", ""stem"": ""http://www.wikidata.org/entity""}]}"
117;910;0;1;"{""type"": ""NodeConstraint"", ""values"": [{""type"": ""IriStem"", ""stem"": ""http://www.wikidata.org/entity""}]}"
117;1037;0;1;"{""type"": ""NodeConstraint"", ""values"": [{""type"": ""IriStem"", ""stem"": ""http://www.wikidata.org/entity""}]}"
117;1142;0;;"{""type"": ""NodeConstraint"", ""values"": [{""type"": ""IriStem"", ""stem"": ""http://www.wikidata.org/entity""}]}"
117;2002;0;1;"{""type"": ""NodeConstraint"", ""datatype"": ""http://www.w3.org/2001/XMLSchema#string""}"
117;2013;0;1;"{""type"": ""NodeConstraint"", ""datatype"": ""http://www.w3.org/2001/XMLSchema#string""}"
117;2896;0;1;"{""type"": ""NodeConstraint"", ""datatype"": ""http://www.w3.org/2001/XMLSchema#decimal""}"
117;3789;0;1;"{""type"": ""NodeConstraint"", ""datatype"": ""http://www.w3.org/2001/XMLSchema#string""}"
117;5769;0;1;"{""type"": ""NodeConstraint"", ""values"": [{""type"": ""IriStem"", ""stem"": ""http://www.wikidata.org/entity""}]}"
117;6375;0;1;"{""type"": ""NodeConstraint"", ""datatype"": ""http://www.w3.org/1999/02/22-rdf-syntax-ns#langString""}"
117;1830;0;1;"{""type"": ""NodeConstraint"", ""values"": [{""type"": ""IriStem"", ""stem"": ""http://www.wikidata.org/entity""}]}"
117;646;0;1;"{""type"": ""NodeConstraint"", ""datatype"": ""http://www.w3.org/2001/XMLSchema#string""}"
117;1417;0;1;"{""type"": ""NodeConstraint"", ""datatype"": ""http://www.w3.org/2001/XMLSchema#string""}"
117;3417;0;1;"{""type"": ""NodeConstraint"", ""datatype"": ""http://www.w3.org/2001/XMLSchema#string""}"
117;236;0;;"{""type"": ""NodeConstraint"", ""datatype"": ""http://www.w3.org/2001/XMLSchema#string""}"
117;243;0;1;"{""type"": ""NodeConstraint"", ""datatype"": ""http://www.w3.org/2001/XMLSchema#string""}"
117;1235;0;1;"{""type"": ""NodeConstraint"", ""datatype"": ""http://www.w3.org/2001/XMLSchema#string""}"
117;227;0;1;"{""type"": ""NodeConstraint"", ""datatype"": ""http://www.w3.org/2001/XMLSchema#string""}"
117;691;0;1;"{""type"": ""NodeConstraint"", ""datatype"": ""http://www.w3.org/2001/XMLSchema#string""}"
117;2924;0;1;"{""type"": ""NodeConstraint"", ""datatype"": ""http://www.w3.org/2001/XMLSchema#string""}"
117;3365;0;1;"{""type"": ""NodeConstraint"", ""datatype"": ""http://www.w3.org/2001/XMLSchema#string""}"
117;3569;0;1;"{""type"": ""NodeConstraint"", ""datatype"": ""http://www.w3.org/2001/XMLSchema#string""}"
117;4339;0;1;"{""type"": ""NodeConstraint"", ""datatype"": ""http://www.w3.org/2001/XMLSchema#string""}"
117;5554;0;1;"{""type"": ""NodeConstraint"", ""datatype"": ""http://www.w3.org/2001/XMLSchema#string""}"
117;1055;0;1;"{""type"": ""NodeConstraint"", ""datatype"": ""http://www.w3.org/2001/XMLSchema#string""}"
117;1156;0;1;"{""type"": ""NodeConstraint"", ""datatype"": ""http://www.w3.org/2001/XMLSchema#string""}"
117;1277;0;1;"{""type"": ""NodeConstraint"", ""datatype"": ""http://www.w3.org/2001/XMLSchema#string""}"
118;856;0;;"{""type"": ""NodeConstraint"", ""nodeKind"": ""iri""}"
118;306;0;;"{""type"": ""NodeConstraint"", ""nodeKind"": ""iri""}"
118;178;0;;"{""type"": ""NodeConstraint"", ""nodeKind"": ""iri""}"
118;154;0;1;"{""type"": ""NodeConstraint"", ""values"": [{""type"": ""IriStem"", ""stem"": ""http://commons.wikimedia.org/wiki/Special:FilePath""}]}"
119;31;1;1;"{""type"": ""NodeConstraint"", ""values"": [""https://www.wikidata.org/wiki/Q26529""]}"
119;361;1;1;"{""type"": ""NodeConstraint"", ""nodeKind"": ""iri""}"
119;375;1;1;"{""type"": ""NodeConstraint"", ""nodeKind"": ""iri""}"
119;619;1;1;"{""type"": ""NodeConstraint"", ""datatype"": ""http://www.w3.org/2001/XMLSchema#dateTime""}"
119;793;0;1;"{""type"": ""NodeConstraint"", ""nodeKind"": ""iri""}"
119;1427;1;;"{""type"": ""NodeConstraint"", ""nodeKind"": ""iri""}"
119;137;0;1;"{""type"": ""NodeConstraint"", ""nodeKind"": ""iri""}"
119;176;0;1;"{""type"": ""NodeConstraint"", ""nodeKind"": ""iri""}"
119;373;0;1;"{""type"": ""NodeConstraint"", ""datatype"": ""http://www.w3.org/2001/XMLSchema#string""}"
119;18;0;1;"{""type"": ""NodeConstraint"", ""values"": [{""type"": ""IriStem"", ""stem"": ""http://commons.wikimedia.org/wiki/Special:FilePath""}]}"
119;621;0;1;"{""type"": ""NodeConstraint"", ""datatype"": ""http://www.w3.org/2001/XMLSchema#dateTime""}"
119;620;0;1;"{""type"": ""NodeConstraint"", ""datatype"": ""http://www.w3.org/2001/XMLSchema#dateTime""}"
119;973;0;1;"{""type"": ""NodeConstraint"", ""nodeKind"": ""iri""}"
119;376;0;1;"{""type"": ""NodeConstraint"", ""nodeKind"": ""iri""}"
119;1201;0;1;"{""type"": ""NodeConstraint"", ""nodeKind"": ""iri""}"
119;2067;0;1;"{""type"": ""NodeConstraint"", ""datatype"": ""http://www.w3.org/2001/XMLSchema#decimal""}"
12;179;1;1;
12;585;1;1;
12;393;1;1;
120;31;1;;"{""type"": ""NodeConstraint"", ""values"": [""http://www.wikidata.org/entity/Q41960"", ""http://www.wikidata.org/entity/Q57812611""]}"
120;21;1;1;"{""type"": ""NodeConstraint"", ""values"": [""http://www.wikidata.org/entity/Q44148"", ""http://www.wikidata.org/entity/Q43445""]}"
120;19;1;1;
120;569;1;1;
120;18;1;;
1234;31;1;1;"{""type"": ""NodeConstraint"", ""datatype"": ""http://www.wikidata.org/entity/Q3331189""}"
125;17;1;1;"{""type"": ""NodeConstraint"", ""nodeKind"": ""iri""}"
125;18;0;1;"{""type"": ""NodeConstraint"", ""values"": [{""type"": ""IriStem"", ""stem"": ""http://commons.wikimedia.org/wiki/Special:FilePath""}]}"
125;131;1;;"{""type"": ""NodeConstraint"", ""nodeKind"": ""iri""}"
125;373;0;1;"{""type"": ""NodeConstraint"", ""datatype"": ""http://www.w3.org/2001/XMLSchema#string""}"
125;935;0;1;"{""type"": ""NodeConstraint"", ""datatype"": ""http://www.w3.org/2001/XMLSchema#string""}"
125;1612;0;1;"{""type"": ""NodeConstraint"", ""datatype"": ""http://www.w3.org/2001/XMLSchema#string""}"
125;625;1;1;"{""type"": ""NodeConstraint"", ""datatype"": ""http://www.opengis.net/ont/geosparql#wktLiteral""}"
125;856;0;1;"{""type"": ""NodeConstraint"", ""nodeKind"": ""iri""}"
125;571;0;;"{""type"": ""NodeConstraint"", ""datatype"": ""http://www.w3.org/2001/XMLSchema#dateTime""}"
125;1174;0;1;"{""type"": ""NodeConstraint"", ""datatype"": ""http://www.w3.org/2001/XMLSchema#decimal""}"
125;2555;0;1;"{""type"": ""NodeConstraint"", ""datatype"": ""http://www.w3.org/2001/XMLSchema#decimal""}"
125;3025;0;1;"{""type"": ""NodeConstraint"", ""values"": [{""type"": ""IriStem"", ""stem"": ""http://www.wikidata.org/entity""}]}"
125;154;0;1;"{""type"": ""NodeConstraint"", ""values"": [{""type"": ""IriStem"", ""stem"": ""http://commons.wikimedia.org/wiki/Special:FilePath""}]}"
125;5023;0;1;"{""type"": ""NodeConstraint"", ""values"": [{""type"": ""IriStem"", ""stem"": ""http://www.wikidata.org/entity""}]}"
125;242;0;1;"{""type"": ""NodeConstraint"", ""values"": [{""type"": ""IriStem"", ""stem"": ""http://commons.wikimedia.org/wiki/Special:FilePath""}]}"
125;1705;0;;"{""type"": ""NodeConstraint"", ""datatype"": ""http://www.w3.org/1999/02/22-rdf-syntax-ns#langString""}"
125;1435;0;1;"{""type"": ""NodeConstraint"", ""values"": [{""type"": ""IriStem"", ""stem"": ""http://www.wikidata.org/entity""}]}"
125;138;0;1;"{""type"": ""NodeConstraint"", ""values"": [{""type"": ""IriStem"", ""stem"": ""http://www.wikidata.org/entity""}]}"
125;1037;0;1;"{""type"": ""NodeConstraint"", ""values"": [{""type"": ""IriStem"", ""stem"": ""http://www.wikidata.org/entity""}]}"
125;6375;0;1;"{""type"": ""NodeConstraint"", ""datatype"": ""http://www.w3.org/1999/02/22-rdf-syntax-ns#langString""}"
125;214;0;1;"{""type"": ""NodeConstraint"", ""datatype"": ""http://www.w3.org/2001/XMLSchema#string""}"
125;244;0;1;"{""type"": ""NodeConstraint"", ""datatype"": ""http://www.w3.org/2001/XMLSchema#string""}"
125;268;0;1;"{""type"": ""NodeConstraint"", ""datatype"": ""http://www.w3.org/2001/XMLSchema#string""}"
125;213;0;;"{""type"": ""NodeConstraint"", ""datatype"": ""http://www.w3.org/2001/XMLSchema#string""}"
125;269;0;;"{""type"": ""NodeConstraint"", ""datatype"": ""http://www.w3.org/2001/XMLSchema#string""}"
125;227;0;1;"{""type"": ""NodeConstraint"", ""datatype"": ""http://www.w3.org/2001/XMLSchema#string""}"
125;691;0;1;"{""type"": ""NodeConstraint"", ""datatype"": ""http://www.w3.org/2001/XMLSchema#string""}"
125;2002;0;1;"{""type"": ""NodeConstraint"", ""datatype"": ""http://www.w3.org/2001/XMLSchema#string""}"
125;2397;0;1;"{""type"": ""NodeConstraint"", ""datatype"": ""http://www.w3.org/2001/XMLSchema#string""}"
125;4146;0;1;"{""type"": ""NodeConstraint"", ""datatype"": ""http://www.w3.org/2001/XMLSchema#string""}"
125;2003;0;1;"{""type"": ""NodeConstraint"", ""datatype"": ""http://www.w3.org/2001/XMLSchema#string""}"
125;2037;0;1;"{""type"": ""NodeConstraint"", ""datatype"": ""http://www.w3.org/2001/XMLSchema#string""}"
125;1602;0;1;"{""type"": ""NodeConstraint"", ""datatype"": ""http://www.w3.org/2001/XMLSchema#string""}"
125;539;0;1;"{""type"": ""NodeConstraint"", ""datatype"": ""http://www.w3.org/2001/XMLSchema#string""}"
127;10;0;;"{""type"": ""NodeConstraint"", ""values"": [{""type"": ""IriStem"", ""stem"": ""http://commons.wikimedia.org/wiki/Special:FilePath""}]}"
127;18;0;;"{""type"": ""NodeConstraint"", ""values"": [{""type"": ""IriStem"", ""stem"": ""http://commons.wikimedia.org/wiki/Special:FilePath""}]}"
127;61;1;1;"{""type"": ""NodeConstraint"", ""values"": [{""type"": ""IriStem"", ""stem"": ""http://www.wikidata.org/entity""}]}"
127;65;1;;"{""type"": ""NodeConstraint"", ""values"": [{""type"": ""IriStem"", ""stem"": ""http://www.wikidata.org/entity""}]}"
127;138;1;1;"{""type"": ""NodeConstraint"", ""values"": [{""type"": ""IriStem"", ""stem"": ""http://www.wikidata.org/entity""}]}"
127;373;0;;"{""type"": ""NodeConstraint"", ""datatype"": ""http://www.w3.org/2001/XMLSchema#string""}"
127;443;0;;"{""type"": ""NodeConstraint"", ""values"": [{""type"": ""IriStem"", ""stem"": ""http://commons.wikimedia.org/wiki/Special:FilePath""}]}"
127;575;1;1;"{""type"": ""NodeConstraint"", ""datatype"": ""http://www.w3.org/2001/XMLSchema#dateTime""}"
127;716;1;1;"{""type"": ""NodeConstraint"", ""datatype"": ""http://www.w3.org/2001/XMLSchema#string""}"
127;898;1;1;"{""type"": ""NodeConstraint"", ""datatype"": ""http://www.w3.org/2001/XMLSchema#string""}"
127;1096;1;1;"{""type"": ""NodeConstraint"", ""datatype"": ""http://www.w3.org/2001/XMLSchema#decimal""}"
127;1457;1;1;"{""type"": ""NodeConstraint"", ""datatype"": ""http://www.w3.org/2001/XMLSchema#decimal""}"
127;2045;1;1;"{""type"": ""NodeConstraint"", ""datatype"": ""http://www.w3.org/2001/XMLSchema#decimal""}"
127;2147;1;1;"{""type"": ""NodeConstraint"", ""datatype"": ""http://www.w3.org/2001/XMLSchema#decimal""}"
127;2213;1;1;"{""type"": ""NodeConstraint"", ""datatype"": ""http://www.w3.org/2001/XMLSchema#decimal""}"
127;2244;1;1;"{""type"": ""NodeConstraint"", ""datatype"": ""http://www.w3.org/2001/XMLSchema#decimal""}"
127;2248;1;1;"{""type"": ""NodeConstraint"", ""datatype"": ""http://www.w3.org/2001/XMLSchema#decimal""}"
127;2325;1;1;"{""type"": ""NodeConstraint"", ""datatype"": ""http://www.w3.org/2001/XMLSchema#decimal""}"
127;2386;1;1;"{""type"": ""NodeConstraint"", ""datatype"": ""http://www.w3.org/2001/XMLSchema#decimal""}"
127;4501;1;1;"{""type"": ""NodeConstraint"", ""datatype"": ""http://www.w3.org/2001/XMLSchema#decimal""}"
127;5653;1;1;"{""type"": ""NodeConstraint"", ""datatype"": ""http://www.w3.org/2001/XMLSchema#string""}"
127;5736;1;1;"{""type"": ""NodeConstraint"", ""datatype"": ""http://www.w3.org/2001/XMLSchema#string""}"
128;59;1;1;"{""type"": ""NodeConstraint"", ""values"": [{""type"": ""IriStem"", ""stem"": ""http://www.wikidata.org/entity""}]}"
128;397;1;1;"{""type"": ""NodeConstraint"", ""values"": [{""type"": ""IriStem"", ""stem"": ""http://www.wikidata.org/entity""}]}"
128;6257;1;1;"{""type"": ""NodeConstraint"", ""datatype"": ""http://www.w3.org/2001/XMLSchema#decimal""}"
128;6258;1;1;"{""type"": ""NodeConstraint"", ""datatype"": ""http://www.w3.org/2001/XMLSchema#decimal""}"
128;6259;1;1;"{""type"": ""NodeConstraint"", ""values"": [{""type"": ""IriStem"", ""stem"": ""http://www.wikidata.org/entity""}]}"
128;575;0;;"{""type"": ""NodeConstraint"", ""datatype"": ""http://www.w3.org/2001/XMLSchema#dateTime""}"
128;1046;0;;"{""type"": ""NodeConstraint"", ""values"": [{""type"": ""IriStem"", ""stem"": ""http://www.wikidata.org/entity""}]}"
128;2215;0;;"{""type"": ""NodeConstraint"", ""datatype"": ""http://www.w3.org/2001/XMLSchema#decimal""}"
128;18;0;;"{""type"": ""NodeConstraint"", ""values"": [{""type"": ""IriStem"", ""stem"": ""http://commons.wikimedia.org/wiki/Special:FilePath""}]}"
128;61;0;;"{""type"": ""NodeConstraint"", ""values"": [{""type"": ""IriStem"", ""stem"": ""http://www.wikidata.org/entity""}]}"
128;2386;0;;"{""type"": ""NodeConstraint"", ""datatype"": ""http://www.w3.org/2001/XMLSchema#decimal""}"
128;1215;0;;"{""type"": ""NodeConstraint"", ""datatype"": ""http://www.w3.org/2001/XMLSchema#decimal""}"
128;65;0;1;"{""type"": ""NodeConstraint"", ""values"": [{""type"": ""IriStem"", ""stem"": ""http://www.wikidata.org/entity""}]}"
128;138;0;;"{""type"": ""NodeConstraint"", ""values"": [{""type"": ""IriStem"", ""stem"": ""http://www.wikidata.org/entity""}]}"
128;373;0;1;"{""type"": ""NodeConstraint"", ""datatype"": ""http://www.w3.org/2001/XMLSchema#string""}"
128;3083;1;1;"{""type"": ""NodeConstraint"", ""datatype"": ""http://www.w3.org/2001/XMLSchema#string""}"
128;646;0;1;"{""type"": ""NodeConstraint"", ""datatype"": ""http://www.w3.org/2001/XMLSchema#string""}"
128;4839;0;1;"{""type"": ""NodeConstraint"", ""datatype"": ""http://www.w3.org/2001/XMLSchema#string""}"
128;5653;0;1;"{""type"": ""NodeConstraint"", ""datatype"": ""http://www.w3.org/2001/XMLSchema#string""}"
128;1417;0;1;"{""type"": ""NodeConstraint"", ""datatype"": ""http://www.w3.org/2001/XMLSchema#string""}"
129;856;0;1;"{""type"": ""NodeConstraint"", ""nodeKind"": ""iri""}"
129;373;0;1;"{""type"": ""NodeConstraint"", ""datatype"": ""http://www.w3.org/2001/XMLSchema#string""}"
129;17;0;1;"{""type"": ""NodeConstraint"", ""values"": [{""type"": ""IriStem"", ""stem"": ""http://www.wikidata.org/entity""}]}"
129;973;0;1;"{""type"": ""NodeConstraint"", ""nodeKind"": ""iri""}"
129;18;0;;"{""type"": ""NodeConstraint"", ""values"": [{""type"": ""IriStem"", ""stem"": ""http://commons.wikimedia.org/wiki/Special:FilePath""}]}"
129;61;0;;"{""type"": ""NodeConstraint"", ""values"": [{""type"": ""IriStem"", ""stem"": ""http://www.wikidata.org/entity""}]}"
129;859;0;;"{""type"": ""NodeConstraint"", ""values"": [{""type"": ""IriStem"", ""stem"": ""http://www.wikidata.org/entity""}]}"
129;127;0;;"{""type"": ""NodeConstraint"", ""values"": [{""type"": ""IriStem"", ""stem"": ""http://www.wikidata.org/entity""}]}"
129;729;0;1;"{""type"": ""NodeConstraint"", ""datatype"": ""http://www.w3.org/2001/XMLSchema#dateTime""}"
129;137;0;;"{""type"": ""NodeConstraint"", ""values"": [{""type"": ""IriStem"", ""stem"": ""http://www.wikidata.org/entity""}]}"
129;176;0;;"{""type"": ""NodeConstraint"", ""values"": [{""type"": ""IriStem"", ""stem"": ""http://www.wikidata.org/entity""}]}"
129;178;0;;"{""type"": ""NodeConstraint"", ""values"": [{""type"": ""IriStem"", ""stem"": ""http://www.wikidata.org/entity""}]}"
129;361;0;;"{""type"": ""NodeConstraint"", ""values"": [{""type"": ""IriStem"", ""stem"": ""http://www.wikidata.org/entity""}]}"
129;880;0;;"{""type"": ""NodeConstraint"", ""values"": [{""type"": ""IriStem"", ""stem"": ""http://www.wikidata.org/entity""}]}"
129;1141;0;1;"{""type"": ""NodeConstraint"", ""datatype"": ""http://www.w3.org/2001/XMLSchema#decimal""}"
129;2052;0;1;"{""type"": ""NodeConstraint"", ""datatype"": ""http://www.w3.org/2001/XMLSchema#decimal""}"
129;2560;0;;"{""type"": ""NodeConstraint"", ""values"": [{""type"": ""IriStem"", ""stem"": ""http://www.wikidata.org/entity""}]}"
129;154;0;1;"{""type"": ""NodeConstraint"", ""values"": [{""type"": ""IriStem"", ""stem"": ""http://commons.wikimedia.org/wiki/Special:FilePath""}]}"
129;156;0;1;"{""type"": ""NodeConstraint"", ""values"": [{""type"": ""IriStem"", ""stem"": ""http://www.wikidata.org/entity""}]}"
129;7307;0;1;"{""type"": ""NodeConstraint"", ""datatype"": ""http://www.w3.org/2001/XMLSchema#string""}"
129;724;0;1;"{""type"": ""NodeConstraint"", ""datatype"": ""http://www.w3.org/2001/XMLSchema#string""}"
13;5176;1;1;
13;1181;1;1;
130;31;1;1;"{""type"": ""NodeConstraint"", ""values"": [""http://www.wikidata.org/entity/Q3305213""]}"
130;571;1;1;
130;276;1;1;
130;195;1;1;
130;136;1;1;
130;170;1;;
130;186;1;;
130;217;1;;
130;180;1;;
130;1476;1;;
130;2048;1;1;
130;2049;1;1;
130;6216;1;1;
131;5185;1;1;"{""type"": ""NodeConstraint"", ""values"": [""http://www.wikidata.org/entity/Q1775415"", ""http://www.wikidata.org/entity/Q499327"", ""http://www.wikidata.org/entity/Q1775461""]}"
133;-1;0;;"{""type"": ""NodeConstraint"", ""datatype"": ""http://www.w3.org/1999/02/22-rdf-syntax-ns#langString""}"
133;1082;1;1;"{""type"": ""ShapeAnd"", ""shapeExprs"": [{""type"": ""NodeConstraint"", ""nodeKind"": ""iri""}, {""type"": ""NodeConstraint"", ""datatype"": ""http://www.w3.org/2001/XMLSchema#decimal""}]}"
133;131;1;1;"{""type"": ""NodeConstraint"", ""nodeKind"": ""iri""}"
133;1464;1;1;"{""type"": ""NodeConstraint"", ""nodeKind"": ""iri""}"
133;17;1;1;"{""type"": ""NodeConstraint"", ""nodeKind"": ""iri""}"
133;18;1;1;"{""type"": ""NodeConstraint"", ""nodeKind"": ""iri""}"
133;2044;1;1;"{""type"": ""ShapeAnd"", ""shapeExprs"": [{""type"": ""NodeConstraint"", ""nodeKind"": ""iri""}, {""type"": ""NodeConstraint"", ""datatype"": ""http://www.w3.org/2001/XMLSchema#decimal""}]}"
133;2046;1;1;"{""type"": ""ShapeAnd"", ""shapeExprs"": [{""type"": ""NodeConstraint"", ""nodeKind"": ""iri""}, {""type"": ""NodeConstraint"", ""datatype"": ""http://www.w3.org/2001/XMLSchema#decimal""}]}"
133;242;1;1;"{""type"": ""NodeConstraint"", ""nodeKind"": ""iri""}"
133;281;1;1;"{""type"": ""ShapeAnd"", ""shapeExprs"": [{""type"": ""NodeConstraint"", ""datatype"": ""http://www.w3.org/2001/XMLSchema#string""}, {""type"": ""NodeConstraint"", ""nodeKind"": ""iri""}]}"
133;31;1;1;"{""type"": ""NodeConstraint"", ""nodeKind"": ""iri""}"
133;373;1;1;"{""type"": ""ShapeAnd"", ""shapeExprs"": [{""type"": ""NodeConstraint"", ""datatype"": ""http://www.w3.org/2001/XMLSchema#string""}, {""type"": ""NodeConstraint"", ""nodeKind"": ""iri""}]}"
133;421;0;;"{""type"": ""NodeConstraint"", ""nodeKind"": ""iri""}"
133;47;0;;"{""type"": ""NodeConstraint"", ""nodeKind"": ""iri""}"
133;6;1;1;"{""type"": ""ShapeAnd"", ""shapeExprs"": [{""type"": ""NodeConstraint"", ""nodeKind"": ""iri""}, {""type"": ""NodeConstraint"", ""nodeKind"": ""iri""}]}"
133;625;1;1;"{""type"": ""ShapeAnd"", ""shapeExprs"": [{""type"": ""NodeConstraint"", ""datatype"": ""http://www.opengis.net/ont/geosparql#wktLiteral""}, {""type"": ""NodeConstraint"", ""nodeKind"": ""iri""}]}"
133;856;1;1;"{""type"": ""NodeConstraint"", ""nodeKind"": ""iri""}"
133;910;1;1;"{""type"": ""NodeConstraint"", ""nodeKind"": ""iri""}"
134;31;1;1;"{""type"": ""NodeConstraint"", ""values"": [""http://www.wikidata.org/entity/Q5""]}"
134;21;1;1;"{""type"": ""NodeConstraint"", ""values"": [""http://www.wikidata.org/entity/Q6581097"", ""http://www.wikidata.org/entity/Q6581072""]}"
134;19;0;1;
134;569;1;;
134;735;1;;
134;39;1;;"{""type"": ""NodeConstraint"", ""values"": [""http://www.wikidata.org/entity/Q10655178""]}"
134;1214;0;1;
134;2002;0;1;
135;305;1;;"{""type"": ""NodeConstraint"", ""nodeKind"": ""iri""}"
137;7101;1;1;"{""type"": ""NodeConstraint"", ""nodeKind"": ""iri""}"
138;31;1;1;"{""type"": ""NodeConstraint"", ""values"": [""http://www.wikidata.org/entity/Q253623""]}"
138;577;0;1;"{""type"": ""NodeConstraint"", ""datatype"": ""http://www.w3.org/2001/XMLSchema#dateTime""}"
138;1476;0;1;"{""type"": ""NodeConstraint"", ""datatype"": ""http://www.w3.org/1999/02/22-rdf-syntax-ns#langString""}"
138;859;0;;"{""type"": ""NodeConstraint"", ""nodeKind"": ""iri""}"
138;921;0;;"{""type"": ""NodeConstraint"", ""nodeKind"": ""iri""}"
138;407;0;1;"{""type"": ""NodeConstraint"", ""nodeKind"": ""iri""}"
138;61;0;;"{""type"": ""NodeConstraint"", ""nodeKind"": ""iri""}"
138;996;0;1;"{""type"": ""NodeConstraint"", ""values"": [{""type"": ""IriStem"", ""stem"": ""http://commons.wikimedia.org/wiki/Special:FilePath""}]}"
138;1246;0;;"{""type"": ""NodeConstraint"", ""datatype"": ""http://www.w3.org/2001/XMLSchema#string""}"
138;2880;0;;"{""type"": ""NodeConstraint"", ""datatype"": ""http://www.w3.org/2001/XMLSchema#string""}"
14;21;1;1;
14;106;1;;
14;569;1;;
14;735;1;;
14;734;1;;
140;31;1;1;"{""type"": ""NodeConstraint"", ""values"": [""http://www.wikidata.org/entity/Q1768043""]}"
140;131;0;;"{""type"": ""NodeConstraint"", ""values"": [{""type"": ""IriStem"", ""stem"": ""http://www.wikidata.org/entity""}]}"
140;17;0;1;"{""type"": ""NodeConstraint"", ""values"": [{""type"": ""IriStem"", ""stem"": ""http://www.wikidata.org/entity""}]}"
140;910;0;1;"{""type"": ""NodeConstraint"", ""values"": [{""type"": ""IriStem"", ""stem"": ""http://www.wikidata.org/entity""}]}"
140;373;0;1;"{""type"": ""NodeConstraint"", ""datatype"": ""http://www.w3.org/2001/XMLSchema#string""}"
140;625;0;1;"{""type"": ""NodeConstraint"", ""datatype"": ""http://www.opengis.net/ont/geosparql#wktLiteral""}"
140;18;0;;"{""type"": ""NodeConstraint"", ""values"": [{""type"": ""IriStem"", ""stem"": ""http://commons.wikimedia.org/wiki/Special:FilePath""}]}"
140;242;0;1;"{""type"": ""NodeConstraint"", ""values"": [{""type"": ""IriStem"", ""stem"": ""http://commons.wikimedia.org/wiki/Special:FilePath""}]}"
140;2046;0;1;"{""type"": ""NodeConstraint"", ""datatype"": ""http://www.w3.org/2001/XMLSchema#decimal""}"
140;361;0;1;"{""type"": ""NodeConstraint"", ""values"": [{""type"": ""IriStem"", ""stem"": ""http://www.wikidata.org/entity""}]}"
140;1082;0;;"{""type"": ""NodeConstraint"", ""datatype"": ""http://www.w3.org/2001/XMLSchema#decimal""}"
140;2044;0;1;"{""type"": ""NodeConstraint"", ""datatype"": ""http://www.w3.org/2001/XMLSchema#decimal""}"
140;421;0;1;"{""type"": ""NodeConstraint"", ""values"": [{""type"": ""IriStem"", ""stem"": ""http://www.wikidata.org/entity""}]}"
140;856;0;1;"{""type"": ""NodeConstraint"", ""nodeKind"": ""iri""}"
140;138;0;;"{""type"": ""NodeConstraint"", ""values"": [{""type"": ""IriStem"", ""stem"": ""http://www.wikidata.org/entity""}]}"
140;214;0;1;"{""type"": ""NodeConstraint"", ""datatype"": ""http://www.w3.org/2001/XMLSchema#string""}"
141;31;1;1;"{""type"": ""NodeConstraint"", ""values"": [""http://www.wikidata.org/entity/Q193424""]}"
141;856;0;;"{""type"": ""NodeConstraint"", ""nodeKind"": ""iri""}"
141;571;0;1;"{""type"": ""NodeConstraint"", ""datatype"": ""http://www.w3.org/2001/XMLSchema#dateTime""}"
141;17;0;1;"{""type"": ""NodeConstraint"", ""values"": [{""type"": ""IriStem"", ""stem"": ""http://www.wikidata.org/entity""}]}"
141;154;0;;"{""type"": ""NodeConstraint"", ""values"": [{""type"": ""IriStem"", ""stem"": ""http://commons.wikimedia.org/wiki/Special:FilePath""}]}"
141;178;0;;"{""type"": ""NodeConstraint"", ""values"": [{""type"": ""IriStem"", ""stem"": ""http://www.wikidata.org/entity""}]}"
141;407;0;;"{""type"": ""NodeConstraint"", ""values"": [{""type"": ""IriStem"", ""stem"": ""http://www.wikidata.org/entity""}]}"
141;366;0;;"{""type"": ""NodeConstraint"", ""values"": [{""type"": ""IriStem"", ""stem"": ""http://www.wikidata.org/entity""}]}"
141;127;0;;"{""type"": ""NodeConstraint"", ""values"": [{""type"": ""IriStem"", ""stem"": ""http://www.wikidata.org/entity""}]}"
141;348;0;1;"{""type"": ""NodeConstraint"", ""datatype"": ""http://www.w3.org/2001/XMLSchema#string""}"
141;275;0;;"{""type"": ""NodeConstraint"", ""values"": [{""type"": ""IriStem"", ""stem"": ""http://www.wikidata.org/entity""}]}"
141;373;0;1;"{""type"": ""NodeConstraint"", ""datatype"": ""http://www.w3.org/2001/XMLSchema#string""}"
141;137;0;;"{""type"": ""NodeConstraint"", ""values"": [{""type"": ""IriStem"", ""stem"": ""http://www.wikidata.org/entity""}]}"
141;159;0;1;"{""type"": ""NodeConstraint"", ""values"": [{""type"": ""IriStem"", ""stem"": ""http://www.wikidata.org/entity""}]}"
141;112;0;;"{""type"": ""NodeConstraint"", ""values"": [{""type"": ""IriStem"", ""stem"": ""http://www.wikidata.org/entity""}]}"
141;577;0;1;"{""type"": ""NodeConstraint"", ""datatype"": ""http://www.w3.org/2001/XMLSchema#dateTime""}"
141;138;0;;"{""type"": ""NodeConstraint"", ""values"": [{""type"": ""IriStem"", ""stem"": ""http://www.wikidata.org/entity""}]}"
141;1482;0;1;"{""type"": ""NodeConstraint"", ""nodeKind"": ""iri""}"
141;144;0;;"{""type"": ""NodeConstraint"", ""values"": [{""type"": ""IriStem"", ""stem"": ""http://www.wikidata.org/entity""}]}"
141;1581;0;1;"{""type"": ""NodeConstraint"", ""values"": [{""type"": ""IriStem"", ""stem"": ""http://movatwitter.jugem.jp""}]}"
141;1889;0;1;"{""type"": ""NodeConstraint"", ""values"": [{""type"": ""IriStem"", ""stem"": ""http://www.wikidata.org/entity""}]}"
141;751;0;;"{""type"": ""NodeConstraint"", ""values"": [{""type"": ""IriStem"", ""stem"": ""http://www.wikidata.org/entity""}]}"
141;4107;0;1;"{""type"": ""NodeConstraint"", ""datatype"": ""http://www.w3.org/2001/XMLSchema#string""}"
141;126;0;;"{""type"": ""NodeConstraint"", ""values"": [{""type"": ""IriStem"", ""stem"": ""http://www.wikidata.org/entity""}]}"
141;941;0;;"{""type"": ""NodeConstraint"", ""values"": [{""type"": ""IriStem"", ""stem"": ""http://www.wikidata.org/entity""}]}"
141;2283;0;;"{""type"": ""NodeConstraint"", ""values"": [{""type"": ""IriStem"", ""stem"": ""http://www.wikidata.org/entity""}]}"
141;2397;0;1;"{""type"": ""NodeConstraint"", ""datatype"": ""http://www.w3.org/2001/XMLSchema#string""}"
141;3984;0;;"{""type"": ""NodeConstraint"", ""datatype"": ""http://www.w3.org/2001/XMLSchema#string""}"
141;7306;0;1;"{""type"": ""NodeConstraint"", ""datatype"": ""http://www.w3.org/2001/XMLSchema#string""}"
141;3417;0;1;"{""type"": ""NodeConstraint"", ""datatype"": ""http://www.w3.org/2001/XMLSchema#string""}"
141;2088;0;1;"{""type"": ""NodeConstraint"", ""datatype"": ""http://www.w3.org/2001/XMLSchema#string""}"
141;2013;0;1;"{""type"": ""NodeConstraint"", ""datatype"": ""http://www.w3.org/2001/XMLSchema#string""}"
141;646;0;1;"{""type"": ""NodeConstraint"", ""datatype"": ""http://www.w3.org/2001/XMLSchema#string""}"
141;3393;0;1;"{""type"": ""NodeConstraint"", ""datatype"": ""http://www.w3.org/2001/XMLSchema#string""}"
142;31;1;1;"{""type"": ""ShapeAnd"", ""shapeExprs"": [{""type"": ""NodeConstraint"", ""values"": [""http://www.wikidata.org/entity/Q9259""]}, {""type"": ""NodeConstraint"", ""values"": [{""type"": ""IriStem"", ""stem"": ""http://www.wikidata.org/entity""}]}]}"
142;18;1;;"{""type"": ""NodeConstraint"", ""values"": [{""type"": ""IriStem"", ""stem"": ""http://commons.wikimedia.org/wiki/Special:FilePath""}]}"
142;373;1;1;"{""type"": ""NodeConstraint"", ""datatype"": ""http://www.w3.org/2001/XMLSchema#string""}"
142;625;1;;"{""type"": ""NodeConstraint"", ""datatype"": ""http://www.opengis.net/ont/geosparql#wktLiteral""}"
142;17;0;;"{""type"": ""NodeConstraint"", ""values"": [{""type"": ""IriStem"", ""stem"": ""http://www.wikidata.org/entity""}]}"
142;131;0;1;"{""type"": ""NodeConstraint"", ""values"": [{""type"": ""IriStem"", ""stem"": ""http://www.wikidata.org/entity""}]}"
142;1435;0;;"{""type"": ""NodeConstraint"", ""values"": [{""type"": ""IriStem"", ""stem"": ""http://www.wikidata.org/entity""}]}"
142;757;0;;"{""type"": ""NodeConstraint"", ""datatype"": ""http://www.w3.org/2001/XMLSchema#string""}"
142;2614;0;;"{""type"": ""NodeConstraint"", ""values"": [{""type"": ""IriStem"", ""stem"": ""http://www.wikidata.org/entity""}]}"
142;2046;0;;"{""type"": ""NodeConstraint"", ""datatype"": ""http://www.w3.org/2001/XMLSchema#decimal""}"
142;856;0;;"{""type"": ""NodeConstraint"", ""nodeKind"": ""iri""}"
142;1705;0;1;"{""type"": ""NodeConstraint"", ""datatype"": ""http://www.w3.org/1999/02/22-rdf-syntax-ns#langString""}"
142;2044;0;1;"{""type"": ""NodeConstraint"", ""datatype"": ""http://www.w3.org/2001/XMLSchema#decimal""}"
142;571;0;1;"{""type"": ""NodeConstraint"", ""datatype"": ""http://www.w3.org/2001/XMLSchema#dateTime""}"
142;3722;0;1;"{""type"": ""NodeConstraint"", ""datatype"": ""http://www.w3.org/2001/XMLSchema#string""}"
142;276;0;1;"{""type"": ""NodeConstraint"", ""values"": [{""type"": ""IriStem"", ""stem"": ""http://www.wikidata.org/entity""}]}"
142;2186;0;1;"{""type"": ""NodeConstraint"", ""datatype"": ""http://www.w3.org/2001/XMLSchema#string""}"
142;935;0;1;"{""type"": ""NodeConstraint"", ""datatype"": ""http://www.w3.org/2001/XMLSchema#string""}"
142;1448;0;1;"{""type"": ""NodeConstraint"", ""datatype"": ""http://www.w3.org/1999/02/22-rdf-syntax-ns#langString""}"
142;809;0;1;"{""type"": ""NodeConstraint"", ""datatype"": ""http://www.w3.org/2001/XMLSchema#string""}"
142;814;0;1;"{""type"": ""NodeConstraint"", ""values"": [{""type"": ""IriStem"", ""stem"": ""http://www.wikidata.org/entity""}]}"
142;242;0;1;"{""type"": ""NodeConstraint"", ""values"": [{""type"": ""IriStem"", ""stem"": ""http://commons.wikimedia.org/wiki/Special:FilePath""}]}"
142;1619;0;1;"{""type"": ""NodeConstraint"", ""datatype"": ""http://www.w3.org/2001/XMLSchema#dateTime""}"
142;3451;0;1;"{""type"": ""NodeConstraint"", ""values"": [{""type"": ""IriStem"", ""stem"": ""http://commons.wikimedia.org/wiki/Special:FilePath""}]}"
142;402;0;1;"{""type"": ""NodeConstraint"", ""datatype"": ""http://www.w3.org/2001/XMLSchema#string""}"
143;31;1;1;"{""type"": ""Shape"", ""expression"": {""type"": ""TripleConstraint"", ""predicate"": ""http://www.wikidata.org/prop/statement/P31"", ""valueExpr"": {""type"": ""NodeConstraint"", ""values"": [""http://www.wikidata.org/entity/Q5""]}}}"
143;166;1;1;
144;31;1;1;"{""type"": ""NodeConstraint"", ""values"": [""http://www.wikidata.org/entity/Q5185279""]}"
144;50;1;1;"{""type"": ""NodeConstraint"", ""values"": [""http://www.wikidata.org/entity/Q4441""]}"
144;407;1;1;"{""type"": ""NodeConstraint"", ""values"": [""http://www.wikidata.org/entity/Q1860""]}"
144;1922;1;1;
144;577;1;;
144;528;1;1;
145;31;1;1;"{""type"": ""NodeConstraint"", ""values"": [""http://www.wikidata.org/entity/Q174989""]}"
145;178;0;;"{""type"": ""NodeConstraint"", ""values"": [{""type"": ""IriStem"", ""stem"": ""http://www.wikidata.org/entity""}]}"
145;577;0;1;"{""type"": ""NodeConstraint"", ""datatype"": ""http://www.w3.org/2001/XMLSchema#dateTime""}"
145;138;0;;"{""type"": ""NodeConstraint"", ""values"": [{""type"": ""IriStem"", ""stem"": ""http://www.wikidata.org/entity""}]}"
145;277;0;;"{""type"": ""NodeConstraint"", ""values"": [{""type"": ""IriStem"", ""stem"": ""http://www.wikidata.org/entity""}]}"
145;348;0;;"{""type"": ""NodeConstraint"", ""datatype"": ""http://www.w3.org/2001/XMLSchema#string""}"
145;856;0;;"{""type"": ""NodeConstraint"", ""nodeKind"": ""iri""}"
145;306;0;;"{""type"": ""NodeConstraint"", ""values"": [{""type"": ""IriStem"", ""stem"": ""http://www.wikidata.org/entity""}]}"
145;973;0;;"{""type"": ""NodeConstraint"", ""nodeKind"": ""iri""}"
145;275;0;;"{""type"": ""NodeConstraint"", ""values"": [{""type"": ""IriStem"", ""stem"": ""http://www.wikidata.org/entity""}]}"
145;1324;0;1;"{""type"": ""NodeConstraint"", ""nodeKind"": ""iri""}"
145;571;0;1;"{""type"": ""NodeConstraint"", ""datatype"": ""http://www.w3.org/2001/XMLSchema#dateTime""}"
145;1547;0;;"{""type"": ""NodeConstraint"", ""values"": [{""type"": ""IriStem"", ""stem"": ""http://www.wikidata.org/entity""}]}"
145;1482;0;1;"{""type"": ""NodeConstraint"", ""values"": [{""type"": ""IriStem"", ""stem"": ""https://stackoverflow.com/tags""}]}"
145;1343;0;;"{""type"": ""NodeConstraint"", ""values"": [{""type"": ""IriStem"", ""stem"": ""http://www.wikidata.org/entity""}]}"
145;3984;0;1;"{""type"": ""NodeConstraint"", ""datatype"": ""http://www.w3.org/2001/XMLSchema#string""}"
145;646;0;1;"{""type"": ""NodeConstraint"", ""datatype"": ""http://www.w3.org/2001/XMLSchema#string""}"
145;3417;0;1;"{""type"": ""NodeConstraint"", ""datatype"": ""http://www.w3.org/2001/XMLSchema#string""}"
145;3381;0;1;"{""type"": ""NodeConstraint"", ""datatype"": ""http://www.w3.org/2001/XMLSchema#string""}"
147;31;1;1;"{""type"": ""NodeConstraint"", ""values"": [""http://www.wikidata.org/entity/Q506572""]}"
147;2043;0;1;"{""type"": ""NodeConstraint"", ""datatype"": ""http://www.w3.org/2001/XMLSchema#decimal""}"
147;17;0;;"{""type"": ""NodeConstraint"", ""values"": [{""type"": ""IriStem"", ""stem"": ""http://www.wikidata.org/entity""}]}"
147;127;0;;"{""type"": ""NodeConstraint"", ""values"": [{""type"": ""IriStem"", ""stem"": ""http://www.wikidata.org/entity""}]}"
147;571;0;1;"{""type"": ""NodeConstraint"", ""datatype"": ""http://www.w3.org/2001/XMLSchema#dateTime""}"
147;856;0;;"{""type"": ""NodeConstraint"", ""nodeKind"": ""iri""}"
147;18;0;1;"{""type"": ""NodeConstraint"", ""values"": [{""type"": ""IriStem"", ""stem"": ""http://commons.wikimedia.org/wiki/Special:FilePath""}]}"
147;242;0;1;"{""type"": ""NodeConstraint"", ""values"": [{""type"": ""IriStem"", ""stem"": ""http://commons.wikimedia.org/wiki/Special:FilePath""}]}"
147;1427;0;1;"{""type"": ""NodeConstraint"", ""values"": [{""type"": ""IriStem"", ""stem"": ""http://www.wikidata.org/entity""}]}"
147;1444;0;;"{""type"": ""NodeConstraint"", ""values"": [{""type"": ""IriStem"", ""stem"": ""http://www.wikidata.org/entity""}]}"
147;186;0;1;"{""type"": ""NodeConstraint"", ""values"": [{""type"": ""IriStem"", ""stem"": ""http://www.wikidata.org/entity""}]}"
147;131;0;;"{""type"": ""NodeConstraint"", ""values"": [{""type"": ""IriStem"", ""stem"": ""http://www.wikidata.org/entity""}]}"
147;177;0;1;"{""type"": ""NodeConstraint"", ""values"": [{""type"": ""IriStem"", ""stem"": ""http://www.wikidata.org/entity""}]}"
147;373;0;1;"{""type"": ""NodeConstraint"", ""datatype"": ""http://www.w3.org/2001/XMLSchema#string""}"
147;402;0;1;"{""type"": ""NodeConstraint"", ""datatype"": ""http://www.w3.org/2001/XMLSchema#string""}"
147;2789;0;;"{""type"": ""NodeConstraint"", ""values"": [{""type"": ""IriStem"", ""stem"": ""http://www.wikidata.org/entity""}]}"
147;276;0;1;"{""type"": ""NodeConstraint"", ""values"": [{""type"": ""IriStem"", ""stem"": ""http://www.wikidata.org/entity""}]}"
147;609;0;1;"{""type"": ""NodeConstraint"", ""values"": [{""type"": ""IriStem"", ""stem"": ""http://www.wikidata.org/entity""}]}"
148;31;1;1;"{""type"": ""NodeConstraint"", ""values"": [""http://www.wikidata.org/entity/Q45791""]}"
148;361;1;1;"{""type"": ""NodeConstraint"", ""values"": [""http://www.wikidata.org/entity/Q2620036""]}"
148;17;1;1;"{""type"": ""NodeConstraint"", ""values"": [{""type"": ""IriStem"", ""stem"": ""http://www.wikidata.org/entity""}]}"
148;131;1;1;"{""type"": ""NodeConstraint"", ""values"": [{""type"": ""IriStem"", ""stem"": ""http://www.wikidata.org/entity""}]}"
148;170;1;1;"{""type"": ""NodeConstraint"", ""values"": [{""type"": ""IriStem"", ""stem"": ""http://www.wikidata.org/entity""}]}"
148;180;1;1;"{""type"": ""NodeConstraint"", ""values"": [{""type"": ""IriStem"", ""stem"": ""http://www.wikidata.org/entity""}]}"
148;625;1;1;"{""type"": ""NodeConstraint"", ""datatype"": ""http://www.opengis.net/ont/geosparql#wktLiteral""}"
148;18;0;1;"{""type"": ""NodeConstraint"", ""values"": [{""type"": ""IriStem"", ""stem"": ""http://commons.wikimedia.org/wiki/Special:FilePath""}]}"
148;1441;0;1;"{""type"": ""NodeConstraint"", ""values"": [{""type"": ""IriStem"", ""stem"": ""http://www.wikidata.org/entity""}]}"
149;31;1;1;"{""type"": ""NodeConstraint"", ""values"": [""http://www.wikidata.org/entity/Q477202""]}"
15;31;0;;"{""type"": ""NodeConstraint"", ""nodeKind"": ""iri""}"
15;5187;0;;"{""type"": ""NodeConstraint"", ""values"": [{""type"": ""Language"", ""languageTag"": ""da""}]}"
15;1343;0;;"{""type"": ""NodeConstraint"", ""nodeKind"": ""iri""}"
15;5323;0;;"{""type"": ""NodeConstraint"", ""nodeKind"": ""iri""}"
15;5238;0;4;"{""type"": ""NodeConstraint"", ""nodeKind"": ""iri""}"
15;5912;1;;
15;6140;1;1;
15;5831;1;;
150;641;1;1;
150;31;1;1;
150;3450;1;1;
150;585;1;1;
150;1110;0;1;
151;31;1;1;"{""type"": ""Shape""}"
153;496;0;1;"{""type"": ""NodeConstraint"", ""datatype"": ""http://www.w3.org/2001/XMLSchema#string""}"
153;1153;0;1;"{""type"": ""NodeConstraint"", ""datatype"": ""http://www.w3.org/2001/XMLSchema#string""}"
154;5185;1;1;"{""type"": ""NodeConstraint"", ""values"": [""http://www.wikidata.org/entity/Q1775415"", ""http://www.wikidata.org/entity/Q499327"", ""http://www.wikidata.org/entity/Q1775461""]}"
156;31;1;1;"{""type"": ""NodeConstraint"", ""values"": [""http://www.wikidata.org/entity/Q725744""]}"
156;18;0;;"{""type"": ""NodeConstraint"", ""values"": [{""type"": ""IriStem"", ""stem"": ""http://commons.wikimedia.org/wiki/Special:FilePath""}]}"
156;373;0;1;"{""type"": ""NodeConstraint"", ""datatype"": ""http://www.w3.org/2001/XMLSchema#string""}"
156;61;0;1;"{""type"": ""NodeConstraint"", ""values"": [{""type"": ""IriStem"", ""stem"": ""http://www.wikidata.org/entity""}]}"
156;856;0;1;"{""type"": ""NodeConstraint"", ""values"": [{""type"": ""IriStem"", ""stem"": ""https:/""}]}"
156;407;0;1;"{""type"": ""NodeConstraint"", ""values"": [{""type"": ""IriStem"", ""stem"": ""http://www.wikidata.org/entity""}]}"
158;31;1;1;"{""type"": ""NodeConstraint"", ""values"": [""http://www.wikidata.org/entity/Q55990535""]}"
159;31;1;1;"{""type"": ""NodeConstraint"", ""values"": [""http://www.wikidata.org/entity/Q4343""]}"
159;176;0;1;"{""type"": ""NodeConstraint"", ""values"": [{""type"": ""IriStem"", ""stem"": ""http://www.wikidata.org/entity""}]}"
159;18;0;1;"{""type"": ""NodeConstraint"", ""values"": [{""type"": ""IriStem"", ""stem"": ""http://commons.wikimedia.org/wiki/Special:FilePath""}]}"
159;571;0;1;"{""type"": ""NodeConstraint"", ""datatype"": ""http://www.w3.org/2001/XMLSchema#dateTime""}"
159;373;0;1;"{""type"": ""NodeConstraint"", ""datatype"": ""http://www.w3.org/2001/XMLSchema#string""}"
159;856;0;1;"{""type"": ""NodeConstraint"", ""nodeKind"": ""iri""}"
159;2669;0;1;"{""type"": ""NodeConstraint"", ""datatype"": ""http://www.w3.org/2001/XMLSchema#dateTime""}"
161;463;1;;"{""type"": ""NodeConstraint"", ""values"": [""http://www.wikidata.org/entity/Q182032""]}"
161;136;1;;"{""type"": ""NodeConstraint"", ""values"": [""http://www.wikidata.org/entity/Q37073""]}"
161;6336;1;;
161;2003;0;1;
161;2002;0;1;
161;21;1;;"{""type"": ""NodeConstraint"", ""values"": [""http://www.wikidata.org/entity/Q6581072""]}"
161;19;0;1;
161;569;1;;
161;2048;0;1;
161;373;0;1;
161;18;0;1;
161;106;1;;"{""type"": ""NodeConstraint"", ""values"": [""http://www.wikidata.org/entity/Q177220""]}"
161;27;1;;
161;1853;0;1;"{""type"": ""NodeConstraint"", ""values"": [""http://www.wikidata.org/entity/Q19831453"", ""http://www.wikidata.org/entity/Q19831454"", ""http://www.wikidata.org/entity/Q19831455"", ""http://www.wikidata.org/entity/Q19831451""]}"
161;1303;1;1;"{""type"": ""NodeConstraint"", ""values"": [""http://www.wikidata.org/entity/Q17172850""]}"
161;-1;1;;"{""type"": ""NodeConstraint"", ""datatype"": ""http://www.w3.org/1999/02/22-rdf-syntax-ns#langString""}"
162;31;1;1;"{""type"": ""NodeConstraint"", ""values"": [""http://www.wikidata.org/entity/Q26843""]}"
162;21;0;1;"{""type"": ""NodeConstraint"", ""values"": [{""type"": ""IriStem"", ""stem"": ""http://www.wikidata.org/entity""}]}"
162;569;0;1;"{""type"": ""NodeConstraint"", ""datatype"": ""http://www.w3.org/2001/XMLSchema#dateTime""}"
162;570;0;1;"{""type"": ""NodeConstraint"", ""datatype"": ""http://www.w3.org/2001/XMLSchema#dateTime""}"
162;18;0;;"{""type"": ""NodeConstraint"", ""values"": [{""type"": ""IriStem"", ""stem"": ""http://commons.wikimedia.org/wiki/Special:FilePath""}]}"
162;463;1;1;"{""type"": ""NodeConstraint"", ""values"": [""http://www.wikidata.org/entity/Q65547089"", ""http://www.wikidata.org/entity/Q65547162"", ""http://www.wikidata.org/entity/Q65547144""]}"
162;373;0;1;"{""type"": ""NodeConstraint"", ""datatype"": ""http://www.w3.org/2001/XMLSchema#string""}"
162;1050;0;;"{""type"": ""NodeConstraint"", ""values"": [{""type"": ""IriStem"", ""stem"": ""http://www.wikidata.org/entity""}]}"
162;276;0;;"{""type"": ""NodeConstraint"", ""values"": [{""type"": ""IriStem"", ""stem"": ""http://www.wikidata.org/entity""}]}"
162;509;0;;"{""type"": ""NodeConstraint"", ""values"": [{""type"": ""IriStem"", ""stem"": ""http://www.wikidata.org/entity""}]}"
163;31;1;1;"{""type"": ""NodeConstraint"", ""values"": [""http://www.wikidata.org/entity/Q5""]}"
163;106;1;;"{""type"": ""NodeConstraint"", ""nodeKind"": ""iri""}"
163;27;1;1;"{""type"": ""NodeConstraint"", ""values"": [""http://www.wikidata.org/entity/Q298""]}"
163;21;1;1;"{""type"": ""NodeConstraint"", ""values"": [""http://www.wikidata.org/entity/Q6581097"", ""http://www.wikidata.org/entity/Q6581072""]}"
163;102;1;;"{""type"": ""NodeConstraint"", ""nodeKind"": ""iri""}"
163;569;1;1;"{""type"": ""NodeConstraint"", ""nodeKind"": ""literal""}"
164;5185;1;1;"{""type"": ""NodeConstraint"", ""values"": [""http://www.wikidata.org/entity/Q1775415"", ""http://www.wikidata.org/entity/Q499327""]}"
165;31;1;1;
165;279;0;1;
165;688;0;1;
165;703;1;1;
165;351;1;1;
165;2393;0;1;
167;702;1;1;
167;352;0;1;
167;637;1;;
168;495;1;;
168;57;1;;
168;58;1;;
17;1476;1;1;
17;580;1;1;
17;1113;1;;
17;2437;1;;
171;30;1;1;"{""type"": ""NodeConstraint"", ""datatype"": ""http://www.wikidata.org/entity/Q18""}"
171;17;1;1;"{""type"": ""NodeConstraint"", ""values"": [""http://www.wikidata.org/entity/Q298"", ""http://www.wikidata.org/entity/Q828""]}"
171;4552;1;1;"{""type"": ""NodeConstraint"", ""datatype"": ""http://www.wikidata.org/entity/Q5456""}"
171;625;1;;"{""type"": ""NodeConstraint"", ""nodeKind"": ""iri""}"
172;571;1;1;"{""type"": ""NodeConstraint"", ""nodeKind"": ""literal""}"
172;1082;1;1;"{""type"": ""NodeConstraint"", ""nodeKind"": ""literal""}"
172;2044;1;1;"{""type"": ""NodeConstraint"", ""nodeKind"": ""literal""}"
172;281;1;1;"{""type"": ""NodeConstraint"", ""nodeKind"": ""literal""}"
172;1376;1;;"{""type"": ""NodeConstraint"", ""nodeKind"": ""iri""}"
173;31;1;1;"{""type"": ""NodeConstraint"", ""values"": [""http://www.wikidata.org/entity/Q3241045""]}"
173;1603;1;1;
173;580;1;1;
173;582;1;1;
174;1889;0;1;
174;2143;0;1;
174;18;0;1;"{""type"": ""NodeConstraint"", ""nodeKind"": ""iri""}"
174;373;0;;"{""type"": ""NodeConstraint"", ""datatype"": ""http://www.w3.org/2001/XMLSchema#string""}"
174;973;0;;"{""type"": ""NodeConstraint"", ""nodeKind"": ""iri""}"
174;2946;0;1;
174;4333;0;1;
176;31;1;1;"{""type"": ""NodeConstraint"", ""values"": [""http://www.wikidata.org/entity/Q5""]}"
176;106;1;1;"{""type"": ""NodeConstraint"", ""values"": [""http://www.wikidata.org/entity/Q11063""]}"
176;21;0;1;"{""type"": ""ShapeAnd"", ""shapeExprs"": [{""type"": ""NodeConstraint"", ""nodeKind"": ""iri""}, {""type"": ""NodeConstraint"", ""values"": [""http://www.wikidata.org/entity/Q6581097"", ""http://www.wikidata.org/entity/Q6581072"", ""http://www.wikidata.org/entity/Q1097630"", ""http://www.wikidata.org/entity/Q1052281"", ""http://www.wikidata.org/entity/Q2449503"", ""http://www.wikidata.org/entity/Q48270""]}]}"
176;569;1;1;"{""type"": ""NodeConstraint"", ""nodeKind"": ""literal""}"
176;27;1;1;"{""type"": ""NodeConstraint"", ""values"": [""http://www.wikidata.org/entity/Q298""]}"
176;19;0;1;
177;3752;1;;
177;3753;1;;
177;3754;1;;
177;3755;1;;
177;3756;1;;
177;3757;1;;
177;575;1;1;
178;3752;1;;
178;3753;1;;
178;3754;1;;
178;3755;1;;
178;3756;1;;
178;3757;1;;
178;575;1;1;
179;571;0;1;
18;179;1;1;"{""type"": ""Shape"", ""expression"": {""type"": ""TripleConstraint"", ""predicate"": ""http://www.wikidata.org/prop/direct/P31"", ""valueExpr"": {""type"": ""NodeConstraint"", ""values"": [""http://www.wikidata.org/entity/Q5398426""]}}}"
18;580;1;1;
183;31;1;1;"{""type"": ""NodeConstraint"", ""values"": [""http://www.wikidata.org/entity/Q5""]}"
183;106;1;1;"{""type"": ""NodeConstraint"", ""values"": [""http://www.wikidata.org/entity/Q937857""]}"
183;21;1;1;"{""type"": ""ShapeAnd"", ""shapeExprs"": [{""type"": ""NodeConstraint"", ""nodeKind"": ""iri""}, {""type"": ""NodeConstraint"", ""values"": [""http://www.wikidata.org/entity/Q6581072""]}]}"
183;27;1;1;"{""type"": ""NodeConstraint"", ""values"": [""http://www.wikidata.org/entity/Q298""]}"
184;580;1;1;
184;582;1;1;
185;1476;1;1;
185;407;0;1;
185;577;1;;"{""type"": ""ShapeOr"", ""shapeExprs"": [{""type"": ""NodeConstraint"", ""datatype"": ""http://www.w3.org/2001/XMLSchema#dateTime""}, {""type"": ""NodeConstraint"", ""datatype"": ""http://www.w3.org/2001/XMLSchema#date""}]}"
185;1104;0;1;
185;356;0;;"{""type"": ""NodeConstraint"", ""datatype"": ""http://www.w3.org/2001/XMLSchema#string""}"
186;31;1;1;"{""type"": ""NodeConstraint"", ""values"": [""http://www.wikidata.org/entity/Q5058355""]}"
186;232;0;1;
186;279;1;1;"{""type"": ""NodeConstraint"", ""nodeKind"": ""iri""}"
186;352;0;1;
186;686;1;1;"{""type"": ""ShapeAnd"", ""shapeExprs"": [{""type"": ""Shape"", ""expression"": {""type"": ""EachOf"", ""expressions"": [{""type"": ""TripleConstraint"", ""predicate"": ""http://www.wikidata.org/prop/statement/P686"", ""valueExpr"": ""Gene-ontology-ID""}, {""type"": ""TripleConstraint"", ""predicate"": ""http://www.w3.org/ns/prov#wasDerivedFrom"", ""valueExpr"": {""type"": ""Shape"", ""expression"": {""type"": ""EachOf"", ""expressions"": [{""type"": ""TripleConstraint"", ""predicate"": ""http://www.wikidata.org/prop/reference/P813"", ""valueExpr"": {""type"": ""NodeConstraint"", ""datatype"": ""http://www.w3.org/2001/XMLSchema#dateTime""}}, {""type"": ""TripleConstraint"", ""predicate"": ""http://www.wikidata.org/prop/reference/P686"", ""valueExpr"": {""type"": ""NodeConstraint"", ""datatype"": ""http://www.w3.org/2001/XMLSchema#string""}}, {""type"": ""TripleConstraint"", ""predicate"": ""http://www.wikidata.org/prop/reference/value/P813"", ""valueExpr"": {""type"": ""NodeConstraint"", ""nodeKind"": ""iri""}}, {""type"": ""TripleConstraint"", ""predicate"": ""http://www.wikidata.org/prop/reference/P248"", ""valueExpr"": {""type"": ""NodeConstraint"", ""values"": [""http://www.wikidata.org/entity/Q70472376""]}}]}}}]}}, {""type"": ""NodeConstraint"", ""datatype"": ""http://www.w3.org/2001/XMLSchema#string""}]}"
186;527;2;;"{""type"": ""NodeConstraint"", ""nodeKind"": ""iri""}"
186;2888;1;1;"{""type"": ""NodeConstraint"", ""nodeKind"": ""iri""}"
186;7718;1;1;"{""type"": ""NodeConstraint"", ""datatype"": ""http://www.w3.org/2001/XMLSchema#string""}"
186;486;0;1;
186;6680;0;1;
186;6694;0;1;
187;17;1;1;
187;131;1;1;
187;625;1;;
187;6801;0;1;"{""type"": ""NodeConstraint"", ""datatype"": ""http://www.w3.org/2001/XMLSchema#decimal""}"
187;856;0;;"{""type"": ""NodeConstraint"", ""nodeKind"": ""iri""}"
188;31;1;1;
188;17;1;1;
188;1603;1;1;
188;580;1;1;
189;1476;1;1;
189;4844;1;;
189;580;1;;
189;3098;0;1;
19;179;1;1;"{""type"": ""Shape"", ""expression"": {""type"": ""TripleConstraint"", ""predicate"": ""http://www.wikidata.org/prop/direct/P31"", ""valueExpr"": {""type"": ""NodeConstraint"", ""values"": [""http://www.wikidata.org/entity/Q5398426""]}}}"
19;4908;1;1;"{""type"": ""Shape"", ""expression"": {""type"": ""TripleConstraint"", ""predicate"": ""http://www.wikidata.org/prop/direct/P31"", ""valueExpr"": {""type"": ""NodeConstraint"", ""values"": [""http://www.wikidata.org/entity/Q3464665""]}}}"
19;577;1;;
19;1476;1;;
19;57;1;;
190;17;1;1;
190;1269;0;1;
190;828;1;;
190;580;1;1;
191;17;1;1;
191;131;0;1;
191;361;1;1;"{""type"": ""NodeConstraint"", ""values"": [""http://www.wikidata.org/entity/Q87866152""]}"
191;828;1;1;
191;580;1;1;
192;105;1;1;
192;171;0;1;
192;575;1;1;
193;856;0;1;"{""type"": ""NodeConstraint"", ""nodeKind"": ""iri""}"
193;571;0;;"{""type"": ""ShapeOr"", ""shapeExprs"": [{""type"": ""NodeConstraint"", ""datatype"": ""http://www.w3.org/2001/XMLSchema#dateTime""}, {""type"": ""NodeConstraint"", ""datatype"": ""http://www.w3.org/2001/XMLSchema#date""}]}"
193;123;0;;"{""type"": ""NodeConstraint"", ""nodeKind"": ""iri""}"
194;7718;1;1;"{""type"": ""NodeConstraint"", ""datatype"": ""http://www.w3.org/2001/XMLSchema#string""}"
195;1476;0;;"{""type"": ""NodeConstraint"", ""nodeKind"": ""literal""}"
195;123;1;1;
195;577;0;1;
196;31;1;1;"{""type"": ""NodeConstraint"", ""values"": [""http://www.wikidata.org/entity/Q5""]}"
196;6949;0;1;
196;509;1;1;"{""type"": ""NodeConstraint"", ""values"": [""http://www.wikidata.org/entity/Q84263196""]}"
196;570;1;1;
196;20;0;1;
196;1677;0;1;
196;1196;0;1;
196;5008;0;1;"{""type"": ""NodeConstraint"", ""values"": [""http://www.wikidata.org/entity/Q87748614""]}"
197;31;1;1;"{""type"": ""NodeConstraint"", ""values"": [""http://www.wikidata.org/entity/Q6451172""]}"
197;17;0;1;
197;131;1;1;
197;625;1;;
197;18;1;;
197;571;0;1;
197;6375;0;1;
197;856;0;1;
198;17;0;1;
198;131;1;1;
198;625;1;;
198;18;1;;
198;571;0;1;
198;6375;0;1;
198;856;0;1;
198;1448;0;1;"{""type"": ""NodeConstraint"", ""nodeKind"": ""literal""}"
201;21;0;1;"{""type"": ""NodeConstraint"", ""nodeKind"": ""iri""}"
201;373;0;1;
201;800;0;;"{""type"": ""NodeConstraint"", ""nodeKind"": ""iri""}"
201;569;0;;"{""type"": ""NodeConstraint"", ""datatype"": ""http://www.w3.org/2001/XMLSchema#dateTime""}"
201;19;0;1;"{""type"": ""NodeConstraint"", ""nodeKind"": ""iri""}"
201;570;0;;"{""type"": ""NodeConstraint"", ""datatype"": ""http://www.w3.org/2001/XMLSchema#dateTime""}"
201;6379;1;1;
201;213;0;;"{""type"": ""NodeConstraint"", ""datatype"": ""http://www.w3.org/2001/XMLSchema#string""}"
201;345;1;;"{""type"": ""Shape"", ""expression"": {""type"": ""EachOf"", ""expressions"": [{""type"": ""TripleConstraint"", ""predicate"": ""http://www.wikidata.org/prop/statement/P345"", ""valueExpr"": {""type"": ""NodeConstraint"", ""datatype"": ""http://www.w3.org/2001/XMLSchema#string""}, ""min"": 0, ""max"": -1}, {""type"": ""TripleConstraint"", ""predicate"": ""http://www.wikidata.org/prop/statement/value-normalized/P345"", ""valueExpr"": {""type"": ""NodeConstraint"", ""nodeKind"": ""iri""}, ""min"": 0, ""max"": -1}]}}"
201;245;1;;"{""type"": ""Shape"", ""expression"": {""type"": ""EachOf"", ""expressions"": [{""type"": ""TripleConstraint"", ""predicate"": ""http://www.wikidata.org/prop/statement/P245"", ""valueExpr"": {""type"": ""NodeConstraint"", ""datatype"": ""http://www.w3.org/2001/XMLSchema#string""}, ""min"": 0, ""max"": -1}, {""type"": ""TripleConstraint"", ""predicate"": ""http://www.wikidata.org/prop/statement/value-normalized/P245"", ""valueExpr"": {""type"": ""NodeConstraint"", ""nodeKind"": ""iri""}, ""min"": 0, ""max"": -1}]}}"
202;5401;1;2;"{""type"": ""NodeConstraint"", ""values"": [""http://www.wikidata.org/entity/L1761"", ""http://www.wikidata.org/entity/L4179""]}"
203;7894;1;1;"{""type"": ""NodeConstraint"", ""datatype"": ""http://www.w3.org/2001/XMLSchema#string""}"
203;137;1;1;
203;131;1;1;
203;17;1;1;
204;527;1;1;"{""type"": ""NodeConstraint"", ""values"": [""http://www.wikidata.org/entity/Q7802"", ""http://www.wikidata.org/entity/Q1472481"", ""http://www.wikidata.org/entity/Q1427887"", ""http://www.wikidata.org/entity/Q20134"", ""http://www.wikidata.org/entity/Q178359"", ""http://www.wikidata.org/entity/Q74048276"", ""http://www.wikidata.org/entity/Q11004""]}"
204;495;0;1;"{""type"": ""NodeConstraint"", ""nodeKind"": ""iri""}"
204;61;0;1;"{""type"": ""NodeConstraint"", ""nodeKind"": ""iri""}"
204;138;0;1;"{""type"": ""NodeConstraint"", ""nodeKind"": ""iri""}"
204;5456;0;;"{""type"": ""NodeConstraint"", ""datatype"": ""http://www.w3.org/2001/XMLSchema#string""}"
205;1476;0;;"{""type"": ""NodeConstraint"", ""nodeKind"": ""literal""}"
205;123;1;1;
205;577;0;1;
205;7103;0;1;
206;31;1;1;"{""type"": ""NodeConstraint"", ""values"": [""http://www.wikidata.org/entity/Q26703203"", ""http://www.wikidata.org/entity/Q43638585""]}"
206;131;1;1;
206;547;0;1;
206;6568;0;1;
206;625;1;1;
206;17;1;1;
206;1028;0;1;
206;1656;0;1;
206;6375;0;1;
206;669;0;;"{""type"": ""Shape"", ""expression"": {""type"": ""EachOf"", ""expressions"": [{""type"": ""TripleConstraint"", ""predicate"": ""http://www.wikidata.org/prop/statement/P669"", ""valueExpr"": ""#street""}, {""type"": ""TripleConstraint"", ""predicate"": ""http://www.wikidata.org/prop/qualifier/P670"", ""min"": 0, ""max"": 1}, {""type"": ""TripleConstraint"", ""predicate"": ""http://www.wikidata.org/prop/qualifier/P281"", ""min"": 0, ""max"": 1}]}}"
206;1684;1;1;
206;170;0;1;"{""type"": ""NodeConstraint"", ""values"": [""http://www.wikidata.org/entity/Q195796""]}"
206;186;0;1;"{""type"": ""NodeConstraint"", ""values"": [""http://www.wikidata.org/entity/Q39782""]}"
206;361;1;1;"{""type"": ""NodeConstraint"", ""values"": [""http://www.wikidata.org/entity/Q314003""]}"
206;1893;0;1;
206;276;0;1;
206;11693;0;1;
206;5816;0;1;
206;1889;0;1;"{""type"": ""NodeConstraint"", ""values"": [""http://www.wikidata.org/entity/Q26703203"", ""http://www.wikidata.org/entity/Q43638585""]}"
206;373;0;1;
207;31;1;1;"{""type"": ""NodeConstraint"", ""values"": [""http://www.wikidata.org/entity/Q1172284""]}"
207;577;0;1;
207;953;1;;
207;921;1;;
207;275;1;;
208;5305;1;;
208;856;1;;
208;921;1;;
208;275;1;;
208;577;0;1;
209;6269;1;;
209;856;1;;
209;921;1;;
209;577;0;1;
21;31;1;1;"{""type"": ""NodeConstraint"", ""values"": [""http://www.wikidata.org/entity/Q5""]}"
21;21;1;1;"{""type"": ""NodeConstraint"", ""values"": [""http://www.wikidata.org/entity/Q6581072"", ""http://www.wikidata.org/entity/Q6581097""]}"
21;569;0;1;"{""type"": ""NodeConstraint"", ""datatype"": ""http://www.w3.org/2001/XMLSchema#dateTime""}"
21;570;0;1;"{""type"": ""NodeConstraint"", ""datatype"": ""http://www.w3.org/2001/XMLSchema#dateTime""}"
21;19;0;1;"{""type"": ""NodeConstraint"", ""nodeKind"": ""iri""}"
21;20;0;1;"{""type"": ""NodeConstraint"", ""nodeKind"": ""iri""}"
21;27;1;;"{""type"": ""NodeConstraint"", ""nodeKind"": ""iri""}"
21;1559;0;;"{""type"": ""NodeConstraint"", ""datatype"": ""http://www.w3.org/1999/02/22-rdf-syntax-ns#langString""}"
21;735;0;;"{""type"": ""NodeConstraint"", ""nodeKind"": ""iri""}"
21;734;0;;"{""type"": ""NodeConstraint"", ""nodeKind"": ""iri""}"
210;17;1;1;
210;131;1;1;
210;625;1;;
210;6801;0;1;"{""type"": ""NodeConstraint"", ""datatype"": ""http://www.w3.org/2001/XMLSchema#decimal""}"
210;856;0;;"{""type"": ""NodeConstraint"", ""nodeKind"": ""iri""}"
211;17;1;1;
211;131;1;1;
211;625;1;;
211;6801;0;1;"{""type"": ""NodeConstraint"", ""datatype"": ""http://www.w3.org/2001/XMLSchema#decimal""}"
211;856;0;;"{""type"": ""NodeConstraint"", ""nodeKind"": ""iri""}"
212;31;0;;"{""type"": ""NodeConstraint"", ""nodeKind"": ""iri""}"
212;828;0;;"{""type"": ""NodeConstraint"", ""nodeKind"": ""iri""}"
212;580;0;1;
212;6949;0;1;
212;1001;0;;"{""type"": ""NodeConstraint"", ""nodeKind"": ""iri""}"
213;31;1;1;"{""type"": ""NodeConstraint"", ""values"": [""http://www.wikidata.org/entity/Q194188""]}"
213;17;1;;"{""type"": ""NodeConstraint"", ""values"": [{""type"": ""IriStem"", ""stem"": ""http://www.wikidata.org/entity""}]}"
213;625;1;1;"{""type"": ""NodeConstraint"", ""datatype"": ""http://www.opengis.net/ont/geosparql#wktLiteral""}"
213;18;0;1;"{""type"": ""NodeConstraint"", ""values"": [{""type"": ""IriStem"", ""stem"": ""http://commons.wikimedia.org/wiki/Special:FilePath""}]}"
213;154;0;1;"{""type"": ""NodeConstraint"", ""values"": [{""type"": ""IriStem"", ""stem"": ""http://commons.wikimedia.org/wiki/Special:FilePath""}]}"
213;131;0;;"{""type"": ""NodeConstraint"", ""values"": [{""type"": ""IriStem"", ""stem"": ""http://www.wikidata.org/entity""}]}"
213;137;0;;"{""type"": ""NodeConstraint"", ""values"": [{""type"": ""IriStem"", ""stem"": ""http://www.wikidata.org/entity""}]}"
213;373;0;1;"{""type"": ""NodeConstraint"", ""datatype"": ""http://www.w3.org/2001/XMLSchema#string""}"
213;856;0;1;"{""type"": ""NodeConstraint"", ""nodeKind"": ""iri""}"
213;571;0;1;"{""type"": ""NodeConstraint"", ""datatype"": ""http://www.w3.org/2001/XMLSchema#dateTime""}"
213;3896;0;1;"{""type"": ""NodeConstraint"", ""values"": [{""type"": ""IriStem"", ""stem"": ""http://commons.wikimedia.org/data/main""}]}"
213;127;0;;"{""type"": ""NodeConstraint"", ""values"": [{""type"": ""IriStem"", ""stem"": ""http://www.wikidata.org/entity""}]}"
213;527;0;;"{""type"": ""NodeConstraint"", ""values"": [{""type"": ""IriStem"", ""stem"": ""http://www.wikidata.org/entity""}]}"
213;206;0;1;"{""type"": ""NodeConstraint"", ""values"": [{""type"": ""IriStem"", ""stem"": ""http://www.wikidata.org/entity""}]}"
213;2046;0;1;"{""type"": ""NodeConstraint"", ""datatype"": ""http://www.w3.org/2001/XMLSchema#decimal""}"
213;931;0;;"{""type"": ""NodeConstraint"", ""values"": [{""type"": ""IriStem"", ""stem"": ""http://www.wikidata.org/entity""}]}"
213;2427;0;1;"{""type"": ""NodeConstraint"", ""datatype"": ""http://www.w3.org/2001/XMLSchema#string""}"
213;1225;0;1;"{""type"": ""NodeConstraint"", ""datatype"": ""http://www.w3.org/2001/XMLSchema#string""}"
213;3500;0;1;"{""type"": ""NodeConstraint"", ""datatype"": ""http://www.w3.org/2001/XMLSchema#string""}"
213;6782;0;1;"{""type"": ""NodeConstraint"", ""datatype"": ""http://www.w3.org/2001/XMLSchema#string""}"
213;402;0;1;"{""type"": ""NodeConstraint"", ""datatype"": ""http://www.w3.org/2001/XMLSchema#string""}"
213;935;0;1;"{""type"": ""NodeConstraint"", ""datatype"": ""http://www.w3.org/2001/XMLSchema#string""}"
213;6773;0;1;"{""type"": ""NodeConstraint"", ""datatype"": ""http://www.w3.org/2001/XMLSchema#string""}"
213;214;0;1;"{""type"": ""NodeConstraint"", ""datatype"": ""http://www.w3.org/2001/XMLSchema#string""}"
213;1566;0;1;"{""type"": ""NodeConstraint"", ""datatype"": ""http://www.w3.org/2001/XMLSchema#string""}"
213;213;0;1;"{""type"": ""NodeConstraint"", ""datatype"": ""http://www.w3.org/2001/XMLSchema#string""}"
213;454;0;1;"{""type"": ""NodeConstraint"", ""datatype"": ""http://www.w3.org/2001/XMLSchema#string""}"
215;279;1;1;"{""type"": ""NodeConstraint"", ""values"": [""http://www.wikidata.org/entity/Q17422""]}"
215;17;1;1;
215;580;1;1;
217;31;1;1;"{""type"": ""NodeConstraint"", ""values"": [""http://www.wikidata.org/entity/Q179551""]}"
217;973;1;;
217;8205;1;1;
217;1813;1;1;
218;21;0;1;"{""type"": ""NodeConstraint"", ""nodeKind"": ""iri""}"
218;373;0;1;
218;569;0;;"{""type"": ""NodeConstraint"", ""datatype"": ""http://www.w3.org/2001/XMLSchema#dateTime""}"
218;19;0;1;"{""type"": ""NodeConstraint"", ""nodeKind"": ""iri""}"
218;570;0;;"{""type"": ""NodeConstraint"", ""datatype"": ""http://www.w3.org/2001/XMLSchema#dateTime""}"
218;27;1;1;"{""type"": ""NodeConstraint"", ""nodeKind"": ""iri""}"
218;1532;0;1;
218;641;1;1;"{""type"": ""NodeConstraint"", ""values"": [""http://www.wikidata.org/entity/Q29358""]}"
218;54;1;1;"{""type"": ""NodeConstraint"", ""nodeKind"": ""iri""}"
218;166;0;1;
218;1344;0;1;
218;3672;0;1;
218;4542;0;1;
218;4588;0;1;
22;31;1;1;"{""type"": ""NodeConstraint"", ""values"": [""http://www.wikidata.org/entity/Q5""]}"
22;21;1;1;
220;21;0;1;"{""type"": ""NodeConstraint"", ""values"": [""http://www.wikidata.org/entity/Q6581097"", ""http://www.wikidata.org/entity/Q6581072"", ""http://www.wikidata.org/entity/Q1097630"", ""http://www.wikidata.org/entity/Q1052281"", ""http://www.wikidata.org/entity/Q2449503"", ""http://www.wikidata.org/entity/Q48270""]}"
220;463;1;1;"{""type"": ""NodeConstraint"", ""values"": [""http://www.wikidata.org/entity/Q27639076""]}"
220;106;1;;
220;108;1;;
226;361;1;1;"{""type"": ""NodeConstraint"", ""values"": [""http://www.wikidata.org/entity/Q207360""]}"
226;1424;1;;
226;1545;0;1;
226;6104;1;;
228;31;1;1;"{""type"": ""NodeConstraint"", ""values"": [""http://www.wikidata.org/entity/Q5""]}"
229;31;1;1;"{""type"": ""NodeConstraint"", ""values"": [""http://www.wikidata.org/entity/Q96482904""]}"
229;1001;1;1;"{""type"": ""NodeConstraint"", ""values"": [""http://www.wikidata.org/entity/Q34""]}"
229;407;1;1;"{""type"": ""NodeConstraint"", ""values"": [""http://www.wikidata.org/entity/Q9027""]}"
229;577;1;1;
229;1031;0;1;"{""type"": ""NodeConstraint"", ""pattern"": ""^NJA [0-9]{4} s\\. [1-9][0-9]*( I*V?)?$""}"
229;4884;1;1;"{""type"": ""NodeConstraint"", ""values"": [""http://www.wikidata.org/entity/Q741421""]}"
229;1594;5;1;
229;527;1;1;"{""type"": ""NodeConstraint"", ""values"": [""http://www.wikidata.org/entity/Q6738447"", ""http://www.wikidata.org/entity/Q1092720"", ""http://www.wikidata.org/entity/Q1087840"", ""http://www.wikidata.org/entity/Q352858""]}"
229;1433;1;1;
229;8407;1;;
23;31;1;1;"{""type"": ""NodeConstraint"", ""values"": [""http://www.wikidata.org/entity/Q5""]}"
23;21;1;1;
230;463;1;;"{""type"": ""NodeConstraint"", ""values"": [""http://www.wikidata.org/entity/Q182032""]}"
230;136;1;;"{""type"": ""NodeConstraint"", ""values"": [""http://www.wikidata.org/entity/Q37073""]}"
230;325;1;;
230;6886;1;;
230;21;1;;
230;19;1;;
230;569;1;;
230;373;0;1;
230;18;0;1;
230;106;0;1;
230;27;1;;"{""type"": ""NodeConstraint"", ""values"": [""http://www.wikidata.org/entity/Q33""]}"
230;-1;1;;"{""type"": ""NodeConstraint"", ""datatype"": ""http://www.w3.org/1999/02/22-rdf-syntax-ns#langString""}"
231;463;1;;"{""type"": ""NodeConstraint"", ""values"": [""http://www.wikidata.org/entity/Q182032""]}"
231;136;1;;"{""type"": ""NodeConstraint"", ""values"": [""http://www.wikidata.org/entity/Q37073""]}"
231;325;1;;
231;6886;1;;
231;21;1;;
231;19;1;;
231;569;1;;
231;373;0;1;
231;18;0;1;
231;106;0;1;
231;27;1;;"{""type"": ""NodeConstraint"", ""values"": [""http://www.wikidata.org/entity/Q33""]}"
231;-1;1;;"{""type"": ""NodeConstraint"", ""datatype"": ""http://www.w3.org/1999/02/22-rdf-syntax-ns#langString""}"
233;2926;1;1;
233;3519;0;1;"{""type"": ""NodeConstraint"", ""nodeKind"": ""literal""}"
234;17;1;1;
234;625;1;1;
234;3311;0;1;
234;6807;0;1;
234;8142;0;1;
234;-1;1;;"{""type"": ""NodeConstraint"", ""datatype"": ""http://www.w3.org/1999/02/22-rdf-syntax-ns#langString""}"
235;361;1;;
235;17;1;1;
235;276;1;1;
235;641;1;1;
235;585;1;1;
235;3157;0;1;
235;6806;0;1;
235;8284;0;1;
235;-1;1;;"{""type"": ""NodeConstraint"", ""datatype"": ""http://www.w3.org/1999/02/22-rdf-syntax-ns#langString""}"
236;31;1;1;"{""type"": ""NodeConstraint"", ""values"": [""http://www.wikidata.org/entity/Q5""]}"
236;4690;1;1;
236;734;1;;
236;735;1;;
236;569;1;1;
236;21;1;1;"{""type"": ""NodeConstraint"", ""values"": [""http://www.wikidata.org/entity/Q6581097"", ""http://www.wikidata.org/entity/Q6581072"", ""http://www.wikidata.org/entity/Q1097630"", ""http://www.wikidata.org/entity/Q1052281"", ""http://www.wikidata.org/entity/Q2449503"", ""http://www.wikidata.org/entity/Q48270""]}"
236;18;1;;
237;279;0;;"{""type"": ""Shape"", ""expression"": {""type"": ""TripleConstraint"", ""predicate"": ""http://www.wikidata.org/prop/statement/P279"", ""valueExpr"": {""type"": ""NodeConstraint"", ""nodeKind"": ""iri""}}}"
238;31;1;1;"{""type"": ""NodeConstraint"", ""values"": [""http://www.wikidata.org/entity/Q5""]}"
238;18;1;;
238;27;1;;
238;19;1;1;
238;3048;1;1;
238;3684;1;1;
238;8140;1;1;
238;734;1;;
238;735;1;;
238;21;1;1;"{""type"": ""NodeConstraint"", ""values"": [""http://www.wikidata.org/entity/Q6581097"", ""http://www.wikidata.org/entity/Q6581072"", ""http://www.wikidata.org/entity/Q1097630"", ""http://www.wikidata.org/entity/Q1052281"", ""http://www.wikidata.org/entity/Q2449503"", ""http://www.wikidata.org/entity/Q48270""]}"
238;569;1;1;
24;31;1;1;"{""type"": ""NodeConstraint"", ""values"": [""http://www.wikidata.org/entity/Q5""]}"
24;21;1;1;
24;106;1;1;"{""type"": ""NodeConstraint"", ""values"": [""http://www.wikidata.org/entity/Q2526255""]}"
242;31;1;1;
242;527;1;1;
243;31;1;1;"{""type"": ""NodeConstraint"", ""values"": [""http://www.wikidata.org/entity/Q189118""]}"
243;7963;1;1;"{""type"": ""NodeConstraint"", ""datatype"": ""http://www.w3.org/2001/XMLSchema#string""}"
244;31;1;1;"{""type"": ""NodeConstraint"", ""values"": [""http://www.wikidata.org/entity/Q91586285"", ""http://www.wikidata.org/entity/Q100532807""]}"
244;577;1;1;
244;1001;1;1;"{""type"": ""NodeConstraint"", ""values"": [""http://www.wikidata.org/entity/Q27"", ""http://www.wikidata.org/entity/Q31747""]}"
244;467;1;1;"{""type"": ""NodeConstraint"", ""values"": [""http://www.wikidata.org/entity/Q129821"", ""http://www.wikidata.org/entity/Q2016884""]}"
244;953;1;;
244;1031;1;1;
244;179;1;1;
244;17;1;1;"{""type"": ""NodeConstraint"", ""values"": [""http://www.wikidata.org/entity/Q27"", ""http://www.wikidata.org/entity/Q31747""]}"
244;8726;1;1;
244;1448;0;1;
244;50;0;1;
245;361;1;1;"{""type"": ""NodeConstraint"", ""values"": [""http://www.wikidata.org/entity/Q8819""]}"
245;5949;1;1;
246;361;1;1;
246;5949;1;1;
247;487;1;1;
247;4213;1;1;
247;4575;1;;
247;5522;1;1;
247;9382;1;1;
248;361;1;;
248;1476;1;1;
248;136;1;;
248;175;1;;
248;264;1;;
248;291;1;;
248;495;1;;
248;577;1;1;"{""type"": ""ShapeOr"", ""shapeExprs"": [{""type"": ""NodeConstraint"", ""datatype"": ""http://www.w3.org/2001/XMLSchema#dateTime""}, {""type"": ""NodeConstraint"", ""datatype"": ""http://www.w3.org/2001/XMLSchema#date""}]}"
248;2635;1;;
248;2047;1;1;
248;444;1;;
248;658;1;;
248;437;1;;
248;1552;1;;
248;483;1;;
248;7937;1;;
248;750;1;;
248;407;1;;
248;-1;1;;"{""type"": ""NodeConstraint"", ""datatype"": ""http://www.w3.org/1999/02/22-rdf-syntax-ns#langString""}"
249;31;1;1;"{""type"": ""NodeConstraint"", ""values"": [""http://www.wikidata.org/entity/Q3917681"", ""http://www.wikidata.org/entity/Q18414273"", ""http://www.wikidata.org/entity/Q620045""]}"
249;17;0;1;
249;131;1;;
249;1001;1;;
249;137;1;;
249;2388;0;1;"{""type"": ""NodeConstraint"", ""datatype"": ""ambassador""}"
249;373;0;1;
249;856;0;1;"{""type"": ""NodeConstraint"", ""nodeKind"": ""iri""}"
249;625;0;1;
249;6375;0;1;
25;31;1;1;"{""type"": ""NodeConstraint"", ""values"": [""http://www.wikidata.org/entity/Q5""]}"
25;21;1;1;
25;345;0;;"{""type"": ""NodeConstraint"", ""datatype"": ""http://www.w3.org/2001/XMLSchema#string""}"
250;18;1;;
250;571;1;;
250;17;1;1;"{""type"": ""NodeConstraint"", ""values"": [""http://www.wikidata.org/entity/Q34""]}"
250;625;1;;
250;1082;1;;
250;1365;0;1;
250;1813;1;;
250;47;1;;
250;525;1;;
250;242;0;1;
250;6192;1;;
250;2046;1;;
250;856;0;1;
250;8714;1;;
250;2013;0;1;
250;2002;0;1;
250;4173;0;1;
250;2003;0;1;
250;4264;0;1;
250;1019;0;1;
250;1997;0;1;
250;2572;0;1;
250;6251;0;1;
250;1792;0;1;
250;910;0;1;
250;373;0;1;
250;94;0;1;
250;237;0;1;
250;2044;0;1;
251;279;1;1;
251;703;1;1;
251;702;1;1;
251;639;1;1;
252;31;1;0;
252;703;1;1;
252;351;1;1;
252;2393;0;1;
253;5187;1;1;"{""type"": ""NodeConstraint"", ""values"": [{""type"": ""Language"", ""languageTag"": ""br""}]}"
253;5186;1;1;"{""type"": ""NodeConstraint"", ""values"": [""http://www.wikidata.org/entity/Q54083637""]}"
257;31;1;1;"{""type"": ""NodeConstraint"", ""values"": [""http://www.wikidata.org/entity/Q5""]}"
257;21;1;1;"{""type"": ""NodeConstraint"", ""values"": [""http://www.wikidata.org/entity/Q6581097"", ""http://www.wikidata.org/entity/Q6581072""]}"
257;19;1;;"{""type"": ""NodeConstraint"", ""nodeKind"": ""iri""}"
257;569;1;;"{""type"": ""NodeConstraint"", ""datatype"": ""http://www.w3.org/2001/XMLSchema#dateTime""}"
257;570;0;;"{""type"": ""NodeConstraint"", ""datatype"": ""http://www.w3.org/2001/XMLSchema#dateTime""}"
257;20;0;;"{""type"": ""NodeConstraint"", ""nodeKind"": ""iri""}"
257;39;1;;
257;102;1;;
257;1559;0;;"{""type"": ""NodeConstraint"", ""datatype"": ""http://www.w3.org/1999/02/22-rdf-syntax-ns#langString""}"
257;-1;1;;"{""type"": ""NodeConstraint"", ""datatype"": ""http://www.w3.org/1999/02/22-rdf-syntax-ns#langString""}"
26;279;1;1;"{""type"": ""NodeConstraint"", ""values"": [""http://www.wikidata.org/entity/Q47616""]}"
260;361;1;1;"{""type"": ""NodeConstraint"", ""values"": [""http://www.wikidata.org/entity/Q5383621""]}"
260;138;1;1;"{""type"": ""NodeConstraint"", ""values"": [""http://www.wikidata.org/entity/Q5741633""]}"
260;123;1;;
260;18;1;;
260;407;1;;
260;51;1;;
260;155;1;;
260;156;1;;
260;495;1;1;"{""type"": ""NodeConstraint"", ""values"": [""http://www.wikidata.org/entity/Q34""]}"
260;5123;1;;
260;1476;1;;
260;291;1;;
260;3030;1;;
260;10;1;;
260;676;1;;
260;1680;1;;
260;1922;1;;
260;3132;1;;
260;3155;1;;
260;6216;1;1;"{""type"": ""NodeConstraint"", ""values"": [""http://www.wikidata.org/entity/Q19652""]}"
260;86;1;1;"{""type"": ""NodeConstraint"", ""values"": [""http://www.wikidata.org/entity/Q312498""]}"
260;6104;1;;"{""type"": ""NodeConstraint"", ""values"": [""http://www.wikidata.org/entity/Q101515582""]}"
267;31;1;1;"{""type"": ""NodeConstraint"", ""values"": [""http://www.wikidata.org/entity/Q191067"", ""http://www.wikidata.org/entity/Q17518557"", ""http://www.wikidata.org/entity/Q3331189"", ""http://www.wikidata.org/entity/Q17586363"", ""http://www.wikidata.org/entity/Q88392887""]}"
267;1433;1;1;"{""type"": ""NodeConstraint"", ""values"": [""http://www.wikidata.org/entity/Q1569226""]}"
267;407;1;1;"{""type"": ""NodeConstraint"", ""values"": [""http://www.wikidata.org/entity/Q150""]}"
267;478;0;1;
267;304;0;1;
267;1476;0;1;
267;1680;0;1;
267;50;1;;
267;655;0;1;
267;996;0;1;
267;6216;1;2;
268;17;1;1;"{""type"": ""NodeConstraint"", ""values"": [""http://www.wikidata.org/entity/Q34""]}"
268;571;1;;
268;131;1;1;"{""type"": ""NodeConstraint"", ""values"": [""http://www.wikidata.org/entity/Q506250""]}"
268;625;1;;
268;84;1;;
268;18;1;;
269;31;1;;
269;1435;1;;"{""type"": ""NodeConstraint"", ""values"": [""http://www.wikidata.org/entity/Q9259"", ""http://www.wikidata.org/entity/Q498842"", ""http://www.wikidata.org/entity/Q1019352"", ""http://www.wikidata.org/entity/Q1154112"", ""http://www.wikidata.org/entity/Q1459900"", ""http://www.wikidata.org/entity/Q1568567"", ""http://www.wikidata.org/entity/Q2290523"", ""http://www.wikidata.org/entity/Q2864343"", ""http://www.wikidata.org/entity/Q2986426"", ""http://www.wikidata.org/entity/Q3153865"", ""http://www.wikidata.org/entity/Q3214312"", ""http://www.wikidata.org/entity/Q3280355"", ""http://www.wikidata.org/entity/Q3477434"", ""http://www.wikidata.org/entity/Q3485446"", ""http://www.wikidata.org/entity/Q6979599"", ""http://www.wikidata.org/entity/Q10387575"", ""http://www.wikidata.org/entity/Q10387684"", ""http://www.wikidata.org/entity/Q16040909"", ""http://www.wikidata.org/entity/Q16739336"", ""http://www.wikidata.org/entity/Q18965125"", ""http://www.wikidata.org/entity/Q21153160"", ""http://www.wikidata.org/entity/Q26971668"", ""http://www.wikidata.org/entity/Q30282398"", ""http://www.wikidata.org/entity/Q40461605"", ""http://www.wikidata.org/entity/Q43113623"", ""http://www.wikidata.org/entity/Q54556283"", ""http://www.wikidata.org/entity/Q61058403"", ""http://www.wikidata.org/entity/Q61058419"", ""http://www.wikidata.org/entity/Q62018102"", ""http://www.wikidata.org/entity/Q86830939"", ""http://www.wikidata.org/entity/Q96755602"", ""http://www.wikidata.org/entity/Q117191197""]}"
269;380;1;;
269;17;1;;"{""type"": ""NodeConstraint"", ""values"": [""http://www.wikidata.org/entity/Q142"", ""http://www.wikidata.org/entity/Q29"", ""http://www.wikidata.org/entity/Q38""]}"
269;131;1;;
269;625;1;;
269;18;1;1;
27;279;1;1;"{""type"": ""NodeConstraint"", ""values"": [""http://www.wikidata.org/entity/Q47616""]}"
270;31;1;;
270;17;1;;
270;131;1;;
270;571;1;;
270;625;1;;
271;17;1;1;"{""type"": ""NodeConstraint"", ""values"": [""http://www.wikidata.org/entity/Q34""]}"
271;571;1;;
271;131;1;1;"{""type"": ""NodeConstraint"", ""values"": [""http://www.wikidata.org/entity/Q507709""]}"
271;625;1;;
271;170;1;;
271;186;1;;
271;1343;1;1;"{""type"": ""NodeConstraint"", ""values"": [""http://www.wikidata.org/entity/Q102343039""]}"
271;6375;1;;
271;580;1;;
271;3749;1;;
271;11693;1;;
271;136;1;1;"{""type"": ""NodeConstraint"", ""values"": [""http://www.wikidata.org/entity/Q557141""]}"
272;136;1;;
272;400;1;;
272;495;1;1;
272;1476;1;1;
272;6949;0;1;
272;856;0;1;
272;404;1;;
272;4151;0;1;
272;1434;0;1;
272;2408;0;1;
272;57;0;1;
272;5940;0;1;
272;2664;0;1;
272;852;0;1;
272;908;0;1;
272;853;0;1;
272;914;0;1;
272;214;0;1;
272;244;0;1;
272;268;0;1;
272;345;0;1;
272;600;0;1;
272;646;0;1;
272;1933;0;1;
272;2163;0;1;
272;2671;0;1;
272;2725;0;1;
272;2816;0;1;
272;2864;0;1;
272;3418;0;1;
272;3861;0;1;
272;4073;0;1;
272;4467;0;1;
272;4685;0;1;
272;4477;0;1;
272;4858;0;1;
272;4962;0;1;
272;4965;0;1;
272;5247;0;1;
272;5385;0;1;
272;5494;0;1;
272;5659;0;1;
272;5732;0;1;
272;5794;0;1;
272;5885;0;1;
272;5944;0;1;
272;5971;0;1;
272;5999;0;1;
272;6267;0;1;
272;6278;0;1;
272;6299;0;1;
272;6337;0;1;
272;6367;0;1;
272;6444;0;1;
272;6554;0;1;
272;6717;0;1;
272;6774;0;1;
272;6783;0;1;
272;6827;0;1;
272;6839;0;1;
272;7294;0;1;
272;7335;0;1;
272;7564;0;1;
272;7591;0;1;
272;7597;0;1;
272;7818;0;1;
272;7875;0;1;
272;7877;0;1;
272;7909;0;1;
272;7913;0;1;
272;7919;0;1;
272;8018;0;1;
272;8023;0;1;
272;8028;0;1;
272;8042;0;1;
272;8076;0;1;
272;8084;0;1;
272;8090;0;1;
272;8304;0;1;
272;8351;0;1;
272;8364;0;1;
272;8420;0;1;
272;8607;0;1;
272;8994;0;1;
272;9075;0;1;
272;9118;0;1;
272;9143;0;1;
272;9697;0;1;
272;9702;0;1;
272;9777;0;1;
272;9806;0;1;
272;9816;0;1;
272;9877;0;1;
272;9968;0;1;
272;10030;0;1;
272;10096;0;1;
272;10100;0;1;
272;10171;0;1;
272;10309;0;1;
272;10348;0;1;
272;10354;0;1;
272;10365;0;1;
272;10371;0;1;
272;10383;0;1;
272;10390;0;1;
272;10393;0;1;
272;10414;0;1;
272;10424;0;1;
272;10437;0;1;
272;10453;0;1;
272;10455;0;1;
272;10501;0;1;
272;10507;0;1;
272;10586;0;1;
272;10802;0;1;
275;8656;1;1;
276;18;1;;
276;17;1;;
276;131;1;;
276;625;1;;
276;6104;1;;"{""type"": ""NodeConstraint"", ""values"": [""http://www.wikidata.org/entity/Q104118700""]}"
277;680;1;;
277;3519;0;;"{""type"": ""NodeConstraint"", ""nodeKind"": ""literal""}"
278;7260;1;;
279;449;1;;
279;495;1;;
279;364;1;;
279;577;1;;
279;2047;1;;
28;31;1;1;"{""type"": ""NodeConstraint"", ""values"": [""http://www.wikidata.org/entity/Q5""]}"
28;21;1;1;
28;106;1;1;"{""type"": ""NodeConstraint"", ""values"": [""http://www.wikidata.org/entity/Q222344""]}"
280;31;1;1;"{""type"": ""NodeConstraint"", ""values"": [""http://www.wikidata.org/entity/Q692630""]}"
280;131;1;;
280;17;1;;
280;625;1;;
280;6104;1;1;"{""type"": ""NodeConstraint"", ""values"": [""http://www.wikidata.org/entity/Q107186275""]}"
281;31;1;1;"{""type"": ""NodeConstraint"", ""values"": [""http://www.wikidata.org/entity/Q5""]}"
281;21;1;1;"{""type"": ""NodeConstraint"", ""values"": [""http://www.wikidata.org/entity/Q6581072""]}"
281;4963;1;;
281;569;1;;
281;570;1;;
281;19;1;;
281;20;1;;
281;106;1;;
281;119;1;;
281;1412;1;;
281;1442;1;;
281;1559;1;;
281;166;1;;
281;18;1;;
281;22;1;;
281;27;1;;
281;4819;1;;
281;5259;1;;
281;535;1;;
281;8899;1;;
281;3342;1;;
282;17;1;;
282;131;1;;
282;625;1;;
282;856;1;;
282;407;1;;
282;571;1;;
282;276;1;;
282;1683;1;;
282;1801;1;;
282;6375;1;;
282;6166;1;;
282;6104;0;;"{""type"": ""NodeConstraint"", ""values"": [""http://www.wikidata.org/entity/Q104372658""]}"
283;17;1;1;"{""type"": ""NodeConstraint"", ""values"": [""http://www.wikidata.org/entity/Q34""]}"
283;131;1;;
283;625;1;;
283;18;1;;
283;1365;1;;
283;1366;1;;
283;5324;1;;
283;571;1;;
283;576;1;;
283;6104;0;;"{""type"": ""NodeConstraint"", ""values"": [""http://www.wikidata.org/entity/Q58899083""]}"
283;778;1;;
284;361;1;1;
284;1545;1;;
284;571;1;;
284;1424;1;;
284;6104;0;;"{""type"": ""NodeConstraint"", ""values"": [""http://www.wikidata.org/entity/Q97576700""]}"
29;31;1;1;"{""type"": ""NodeConstraint"", ""values"": [""http://www.wikidata.org/entity/Q5""]}"
29;21;1;1;
29;106;1;1;"{""type"": ""NodeConstraint"", ""values"": [""http://www.wikidata.org/entity/Q1208175""]}"
290;131;1;;
290;276;1;;
290;155;1;;
290;156;1;;
290;17;1;1;"{""type"": ""NodeConstraint"", ""values"": [""http://www.wikidata.org/entity/Q34""]}"
290;625;1;;
290;575;1;;
290;5816;0;;"{""type"": ""NodeConstraint"", ""values"": [""http://www.wikidata.org/entity/Q62077203""]}"
290;1343;1;;"{""type"": ""NodeConstraint"", ""values"": [""http://www.wikidata.org/entity/Q10567910"", ""http://www.wikidata.org/entity/Q4162197"", ""http://www.wikidata.org/entity/Q61707459"", ""http://www.wikidata.org/entity/Q10500549"", ""http://www.wikidata.org/entity/Q59341385""]}"
290;195;0;;"{""type"": ""NodeConstraint"", ""values"": [""http://www.wikidata.org/entity/Q3182302"", ""http://www.wikidata.org/entity/Q1726607"", ""http://www.wikidata.org/entity/Q4162197"", ""http://www.wikidata.org/entity/Q10727479"", ""http://www.wikidata.org/entity/Q20751277"", ""http://www.wikidata.org/entity/Q725108"", ""http://www.wikidata.org/entity/Q10712301"", ""http://www.wikidata.org/entity/Q10718178"", ""http://www.wikidata.org/entity/Q489175"", ""http://www.wikidata.org/entity/Q1142142"", ""http://www.wikidata.org/entity/Q10542121"", ""http://www.wikidata.org/entity/Q105593085"", ""http://www.wikidata.org/entity/Q1632115"", ""http://www.wikidata.org/entity/Q10667705"", ""http://www.wikidata.org/entity/Q636400"", ""http://www.wikidata.org/entity/Q5095323"", ""http://www.wikidata.org/entity/Q105950647"", ""http://www.wikidata.org/entity/Q61803667"", ""http://www.wikidata.org/entity/Q10572802""]}"
290;1261;1;;
290;282;0;;"{""type"": ""NodeConstraint"", ""values"": [""http://www.wikidata.org/entity/Q1937113"", ""http://www.wikidata.org/entity/Q11981875""]}"
290;361;1;1;"{""type"": ""NodeConstraint"", ""values"": [""http://www.wikidata.org/entity/Q3903602"", ""http://www.wikidata.org/entity/Q1770639"", ""http://www.wikidata.org/entity/Q2022046""]}"
290;136;0;;"{""type"": ""NodeConstraint"", ""values"": [""http://www.wikidata.org/entity/Q3481604""]}"
291;31;1;1;
291;361;1;1;
291;356;1;1;
291;1992;1;1;
292;-1;0;;"{""type"": ""NodeConstraint"", ""datatype"": ""http://www.w3.org/1999/02/22-rdf-syntax-ns#langString""}"
292;31;1;1;
292;1433;1;1;
292;1476;1;1;
292;304;1;1;
292;356;0;1;
292;433;1;1;
292;478;1;1;
292;577;1;1;
293;-1;0;;"{""type"": ""NodeConstraint"", ""datatype"": ""http://www.w3.org/1999/02/22-rdf-syntax-ns#langString""}"
293;31;1;1;
293;225;1;1;
293;1343;1;1;
295;31;1;1;"{""type"": ""NodeConstraint"", ""values"": [""http://www.wikidata.org/entity/Q2151232""]}"
295;17;1;1;"{""type"": ""NodeConstraint"", ""values"": [""http://www.wikidata.org/entity/Q27"", ""http://www.wikidata.org/entity/Q145""]}"
295;625;1;1;
295;7959;1;1;
295;5097;1;1;
295;402;1;1;
296;17;1;;
296;1813;1;;
296;159;1;;
296;154;1;;
296;571;1;;
297;31;1;1;"{""type"": ""NodeConstraint"", ""values"": [""http://www.wikidata.org/entity/Q106179098""]}"
297;279;1;;
297;18;1;;
297;176;1;1;
297;287;1;1;
297;2048;1;1;
297;2049;1;1;
297;2043;1;1;
297;2067;1;1;
30;17;1;1;"{""type"": ""NodeConstraint"", ""values"": [""http://www.wikidata.org/entity/Q408""]}"
30;625;1;;"{""type"": ""NodeConstraint"", ""nodeKind"": ""literal""}"
30;571;1;;"{""type"": ""NodeConstraint"", ""nodeKind"": ""literal""}"
30;2046;1;;"{""type"": ""NodeConstraint"", ""nodeKind"": ""literal""}"
30;814;1;1;"{""type"": ""Shape"", ""expression"": {""type"": ""TripleConstraint"", ""predicate"": ""http://www.wikidata.org/prop/direct/P31"", ""valueExpr"": {""type"": ""NodeConstraint"", ""values"": [""http://www.wikidata.org/entity/Q3679744""]}}}"
30;856;0;;"{""type"": ""NodeConstraint"", ""nodeKind"": ""iri""}"
30;92;0;;"{""type"": ""Shape"", ""expression"": {""type"": ""TripleConstraint"", ""predicate"": ""http://www.wikidata.org/prop/direct/P31"", ""valueExpr"": {""type"": ""NodeConstraint"", ""values"": [""http://www.wikidata.org/entity/Q45736416"", ""http://www.wikidata.org/entity/Q61776889""]}}}"
30;137;1;;"{""type"": ""NodeConstraint"", ""nodeKind"": ""iri""}"
30;373;0;;"{""type"": ""NodeConstraint"", ""nodeKind"": ""literal""}"
30;402;1;;"{""type"": ""NodeConstraint"", ""nodeKind"": ""literal""}"
30;809;0;;"{""type"": ""NodeConstraint"", ""nodeKind"": ""literal""}"
30;6803;1;;"{""type"": ""NodeConstraint"", ""nodeKind"": ""iri""}"
300;31;1;1;"{""type"": ""NodeConstraint"", ""values"": [""http://www.wikidata.org/entity/Q27020041""]}"
300;3450;1;1;
300;641;1;1;
300;585;1;1;
300;1132;0;1;
300;1350;0;1;
300;-1;1;;"{""type"": ""NodeConstraint"", ""values"": [{""type"": ""Language"", ""languageTag"": ""en""}]}"
301;31;1;1;"{""type"": ""NodeConstraint"", ""values"": [""http://www.wikidata.org/entity/Q820655"", ""http://www.wikidata.org/entity/Q6453643""]}"
301;17;1;1;"{""type"": ""NodeConstraint"", ""values"": [""http://www.wikidata.org/entity/Q155""]}"
304;17;1;1;"{""type"": ""NodeConstraint"", ""values"": [""http://www.wikidata.org/entity/Q34""]}"
304;131;1;;
304;625;1;;
304;856;1;;
305;31;1;;"{""type"": ""NodeConstraint"", ""values"": [""http://www.wikidata.org/entity/Q567998"", ""http://www.wikidata.org/entity/Q121358286"", ""http://www.wikidata.org/entity/Q119052049"", ""http://www.wikidata.org/entity/Q12000749""]}"
305;17;1;1;"{""type"": ""NodeConstraint"", ""values"": [""http://www.wikidata.org/entity/Q34""]}"
305;131;1;;
305;625;1;;
305;206;1;;
305;6104;1;1;"{""type"": ""NodeConstraint"", ""values"": [""http://www.wikidata.org/entity/Q106774536""]}"
305;1343;0;1;"{""type"": ""NodeConstraint"", ""values"": [""http://www.wikidata.org/entity/Q632988"", ""http://www.wikidata.org/entity/Q10518645"", ""http://www.wikidata.org/entity/Q130363332"", ""http://www.wikidata.org/entity/Q130363369""]}"
315;31;1;;
317;18;0;1;"{""type"": ""NodeConstraint"", ""values"": [{""type"": ""IriStem"", ""stem"": ""http://commons.wikimedia.org/wiki/Special:FilePath""}]}"
317;625;0;1;"{""type"": ""NodeConstraint"", ""datatype"": ""http://www.opengis.net/ont/geosparql#wktLiteral""}"
317;17;1;1;"{""type"": ""NodeConstraint"", ""values"": [{""type"": ""IriStem"", ""stem"": ""http://www.wikidata.org/entity""}]}"
317;571;0;1;"{""type"": ""NodeConstraint"", ""datatype"": ""http://www.w3.org/2001/XMLSchema#dateTime""}"
317;373;0;1;"{""type"": ""NodeConstraint"", ""datatype"": ""http://www.w3.org/2001/XMLSchema#string""}"
317;443;0;1;"{""type"": ""NodeConstraint"", ""values"": [{""type"": ""IriStem"", ""stem"": ""http://commons.wikimedia.org/wiki/Special:FilePath""}]}"
317;361;0;;"{""type"": ""NodeConstraint"", ""values"": [{""type"": ""IriStem"", ""stem"": ""http://www.wikidata.org/entity""}]}"
317;2789;0;;"{""type"": ""NodeConstraint"", ""values"": [{""type"": ""IriStem"", ""stem"": ""http://www.wikidata.org/entity""}]}"
317;1889;0;;"{""type"": ""NodeConstraint"", ""values"": [{""type"": ""IriStem"", ""stem"": ""http://www.wikidata.org/entity""}]}"
317;177;0;;"{""type"": ""NodeConstraint"", ""values"": [{""type"": ""IriStem"", ""stem"": ""http://www.wikidata.org/entity""}]}"
317;206;0;;"{""type"": ""NodeConstraint"", ""values"": [{""type"": ""IriStem"", ""stem"": ""http://www.wikidata.org/entity""}]}"
317;138;1;1;
317;276;1;1;
318;159;1;1;
318;1344;1;1;
319;31;1;1;"{""type"": ""NodeConstraint"", ""values"": [""http://www.wikidata.org/entity/Q567998""]}"
319;17;1;;
319;131;1;;
319;625;1;;
319;856;1;;
319;206;1;;
319;6104;1;1;"{""type"": ""NodeConstraint"", ""values"": [""http://www.wikidata.org/entity/Q107096245""]}"
32;1448;1;;"{""type"": ""NodeConstraint"", ""nodeKind"": ""literal""}"
32;1705;1;;"{""type"": ""NodeConstraint"", ""nodeKind"": ""literal""}"
32;487;1;1;"{""type"": ""NodeConstraint"", ""nodeKind"": ""literal""}"
32;30;1;1;"{""type"": ""Shape"", ""extra"": [""http://www.wikidata.org/prop/direct/P31""], ""expression"": {""type"": ""TripleConstraint"", ""predicate"": ""http://www.wikidata.org/prop/direct/P31"", ""valueExpr"": {""type"": ""NodeConstraint"", ""values"": [""http://www.wikidata.org/entity/Q5107""]}}}"
32;3896;1;;"{""type"": ""NodeConstraint"", ""nodeKind"": ""iri""}"
32;935;1;1;"{""type"": ""NodeConstraint"", ""nodeKind"": ""literal""}"
32;373;1;1;"{""type"": ""NodeConstraint"", ""nodeKind"": ""literal""}"
32;7867;1;1;"{""type"": ""NodeConstraint"", ""nodeKind"": ""iri""}"
32;910;1;1;"{""type"": ""Shape"", ""expression"": {""type"": ""TripleConstraint"", ""predicate"": ""http://www.wikidata.org/prop/direct/P31"", ""valueExpr"": {""type"": ""NodeConstraint"", ""values"": [""http://www.wikidata.org/entity/Q4167836""]}}}"
32;5125;1;1;"{""type"": ""Shape"", ""extra"": [""http://www.wikidata.org/prop/direct/P31""], ""expression"": {""type"": ""TripleConstraint"", ""predicate"": ""http://www.wikidata.org/prop/direct/P31"", ""valueExpr"": {""type"": ""NodeConstraint"", ""values"": [""http://www.wikidata.org/entity/Q26884324""]}}}"
32;1151;1;1;"{""type"": ""Shape"", ""expression"": {""type"": ""TripleConstraint"", ""predicate"": ""http://www.wikidata.org/prop/direct/P31"", ""valueExpr"": {""type"": ""NodeConstraint"", ""values"": [""http://www.wikidata.org/entity/Q4663903""]}}}"
32;1792;1;1;"{""type"": ""Shape"", ""expression"": {""type"": ""TripleConstraint"", ""predicate"": ""http://www.wikidata.org/prop/direct/P31"", ""valueExpr"": {""type"": ""NodeConstraint"", ""values"": [""http://www.wikidata.org/entity/Q4167836""]}}}"
32;1464;1;1;"{""type"": ""Shape"", ""expression"": {""type"": ""TripleConstraint"", ""predicate"": ""http://www.wikidata.org/prop/direct/P31"", ""valueExpr"": {""type"": ""NodeConstraint"", ""values"": [""http://www.wikidata.org/entity/Q4167836""]}}}"
32;1465;1;1;"{""type"": ""Shape"", ""expression"": {""type"": ""TripleConstraint"", ""predicate"": ""http://www.wikidata.org/prop/direct/P31"", ""valueExpr"": {""type"": ""NodeConstraint"", ""values"": [""http://www.wikidata.org/entity/Q4167836""]}}}"
32;1791;1;1;"{""type"": ""Shape"", ""expression"": {""type"": ""TripleConstraint"", ""predicate"": ""http://www.wikidata.org/prop/direct/P31"", ""valueExpr"": {""type"": ""NodeConstraint"", ""values"": [""http://www.wikidata.org/entity/Q4167836""]}}}"
32;1740;1;1;"{""type"": ""Shape"", ""expression"": {""type"": ""TripleConstraint"", ""predicate"": ""http://www.wikidata.org/prop/direct/P31"", ""valueExpr"": {""type"": ""NodeConstraint"", ""values"": [""http://www.wikidata.org/entity/Q4167836""]}}}"
32;2633;1;1;"{""type"": ""Shape"", ""expression"": {""type"": ""TripleConstraint"", ""predicate"": ""http://www.wikidata.org/prop/direct/P31"", ""valueExpr"": {""type"": ""NodeConstraint"", ""values"": [""http://www.wikidata.org/entity/Q46865913""]}}}"
32;2184;1;1;"{""type"": ""Shape"", ""expression"": {""type"": ""TripleConstraint"", ""predicate"": ""http://www.wikidata.org/prop/direct/P31"", ""valueExpr"": {""type"": ""NodeConstraint"", ""values"": [""http://www.wikidata.org/entity/Q17544377""]}}}"
32;948;1;1;"{""type"": ""NodeConstraint"", ""nodeKind"": ""iri""}"
32;85;1;;"{""type"": ""Shape"", ""extra"": [""http://www.wikidata.org/prop/direct/P31""], ""expression"": {""type"": ""TripleConstraint"", ""predicate"": ""http://www.wikidata.org/prop/direct/P31"", ""valueExpr"": {""type"": ""NodeConstraint"", ""values"": [""http://www.wikidata.org/entity/Q23691""]}}}"
32;163;1;;"{""type"": ""Shape"", ""extra"": [""http://www.wikidata.org/prop/direct/P31""], ""expression"": {""type"": ""TripleConstraint"", ""predicate"": ""http://www.wikidata.org/prop/direct/P31"", ""valueExpr"": {""type"": ""NodeConstraint"", ""values"": [""http://www.wikidata.org/entity/Q186516""]}}}"
32;237;1;;"{""type"": ""Shape"", ""extra"": [""http://www.wikidata.org/prop/direct/P31""], ""expression"": {""type"": ""TripleConstraint"", ""predicate"": ""http://www.wikidata.org/prop/direct/P31"", ""valueExpr"": {""type"": ""NodeConstraint"", ""values"": [""http://www.wikidata.org/entity/Q645466""]}}}"
32;36;1;;"{""type"": ""Shape"", ""extra"": [""http://www.wikidata.org/prop/direct/P31""], ""expression"": {""type"": ""TripleConstraint"", ""predicate"": ""http://www.wikidata.org/prop/direct/P31"", ""valueExpr"": {""type"": ""NodeConstraint"", ""values"": [""http://www.wikidata.org/entity/Q5119""]}}}"
32;122;1;;"{""type"": ""Shape"", ""extra"": [""http://www.wikidata.org/prop/direct/P31""], ""expression"": {""type"": ""TripleConstraint"", ""predicate"": ""http://www.wikidata.org/prop/direct/P31"", ""valueExpr"": {""type"": ""NodeConstraint"", ""values"": [""http://www.wikidata.org/entity/Q1307214""]}}}"
32;209;1;;"{""type"": ""Shape"", ""extra"": [""http://www.wikidata.org/prop/direct/P31""], ""expression"": {""type"": ""TripleConstraint"", ""predicate"": ""http://www.wikidata.org/prop/direct/P209"", ""valueExpr"": {""type"": ""NodeConstraint"", ""values"": [""http://www.wikidata.org/entity/Q41487""]}}}"
321;31;1;1;
321;225;1;1;
321;105;1;1;
321;171;1;1;
321;1420;0;1;
321;566;0;1;
321;5304;0;1;
321;138;0;1;
321;5326;0;1;
321;2974;0;1;
321;373;0;1;
321;5588;0;1;
321;1343;0;1;
323;279;1;;
323;2888;1;;
323;699;1;1;
325;3712;1;1;
325;138;1;1;
326;31;3;3;"{""type"": ""NodeConstraint"", ""values"": [""http://www.wikidata.org/entity/Q98270496"", ""http://www.wikidata.org/entity/Q96678469"", ""http://www.wikidata.org/entity/Q1298668""]}"
326;279;1;1;"{""type"": ""NodeConstraint"", ""values"": [""http://www.wikidata.org/entity/Q43229""]}"
326;361;1;1;"{""type"": ""NodeConstraint"", ""values"": [""http://www.wikidata.org/entity/Q61658497""]}"
326;571;1;1;"{""type"": ""NodeConstraint"", ""datatype"": ""http://www.w3.org/2001/XMLSchema#dateTime""}"
326;101;1;;"{""type"": ""NodeConstraint"", ""nodeKind"": ""iri""}"
326;488;1;1;"{""type"": ""NodeConstraint"", ""nodeKind"": ""iri""}"
326;1875;1;;"{""type"": ""NodeConstraint"", ""nodeKind"": ""iri""}"
326;749;1;1;"{""type"": ""NodeConstraint"", ""values"": [""http://www.wikidata.org/entity/Q61658497""]}"
326;2652;1;;"{""type"": ""NodeConstraint"", ""nodeKind"": ""iri""}"
326;1416;1;;"{""type"": ""NodeConstraint"", ""nodeKind"": ""iri""}"
326;859;1;1;"{""type"": ""NodeConstraint"", ""values"": [""http://www.wikidata.org/entity/Q707283""]}"
326;710;1;;"{""type"": ""NodeConstraint"", ""nodeKind"": ""iri""}"
326;968;1;;
326;856;1;;
328;2888;1;;
328;686;1;1;
33;31;1;1;"{""type"": ""NodeConstraint"", ""values"": [""http://www.wikidata.org/entity/Q179959""]}"
33;18;1;;"{""type"": ""NodeConstraint"", ""nodeKind"": ""iri""}"
33;21;1;1;"{""type"": ""NodeConstraint"", ""values"": [""http://www.wikidata.org/entity/Q43445"", ""http://www.wikidata.org/entity/Q44148""]}"
33;746;0;1;
33;570;0;1;
33;22;0;1;
33;25;0;1;
33;19;0;1;"{""type"": ""NodeConstraint"", ""nodeKind"": ""iri""}"
33;2974;0;1;"{""type"": ""NodeConstraint"", ""nodeKind"": ""iri""}"
330;31;1;;
330;101;1;;
330;571;1;;
330;17;0;1;
330;9798;0;1;
330;9732;0;1;
330;1454;0;1;
330;1278;0;1;
330;2388;0;1;
330;9214;0;1;
330;3761;0;1;
330;488;0;1;
330;1313;0;1;
330;1320;0;1;
330;355;0;1;
332;18;0;1;"{""type"": ""Shape"", ""expression"": {""type"": ""TripleConstraint"", ""predicate"": ""http://www.wikidata.org/prop/statement/P18"", ""valueExpr"": {""type"": ""NodeConstraint"", ""values"": [{""type"": ""IriStem"", ""stem"": ""http://commons.wikimedia.org/wiki/Special:FilePath""}]}}}"
332;373;0;1;"{""type"": ""Shape"", ""expression"": {""type"": ""TripleConstraint"", ""predicate"": ""http://www.wikidata.org/prop/statement/P373"", ""valueExpr"": {""type"": ""NodeConstraint"", ""datatype"": ""http://www.w3.org/2001/XMLSchema#string""}}}"
332;4466;0;1;"{""type"": ""Shape"", ""expression"": {""type"": ""EachOf"", ""expressions"": [{""type"": ""TripleConstraint"", ""predicate"": ""http://www.wikidata.org/prop/statement/value-normalized/P4466"", ""valueExpr"": {""type"": ""NodeConstraint"", ""values"": [{""type"": ""IriStem"", ""stem"": ""http://astrothesaurus.org/uat""}]}}, {""type"": ""TripleConstraint"", ""predicate"": ""http://www.wikidata.org/prop/statement/P4466"", ""valueExpr"": {""type"": ""NodeConstraint"", ""datatype"": ""http://www.w3.org/2001/XMLSchema#string""}}]}}"
332;2910;0;1;"{""type"": ""Shape"", ""expression"": {""type"": ""TripleConstraint"", ""predicate"": ""http://www.wikidata.org/prop/statement/P2910"", ""valueExpr"": {""type"": ""NodeConstraint"", ""values"": [{""type"": ""IriStem"", ""stem"": ""http://commons.wikimedia.org/wiki/Special:FilePath""}]}}}"
332;935;0;1;"{""type"": ""Shape"", ""expression"": {""type"": ""TripleConstraint"", ""predicate"": ""http://www.wikidata.org/prop/statement/P935"", ""valueExpr"": {""type"": ""NodeConstraint"", ""datatype"": ""http://www.w3.org/2001/XMLSchema#string""}}}"
334;31;1;;"{""type"": ""NodeConstraint"", ""nodeKind"": ""iri""}"
336;101;1;;
339;2044;1;1;"{""type"": ""NodeConstraint"", ""datatype"": ""http://www.w3.org/2001/XMLSchema#decimal""}"
339;2660;1;1;"{""type"": ""NodeConstraint"", ""datatype"": ""http://www.w3.org/2001/XMLSchema#decimal""}"
339;2659;1;1;
339;3137;1;1;
339;7479;1;1;
339;30;1;1;
339;625;1;1;"{""type"": ""NodeConstraint"", ""datatype"": ""http://www.opengis.net/ont/geosparql#wktLiteral""}"
339;3109;0;1;
339;3513;0;1;
339;9568;0;1;
339;3309;0;1;
34;31;0;;"{""type"": ""NodeConstraint"", ""nodeKind"": ""iri""}"
34;1343;0;;"{""type"": ""NodeConstraint"", ""nodeKind"": ""iri""}"
34;5187;1;1;"{""type"": ""NodeConstraint"", ""values"": [{""type"": ""Language"", ""languageTag"": ""da""}]}"
34;5185;1;1;"{""type"": ""NodeConstraint"", ""values"": [""http://www.wikidata.org/entity/Q1305037"", ""http://www.wikidata.org/entity/Q1775461""]}"
34;5831;1;;"{""type"": ""NodeConstraint"", ""values"": [{""type"": ""Language"", ""languageTag"": ""da""}]}"
34;5238;0;4;"{""type"": ""NodeConstraint"", ""nodeKind"": ""iri""}"
34;6140;1;1;"{""type"": ""Shape"", ""extra"": [""http://www.w3.org/1999/02/22-rdf-syntax-ns#type""], ""expression"": {""type"": ""OneOf"", ""expressions"": [{""type"": ""TripleConstraint"", ""predicate"": ""http://www.w3.org/1999/02/22-rdf-syntax-ns#type"", ""valueExpr"": {""type"": ""NodeConstraint"", ""values"": [""http://www.wikidata.org/prop/novalue/P6140""]}}, {""type"": ""TripleConstraint"", ""predicate"": ""http://www.wikidata.org/prop/statement/P6140"", ""valueExpr"": {""type"": ""NodeConstraint"", ""pattern"": ""^[0-9]{8}$""}, ""annotations"": [{""type"": ""Annotation"", ""predicate"": ""http://www.w3.org/2000/01/rdf-schema#label"", ""object"": {""value"": ""DanNet identifier""}}, {""type"": ""Annotation"", ""predicate"": ""http://www.w3.org/2000/01/rdf-schema#comment"", ""object"": {""value"": ""DanNet identifier should either be novalue or a 8 digit string""}}]}]}}"
34;10831;1;1;"{""type"": ""Shape"", ""extra"": [""http://www.w3.org/1999/02/22-rdf-syntax-ns#type""], ""expression"": {""type"": ""OneOf"", ""expressions"": [{""type"": ""TripleConstraint"", ""predicate"": ""http://www.w3.org/1999/02/22-rdf-syntax-ns#type"", ""valueExpr"": {""type"": ""NodeConstraint"", ""values"": [""http://www.wikidata.org/prop/novalue/P10831""]}}, {""type"": ""TripleConstraint"", ""predicate"": ""http://www.wikidata.org/prop/statement/P10831"", ""valueExpr"": {""type"": ""NodeConstraint"", ""pattern"": ""^COR\\.[0-9]{5}$""}, ""annotations"": [{""type"": ""Annotation"", ""predicate"": ""http://www.w3.org/2000/01/rdf-schema#label"", ""object"": {""value"": ""COR lemma identifier""}}, {""type"": ""Annotation"", ""predicate"": ""http://www.w3.org/2000/01/rdf-schema#comment"", ""object"": {""value"": ""COR lemma identifier should either be novalue or of appropriate format""}}]}]}}"
34;12828;0;1;"{""type"": ""NodeConstraint"", ""datatype"": ""http://www.w3.org/2001/XMLSchema#string""}"
34;9529;0;1;"{""type"": ""NodeConstraint"", ""datatype"": ""http://www.w3.org/2001/XMLSchema#string""}"
341;31;1;1;"{""type"": ""NodeConstraint"", ""datatype"": ""http://www.wikidata.org/entity/Q5""}"
342;17;1;1;"{""type"": ""NodeConstraint"", ""values"": [""http://www.wikidata.org/entity/Q30""]}"
342;5008;1;1;"{""type"": ""NodeConstraint"", ""values"": [""http://www.wikidata.org/entity/Q98970039""]}"
342;18;0;;"{""type"": ""NodeConstraint"", ""values"": [{""type"": ""IriStem"", ""stem"": ""http://commons.wikimedia.org""}]}"
342;281;0;1;"{""type"": ""NodeConstraint"", ""pattern"": ""[0-9]{5}|[0-9]{9}|[0-9]{5}-[0-9]{4}""}"
342;590;0;1;"{""type"": ""NodeConstraint"", ""pattern"": ""[0-9]{1,20}""}"
342;1101;0;1;"{""type"": ""NodeConstraint"", ""pattern"": ""[1-100]""}"
342;1139;0;1;"{""type"": ""NodeConstraint"", ""pattern"": ""[1-100]""}"
342;1566;0;1;"{""type"": ""NodeConstraint"", ""pattern"": ""[0-9]{1,20}""}"
342;6486;0;1;"{""type"": ""NodeConstraint"", ""pattern"": ""[0-9]{1,10}""}"
342;8733;0;1;"{""type"": ""NodeConstraint"", ""pattern"": ""[1-1000]""}"
342;88;0;;"{""type"": ""NodeConstraint"", ""nodeKind"": ""iri""}"
342;127;1;;"{""type"": ""NodeConstraint"", ""nodeKind"": ""iri""}"
342;131;0;1;"{""type"": ""NodeConstraint"", ""nodeKind"": ""iri""}"
342;276;1;;"{""type"": ""NodeConstraint"", ""nodeKind"": ""iri""}"
342;361;0;;"{""type"": ""NodeConstraint"", ""nodeKind"": ""iri""}"
342;373;0;;"{""type"": ""NodeConstraint"", ""nodeKind"": ""literal""}"
342;454;0;1;
342;646;0;1;
342;1435;0;;"{""type"": ""NodeConstraint"", ""nodeKind"": ""iri""}"
342;2270;0;1;
342;7859;0;1;"{""type"": ""NodeConstraint"", ""nodeKind"": ""literal""}"
342;9601;0;;"{""type"": ""NodeConstraint"", ""nodeKind"": ""iri""}"
342;31;1;1;"{""type"": ""ShapeNot"", ""shapeExpr"": ""buildingInstanceOf""}"
342;214;0;1;
342;244;1;1;
342;455;0;1;
342;625;1;1;
342;2130;0;1;
342;2163;0;1;
342;5383;0;1;
343;5008;1;1;"{""type"": ""NodeConstraint"", ""values"": [""http://www.wikidata.org/entity/Q98970039""]}"
343;1476;1;;"{""type"": ""NodeConstraint"", ""nodeKind"": ""literal""}"
343;1680;1;;"{""type"": ""NodeConstraint"", ""nodeKind"": ""literal""}"
343;953;0;;"{""type"": ""NodeConstraint"", ""nodeKind"": ""iri""}"
343;921;0;;"{""type"": ""NodeConstraint"", ""nodeKind"": ""iri""}"
343;1104;1;;"{""type"": ""NodeConstraint"", ""datatype"": ""http://www.w3.org/2001/XMLSchema#integer""}"
343;1184;0;1;
343;243;0;1;
343;31;1;;"{""type"": ""NodeConstraint"", ""datatype"": ""etdInstanceOf""}"
343;50;1;;
343;9161;1;;
343;571;1;;
343;407;1;1;
343;4101;1;;
347;463;0;1;
347;136;1;;"{""type"": ""NodeConstraint"", ""values"": [""http://www.wikidata.org/entity/Q131578""]}"
347;2003;0;1;
347;2002;0;1;
347;21;1;;"{""type"": ""NodeConstraint"", ""values"": [""http://www.wikidata.org/entity/Q6581072"", ""http://www.wikidata.org/entity/Q6581097""]}"
347;19;0;1;
347;569;0;1;
347;2048;0;1;
347;373;0;1;
347;18;0;1;
347;106;1;;"{""type"": ""NodeConstraint"", ""values"": [""http://www.wikidata.org/entity/Q177220""]}"
347;27;1;;
347;1853;0;1;"{""type"": ""NodeConstraint"", ""values"": [""http://www.wikidata.org/entity/Q19831453"", ""http://www.wikidata.org/entity/Q19831454"", ""http://www.wikidata.org/entity/Q19831455"", ""http://www.wikidata.org/entity/Q19831451""]}"
347;1303;1;1;"{""type"": ""NodeConstraint"", ""values"": [""http://www.wikidata.org/entity/Q17172850""]}"
347;973;0;1;
347;-1;1;;"{""type"": ""NodeConstraint"", ""datatype"": ""http://www.w3.org/1999/02/22-rdf-syntax-ns#langString""}"
348;585;0;1;
348;625;0;1;
348;1339;0;1;"{""type"": ""NodeConstraint"", ""datatype"": ""http://www.w3.org/2001/XMLSchema#decimal""}"
348;1120;0;;"{""type"": ""NodeConstraint"", ""datatype"": ""http://www.w3.org/2001/XMLSchema#decimal""}"
349;31;1;1;"{""type"": ""NodeConstraint"", ""values"": [""http://www.wikidata.org/entity/Q5""]}"
349;5008;1;1;"{""type"": ""NodeConstraint"", ""values"": [""http://www.wikidata.org/entity/Q98970039""]}"
349;21;1;;"{""type"": ""NodeConstraint"", ""values"": [""http://www.wikidata.org/entity/Q6581097"", ""http://www.wikidata.org/entity/Q6581072"", ""http://www.wikidata.org/entity/Q1097630"", ""http://www.wikidata.org/entity/Q1052281"", ""http://www.wikidata.org/entity/Q2449503"", ""http://www.wikidata.org/entity/Q48270"", ""http://www.wikidata.org/entity/Q505371""]}"
349;106;1;;"{""type"": ""NodeConstraint"", ""nodeKind"": ""literal""}"
349;101;1;;"{""type"": ""NodeConstraint"", ""nodeKind"": ""iri""}"
349;463;1;;"{""type"": ""NodeConstraint"", ""nodeKind"": ""iri""}"
349;735;1;;"{""type"": ""NodeConstraint"", ""nodeKind"": ""iri""}"
349;734;1;;"{""type"": ""NodeConstraint"", ""nodeKind"": ""iri""}"
349;1559;0;;"{""type"": ""NodeConstraint"", ""nodeKind"": ""literal""}"
349;1477;0;;"{""type"": ""NodeConstraint"", ""nodeKind"": ""literal""}"
349;2562;0;;"{""type"": ""NodeConstraint"", ""nodeKind"": ""literal""}"
349;742;0;;"{""type"": ""NodeConstraint"", ""nodeKind"": ""literal""}"
349;1449;0;;"{""type"": ""NodeConstraint"", ""nodeKind"": ""literal""}"
349;803;0;;"{""type"": ""NodeConstraint"", ""nodeKind"": ""iri""}"
349;737;1;;"{""type"": ""NodeConstraint"", ""nodeKind"": ""iri""}"
349;800;1;;"{""type"": ""NodeConstraint"", ""nodeKind"": ""iri""}"
349;1411;0;;"{""type"": ""NodeConstraint"", ""nodeKind"": ""iri""}"
349;1412;0;1;"{""type"": ""NodeConstraint"", ""nodeKind"": ""iri""}"
349;172;0;1;"{""type"": ""NodeConstraint"", ""nodeKind"": ""iri""}"
349;91;0;1;"{""type"": ""NodeConstraint"", ""nodeKind"": ""iri""}"
349;27;0;1;"{""type"": ""NodeConstraint"", ""nodeKind"": ""iri""}"
349;6553;0;1;"{""type"": ""NodeConstraint"", ""nodeKind"": ""iri""}"
349;213;0;1;
349;496;0;1;
349;2163;0;1;
349;245;0;1;
349;5745;0;1;
349;5508;0;1;
349;2381;0;1;
349;2037;0;1;
349;1960;0;1;
349;4012;0;1;
349;1153;0;1;
349;2798;0;1;"{""type"": ""NodeConstraint"", ""nodeKind"": ""literal""}"
349;2013;0;1;"{""type"": ""NodeConstraint"", ""nodeKind"": ""literal""}"
349;2003;0;1;"{""type"": ""NodeConstraint"", ""nodeKind"": ""literal""}"
349;6634;0;1;"{""type"": ""NodeConstraint"", ""nodeKind"": ""literal""}"
349;6023;0;1;
349;2038;0;1;
349;3040;0;1;"{""type"": ""NodeConstraint"", ""nodeKind"": ""literal""}"
349;4015;0;1;"{""type"": ""NodeConstraint"", ""nodeKind"": ""literal""}"
349;2397;0;1;
349;434;0;1;
349;1953;0;1;
349;8688;0;1;
349;1026;0;;"{""type"": ""NodeConstraint"", ""nodeKind"": ""iri""}"
349;166;0;;"{""type"": ""ShapeAnd"", ""shapeExprs"": [{""type"": ""NodeConstraint"", ""nodeKind"": ""iri""}, ""awardReceived""]}"
349;244;0;1;
349;108;1;;
349;8413;1;;
349;69;1;;
349;2048;1;;
349;1416;0;1;
349;185;1;;
349;184;1;;
349;2002;0;1;
349;569;0;1;
349;570;0;1;
35;31;1;1;"{""type"": ""NodeConstraint"", ""values"": [""http://www.wikidata.org/entity/Q47461344""]}"
35;50;1;;
35;179;0;;"{""type"": ""NodeConstraint"", ""nodeKind"": ""iri""}"
35;136;0;;"{""type"": ""NodeConstraint"", ""nodeKind"": ""iri""}"
35;144;0;;"{""type"": ""NodeConstraint"", ""nodeKind"": ""iri""}"
35;921;0;;"{""type"": ""NodeConstraint"", ""nodeKind"": ""iri""}"
35;941;0;;"{""type"": ""NodeConstraint"", ""nodeKind"": ""iri""}"
350;-1;1;1;"{""type"": ""NodeConstraint"", ""datatype"": ""http://www.w3.org/1999/02/22-rdf-syntax-ns#langString""}"
350;361;1;1;
350;571;1;1;"{""type"": ""NodeConstraint"", ""datatype"": ""http://www.w3.org/2001/XMLSchema#dateTime""}"
350;275;1;1;"{""type"": ""NodeConstraint"", ""datatype"": ""http://www.wikidata.org/entity/Q20007257""}"
350;2410;0;1;"{""type"": ""NodeConstraint"", ""datatype"": ""http://www.w3.org/2001/XMLSchema#string""}"
350;180;1;1;"{""type"": ""ShapeOr"", ""shapeExprs"": [""https://www.wikidata.org/wiki/Special:EntitySchemaText/E41#wikidata-wp-pathway"", ""https://www.wikidata.org/wiki/Special:EntitySchemaText/E39#wikidata-reactome-pathway""]}"
351;3781;1;;
351;3345;0;1;
351;7048;0;1;
351;3637;0;1;
352;170;0;1;
352;348;1;;
36;31;1;1;"{""type"": ""NodeConstraint"", ""datatype"": ""http://www.wikidata.org/entity/Q3331189""}"
36;629;1;1;
36;123;1;1;"{""type"": ""NodeConstraint"", ""nodeKind"": ""iri""}"
36;2679;1;;
36;2680;1;;
36;212;1;1;"{""type"": ""NodeConstraint"", ""nodeKind"": ""literal""}"
36;957;1;1;"{""type"": ""NodeConstraint"", ""nodeKind"": ""literal""}"
36;407;1;;
36;577;1;1;"{""type"": ""NodeConstraint"", ""datatype"": ""http://www.w3.org/2001/XMLSchema#datetime""}"
36;655;1;;
36;1476;1;1;"{""type"": ""NodeConstraint"", ""nodeKind"": ""literal""}"
36;1680;1;1;"{""type"": ""NodeConstraint"", ""nodeKind"": ""literal""}"
36;1104;0;;"{""type"": ""NodeConstraint"", ""datatype"": ""http://www.w3.org/2001/XMLSchema#integer""}"
36;2635;0;;"{""type"": ""NodeConstraint"", ""datatype"": ""http://www.w3.org/2001/XMLSchema#integer""}"
366;18;0;1;"{""type"": ""ShapeAnd"", ""shapeExprs"": [{""type"": ""Shape"", ""expression"": {""type"": ""TripleConstraint"", ""predicate"": ""http://www.wikidata.org/prop/statement/P18"", ""valueExpr"": {""type"": ""NodeConstraint"", ""values"": [{""type"": ""IriStem"", ""stem"": ""http://commons.wikimedia.org/wiki/Special:FilePath""}]}}}, {""type"": ""Shape"", ""expression"": {""type"": ""TripleConstraint"", ""predicate"": ""http://www.wikidata.org/prop/statement/P18"", ""valueExpr"": {""type"": ""NodeConstraint"", ""values"": [{""type"": ""IriStem"", ""stem"": ""http://commons.wikimedia.org/wiki/Special:FilePath""}]}}}]}"
366;189;0;1;"{""type"": ""Shape"", ""expression"": {""type"": ""TripleConstraint"", ""predicate"": ""http://www.wikidata.org/prop/statement/P189""}}"
366;575;0;1;"{""type"": ""Shape"", ""expression"": {""type"": ""TripleConstraint"", ""predicate"": ""http://www.wikidata.org/prop/statement/P575""}}"
366;195;0;1;"{""type"": ""Shape"", ""expression"": {""type"": ""TripleConstraint"", ""predicate"": ""http://www.wikidata.org/prop/statement/P195"", ""valueExpr"": {""type"": ""NodeConstraint"", ""values"": [{""type"": ""IriStem"", ""stem"": ""http://www.wikidata.org/entity""}]}}}"
366;571;0;1;"{""type"": ""Shape"", ""expression"": {""type"": ""TripleConstraint"", ""predicate"": ""http://www.wikidata.org/prop/statement/P571"", ""valueExpr"": {""type"": ""NodeConstraint"", ""datatype"": ""http://www.w3.org/2001/XMLSchema#dateTime""}}}"
366;186;0;1;"{""type"": ""Shape"", ""expression"": {""type"": ""TripleConstraint"", ""predicate"": ""http://www.wikidata.org/prop/statement/P186"", ""valueExpr"": {""type"": ""NodeConstraint"", ""values"": [{""type"": ""IriStem"", ""stem"": ""http://www.wikidata.org/entity""}]}}}"
366;527;0;1;"{""type"": ""Shape"", ""expression"": {""type"": ""TripleConstraint"", ""predicate"": ""http://www.wikidata.org/prop/statement/P527"", ""valueExpr"": {""type"": ""NodeConstraint"", ""values"": [{""type"": ""IriStem"", ""stem"": ""http://www.wikidata.org/entity""}]}}}"
367;348;0;1;"{""type"": ""NodeConstraint"", ""datatype"": ""http://www.w3.org/2001/XMLSchema#string""}"
367;356;0;1;"{""type"": ""NodeConstraint"", ""datatype"": ""http://www.w3.org/2001/XMLSchema#string""}"
367;571;0;1;"{""type"": ""NodeConstraint"", ""datatype"": ""http://www.w3.org/2001/XMLSchema#dateTime""}"
367;1343;0;1;
367;1476;0;1;"{""type"": ""NodeConstraint"", ""datatype"": ""http://www.w3.org/1999/02/22-rdf-syntax-ns#langString""}"
369;31;1;1;"{""type"": ""ShapeAnd"", ""shapeExprs"": [{""type"": ""Shape""}, {""type"": ""Shape"", ""expression"": {""type"": ""TripleConstraint"", ""predicate"": ""http://www.wikidata.org/prop/statement/P31"", ""valueExpr"": ""#SubClassOfGlacier""}}]}"
369;625;1;;"{""type"": ""Shape"", ""expression"": {""type"": ""EachOf"", ""expressions"": [{""type"": ""TripleConstraint"", ""predicate"": ""http://www.wikidata.org/prop/statement/value/P625"", ""valueExpr"": {""type"": ""NodeConstraint"", ""nodeKind"": ""iri""}, ""min"": 0, ""max"": -1}, {""type"": ""TripleConstraint"", ""predicate"": ""http://www.wikidata.org/prop/statement/P625"", ""valueExpr"": {""type"": ""NodeConstraint"", ""datatype"": ""http://www.opengis.net/ont/geosparql#wktLiteral""}, ""min"": 0, ""max"": -1}]}}"
369;17;0;;"{""type"": ""Shape"", ""expression"": {""type"": ""TripleConstraint"", ""predicate"": ""http://www.wikidata.org/prop/statement/P17"", ""valueExpr"": {""type"": ""NodeConstraint"", ""nodeKind"": ""iri""}, ""min"": 0, ""max"": -1}}"
369;131;0;;"{""type"": ""Shape"", ""expression"": {""type"": ""TripleConstraint"", ""predicate"": ""http://www.wikidata.org/prop/statement/P131"", ""valueExpr"": {""type"": ""NodeConstraint"", ""nodeKind"": ""iri""}, ""min"": 0, ""max"": -1}}"
369;2044;1;;"{""type"": ""Shape"", ""expression"": {""type"": ""EachOf"", ""expressions"": [{""type"": ""TripleConstraint"", ""predicate"": ""http://www.wikidata.org/prop/statement/value-normalized/P2044"", ""valueExpr"": {""type"": ""NodeConstraint"", ""nodeKind"": ""iri""}, ""min"": 0, ""max"": -1}, {""type"": ""TripleConstraint"", ""predicate"": ""http://www.wikidata.org/prop/statement/value/P2044"", ""valueExpr"": {""type"": ""NodeConstraint"", ""nodeKind"": ""iri""}, ""min"": 0, ""max"": -1}, {""type"": ""TripleConstraint"", ""predicate"": ""http://www.wikidata.org/prop/statement/P2044"", ""valueExpr"": {""type"": ""NodeConstraint"", ""datatype"": ""http://www.w3.org/2001/XMLSchema#decimal""}, ""min"": 0, ""max"": -1}]}}"
369;373;0;1;"{""type"": ""Shape"", ""expression"": {""type"": ""TripleConstraint"", ""predicate"": ""http://www.wikidata.org/prop/statement/P373"", ""valueExpr"": {""type"": ""NodeConstraint"", ""datatype"": ""http://www.w3.org/2001/XMLSchema#string""}, ""min"": 0, ""max"": -1}}"
369;18;0;1;"{""type"": ""Shape"", ""expression"": {""type"": ""TripleConstraint"", ""predicate"": ""http://www.wikidata.org/prop/statement/P18"", ""valueExpr"": {""type"": ""NodeConstraint"", ""nodeKind"": ""iri""}, ""min"": 0, ""max"": -1}}"
369;30;0;1;"{""type"": ""Shape"", ""expression"": {""type"": ""TripleConstraint"", ""predicate"": ""http://www.wikidata.org/prop/statement/P30"", ""valueExpr"": {""type"": ""NodeConstraint"", ""nodeKind"": ""iri""}, ""min"": 0, ""max"": -1}}"
369;2660;0;;"{""type"": ""Shape"", ""expression"": {""type"": ""EachOf"", ""expressions"": [{""type"": ""TripleConstraint"", ""predicate"": ""http://www.wikidata.org/prop/statement/value/P2660"", ""valueExpr"": {""type"": ""NodeConstraint"", ""nodeKind"": ""iri""}, ""min"": 0, ""max"": -1}, {""type"": ""TripleConstraint"", ""predicate"": ""http://www.wikidata.org/prop/statement/value-normalized/P2660"", ""valueExpr"": {""type"": ""NodeConstraint"", ""nodeKind"": ""iri""}, ""min"": 0, ""max"": -1}, {""type"": ""TripleConstraint"", ""predicate"": ""http://www.wikidata.org/prop/statement/P2660"", ""valueExpr"": {""type"": ""NodeConstraint"", ""datatype"": ""http://www.w3.org/2001/XMLSchema#decimal""}, ""min"": 0, ""max"": -1}]}}"
369;4552;0;1;"{""type"": ""Shape"", ""expression"": {""type"": ""TripleConstraint"", ""predicate"": ""http://www.wikidata.org/prop/statement/P4552"", ""valueExpr"": {""type"": ""NodeConstraint"", ""nodeKind"": ""iri""}, ""min"": 0, ""max"": -1}}"
369;706;0;1;"{""type"": ""Shape"", ""expression"": {""type"": ""TripleConstraint"", ""predicate"": ""http://www.wikidata.org/prop/statement/P706"", ""valueExpr"": {""type"": ""NodeConstraint"", ""nodeKind"": ""iri""}, ""min"": 0, ""max"": -1}}"
369;138;0;1;"{""type"": ""Shape"", ""expression"": {""type"": ""TripleConstraint"", ""predicate"": ""http://www.wikidata.org/prop/statement/P138"", ""valueExpr"": {""type"": ""NodeConstraint"", ""nodeKind"": ""iri""}, ""min"": 0, ""max"": -1}}"
369;1566;0;1;"{""type"": ""Shape"", ""expression"": {""type"": ""EachOf"", ""expressions"": [{""type"": ""TripleConstraint"", ""predicate"": ""http://www.wikidata.org/prop/statement/value-normalized/P1566"", ""valueExpr"": {""type"": ""NodeConstraint"", ""nodeKind"": ""iri""}, ""min"": 0, ""max"": -1}, {""type"": ""TripleConstraint"", ""predicate"": ""http://www.wikidata.org/prop/statement/P1566"", ""valueExpr"": {""type"": ""NodeConstraint"", ""datatype"": ""http://www.w3.org/2001/XMLSchema#string""}, ""min"": 0, ""max"": -1}]}}"
371;31;1;1;"{""type"": ""NodeConstraint"", ""values"": [""http://www.wikidata.org/entity/Q5""]}"
371;19;1;1;
371;569;0;1;"{""type"": ""NodeConstraint"", ""datatype"": ""http://www.w3.org/2001/XMLSchema#dateTime""}"
371;108;0;;"{""type"": ""Shape"", ""expression"": {""type"": ""EachOf"", ""expressions"": [{""type"": ""TripleConstraint"", ""predicate"": ""http://www.wikidata.org/prop/statement/P108"", ""valueExpr"": ""Organization""}, {""type"": ""TripleConstraint"", ""predicate"": ""http://www.wikidata.org/prop/qualifier/P580"", ""valueExpr"": {""type"": ""NodeConstraint"", ""datatype"": ""http://www.w3.org/2001/XMLSchema#dateTime""}, ""min"": 0, ""max"": 1}, {""type"": ""TripleConstraint"", ""predicate"": ""http://www.wikidata.org/prop/qualifier/P582"", ""valueExpr"": {""type"": ""NodeConstraint"", ""datatype"": ""http://www.w3.org/2001/XMLSchema#dateTime""}, ""min"": 0, ""max"": 1}]}}"
371;166;0;;"{""type"": ""Shape"", ""expression"": {""type"": ""EachOf"", ""expressions"": [{""type"": ""TripleConstraint"", ""predicate"": ""http://www.wikidata.org/prop/statement/P166"", ""valueExpr"": ""Award""}, {""type"": ""TripleConstraint"", ""predicate"": ""http://www.wikidata.org/prop/qualifier/P585"", ""valueExpr"": {""type"": ""NodeConstraint"", ""datatype"": ""http://www.w3.org/2001/XMLSchema#dateTime""}, ""min"": 0, ""max"": 1}, {""type"": ""TripleConstraint"", ""predicate"": ""http://www.wikidata.org/prop/qualifier/P1706"", ""valueExpr"": ""Researcher"", ""min"": 0, ""max"": -1}]}}"
375;15;0;1;
375;17;1;;
375;18;0;;"{""type"": ""NodeConstraint"", ""datatype"": ""http://www.w3.org/2001/XMLSchema#string""}"
375;30;0;1;
375;112;0;1;
375;126;0;1;
375;131;1;;
375;156;0;1;
375;214;0;1;
375;242;0;1;
375;373;0;1;"{""type"": ""NodeConstraint"", ""datatype"": ""http://www.w3.org/2001/XMLSchema#string""}"
375;402;0;1;
375;571;0;1;"{""type"": ""NodeConstraint"", ""datatype"": ""http://www.w3.org/2001/XMLSchema#dateTime""}"
375;610;0;1;
375;646;0;1;
375;691;0;1;
375;910;0;1;"{""type"": ""NodeConstraint"", ""datatype"": ""http://www.w3.org/2001/XMLSchema#string""}"
375;912;0;1;"{""type"": ""NodeConstraint"", ""values"": [""http://www.wikidata.org/entity/Q1797440""]}"
375;973;0;;"{""type"": ""NodeConstraint"", ""datatype"": ""http://www.w3.org/2001/XMLSchema#string""}"
375;1427;0;1;
375;1444;0;1;
375;1545;0;1;"{""type"": ""NodeConstraint"", ""datatype"": ""http://www.w3.org/2001/XMLSchema#string""}"
375;1589;0;1;
375;1997;0;1;"{""type"": ""NodeConstraint"", ""datatype"": ""http://www.w3.org/2001/XMLSchema#string""}"
375;2043;1;;"{""type"": ""NodeConstraint"", ""datatype"": ""http://www.w3.org/2001/XMLSchema#decimal""}"
375;2347;0;1;
375;2670;0;1;"{""type"": ""NodeConstraint"", ""values"": [""http://www.wikidata.org/entity/Q88075768""]}"
375;2671;0;1;"{""type"": ""NodeConstraint"", ""datatype"": ""http://www.w3.org/2001/XMLSchema#string""}"
375;7127;0;1;"{""type"": ""NodeConstraint"", ""datatype"": ""http://www.w3.org/2001/XMLSchema#string""}"
375;10467;0;1;"{""type"": ""NodeConstraint"", ""datatype"": ""http://www.w3.org/2001/XMLSchema#string""}"
376;17;1;;
376;18;0;;"{""type"": ""NodeConstraint"", ""datatype"": ""http://www.w3.org/2001/XMLSchema#string""}"
376;30;0;1;
376;131;1;;
376;137;1;1;
376;138;0;1;
376;242;0;1;
376;276;0;1;
376;373;0;1;"{""type"": ""NodeConstraint"", ""datatype"": ""http://www.w3.org/2001/XMLSchema#string""}"
376;402;0;1;
376;571;0;1;"{""type"": ""NodeConstraint"", ""datatype"": ""http://www.w3.org/2001/XMLSchema#dateTime""}"
376;625;1;1;"{""type"": ""NodeConstraint"", ""datatype"": ""http://www.w3.org/2001/XMLSchema#coordinate""}"
376;706;0;1;
376;856;0;1;
376;1448;0;1;"{""type"": ""NodeConstraint"", ""datatype"": ""http://www.w3.org/2001/XMLSchema#string""}"
376;2561;0;1;"{""type"": ""NodeConstraint"", ""datatype"": ""http://www.w3.org/2001/XMLSchema#string""}"
376;3018;0;1;
376;4552;0;1;
376;5775;0;0;"{""type"": ""NodeConstraint"", ""datatype"": ""http://www.w3.org/2001/XMLSchema#string""}"
376;8517;0;;"{""type"": ""NodeConstraint"", ""datatype"": ""http://www.w3.org/2001/XMLSchema#string""}"
376;9676;0;1;
376;10467;0;1;"{""type"": ""NodeConstraint"", ""datatype"": ""http://www.w3.org/2001/XMLSchema#string""}"
376;11177;0;1;"{""type"": ""NodeConstraint"", ""datatype"": ""http://www.w3.org/2001/XMLSchema#string""}"
379;31;1;;
379;973;1;;
379;10221;0;1;
379;6104;1;1;"{""type"": ""NodeConstraint"", ""values"": [""http://www.wikidata.org/entity/Q112898263""]}"
38;31;1;1;
38;702;1;1;
38;703;1;1;
38;352;1;;
380;31;1;1;"{""type"": ""NodeConstraint"", ""values"": [""http://www.wikidata.org/entity/Q39614""]}"
380;5259;1;;
380;2025;1;;
380;17;1;1;"{""type"": ""NodeConstraint"", ""values"": [""http://www.wikidata.org/entity/Q34""]}"
380;18;0;1;
380;856;1;;
380;1343;1;;
380;625;1;1;
380;6104;1;1;"{""type"": ""NodeConstraint"", ""values"": [""http://www.wikidata.org/entity/Q115206846""]}"
380;373;1;1;
380;1260;0;1;
380;276;0;1;
380;706;0;1;
39;703;1;1;
39;3937;1;1;
394;1080;1;1;"{""type"": ""NodeConstraint"", ""values"": [""http://www.wikidata.org/entity/Q17562848""]}"
394;8345;1;1;"{""type"": ""NodeConstraint"", ""values"": [""http://www.wikidata.org/entity/Q864""]}"
394;2067;0;1;
394;2048;0;1;
394;462;0;1;"{""type"": ""NodeConstraint"", ""values"": [""http://www.wikidata.org/entity/Q3142"", ""http://www.wikidata.org/entity/Q1088"", ""http://www.wikidata.org/entity/Q943"", ""http://www.wikidata.org/entity/Q3133"", ""http://www.wikidata.org/entity/Q23445"", ""http://www.wikidata.org/entity/Q47071"", ""http://www.wikidata.org/entity/Q3257809"", ""http://www.wikidata.org/entity/Q42519"", ""http://www.wikidata.org/entity/Q23444"", ""http://www.wikidata.org/entity/Q429220""]}"
394;1419;0;1;"{""type"": ""NodeConstraint"", ""values"": [""http://www.wikidata.org/entity/Q116751754"", ""http://www.wikidata.org/entity/Q116751757"", ""http://www.wikidata.org/entity/Q116751758"", ""http://www.wikidata.org/entity/Q116751759"", ""http://www.wikidata.org/entity/Q116751762"", ""http://www.wikidata.org/entity/Q116751765"", ""http://www.wikidata.org/entity/Q116751768"", ""http://www.wikidata.org/entity/Q116751771"", ""http://www.wikidata.org/entity/Q116751775"", ""http://www.wikidata.org/entity/Q116751779"", ""http://www.wikidata.org/entity/Q116751784"", ""http://www.wikidata.org/entity/Q116751788"", ""http://www.wikidata.org/entity/Q116751792"", ""http://www.wikidata.org/entity/Q116751796""]}"
395;31;1;1;"{""type"": ""NodeConstraint"", ""values"": [""http://www.wikidata.org/entity/Q5""]}"
395;21;1;1;"{""type"": ""NodeConstraint"", ""values"": [""http://www.wikidata.org/entity/Q6581097"", ""http://www.wikidata.org/entity/Q6581072""]}"
395;19;1;;
395;569;1;;
395;735;1;;
395;734;1;;
395;27;1;1;"{""type"": ""NodeConstraint"", ""values"": [""http://www.wikidata.org/entity/Q34""]}"
395;18;1;;
395;373;1;;
395;39;1;;
395;102;1;;
395;1343;1;;
395;4819;1;;
396;571;0;1;
396;1448;0;1;
397;373;0;1;
397;1402;0;1;
397;1554;0;1;
397;1323;0;1;
397;3982;0;1;
397;7173;0;1;
397;4394;0;1;
397;5082;0;1;
397;4495;0;1;
397;4395;0;1;
397;1694;0;1;
397;1693;0;1;
397;5501;0;1;
397;7807;0;1;
397;7329;0;1;
397;2892;0;1;
397;672;0;1;
397;486;0;1;
397;10022;0;1;
398;17;1;;
398;18;0;;"{""type"": ""NodeConstraint"", ""datatype"": ""http://www.w3.org/2001/XMLSchema#string""}"
398;30;0;1;
398;131;1;;
398;137;1;1;
398;138;0;1;
398;242;0;1;
398;276;0;1;
398;361;1;;
398;373;0;1;"{""type"": ""NodeConstraint"", ""datatype"": ""http://www.w3.org/2001/XMLSchema#string""}"
398;571;0;1;"{""type"": ""NodeConstraint"", ""datatype"": ""http://www.w3.org/2001/XMLSchema#dateTime""}"
398;625;1;1;"{""type"": ""NodeConstraint"", ""datatype"": ""http://www.w3.org/2001/XMLSchema#coordinate""}"
398;706;0;1;
398;856;0;1;
398;1448;0;1;"{""type"": ""NodeConstraint"", ""datatype"": ""http://www.w3.org/2001/XMLSchema#string""}"
398;2561;0;1;"{""type"": ""NodeConstraint"", ""datatype"": ""http://www.w3.org/2001/XMLSchema#string""}"
398;3018;0;1;
398;4552;0;1;
398;5775;0;;"{""type"": ""NodeConstraint"", ""datatype"": ""http://www.w3.org/2001/XMLSchema#string""}"
398;8517;0;;"{""type"": ""NodeConstraint"", ""datatype"": ""http://www.w3.org/2001/XMLSchema#string""}"
398;10467;0;1;"{""type"": ""NodeConstraint"", ""datatype"": ""http://www.w3.org/2001/XMLSchema#string""}"
398;11177;0;0;"{""type"": ""NodeConstraint"", ""datatype"": ""http://www.w3.org/2001/XMLSchema#string""}"
399;31;1;1;"{""type"": ""NodeConstraint"", ""values"": [""http://www.wikidata.org/entity/Q5""]}"
399;21;1;1;"{""type"": ""NodeConstraint"", ""values"": [""http://www.wikidata.org/entity/Q6581097"", ""http://www.wikidata.org/entity/Q6581072""]}"
399;102;1;;
40;16;1;1;"{""type"": ""Shape"", ""expression"": {""type"": ""TripleConstraint"", ""predicate"": ""http://www.wikidata.org/prop/statement/P16"", ""valueExpr"": ""#international_E-road_network""}}"
40;2043;1;1;"{""type"": ""Shape"", ""expression"": {""type"": ""EachOf"", ""expressions"": [{""type"": ""TripleConstraint"", ""predicate"": ""http://www.wikidata.org/prop/statement/value/P2043"", ""valueExpr"": {""type"": ""NodeConstraint"", ""nodeKind"": ""iri""}, ""min"": 0, ""max"": -1}, {""type"": ""TripleConstraint"", ""predicate"": ""http://www.wikidata.org/prop/statement/P2043"", ""valueExpr"": {""type"": ""NodeConstraint"", ""datatype"": ""http://www.w3.org/2001/XMLSchema#decimal""}, ""min"": 0, ""max"": -1}, {""type"": ""TripleConstraint"", ""predicate"": ""http://www.wikidata.org/prop/statement/value-normalized/P2043"", ""valueExpr"": {""type"": ""NodeConstraint"", ""nodeKind"": ""iri""}, ""min"": 0, ""max"": -1}]}}"
40;609;1;;"{""type"": ""Shape"", ""expression"": {""type"": ""EachOf"", ""expressions"": [{""type"": ""TripleConstraint"", ""predicate"": ""http://www.wikidata.org/prop/statement/P609"", ""valueExpr"": {""type"": ""NodeConstraint"", ""values"": [{""type"": ""IriStem"", ""stem"": ""http://www.wikidata.org/entity/""}]}}, {""type"": ""TripleConstraint"", ""predicate"": ""http://www.wikidata.org/prop/qualifier/P560"", ""valueExpr"": {""type"": ""Shape"", ""expression"": {""type"": ""TripleConstraint"", ""predicate"": ""http://www.wikidata.org/prop/direct/P31"", ""valueExpr"": {""type"": ""NodeConstraint"", ""values"": [""http://www.wikidata.org/entity/Q23718""]}}}, ""min"": 0, ""max"": 1}]}}"
40;1824;1;1;"{""type"": ""Shape"", ""expression"": {""type"": ""TripleConstraint"", ""predicate"": ""http://www.wikidata.org/prop/statement/P1824"", ""valueExpr"": {""type"": ""NodeConstraint"", ""datatype"": ""http://www.w3.org/2001/XMLSchema#string""}}}"
40;2789;0;;"{""type"": ""Shape"", ""expression"": {""type"": ""TripleConstraint"", ""predicate"": ""http://www.wikidata.org/prop/statement/P2789"", ""valueExpr"": {""type"": ""NodeConstraint"", ""nodeKind"": ""iri""}}}"
40;14;1;1;"{""type"": ""Shape"", ""expression"": {""type"": ""TripleConstraint"", ""predicate"": ""http://www.wikidata.org/prop/statement/P14"", ""valueExpr"": {""type"": ""NodeConstraint"", ""nodeKind"": ""iri""}}}"
40;17;1;;"{""type"": ""Shape"", ""expression"": {""type"": ""TripleConstraint"", ""predicate"": ""http://www.wikidata.org/prop/statement/P17"", ""valueExpr"": {""type"": ""NodeConstraint"", ""nodeKind"": ""iri""}}}"
40;15;0;1;"{""type"": ""Shape"", ""expression"": {""type"": ""TripleConstraint"", ""predicate"": ""http://www.wikidata.org/prop/statement/P15"", ""valueExpr"": {""type"": ""NodeConstraint"", ""nodeKind"": ""iri""}}}"
40;527;0;;"{""type"": ""Shape"", ""expression"": {""type"": ""TripleConstraint"", ""predicate"": ""http://www.wikidata.org/prop/statement/P527"", ""valueExpr"": {""type"": ""NodeConstraint"", ""nodeKind"": ""iri""}}}"
40;2581;0;1;"{""type"": ""Shape"", ""expression"": {""type"": ""EachOf"", ""expressions"": [{""type"": ""TripleConstraint"", ""predicate"": ""http://www.wikidata.org/prop/statement/value-normalized/P2581"", ""valueExpr"": {""type"": ""NodeConstraint"", ""nodeKind"": ""iri""}}, {""type"": ""TripleConstraint"", ""predicate"": ""http://www.wikidata.org/prop/statement/P2581"", ""valueExpr"": {""type"": ""NodeConstraint"", ""datatype"": ""http://www.w3.org/2001/XMLSchema#string""}}]}}"
40;402;1;1;"{""type"": ""Shape"", ""expression"": {""type"": ""TripleConstraint"", ""predicate"": ""http://www.wikidata.org/prop/statement/P402"", ""valueExpr"": {""type"": ""NodeConstraint"", ""datatype"": ""http://www.w3.org/2001/XMLSchema#string""}}}"
401;1476;0;;"{""type"": ""NodeConstraint"", ""datatype"": ""http://www.w3.org/1999/02/22-rdf-syntax-ns#langString""}"
401;1680;0;;"{""type"": ""NodeConstraint"", ""datatype"": ""http://www.w3.org/1999/02/22-rdf-syntax-ns#langString""}"
401;577;0;;"{""type"": ""NodeConstraint"", ""datatype"": ""http://www.w3.org/2001/XMLSchema#datetime""}"
401;123;0;;"{""type"": ""NodeConstraint"", ""nodeKind"": ""iri""}"
401;291;0;;"{""type"": ""NodeConstraint"", ""nodeKind"": ""iri""}"
401;50;0;;"{""type"": ""NodeConstraint"", ""nodeKind"": ""iri""}"
401;2093;0;;"{""type"": ""NodeConstraint"", ""nodeKind"": ""literal""}"
401;407;0;;"{""type"": ""NodeConstraint"", ""nodeKind"": ""iri""}"
401;921;0;;"{""type"": ""NodeConstraint"", ""nodeKind"": ""iri""}"
401;393;0;;"{""type"": ""NodeConstraint"", ""nodeKind"": ""literal""}"
401;1104;0;;"{""type"": ""NodeConstraint"", ""datatype"": ""http://www.w3.org/2001/XMLSchema#integer""}"
401;953;0;;"{""type"": ""NodeConstraint"", ""nodeKind"": ""literal""}"
401;996;0;;"{""type"": ""NodeConstraint"", ""nodeKind"": ""literal""}"
401;973;0;;"{""type"": ""NodeConstraint"", ""nodeKind"": ""literal""}"
401;856;0;;"{""type"": ""NodeConstraint"", ""nodeKind"": ""literal""}"
401;6216;0;;"{""type"": ""NodeConstraint"", ""nodeKind"": ""literal""}"
401;275;0;;"{""type"": ""NodeConstraint"", ""nodeKind"": ""literal""}"
401;724;0;;"{""type"": ""NodeConstraint"", ""nodeKind"": ""literal""}"
401;675;0;;"{""type"": ""NodeConstraint"", ""nodeKind"": ""literal""}"
401;1844;0;;"{""type"": ""NodeConstraint"", ""nodeKind"": ""literal""}"
401;648;0;;"{""type"": ""NodeConstraint"", ""nodeKind"": ""literal""}"
401;243;0;;"{""type"": ""NodeConstraint"", ""nodeKind"": ""literal""}"
401;212;0;;"{""type"": ""NodeConstraint"", ""nodeKind"": ""literal""}"
401;957;0;;"{""type"": ""NodeConstraint"", ""nodeKind"": ""literal""}"
401;356;0;;"{""type"": ""NodeConstraint"", ""nodeKind"": ""literal""}"
401;1184;0;;"{""type"": ""NodeConstraint"", ""nodeKind"": ""literal""}"
401;4109;0;;"{""type"": ""NodeConstraint"", ""nodeKind"": ""literal""}"
401;6123;0;;"{""type"": ""NodeConstraint"", ""nodeKind"": ""literal""}"
401;1739;0;;"{""type"": ""NodeConstraint"", ""nodeKind"": ""literal""}"
401;11496;0;;"{""type"": ""NodeConstraint"", ""nodeKind"": ""literal""}"
401;4948;0;;"{""type"": ""NodeConstraint"", ""nodeKind"": ""literal""}"
401;7409;0;;"{""type"": ""NodeConstraint"", ""nodeKind"": ""literal""}"
401;2969;0;;"{""type"": ""NodeConstraint"", ""nodeKind"": ""literal""}"
401;1085;0;;"{""type"": ""NodeConstraint"", ""nodeKind"": ""literal""}"
401;7896;0;;"{""type"": ""NodeConstraint"", ""nodeKind"": ""literal""}"
401;5875;0;;"{""type"": ""NodeConstraint"", ""nodeKind"": ""literal""}"
401;4011;0;;"{""type"": ""NodeConstraint"", ""nodeKind"": ""literal""}"
402;1476;0;;"{""type"": ""NodeConstraint"", ""datatype"": ""http://www.w3.org/1999/02/22-rdf-syntax-ns#langString""}"
402;1680;0;;"{""type"": ""NodeConstraint"", ""datatype"": ""http://www.w3.org/1999/02/22-rdf-syntax-ns#langString""}"
402;577;0;;"{""type"": ""NodeConstraint"", ""datatype"": ""http://www.w3.org/2001/XMLSchema#datetime""}"
402;123;0;;"{""type"": ""NodeConstraint"", ""nodeKind"": ""iri""}"
402;291;0;;"{""type"": ""NodeConstraint"", ""nodeKind"": ""iri""}"
402;50;0;;"{""type"": ""NodeConstraint"", ""nodeKind"": ""iri""}"
402;2093;0;;"{""type"": ""NodeConstraint"", ""nodeKind"": ""literal""}"
402;407;0;;"{""type"": ""NodeConstraint"", ""nodeKind"": ""iri""}"
402;921;0;;"{""type"": ""NodeConstraint"", ""nodeKind"": ""iri""}"
402;393;0;;"{""type"": ""NodeConstraint"", ""nodeKind"": ""literal""}"
402;1104;0;;"{""type"": ""NodeConstraint"", ""datatype"": ""http://www.w3.org/2001/XMLSchema#integer""}"
402;953;0;;"{""type"": ""NodeConstraint"", ""nodeKind"": ""literal""}"
402;996;0;;"{""type"": ""NodeConstraint"", ""nodeKind"": ""literal""}"
402;973;0;;"{""type"": ""NodeConstraint"", ""nodeKind"": ""literal""}"
402;856;0;;"{""type"": ""NodeConstraint"", ""nodeKind"": ""literal""}"
402;6216;0;;"{""type"": ""NodeConstraint"", ""nodeKind"": ""literal""}"
402;275;0;;"{""type"": ""NodeConstraint"", ""nodeKind"": ""literal""}"
402;724;0;;"{""type"": ""NodeConstraint"", ""nodeKind"": ""literal""}"
402;675;0;;"{""type"": ""NodeConstraint"", ""nodeKind"": ""literal""}"
402;1844;0;;"{""type"": ""NodeConstraint"", ""nodeKind"": ""literal""}"
402;648;0;;"{""type"": ""NodeConstraint"", ""nodeKind"": ""literal""}"
402;243;0;;"{""type"": ""NodeConstraint"", ""nodeKind"": ""literal""}"
402;212;0;;"{""type"": ""NodeConstraint"", ""nodeKind"": ""literal""}"
402;957;0;;"{""type"": ""NodeConstraint"", ""nodeKind"": ""literal""}"
402;356;0;;"{""type"": ""NodeConstraint"", ""nodeKind"": ""literal""}"
402;1184;0;;"{""type"": ""NodeConstraint"", ""nodeKind"": ""literal""}"
402;4109;0;;"{""type"": ""NodeConstraint"", ""nodeKind"": ""literal""}"
402;6123;0;;"{""type"": ""NodeConstraint"", ""nodeKind"": ""literal""}"
402;1739;0;;"{""type"": ""NodeConstraint"", ""nodeKind"": ""literal""}"
402;11496;0;;"{""type"": ""NodeConstraint"", ""nodeKind"": ""literal""}"
402;4948;0;;"{""type"": ""NodeConstraint"", ""nodeKind"": ""literal""}"
402;7409;0;;"{""type"": ""NodeConstraint"", ""nodeKind"": ""literal""}"
402;2969;0;;"{""type"": ""NodeConstraint"", ""nodeKind"": ""literal""}"
402;1085;0;;"{""type"": ""NodeConstraint"", ""nodeKind"": ""literal""}"
402;7896;0;;"{""type"": ""NodeConstraint"", ""nodeKind"": ""literal""}"
402;5875;0;;"{""type"": ""NodeConstraint"", ""nodeKind"": ""literal""}"
402;4011;0;;"{""type"": ""NodeConstraint"", ""nodeKind"": ""literal""}"
403;6104;1;1;"{""type"": ""NodeConstraint"", ""values"": [""http://www.wikidata.org/entity/Q115206846""]}"
403;17;1;1;"{""type"": ""NodeConstraint"", ""values"": [""http://www.wikidata.org/entity/Q34""]}"
403;131;1;;
403;625;1;;
403;18;1;;
403;2025;1;;
403;5259;1;;
404;11905;1;;
404;31;1;1;"{""type"": ""NodeConstraint"", ""values"": [""http://www.wikidata.org/entity/Q5""]}"
404;18;1;;
404;1343;1;1;"{""type"": ""NodeConstraint"", ""values"": [""http://www.wikidata.org/entity/Q120783610""]}"
404;19;1;;
404;569;1;;
404;21;1;1;"{""type"": ""NodeConstraint"", ""values"": [""http://www.wikidata.org/entity/Q6581097"", ""http://www.wikidata.org/entity/Q6581072""]}"
404;413;1;;
404;2031;1;;
404;641;1;1;"{""type"": ""NodeConstraint"", ""values"": [""http://www.wikidata.org/entity/Q2736""]}"
404;6509;1;;
404;1350;1;;
404;118;1;;
405;31;1;1;"{""type"": ""NodeConstraint"", ""values"": [""http://www.wikidata.org/entity/Q121134938""]}"
405;921;1;;"{""type"": ""NodeConstraint"", ""nodeKind"": ""iri""}"
405;856;1;;
405;1019;1;;
406;279;1;1;
406;274;1;1;
406;662;1;1;
406;235;1;1;
406;2067;1;1;
406;233;1;1;
406;234;1;1;
408;17;1;1;"{""type"": ""NodeConstraint"", ""values"": [""http://www.wikidata.org/entity/Q34""]}"
408;131;1;;
408;625;1;;
408;856;1;;
408;1401;1;;
408;2846;1;;
408;6104;1;1;"{""type"": ""NodeConstraint"", ""values"": [""http://www.wikidata.org/entity/Q121313211"", ""http://www.wikidata.org/entity/Q118372392""]}"
41;31;1;1;
41;2410;1;1;
412;31;1;1;"{""type"": ""NodeConstraint"", ""values"": [""http://www.wikidata.org/entity/Q21198342"", ""http://www.wikidata.org/entity/Q21202185""]}"
412;495;1;1;
412;407;1;1;
412;2360;1;1;
412;10589;0;1;
412;11149;0;1;
412;8731;0;1;
412;11348;0;1;
414;921;0;;"{""type"": ""Shape"", ""expression"": {""type"": ""TripleConstraint"", ""predicate"": ""http://www.wikidata.org/prop/statement/P921"", ""valueExpr"": {""type"": ""NodeConstraint"", ""values"": [{""type"": ""IriStem"", ""stem"": ""http://www.wikidata.org/entity""}]}}}"
414;577;0;1;"{""type"": ""Shape"", ""expression"": {""type"": ""TripleConstraint"", ""predicate"": ""http://www.wikidata.org/prop/statement/P577"", ""valueExpr"": {""type"": ""NodeConstraint"", ""datatype"": ""http://www.w3.org/2001/XMLSchema#dateTime""}}}"
414;1433;0;1;"{""type"": ""Shape"", ""expression"": {""type"": ""TripleConstraint"", ""predicate"": ""http://www.wikidata.org/prop/statement/P1433"", ""valueExpr"": {""type"": ""NodeConstraint"", ""values"": [{""type"": ""IriStem"", ""stem"": ""http://www.wikidata.org/entity""}]}}}"
414;50;0;;"{""type"": ""Shape"", ""expression"": {""type"": ""TripleConstraint"", ""predicate"": ""http://www.wikidata.org/prop/statement/P50"", ""valueExpr"": {""type"": ""NodeConstraint"", ""values"": [{""type"": ""IriStem"", ""stem"": ""http://www.wikidata.org/entity""}]}}}"
414;2093;0;;"{""type"": ""Shape"", ""expression"": {""type"": ""TripleConstraint"", ""predicate"": ""http://www.wikidata.org/prop/statement/P2093"", ""valueExpr"": {""type"": ""NodeConstraint"", ""datatype"": ""http://www.w3.org/2001/XMLSchema#string""}}}"
414;304;0;1;"{""type"": ""Shape"", ""expression"": {""type"": ""TripleConstraint"", ""predicate"": ""http://www.wikidata.org/prop/statement/P304"", ""valueExpr"": {""type"": ""NodeConstraint"", ""datatype"": ""http://www.w3.org/2001/XMLSchema#string""}}}"
414;356;0;1;"{""type"": ""Shape"", ""expression"": {""type"": ""TripleConstraint"", ""predicate"": ""http://www.wikidata.org/prop/statement/P356"", ""valueExpr"": {""type"": ""NodeConstraint"", ""datatype"": ""http://www.w3.org/2001/XMLSchema#string""}}}"
414;407;0;1;"{""type"": ""Shape"", ""expression"": {""type"": ""TripleConstraint"", ""predicate"": ""http://www.wikidata.org/prop/statement/P407"", ""valueExpr"": {""type"": ""NodeConstraint"", ""values"": [{""type"": ""IriStem"", ""stem"": ""http://www.wikidata.org/entity""}]}}}"
414;433;0;1;"{""type"": ""Shape"", ""expression"": {""type"": ""TripleConstraint"", ""predicate"": ""http://www.wikidata.org/prop/statement/P433"", ""valueExpr"": {""type"": ""NodeConstraint"", ""datatype"": ""http://www.w3.org/2001/XMLSchema#string""}}}"
414;478;0;1;"{""type"": ""Shape"", ""expression"": {""type"": ""TripleConstraint"", ""predicate"": ""http://www.wikidata.org/prop/statement/P478"", ""valueExpr"": {""type"": ""NodeConstraint"", ""datatype"": ""http://www.w3.org/2001/XMLSchema#string""}}}"
414;1476;0;1;"{""type"": ""Shape"", ""expression"": {""type"": ""TripleConstraint"", ""predicate"": ""http://www.wikidata.org/prop/statement/P1476"", ""valueExpr"": {""type"": ""NodeConstraint"", ""datatype"": ""http://www.w3.org/1999/02/22-rdf-syntax-ns#langString""}}}"
417;625;1;;
417;1671;0;1;
417;137;0;1;
418;31;1;1;"{""type"": ""ShapeAnd"", ""shapeExprs"": [{""type"": ""NodeConstraint"", ""values"": [""http://www.wikidata.org/entity/Q24634210""]}, {""type"": ""NodeConstraint"", ""nodeKind"": ""iri""}]}"
418;437;1;1;"{""type"": ""ShapeAnd"", ""shapeExprs"": [{""type"": ""NodeConstraint"", ""values"": [""http://www.wikidata.org/entity/Q24633474""]}, {""type"": ""NodeConstraint"", ""nodeKind"": ""iri""}]}"
418;407;1;;"{""type"": ""NodeConstraint"", ""nodeKind"": ""iri""}"
418;136;0;;"{""type"": ""NodeConstraint"", ""nodeKind"": ""iri""}"
418;856;0;;"{""type"": ""NodeConstraint"", ""nodeKind"": ""iri""}"
418;1019;0;;"{""type"": ""NodeConstraint"", ""nodeKind"": ""iri""}"
418;7998;0;1;"{""type"": ""NodeConstraint"", ""datatype"": ""http://www.w3.org/2001/XMLSchema#string""}"
418;5916;0;1;"{""type"": ""NodeConstraint"", ""datatype"": ""http://www.w3.org/2001/XMLSchema#string""}"
418;5842;0;1;"{""type"": ""NodeConstraint"", ""datatype"": ""http://www.w3.org/2001/XMLSchema#string""}"
419;31;1;1;"{""type"": ""ShapeAnd"", ""shapeExprs"": [{""type"": ""NodeConstraint"", ""values"": [""http://www.wikidata.org/entity/Q5""]}, {""type"": ""NodeConstraint"", ""nodeKind"": ""iri""}]}"
419;106;1;1;"{""type"": ""ShapeAnd"", ""shapeExprs"": [{""type"": ""NodeConstraint"", ""values"": [""http://www.wikidata.org/entity/Q15077007""]}, {""type"": ""NodeConstraint"", ""nodeKind"": ""iri""}]}"
419;856;0;;"{""type"": ""NodeConstraint"", ""nodeKind"": ""iri""}"
419;9743;0;1;"{""type"": ""NodeConstraint"", ""datatype"": ""http://www.w3.org/2001/XMLSchema#string""}"
419;345;0;1;"{""type"": ""NodeConstraint"", ""datatype"": ""http://www.w3.org/2001/XMLSchema#string""}"
42;21;0;1;"{""type"": ""NodeConstraint"", ""nodeKind"": ""iri""}"
42;373;0;1;
42;800;0;;"{""type"": ""NodeConstraint"", ""nodeKind"": ""iri""}"
42;569;0;;"{""type"": ""NodeConstraint"", ""datatype"": ""http://www.w3.org/2001/XMLSchema#dateTime""}"
42;19;0;1;"{""type"": ""NodeConstraint"", ""nodeKind"": ""iri""}"
42;570;0;;"{""type"": ""NodeConstraint"", ""datatype"": ""http://www.w3.org/2001/XMLSchema#dateTime""}"
42;7763;0;1;
42;214;1;;"{""type"": ""Shape"", ""expression"": {""type"": ""EachOf"", ""expressions"": [{""type"": ""TripleConstraint"", ""predicate"": ""http://www.wikidata.org/prop/statement/P214"", ""valueExpr"": {""type"": ""NodeConstraint"", ""datatype"": ""http://www.w3.org/2001/XMLSchema#string""}, ""min"": 0, ""max"": -1}, {""type"": ""TripleConstraint"", ""predicate"": ""http://www.wikidata.org/prop/statement/value-normalized/P214"", ""valueExpr"": {""type"": ""NodeConstraint"", ""nodeKind"": ""iri""}, ""min"": 0, ""max"": -1}]}}"
420;31;1;1;"{""type"": ""ShapeAnd"", ""shapeExprs"": [{""type"": ""NodeConstraint"", ""values"": [""http://www.wikidata.org/entity/Q61855877""]}, {""type"": ""NodeConstraint"", ""nodeKind"": ""iri""}]}"
420;437;1;1;"{""type"": ""ShapeAnd"", ""shapeExprs"": [{""type"": ""NodeConstraint"", ""values"": [""http://www.wikidata.org/entity/Q24633474""]}, {""type"": ""NodeConstraint"", ""nodeKind"": ""iri""}]}"
420;407;1;;"{""type"": ""NodeConstraint"", ""nodeKind"": ""iri""}"
420;179;1;1;
420;4908;0;1;
421;31;1;1;"{""type"": ""ShapeAnd"", ""shapeExprs"": [{""type"": ""NodeConstraint"", ""values"": [""http://www.wikidata.org/entity/Q69154911""]}, {""type"": ""NodeConstraint"", ""nodeKind"": ""iri""}]}"
421;179;1;1;
421;1113;0;;"{""type"": ""NodeConstraint"", ""datatype"": ""http://www.w3.org/2001/XMLSchema#decimal""}"
421;155;0;1;
421;156;0;1;
422;31;1;1;"{""type"": ""ShapeAnd"", ""shapeExprs"": [{""type"": ""NodeConstraint"", ""values"": [""http://www.wikidata.org/entity/Q3331189""]}, {""type"": ""NodeConstraint"", ""nodeKind"": ""iri""}, {""type"": ""NodeConstraint"", ""values"": [""http://www.wikidata.org/entity/Q7725634""]}]}"
422;361;1;1;"{""type"": ""NodeConstraint"", ""values"": [""http://www.wikidata.org/entity/Q106908720""]}"
422;18;0;1;
422;276;1;1;"{""type"": ""NodeConstraint"", ""values"": [""http://www.wikidata.org/entity/Q15734302""]}"
422;1476;1;1;"{""type"": ""NodeConstraint"", ""datatype"": ""http://www.w3.org/1999/02/22-rdf-syntax-ns#langString""}"
422;50;1;;"{""type"": ""NodeConstraint"", ""nodeKind"": ""iri""}"
422;110;0;;"{""type"": ""NodeConstraint"", ""nodeKind"": ""iri""}"
422;655;0;1;"{""type"": ""NodeConstraint"", ""nodeKind"": ""iri""}"
422;767;0;;"{""type"": ""NodeConstraint"", ""nodeKind"": ""iri""}"
422;123;0;1;"{""type"": ""NodeConstraint"", ""nodeKind"": ""iri""}"
422;291;0;1;"{""type"": ""NodeConstraint"", ""nodeKind"": ""iri""}"
422;407;1;1;"{""type"": ""NodeConstraint"", ""values"": [""http://www.wikidata.org/entity/Q7411"", ""http://www.wikidata.org/entity/Q1860"", ""http://www.wikidata.org/entity/Q397""]}"
422;577;1;1;"{""type"": ""NodeConstraint"", ""nodeKind"": ""literal""}"
422;1104;1;1;"{""type"": ""NodeConstraint"", ""datatype"": ""http://www.w3.org/2001/XMLSchema#decimal""}"
422;217;1;1;"{""type"": ""NodeConstraint"", ""datatype"": ""http://www.w3.org/2001/XMLSchema#string""}"
422;528;1;1;"{""type"": ""NodeConstraint"", ""datatype"": ""http://www.w3.org/2001/XMLSchema#string""}"
422;186;1;1;"{""type"": ""NodeConstraint"", ""values"": [""http://www.wikidata.org/entity/Q226697"", ""http://www.wikidata.org/entity/286"", ""http://www.wikidata.org/entity/11472""]}"
422;2048;1;1;"{""type"": ""NodeConstraint"", ""datatype"": ""http://www.w3.org/2001/XMLSchema#integer""}"
422;2049;1;1;"{""type"": ""NodeConstraint"", ""datatype"": ""http://www.w3.org/2001/XMLSchema#integer""}"
422;973;1;1;"{""type"": ""ShapeOr"", ""shapeExprs"": [{""type"": ""NodeConstraint"", ""nodeKind"": ""iri"", ""pattern"": ""^https://maastrichtuniversity\\.on\\.worldcat\\.org/.*""}, {""type"": ""NodeConstraint"", ""nodeKind"": ""iri"", ""pattern"": ""^https://n2t\\.net/ark:/.*""}]}"
422;953;0;1;"{""type"": ""NodeConstraint"", ""nodeKind"": ""iri""}"
422;996;0;1;"{""type"": ""NodeConstraint"", ""nodeKind"": ""iri""}"
422;373;0;1;"{""type"": ""NodeConstraint"", ""nodeKind"": ""literal""}"
422;5008;1;1;"{""type"": ""NodeConstraint"", ""values"": [""http://www.wikidata.org/entity/Q94727761""]}"
422;6216;1;1;"{""type"": ""NodeConstraint"", ""values"": [""http://www.wikidata.org/entity/19652""]}"
423;131;1;1;"{""type"": ""NodeConstraint"", ""nodeKind"": ""iri""}"
423;17;1;1;"{""type"": ""NodeConstraint"", ""nodeKind"": ""iri""}"
423;18;1;1;"{""type"": ""NodeConstraint"", ""nodeKind"": ""iri""}"
423;214;1;1;"{""type"": ""NodeConstraint"", ""datatype"": ""http://www.w3.org/2001/XMLSchema#integer""}"
423;276;1;1;"{""type"": ""NodeConstraint"", ""nodeKind"": ""iri""}"
423;361;1;1;"{""type"": ""NodeConstraint"", ""nodeKind"": ""iri""}"
423;373;1;1;"{""type"": ""NodeConstraint"", ""datatype"": ""http://www.w3.org/2001/XMLSchema#string""}"
423;527;1;1;"{""type"": ""NodeConstraint"", ""nodeKind"": ""iri""}"
423;571;1;1;"{""type"": ""NodeConstraint"", ""datatype"": ""http://www.w3.org/2001/XMLSchema#string""}"
423;576;1;1;"{""type"": ""NodeConstraint"", ""datatype"": ""http://www.w3.org/2001/XMLSchema#string""}"
423;625;1;1;"{""type"": ""NodeConstraint"", ""datatype"": ""http://www.w3.org/2001/XMLSchema#string""}"
423;1481;1;1;"{""type"": ""NodeConstraint"", ""datatype"": ""http://www.w3.org/2001/XMLSchema#integer""}"
423;1584;1;1;"{""type"": ""NodeConstraint"", ""datatype"": ""http://www.w3.org/2001/XMLSchema#integer""}"
423;3896;1;1;"{""type"": ""NodeConstraint"", ""nodeKind"": ""iri""}"
423;5008;1;1;"{""type"": ""NodeConstraint"", ""values"": [""http://www.wikidata.org/entity/Q114241199""]}"
423;6787;1;1;"{""type"": ""NodeConstraint"", ""datatype"": ""http://www.w3.org/2001/XMLSchema#integer""}"
424;218;0;1;
424;219;0;2;
424;220;0;1;
424;305;0;1;"{""type"": ""NodeConstraint"", ""nodeKind"": ""literal"", ""pattern"": ""^[a-z]{2,3}(-[A-Z]{2})?$""}"
424;1627;0;1;
424;1232;0;1;"{""type"": ""NodeConstraint"", ""nodeKind"": ""literal"", ""pattern"": ""^([a-z0-9]{2,3}(-[a-z]{3})?|[a-z]{4})$""}"
424;424;0;;"{""type"": ""NodeConstraint"", ""nodeKind"": ""literal""}"
424;2888;0;;"{""type"": ""NodeConstraint"", ""nodeKind"": ""iri""}"
424;4801;0;1;"{""type"": ""ShapeAnd"", ""shapeExprs"": [{""type"": ""NodeConstraint"", ""nodeKind"": ""literal"", ""pattern"": ""^iso639-1/[a-z]{2}$""}, {""type"": ""NodeConstraint"", ""nodeKind"": ""literal"", ""pattern"": ""^iso639-2/[a-z]{3}$""}, {""type"": ""NodeConstraint"", ""nodeKind"": ""literal"", ""pattern"": ""^languages/[a-z]{3}$""}]}"
424;1394;0;;"{""type"": ""NodeConstraint"", ""nodeKind"": ""literal"", ""pattern"": ""^[0-9a-z]{8}$""}"
424;1396;0;;"{""type"": ""NodeConstraint"", ""nodeKind"": ""literal""}"
424;1466;0;;"{""type"": ""NodeConstraint"", ""nodeKind"": ""literal""}"
424;2192;0;;"{""type"": ""NodeConstraint"", ""nodeKind"": ""literal""}"
424;2355;0;;"{""type"": ""NodeConstraint"", ""nodeKind"": ""literal""}"
424;1251;0;;"{""type"": ""NodeConstraint"", ""nodeKind"": ""literal""}"
426;31;1;1;"{""type"": ""ShapeAnd"", ""shapeExprs"": [{""type"": ""Shape"", ""expression"": {""type"": ""TripleConstraint"", ""predicate"": ""http://www.wikidata.org/prop/statement/P31"", ""valueExpr"": {""type"": ""NodeConstraint"", ""values"": [{""type"": ""IriStemRange"", ""stem"": ""http://www.wikidata.org/entity/"", ""exclusions"": [""http://www.wikidata.org/entity/Q125469362""]}]}}}, {""type"": ""Shape"", ""expression"": {""type"": ""TripleConstraint"", ""predicate"": ""http://www.wikidata.org/prop/statement/P31"", ""valueExpr"": {""type"": ""NodeConstraint"", ""values"": [""http://www.wikidata.org/entity/Q125469362""]}}}]}"
426;361;1;;"{""type"": ""Shape"", ""expression"": {""type"": ""TripleConstraint"", ""predicate"": ""http://www.wikidata.org/prop/statement/P361"", ""valueExpr"": {""type"": ""NodeConstraint"", ""values"": [{""type"": ""IriStem"", ""stem"": ""http://www.wikidata.org/entity/""}]}}}"
426;571;0;1;"{""type"": ""Shape"", ""expression"": {""type"": ""TripleConstraint"", ""predicate"": ""http://www.wikidata.org/prop/statement/P571"", ""valueExpr"": {""type"": ""NodeConstraint"", ""datatype"": ""http://www.w3.org/2001/XMLSchema#dateTime""}}}"
426;366;0;;"{""type"": ""Shape"", ""expression"": {""type"": ""TripleConstraint"", ""predicate"": ""http://www.wikidata.org/prop/statement/P366"", ""valueExpr"": {""type"": ""NodeConstraint"", ""values"": [{""type"": ""IriStem"", ""stem"": ""http://www.wikidata.org/entity/""}]}}}"
426;154;0;;"{""type"": ""Shape"", ""expression"": {""type"": ""TripleConstraint"", ""predicate"": ""http://www.wikidata.org/prop/statement/P154"", ""valueExpr"": {""type"": ""NodeConstraint"", ""values"": [{""type"": ""IriStem"", ""stem"": ""http://commons.wikimedia.org""}]}}}"
426;18;0;;"{""type"": ""Shape"", ""expression"": {""type"": ""TripleConstraint"", ""predicate"": ""http://www.wikidata.org/prop/statement/P18"", ""valueExpr"": {""type"": ""NodeConstraint"", ""values"": [{""type"": ""IriStem"", ""stem"": ""http://commons.wikimedia.org""}]}}}"
426;1448;1;1;"{""type"": ""ShapeAnd"", ""shapeExprs"": [{""type"": ""Shape"", ""expression"": {""type"": ""TripleConstraint"", ""predicate"": ""http://www.wikidata.org/prop/statement/P1448"", ""valueExpr"": {""type"": ""NodeConstraint"", ""datatype"": ""http://www.w3.org/1999/02/22-rdf-syntax-ns#langString""}}}, {""type"": ""Shape"", ""expression"": {""type"": ""EachOf"", ""expressions"": [{""type"": ""TripleConstraint"", ""predicate"": ""http://www.wikidata.org/prop/statement/P1448"", ""valueExpr"": {""type"": ""NodeConstraint"", ""values"": [{""type"": ""Language"", ""languageTag"": ""zh-hant""}]}}, {""type"": ""TripleConstraint"", ""predicate"": ""http://www.wikidata.org/prop/qualifier/P1721"", ""valueExpr"": {""type"": ""NodeConstraint"", ""datatype"": ""http://www.w3.org/2001/XMLSchema#string""}}]}}, {""type"": ""Shape"", ""expression"": {""type"": ""TripleConstraint"", ""predicate"": ""http://www.wikidata.org/prop/statement/P1448"", ""valueExpr"": {""type"": ""NodeConstraint"", ""values"": [{""type"": ""Language"", ""languageTag"": ""en""}]}}}, {""type"": ""Shape"", ""expression"": {""type"": ""EachOf"", ""expressions"": [{""type"": ""TripleConstraint"", ""predicate"": ""http://www.wikidata.org/prop/statement/P1448"", ""valueExpr"": {""type"": ""NodeConstraint"", ""values"": [{""type"": ""Language"", ""languageTag"": ""zh-tw""}]}}, {""type"": ""TripleConstraint"", ""predicate"": ""http://www.wikidata.org/prop/qualifier/P1721"", ""valueExpr"": {""type"": ""NodeConstraint"", ""datatype"": ""http://www.w3.org/2001/XMLSchema#string""}}]}}]}"
426;1705;1;1;"{""type"": ""Shape"", ""expression"": {""type"": ""EachOf"", ""expressions"": [{""type"": ""TripleConstraint"", ""predicate"": ""http://www.wikidata.org/prop/statement/P1705"", ""valueExpr"": {""type"": ""NodeConstraint"", ""values"": [{""type"": ""Language"", ""languageTag"": ""zh-tw""}]}}, {""type"": ""TripleConstraint"", ""predicate"": ""http://www.wikidata.org/prop/qualifier/P1721"", ""valueExpr"": {""type"": ""NodeConstraint"", ""datatype"": ""http://www.w3.org/2001/XMLSchema#string""}}]}}"
426;1813;0;;"{""type"": ""Shape"", ""expression"": {""type"": ""TripleConstraint"", ""predicate"": ""http://www.wikidata.org/prop/statement/P1813""}}"
426;138;0;;"{""type"": ""Shape"", ""expression"": {""type"": ""TripleConstraint"", ""predicate"": ""http://www.wikidata.org/prop/statement/P138"", ""valueExpr"": {""type"": ""NodeConstraint"", ""nodeKind"": ""iri""}}}"
426;3938;0;;"{""type"": ""Shape"", ""expression"": {""type"": ""TripleConstraint"", ""predicate"": ""http://www.wikidata.org/prop/statement/P3938"", ""valueExpr"": {""type"": ""NodeConstraint"", ""nodeKind"": ""iri""}}}"
426;17;1;1;"{""type"": ""Shape"", ""expression"": {""type"": ""TripleConstraint"", ""predicate"": ""http://www.wikidata.org/prop/statement/P17"", ""valueExpr"": {""type"": ""NodeConstraint"", ""values"": [""http://www.wikidata.org/entity/Q865""]}}}"
426;131;1;1;"{""type"": ""Shape"", ""expression"": {""type"": ""TripleConstraint"", ""predicate"": ""http://www.wikidata.org/prop/statement/P131"", ""valueExpr"": {""type"": ""NodeConstraint"", ""values"": [""http://www.wikidata.org/entity/Q96974362"", ""http://www.wikidata.org/entity/Q97021146"", ""http://www.wikidata.org/entity/Q32136139""]}}}"
426;421;1;1;"{""type"": ""Shape"", ""expression"": {""type"": ""TripleConstraint"", ""predicate"": ""http://www.wikidata.org/prop/statement/P421"", ""valueExpr"": {""type"": ""NodeConstraint"", ""values"": [""http://www.wikidata.org/entity/Q712168""]}}}"
426;669;0;;"{""type"": ""Shape"", ""expression"": {""type"": ""TripleConstraint"", ""predicate"": ""http://www.wikidata.org/prop/statement/P669"", ""valueExpr"": {""type"": ""NodeConstraint"", ""values"": [{""type"": ""IriStem"", ""stem"": ""http://www.wikidata.org/entity/""}]}}}"
426;625;1;1;"{""type"": ""Shape"", ""expression"": {""type"": ""TripleConstraint"", ""predicate"": ""http://www.wikidata.org/prop/statement/P625"", ""valueExpr"": {""type"": ""NodeConstraint"", ""datatype"": ""http://www.opengis.net/ont/geosparql#wktLiteral""}}}"
426;5140;0;1;"{""type"": ""Shape"", ""expression"": {""type"": ""TripleConstraint"", ""predicate"": ""http://www.wikidata.org/prop/statement/P5140"", ""valueExpr"": {""type"": ""NodeConstraint"", ""datatype"": ""http://www.opengis.net/ont/geosparql#wktLiteral""}}}"
426;1334;0;1;"{""type"": ""Shape"", ""expression"": {""type"": ""TripleConstraint"", ""predicate"": ""http://www.wikidata.org/prop/statement/P1334"", ""valueExpr"": {""type"": ""NodeConstraint"", ""datatype"": ""http://www.opengis.net/ont/geosparql#wktLiteral""}}}"
426;1332;0;1;"{""type"": ""Shape"", ""expression"": {""type"": ""TripleConstraint"", ""predicate"": ""http://www.wikidata.org/prop/statement/P1332"", ""valueExpr"": {""type"": ""NodeConstraint"", ""datatype"": ""http://www.opengis.net/ont/geosparql#wktLiteral""}}}"
426;1333;0;1;"{""type"": ""Shape"", ""expression"": {""type"": ""TripleConstraint"", ""predicate"": ""http://www.wikidata.org/prop/statement/P1333"", ""valueExpr"": {""type"": ""NodeConstraint"", ""datatype"": ""http://www.opengis.net/ont/geosparql#wktLiteral""}}}"
426;1335;0;1;"{""type"": ""Shape"", ""expression"": {""type"": ""TripleConstraint"", ""predicate"": ""http://www.wikidata.org/prop/statement/P1335"", ""valueExpr"": {""type"": ""NodeConstraint"", ""datatype"": ""http://www.opengis.net/ont/geosparql#wktLiteral""}}}"
426;186;0;;"{""type"": ""Shape"", ""expression"": {""type"": ""TripleConstraint"", ""predicate"": ""http://www.wikidata.org/prop/statement/P186"", ""valueExpr"": {""type"": ""NodeConstraint"", ""values"": [{""type"": ""IriStem"", ""stem"": ""http://www.wikidata.org/entity/""}]}}}"
426;84;0;;"{""type"": ""Shape"", ""expression"": {""type"": ""TripleConstraint"", ""predicate"": ""http://www.wikidata.org/prop/statement/P84"", ""valueExpr"": {""type"": ""NodeConstraint"", ""values"": [{""type"": ""IriStem"", ""stem"": ""http://www.wikidata.org/entity/""}]}}}"
426;149;0;;"{""type"": ""Shape"", ""expression"": {""type"": ""TripleConstraint"", ""predicate"": ""http://www.wikidata.org/prop/statement/P149"", ""valueExpr"": {""type"": ""NodeConstraint"", ""values"": [{""type"": ""IriStem"", ""stem"": ""http://www.wikidata.org/entity/""}]}}}"
426;1619;0;1;"{""type"": ""Shape"", ""expression"": {""type"": ""TripleConstraint"", ""predicate"": ""http://www.wikidata.org/prop/statement/P1619"", ""valueExpr"": {""type"": ""NodeConstraint"", ""datatype"": ""http://www.w3.org/2001/XMLSchema#dateTime""}}}"
426;3999;0;1;"{""type"": ""Shape"", ""expression"": {""type"": ""TripleConstraint"", ""predicate"": ""http://www.wikidata.org/prop/statement/P3999"", ""valueExpr"": {""type"": ""NodeConstraint"", ""datatype"": ""http://www.w3.org/2001/XMLSchema#dateTime""}}}"
426;1398;0;;"{""type"": ""Shape"", ""expression"": {""type"": ""TripleConstraint"", ""predicate"": ""http://www.wikidata.org/prop/statement/P1398"", ""valueExpr"": {""type"": ""NodeConstraint"", ""values"": [{""type"": ""IriStem"", ""stem"": ""http://www.wikidata.org/entity/""}]}}}"
426;167;0;;"{""type"": ""Shape"", ""expression"": {""type"": ""TripleConstraint"", ""predicate"": ""http://www.wikidata.org/prop/statement/P167"", ""valueExpr"": {""type"": ""NodeConstraint"", ""values"": [{""type"": ""IriStem"", ""stem"": ""http://www.wikidata.org/entity/""}]}}}"
426;193;0;;"{""type"": ""Shape"", ""expression"": {""type"": ""TripleConstraint"", ""predicate"": ""http://www.wikidata.org/prop/statement/P193"", ""valueExpr"": {""type"": ""NodeConstraint"", ""values"": [{""type"": ""IriStem"", ""stem"": ""http://www.wikidata.org/entity/""}]}}}"
426;631;0;;"{""type"": ""Shape"", ""expression"": {""type"": ""TripleConstraint"", ""predicate"": ""http://www.wikidata.org/prop/statement/P631"", ""valueExpr"": {""type"": ""NodeConstraint"", ""values"": [{""type"": ""IriStem"", ""stem"": ""http://www.wikidata.org/entity/""}]}}}"
426;466;0;;"{""type"": ""Shape"", ""expression"": {""type"": ""TripleConstraint"", ""predicate"": ""http://www.wikidata.org/prop/statement/P466"", ""valueExpr"": {""type"": ""NodeConstraint"", ""values"": [{""type"": ""IriStem"", ""stem"": ""http://www.wikidata.org/entity/""}]}}}"
426;3032;0;;"{""type"": ""Shape"", ""expression"": {""type"": ""TripleConstraint"", ""predicate"": ""http://www.wikidata.org/prop/statement/P3032"", ""valueExpr"": {""type"": ""NodeConstraint"", ""values"": [{""type"": ""IriStem"", ""stem"": ""http://www.wikidata.org/entity/""}]}}}"
426;1101;0;1;"{""type"": ""Shape"", ""expression"": {""type"": ""TripleConstraint"", ""predicate"": ""http://www.wikidata.org/prop/statement/P3032"", ""valueExpr"": {""type"": ""NodeConstraint"", ""datatype"": ""http://www.w3.org/2001/XMLSchema#decimal""}}}"
426;1139;0;1;"{""type"": ""Shape"", ""expression"": {""type"": ""TripleConstraint"", ""predicate"": ""http://www.wikidata.org/prop/statement/P1139"", ""valueExpr"": {""type"": ""NodeConstraint"", ""datatype"": ""http://www.w3.org/2001/XMLSchema#decimal""}}}"
426;1301;0;;"{""type"": ""Shape"", ""expression"": {""type"": ""TripleConstraint"", ""predicate"": ""http://www.wikidata.org/prop/statement/P1301"", ""valueExpr"": {""type"": ""NodeConstraint"", ""datatype"": ""http://www.w3.org/2001/XMLSchema#decimal""}}}"
426;912;0;;"{""type"": ""Shape"", ""expression"": {""type"": ""TripleConstraint"", ""predicate"": ""http://www.wikidata.org/prop/statement/P912""}}"
426;2848;0;;"{""type"": ""Shape"", ""expression"": {""type"": ""TripleConstraint"", ""predicate"": ""http://www.wikidata.org/prop/statement/P2848""}}"
426;2846;0;;"{""type"": ""Shape"", ""expression"": {""type"": ""TripleConstraint"", ""predicate"": ""http://www.wikidata.org/prop/statement/P2846""}}"
426;2789;0;;"{""type"": ""Shape"", ""expression"": {""type"": ""TripleConstraint"", ""predicate"": ""http://www.wikidata.org/prop/statement/P2789""}}"
426;6375;0;1;"{""type"": ""Shape"", ""expression"": {""type"": ""TripleConstraint"", ""predicate"": ""http://www.wikidata.org/prop/statement/P6375""}}"
426;670;0;1;"{""type"": ""Shape"", ""expression"": {""type"": ""TripleConstraint"", ""predicate"": ""http://www.wikidata.org/prop/statement/P670""}}"
426;281;0;1;"{""type"": ""Shape"", ""expression"": {""type"": ""TripleConstraint"", ""predicate"": ""http://www.wikidata.org/prop/statement/P281""}}"
426;527;0;;"{""type"": ""Shape"", ""expression"": {""type"": ""TripleConstraint"", ""predicate"": ""http://www.wikidata.org/prop/statement/P527"", ""valueExpr"": {""type"": ""NodeConstraint"", ""values"": [{""type"": ""IriStem"", ""stem"": ""http://www.wikidata.org/entity/""}]}}}"
426;1889;0;;"{""type"": ""Shape"", ""expression"": {""type"": ""TripleConstraint"", ""predicate"": ""http://www.wikidata.org/prop/statement/P1889"", ""valueExpr"": {""type"": ""NodeConstraint"", ""values"": [{""type"": ""IriStem"", ""stem"": ""http://www.wikidata.org/entity/""}]}}}"
426;373;0;1;"{""type"": ""Shape"", ""expression"": {""type"": ""TripleConstraint"", ""predicate"": ""http://www.wikidata.org/prop/statement/P373""}}"
426;10689;0;1;"{""type"": ""Shape"", ""expression"": {""type"": ""TripleConstraint"", ""predicate"": ""http://www.wikidata.org/prop/statement/P10689""}}"
429;5205;1;;"{""type"": ""ShapeAnd"", ""shapeExprs"": [{""type"": ""NodeConstraint"", ""datatype"": ""http://www.w3.org/2001/XMLSchema#decimal""}, {""type"": ""Shape"", ""expression"": {""type"": ""TripleConstraint"", ""predicate"": ""http://www.wikidata.org/prop/statement/value/P5205"", ""valueExpr"": ""StrokeCount""}}]}"
429;5280;1;;"{""type"": ""Shape"", ""expression"": {""type"": ""EachOf"", ""expressions"": [{""type"": ""TripleConstraint"", ""predicate"": ""http://www.wikidata.org/prop/statement/P5280"", ""valueExpr"": ""#cjk-radical""}, {""type"": ""TripleConstraint"", ""predicate"": ""http://www.wikidata.org/prop/qualifier/value/P5281"", ""valueExpr"": ""StrokeCount""}]}}"
431;31;1;1;"{""type"": ""NodeConstraint"", ""values"": [""http://www.wikidata.org/entity/Q152450""]}"
431;17;1;1;"{""type"": ""NodeConstraint"", ""values"": [""http://www.wikidata.org/entity/Q27""]}"
431;361;1;1;
431;585;1;1;
431;541;1;1;
431;155;0;1;
431;156;0;1;
431;1001;1;1;
432;31;1;1;"{""type"": ""NodeConstraint"", ""values"": [""http://www.wikidata.org/entity/Q7278""]}"
432;17;1;1;
432;1001;1;1;
432;1387;1;;
432;1142;1;;
432;465;1;1;
432;571;1;1;
433;105;1;1;
433;171;1;1;
433;225;1;;"{""type"": ""NodeConstraint"", ""nodeKind"": ""literal""}"
433;1843;1;;"{""type"": ""NodeConstraint"", ""nodeKind"": ""literal""}"
434;31;1;;
434;6216;1;;
434;275;1;;
435;31;1;;
435;140;1;;
435;674;1;;
435;1433;1;;
436;31;1;1;"{""type"": ""NodeConstraint"", ""values"": [""http://www.wikidata.org/entity/Q16970""]}"
436;17;1;;
436;131;1;;
436;708;1;;
436;140;1;;
436;1435;1;;
436;138;1;;
436;149;1;;
436;625;1;;
437;-1;1;;
437;17;1;1;
437;31;1;1;
437;361;1;1;
437;402;1;1;
437;580;1;1;
437;1350;1;1;
437;1535;1;1;
437;2043;1;1;
437;3311;1;1;
437;3896;1;1;
437;5053;1;1;
438;31;1;1;"{""type"": ""NodeConstraint"", ""values"": [""http://www.wikidata.org/entity/Q4167410""]}"
439;31;1;1;"{""type"": ""NodeConstraint"", ""values"": [""http://www.wikidata.org/entity/Q11266439""]}"
44;734;0;1;"{""type"": ""NodeConstraint"", ""nodeKind"": ""iri""}"
440;31;1;1;
440;528;1;;
440;59;1;1;
440;2583;1;1;
440;2214;1;1;
440;10751;1;1;
440;10752;1;1;
440;2216;1;1;
440;1215;1;;
440;6259;1;1;
440;6258;1;1;
440;6257;1;1;
440;3083;1;1;
441;31;1;1;"{""type"": ""NodeConstraint"", ""values"": [""http://www.wikidata.org/entity/Q318""]}"
441;528;1;;
441;59;1;1;
441;223;1;1;
441;1215;1;;
442;31;1;1;"{""type"": ""NodeConstraint"", ""values"": [""http://www.wikidata.org/entity/Q13100073""]}"
442;131;1;;
442;17;1;1;
442;1448;1;1;
442;421;1;1;
442;442;1;1;
443;31;1;1;"{""type"": ""NodeConstraint"", ""values"": [""http://www.wikidata.org/entity/Q486972""]}"
443;17;1;1;
443;131;1;1;
443;625;1;1;
444;31;1;1;"{""type"": ""NodeConstraint"", ""values"": [""http://www.wikidata.org/entity/Q13433827""]}"
444;1433;1;1;
444;1476;1;1;
444;407;1;1;
445;2860;1;;
445;577;1;1;
445;1476;1;1;
446;31;1;1;"{""type"": ""NodeConstraint"", ""values"": [""http://www.wikidata.org/entity/Q2668072""]}"
446;361;1;1;
446;195;1;1;
446;1476;1;1;
446;6224;1;1;
446;1225;0;1;
447;31;1;1;"{""type"": ""NodeConstraint"", ""values"": [""http://www.wikidata.org/entity/Q5""]}"
447;1186;1;1;
449;195;1;1;"{""type"": ""Shape"", ""expression"": {""type"": ""TripleConstraint"", ""predicate"": ""http://www.wikidata.org/prop/statement/P195"", ""valueExpr"": {""type"": ""NodeConstraint"", ""values"": [{""type"": ""IriStem"", ""stem"": ""http://www.wikidata.org/value""}]}}}"
45;17;1;1;
45;856;1;1;
45;571;1;1;
450;31;1;1;"{""type"": ""NodeConstraint"", ""values"": [""http://www.wikidata.org/entity/Q13406463""]}"
450;360;1;;"{""type"": ""NodeConstraint"", ""nodeKind"": ""iri""}"
450;155;0;1;
450;156;0;1;
453;31;1;;"{""type"": ""NodeConstraint"", ""nodeKind"": ""iri""}"
453;206;1;;"{""type"": ""NodeConstraint"", ""nodeKind"": ""iri""}"
453;402;0;;"{""type"": ""NodeConstraint"", ""nodeKind"": ""literal""}"
453;10689;0;;"{""type"": ""NodeConstraint"", ""nodeKind"": ""literal""}"
454;170;0;1;"{""type"": ""NodeConstraint"", ""nodeKind"": ""iri""}"
454;571;0;1;"{""type"": ""NodeConstraint"", ""datatype"": ""http://www.w3.org/2001/XMLSchema#dateTime""}"
454;276;0;1;"{""type"": ""NodeConstraint"", ""nodeKind"": ""iri""}"
454;195;0;1;"{""type"": ""NodeConstraint"", ""nodeKind"": ""iri""}"
454;1476;0;1;"{""type"": ""NodeConstraint"", ""datatype"": ""http://www.w3.org/2001/XMLSchema#string""}"
454;136;0;1;"{""type"": ""NodeConstraint"", ""nodeKind"": ""iri""}"
454;186;0;1;"{""type"": ""NodeConstraint"", ""nodeKind"": ""iri""}"
454;921;1;;"{""type"": ""NodeConstraint"", ""nodeKind"": ""iri""}"
454;18;0;1;"{""type"": ""NodeConstraint"", ""nodeKind"": ""iri""}"
454;973;0;1;"{""type"": ""NodeConstraint"", ""datatype"": ""http://www.w3.org/2001/XMLSchema#anyURI""}"
455;1476;0;1;"{""type"": ""NodeConstraint"", ""datatype"": ""http://www.w3.org/1999/02/22-rdf-syntax-ns#langString""}"
455;921;1;;"{""type"": ""NodeConstraint"", ""nodeKind"": ""iri""}"
455;580;0;1;"{""type"": ""NodeConstraint"", ""datatype"": ""http://www.w3.org/2001/XMLSchema#dateTime""}"
455;582;0;1;"{""type"": ""NodeConstraint"", ""datatype"": ""http://www.w3.org/2001/XMLSchema#dateTime""}"
455;2769;0;1;"{""type"": ""NodeConstraint"", ""datatype"": ""http://www.w3.org/2001/XMLSchema#decimal""}"
455;8329;1;;"{""type"": ""NodeConstraint"", ""nodeKind"": ""iri""}"
455;11858;1;1;"{""type"": ""NodeConstraint"", ""datatype"": ""http://www.w3.org/2001/XMLSchema#string"", ""pattern"": ""[0-9]{7}""}"
455;856;0;1;"{""type"": ""NodeConstraint"", ""nodeKind"": ""iri""}"
456;178;1;;"{""type"": ""NodeConstraint"", ""nodeKind"": ""iri""}"
456;400;0;;"{""type"": ""NodeConstraint"", ""nodeKind"": ""iri""}"
456;277;1;;"{""type"": ""NodeConstraint"", ""nodeKind"": ""iri""}"
456;306;1;;"{""type"": ""NodeConstraint"", ""nodeKind"": ""iri""}"
456;1324;0;;"{""type"": ""NodeConstraint"", ""nodeKind"": ""iri""}"
456;856;0;1;"{""type"": ""NodeConstraint"", ""nodeKind"": ""iri""}"
456;275;0;1;"{""type"": ""NodeConstraint"", ""nodeKind"": ""iri""}"
456;571;0;1;"{""type"": ""NodeConstraint"", ""datatype"": ""http://www.w3.org/2001/XMLSchema#dateTime""}"
456;348;0;1;"{""type"": ""NodeConstraint"", ""datatype"": ""http://www.w3.org/2001/XMLSchema#string""}"
456;156;0;;"{""type"": ""NodeConstraint"", ""nodeKind"": ""iri""}"
456;136;0;;"{""type"": ""NodeConstraint"", ""nodeKind"": ""iri""}"
456;2078;0;;"{""type"": ""NodeConstraint"", ""nodeKind"": ""iri""}"
457;176;0;;"{""type"": ""NodeConstraint"", ""nodeKind"": ""iri""}"
457;571;0;1;"{""type"": ""NodeConstraint"", ""datatype"": ""http://www.w3.org/2001/XMLSchema#dateTime""}"
457;5123;0;1;"{""type"": ""NodeConstraint"", ""datatype"": ""http://www.w3.org/2001/XMLSchema#dateTime""}"
457;137;0;;"{""type"": ""NodeConstraint"", ""nodeKind"": ""iri""}"
457;1196;0;;"{""type"": ""NodeConstraint"", ""nodeKind"": ""iri""}"
457;1629;0;;"{""type"": ""NodeConstraint"", ""nodeKind"": ""iri""}"
457;275;0;1;"{""type"": ""NodeConstraint"", ""nodeKind"": ""iri""}"
457;348;0;1;"{""type"": ""NodeConstraint"", ""datatype"": ""http://www.w3.org/2001/XMLSchema#string""}"
457;4878;0;;"{""type"": ""NodeConstraint"", ""nodeKind"": ""iri""}"
457;856;0;1;"{""type"": ""NodeConstraint"", ""nodeKind"": ""iri""}"
457;1324;0;;"{""type"": ""NodeConstraint"", ""nodeKind"": ""iri""}"
457;155;0;;"{""type"": ""NodeConstraint"", ""nodeKind"": ""iri""}"
457;156;0;;"{""type"": ""NodeConstraint"", ""nodeKind"": ""iri""}"
46;246;1;1;
46;1086;1;1;
461;31;1;;"{""type"": ""Shape"", ""expression"": {""type"": ""TripleConstraint"", ""predicate"": ""http://www.wikidata.org/prop/statement/P31"", ""valueExpr"": {""type"": ""NodeConstraint"", ""values"": [""http://www.wikidata.org/entity/Q5""]}}}"
461;21;1;;"{""type"": ""Shape"", ""expression"": {""type"": ""TripleConstraint"", ""predicate"": ""http://www.wikidata.org/prop/statement/P21"", ""valueExpr"": {""type"": ""NodeConstraint"", ""values"": [{""type"": ""IriStem"", ""stem"": ""http://www.wikidata.org/entity/""}]}}}"
461;2348;1;;"{""type"": ""Shape"", ""expression"": {""type"": ""TripleConstraint"", ""predicate"": ""http://www.wikidata.org/prop/statement/P2348"", ""valueExpr"": {""type"": ""NodeConstraint"", ""values"": [{""type"": ""IriStem"", ""stem"": ""http://www.wikidata.org/entity/""}]}}}"
465;17;0;1;
465;1027;0;1;
465;361;0;1;"{""type"": ""NodeConstraint"", ""nodeKind"": ""iri""}"
465;138;0;;"{""type"": ""NodeConstraint"", ""nodeKind"": ""iri""}"
465;910;0;1;
465;2517;0;1;
465;276;0;1;
465;527;0;;"{""type"": ""NodeConstraint"", ""nodeKind"": ""iri""}"
465;1424;0;1;
465;1889;0;;"{""type"": ""NodeConstraint"", ""nodeKind"": ""iri""}"
465;571;0;1;"{""type"": ""NodeConstraint"", ""datatype"": ""http://www.w3.org/2001/XMLSchema#dateTime""}"
465;856;0;1;"{""type"": ""NodeConstraint"", ""nodeKind"": ""iri""}"
465;373;0;1;"{""type"": ""NodeConstraint"", ""datatype"": ""http://www.w3.org/2001/XMLSchema#string""}"
465;2121;0;;"{""type"": ""NodeConstraint"", ""datatype"": ""http://www.w3.org/2001/XMLSchema#decimal""}"
465;576;0;1;"{""type"": ""NodeConstraint"", ""datatype"": ""http://www.w3.org/2001/XMLSchema#dateTime""}"
465;2257;0;1;"{""type"": ""NodeConstraint"", ""datatype"": ""http://www.w3.org/2001/XMLSchema#decimal""}"
465;973;0;;"{""type"": ""NodeConstraint"", ""nodeKind"": ""iri""}"
467;31;1;;"{""type"": ""NodeConstraint"", ""values"": [""http://www.wikidata.org/entity/Q1640824"", ""http://www.wikidata.org/entity/Q3567529""]}"
467;571;1;;"{""type"": ""Shape"", ""expression"": {""type"": ""EachOf"", ""expressions"": [{""type"": ""TripleConstraint"", ""predicate"": ""http://www.wikidata.org/prop/statement/P571""}, {""type"": ""TripleConstraint"", ""predicate"": ""http://www.wikidata.org/prop/qualifier/P1319"", ""min"": 0, ""max"": 1}, {""type"": ""TripleConstraint"", ""predicate"": ""http://www.wikidata.org/prop/qualifier/P1326"", ""min"": 0, ""max"": 1}]}}"
467;180;1;;
467;407;1;;
467;282;1;;
467;18;0;1;
467;2048;1;;"{""type"": ""NodeConstraint"", ""datatype"": ""http://www.w3.org/2001/XMLSchema#decimal""}"
467;2049;1;;"{""type"": ""NodeConstraint"", ""datatype"": ""http://www.w3.org/2001/XMLSchema#decimal""}"
467;5524;1;;"{""type"": ""NodeConstraint"", ""datatype"": ""http://www.w3.org/2001/XMLSchema#decimal""}"
467;186;1;;
467;189;1;;
467;575;1;;
467;276;1;;
467;195;0;;"{""type"": ""Shape"", ""expression"": {""type"": ""EachOf"", ""expressions"": [{""type"": ""TripleConstraint"", ""predicate"": ""http://www.wikidata.org/prop/statement/P195""}, {""type"": ""TripleConstraint"", ""predicate"": ""http://www.wikidata.org/prop/qualifier/P217"", ""min"": 0, ""max"": 1}]}}"
467;5816;1;;"{""type"": ""NodeConstraint"", ""values"": [""http://www.wikidata.org/entity/Q56557591"", ""http://www.wikidata.org/entity/Q75505084"", ""http://www.wikidata.org/entity/Q106379705"", ""http://www.wikidata.org/entity/Q107531416"", ""http://www.wikidata.org/entity/Q61962974"", ""http://www.wikidata.org/entity/Q66890153""]}"
467;1684;1;;"{""type"": ""Shape"", ""expression"": {""type"": ""EachOf"", ""expressions"": [{""type"": ""TripleConstraint"", ""predicate"": ""http://www.wikidata.org/prop/statement/P1684""}, {""type"": ""TripleConstraint"", ""predicate"": ""http://www.wikidata.org/prop/qualifier/P2441"", ""min"": 0, ""max"": -1}, {""type"": ""TripleConstraint"", ""predicate"": ""http://www.wikidata.org/prop/qualifier/P7008"", ""min"": 0, ""max"": 1}]}}"
467;1343;1;;
467;11708;0;1;
467;11299;0;1;
467;11273;0;1;
467;11656;0;1;
467;8532;0;1;
467;12495;0;1;
468;31;1;1;"{""type"": ""NodeConstraint"", ""values"": [""http://www.wikidata.org/entity/Q294414""]}"
468;279;1;1;"{""type"": ""NodeConstraint"", ""values"": [""http://www.wikidata.org/entity/Q2325081""]}"
468;361;1;1;"{""type"": ""NodeConstraint"", ""values"": [""http://www.wikidata.org/entity/Q1672817""]}"
468;17;1;1;"{""type"": ""NodeConstraint"", ""values"": [""http://www.wikidata.org/entity/Q27""]}"
468;1001;1;1;"{""type"": ""NodeConstraint"", ""values"": [""http://www.wikidata.org/entity/Q27""]}"
468;2389;1;1;
469;1476;0;1;"{""type"": ""NodeConstraint"", ""datatype"": ""http://www.w3.org/1999/02/22-rdf-syntax-ns#langString""}"
469;921;0;1;"{""type"": ""NodeConstraint"", ""nodeKind"": ""iri""}"
469;2093;0;;"{""type"": ""NodeConstraint"", ""datatype"": ""http://www.w3.org/2001/XMLSchema#string""}"
469;50;0;;"{""type"": ""NodeConstraint"", ""nodeKind"": ""iri""}"
469;407;0;1;"{""type"": ""NodeConstraint"", ""nodeKind"": ""iri""}"
469;953;1;;"{""type"": ""NodeConstraint"", ""nodeKind"": ""iri""}"
469;1433;1;1;"{""type"": ""NodeConstraint"", ""values"": [""http://www.wikidata.org/entity/Q130549584""]}"
469;571;0;1;"{""type"": ""NodeConstraint"", ""datatype"": ""http://www.w3.org/2001/XMLSchema#dateTime""}"
469;577;0;1;"{""type"": ""NodeConstraint"", ""datatype"": ""http://www.w3.org/2001/XMLSchema#dateTime""}"
469;5017;0;1;"{""type"": ""NodeConstraint"", ""datatype"": ""http://www.w3.org/2001/XMLSchema#dateTime""}"
469;6216;1;1;"{""type"": ""NodeConstraint"", ""values"": [""http://www.wikidata.org/entity/Q50423863""]}"
469;275;1;1;
47;527;1;1;
470;31;1;1;"{""type"": ""NodeConstraint"", ""values"": [""http://www.wikidata.org/entity/Q17299750""]}"
470;361;1;1;
470;154;1;1;
470;859;1;1;
470;276;1;1;
470;155;1;1;
470;156;0;1;
470;393;1;1;
470;580;1;1;
470;582;1;1;
470;664;1;1;"{""type"": ""NodeConstraint"", ""values"": [""http://www.wikidata.org/entity/Q1376366"", ""http://www.wikidata.org/entity/Q2030665"", ""http://www.wikidata.org/entity/Q1666379""]}"
470;1132;1;1;
470;1346;1;1;
470;2121;1;1;
470;8127;1;1;"{""type"": ""NodeConstraint"", ""values"": [""http://www.wikidata.org/entity/Q864897"", ""http://www.wikidata.org/entity/Q841144""]}"
470;11964;1;1;"{""type"": ""NodeConstraint"", ""values"": [""http://www.wikidata.org/entity/Q121568393"", ""http://www.wikidata.org/entity/Q84263257"", ""http://www.wikidata.org/entity/51036091"", ""http://www.wikidata.org/entity/Q1079023""]}"
471;18;0;1;"{""type"": ""NodeConstraint"", ""nodeKind"": ""iri""}"
471;276;0;;"{""type"": ""NodeConstraint"", ""nodeKind"": ""iri""}"
471;1476;0;;"{""type"": ""NodeConstraint"", ""datatype"": ""http://www.w3.org/1999/02/22-rdf-syntax-ns#langString""}"
471;1680;0;1;"{""type"": ""NodeConstraint"", ""datatype"": ""http://www.w3.org/1999/02/22-rdf-syntax-ns#langString""}"
471;50;0;;"{""type"": ""NodeConstraint"", ""nodeKind"": ""iri""}"
471;98;0;;"{""type"": ""NodeConstraint"", ""nodeKind"": ""iri""}"
471;110;0;;"{""type"": ""NodeConstraint"", ""nodeKind"": ""iri""}"
471;655;0;;"{""type"": ""NodeConstraint"", ""nodeKind"": ""iri""}"
471;767;0;;"{""type"": ""NodeConstraint"", ""nodeKind"": ""iri""}"
471;2093;0;;"{""type"": ""NodeConstraint"", ""datatype"": ""http://www.w3.org/2001/XMLSchema#string""}"
471;577;0;;"{""type"": ""NodeConstraint"", ""datatype"": ""http://www.w3.org/2001/XMLSchema#dateTime""}"
471;123;0;;"{""type"": ""NodeConstraint"", ""nodeKind"": ""iri""}"
471;291;0;;"{""type"": ""NodeConstraint"", ""nodeKind"": ""iri""}"
471;407;0;;"{""type"": ""NodeConstraint"", ""nodeKind"": ""iri""}"
471;953;0;;"{""type"": ""NodeConstraint"", ""nodeKind"": ""iri""}"
471;973;0;;"{""type"": ""NodeConstraint"", ""nodeKind"": ""iri""}"
471;996;0;;"{""type"": ""NodeConstraint"", ""nodeKind"": ""iri""}"
471;373;0;1;"{""type"": ""NodeConstraint"", ""datatype"": ""http://www.w3.org/2001/XMLSchema#string""}"
471;6216;0;;"{""type"": ""NodeConstraint"", ""nodeKind"": ""iri""}"
471;275;0;;"{""type"": ""NodeConstraint"", ""nodeKind"": ""iri""}"
471;6108;0;;"{""type"": ""NodeConstraint"", ""nodeKind"": ""iri""}"
471;243;0;;"{""type"": ""NodeConstraint"", ""datatype"": ""http://www.w3.org/2001/XMLSchema#string""}"
472;585;1;1;
472;2894;1;1;
473;1476;0;;"{""type"": ""NodeConstraint"", ""datatype"": ""http://www.w3.org/1999/02/22-rdf-syntax-ns#langString""}"
473;1680;0;;"{""type"": ""NodeConstraint"", ""datatype"": ""http://www.w3.org/1999/02/22-rdf-syntax-ns#langString""}"
473;50;0;;"{""type"": ""NodeConstraint"", ""nodeKind"": ""iri""}"
473;2093;0;;"{""type"": ""NodeConstraint"", ""datatype"": ""http://www.w3.org/2001/XMLSchema#string""}"
473;98;0;;"{""type"": ""NodeConstraint"", ""nodeKind"": ""iri""}"
473;655;0;;"{""type"": ""NodeConstraint"", ""nodeKind"": ""iri""}"
473;110;0;;"{""type"": ""NodeConstraint"", ""nodeKind"": ""iri""}"
473;123;0;;"{""type"": ""NodeConstraint"", ""nodeKind"": ""iri""}"
473;872;0;;"{""type"": ""NodeConstraint"", ""nodeKind"": ""iri""}"
473;291;0;;"{""type"": ""NodeConstraint"", ""nodeKind"": ""iri""}"
473;407;0;;"{""type"": ""NodeConstraint"", ""nodeKind"": ""iri""}"
473;577;0;;"{""type"": ""NodeConstraint"", ""datatype"": ""http://www.w3.org/2001/XMLSchema#dateTime""}"
473;629;0;;"{""type"": ""NodeConstraint"", ""nodeKind"": ""iri""}"
473;1104;0;;"{""type"": ""NodeConstraint"", ""datatype"": ""http://www.w3.org/2001/XMLSchema#decimal""}"
473;2635;0;;"{""type"": ""NodeConstraint"", ""datatype"": ""http://www.w3.org/2001/XMLSchema#decimal""}"
473;212;0;;"{""type"": ""NodeConstraint"", ""datatype"": ""http://www.w3.org/2001/XMLSchema#string""}"
473;957;0;;"{""type"": ""NodeConstraint"", ""datatype"": ""http://www.w3.org/2001/XMLSchema#string""}"
473;136;0;;"{""type"": ""NodeConstraint"", ""nodeKind"": ""iri""}"
473;921;0;;"{""type"": ""NodeConstraint"", ""nodeKind"": ""iri""}"
473;840;0;;"{""type"": ""NodeConstraint"", ""nodeKind"": ""iri""}"
473;276;0;;"{""type"": ""NodeConstraint"", ""nodeKind"": ""iri""}"
473;18;0;1;"{""type"": ""NodeConstraint"", ""nodeKind"": ""iri""}"
473;996;0;;"{""type"": ""NodeConstraint"", ""nodeKind"": ""iri""}"
473;973;0;;"{""type"": ""NodeConstraint"", ""nodeKind"": ""iri""}"
473;953;0;;"{""type"": ""NodeConstraint"", ""nodeKind"": ""iri""}"
473;373;0;1;"{""type"": ""NodeConstraint"", ""datatype"": ""http://www.w3.org/2001/XMLSchema#string""}"
473;6216;0;;"{""type"": ""NodeConstraint"", ""nodeKind"": ""iri""}"
473;275;0;;"{""type"": ""NodeConstraint"", ""nodeKind"": ""iri""}"
473;6108;0;;"{""type"": ""NodeConstraint"", ""nodeKind"": ""iri""}"
473;243;0;;"{""type"": ""NodeConstraint"", ""datatype"": ""http://www.w3.org/2001/XMLSchema#string""}"
476;18;0;1;"{""type"": ""NodeConstraint"", ""nodeKind"": ""iri""}"
476;276;0;;"{""type"": ""NodeConstraint"", ""nodeKind"": ""iri""}"
476;1476;0;;"{""type"": ""NodeConstraint"", ""datatype"": ""http://www.w3.org/1999/02/22-rdf-syntax-ns#langString""}"
476;1680;0;1;"{""type"": ""NodeConstraint"", ""datatype"": ""http://www.w3.org/1999/02/22-rdf-syntax-ns#langString""}"
476;50;0;;"{""type"": ""NodeConstraint"", ""nodeKind"": ""iri""}"
476;98;0;;"{""type"": ""NodeConstraint"", ""nodeKind"": ""iri""}"
476;110;0;;"{""type"": ""NodeConstraint"", ""nodeKind"": ""iri""}"
476;767;0;;"{""type"": ""NodeConstraint"", ""nodeKind"": ""iri""}"
476;2093;0;;"{""type"": ""NodeConstraint"", ""datatype"": ""http://www.w3.org/2001/XMLSchema#string""}"
476;571;0;;"{""type"": ""NodeConstraint"", ""datatype"": ""http://www.w3.org/2001/XMLSchema#dateTime""}"
476;407;0;;"{""type"": ""NodeConstraint"", ""nodeKind"": ""iri""}"
476;1071;0;;"{""type"": ""NodeConstraint"", ""nodeKind"": ""iri""}"
476;186;0;;"{""type"": ""NodeConstraint"", ""nodeKind"": ""iri""}"
476;953;0;;"{""type"": ""NodeConstraint"", ""nodeKind"": ""iri""}"
476;973;0;;"{""type"": ""NodeConstraint"", ""nodeKind"": ""iri""}"
476;996;0;;"{""type"": ""NodeConstraint"", ""nodeKind"": ""iri""}"
476;373;0;1;"{""type"": ""NodeConstraint"", ""datatype"": ""http://www.w3.org/2001/XMLSchema#string""}"
476;6216;0;;"{""type"": ""NodeConstraint"", ""nodeKind"": ""iri""}"
476;275;0;;"{""type"": ""NodeConstraint"", ""nodeKind"": ""iri""}"
476;6108;0;;"{""type"": ""NodeConstraint"", ""nodeKind"": ""iri""}"
476;243;0;;"{""type"": ""NodeConstraint"", ""datatype"": ""http://www.w3.org/2001/XMLSchema#string""}"
480;1433;1;1;"{""type"": ""NodeConstraint"", ""values"": [""http://www.wikidata.org/entity/Q27211732""]}"
480;8372;1;1;"{""type"": ""NodeConstraint"", ""datatype"": ""http://www.w3.org/2001/XMLSchema#string""}"
481;297;1;1;"{""type"": ""NodeConstraint"", ""datatype"": ""http://www.w3.org/2001/XMLSchema#string""}"
481;298;0;1;"{""type"": ""NodeConstraint"", ""datatype"": ""http://www.w3.org/2001/XMLSchema#string""}"
481;1082;0;1;"{""type"": ""NodeConstraint"", ""datatype"": ""http://www.w3.org/2001/XMLSchema#integer""}"
481;2046;0;1;"{""type"": ""NodeConstraint"", ""datatype"": ""http://www.w3.org/2001/XMLSchema#decimal""}"
481;2131;0;1;"{""type"": ""NodeConstraint"", ""datatype"": ""http://www.w3.org/2001/XMLSchema#decimal""}"
481;2132;0;1;"{""type"": ""NodeConstraint"", ""datatype"": ""http://www.w3.org/2001/XMLSchema#decimal""}"
481;571;0;1;"{""type"": ""NodeConstraint"", ""datatype"": ""http://www.w3.org/2001/XMLSchema#dateTime""}"
481;41;0;1;"{""type"": ""NodeConstraint"", ""nodeKind"": ""iri""}"
481;94;0;1;"{""type"": ""NodeConstraint"", ""nodeKind"": ""iri""}"
481;625;0;1;"{""type"": ""NodeConstraint"", ""datatype"": ""http://www.opengis.net/ont/geosparql#wktLiteral""}"
481;463;0;;"{""type"": ""NodeConstraint"", ""values"": [""http://www.wikidata.org/entity/Q1065"", ""http://www.wikidata.org/entity/Q324143"", ""http://www.wikidata.org/entity/Q27513""]}"
481;-1;1;;"{""type"": ""NodeConstraint"", ""datatype"": ""http://www.w3.org/1999/02/22-rdf-syntax-ns#langString""}"
487;1476;0;;"{""type"": ""NodeConstraint"", ""datatype"": ""http://www.w3.org/1999/02/22-rdf-syntax-ns#langString""}"
487;1680;0;;"{""type"": ""NodeConstraint"", ""datatype"": ""http://www.w3.org/1999/02/22-rdf-syntax-ns#langString""}"
487;50;0;;"{""type"": ""NodeConstraint"", ""nodeKind"": ""iri""}"
487;2093;0;;"{""type"": ""NodeConstraint"", ""datatype"": ""http://www.w3.org/2001/XMLSchema#string""}"
487;98;0;;"{""type"": ""NodeConstraint"", ""nodeKind"": ""iri""}"
487;655;0;;"{""type"": ""NodeConstraint"", ""nodeKind"": ""iri""}"
487;110;0;;"{""type"": ""NodeConstraint"", ""nodeKind"": ""iri""}"
487;123;0;;"{""type"": ""NodeConstraint"", ""nodeKind"": ""iri""}"
487;872;0;;"{""type"": ""NodeConstraint"", ""nodeKind"": ""iri""}"
487;291;0;;"{""type"": ""NodeConstraint"", ""nodeKind"": ""iri""}"
487;407;0;;"{""type"": ""NodeConstraint"", ""nodeKind"": ""iri""}"
487;577;0;;"{""type"": ""NodeConstraint"", ""datatype"": ""http://www.w3.org/2001/XMLSchema#dateTime""}"
487;629;0;;"{""type"": ""NodeConstraint"", ""nodeKind"": ""iri""}"
487;1104;0;;"{""type"": ""NodeConstraint"", ""datatype"": ""http://www.w3.org/2001/XMLSchema#decimal""}"
487;2635;0;;"{""type"": ""NodeConstraint"", ""datatype"": ""http://www.w3.org/2001/XMLSchema#decimal""}"
487;212;0;;"{""type"": ""NodeConstraint"", ""datatype"": ""http://www.w3.org/2001/XMLSchema#string""}"
487;957;0;;"{""type"": ""NodeConstraint"", ""datatype"": ""http://www.w3.org/2001/XMLSchema#string""}"
487;136;0;;"{""type"": ""NodeConstraint"", ""nodeKind"": ""iri""}"
487;921;0;;"{""type"": ""NodeConstraint"", ""nodeKind"": ""iri""}"
487;840;0;;"{""type"": ""NodeConstraint"", ""nodeKind"": ""iri""}"
487;276;0;;"{""type"": ""NodeConstraint"", ""nodeKind"": ""iri""}"
487;18;0;1;"{""type"": ""NodeConstraint"", ""nodeKind"": ""iri""}"
487;996;0;;"{""type"": ""NodeConstraint"", ""nodeKind"": ""iri""}"
487;973;0;;"{""type"": ""NodeConstraint"", ""nodeKind"": ""iri""}"
487;953;0;;"{""type"": ""NodeConstraint"", ""nodeKind"": ""iri""}"
487;373;0;1;"{""type"": ""NodeConstraint"", ""datatype"": ""http://www.w3.org/2001/XMLSchema#string""}"
487;6216;0;;"{""type"": ""NodeConstraint"", ""nodeKind"": ""iri""}"
487;275;0;;"{""type"": ""NodeConstraint"", ""nodeKind"": ""iri""}"
487;6108;0;;"{""type"": ""NodeConstraint"", ""nodeKind"": ""iri""}"
487;243;0;;"{""type"": ""NodeConstraint"", ""datatype"": ""http://www.w3.org/2001/XMLSchema#string""}"
488;18;0;1;"{""type"": ""NodeConstraint"", ""nodeKind"": ""iri""}"
488;276;0;;"{""type"": ""NodeConstraint"", ""nodeKind"": ""iri""}"
488;1476;0;;"{""type"": ""NodeConstraint"", ""datatype"": ""http://www.w3.org/1999/02/22-rdf-syntax-ns#langString""}"
488;1680;0;1;"{""type"": ""NodeConstraint"", ""datatype"": ""http://www.w3.org/1999/02/22-rdf-syntax-ns#langString""}"
488;50;0;;"{""type"": ""NodeConstraint"", ""nodeKind"": ""iri""}"
488;98;0;;"{""type"": ""NodeConstraint"", ""nodeKind"": ""iri""}"
488;110;0;;"{""type"": ""NodeConstraint"", ""nodeKind"": ""iri""}"
488;767;0;;"{""type"": ""NodeConstraint"", ""nodeKind"": ""iri""}"
488;2093;0;;"{""type"": ""NodeConstraint"", ""datatype"": ""http://www.w3.org/2001/XMLSchema#string""}"
488;577;0;;"{""type"": ""NodeConstraint"", ""datatype"": ""http://www.w3.org/2001/XMLSchema#dateTime""}"
488;872;0;;"{""type"": ""NodeConstraint"", ""nodeKind"": ""iri""}"
488;291;0;;"{""type"": ""NodeConstraint"", ""nodeKind"": ""iri""}"
488;407;0;;"{""type"": ""NodeConstraint"", ""nodeKind"": ""iri""}"
488;953;0;;"{""type"": ""NodeConstraint"", ""nodeKind"": ""iri""}"
488;973;0;;"{""type"": ""NodeConstraint"", ""nodeKind"": ""iri""}"
488;996;0;;"{""type"": ""NodeConstraint"", ""nodeKind"": ""iri""}"
488;373;0;1;"{""type"": ""NodeConstraint"", ""datatype"": ""http://www.w3.org/2001/XMLSchema#string""}"
488;6216;0;;"{""type"": ""NodeConstraint"", ""nodeKind"": ""iri""}"
488;275;0;;"{""type"": ""NodeConstraint"", ""nodeKind"": ""iri""}"
488;6108;0;;"{""type"": ""NodeConstraint"", ""nodeKind"": ""iri""}"
488;243;0;;"{""type"": ""NodeConstraint"", ""datatype"": ""http://www.w3.org/2001/XMLSchema#string""}"
488;1679;0;;"{""type"": ""NodeConstraint"", ""datatype"": ""http://www.w3.org/2001/XMLSchema#string""}"
488;847;0;;"{""type"": ""NodeConstraint"", ""datatype"": ""http://www.w3.org/2001/XMLSchema#string""}"
488;2580;0;;"{""type"": ""NodeConstraint"", ""datatype"": ""http://www.w3.org/2001/XMLSchema#string""}"
490;31;1;1;"{""type"": ""NodeConstraint"", ""values"": [""http://www.wikidata.org/entity/Q5""]}"
490;1331;1;1;
492;31;1;1;
492;571;1;1;
492;17;0;1;
492;3896;0;1;
492;402;0;1;
492;576;0;1;
492;1366;0;1;
492;1365;0;1;
495;1476;1;1;
495;580;0;1;
495;1619;0;1;
495;582;0;1;
495;3999;0;1;
495;856;0;1;
496;1476;1;1;
496;17;1;1;
496;131;1;1;
496;276;1;1;
496;580;0;1;
496;1619;0;1;
496;582;0;1;
496;3999;0;1;
496;179;0;1;
50;1001;1;1;
50;571;1;1;
50;18;1;1;
50;462;1;;
50;1419;1;1;
51;1412;6;;
52;1705;1;1;
52;282;1;1;"{""type"": ""NodeConstraint"", ""values"": [""http://www.wikidata.org/entity/Q8229""]}"
52;407;1;1;"{""type"": ""NodeConstraint"", ""values"": [""http://www.wikidata.org/entity/Q1321"", ""http://www.wikidata.org/entity/Q7026"", ""http://www.wikidata.org/entity/Q8752"", ""http://www.wikidata.org/entity/Q9307"", ""http://www.wikidata.org/entity/Q5146""]}"
52;460;1;;
54;1343;0;;"{""type"": ""NodeConstraint"", ""nodeKind"": ""iri""}"
54;5323;0;;"{""type"": ""NodeConstraint"", ""nodeKind"": ""iri""}"
54;5238;0;4;"{""type"": ""NodeConstraint"", ""nodeKind"": ""iri""}"
54;5191;0;;"{""type"": ""NodeConstraint"", ""nodeKind"": ""iri""}"
57;31;1;1;"{""type"": ""NodeConstraint"", ""values"": [""http://www.wikidata.org/entity/Q51404"", ""http://www.wikidata.org/entity/Q27968055""]}"
57;17;1;1;
57;106;1;1;"{""type"": ""NodeConstraint"", ""values"": [""http://www.wikidata.org/entity/Q33999""]}"
57;361;1;1;
57;585;1;1;
57;155;1;1;
58;18;1;1;
58;462;1;;
59;31;1;1;
59;279;0;1;
59;2888;1;1;
59;361;1;1;
59;3811;1;1;
60;9072;1;1;
60;1343;1;;
60;2888;1;;
60;5166;0;1;
60;3289;1;1;
61;31;1;1;"{""type"": ""Shape"", ""expression"": {""type"": ""TripleConstraint"", ""predicate"": ""http://www.wikidata.org/prop/statement/P31"", ""valueExpr"": {""type"": ""NodeConstraint"", ""nodeKind"": ""iri""}, ""min"": 0, ""max"": -1}}"
61;21;1;1;"{""type"": ""Shape"", ""expression"": {""type"": ""TripleConstraint"", ""predicate"": ""http://www.wikidata.org/prop/statement/P21"", ""valueExpr"": {""type"": ""NodeConstraint"", ""values"": [""http://www.wikidata.org/entity/Q44148"", ""http://www.wikidata.org/entity/Q43445""]}}}"
61;18;0;1;"{""type"": ""Shape"", ""expression"": {""type"": ""TripleConstraint"", ""predicate"": ""http://www.wikidata.org/prop/statement/P18"", ""valueExpr"": {""type"": ""NodeConstraint"", ""nodeKind"": ""iri""}, ""min"": 0, ""max"": -1}}"
61;19;0;1;"{""type"": ""Shape"", ""expression"": {""type"": ""TripleConstraint"", ""predicate"": ""http://www.wikidata.org/prop/statement/P19"", ""valueExpr"": {""type"": ""NodeConstraint"", ""nodeKind"": ""iri""}, ""min"": 0, ""max"": -1}}"
61;138;0;1;"{""type"": ""Shape"", ""expression"": {""type"": ""TripleConstraint"", ""predicate"": ""http://www.wikidata.org/prop/statement/P138"", ""valueExpr"": {""type"": ""NodeConstraint"", ""nodeKind"": ""iri""}, ""min"": 0, ""max"": -1}}"
61;569;0;1;"{""type"": ""Shape"", ""expression"": {""type"": ""EachOf"", ""expressions"": [{""type"": ""TripleConstraint"", ""predicate"": ""http://www.wikidata.org/prop/statement/value/P569"", ""valueExpr"": {""type"": ""NodeConstraint"", ""nodeKind"": ""iri""}, ""min"": 0, ""max"": -1}, {""type"": ""TripleConstraint"", ""predicate"": ""http://www.wikidata.org/prop/statement/P569"", ""valueExpr"": {""type"": ""NodeConstraint"", ""datatype"": ""http://www.w3.org/2001/XMLSchema#dateTime""}, ""min"": 0, ""max"": -1}]}}"
61;373;0;1;"{""type"": ""Shape"", ""expression"": {""type"": ""TripleConstraint"", ""predicate"": ""http://www.wikidata.org/prop/statement/P373"", ""valueExpr"": {""type"": ""NodeConstraint"", ""datatype"": ""http://www.w3.org/2001/XMLSchema#string""}, ""min"": 0, ""max"": -1}}"
61;40;0;1;"{""type"": ""Shape"", ""expression"": {""type"": ""TripleConstraint"", ""predicate"": ""http://www.wikidata.org/prop/statement/P40"", ""valueExpr"": {""type"": ""NodeConstraint"", ""nodeKind"": ""iri""}, ""min"": 0, ""max"": -1}}"
61;22;0;1;"{""type"": ""Shape"", ""expression"": {""type"": ""TripleConstraint"", ""predicate"": ""http://www.wikidata.org/prop/statement/P22"", ""valueExpr"": {""type"": ""NodeConstraint"", ""nodeKind"": ""iri""}, ""min"": 0, ""max"": -1}}"
61;2002;0;1;"{""type"": ""Shape"", ""expression"": {""type"": ""TripleConstraint"", ""predicate"": ""http://www.wikidata.org/prop/statement/P2002"", ""valueExpr"": {""type"": ""NodeConstraint"", ""datatype"": ""http://www.w3.org/2001/XMLSchema#string""}, ""min"": 0, ""max"": -1}}"
61;570;0;1;"{""type"": ""Shape"", ""expression"": {""type"": ""EachOf"", ""expressions"": [{""type"": ""TripleConstraint"", ""predicate"": ""http://www.wikidata.org/prop/statement/P570"", ""valueExpr"": {""type"": ""NodeConstraint"", ""datatype"": ""http://www.w3.org/2001/XMLSchema#dateTime""}, ""min"": 0, ""max"": -1}, {""type"": ""TripleConstraint"", ""predicate"": ""http://www.wikidata.org/prop/statement/value/P570"", ""valueExpr"": {""type"": ""NodeConstraint"", ""nodeKind"": ""iri""}, ""min"": 0, ""max"": -1}]}}"
62;5187;1;1;"{""type"": ""NodeConstraint"", ""values"": [{""type"": ""Language"", ""languageTag"": ""da""}]}"
62;6140;1;1;
62;5831;1;;
62;31;0;;"{""type"": ""NodeConstraint"", ""values"": [""http://www.wikidata.org/entity/Q468801"", ""http://www.wikidata.org/entity/Q953129"", ""http://www.wikidata.org/entity/Q1462657"", ""http://www.wikidata.org/entity/Q1502460"", ""http://www.wikidata.org/entity/Q54310231"", ""http://www.wikidata.org/entity/Q61202164"", ""http://www.wikidata.org/entity/Q61439673""]}"
62;1343;0;;"{""type"": ""NodeConstraint"", ""nodeKind"": ""iri""}"
63;31;1;1;
63;1050;1;1;
63;1199;1;1;
63;1343;1;;
63;3433;1;1;
63;1929;1;1;
63;3331;1;;
64;225;1;1;"{""type"": ""Shape"", ""expression"": {""type"": ""TripleConstraint"", ""predicate"": ""http://www.wikidata.org/prop/statement/P225"", ""valueExpr"": {""type"": ""NodeConstraint"", ""datatype"": ""http://www.w3.org/2001/XMLSchema#string""}}}"
64;171;1;1;"{""type"": ""Shape"", ""expression"": {""type"": ""TripleConstraint"", ""predicate"": ""http://www.wikidata.org/prop/statement/P171"", ""valueExpr"": {""type"": ""Shape"", ""extra"": [""http://www.wikidata.org/prop/direct/P31""], ""expression"": {""type"": ""TripleConstraint"", ""predicate"": ""http://www.wikidata.org/prop/direct/P31"", ""valueExpr"": {""type"": ""NodeConstraint"", ""values"": [""http://www.wikidata.org/entity/Q16521""]}}}}}"
64;685;1;1;"{""type"": ""Shape"", ""expression"": {""type"": ""EachOf"", ""expressions"": [{""type"": ""TripleConstraint"", ""predicate"": ""http://www.wikidata.org/prop/statement/P685"", ""valueExpr"": {""type"": ""NodeConstraint"", ""datatype"": ""http://www.w3.org/2001/XMLSchema#string""}}, {""type"": ""TripleConstraint"", ""predicate"": ""http://www.wikidata.org/prop/statement/value-normalized/P685"", ""valueExpr"": {""type"": ""NodeConstraint"", ""values"": [{""type"": ""IriStem"", ""stem"": ""http://purl.uniprot.org/taxonomy/""}]}}]}}"
64;2597;0;1;"{""type"": ""Shape"", ""expression"": {""type"": ""TripleConstraint"", ""predicate"": ""http://www.wikidata.org/prop/statement/P2597"", ""valueExpr"": {""type"": ""NodeConstraint"", ""values"": [""http://www.wikidata.org/entity/Q632006"", ""http://www.wikidata.org/entity/Q857288""]}}}"
64;4333;0;;"{""type"": ""Shape"", ""expression"": {""type"": ""TripleConstraint"", ""predicate"": ""http://www.wikidata.org/prop/statement/P4333"", ""valueExpr"": {""type"": ""NodeConstraint"", ""datatype"": ""http://www.w3.org/2001/XMLSchema#string""}}}"
64;2143;0;;"{""type"": ""Shape"", ""expression"": {""type"": ""TripleConstraint"", ""predicate"": ""http://www.wikidata.org/prop/statement/P2143"", ""valueExpr"": {""type"": ""NodeConstraint"", ""datatype"": ""http://www.w3.org/2001/XMLSchema#decimal""}}}"
64;2974;0;;"{""type"": ""Shape"", ""expression"": {""type"": ""TripleConstraint"", ""predicate"": ""http://www.wikidata.org/prop/statement/P2974"", ""valueExpr"": {""type"": ""NodeConstraint"", ""values"": [{""type"": ""IriStem"", ""stem"": ""http://www.wikidata.org/entity/""}]}}}"
64;2975;0;;"{""type"": ""Shape"", ""expression"": {""type"": ""TripleConstraint"", ""predicate"": ""http://www.wikidata.org/prop/statement/P2975"", ""valueExpr"": {""type"": ""Shape"", ""expression"": {""type"": ""TripleConstraint"", ""predicate"": ""http://www.wikidata.org/prop/direct/P31"", ""valueExpr"": {""type"": ""NodeConstraint"", ""values"": [""http://www.wikidata.org/entity/Q16521""]}}}}}"
64;3251;0;1;"{""type"": ""Shape"", ""expression"": {""type"": ""TripleConstraint"", ""predicate"": ""http://www.wikidata.org/prop/statement/value/P3251"", ""valueExpr"": ""#temperature_value""}}"
64;3252;0;1;"{""type"": ""Shape"", ""expression"": {""type"": ""TripleConstraint"", ""predicate"": ""http://www.wikidata.org/prop/statement/value/P3252"", ""valueExpr"": ""#temperature_value""}}"
64;3253;0;1;"{""type"": ""Shape"", ""expression"": {""type"": ""TripleConstraint"", ""predicate"": ""http://www.wikidata.org/prop/statement/value/P3253"", ""valueExpr"": ""#temperature_value""}}"
65;5187;1;1;"{""type"": ""NodeConstraint"", ""values"": [{""type"": ""Language"", ""languageTag"": ""da""}]}"
65;31;1;1;"{""type"": ""ShapeAnd"", ""shapeExprs"": [{""type"": ""NodeConstraint"", ""datatype"": ""http://www.wikidata.org/entity/Q245423""}, {""type"": ""NodeConstraint"", ""values"": [""http://www.wikidata.org/entity/Q1329258"", ""http://www.wikidata.org/entity/Q923933""]}]}"
65;5831;1;;
67;1027;0;1;"{""type"": ""Shape"", ""expression"": {""type"": ""TripleConstraint"", ""predicate"": ""http://www.wikidata.org/prop/statement/P1027"", ""valueExpr"": {""type"": ""NodeConstraint"", ""nodeKind"": ""iri""}, ""min"": 0, ""max"": -1}}"
67;1346;0;1;
67;5460;0;1;
67;17;0;1;"{""type"": ""Shape"", ""expression"": {""type"": ""TripleConstraint"", ""predicate"": ""http://www.wikidata.org/prop/statement/P17"", ""valueExpr"": {""type"": ""NodeConstraint"", ""nodeKind"": ""iri""}, ""min"": 0, ""max"": -1}}"
67;373;0;1;"{""type"": ""Shape"", ""expression"": {""type"": ""TripleConstraint"", ""predicate"": ""http://www.wikidata.org/prop/statement/P373"", ""valueExpr"": {""type"": ""NodeConstraint"", ""datatype"": ""http://www.w3.org/2001/XMLSchema#string""}, ""min"": 0, ""max"": -1}}"
67;3730;0;1;"{""type"": ""Shape"", ""expression"": {""type"": ""TripleConstraint"", ""predicate"": ""http://www.wikidata.org/prop/statement/P3730"", ""valueExpr"": {""type"": ""NodeConstraint"", ""nodeKind"": ""iri""}, ""min"": 0, ""max"": -1}}"
67;138;0;1;"{""type"": ""Shape"", ""expression"": {""type"": ""TripleConstraint"", ""predicate"": ""http://www.wikidata.org/prop/statement/P138"", ""valueExpr"": {""type"": ""NodeConstraint"", ""nodeKind"": ""iri""}, ""min"": 0, ""max"": -1}}"
67;279;0;1;"{""type"": ""Shape"", ""expression"": {""type"": ""TripleConstraint"", ""predicate"": ""http://www.wikidata.org/prop/statement/P279"", ""valueExpr"": {""type"": ""NodeConstraint"", ""nodeKind"": ""iri""}, ""min"": 0, ""max"": -1}}"
67;361;0;1;"{""type"": ""Shape"", ""expression"": {""type"": ""TripleConstraint"", ""predicate"": ""http://www.wikidata.org/prop/statement/P361"", ""valueExpr"": {""type"": ""NodeConstraint"", ""nodeKind"": ""iri""}, ""min"": 0, ""max"": -1}}"
67;131;0;1;"{""type"": ""Shape"", ""expression"": {""type"": ""TripleConstraint"", ""predicate"": ""http://www.wikidata.org/prop/statement/P131"", ""valueExpr"": {""type"": ""NodeConstraint"", ""nodeKind"": ""iri""}, ""min"": 0, ""max"": -1}}"
67;571;0;1;"{""type"": ""Shape"", ""expression"": {""type"": ""EachOf"", ""expressions"": [{""type"": ""TripleConstraint"", ""predicate"": ""http://www.wikidata.org/prop/statement/P571"", ""valueExpr"": {""type"": ""NodeConstraint"", ""datatype"": ""http://www.w3.org/2001/XMLSchema#dateTime""}, ""min"": 0, ""max"": -1}, {""type"": ""TripleConstraint"", ""predicate"": ""http://www.wikidata.org/prop/statement/value/P571"", ""valueExpr"": {""type"": ""NodeConstraint"", ""nodeKind"": ""iri""}, ""min"": 0, ""max"": -1}]}}"
67;2517;0;1;"{""type"": ""Shape"", ""expression"": {""type"": ""TripleConstraint"", ""predicate"": ""http://www.wikidata.org/prop/statement/P2517"", ""valueExpr"": {""type"": ""NodeConstraint"", ""nodeKind"": ""iri""}, ""min"": 0, ""max"": -1}}"
67;2425;0;1;"{""type"": ""Shape"", ""expression"": {""type"": ""TripleConstraint"", ""predicate"": ""http://www.wikidata.org/prop/statement/P2425"", ""valueExpr"": {""type"": ""NodeConstraint"", ""nodeKind"": ""iri""}, ""min"": 0, ""max"": -1}}"
67;856;0;1;"{""type"": ""Shape"", ""expression"": {""type"": ""TripleConstraint"", ""predicate"": ""http://www.wikidata.org/prop/statement/P856"", ""valueExpr"": {""type"": ""NodeConstraint"", ""nodeKind"": ""iri""}, ""min"": 0, ""max"": -1}}"
67;3729;0;1;"{""type"": ""Shape"", ""expression"": {""type"": ""TripleConstraint"", ""predicate"": ""http://www.wikidata.org/prop/statement/P3729"", ""valueExpr"": {""type"": ""NodeConstraint"", ""nodeKind"": ""iri""}, ""min"": 0, ""max"": -1}}"
67;112;0;1;"{""type"": ""Shape"", ""expression"": {""type"": ""TripleConstraint"", ""predicate"": ""http://www.wikidata.org/prop/statement/P112"", ""valueExpr"": {""type"": ""NodeConstraint"", ""nodeKind"": ""iri""}, ""min"": 0, ""max"": -1}}"
70;31;1;1;
70;3433;1;1;
71;131;1;1;
72;274;0;;"{""type"": ""Shape"", ""expression"": {""type"": ""EachOf"", ""expressions"": [{""type"": ""TripleConstraint"", ""predicate"": ""http://www.wikidata.org/prop/statement/P274"", ""valueExpr"": {""type"": ""NodeConstraint"", ""nodeKind"": ""literal""}}, {""type"": ""TripleConstraint"", ""predicate"": ""http://www.w3.org/ns/prov#wasDerivedFrom"", ""valueExpr"": ""#reference"", ""min"": 1, ""max"": -1}]}}"
72;3781;1;1;"{""type"": ""Shape"", ""expression"": {""type"": ""TripleConstraint"", ""predicate"": ""http://www.wikidata.org/prop/statement/P3781"", ""valueExpr"": {""type"": ""Shape"", ""expression"": {""type"": ""TripleConstraint"", ""predicate"": ""http://www.wikidata.org/prop/P31"", ""valueExpr"": {""type"": ""Shape"", ""expression"": {""type"": ""TripleConstraint"", ""predicate"": ""http://www.wikidata.org/prop/statement/P31"", ""valueExpr"": {""type"": ""NodeConstraint"", ""values"": [""http://www.wikidata.org/entity/Q11344""]}, ""min"": 1, ""max"": -1}}}}, ""min"": 0, ""max"": -1}}"
73;571;0;1;"{""type"": ""NodeConstraint"", ""datatype"": ""http://www.w3.org/2001/XMLSchema#dateTime""}"
73;159;0;;"{""type"": ""NodeConstraint"", ""values"": [{""type"": ""IriStem"", ""stem"": ""http://www.wikidata.org/entity""}]}"
734;3878;1;1;
734;282;1;1;
734;1705;1;1;
735;1705;1;1;
735;282;1;1;"{""type"": ""NodeConstraint"", ""values"": [""http://www.wikidata.org/entity/Q8196"", ""http://www.wikidata.org/entity/Q8201"", ""http://www.wikidata.org/entity/Q8209"", ""http://www.wikidata.org/entity/Q8216"", ""http://www.wikidata.org/entity/Q8222"", ""http://www.wikidata.org/entity/Q8229"", ""http://www.wikidata.org/entity/Q11932"", ""http://www.wikidata.org/entity/Q33513"", ""http://www.wikidata.org/entity/Q38592"", ""http://www.wikidata.org/entity/Q82772""]}"
76;5187;1;1;"{""type"": ""NodeConstraint"", ""values"": [{""type"": ""Language"", ""languageTag"": ""da""}]}"
76;6140;1;1;
76;5912;1;1;
79;279;0;;"{""type"": ""Shape"", ""expression"": {""type"": ""TripleConstraint"", ""predicate"": ""http://www.wikidata.org/prop/statement/P279"", ""valueExpr"": {""type"": ""NodeConstraint"", ""nodeKind"": ""iri""}}}"
80;31;1;1;"{""type"": ""Shape"", ""expression"": {""type"": ""TripleConstraint"", ""predicate"": ""http://www.wikidata.org/prop/statement/P31"", ""valueExpr"": {""type"": ""Shape"", ""expression"": {""type"": ""TripleConstraint"", ""predicate"": ""http://www.wikidata.org/prop/P279"", ""valueExpr"": {""type"": ""Shape"", ""expression"": {""type"": ""TripleConstraint"", ""predicate"": ""http://www.wikidata.org/prop/statement/P279"", ""valueExpr"": {""type"": ""NodeConstraint"", ""values"": [""http://www.wikidata.org/entity/Q8072"", ""http://www.wikidata.org/entity/Q8502""]}}}, ""min"": 1, ""max"": -1}}}}"
80;625;1;;"{""type"": ""Shape"", ""expression"": {""type"": ""EachOf"", ""expressions"": [{""type"": ""TripleConstraint"", ""predicate"": ""http://www.wikidata.org/prop/statement/value/P625"", ""valueExpr"": {""type"": ""NodeConstraint"", ""nodeKind"": ""iri""}, ""min"": 0, ""max"": -1}, {""type"": ""TripleConstraint"", ""predicate"": ""http://www.wikidata.org/prop/statement/P625"", ""valueExpr"": {""type"": ""NodeConstraint"", ""datatype"": ""http://www.opengis.net/ont/geosparql#wktLiteral""}, ""min"": 0, ""max"": -1}]}}"
80;17;1;1;"{""type"": ""Shape"", ""expression"": {""type"": ""TripleConstraint"", ""predicate"": ""http://www.wikidata.org/prop/statement/P17"", ""valueExpr"": {""type"": ""NodeConstraint"", ""nodeKind"": ""iri""}, ""min"": 0, ""max"": -1}}"
80;131;0;;"{""type"": ""Shape"", ""expression"": {""type"": ""TripleConstraint"", ""predicate"": ""http://www.wikidata.org/prop/statement/P131"", ""valueExpr"": {""type"": ""NodeConstraint"", ""nodeKind"": ""iri""}, ""min"": 0, ""max"": -1}}"
80;2044;0;;"{""type"": ""Shape"", ""expression"": {""type"": ""EachOf"", ""expressions"": [{""type"": ""TripleConstraint"", ""predicate"": ""http://www.wikidata.org/prop/statement/value-normalized/P2044"", ""valueExpr"": {""type"": ""NodeConstraint"", ""nodeKind"": ""iri""}, ""min"": 0, ""max"": -1}, {""type"": ""TripleConstraint"", ""predicate"": ""http://www.wikidata.org/prop/statement/value/P2044"", ""valueExpr"": {""type"": ""NodeConstraint"", ""nodeKind"": ""iri""}, ""min"": 0, ""max"": -1}, {""type"": ""TripleConstraint"", ""predicate"": ""http://www.wikidata.org/prop/statement/P2044"", ""valueExpr"": {""type"": ""NodeConstraint"", ""datatype"": ""http://www.w3.org/2001/XMLSchema#decimal""}, ""min"": 0, ""max"": -1}]}}"
80;373;0;1;"{""type"": ""Shape"", ""expression"": {""type"": ""TripleConstraint"", ""predicate"": ""http://www.wikidata.org/prop/statement/P373"", ""valueExpr"": {""type"": ""NodeConstraint"", ""datatype"": ""http://www.w3.org/2001/XMLSchema#string""}, ""min"": 0, ""max"": -1}}"
80;18;0;1;"{""type"": ""Shape"", ""expression"": {""type"": ""TripleConstraint"", ""predicate"": ""http://www.wikidata.org/prop/statement/P18"", ""valueExpr"": {""type"": ""NodeConstraint"", ""nodeKind"": ""iri""}, ""min"": 0, ""max"": -1}}"
80;30;0;1;"{""type"": ""Shape"", ""expression"": {""type"": ""TripleConstraint"", ""predicate"": ""http://www.wikidata.org/prop/statement/P30"", ""valueExpr"": {""type"": ""NodeConstraint"", ""nodeKind"": ""iri""}, ""min"": 0, ""max"": -1}}"
80;186;0;1;"{""type"": ""Shape"", ""expression"": {""type"": ""TripleConstraint"", ""predicate"": ""http://www.wikidata.org/prop/statement/P186"", ""valueExpr"": {""type"": ""NodeConstraint"", ""nodeKind"": ""iri""}, ""min"": 0, ""max"": -1}}"
80;3815;0;1;"{""type"": ""Shape"", ""expression"": {""type"": ""TripleConstraint"", ""predicate"": ""http://www.wikidata.org/prop/statement/P3815"", ""valueExpr"": {""type"": ""NodeConstraint"", ""nodeKind"": ""iri""}, ""min"": 0, ""max"": -1}}"
80;2660;0;;"{""type"": ""Shape"", ""expression"": {""type"": ""EachOf"", ""expressions"": [{""type"": ""TripleConstraint"", ""predicate"": ""http://www.wikidata.org/prop/statement/value/P2660"", ""valueExpr"": {""type"": ""NodeConstraint"", ""nodeKind"": ""iri""}, ""min"": 0, ""max"": -1}, {""type"": ""TripleConstraint"", ""predicate"": ""http://www.wikidata.org/prop/statement/value-normalized/P2660"", ""valueExpr"": {""type"": ""NodeConstraint"", ""nodeKind"": ""iri""}, ""min"": 0, ""max"": -1}, {""type"": ""TripleConstraint"", ""predicate"": ""http://www.wikidata.org/prop/statement/P2660"", ""valueExpr"": {""type"": ""NodeConstraint"", ""datatype"": ""http://www.w3.org/2001/XMLSchema#decimal""}, ""min"": 0, ""max"": -1}]}}"
80;4552;0;1;"{""type"": ""Shape"", ""expression"": {""type"": ""TripleConstraint"", ""predicate"": ""http://www.wikidata.org/prop/statement/P4552"", ""valueExpr"": {""type"": ""NodeConstraint"", ""nodeKind"": ""iri""}, ""min"": 0, ""max"": -1}}"
80;706;0;1;"{""type"": ""Shape"", ""expression"": {""type"": ""TripleConstraint"", ""predicate"": ""http://www.wikidata.org/prop/statement/P706"", ""valueExpr"": {""type"": ""NodeConstraint"", ""nodeKind"": ""iri""}, ""min"": 0, ""max"": -1}}"
80;361;0;1;"{""type"": ""Shape"", ""expression"": {""type"": ""TripleConstraint"", ""predicate"": ""http://www.wikidata.org/prop/statement/P361"", ""valueExpr"": {""type"": ""NodeConstraint"", ""nodeKind"": ""iri""}, ""min"": 0, ""max"": -1}}"
80;1566;0;1;"{""type"": ""Shape"", ""expression"": {""type"": ""EachOf"", ""expressions"": [{""type"": ""TripleConstraint"", ""predicate"": ""http://www.wikidata.org/prop/statement/value-normalized/P1566"", ""valueExpr"": {""type"": ""NodeConstraint"", ""nodeKind"": ""iri""}, ""min"": 0, ""max"": -1}, {""type"": ""TripleConstraint"", ""predicate"": ""http://www.wikidata.org/prop/statement/P1566"", ""valueExpr"": {""type"": ""NodeConstraint"", ""datatype"": ""http://www.w3.org/2001/XMLSchema#string""}, ""min"": 0, ""max"": -1}]}}"
80;2326;0;1;"{""type"": ""Shape"", ""expression"": {""type"": ""TripleConstraint"", ""predicate"": ""http://www.wikidata.org/prop/statement/P2326"", ""valueExpr"": {""type"": ""NodeConstraint"", ""datatype"": ""http://www.w3.org/2001/XMLSchema#string""}, ""min"": 0, ""max"": -1}}"
80;1886;0;1;"{""type"": ""Shape"", ""expression"": {""type"": ""TripleConstraint"", ""predicate"": ""http://www.wikidata.org/prop/statement/P1886"", ""valueExpr"": {""type"": ""NodeConstraint"", ""datatype"": ""http://www.w3.org/2001/XMLSchema#string""}, ""min"": 0, ""max"": -1}}"
80;4708;0;1;"{""type"": ""Shape"", ""expression"": {""type"": ""TripleConstraint"", ""predicate"": ""http://www.wikidata.org/prop/statement/P4708"", ""valueExpr"": {""type"": ""NodeConstraint"", ""datatype"": ""http://www.w3.org/2001/XMLSchema#string""}, ""min"": 0, ""max"": -1}}"
80;3109;0;1;"{""type"": ""Shape"", ""expression"": {""type"": ""TripleConstraint"", ""predicate"": ""http://www.wikidata.org/prop/statement/P3109"", ""valueExpr"": {""type"": ""NodeConstraint"", ""datatype"": ""http://www.w3.org/2001/XMLSchema#string""}, ""min"": 0, ""max"": -1}}"
80;4182;0;1;"{""type"": ""Shape"", ""expression"": {""type"": ""TripleConstraint"", ""predicate"": ""http://www.wikidata.org/prop/statement/P4182"", ""valueExpr"": {""type"": ""NodeConstraint"", ""datatype"": ""http://www.w3.org/2001/XMLSchema#string""}, ""min"": 0, ""max"": -1}}"
80;244;0;1;"{""type"": ""Shape"", ""expression"": {""type"": ""EachOf"", ""expressions"": [{""type"": ""TripleConstraint"", ""predicate"": ""http://www.wikidata.org/prop/statement/P244"", ""valueExpr"": {""type"": ""NodeConstraint"", ""datatype"": ""http://www.w3.org/2001/XMLSchema#string""}, ""min"": 0, ""max"": -1}, {""type"": ""TripleConstraint"", ""predicate"": ""http://www.wikidata.org/prop/statement/value-normalized/P244"", ""valueExpr"": {""type"": ""NodeConstraint"", ""nodeKind"": ""iri""}, ""min"": 0, ""max"": -1}]}}"
80;2581;0;1;"{""type"": ""Shape"", ""expression"": {""type"": ""EachOf"", ""expressions"": [{""type"": ""TripleConstraint"", ""predicate"": ""http://www.wikidata.org/prop/statement/value-normalized/P2581"", ""valueExpr"": {""type"": ""NodeConstraint"", ""nodeKind"": ""iri""}, ""min"": 0, ""max"": -1}, {""type"": ""TripleConstraint"", ""predicate"": ""http://www.wikidata.org/prop/statement/P2581"", ""valueExpr"": {""type"": ""NodeConstraint"", ""datatype"": ""http://www.w3.org/2001/XMLSchema#string""}, ""min"": 0, ""max"": -1}]}}"
80;214;0;1;"{""type"": ""Shape"", ""expression"": {""type"": ""EachOf"", ""expressions"": [{""type"": ""TripleConstraint"", ""predicate"": ""http://www.wikidata.org/prop/statement/P214"", ""valueExpr"": {""type"": ""NodeConstraint"", ""datatype"": ""http://www.w3.org/2001/XMLSchema#string""}, ""min"": 0, ""max"": -1}, {""type"": ""TripleConstraint"", ""predicate"": ""http://www.wikidata.org/prop/statement/value-normalized/P214"", ""valueExpr"": {""type"": ""NodeConstraint"", ""nodeKind"": ""iri""}, ""min"": 0, ""max"": -1}]}}"
80;814;0;1;"{""type"": ""Shape"", ""expression"": {""type"": ""TripleConstraint"", ""predicate"": ""http://www.wikidata.org/prop/statement/P814"", ""valueExpr"": {""type"": ""NodeConstraint"", ""nodeKind"": ""iri""}, ""min"": 0, ""max"": -1}}"
80;590;0;1;"{""type"": ""Shape"", ""expression"": {""type"": ""TripleConstraint"", ""predicate"": ""http://www.wikidata.org/prop/statement/P590"", ""valueExpr"": {""type"": ""NodeConstraint"", ""datatype"": ""http://www.w3.org/2001/XMLSchema#string""}, ""min"": 0, ""max"": -1}}"
80;646;0;1;"{""type"": ""Shape"", ""expression"": {""type"": ""EachOf"", ""expressions"": [{""type"": ""TripleConstraint"", ""predicate"": ""http://www.wikidata.org/prop/statement/value-normalized/P646"", ""valueExpr"": {""type"": ""NodeConstraint"", ""nodeKind"": ""iri""}, ""min"": 0, ""max"": -1}, {""type"": ""TripleConstraint"", ""predicate"": ""http://www.wikidata.org/prop/statement/P646"", ""valueExpr"": {""type"": ""NodeConstraint"", ""datatype"": ""http://www.w3.org/2001/XMLSchema#string""}, ""min"": 0, ""max"": -1}]}}"
81;571;0;1;"{""type"": ""NodeConstraint"", ""datatype"": ""http://www.w3.org/2001/XMLSchema#dateTime""}"
81;625;1;1;
81;2929;0;;"{""type"": ""NodeConstraint"", ""datatype"": ""http://www.w3.org/2001/XMLSchema#decimal""}"
81;3562;0;;"{""type"": ""NodeConstraint"", ""datatype"": ""http://www.w3.org/2001/XMLSchema#string""}"
81;1030;0;;"{""type"": ""NodeConstraint"", ""datatype"": ""http://www.w3.org/2001/XMLSchema#string""}"
81;2923;0;;"{""type"": ""NodeConstraint"", ""datatype"": ""http://www.w3.org/2001/XMLSchema#decimal""}"
81;1448;0;;"{""type"": ""NodeConstraint"", ""datatype"": ""http://www.w3.org/1999/02/22-rdf-syntax-ns#langString""}"
81;2048;0;;"{""type"": ""NodeConstraint"", ""datatype"": ""http://www.w3.org/2001/XMLSchema#decimal""}"
81;462;0;;"{""type"": ""Shape"", ""expression"": {""type"": ""EachOf"", ""expressions"": [{""type"": ""TripleConstraint"", ""predicate"": ""http://www.wikidata.org/prop/statement/P462"", ""min"": 0, ""max"": -1}, {""type"": ""TripleConstraint"", ""predicate"": ""http://www.wikidata.org/prop/qualifier/P518"", ""min"": 0, ""max"": -1}]}}"
81;186;0;;"{""type"": ""Shape"", ""expression"": {""type"": ""EachOf"", ""expressions"": [{""type"": ""TripleConstraint"", ""predicate"": ""http://www.wikidata.org/prop/statement/P186"", ""min"": 0, ""max"": -1}, {""type"": ""TripleConstraint"", ""predicate"": ""http://www.wikidata.org/prop/qualifier/P518"", ""min"": 0, ""max"": -1}]}}"
81;1419;0;;"{""type"": ""Shape"", ""expression"": {""type"": ""EachOf"", ""expressions"": [{""type"": ""TripleConstraint"", ""predicate"": ""http://www.wikidata.org/prop/statement/P1419"", ""min"": 0, ""max"": -1}, {""type"": ""TripleConstraint"", ""predicate"": ""http://www.wikidata.org/prop/qualifier/P518"", ""min"": 0, ""max"": -1}]}}"
81;373;1;;
81;730;0;;"{""type"": ""NodeConstraint"", ""datatype"": ""http://www.w3.org/2001/XMLSchema#dateTime""}"
81;793;0;;"{""type"": ""Shape"", ""expression"": {""type"": ""EachOf"", ""expressions"": [{""type"": ""TripleConstraint"", ""predicate"": ""http://www.wikidata.org/prop/statement/P793"", ""min"": 0, ""max"": -1}, {""type"": ""TripleConstraint"", ""predicate"": ""http://www.wikidata.org/prop/qualifier/P585"", ""valueExpr"": {""type"": ""NodeConstraint"", ""datatype"": ""http://www.w3.org/2001/XMLSchema#dateTime""}, ""min"": 0, ""max"": -1}]}}"
81;729;0;;"{""type"": ""NodeConstraint"", ""datatype"": ""http://www.w3.org/2001/XMLSchema#dateTime""}"
81;618;0;;"{""type"": ""Shape"", ""expression"": {""type"": ""EachOf"", ""expressions"": [{""type"": ""TripleConstraint"", ""predicate"": ""http://www.wikidata.org/prop/statement/P618""}, {""type"": ""TripleConstraint"", ""predicate"": ""http://www.wikidata.org/prop/qualifier/P580"", ""valueExpr"": {""type"": ""NodeConstraint"", ""datatype"": ""http://www.w3.org/2001/XMLSchema#dateTime""}, ""min"": 0, ""max"": -1}, {""type"": ""TripleConstraint"", ""predicate"": ""http://www.wikidata.org/prop/qualifier/P582"", ""valueExpr"": {""type"": ""NodeConstraint"", ""datatype"": ""http://www.w3.org/2001/XMLSchema#dateTime""}, ""min"": 0, ""max"": -1}]}}"
81;576;0;;"{""type"": ""NodeConstraint"", ""datatype"": ""http://www.w3.org/2001/XMLSchema#dateTime""}"
81;3563;0;;"{""type"": ""NodeConstraint"", ""datatype"": ""http://www.w3.org/2001/XMLSchema#string""}"
81;3223;0;;"{""type"": ""NodeConstraint"", ""datatype"": ""http://www.w3.org/2001/XMLSchema#string""}"
81;3601;0;;"{""type"": ""NodeConstraint"", ""datatype"": ""http://www.w3.org/2001/XMLSchema#string""}"
81;1435;0;;"{""type"": ""Shape"", ""expression"": {""type"": ""EachOf"", ""expressions"": [{""type"": ""TripleConstraint"", ""predicate"": ""http://www.wikidata.org/prop/statement/P1435""}, {""type"": ""TripleConstraint"", ""predicate"": ""http://www.wikidata.org/prop/qualifier/P580"", ""valueExpr"": {""type"": ""NodeConstraint"", ""datatype"": ""http://www.w3.org/2001/XMLSchema#dateTime""}, ""min"": 0, ""max"": -1}]}}"
81;2980;0;;"{""type"": ""NodeConstraint"", ""datatype"": ""http://www.w3.org/2001/XMLSchema#string""}"
81;2526;0;;"{""type"": ""NodeConstraint"", ""datatype"": ""http://www.w3.org/2001/XMLSchema#string""}"
81;3211;0;;"{""type"": ""NodeConstraint"", ""datatype"": ""http://www.w3.org/2001/XMLSchema#string""}"
81;2581;0;;"{""type"": ""NodeConstraint"", ""datatype"": ""http://www.w3.org/2001/XMLSchema#string""}"
81;3197;0;;"{""type"": ""NodeConstraint"", ""datatype"": ""http://www.w3.org/2001/XMLSchema#string""}"
81;3920;0;;"{""type"": ""NodeConstraint"", ""datatype"": ""http://www.w3.org/2001/XMLSchema#string""}"
81;477;0;;"{""type"": ""Shape"", ""expression"": {""type"": ""EachOf"", ""expressions"": [{""type"": ""TripleConstraint"", ""predicate"": ""http://www.wikidata.org/prop/statement/P477"", ""valueExpr"": {""type"": ""NodeConstraint"", ""datatype"": ""http://www.w3.org/2001/XMLSchema#string""}, ""min"": 0, ""max"": -1}, {""type"": ""TripleConstraint"", ""predicate"": ""http://www.wikidata.org/prop/qualifier/P518"", ""min"": 0, ""max"": -1}]}}"
82;279;0;1;"{""type"": ""Shape"", ""expression"": {""type"": ""TripleConstraint"", ""predicate"": ""http://www.wikidata.org/prop/statement/P279"", ""valueExpr"": {""type"": ""NodeConstraint"", ""nodeKind"": ""iri""}}}"
83;279;0;1;"{""type"": ""Shape"", ""expression"": {""type"": ""TripleConstraint"", ""predicate"": ""http://www.wikidata.org/prop/statement/P279"", ""valueExpr"": {""type"": ""NodeConstraint"", ""nodeKind"": ""iri""}}}"
84;31;1;1;"{""type"": ""NodeConstraint"", ""values"": [""http://www.wikidata.org/entity/Q16510064""]}"
84;527;1;;
84;710;1;;"{""type"": ""ShapeAnd"", ""shapeExprs"": [{""type"": ""Shape"", ""closed"": true, ""expression"": {""type"": ""EachOf"", ""expressions"": [{""type"": ""TripleConstraint"", ""predicate"": ""http://www.wikidata.org/prop/statement/P710""}, {""type"": ""TripleConstraint"", ""predicate"": ""http://www.wikidata.org/prop/qualifier/P1351"", ""min"": 0, ""max"": 1}, {""type"": ""TripleConstraint"", ""predicate"": ""http://www.wikidata.org/prop/qualifier/value/P1351"", ""min"": 0, ""max"": 1}, {""type"": ""TripleConstraint"", ""predicate"": ""http://www.wikidata.org/prop/qualifier/P1352"", ""min"": 0, ""max"": 1}, {""type"": ""TripleConstraint"", ""predicate"": ""http://www.wikidata.org/prop/qualifier/value/P1352"", ""min"": 0, ""max"": 1}, {""type"": ""TripleConstraint"", ""predicate"": ""http://www.wikidata.org/prop/qualifier/P1358"", ""min"": 0, ""max"": 1}, {""type"": ""TripleConstraint"", ""predicate"": ""http://www.wikidata.org/prop/qualifier/value/P1358"", ""min"": 0, ""max"": 1}, {""type"": ""TripleConstraint"", ""predicate"": ""http://www.wikidata.org/prop/qualifier/P1532"", ""min"": 0, ""max"": 1}, {""type"": ""TripleConstraint"", ""predicate"": ""http://www.wikidata.org/prop/qualifier/P1706"", ""min"": 0, ""max"": 1}, {""type"": ""TripleConstraint"", ""predicate"": ""http://www.wikidata.org/prop/qualifier/P2443"", ""valueExpr"": {""type"": ""NodeConstraint"", ""values"": [""http://www.wikidata.org/entity/Q2031615""]}, ""min"": 0, ""max"": 1}, {""type"": ""TripleConstraint"", ""predicate"": ""http://www.wikidata.org/prop/direct/P31"", ""valueExpr"": {""type"": ""NodeConstraint"", ""values"": [""http://www.wikidata.org/entity/Q688615""]}, ""min"": 0, ""max"": 1}, {""type"": ""TripleConstraint"", ""predicate"": ""http://wikiba.se/ontology#rank""}, {""type"": ""TripleConstraint"", ""predicate"": ""http://www.w3.org/1999/02/22-rdf-syntax-ns#type"", ""min"": 0, ""max"": -1}, {""type"": ""TripleConstraint"", ""predicate"": ""http://www.w3.org/ns/prov#wasDerivedFrom"", ""min"": 0, ""max"": -1}]}}, {""type"": ""ShapeOr"", ""shapeExprs"": [""ParticipantAbandon"", ""ParticipantNonAbandon""]}]}"
85;664;0;;"{""type"": ""Shape"", ""expression"": {""type"": ""EachOf"", ""expressions"": [{""type"": ""TripleConstraint"", ""predicate"": ""http://www.wikidata.org/prop/statement/P664"", ""valueExpr"": {""type"": ""NodeConstraint"", ""values"": [{""type"": ""IriStem"", ""stem"": ""http://www.wikidata.org/entity/""}]}, ""min"": 0, ""max"": -1}, {""type"": ""TripleConstraint"", ""predicate"": ""http://www.w3.org/ns/prov#wasDerivedFrom"", ""valueExpr"": {""type"": ""Shape""}, ""min"": 1, ""max"": -1}]}}"
85;582;1;1;"{""type"": ""Shape"", ""expression"": {""type"": ""EachOf"", ""expressions"": [{""type"": ""TripleConstraint"", ""predicate"": ""http://www.wikidata.org/prop/statement/P582"", ""valueExpr"": {""type"": ""NodeConstraint"", ""datatype"": ""http://www.w3.org/2001/XMLSchema#dateTime""}}, {""type"": ""TripleConstraint"", ""predicate"": ""http://www.w3.org/ns/prov#wasDerivedFrom"", ""valueExpr"": {""type"": ""Shape""}, ""min"": 1, ""max"": -1}]}}"
85;856;0;1;"{""type"": ""Shape"", ""expression"": {""type"": ""EachOf"", ""expressions"": [{""type"": ""TripleConstraint"", ""predicate"": ""http://www.wikidata.org/prop/statement/P856"", ""valueExpr"": {""type"": ""NodeConstraint"", ""nodeKind"": ""iri""}}, {""type"": ""TripleConstraint"", ""predicate"": ""http://www.w3.org/ns/prov#wasDerivedFrom"", ""valueExpr"": {""type"": ""Shape""}, ""min"": 1, ""max"": -1}]}}"
85;580;1;1;"{""type"": ""Shape"", ""expression"": {""type"": ""EachOf"", ""expressions"": [{""type"": ""TripleConstraint"", ""predicate"": ""http://www.wikidata.org/prop/statement/P580"", ""valueExpr"": {""type"": ""NodeConstraint"", ""datatype"": ""http://www.w3.org/2001/XMLSchema#dateTime""}, ""min"": 0, ""max"": -1}, {""type"": ""TripleConstraint"", ""predicate"": ""http://www.w3.org/ns/prov#wasDerivedFrom"", ""valueExpr"": {""type"": ""Shape""}, ""min"": 1, ""max"": -1}]}}"
85;276;1;1;"{""type"": ""Shape"", ""expression"": {""type"": ""EachOf"", ""expressions"": [{""type"": ""TripleConstraint"", ""predicate"": ""http://www.wikidata.org/prop/statement/P276"", ""valueExpr"": {""type"": ""NodeConstraint"", ""values"": [{""type"": ""IriStem"", ""stem"": ""http://www.wikidata.org/entity/""}]}}, {""type"": ""TripleConstraint"", ""predicate"": ""http://www.w3.org/ns/prov#wasDerivedFrom"", ""valueExpr"": {""type"": ""Shape""}, ""min"": 1, ""max"": -1}]}}"
85;17;1;1;"{""type"": ""Shape"", ""expression"": {""type"": ""TripleConstraint"", ""predicate"": ""http://www.wikidata.org/prop/statement/P17"", ""valueExpr"": {""type"": ""NodeConstraint"", ""nodeKind"": ""iri""}, ""min"": 0, ""max"": -1}}"
85;1813;0;1;"{""type"": ""Shape"", ""expression"": {""type"": ""EachOf"", ""expressions"": [{""type"": ""TripleConstraint"", ""predicate"": ""http://www.wikidata.org/prop/statement/P1813"", ""valueExpr"": {""type"": ""NodeConstraint"", ""datatype"": ""http://www.w3.org/1999/02/22-rdf-syntax-ns#langString""}, ""min"": 0, ""max"": -1}, {""type"": ""TripleConstraint"", ""predicate"": ""http://www.w3.org/ns/prov#wasDerivedFrom"", ""valueExpr"": {""type"": ""Shape""}, ""min"": 1, ""max"": -1}]}}"
85;179;0;1;"{""type"": ""Shape"", ""expression"": {""type"": ""EachOf"", ""expressions"": [{""type"": ""TripleConstraint"", ""predicate"": ""http://www.wikidata.org/prop/statement/P179"", ""valueExpr"": {""type"": ""NodeConstraint"", ""values"": [{""type"": ""IriStem"", ""stem"": ""http://www.wikidata.org/entity/""}]}}, {""type"": ""TripleConstraint"", ""predicate"": ""http://www.w3.org/ns/prov#wasDerivedFrom"", ""valueExpr"": {""type"": ""Shape""}, ""min"": 1, ""max"": -1}]}}"
85;823;0;;"{""type"": ""Shape"", ""expression"": {""type"": ""EachOf"", ""expressions"": [{""type"": ""TripleConstraint"", ""predicate"": ""http://www.wikidata.org/prop/statement/P823"", ""valueExpr"": {""type"": ""NodeConstraint"", ""values"": [{""type"": ""IriStem"", ""stem"": ""http://www.wikidata.org/entity/""}]}}, {""type"": ""TripleConstraint"", ""predicate"": ""http://www.w3.org/ns/prov#wasDerivedFrom"", ""valueExpr"": {""type"": ""Shape""}, ""min"": 1, ""max"": -1}]}}"
85;2572;0;1;"{""type"": ""Shape"", ""expression"": {""type"": ""TripleConstraint"", ""predicate"": ""http://www.wikidata.org/prop/statement/P2572"", ""valueExpr"": {""type"": ""NodeConstraint"", ""datatype"": ""http://www.w3.org/2001/XMLSchema#string""}}}"
85;921;0;;"{""type"": ""Shape"", ""expression"": {""type"": ""EachOf"", ""expressions"": [{""type"": ""TripleConstraint"", ""predicate"": ""http://www.wikidata.org/prop/statement/P921"", ""valueExpr"": {""type"": ""NodeConstraint"", ""values"": [{""type"": ""IriStem"", ""stem"": ""http://www.wikidata.org/entity/""}]}}, {""type"": ""TripleConstraint"", ""predicate"": ""http://www.w3.org/ns/prov#wasDerivedFrom"", ""valueExpr"": {""type"": ""Shape""}, ""min"": 1, ""max"": -1}]}}"
85;156;0;1;"{""type"": ""Shape"", ""expression"": {""type"": ""EachOf"", ""expressions"": [{""type"": ""TripleConstraint"", ""predicate"": ""http://www.wikidata.org/prop/statement/P156"", ""valueExpr"": {""type"": ""NodeConstraint"", ""values"": [{""type"": ""IriStem"", ""stem"": ""http://www.wikidata.org/entity/""}]}}, {""type"": ""TripleConstraint"", ""predicate"": ""http://www.w3.org/ns/prov#wasDerivedFrom"", ""valueExpr"": {""type"": ""Shape""}, ""min"": 1, ""max"": -1}]}}"
85;155;0;1;"{""type"": ""Shape"", ""expression"": {""type"": ""EachOf"", ""expressions"": [{""type"": ""TripleConstraint"", ""predicate"": ""http://www.wikidata.org/prop/statement/P155"", ""valueExpr"": {""type"": ""NodeConstraint"", ""values"": [{""type"": ""IriStem"", ""stem"": ""http://www.wikidata.org/entity/""}]}}, {""type"": ""TripleConstraint"", ""predicate"": ""http://www.w3.org/ns/prov#wasDerivedFrom"", ""valueExpr"": {""type"": ""Shape""}, ""min"": 1, ""max"": -1}]}}"
85;859;0;;"{""type"": ""Shape"", ""expression"": {""type"": ""EachOf"", ""expressions"": [{""type"": ""TripleConstraint"", ""predicate"": ""http://www.wikidata.org/prop/statement/P859"", ""valueExpr"": {""type"": ""NodeConstraint"", ""values"": [{""type"": ""IriStem"", ""stem"": ""http://www.wikidata.org/entity/""}]}}, {""type"": ""TripleConstraint"", ""predicate"": ""http://www.w3.org/ns/prov#wasDerivedFrom"", ""valueExpr"": {""type"": ""Shape""}, ""min"": 1, ""max"": -1}]}}"
85;2936;0;1;"{""type"": ""Shape"", ""expression"": {""type"": ""EachOf"", ""expressions"": [{""type"": ""TripleConstraint"", ""predicate"": ""http://www.wikidata.org/prop/statement/P2936"", ""valueExpr"": {""type"": ""NodeConstraint"", ""values"": [{""type"": ""IriStem"", ""stem"": ""http://www.wikidata.org/entity/""}]}}, {""type"": ""TripleConstraint"", ""predicate"": ""http://www.w3.org/ns/prov#wasDerivedFrom"", ""valueExpr"": {""type"": ""Shape""}, ""min"": 1, ""max"": -1}]}}"
85;5804;0;1;"{""type"": ""Shape"", ""expression"": {""type"": ""EachOf"", ""expressions"": [{""type"": ""TripleConstraint"", ""predicate"": ""http://www.wikidata.org/prop/statement/P5804"", ""valueExpr"": {""type"": ""NodeConstraint"", ""values"": [{""type"": ""IriStem"", ""stem"": ""http://www.wikidata.org/entity/""}]}}, {""type"": ""TripleConstraint"", ""predicate"": ""http://www.w3.org/ns/prov#wasDerivedFrom"", ""valueExpr"": {""type"": ""Shape""}, ""min"": 1, ""max"": -1}]}}"
85;710;0;;"{""type"": ""Shape"", ""expression"": {""type"": ""EachOf"", ""expressions"": [{""type"": ""TripleConstraint"", ""predicate"": ""http://www.wikidata.org/prop/statement/P710"", ""valueExpr"": {""type"": ""NodeConstraint"", ""values"": [{""type"": ""IriStem"", ""stem"": ""http://www.wikidata.org/entity/""}]}}, {""type"": ""TripleConstraint"", ""predicate"": ""http://www.w3.org/ns/prov#wasDerivedFrom"", ""valueExpr"": {""type"": ""Shape""}, ""min"": 1, ""max"": -1}]}}"
85;1132;0;1;"{""type"": ""Shape"", ""expression"": {""type"": ""EachOf"", ""expressions"": [{""type"": ""TripleConstraint"", ""predicate"": ""http://www.wikidata.org/prop/statement/P1132"", ""valueExpr"": {""type"": ""NodeConstraint"", ""datatype"": ""http://www.w3.org/2001/XMLSchema#decimal""}, ""min"": 0, ""max"": -1}, {""type"": ""TripleConstraint"", ""predicate"": ""http://www.w3.org/ns/prov#wasDerivedFrom"", ""valueExpr"": {""type"": ""Shape""}, ""min"": 1, ""max"": -1}]}}"
85;1451;0;1;"{""type"": ""Shape"", ""expression"": {""type"": ""EachOf"", ""expressions"": [{""type"": ""TripleConstraint"", ""predicate"": ""http://www.wikidata.org/prop/statement/P1451"", ""valueExpr"": {""type"": ""NodeConstraint"", ""datatype"": ""http://www.w3.org/1999/02/22-rdf-syntax-ns#langString""}, ""min"": 0, ""max"": -1}, {""type"": ""TripleConstraint"", ""predicate"": ""http://www.w3.org/ns/prov#wasDerivedFrom"", ""valueExpr"": {""type"": ""Shape""}, ""min"": 1, ""max"": -1}]}}"
85;393;0;1;"{""type"": ""Shape"", ""expression"": {""type"": ""EachOf"", ""expressions"": [{""type"": ""TripleConstraint"", ""predicate"": ""http://www.wikidata.org/prop/statement/P393"", ""valueExpr"": {""type"": ""NodeConstraint"", ""datatype"": ""http://www.w3.org/2001/XMLSchema#string""}}, {""type"": ""TripleConstraint"", ""predicate"": ""http://www.w3.org/ns/prov#wasDerivedFrom"", ""valueExpr"": {""type"": ""Shape""}, ""min"": 1, ""max"": -1}]}}"
85;1476;0;1;"{""type"": ""Shape"", ""expression"": {""type"": ""EachOf"", ""expressions"": [{""type"": ""TripleConstraint"", ""predicate"": ""http://www.wikidata.org/prop/statement/P1476"", ""valueExpr"": {""type"": ""NodeConstraint"", ""datatype"": ""http://www.w3.org/1999/02/22-rdf-syntax-ns#langString""}}, {""type"": ""TripleConstraint"", ""predicate"": ""http://www.w3.org/ns/prov#wasDerivedFrom"", ""valueExpr"": {""type"": ""Shape""}, ""min"": 1, ""max"": -1}]}}"
85;488;0;;"{""type"": ""Shape"", ""expression"": {""type"": ""EachOf"", ""expressions"": [{""type"": ""TripleConstraint"", ""predicate"": ""http://www.wikidata.org/prop/statement/P488"", ""valueExpr"": {""type"": ""NodeConstraint"", ""values"": [{""type"": ""IriStem"", ""stem"": ""http://www.wikidata.org/entity/""}]}}, {""type"": ""TripleConstraint"", ""predicate"": ""http://www.w3.org/ns/prov#wasDerivedFrom"", ""valueExpr"": {""type"": ""Shape""}, ""min"": 1, ""max"": -1}]}}"
88;-1;1;;"{""type"": ""NodeConstraint"", ""datatype"": ""http://www.w3.org/1999/02/22-rdf-syntax-ns#langString""}"
88;17;1;1;
88;910;1;1;
88;373;1;1;
89;-1;1;;"{""type"": ""NodeConstraint"", ""datatype"": ""http://www.w3.org/1999/02/22-rdf-syntax-ns#langString""}"
89;17;1;1;
89;1705;1;1;
89;131;1;1;
89;361;1;;
89;18;0;1;
89;856;0;1;
91;856;0;;"{""type"": ""Shape"", ""expression"": {""type"": ""TripleConstraint"", ""predicate"": ""http://www.wikidata.org/prop/statement/P856"", ""valueExpr"": {""type"": ""NodeConstraint"", ""nodeKind"": ""iri""}}}"
91;275;0;;"{""type"": ""Shape"", ""expression"": {""type"": ""TripleConstraint"", ""predicate"": ""http://www.wikidata.org/prop/statement/P275"", ""valueExpr"": {""type"": ""NodeConstraint"", ""nodeKind"": ""iri""}}}"
91;306;0;;"{""type"": ""Shape"", ""expression"": {""type"": ""TripleConstraint"", ""predicate"": ""http://www.wikidata.org/prop/statement/P306"", ""valueExpr"": {""type"": ""NodeConstraint"", ""nodeKind"": ""iri""}}}"
91;348;0;;"{""type"": ""Shape"", ""expression"": {""type"": ""TripleConstraint"", ""predicate"": ""http://www.wikidata.org/prop/statement/P348"", ""valueExpr"": {""type"": ""NodeConstraint"", ""datatype"": ""http://www.w3.org/2001/XMLSchema#string""}}}"
91;178;0;;"{""type"": ""Shape"", ""expression"": {""type"": ""TripleConstraint"", ""predicate"": ""http://www.wikidata.org/prop/statement/P178"", ""valueExpr"": {""type"": ""NodeConstraint"", ""nodeKind"": ""iri""}}}"
91;4043;0;;"{""type"": ""Shape"", ""expression"": {""type"": ""TripleConstraint"", ""predicate"": ""http://www.wikidata.org/prop/statement/P4043"", ""valueExpr"": {""type"": ""NodeConstraint"", ""nodeKind"": ""iri""}}}"
92;31;1;1;"{""type"": ""NodeConstraint"", ""values"": [""http://www.wikidata.org/entity/Q69908907""]}"
92;17;1;1;"{""type"": ""NodeConstraint"", ""values"": [""http://www.wikidata.org/entity/Q170072""]}"
92;131;1;1;"{""type"": ""NodeConstraint"", ""values"": [""http://www.wikidata.org/entity/690""]}"
92;571;1;1;
92;576;1;1;
92;112;1;1;
92;1056;1;1;"{""type"": ""NodeConstraint"", ""values"": [""http://www.wikidata.org/entity/Q2086138""]}"
92;154;1;1;
92;625;1;1;
92;373;1;1;
92;6379;1;1;
94;17;1;1;
94;131;1;1;
94;856;1;1;
94;749;1;1;
94;921;1;1;
94;1436;1;1;
95;17;1;1;
97;31;1;;"{""type"": ""NodeConstraint"", ""nodeKind"": ""iri""}"
